beta_true,eta_true,sample_size,sim_id,est_beta,est_eta,est_gamma,bias_beta,bias_eta,bias_gamma,r_squared
2.0,1000,4,1,0.000000,0.000000,0.000000,-2.000000,-1000.000000,-1000.000000,0.000000
2.0,1000,4,2,10.245019,2276.288235,0.000247,8.245019,1276.288235,-999.999753,0.801128
2.0,1000,4,3,8.149313,2076.790845,0.000000,6.149313,1076.790845,-1000.000000,0.567686
2.0,1000,4,4,0.000000,0.000000,0.000000,-2.000000,-1000.000000,-1000.000000,0.000000
2.0,1000,4,5,9.612612,1982.884415,0.000167,7.612612,982.884415,-999.999833,0.761075
2.0,1000,4,6,5.769244,1704.750796,0.000381,3.769244,704.750796,-999.999619,0.676490
2.0,1000,4,7,4.926060,1979.907104,0.000000,2.926060,979.907104,-1000.000000,0.341476
2.0,1000,4,8,11.987442,1957.945429,0.000216,9.987442,957.945429,-999.999784,0.841804
2.0,1000,4,9,0.000000,0.000000,0.000000,-2.000000,-1000.000000,-1000.000000,0.000000
2.0,1000,4,10,0.000000,0.000000,0.000000,-2.000000,-1000.000000,-1000.000000,0.000000
2.0,1000,4,11,5.824933,1951.500643,0.000187,3.824933,951.500643,-999.999813,0.833459
2.0,1000,4,12,0.000000,0.000000,0.000000,-2.000000,-1000.000000,-1000.000000,0.000000
2.0,1000,4,13,0.000000,0.000000,0.000000,-2.000000,-1000.000000,-1000.000000,0.000000
2.0,1000,4,14,0.000000,0.000000,0.000000,-2.000000,-1000.000000,-1000.000000,0.000000
2.0,1000,4,15,17.650609,1839.893843,0.000122,15.650609,839.893843,-999.999878,0.775007
2.0,1000,4,16,0.000000,0.000000,0.000000,-2.000000,-1000.000000,-1000.000000,0.000000
2.0,1000,4,17,0.000000,0.000000,0.000000,-2.000000,-1000.000000,-1000.000000,0.000000
2.0,1000,4,18,4.933317,2710.307032,0.000000,2.933317,1710.307032,-1000.000000,0.103418
2.0,1000,4,19,0.000000,0.000000,0.000000,-2.000000,-1000.000000,-1000.000000,0.000000
2.0,1000,4,20,0.000000,0.000000,0.000000,-2.000000,-1000.000000,-1000.000000,0.000000
2.0,1000,4,21,0.000000,0.000000,0.000000,-2.000000,-1000.000000,-1000.000000,0.000000
2.0,1000,4,22,13.670786,2067.088063,0.000037,11.670786,1067.088063,-999.999963,0.799208
2.0,1000,4,23,0.000000,0.000000,0.000000,-2.000000,-1000.000000,-1000.000000,0.000000
2.0,1000,4,24,12.902977,1631.175386,0.000000,10.902977,631.175386,-1000.000000,-0.546846
2.0,1000,4,25,11.234673,1705.713046,0.000079,9.234673,705.713046,-999.999921,0.646175
2.0,1000,4,26,0.000000,0.000000,0.000000,-2.000000,-1000.000000,-1000.000000,0.000000
2.0,1000,4,27,0.000000,0.000000,0.000000,-2.000000,-1000.000000,-1000.000000,0.000000
2.0,1000,4,28,0.000000,0.000000,0.000000,-2.000000,-1000.000000,-1000.000000,0.000000
2.0,1000,4,29,0.000000,0.000000,0.000000,-2.000000,-1000.000000,-1000.000000,0.000000
2.0,1000,4,30,0.000000,0.000000,0.000000,-2.000000,-1000.000000,-1000.000000,0.000000
2.0,1000,4,31,8.094561,1840.338219,0.000080,6.094561,840.338219,-999.999920,0.684656
2.0,1000,4,32,0.000000,0.000000,0.000000,-2.000000,-1000.000000,-1000.000000,0.000000
2.0,1000,4,33,0.000000,0.000000,0.000000,-2.000000,-1000.000000,-1000.000000,0.000000
2.0,1000,4,34,0.000000,0.000000,0.000000,-2.000000,-1000.000000,-1000.000000,0.000000
2.0,1000,4,35,1.997877,1262.225079,960.509668,-0.002123,262.225079,-39.490332,0.584998
2.0,1000,4,36,10.590072,2775.876563,0.000000,8.590072,1775.876563,-1000.000000,0.393824
2.0,1000,4,37,0.000000,0.000000,0.000000,-2.000000,-1000.000000,-1000.000000,0.000000
2.0,1000,4,38,0.000000,0.000000,0.000000,-2.000000,-1000.000000,-1000.000000,0.000000
2.0,1000,4,39,0.000000,0.000000,0.000000,-2.000000,-1000.000000,-1000.000000,0.000000
2.0,1000,4,40,0.000000,0.000000,0.000000,-2.000000,-1000.000000,-1000.000000,0.000000
2.0,1000,4,41,7.890750,1792.335791,0.000260,5.890750,792.335791,-999.999740,0.656771
2.0,1000,4,42,0.000000,0.000000,0.000000,-2.000000,-1000.000000,-1000.000000,0.000000
2.0,1000,4,43,0.000000,0.000000,0.000000,-2.000000,-1000.000000,-1000.000000,0.000000
2.0,1000,4,44,0.000000,0.000000,0.000000,-2.000000,-1000.000000,-1000.000000,0.000000
2.0,1000,4,45,6.163447,2123.409264,0.000287,4.163447,1123.409264,-999.999713,0.654995
2.0,1000,4,46,27.212178,1901.420831,0.000069,25.212178,901.420831,-999.999931,0.807267
2.0,1000,4,47,0.000000,0.000000,0.000000,-2.000000,-1000.000000,-1000.000000,0.000000
2.0,1000,4,48,6.568887,2039.967387,0.000055,4.568887,1039.967387,-999.999945,0.832224
2.0,1000,4,49,7.043555,2209.248316,0.000000,5.043555,1209.248316,-1000.000000,0.644040
2.0,1000,4,50,8.907320,2155.602027,0.000367,6.907320,1155.602027,-999.999633,0.817814
2.0,1000,4,51,19.363719,1372.490795,0.000074,17.363719,372.490795,-999.999926,0.902613
2.0,1000,4,52,7.274588,1965.523022,0.000000,5.274588,965.523022,-1000.000000,-0.119911
2.0,1000,4,53,15.442752,1879.649950,0.000377,13.442752,879.649950,-999.999623,0.771274
2.0,1000,4,54,31.805271,2434.581850,0.000378,29.805271,1434.581850,-999.999622,0.056391
2.0,1000,4,55,0.000000,0.000000,0.000000,-2.000000,-1000.000000,-1000.000000,0.000000
2.0,1000,4,56,0.000000,0.000000,0.000000,-2.000000,-1000.000000,-1000.000000,0.000000
2.0,1000,4,57,8.947173,2316.381318,0.000297,6.947173,1316.381318,-999.999703,0.697951
2.0,1000,4,58,8.601443,1837.896038,0.000165,6.601443,837.896038,-999.999835,0.692743
2.0,1000,4,59,12.239496,1677.433911,0.000091,10.239496,677.433911,-999.999909,0.605963
2.0,1000,4,60,0.000000,0.000000,0.000000,-2.000000,-1000.000000,-1000.000000,0.000000
2.0,1000,4,61,4.616262,2448.264196,0.000000,2.616262,1448.264196,-1000.000000,0.618149
2.0,1000,4,62,14.273394,1500.618312,0.000072,12.273394,500.618312,-999.999928,0.865567
2.0,1000,4,63,0.000000,0.000000,0.000000,-2.000000,-1000.000000,-1000.000000,0.000000
2.0,1000,4,64,0.000000,0.000000,0.000000,-2.000000,-1000.000000,-1000.000000,0.000000
2.0,1000,4,65,0.000000,0.000000,0.000000,-2.000000,-1000.000000,-1000.000000,0.000000
2.0,1000,4,66,0.000000,0.000000,0.000000,-2.000000,-1000.000000,-1000.000000,0.000000
2.0,1000,4,67,0.000000,0.000000,0.000000,-2.000000,-1000.000000,-1000.000000,0.000000
2.0,1000,4,68,11.057096,1991.604855,0.000021,9.057096,991.604855,-999.999979,0.887412
2.0,1000,4,69,4.800289,1930.206049,0.000000,2.800289,930.206049,-1000.000000,0.699714
2.0,1000,4,70,3.933248,2207.466808,0.000000,1.933248,1207.466808,-1000.000000,0.556280
2.0,1000,4,71,0.000000,0.000000,0.000000,-2.000000,-1000.000000,-1000.000000,0.000000
2.0,1000,4,72,0.000000,0.000000,0.000000,-2.000000,-1000.000000,-1000.000000,0.000000
2.0,1000,4,73,0.000000,0.000000,0.000000,-2.000000,-1000.000000,-1000.000000,0.000000
2.0,1000,4,74,0.000000,0.000000,0.000000,-2.000000,-1000.000000,-1000.000000,0.000000
2.0,1000,4,75,17.950139,2885.684443,0.000455,15.950139,1885.684443,-999.999545,0.679668
2.0,1000,4,76,8.047472,1977.714575,0.000000,6.047472,977.714575,-1000.000000,0.402388
2.0,1000,4,77,11.425298,2422.141194,0.000141,9.425298,1422.141194,-999.999859,0.537373
2.0,1000,4,78,0.000000,0.000000,0.000000,-2.000000,-1000.000000,-1000.000000,0.000000
2.0,1000,4,79,2.372714,1114.931517,874.523862,0.372714,114.931517,-125.476138,0.646159
2.0,1000,4,80,0.000000,0.000000,0.000000,-2.000000,-1000.000000,-1000.000000,0.000000
2.0,1000,4,81,7.824075,2166.927040,0.000000,5.824075,1166.927040,-1000.000000,0.338040
2.0,1000,4,82,0.000000,0.000000,0.000000,-2.000000,-1000.000000,-1000.000000,0.000000
2.0,1000,4,83,0.000000,0.000000,0.000000,-2.000000,-1000.000000,-1000.000000,0.000000
2.0,1000,4,84,0.000000,0.000000,0.000000,-2.000000,-1000.000000,-1000.000000,0.000000
2.0,1000,4,85,0.000000,0.000000,0.000000,-2.000000,-1000.000000,-1000.000000,0.000000
2.0,1000,4,86,0.000000,0.000000,0.000000,-2.000000,-1000.000000,-1000.000000,0.000000
2.0,1000,4,87,7.824348,1459.241297,0.000101,5.824348,459.241297,-999.999899,0.881348
2.0,1000,4,88,0.000000,0.000000,0.000000,-2.000000,-1000.000000,-1000.000000,0.000000
2.0,1000,4,89,12.917443,1890.697105,0.000501,10.917443,890.697105,-999.999499,0.767120
2.0,1000,4,90,32.187493,2232.267272,0.000029,30.187493,1232.267272,-999.999971,0.776755
2.0,1000,4,91,38.320807,1588.969982,0.000227,36.320807,588.969982,-999.999773,0.603293
2.0,1000,4,92,0.000000,0.000000,0.000000,-2.000000,-1000.000000,-1000.000000,0.000000
2.0,1000,4,93,0.000000,0.000000,0.000000,-2.000000,-1000.000000,-1000.000000,0.000000
2.0,1000,4,94,0.000000,0.000000,0.000000,-2.000000,-1000.000000,-1000.000000,0.000000
2.0,1000,4,95,0.000000,0.000000,0.000000,-2.000000,-1000.000000,-1000.000000,0.000000
2.0,1000,4,96,0.000000,0.000000,0.000000,-2.000000,-1000.000000,-1000.000000,0.000000
2.0,1000,4,97,9.138992,1949.185201,0.000000,7.138992,949.185201,-1000.000000,0.528416
2.0,1000,4,98,5.946793,1948.180958,0.000000,3.946793,948.180958,-1000.000000,0.457506
2.0,1000,4,99,9.501697,2051.944583,0.000148,7.501697,1051.944583,-999.999852,0.766149
2.0,1000,4,100,0.000000,0.000000,0.000000,-2.000000,-1000.000000,-1000.000000,0.000000
2.0,1000,4,101,0.000000,0.000000,0.000000,-2.000000,-1000.000000,-1000.000000,0.000000
2.0,1000,4,102,13.341208,2042.556497,0.000086,11.341208,1042.556497,-999.999914,0.819251
2.0,1000,4,103,0.000000,0.000000,0.000000,-2.000000,-1000.000000,-1000.000000,0.000000
2.0,1000,4,104,13.811984,2187.603635,0.000000,11.811984,1187.603635,-1000.000000,0.146404
2.0,1000,4,105,0.000000,0.000000,0.000000,-2.000000,-1000.000000,-1000.000000,0.000000
2.0,1000,4,106,8.183876,1612.453559,0.000106,6.183876,612.453559,-999.999894,0.834972
2.0,1000,4,107,0.000000,0.000000,0.000000,-2.000000,-1000.000000,-1000.000000,0.000000
2.0,1000,4,108,0.000000,0.000000,0.000000,-2.000000,-1000.000000,-1000.000000,0.000000
2.0,1000,4,109,12.526107,2288.550007,0.000000,10.526107,1288.550007,-1000.000000,0.652041
2.0,1000,4,110,12.442029,1862.683829,0.000240,10.442029,862.683829,-999.999760,0.692080
2.0,1000,4,111,6.506244,2262.717110,0.000000,4.506244,1262.717110,-1000.000000,0.388079
2.0,1000,4,112,5.473352,2131.411662,0.000000,3.473352,1131.411662,-1000.000000,0.627396
2.0,1000,4,113,60.049043,1766.900717,0.000455,58.049043,766.900717,-999.999545,-0.549441
2.0,1000,4,114,7.665586,1716.044285,0.000376,5.665586,716.044285,-999.999624,0.788853
2.0,1000,4,115,11.477281,2382.814022,0.000065,9.477281,1382.814022,-999.999935,0.791578
2.0,1000,4,116,0.000000,0.000000,0.000000,-2.000000,-1000.000000,-1000.000000,0.000000
2.0,1000,4,117,0.000000,0.000000,0.000000,-2.000000,-1000.000000,-1000.000000,0.000000
2.0,1000,4,118,0.000000,0.000000,0.000000,-2.000000,-1000.000000,-1000.000000,0.000000
2.0,1000,4,119,0.000000,0.000000,0.000000,-2.000000,-1000.000000,-1000.000000,0.000000
2.0,1000,4,120,9.322266,1918.456062,0.000193,7.322266,918.456062,-999.999807,0.582778
2.0,1000,4,121,12.873305,2071.064713,0.000606,10.873305,1071.064713,-999.999394,-0.696750
2.0,1000,4,122,0.000000,0.000000,0.000000,-2.000000,-1000.000000,-1000.000000,0.000000
2.0,1000,4,123,0.000000,0.000000,0.000000,-2.000000,-1000.000000,-1000.000000,0.000000
2.0,1000,4,124,0.000000,0.000000,0.000000,-2.000000,-1000.000000,-1000.000000,0.000000
2.0,1000,4,125,11.714288,1881.235008,0.000087,9.714288,881.235008,-999.999913,0.626151
2.0,1000,4,126,0.000000,0.000000,0.000000,-2.000000,-1000.000000,-1000.000000,0.000000
2.0,1000,4,127,11.913716,1902.301746,0.000157,9.913716,902.301746,-999.999843,0.705404
2.0,1000,4,128,0.000000,0.000000,0.000000,-2.000000,-1000.000000,-1000.000000,0.000000
2.0,1000,4,129,3.035921,1331.699431,824.271387,1.035921,331.699431,-175.728613,0.692355
2.0,1000,4,130,0.000000,0.000000,0.000000,-2.000000,-1000.000000,-1000.000000,0.000000
2.0,1000,4,131,131.665763,2025.532167,0.000034,129.665763,1025.532167,-999.999966,0.613663
2.0,1000,4,132,0.000000,0.000000,0.000000,-2.000000,-1000.000000,-1000.000000,0.000000
2.0,1000,4,133,0.000000,0.000000,0.000000,-2.000000,-1000.000000,-1000.000000,0.000000
2.0,1000,4,134,9.869207,2205.050496,0.000000,7.869207,1205.050496,-1000.000000,0.243494
2.0,1000,4,135,23.665416,2200.127362,0.000310,21.665416,1200.127362,-999.999690,0.434140
2.0,1000,4,136,8.027625,1881.455084,0.000380,6.027625,881.455084,-999.999620,0.773507
2.0,1000,4,137,5.584649,2223.189897,0.000169,3.584649,1223.189897,-999.999831,0.540426
2.0,1000,4,138,6.077774,2217.215655,0.000000,4.077774,1217.215655,-1000.000000,0.602780
2.0,1000,4,139,0.000000,0.000000,0.000000,-2.000000,-1000.000000,-1000.000000,0.000000
2.0,1000,4,140,4.522347,2089.646953,0.000000,2.522347,1089.646953,-1000.000000,0.166516
2.0,1000,4,141,2.342813,1161.042364,1151.111990,0.342813,161.042364,151.111990,0.572821
2.0,1000,4,142,12.478485,1977.885987,0.000000,10.478485,977.885987,-1000.000000,0.125828
2.0,1000,4,143,15.754285,2336.043417,0.000348,13.754285,1336.043417,-999.999652,0.500426
2.0,1000,4,144,0.000000,0.000000,0.000000,-2.000000,-1000.000000,-1000.000000,0.000000
2.0,1000,4,145,0.000000,0.000000,0.000000,-2.000000,-1000.000000,-1000.000000,0.000000
2.0,1000,4,146,0.000000,0.000000,0.000000,-2.000000,-1000.000000,-1000.000000,0.000000
2.0,1000,4,147,0.000000,0.000000,0.000000,-2.000000,-1000.000000,-1000.000000,0.000000
2.0,1000,4,148,5.684581,1767.916053,0.000356,3.684581,767.916053,-999.999644,0.676368
2.0,1000,4,149,9.789571,1688.204306,0.000156,7.789571,688.204306,-999.999844,0.763476
2.0,1000,4,150,0.000000,0.000000,0.000000,-2.000000,-1000.000000,-1000.000000,0.000000
2.0,1000,4,151,0.000000,0.000000,0.000000,-2.000000,-1000.000000,-1000.000000,0.000000
2.0,1000,4,152,0.000000,0.000000,0.000000,-2.000000,-1000.000000,-1000.000000,0.000000
2.0,1000,4,153,6.713008,1754.079823,0.000091,4.713008,754.079823,-999.999909,0.890916
2.0,1000,4,154,8.568375,1709.668483,0.000326,6.568375,709.668483,-999.999674,0.683227
2.0,1000,4,155,22.765479,2485.306827,0.000307,20.765479,1485.306827,-999.999693,0.512449
2.0,1000,4,156,9.823409,1760.772022,0.000215,7.823409,760.772022,-999.999785,0.674663
2.0,1000,4,157,0.000000,0.000000,0.000000,-2.000000,-1000.000000,-1000.000000,0.000000
2.0,1000,4,158,9.457730,2084.151291,0.000264,7.457730,1084.151291,-999.999736,0.831390
2.0,1000,4,159,0.000000,0.000000,0.000000,-2.000000,-1000.000000,-1000.000000,0.000000
2.0,1000,4,160,12.868369,1766.614478,0.000000,10.868369,766.614478,-1000.000000,0.696430
2.0,1000,4,161,5.826657,1819.896861,0.000000,3.826657,819.896861,-1000.000000,0.689497
2.0,1000,4,162,11.155680,1906.337484,0.000211,9.155680,906.337484,-999.999789,0.748813
2.0,1000,4,163,0.000000,0.000000,0.000000,-2.000000,-1000.000000,-1000.000000,0.000000
2.0,1000,4,164,7.095328,1835.641242,0.000000,5.095328,835.641242,-1000.000000,0.532746
2.0,1000,4,165,0.000000,0.000000,0.000000,-2.000000,-1000.000000,-1000.000000,0.000000
2.0,1000,4,166,0.000000,0.000000,0.000000,-2.000000,-1000.000000,-1000.000000,0.000000
2.0,1000,4,167,0.000000,0.000000,0.000000,-2.000000,-1000.000000,-1000.000000,0.000000
2.0,1000,4,168,13.734170,2243.497243,0.000427,11.734170,1243.497243,-999.999573,0.609667
2.0,1000,4,169,5.032688,2672.894098,0.000000,3.032688,1672.894098,-1000.000000,0.315412
2.0,1000,4,170,0.000000,0.000000,0.000000,-2.000000,-1000.000000,-1000.000000,0.000000
2.0,1000,4,171,0.000000,0.000000,0.000000,-2.000000,-1000.000000,-1000.000000,0.000000
2.0,1000,4,172,3.082002,1306.376925,830.597573,1.082002,306.376925,-169.402427,0.677844
2.0,1000,4,173,0.000000,0.000000,0.000000,-2.000000,-1000.000000,-1000.000000,0.000000
2.0,1000,4,174,0.000000,0.000000,0.000000,-2.000000,-1000.000000,-1000.000000,0.000000
2.0,1000,4,175,0.000000,0.000000,0.000000,-2.000000,-1000.000000,-1000.000000,0.000000
2.0,1000,4,176,0.000000,0.000000,0.000000,-2.000000,-1000.000000,-1000.000000,0.000000
2.0,1000,4,177,12.647180,1976.485483,0.000214,10.647180,976.485483,-999.999786,0.810377
2.0,1000,4,178,6.559792,1863.755250,0.000000,4.559792,863.755250,-1000.000000,-0.211494
2.0,1000,4,179,7.951491,1788.969120,0.000374,5.951491,788.969120,-999.999626,0.747112
2.0,1000,4,180,0.000000,0.000000,0.000000,-2.000000,-1000.000000,-1000.000000,0.000000
2.0,1000,4,181,0.000000,0.000000,0.000000,-2.000000,-1000.000000,-1000.000000,0.000000
2.0,1000,4,182,7.557027,2180.280580,0.000000,5.557027,1180.280580,-1000.000000,0.541695
2.0,1000,4,183,8.803244,1822.523682,0.000000,6.803244,822.523682,-1000.000000,-0.031737
2.0,1000,4,184,25.560147,1773.188674,0.000326,23.560147,773.188674,-999.999674,0.360699
2.0,1000,4,185,0.000000,0.000000,0.000000,-2.000000,-1000.000000,-1000.000000,0.000000
2.0,1000,4,186,0.000000,0.000000,0.000000,-2.000000,-1000.000000,-1000.000000,0.000000
2.0,1000,4,187,0.000000,0.000000,0.000000,-2.000000,-1000.000000,-1000.000000,0.000000
2.0,1000,4,188,5.373817,2089.660449,0.000000,3.373817,1089.660449,-1000.000000,0.647954
2.0,1000,4,189,0.000000,0.000000,0.000000,-2.000000,-1000.000000,-1000.000000,0.000000
2.0,1000,4,190,7.285450,1806.305575,0.000257,5.285450,806.305575,-999.999743,0.745647
2.0,1000,4,191,0.000000,0.000000,0.000000,-2.000000,-1000.000000,-1000.000000,0.000000
2.0,1000,4,192,0.000000,0.000000,0.000000,-2.000000,-1000.000000,-1000.000000,0.000000
2.0,1000,4,193,0.000000,0.000000,0.000000,-2.000000,-1000.000000,-1000.000000,0.000000
2.0,1000,4,194,7.740373,2275.071282,0.000000,5.740373,1275.071282,-1000.000000,0.820176
2.0,1000,4,195,0.000000,0.000000,0.000000,-2.000000,-1000.000000,-1000.000000,0.000000
2.0,1000,4,196,8.887311,2071.312892,0.000108,6.887311,1071.312892,-999.999892,0.804037
2.0,1000,4,197,5.904438,1748.980029,0.000282,3.904438,748.980029,-999.999718,0.821989
2.0,1000,4,198,9.387267,2507.390838,0.000000,7.387267,1507.390838,-1000.000000,0.326897
2.0,1000,4,199,0.000000,0.000000,0.000000,-2.000000,-1000.000000,-1000.000000,0.000000
2.0,1000,4,200,0.000000,0.000000,0.000000,-2.000000,-1000.000000,-1000.000000,0.000000
2.0,1000,4,201,6.020757,1968.385691,0.000086,4.020757,968.385691,-999.999914,0.619973
2.0,1000,4,202,3.096743,1275.779238,1206.519309,1.096743,275.779238,206.519309,0.702957
2.0,1000,4,203,7.413718,1787.244008,0.000000,5.413718,787.244008,-1000.000000,0.443753
2.0,1000,4,204,0.000000,0.000000,0.000000,-2.000000,-1000.000000,-1000.000000,0.000000
2.0,1000,4,205,6.347500,2041.560989,0.000000,4.347500,1041.560989,-1000.000000,0.273976
2.0,1000,4,206,13.023981,1687.886797,0.000271,11.023981,687.886797,-999.999729,0.742863
2.0,1000,4,207,7.970895,1913.905506,0.000389,5.970895,913.905506,-999.999611,0.829081
2.0,1000,4,208,6.944879,2291.070756,0.000061,4.944879,1291.070756,-999.999939,0.888088
2.0,1000,4,209,4.185883,2283.096695,0.000000,2.185883,1283.096695,-1000.000000,0.237712
2.0,1000,4,210,6.497584,2694.994271,0.000000,4.497584,1694.994271,-1000.000000,0.396421
2.0,1000,4,211,0.000000,0.000000,0.000000,-2.000000,-1000.000000,-1000.000000,0.000000
2.0,1000,4,212,10.181170,1861.695453,0.000000,8.181170,861.695453,-1000.000000,0.496169
2.0,1000,4,213,0.000000,0.000000,0.000000,-2.000000,-1000.000000,-1000.000000,0.000000
2.0,1000,4,214,0.000000,0.000000,0.000000,-2.000000,-1000.000000,-1000.000000,0.000000
2.0,1000,4,215,5.920902,2537.605295,0.000000,3.920902,1537.605295,-1000.000000,-0.289039
2.0,1000,4,216,15.160795,1757.114417,0.000259,13.160795,757.114417,-999.999741,0.755388
2.0,1000,4,217,0.000000,0.000000,0.000000,-2.000000,-1000.000000,-1000.000000,0.000000
2.0,1000,4,218,0.000000,0.000000,0.000000,-2.000000,-1000.000000,-1000.000000,0.000000
2.0,1000,4,219,0.000000,0.000000,0.000000,-2.000000,-1000.000000,-1000.000000,0.000000
2.0,1000,4,220,0.000000,0.000000,0.000000,-2.000000,-1000.000000,-1000.000000,0.000000
2.0,1000,4,221,0.000000,0.000000,0.000000,-2.000000,-1000.000000,-1000.000000,0.000000
2.0,1000,4,222,6.819399,1983.916743,0.000000,4.819399,983.916743,-1000.000000,0.667209
2.0,1000,4,223,0.000000,0.000000,0.000000,-2.000000,-1000.000000,-1000.000000,0.000000
2.0,1000,4,224,0.000000,0.000000,0.000000,-2.000000,-1000.000000,-1000.000000,0.000000
2.0,1000,4,225,6.927634,2428.201445,0.000232,4.927634,1428.201445,-999.999768,0.800766
2.0,1000,4,226,0.000000,0.000000,0.000000,-2.000000,-1000.000000,-1000.000000,0.000000
2.0,1000,4,227,0.000000,0.000000,0.000000,-2.000000,-1000.000000,-1000.000000,0.000000
2.0,1000,4,228,0.000000,0.000000,0.000000,-2.000000,-1000.000000,-1000.000000,0.000000
2.0,1000,4,229,15.400266,2420.366008,0.000212,13.400266,1420.366008,-999.999788,0.701539
2.0,1000,4,230,16.571539,1901.910434,0.000000,14.571539,901.910434,-1000.000000,-0.456655
2.0,1000,4,231,0.000000,0.000000,0.000000,-2.000000,-1000.000000,-1000.000000,0.000000
2.0,1000,4,232,1.906430,1641.548679,944.545791,-0.093570,641.548679,-55.454209,0.524749
2.0,1000,4,233,21.139812,1454.145656,0.000259,19.139812,454.145656,-999.999741,0.810804
2.0,1000,4,234,0.000000,0.000000,0.000000,-2.000000,-1000.000000,-1000.000000,0.000000
2.0,1000,4,235,7.974180,1632.893451,0.000000,5.974180,632.893451,-1000.000000,0.136639
2.0,1000,4,236,0.000000,0.000000,0.000000,-2.000000,-1000.000000,-1000.000000,0.000000
2.0,1000,4,237,11.677876,2150.206885,0.000000,9.677876,1150.206885,-1000.000000,0.757267
2.0,1000,4,238,0.000000,0.000000,0.000000,-2.000000,-1000.000000,-1000.000000,0.000000
2.0,1000,4,239,3.416542,927.033863,1198.077876,1.416542,-72.966137,198.077876,0.671458
2.0,1000,4,240,7.171628,1956.415127,0.000000,5.171628,956.415127,-1000.000000,0.447064
2.0,1000,4,241,0.000000,0.000000,0.000000,-2.000000,-1000.000000,-1000.000000,0.000000
2.0,1000,4,242,4.843011,2316.926696,0.000603,2.843011,1316.926696,-999.999397,0.570798
2.0,1000,4,243,0.000000,0.000000,0.000000,-2.000000,-1000.000000,-1000.000000,0.000000
2.0,1000,4,244,9.533975,2352.238957,0.000153,7.533975,1352.238957,-999.999847,0.566598
2.0,1000,4,245,0.000000,0.000000,0.000000,-2.000000,-1000.000000,-1000.000000,0.000000
2.0,1000,4,246,6.331294,2176.841218,0.000293,4.331294,1176.841218,-999.999707,0.717259
2.0,1000,4,247,0.000000,0.000000,0.000000,-2.000000,-1000.000000,-1000.000000,0.000000
2.0,1000,4,248,7.181666,1602.205619,0.000251,5.181666,602.205619,-999.999749,0.607916
2.0,1000,4,249,0.000000,0.000000,0.000000,-2.000000,-1000.000000,-1000.000000,0.000000
2.0,1000,4,250,8.379691,1984.472988,0.000060,6.379691,984.472988,-999.999940,0.731915
2.0,1000,4,251,0.000000,0.000000,0.000000,-2.000000,-1000.000000,-1000.000000,0.000000
2.0,1000,4,252,8.703243,1852.812538,0.000000,6.703243,852.812538,-1000.000000,-0.669641
2.0,1000,4,253,8.255301,2140.902468,0.000000,6.255301,1140.902468,-1000.000000,0.391130
2.0,1000,4,254,0.000000,0.000000,0.000000,-2.000000,-1000.000000,-1000.000000,0.000000
2.0,1000,4,255,5.916192,2145.608743,0.000000,3.916192,1145.608743,-1000.000000,0.203991
2.0,1000,4,256,7.987741,1824.784642,0.000043,5.987741,824.784642,-999.999957,0.683412
2.0,1000,4,257,0.000000,0.000000,0.000000,-2.000000,-1000.000000,-1000.000000,0.000000
2.0,1000,4,258,0.000000,0.000000,0.000000,-2.000000,-1000.000000,-1000.000000,0.000000
2.0,1000,4,259,6.183082,1895.163667,0.000000,4.183082,895.163667,-1000.000000,0.571077
2.0,1000,4,260,4.613766,2107.251704,0.000000,2.613766,1107.251704,-1000.000000,0.600529
2.0,1000,4,261,0.000000,0.000000,0.000000,-2.000000,-1000.000000,-1000.000000,0.000000
2.0,1000,4,262,0.000000,0.000000,0.000000,-2.000000,-1000.000000,-1000.000000,0.000000
2.0,1000,4,263,0.000000,0.000000,0.000000,-2.000000,-1000.000000,-1000.000000,0.000000
2.0,1000,4,264,7.477069,1638.289572,0.000000,5.477069,638.289572,-1000.000000,0.576003
2.0,1000,4,265,0.000000,0.000000,0.000000,-2.000000,-1000.000000,-1000.000000,0.000000
2.0,1000,4,266,0.000000,0.000000,0.000000,-2.000000,-1000.000000,-1000.000000,0.000000
2.0,1000,4,267,6.717456,1884.179486,0.000064,4.717456,884.179486,-999.999936,0.890626
2.0,1000,4,268,0.000000,0.000000,0.000000,-2.000000,-1000.000000,-1000.000000,0.000000
2.0,1000,4,269,30.452002,1379.663792,0.000794,28.452002,379.663792,-999.999206,0.654547
2.0,1000,4,270,0.000000,0.000000,0.000000,-2.000000,-1000.000000,-1000.000000,0.000000
2.0,1000,4,271,11.309990,2253.425500,0.000000,9.309990,1253.425500,-1000.000000,0.642956
2.0,1000,4,272,10.146373,1941.294599,0.000409,8.146373,941.294599,-999.999591,0.785013
2.0,1000,4,273,0.000000,0.000000,0.000000,-2.000000,-1000.000000,-1000.000000,0.000000
2.0,1000,4,274,0.000000,0.000000,0.000000,-2.000000,-1000.000000,-1000.000000,0.000000
2.0,1000,4,275,0.000000,0.000000,0.000000,-2.000000,-1000.000000,-1000.000000,0.000000
2.0,1000,4,276,0.000000,0.000000,0.000000,-2.000000,-1000.000000,-1000.000000,0.000000
2.0,1000,4,277,0.000000,0.000000,0.000000,-2.000000,-1000.000000,-1000.000000,0.000000
2.0,1000,4,278,0.000000,0.000000,0.000000,-2.000000,-1000.000000,-1000.000000,0.000000
2.0,1000,4,279,5.973346,2421.343077,0.000048,3.973346,1421.343077,-999.999952,0.906502
2.0,1000,4,280,10.598648,2201.748053,0.000000,8.598648,1201.748053,-1000.000000,-0.006444
2.0,1000,4,281,0.000000,0.000000,0.000000,-2.000000,-1000.000000,-1000.000000,0.000000
2.0,1000,4,282,0.000000,0.000000,0.000000,-2.000000,-1000.000000,-1000.000000,0.000000
2.0,1000,4,283,8.871144,1999.821222,0.000000,6.871144,999.821222,-1000.000000,-0.045534
2.0,1000,4,284,0.000000,0.000000,0.000000,-2.000000,-1000.000000,-1000.000000,0.000000
2.0,1000,4,285,7.841143,2610.555913,0.000245,5.841143,1610.555913,-999.999755,0.720106
2.0,1000,4,286,0.000000,0.000000,0.000000,-2.000000,-1000.000000,-1000.000000,0.000000
2.0,1000,4,287,0.000000,0.000000,0.000000,-2.000000,-1000.000000,-1000.000000,0.000000
2.0,1000,4,288,12.066527,2047.107841,0.000343,10.066527,1047.107841,-999.999657,0.704517
2.0,1000,4,289,0.000000,0.000000,0.000000,-2.000000,-1000.000000,-1000.000000,0.000000
2.0,1000,4,290,0.000000,0.000000,0.000000,-2.000000,-1000.000000,-1000.000000,0.000000
2.0,1000,4,291,0.000000,0.000000,0.000000,-2.000000,-1000.000000,-1000.000000,0.000000
2.0,1000,4,292,8.548120,1929.625215,0.000221,6.548120,929.625215,-999.999779,0.662461
2.0,1000,4,293,9.587874,1791.913152,0.000076,7.587874,791.913152,-999.999924,0.763799
2.0,1000,4,294,7.823333,1871.308232,0.000000,5.823333,871.308232,-1000.000000,0.591770
2.0,1000,4,295,0.000000,0.000000,0.000000,-2.000000,-1000.000000,-1000.000000,0.000000
2.0,1000,4,296,7.717933,1556.456165,0.000248,5.717933,556.456165,-999.999752,0.642437
2.0,1000,4,297,23.357329,1723.599068,0.000066,21.357329,723.599068,-999.999934,0.759667
2.0,1000,4,298,13.639118,2306.106582,0.000335,11.639118,1306.106582,-999.999665,0.725474
2.0,1000,4,299,0.000000,0.000000,0.000000,-2.000000,-1000.000000,-1000.000000,0.000000
2.0,1000,4,300,4.881833,2120.552452,0.000270,2.881833,1120.552452,-999.999730,0.738951
2.0,1000,4,301,8.102108,2028.745043,0.000277,6.102108,1028.745043,-999.999723,0.870916
2.0,1000,4,302,9.707777,1884.396113,0.000169,7.707777,884.396113,-999.999831,0.716716
2.0,1000,4,303,0.000000,0.000000,0.000000,-2.000000,-1000.000000,-1000.000000,0.000000
2.0,1000,4,304,0.000000,0.000000,0.000000,-2.000000,-1000.000000,-1000.000000,0.000000
2.0,1000,4,305,13.202182,2459.343418,0.000058,11.202182,1459.343418,-999.999942,0.568367
2.0,1000,4,306,25.510805,1585.019146,0.000035,23.510805,585.019146,-999.999965,0.875601
2.0,1000,4,307,6.295233,1962.276697,0.000000,4.295233,962.276697,-1000.000000,0.605028
2.0,1000,4,308,0.000000,0.000000,0.000000,-2.000000,-1000.000000,-1000.000000,0.000000
2.0,1000,4,309,4.397963,2422.059363,0.000859,2.397963,1422.059363,-999.999141,0.673485
2.0,1000,4,310,0.000000,0.000000,0.000000,-2.000000,-1000.000000,-1000.000000,0.000000
2.0,1000,4,311,0.000000,0.000000,0.000000,-2.000000,-1000.000000,-1000.000000,0.000000
2.0,1000,4,312,0.000000,0.000000,0.000000,-2.000000,-1000.000000,-1000.000000,0.000000
2.0,1000,4,313,5.914896,1814.574807,0.000308,3.914896,814.574807,-999.999692,0.827553
2.0,1000,4,314,14.701587,1796.853013,0.000000,12.701587,796.853013,-1000.000000,0.544489
2.0,1000,4,315,0.000000,0.000000,0.000000,-2.000000,-1000.000000,-1000.000000,0.000000
2.0,1000,4,316,8.432883,2033.611735,0.000156,6.432883,1033.611735,-999.999844,0.741733
2.0,1000,4,317,0.000000,0.000000,0.000000,-2.000000,-1000.000000,-1000.000000,0.000000
2.0,1000,4,318,0.000000,0.000000,0.000000,-2.000000,-1000.000000,-1000.000000,0.000000
2.0,1000,4,319,0.000000,0.000000,0.000000,-2.000000,-1000.000000,-1000.000000,0.000000
2.0,1000,4,320,0.000000,0.000000,0.000000,-2.000000,-1000.000000,-1000.000000,0.000000
2.0,1000,4,321,5.144143,2010.513836,0.000104,3.144143,1010.513836,-999.999896,0.694971
2.0,1000,4,322,72.318714,2186.224098,0.000036,70.318714,1186.224098,-999.999964,0.713287
2.0,1000,4,323,10.451380,2002.799514,0.000278,8.451380,1002.799514,-999.999722,0.833889
2.0,1000,4,324,5.651356,1908.286287,0.000107,3.651356,908.286287,-999.999893,0.876125
2.0,1000,4,325,0.000000,0.000000,0.000000,-2.000000,-1000.000000,-1000.000000,0.000000
2.0,1000,4,326,0.000000,0.000000,0.000000,-2.000000,-1000.000000,-1000.000000,0.000000
2.0,1000,4,327,8.472861,1930.706610,0.000000,6.472861,930.706610,-1000.000000,0.789394
2.0,1000,4,328,7.819816,2538.571399,0.000383,5.819816,1538.571399,-999.999617,0.783176
2.0,1000,4,329,16.083102,2021.865836,0.000165,14.083102,1021.865836,-999.999835,-0.266628
2.0,1000,4,330,0.000000,0.000000,0.000000,-2.000000,-1000.000000,-1000.000000,0.000000
2.0,1000,4,331,0.000000,0.000000,0.000000,-2.000000,-1000.000000,-1000.000000,0.000000
2.0,1000,4,332,0.000000,0.000000,0.000000,-2.000000,-1000.000000,-1000.000000,0.000000
2.0,1000,4,333,9.046903,2135.900856,0.000165,7.046903,1135.900856,-999.999835,0.668437
2.0,1000,4,334,7.225413,2520.337561,0.000075,5.225413,1520.337561,-999.999925,0.862654
2.0,1000,4,335,0.000000,0.000000,0.000000,-2.000000,-1000.000000,-1000.000000,0.000000
2.0,1000,4,336,15.040318,2322.978283,0.000053,13.040318,1322.978283,-999.999947,0.892720
2.0,1000,4,337,0.000000,0.000000,0.000000,-2.000000,-1000.000000,-1000.000000,0.000000
2.0,1000,4,338,8.258891,2292.258784,0.000000,6.258891,1292.258784,-1000.000000,0.802189
2.0,1000,4,339,5.906828,1936.029790,0.000000,3.906828,936.029790,-1000.000000,0.428755
2.0,1000,4,340,9.448334,2043.428107,0.000169,7.448334,1043.428107,-999.999831,0.683286
2.0,1000,4,341,0.000000,0.000000,0.000000,-2.000000,-1000.000000,-1000.000000,0.000000
2.0,1000,4,342,0.000000,0.000000,0.000000,-2.000000,-1000.000000,-1000.000000,0.000000
2.0,1000,4,343,4.406340,2142.339618,0.000000,2.406340,1142.339618,-1000.000000,0.234153
2.0,1000,4,344,6.377320,1921.704633,0.000000,4.377320,921.704633,-1000.000000,-0.017522
2.0,1000,4,345,8.422808,2188.699060,0.000000,6.422808,1188.699060,-1000.000000,0.421434
2.0,1000,4,346,8.944817,1598.510352,0.000337,6.944817,598.510352,-999.999663,0.677636
2.0,1000,4,347,0.000000,0.000000,0.000000,-2.000000,-1000.000000,-1000.000000,0.000000
2.0,1000,4,348,5.976828,1864.637131,0.000142,3.976828,864.637131,-999.999858,0.641523
2.0,1000,4,349,0.000000,0.000000,0.000000,-2.000000,-1000.000000,-1000.000000,0.000000
2.0,1000,4,350,0.000000,0.000000,0.000000,-2.000000,-1000.000000,-1000.000000,0.000000
2.0,1000,4,351,9.277456,1671.165026,0.000037,7.277456,671.165026,-999.999963,0.756365
2.0,1000,4,352,7.482829,2268.348346,0.000094,5.482829,1268.348346,-999.999906,0.890200
2.0,1000,4,353,0.000000,0.000000,0.000000,-2.000000,-1000.000000,-1000.000000,0.000000
2.0,1000,4,354,18.079020,1697.527199,0.000230,16.079020,697.527199,-999.999770,0.673241
2.0,1000,4,355,10.852975,2121.664028,0.000419,8.852975,1121.664028,-999.999581,0.814647
2.0,1000,4,356,0.000000,0.000000,0.000000,-2.000000,-1000.000000,-1000.000000,0.000000
2.0,1000,4,357,0.000000,0.000000,0.000000,-2.000000,-1000.000000,-1000.000000,0.000000
2.0,1000,4,358,7.238002,1982.962539,0.000309,5.238002,982.962539,-999.999691,0.677836
2.0,1000,4,359,0.000000,0.000000,0.000000,-2.000000,-1000.000000,-1000.000000,0.000000
2.0,1000,4,360,0.000000,0.000000,0.000000,-2.000000,-1000.000000,-1000.000000,0.000000
2.0,1000,4,361,0.000000,0.000000,0.000000,-2.000000,-1000.000000,-1000.000000,0.000000
2.0,1000,4,362,3.827292,2415.427975,0.001113,1.827292,1415.427975,-999.998887,0.727540
2.0,1000,4,363,6.527863,2265.104808,0.000152,4.527863,1265.104808,-999.999848,0.788473
2.0,1000,4,364,0.000000,0.000000,0.000000,-2.000000,-1000.000000,-1000.000000,0.000000
2.0,1000,4,365,0.000000,0.000000,0.000000,-2.000000,-1000.000000,-1000.000000,0.000000
2.0,1000,4,366,0.000000,0.000000,0.000000,-2.000000,-1000.000000,-1000.000000,0.000000
2.0,1000,4,367,0.000000,0.000000,0.000000,-2.000000,-1000.000000,-1000.000000,0.000000
2.0,1000,4,368,0.000000,0.000000,0.000000,-2.000000,-1000.000000,-1000.000000,0.000000
2.0,1000,4,369,13.541514,2064.129804,0.000354,11.541514,1064.129804,-999.999646,0.851480
2.0,1000,4,370,0.000000,0.000000,0.000000,-2.000000,-1000.000000,-1000.000000,0.000000
2.0,1000,4,371,0.000000,0.000000,0.000000,-2.000000,-1000.000000,-1000.000000,0.000000
2.0,1000,4,372,5.651729,2231.076082,0.000000,3.651729,1231.076082,-1000.000000,0.688909
2.0,1000,4,373,0.000000,0.000000,0.000000,-2.000000,-1000.000000,-1000.000000,0.000000
2.0,1000,4,374,10.516361,2627.580043,0.000000,8.516361,1627.580043,-1000.000000,0.505541
2.0,1000,4,375,9.792310,1723.711540,0.000000,7.792310,723.711540,-1000.000000,-0.577758
2.0,1000,4,376,7.603419,1907.368945,0.000224,5.603419,907.368945,-999.999776,0.683487
2.0,1000,4,377,0.000000,0.000000,0.000000,-2.000000,-1000.000000,-1000.000000,0.000000
2.0,1000,4,378,8.025466,1671.606196,0.000326,6.025466,671.606196,-999.999674,0.821579
2.0,1000,4,379,10.105792,1946.045097,0.000188,8.105792,946.045097,-999.999812,0.703411
2.0,1000,4,380,8.476678,2011.929150,0.000000,6.476678,1011.929150,-1000.000000,0.626797
2.0,1000,4,381,7.482975,1772.985240,0.000251,5.482975,772.985240,-999.999749,0.368315
2.0,1000,4,382,0.000000,0.000000,0.000000,-2.000000,-1000.000000,-1000.000000,0.000000
2.0,1000,4,383,0.000000,0.000000,0.000000,-2.000000,-1000.000000,-1000.000000,0.000000
2.0,1000,4,384,0.000000,0.000000,0.000000,-2.000000,-1000.000000,-1000.000000,0.000000
2.0,1000,4,385,2.342991,936.051994,925.122974,0.342991,-63.948006,-74.877026,0.639667
2.0,1000,4,386,6.226895,1956.812986,0.000000,4.226895,956.812986,-1000.000000,0.410148
2.0,1000,4,387,18.963751,1673.470917,0.000300,16.963751,673.470917,-999.999700,0.750705
2.0,1000,4,388,0.000000,0.000000,0.000000,-2.000000,-1000.000000,-1000.000000,0.000000
2.0,1000,4,389,6.906491,2103.537799,0.000222,4.906491,1103.537799,-999.999778,0.809974
2.0,1000,4,390,17.580213,1625.130382,0.000107,15.580213,625.130382,-999.999893,0.732553
2.0,1000,4,391,0.000000,0.000000,0.000000,-2.000000,-1000.000000,-1000.000000,0.000000
2.0,1000,4,392,0.000000,0.000000,0.000000,-2.000000,-1000.000000,-1000.000000,0.000000
2.0,1000,4,393,0.000000,0.000000,0.000000,-2.000000,-1000.000000,-1000.000000,0.000000
2.0,1000,4,394,5.924072,2508.639730,0.000121,3.924072,1508.639730,-999.999879,0.660422
2.0,1000,4,395,6.293456,2075.931601,0.000465,4.293456,1075.931601,-999.999535,0.622646
2.0,1000,4,396,41.990180,2129.069519,0.000237,39.990180,1129.069519,-999.999763,0.286618
2.0,1000,4,397,0.000000,0.000000,0.000000,-2.000000,-1000.000000,-1000.000000,0.000000
2.0,1000,4,398,0.000000,0.000000,0.000000,-2.000000,-1000.000000,-1000.000000,0.000000
2.0,1000,4,399,5.955285,2704.446902,0.000000,3.955285,1704.446902,-1000.000000,0.604445
2.0,1000,4,400,0.000000,0.000000,0.000000,-2.000000,-1000.000000,-1000.000000,0.000000
2.0,1000,4,401,0.000000,0.000000,0.000000,-2.000000,-1000.000000,-1000.000000,0.000000
2.0,1000,4,402,27.252664,2144.146105,0.000626,25.252664,1144.146105,-999.999374,-0.141308
2.0,1000,4,403,3.585283,1555.876358,765.317617,1.585283,555.876358,-234.682383,0.697592
2.0,1000,4,404,0.000000,0.000000,0.000000,-2.000000,-1000.000000,-1000.000000,0.000000
2.0,1000,4,405,0.000000,0.000000,0.000000,-2.000000,-1000.000000,-1000.000000,0.000000
2.0,1000,4,406,0.000000,0.000000,0.000000,-2.000000,-1000.000000,-1000.000000,0.000000
2.0,1000,4,407,0.000000,0.000000,0.000000,-2.000000,-1000.000000,-1000.000000,0.000000
2.0,1000,4,408,4.703758,2230.455828,0.000000,2.703758,1230.455828,-1000.000000,-0.121178
2.0,1000,4,409,8.436278,1963.763076,0.000264,6.436278,963.763076,-999.999736,0.873256
2.0,1000,4,410,0.000000,0.000000,0.000000,-2.000000,-1000.000000,-1000.000000,0.000000
2.0,1000,4,411,4.005099,2165.483021,0.000000,2.005099,1165.483021,-1000.000000,0.660259
2.0,1000,4,412,0.000000,0.000000,0.000000,-2.000000,-1000.000000,-1000.000000,0.000000
2.0,1000,4,413,15.580470,1771.078285,0.000156,13.580470,771.078285,-999.999844,0.314681
2.0,1000,4,414,5.573227,1604.919159,0.000178,3.573227,604.919159,-999.999822,0.825033
2.0,1000,4,415,10.871795,2321.227813,0.000121,8.871795,1321.227813,-999.999879,0.678432
2.0,1000,4,416,0.000000,0.000000,0.000000,-2.000000,-1000.000000,-1000.000000,0.000000
2.0,1000,4,417,0.000000,0.000000,0.000000,-2.000000,-1000.000000,-1000.000000,0.000000
2.0,1000,4,418,8.965556,2336.397957,0.000000,6.965556,1336.397957,-1000.000000,0.317197
2.0,1000,4,419,0.000000,0.000000,0.000000,-2.000000,-1000.000000,-1000.000000,0.000000
2.0,1000,4,420,0.000000,0.000000,0.000000,-2.000000,-1000.000000,-1000.000000,0.000000
2.0,1000,4,421,8.312175,1857.487077,0.000111,6.312175,857.487077,-999.999889,0.789079
2.0,1000,4,422,0.000000,0.000000,0.000000,-2.000000,-1000.000000,-1000.000000,0.000000
2.0,1000,4,423,13.343531,2034.129338,0.000026,11.343531,1034.129338,-999.999974,0.659159
2.0,1000,4,424,6.223822,2342.445990,0.000000,4.223822,1342.445990,-1000.000000,0.713676
2.0,1000,4,425,0.000000,0.000000,0.000000,-2.000000,-1000.000000,-1000.000000,0.000000
2.0,1000,4,426,0.000000,0.000000,0.000000,-2.000000,-1000.000000,-1000.000000,0.000000
2.0,1000,4,427,0.000000,0.000000,0.000000,-2.000000,-1000.000000,-1000.000000,0.000000
2.0,1000,4,428,0.000000,0.000000,0.000000,-2.000000,-1000.000000,-1000.000000,0.000000
2.0,1000,4,429,0.000000,0.000000,0.000000,-2.000000,-1000.000000,-1000.000000,0.000000
2.0,1000,4,430,7.992891,1959.289062,0.000000,5.992891,959.289062,-1000.000000,0.568786
2.0,1000,4,431,0.000000,0.000000,0.000000,-2.000000,-1000.000000,-1000.000000,0.000000
2.0,1000,4,432,18.817803,1863.724530,0.000254,16.817803,863.724530,-999.999746,0.858307
2.0,1000,4,433,2.933052,1452.623334,758.210381,0.933052,452.623334,-241.789619,0.669573
2.0,1000,4,434,10.026437,2396.995058,0.000107,8.026437,1396.995058,-999.999893,0.700664
2.0,1000,4,435,0.000000,0.000000,0.000000,-2.000000,-1000.000000,-1000.000000,0.000000
2.0,1000,4,436,0.000000,0.000000,0.000000,-2.000000,-1000.000000,-1000.000000,0.000000
2.0,1000,4,437,8.146144,2353.109051,0.000000,6.146144,1353.109051,-1000.000000,0.403543
2.0,1000,4,438,0.000000,0.000000,0.000000,-2.000000,-1000.000000,-1000.000000,0.000000
2.0,1000,4,439,0.000000,0.000000,0.000000,-2.000000,-1000.000000,-1000.000000,0.000000
2.0,1000,4,440,0.000000,0.000000,0.000000,-2.000000,-1000.000000,-1000.000000,0.000000
2.0,1000,4,441,6.054541,2500.622294,0.000000,4.054541,1500.622294,-1000.000000,0.454749
2.0,1000,4,442,8.352101,2152.887565,0.000270,6.352101,1152.887565,-999.999730,0.177507
2.0,1000,4,443,0.000000,0.000000,0.000000,-2.000000,-1000.000000,-1000.000000,0.000000
2.0,1000,4,444,0.000000,0.000000,0.000000,-2.000000,-1000.000000,-1000.000000,0.000000
2.0,1000,4,445,5.635123,1628.921553,0.000057,3.635123,628.921553,-999.999943,0.828873
2.0,1000,4,446,14.343407,1915.977665,0.000034,12.343407,915.977665,-999.999966,0.465494
2.0,1000,4,447,0.000000,0.000000,0.000000,-2.000000,-1000.000000,-1000.000000,0.000000
2.0,1000,4,448,12.368821,1667.744608,0.000192,10.368821,667.744608,-999.999808,0.294880
2.0,1000,4,449,2.183698,1118.533104,1057.935260,0.183698,118.533104,57.935260,0.620857
2.0,1000,4,450,0.000000,0.000000,0.000000,-2.000000,-1000.000000,-1000.000000,0.000000
2.0,1000,4,451,0.000000,0.000000,0.000000,-2.000000,-1000.000000,-1000.000000,0.000000
2.0,1000,4,452,7.107476,1894.613319,0.000299,5.107476,894.613319,-999.999701,0.777279
2.0,1000,4,453,8.622032,2159.712269,0.000000,6.622032,1159.712269,-1000.000000,0.227092
2.0,1000,4,454,0.000000,0.000000,0.000000,-2.000000,-1000.000000,-1000.000000,0.000000
2.0,1000,4,455,0.000000,0.000000,0.000000,-2.000000,-1000.000000,-1000.000000,0.000000
2.0,1000,4,456,0.000000,0.000000,0.000000,-2.000000,-1000.000000,-1000.000000,0.000000
2.0,1000,4,457,0.000000,0.000000,0.000000,-2.000000,-1000.000000,-1000.000000,0.000000
2.0,1000,4,458,7.488267,2265.714811,0.000000,5.488267,1265.714811,-1000.000000,-0.030137
2.0,1000,4,459,4.333210,2057.583237,0.000886,2.333210,1057.583237,-999.999114,0.675352
2.0,1000,4,460,23.855441,1667.774333,0.000375,21.855441,667.774333,-999.999625,0.716152
2.0,1000,4,461,8.807477,2164.966966,0.000000,6.807477,1164.966966,-1000.000000,0.505105
2.0,1000,4,462,3.093794,926.156136,863.099698,1.093794,-73.843864,-136.900302,0.665890
2.0,1000,4,463,9.821615,2024.219382,0.000402,7.821615,1024.219382,-999.999598,0.493758
2.0,1000,4,464,2.855405,931.140242,782.673144,0.855405,-68.859758,-217.326856,0.686345
2.0,1000,4,465,0.000000,0.000000,0.000000,-2.000000,-1000.000000,-1000.000000,0.000000
2.0,1000,4,466,0.000000,0.000000,0.000000,-2.000000,-1000.000000,-1000.000000,0.000000
2.0,1000,4,467,6.143158,1572.700886,0.000057,4.143158,572.700886,-999.999943,0.841171
2.0,1000,4,468,5.507876,1543.108852,0.000165,3.507876,543.108852,-999.999835,0.844495
2.0,1000,4,469,0.000000,0.000000,0.000000,-2.000000,-1000.000000,-1000.000000,0.000000
2.0,1000,4,470,12.844662,1787.601432,0.000045,10.844662,787.601432,-999.999955,0.860656
2.0,1000,4,471,6.875365,2085.694209,0.000279,4.875365,1085.694209,-999.999721,0.659281
2.0,1000,4,472,6.308391,2153.315353,0.000066,4.308391,1153.315353,-999.999934,0.873218
2.0,1000,4,473,18.829218,1349.215902,0.000466,16.829218,349.215902,-999.999534,-0.056043
2.0,1000,4,474,7.807447,2057.848042,0.000052,5.807447,1057.848042,-999.999948,0.876893
2.0,1000,4,475,0.000000,0.000000,0.000000,-2.000000,-1000.000000,-1000.000000,0.000000
2.0,1000,4,476,5.713769,2468.233154,0.000000,3.713769,1468.233154,-1000.000000,-0.174124
2.0,1000,4,477,6.277361,2274.703283,0.000195,4.277361,1274.703283,-999.999805,0.748772
2.0,1000,4,478,8.856860,1701.453915,0.000194,6.856860,701.453915,-999.999806,0.671190
2.0,1000,4,479,0.000000,0.000000,0.000000,-2.000000,-1000.000000,-1000.000000,0.000000
2.0,1000,4,480,0.000000,0.000000,0.000000,-2.000000,-1000.000000,-1000.000000,0.000000
2.0,1000,4,481,11.939842,2641.211636,0.000296,9.939842,1641.211636,-999.999704,0.669285
2.0,1000,4,482,0.000000,0.000000,0.000000,-2.000000,-1000.000000,-1000.000000,0.000000
2.0,1000,4,483,0.000000,0.000000,0.000000,-2.000000,-1000.000000,-1000.000000,0.000000
2.0,1000,4,484,13.015569,1606.604212,0.000000,11.015569,606.604212,-1000.000000,0.226460
2.0,1000,4,485,15.926608,1626.851674,0.000229,13.926608,626.851674,-999.999771,0.238667
2.0,1000,4,486,6.032050,1947.557175,0.000045,4.032050,947.557175,-999.999955,0.874216
2.0,1000,4,487,0.000000,0.000000,0.000000,-2.000000,-1000.000000,-1000.000000,0.000000
2.0,1000,4,488,4.741883,2129.425372,0.000000,2.741883,1129.425372,-1000.000000,0.197030
2.0,1000,4,489,8.027824,2657.173826,0.000000,6.027824,1657.173826,-1000.000000,0.752716
2.0,1000,4,490,5.844280,2233.262470,0.000000,3.844280,1233.262470,-1000.000000,0.645862
2.0,1000,4,491,5.020835,2617.465411,0.000223,3.020835,1617.465411,-999.999777,0.752958
2.0,1000,4,492,5.092839,2227.259682,0.000314,3.092839,1227.259682,-999.999686,0.740922
2.0,1000,4,493,6.217894,1729.304170,0.000000,4.217894,729.304170,-1000.000000,0.665158
2.0,1000,4,494,0.000000,0.000000,0.000000,-2.000000,-1000.000000,-1000.000000,0.000000
2.0,1000,4,495,8.811415,2224.239723,0.000100,6.811415,1224.239723,-999.999900,0.844329
2.0,1000,4,496,0.000000,0.000000,0.000000,-2.000000,-1000.000000,-1000.000000,0.000000
2.0,1000,4,497,0.000000,0.000000,0.000000,-2.000000,-1000.000000,-1000.000000,0.000000
2.0,1000,4,498,6.505395,1621.270212,0.000229,4.505395,621.270212,-999.999771,0.859993
2.0,1000,4,499,10.968055,1867.287994,0.000101,8.968055,867.287994,-999.999899,0.747907
2.0,1000,4,500,0.000000,0.000000,0.000000,-2.000000,-1000.000000,-1000.000000,0.000000
2.0,1000,4,501,22.016433,2047.854097,0.000119,20.016433,1047.854097,-999.999881,0.884863
2.0,1000,4,502,23.796010,2293.605148,0.000447,21.796010,1293.605148,-999.999553,-0.005419
2.0,1000,4,503,5.442562,1920.244878,0.000075,3.442562,920.244878,-999.999925,0.675670
2.0,1000,4,504,7.628393,2038.406067,0.000119,5.628393,1038.406067,-999.999881,0.867171
2.0,1000,4,505,0.000000,0.000000,0.000000,-2.000000,-1000.000000,-1000.000000,0.000000
2.0,1000,4,506,6.595388,2213.972205,0.000380,4.595388,1213.972205,-999.999620,0.758016
2.0,1000,4,507,5.820315,2367.855274,0.000000,3.820315,1367.855274,-1000.000000,0.615668
2.0,1000,4,508,0.000000,0.000000,0.000000,-2.000000,-1000.000000,-1000.000000,0.000000
2.0,1000,4,509,0.000000,0.000000,0.000000,-2.000000,-1000.000000,-1000.000000,0.000000
2.0,1000,4,510,2.711998,1005.024401,927.169500,0.711998,5.024401,-72.830500,0.645098
2.0,1000,4,511,5.911988,2293.094366,0.000058,3.911988,1293.094366,-999.999942,0.831496
2.0,1000,4,512,9.666593,2201.781467,0.000249,7.666593,1201.781467,-999.999751,0.877870
2.0,1000,4,513,16.319719,1921.198744,0.000448,14.319719,921.198744,-999.999552,0.829779
2.0,1000,4,514,8.961325,1981.101701,0.000311,6.961325,981.101701,-999.999689,0.845069
2.0,1000,4,515,0.000000,0.000000,0.000000,-2.000000,-1000.000000,-1000.000000,0.000000
2.0,1000,4,516,8.544347,1964.477083,0.000143,6.544347,964.477083,-999.999857,0.649658
2.0,1000,4,517,0.000000,0.000000,0.000000,-2.000000,-1000.000000,-1000.000000,0.000000
2.0,1000,4,518,12.158325,1889.881006,0.000000,10.158325,889.881006,-1000.000000,0.049029
2.0,1000,4,519,2.705229,1370.601098,738.309908,0.705229,370.601098,-261.690092,0.671602
2.0,1000,4,520,7.121297,2559.354764,0.000221,5.121297,1559.354764,-999.999779,0.774190
2.0,1000,4,521,0.000000,0.000000,0.000000,-2.000000,-1000.000000,-1000.000000,0.000000
2.0,1000,4,522,5.187470,1819.911118,0.000000,3.187470,819.911118,-1000.000000,0.672578
2.0,1000,4,523,0.000000,0.000000,0.000000,-2.000000,-1000.000000,-1000.000000,0.000000
2.0,1000,4,524,0.000000,0.000000,0.000000,-2.000000,-1000.000000,-1000.000000,0.000000
2.0,1000,4,525,0.000000,0.000000,0.000000,-2.000000,-1000.000000,-1000.000000,0.000000
2.0,1000,4,526,0.000000,0.000000,0.000000,-2.000000,-1000.000000,-1000.000000,0.000000
2.0,1000,4,527,10.845690,2510.793632,0.000085,8.845690,1510.793632,-999.999915,0.897627
2.0,1000,4,528,5.860785,2467.491953,0.000000,3.860785,1467.491953,-1000.000000,-0.754463
2.0,1000,4,529,6.548198,1624.008370,0.000349,4.548198,624.008370,-999.999651,0.753744
2.0,1000,4,530,10.795138,2155.725225,0.000127,8.795138,1155.725225,-999.999873,0.576807
2.0,1000,4,531,5.353344,1709.442998,0.000123,3.353344,709.442998,-999.999877,0.654088
2.0,1000,4,532,0.000000,0.000000,0.000000,-2.000000,-1000.000000,-1000.000000,0.000000
2.0,1000,4,533,8.229496,2013.586902,0.000020,6.229496,1013.586902,-999.999980,0.593028
2.0,1000,4,534,0.000000,0.000000,0.000000,-2.000000,-1000.000000,-1000.000000,0.000000
2.0,1000,4,535,11.608271,2116.328963,0.000510,9.608271,1116.328963,-999.999490,0.828545
2.0,1000,4,536,0.000000,0.000000,0.000000,-2.000000,-1000.000000,-1000.000000,0.000000
2.0,1000,4,537,9.574314,1494.332152,0.000190,7.574314,494.332152,-999.999810,0.605011
2.0,1000,4,538,0.000000,0.000000,0.000000,-2.000000,-1000.000000,-1000.000000,0.000000
2.0,1000,4,539,10.368200,1707.893267,0.000089,8.368200,707.893267,-999.999911,0.778067
2.0,1000,4,540,0.000000,0.000000,0.000000,-2.000000,-1000.000000,-1000.000000,0.000000
2.0,1000,4,541,0.000000,0.000000,0.000000,-2.000000,-1000.000000,-1000.000000,0.000000
2.0,1000,4,542,0.000000,0.000000,0.000000,-2.000000,-1000.000000,-1000.000000,0.000000
2.0,1000,4,543,0.000000,0.000000,0.000000,-2.000000,-1000.000000,-1000.000000,0.000000
2.0,1000,4,544,0.000000,0.000000,0.000000,-2.000000,-1000.000000,-1000.000000,0.000000
2.0,1000,4,545,0.000000,0.000000,0.000000,-2.000000,-1000.000000,-1000.000000,0.000000
2.0,1000,4,546,0.000000,0.000000,0.000000,-2.000000,-1000.000000,-1000.000000,0.000000
2.0,1000,4,547,0.000000,0.000000,0.000000,-2.000000,-1000.000000,-1000.000000,0.000000
2.0,1000,4,548,11.221556,1705.759824,0.000319,9.221556,705.759824,-999.999681,0.782588
2.0,1000,4,549,0.000000,0.000000,0.000000,-2.000000,-1000.000000,-1000.000000,0.000000
2.0,1000,4,550,6.870101,2165.144662,0.000000,4.870101,1165.144662,-1000.000000,0.157164
2.0,1000,4,551,0.000000,0.000000,0.000000,-2.000000,-1000.000000,-1000.000000,0.000000
2.0,1000,4,552,0.000000,0.000000,0.000000,-2.000000,-1000.000000,-1000.000000,0.000000
2.0,1000,4,553,6.168237,2367.313663,0.000000,4.168237,1367.313663,-1000.000000,-0.283053
2.0,1000,4,554,13.284693,2100.432629,0.000312,11.284693,1100.432629,-999.999688,0.051358
2.0,1000,4,555,9.366111,2498.043090,0.000032,7.366111,1498.043090,-999.999968,0.700254
2.0,1000,4,556,10.794006,2039.158871,0.000000,8.794006,1039.158871,-1000.000000,-0.238508
2.0,1000,4,557,14.141157,1787.082862,0.000188,12.141157,787.082862,-999.999812,0.905944
2.0,1000,4,558,7.390282,1705.628986,0.000020,5.390282,705.628986,-999.999980,0.816466
2.0,1000,4,559,6.692571,1781.837044,0.000225,4.692571,781.837044,-999.999775,0.806288
2.0,1000,4,560,0.000000,0.000000,0.000000,-2.000000,-1000.000000,-1000.000000,0.000000
2.0,1000,4,561,0.000000,0.000000,0.000000,-2.000000,-1000.000000,-1000.000000,0.000000
2.0,1000,4,562,7.830438,1966.258929,0.000231,5.830438,966.258929,-999.999769,0.733039
2.0,1000,4,563,7.297669,1977.333072,0.000300,5.297669,977.333072,-999.999700,0.629656
2.0,1000,4,564,0.000000,0.000000,0.000000,-2.000000,-1000.000000,-1000.000000,0.000000
2.0,1000,4,565,0.000000,0.000000,0.000000,-2.000000,-1000.000000,-1000.000000,0.000000
2.0,1000,4,566,0.000000,0.000000,0.000000,-2.000000,-1000.000000,-1000.000000,0.000000
2.0,1000,4,567,0.000000,0.000000,0.000000,-2.000000,-1000.000000,-1000.000000,0.000000
2.0,1000,4,568,5.634953,2193.106777,0.000000,3.634953,1193.106777,-1000.000000,0.671083
2.0,1000,4,569,0.000000,0.000000,0.000000,-2.000000,-1000.000000,-1000.000000,0.000000
2.0,1000,4,570,0.000000,0.000000,0.000000,-2.000000,-1000.000000,-1000.000000,0.000000
2.0,1000,4,571,6.300806,1777.504832,0.000000,4.300806,777.504832,-1000.000000,0.262289
2.0,1000,4,572,7.661707,1769.363330,0.001446,5.661707,769.363330,-999.998554,-0.072694
2.0,1000,4,573,6.680318,2064.154603,0.000786,4.680318,1064.154603,-999.999214,-0.003746
2.0,1000,4,574,0.000000,0.000000,0.000000,-2.000000,-1000.000000,-1000.000000,0.000000
2.0,1000,4,575,7.513915,1667.345136,0.000067,5.513915,667.345136,-999.999933,0.650992
2.0,1000,4,576,0.000000,0.000000,0.000000,-2.000000,-1000.000000,-1000.000000,0.000000
2.0,1000,4,577,9.499047,2902.541609,0.000040,7.499047,1902.541609,-999.999960,0.673821
2.0,1000,4,578,0.000000,0.000000,0.000000,-2.000000,-1000.000000,-1000.000000,0.000000
2.0,1000,4,579,0.000000,0.000000,0.000000,-2.000000,-1000.000000,-1000.000000,0.000000
2.0,1000,4,580,6.693773,1864.567515,0.000000,4.693773,864.567515,-1000.000000,0.111963
2.0,1000,4,581,8.620295,1838.461926,0.000000,6.620295,838.461926,-1000.000000,0.410840
2.0,1000,4,582,0.000000,0.000000,0.000000,-2.000000,-1000.000000,-1000.000000,0.000000
2.0,1000,4,583,0.000000,0.000000,0.000000,-2.000000,-1000.000000,-1000.000000,0.000000
2.0,1000,4,584,0.000000,0.000000,0.000000,-2.000000,-1000.000000,-1000.000000,0.000000
2.0,1000,4,585,0.000000,0.000000,0.000000,-2.000000,-1000.000000,-1000.000000,0.000000
2.0,1000,4,586,5.689288,2119.874255,0.000478,3.689288,1119.874255,-999.999522,0.696241
2.0,1000,4,587,12.502506,1927.901915,0.000224,10.502506,927.901915,-999.999776,0.836961
2.0,1000,4,588,0.000000,0.000000,0.000000,-2.000000,-1000.000000,-1000.000000,0.000000
2.0,1000,4,589,0.000000,0.000000,0.000000,-2.000000,-1000.000000,-1000.000000,0.000000
2.0,1000,4,590,21.334524,1946.735313,0.000255,19.334524,946.735313,-999.999745,0.423529
2.0,1000,4,591,6.826916,1916.445854,0.000070,4.826916,916.445854,-999.999930,0.861561
2.0,1000,4,592,0.000000,0.000000,0.000000,-2.000000,-1000.000000,-1000.000000,0.000000
2.0,1000,4,593,0.000000,0.000000,0.000000,-2.000000,-1000.000000,-1000.000000,0.000000
2.0,1000,4,594,0.000000,0.000000,0.000000,-2.000000,-1000.000000,-1000.000000,0.000000
2.0,1000,4,595,12.752847,1973.177186,0.000000,10.752847,973.177186,-1000.000000,-0.324363
2.0,1000,4,596,2.289388,582.574150,1386.583898,0.289388,-417.425850,386.583898,0.635576
2.0,1000,4,597,0.000000,0.000000,0.000000,-2.000000,-1000.000000,-1000.000000,0.000000
2.0,1000,4,598,0.000000,0.000000,0.000000,-2.000000,-1000.000000,-1000.000000,0.000000
2.0,1000,4,599,0.000000,0.000000,0.000000,-2.000000,-1000.000000,-1000.000000,0.000000
2.0,1000,4,600,5.909677,2136.903112,0.000300,3.909677,1136.903112,-999.999700,0.736389
2.0,1000,4,601,1.944857,653.880162,1262.212202,-0.055143,-346.119838,262.212202,0.543104
2.0,1000,4,602,0.000000,0.000000,0.000000,-2.000000,-1000.000000,-1000.000000,0.000000
2.0,1000,4,603,22.403005,2002.882278,0.000092,20.403005,1002.882278,-999.999908,0.648123
2.0,1000,4,604,12.693596,1967.866138,0.000257,10.693596,967.866138,-999.999743,0.709696
2.0,1000,4,605,0.000000,0.000000,0.000000,-2.000000,-1000.000000,-1000.000000,0.000000
2.0,1000,4,606,7.562082,2090.336790,0.000000,5.562082,1090.336790,-1000.000000,0.526356
2.0,1000,4,607,7.170498,1918.892461,0.000357,5.170498,918.892461,-999.999643,0.655058
2.0,1000,4,608,0.000000,0.000000,0.000000,-2.000000,-1000.000000,-1000.000000,0.000000
2.0,1000,4,609,0.000000,0.000000,0.000000,-2.000000,-1000.000000,-1000.000000,0.000000
2.0,1000,4,610,0.000000,0.000000,0.000000,-2.000000,-1000.000000,-1000.000000,0.000000
2.0,1000,4,611,8.096194,1857.277005,0.000000,6.096194,857.277005,-1000.000000,0.045775
2.0,1000,4,612,0.000000,0.000000,0.000000,-2.000000,-1000.000000,-1000.000000,0.000000
2.0,1000,4,613,0.000000,0.000000,0.000000,-2.000000,-1000.000000,-1000.000000,0.000000
2.0,1000,4,614,0.000000,0.000000,0.000000,-2.000000,-1000.000000,-1000.000000,0.000000
2.0,1000,4,615,0.000000,0.000000,0.000000,-2.000000,-1000.000000,-1000.000000,0.000000
2.0,1000,4,616,5.590764,1793.755960,0.000000,3.590764,793.755960,-1000.000000,0.561928
2.0,1000,4,617,6.514068,1889.125567,0.000000,4.514068,889.125567,-1000.000000,0.535315
2.0,1000,4,618,0.000000,0.000000,0.000000,-2.000000,-1000.000000,-1000.000000,0.000000
2.0,1000,4,619,11.677615,2055.972925,0.000718,9.677615,1055.972925,-999.999282,0.853307
2.0,1000,4,620,0.000000,0.000000,0.000000,-2.000000,-1000.000000,-1000.000000,0.000000
2.0,1000,4,621,0.000000,0.000000,0.000000,-2.000000,-1000.000000,-1000.000000,0.000000
2.0,1000,4,622,0.000000,0.000000,0.000000,-2.000000,-1000.000000,-1000.000000,0.000000
2.0,1000,4,623,0.000000,0.000000,0.000000,-2.000000,-1000.000000,-1000.000000,0.000000
2.0,1000,4,624,0.000000,0.000000,0.000000,-2.000000,-1000.000000,-1000.000000,0.000000
2.0,1000,4,625,4.268627,2298.422547,0.000000,2.268627,1298.422547,-1000.000000,0.594283
2.0,1000,4,626,7.199867,2052.612010,0.000512,5.199867,1052.612010,-999.999488,0.683055
2.0,1000,4,627,14.493003,1624.335656,0.000051,12.493003,624.335656,-999.999949,0.818345
2.0,1000,4,628,0.000000,0.000000,0.000000,-2.000000,-1000.000000,-1000.000000,0.000000
2.0,1000,4,629,3.515963,2402.924627,0.000353,1.515963,1402.924627,-999.999647,0.626993
2.0,1000,4,630,0.000000,0.000000,0.000000,-2.000000,-1000.000000,-1000.000000,0.000000
2.0,1000,4,631,15.107220,2106.221343,0.000228,13.107220,1106.221343,-999.999772,0.727701
2.0,1000,4,632,0.000000,0.000000,0.000000,-2.000000,-1000.000000,-1000.000000,0.000000
2.0,1000,4,633,8.687454,1867.576592,0.000171,6.687454,867.576592,-999.999829,0.563689
2.0,1000,4,634,11.486033,1967.518607,0.000087,9.486033,967.518607,-999.999913,0.829349
2.0,1000,4,635,0.000000,0.000000,0.000000,-2.000000,-1000.000000,-1000.000000,0.000000
2.0,1000,4,636,5.193209,2407.543912,0.000347,3.193209,1407.543912,-999.999653,0.752751
2.0,1000,4,637,0.000000,0.000000,0.000000,-2.000000,-1000.000000,-1000.000000,0.000000
2.0,1000,4,638,5.278443,1897.338938,0.000000,3.278443,897.338938,-1000.000000,0.399771
2.0,1000,4,639,4.223870,2960.918075,0.000000,2.223870,1960.918075,-1000.000000,0.123844
2.0,1000,4,640,0.000000,0.000000,0.000000,-2.000000,-1000.000000,-1000.000000,0.000000
2.0,1000,4,641,9.174286,1875.742672,0.000109,7.174286,875.742672,-999.999891,0.829984
2.0,1000,4,642,7.712594,1910.048078,0.000245,5.712594,910.048078,-999.999755,0.705344
2.0,1000,4,643,2.166984,1689.035748,937.075592,0.166984,689.035748,-62.924408,0.538229
2.0,1000,4,644,24.248138,2030.841608,0.000101,22.248138,1030.841608,-999.999899,0.892898
2.0,1000,4,645,0.000000,0.000000,0.000000,-2.000000,-1000.000000,-1000.000000,0.000000
2.0,1000,4,646,7.596703,1926.198568,0.000000,5.596703,926.198568,-1000.000000,-0.459074
2.0,1000,4,647,0.000000,0.000000,0.000000,-2.000000,-1000.000000,-1000.000000,0.000000
2.0,1000,4,648,35.311134,2130.170051,0.000645,33.311134,1130.170051,-999.999355,-0.252951
2.0,1000,4,649,0.000000,0.000000,0.000000,-2.000000,-1000.000000,-1000.000000,0.000000
2.0,1000,4,650,9.574807,2005.126782,0.000174,7.574807,1005.126782,-999.999826,0.717460
2.0,1000,4,651,34.463891,1725.598827,0.000196,32.463891,725.598827,-999.999804,0.483041
2.0,1000,4,652,7.969963,2001.410545,0.000094,5.969963,1001.410545,-999.999906,0.807327
2.0,1000,4,653,8.249674,1949.333862,0.000000,6.249674,949.333862,-1000.000000,-0.070510
2.0,1000,4,654,0.000000,0.000000,0.000000,-2.000000,-1000.000000,-1000.000000,0.000000
2.0,1000,4,655,0.000000,0.000000,0.000000,-2.000000,-1000.000000,-1000.000000,0.000000
2.0,1000,4,656,0.000000,0.000000,0.000000,-2.000000,-1000.000000,-1000.000000,0.000000
2.0,1000,4,657,8.725996,2442.364179,0.000124,6.725996,1442.364179,-999.999876,0.810650
2.0,1000,4,658,5.118841,2278.119860,0.000623,3.118841,1278.119860,-999.999377,0.659771
2.0,1000,4,659,0.000000,0.000000,0.000000,-2.000000,-1000.000000,-1000.000000,0.000000
2.0,1000,4,660,27.709770,1598.190428,0.000074,25.709770,598.190428,-999.999926,0.761985
2.0,1000,4,661,16.449290,1861.284153,0.000036,14.449290,861.284153,-999.999964,0.664751
2.0,1000,4,662,0.000000,0.000000,0.000000,-2.000000,-1000.000000,-1000.000000,0.000000
2.0,1000,4,663,13.057169,1875.455582,0.000060,11.057169,875.455582,-999.999940,0.563246
2.0,1000,4,664,5.677779,2129.103591,0.000345,3.677779,1129.103591,-999.999655,0.661206
2.0,1000,4,665,6.918158,1901.859927,0.000063,4.918158,901.859927,-999.999937,0.863524
2.0,1000,4,666,0.000000,0.000000,0.000000,-2.000000,-1000.000000,-1000.000000,0.000000
2.0,1000,4,667,5.583344,2463.783867,0.000000,3.583344,1463.783867,-1000.000000,-0.090854
2.0,1000,4,668,0.000000,0.000000,0.000000,-2.000000,-1000.000000,-1000.000000,0.000000
2.0,1000,4,669,15.715502,1882.862671,0.000341,13.715502,882.862671,-999.999659,0.658960
2.0,1000,4,670,0.000000,0.000000,0.000000,-2.000000,-1000.000000,-1000.000000,0.000000
2.0,1000,4,671,13.547832,2258.579674,0.000028,11.547832,1258.579674,-999.999972,0.893923
2.0,1000,4,672,0.000000,0.000000,0.000000,-2.000000,-1000.000000,-1000.000000,0.000000
2.0,1000,4,673,0.000000,0.000000,0.000000,-2.000000,-1000.000000,-1000.000000,0.000000
2.0,1000,4,674,0.000000,0.000000,0.000000,-2.000000,-1000.000000,-1000.000000,0.000000
2.0,1000,4,675,0.000000,0.000000,0.000000,-2.000000,-1000.000000,-1000.000000,0.000000
2.0,1000,4,676,7.402833,2006.717887,0.000000,5.402833,1006.717887,-1000.000000,0.689075
2.0,1000,4,677,0.000000,0.000000,0.000000,-2.000000,-1000.000000,-1000.000000,0.000000
2.0,1000,4,678,0.000000,0.000000,0.000000,-2.000000,-1000.000000,-1000.000000,0.000000
2.0,1000,4,679,0.000000,0.000000,0.000000,-2.000000,-1000.000000,-1000.000000,0.000000
2.0,1000,4,680,0.000000,0.000000,0.000000,-2.000000,-1000.000000,-1000.000000,0.000000
2.0,1000,4,681,0.000000,0.000000,0.000000,-2.000000,-1000.000000,-1000.000000,0.000000
2.0,1000,4,682,0.000000,0.000000,0.000000,-2.000000,-1000.000000,-1000.000000,0.000000
2.0,1000,4,683,0.000000,0.000000,0.000000,-2.000000,-1000.000000,-1000.000000,0.000000
2.0,1000,4,684,8.246246,1643.428522,0.000043,6.246246,643.428522,-999.999957,0.862165
2.0,1000,4,685,0.000000,0.000000,0.000000,-2.000000,-1000.000000,-1000.000000,0.000000
2.0,1000,4,686,6.888653,2177.125139,0.000144,4.888653,1177.125139,-999.999856,0.778739
2.0,1000,4,687,7.528439,1930.127569,0.000272,5.528439,930.127569,-999.999728,0.722924
2.0,1000,4,688,0.000000,0.000000,0.000000,-2.000000,-1000.000000,-1000.000000,0.000000
2.0,1000,4,689,0.000000,0.000000,0.000000,-2.000000,-1000.000000,-1000.000000,0.000000
2.0,1000,4,690,0.000000,0.000000,0.000000,-2.000000,-1000.000000,-1000.000000,0.000000
2.0,1000,4,691,0.000000,0.000000,0.000000,-2.000000,-1000.000000,-1000.000000,0.000000
2.0,1000,4,692,7.396812,1973.311421,0.000137,5.396812,973.311421,-999.999863,0.703824
2.0,1000,4,693,0.000000,0.000000,0.000000,-2.000000,-1000.000000,-1000.000000,0.000000
2.0,1000,4,694,0.000000,0.000000,0.000000,-2.000000,-1000.000000,-1000.000000,0.000000
2.0,1000,4,695,0.000000,0.000000,0.000000,-2.000000,-1000.000000,-1000.000000,0.000000
2.0,1000,4,696,0.000000,0.000000,0.000000,-2.000000,-1000.000000,-1000.000000,0.000000
2.0,1000,4,697,5.129384,1691.160759,0.000280,3.129384,691.160759,-999.999720,0.791520
2.0,1000,4,698,6.939446,1606.931817,0.000277,4.939446,606.931817,-999.999723,0.719090
2.0,1000,4,699,5.511370,1950.542003,0.000000,3.511370,950.542003,-1000.000000,0.585209
2.0,1000,4,700,0.000000,0.000000,0.000000,-2.000000,-1000.000000,-1000.000000,0.000000
2.0,1000,4,701,0.000000,0.000000,0.000000,-2.000000,-1000.000000,-1000.000000,0.000000
2.0,1000,4,702,0.000000,0.000000,0.000000,-2.000000,-1000.000000,-1000.000000,0.000000
2.0,1000,4,703,6.529563,1875.802327,0.000527,4.529563,875.802327,-999.999473,0.364140
2.0,1000,4,704,0.000000,0.000000,0.000000,-2.000000,-1000.000000,-1000.000000,0.000000
2.0,1000,4,705,6.119335,1754.527351,0.000000,4.119335,754.527351,-1000.000000,0.594241
2.0,1000,4,706,30.447128,2131.713604,0.000105,28.447128,1131.713604,-999.999895,0.577673
2.0,1000,4,707,0.000000,0.000000,0.000000,-2.000000,-1000.000000,-1000.000000,0.000000
2.0,1000,4,708,0.000000,0.000000,0.000000,-2.000000,-1000.000000,-1000.000000,0.000000
2.0,1000,4,709,4.080663,2321.127078,0.000312,2.080663,1321.127078,-999.999688,0.826355
2.0,1000,4,710,3.581530,1612.161238,464.463105,1.581530,612.161238,-535.536895,0.723253
2.0,1000,4,711,0.000000,0.000000,0.000000,-2.000000,-1000.000000,-1000.000000,0.000000
2.0,1000,4,712,7.994114,2001.326668,0.000013,5.994114,1001.326668,-999.999987,0.832614
2.0,1000,4,713,0.000000,0.000000,0.000000,-2.000000,-1000.000000,-1000.000000,0.000000
2.0,1000,4,714,0.000000,0.000000,0.000000,-2.000000,-1000.000000,-1000.000000,0.000000
2.0,1000,4,715,0.000000,0.000000,0.000000,-2.000000,-1000.000000,-1000.000000,0.000000
2.0,1000,4,716,0.000000,0.000000,0.000000,-2.000000,-1000.000000,-1000.000000,0.000000
2.0,1000,4,717,8.344735,2149.963627,0.000364,6.344735,1149.963627,-999.999636,0.263202
2.0,1000,4,718,0.000000,0.000000,0.000000,-2.000000,-1000.000000,-1000.000000,0.000000
2.0,1000,4,719,7.230835,2197.385098,0.000000,5.230835,1197.385098,-1000.000000,0.813385
2.0,1000,4,720,4.502925,2046.683660,0.000000,2.502925,1046.683660,-1000.000000,0.479552
2.0,1000,4,721,4.725079,1822.887792,0.000334,2.725079,822.887792,-999.999666,0.835195
2.0,1000,4,722,5.911832,2340.054737,0.000363,3.911832,1340.054737,-999.999637,0.696447
2.0,1000,4,723,0.000000,0.000000,0.000000,-2.000000,-1000.000000,-1000.000000,0.000000
2.0,1000,4,724,11.449488,1694.589697,0.000330,9.449488,694.589697,-999.999670,0.688143
2.0,1000,4,725,0.000000,0.000000,0.000000,-2.000000,-1000.000000,-1000.000000,0.000000
2.0,1000,4,726,13.322262,1807.368212,0.000748,11.322262,807.368212,-999.999252,0.715934
2.0,1000,4,727,3.172033,1766.929916,612.693725,1.172033,766.929916,-387.306275,0.699945
2.0,1000,4,728,10.828829,1567.967328,0.000257,8.828829,567.967328,-999.999743,0.798052
2.0,1000,4,729,0.000000,0.000000,0.000000,-2.000000,-1000.000000,-1000.000000,0.000000
2.0,1000,4,730,9.255009,1729.583314,0.000366,7.255009,729.583314,-999.999634,0.691976
2.0,1000,4,731,0.000000,0.000000,0.000000,-2.000000,-1000.000000,-1000.000000,0.000000
2.0,1000,4,732,0.000000,0.000000,0.000000,-2.000000,-1000.000000,-1000.000000,0.000000
2.0,1000,4,733,9.011376,1707.628831,0.000000,7.011376,707.628831,-1000.000000,-0.100425
2.0,1000,4,734,4.988133,2106.436908,0.000685,2.988133,1106.436908,-999.999315,0.725147
2.0,1000,4,735,6.474107,2089.814225,0.000154,4.474107,1089.814225,-999.999846,0.659986
2.0,1000,4,736,8.612400,2074.310789,0.000187,6.612400,1074.310789,-999.999813,0.646186
2.0,1000,4,737,0.000000,0.000000,0.000000,-2.000000,-1000.000000,-1000.000000,0.000000
2.0,1000,4,738,0.000000,0.000000,0.000000,-2.000000,-1000.000000,-1000.000000,0.000000
2.0,1000,4,739,0.000000,0.000000,0.000000,-2.000000,-1000.000000,-1000.000000,0.000000
2.0,1000,4,740,0.000000,0.000000,0.000000,-2.000000,-1000.000000,-1000.000000,0.000000
2.0,1000,4,741,0.000000,0.000000,0.000000,-2.000000,-1000.000000,-1000.000000,0.000000
2.0,1000,4,742,7.813213,2181.519825,0.000261,5.813213,1181.519825,-999.999739,0.689034
2.0,1000,4,743,0.000000,0.000000,0.000000,-2.000000,-1000.000000,-1000.000000,0.000000
2.0,1000,4,744,0.000000,0.000000,0.000000,-2.000000,-1000.000000,-1000.000000,0.000000
2.0,1000,4,745,6.484561,1828.881703,0.000064,4.484561,828.881703,-999.999936,0.887126
2.0,1000,4,746,10.178866,1885.083699,0.000000,8.178866,885.083699,-1000.000000,0.556563
2.0,1000,4,747,0.000000,0.000000,0.000000,-2.000000,-1000.000000,-1000.000000,0.000000
2.0,1000,4,748,14.065962,1679.842512,0.000262,12.065962,679.842512,-999.999738,0.842259
2.0,1000,4,749,0.000000,0.000000,0.000000,-2.000000,-1000.000000,-1000.000000,0.000000
2.0,1000,4,750,6.424587,1714.869935,0.000271,4.424587,714.869935,-999.999729,0.523726
2.0,1000,4,751,4.108533,2238.707407,0.000000,2.108533,1238.707407,-1000.000000,0.689331
2.0,1000,4,752,13.167787,1531.576513,0.000308,11.167787,531.576513,-999.999692,-0.004307
2.0,1000,4,753,7.249441,1500.423084,0.000264,5.249441,500.423084,-999.999736,0.659825
2.0,1000,4,754,0.000000,0.000000,0.000000,-2.000000,-1000.000000,-1000.000000,0.000000
2.0,1000,4,755,0.000000,0.000000,0.000000,-2.000000,-1000.000000,-1000.000000,0.000000
2.0,1000,4,756,0.000000,0.000000,0.000000,-2.000000,-1000.000000,-1000.000000,0.000000
2.0,1000,4,757,0.000000,0.000000,0.000000,-2.000000,-1000.000000,-1000.000000,0.000000
2.0,1000,4,758,5.675304,2223.309508,0.000339,3.675304,1223.309508,-999.999661,0.650977
2.0,1000,4,759,5.945516,2487.346572,0.000000,3.945516,1487.346572,-1000.000000,0.586231
2.0,1000,4,760,14.277638,2003.434664,0.000293,12.277638,1003.434664,-999.999707,0.705746
2.0,1000,4,761,0.000000,0.000000,0.000000,-2.000000,-1000.000000,-1000.000000,0.000000
2.0,1000,4,762,0.000000,0.000000,0.000000,-2.000000,-1000.000000,-1000.000000,0.000000
2.0,1000,4,763,0.000000,0.000000,0.000000,-2.000000,-1000.000000,-1000.000000,0.000000
2.0,1000,4,764,0.000000,0.000000,0.000000,-2.000000,-1000.000000,-1000.000000,0.000000
2.0,1000,4,765,9.804898,1785.844236,0.000374,7.804898,785.844236,-999.999626,0.824007
2.0,1000,4,766,0.000000,0.000000,0.000000,-2.000000,-1000.000000,-1000.000000,0.000000
2.0,1000,4,767,0.000000,0.000000,0.000000,-2.000000,-1000.000000,-1000.000000,0.000000
2.0,1000,4,768,13.649048,1943.827015,0.000341,11.649048,943.827015,-999.999659,0.545387
2.0,1000,4,769,0.000000,0.000000,0.000000,-2.000000,-1000.000000,-1000.000000,0.000000
2.0,1000,4,770,9.449621,2692.427916,0.000262,7.449621,1692.427916,-999.999738,0.836643
2.0,1000,4,771,0.000000,0.000000,0.000000,-2.000000,-1000.000000,-1000.000000,0.000000
2.0,1000,4,772,0.000000,0.000000,0.000000,-2.000000,-1000.000000,-1000.000000,0.000000
2.0,1000,4,773,10.683377,1729.823411,0.000107,8.683377,729.823411,-999.999893,0.613447
2.0,1000,4,774,15.245527,1460.628902,0.000648,13.245527,460.628902,-999.999352,0.660586
2.0,1000,4,775,5.575865,1682.069800,0.000469,3.575865,682.069800,-999.999531,0.747607
2.0,1000,4,776,7.961289,1839.793045,0.000253,5.961289,839.793045,-999.999747,0.294338
2.0,1000,4,777,12.963845,2269.226707,0.000298,10.963845,1269.226707,-999.999702,0.721313
2.0,1000,4,778,8.770156,1978.875000,0.000389,6.770156,978.875000,-999.999611,0.716894
2.0,1000,4,779,10.870238,1873.472134,0.000785,8.870238,873.472134,-999.999215,0.789651
2.0,1000,4,780,0.000000,0.000000,0.000000,-2.000000,-1000.000000,-1000.000000,0.000000
2.0,1000,4,781,0.000000,0.000000,0.000000,-2.000000,-1000.000000,-1000.000000,0.000000
2.0,1000,4,782,6.093312,2108.318082,0.000350,4.093312,1108.318082,-999.999650,0.645553
2.0,1000,4,783,0.000000,0.000000,0.000000,-2.000000,-1000.000000,-1000.000000,0.000000
2.0,1000,4,784,15.538194,2144.998251,0.000820,13.538194,1144.998251,-999.999180,0.689758
2.0,1000,4,785,6.829590,1636.094652,0.000064,4.829590,636.094652,-999.999936,0.858700
2.0,1000,4,786,0.000000,0.000000,0.000000,-2.000000,-1000.000000,-1000.000000,0.000000
2.0,1000,4,787,5.151978,1923.088220,0.000290,3.151978,923.088220,-999.999710,0.565872
2.0,1000,4,788,12.036482,2130.204574,0.000000,10.036482,1130.204574,-1000.000000,-0.167941
2.0,1000,4,789,0.000000,0.000000,0.000000,-2.000000,-1000.000000,-1000.000000,0.000000
2.0,1000,4,790,0.000000,0.000000,0.000000,-2.000000,-1000.000000,-1000.000000,0.000000
2.0,1000,4,791,10.017976,1912.628300,0.000180,8.017976,912.628300,-999.999820,0.732848
2.0,1000,4,792,7.174390,2203.812599,0.000254,5.174390,1203.812599,-999.999746,0.688507
2.0,1000,4,793,0.000000,0.000000,0.000000,-2.000000,-1000.000000,-1000.000000,0.000000
2.0,1000,4,794,8.979124,1655.290235,0.000000,6.979124,655.290235,-1000.000000,0.679381
2.0,1000,4,795,0.000000,0.000000,0.000000,-2.000000,-1000.000000,-1000.000000,0.000000
2.0,1000,4,796,5.024259,2284.413697,0.000298,3.024259,1284.413697,-999.999702,0.767546
2.0,1000,4,797,14.926335,1598.109671,0.000339,12.926335,598.109671,-999.999661,0.787585
2.0,1000,4,798,10.358883,2040.349256,0.000000,8.358883,1040.349256,-1000.000000,0.503568
2.0,1000,4,799,4.637079,2053.630801,0.000000,2.637079,1053.630801,-1000.000000,0.620116
2.0,1000,4,800,14.797924,2301.901921,0.000000,12.797924,1301.901921,-1000.000000,-0.296588
2.0,1000,4,801,0.000000,0.000000,0.000000,-2.000000,-1000.000000,-1000.000000,0.000000
2.0,1000,4,802,14.641093,2157.158105,0.000310,12.641093,1157.158105,-999.999690,0.634949
2.0,1000,4,803,12.623464,2050.849911,0.000000,10.623464,1050.849911,-1000.000000,0.181019
2.0,1000,4,804,5.462185,2029.258453,0.000177,3.462185,1029.258453,-999.999823,0.855351
2.0,1000,4,805,0.000000,0.000000,0.000000,-2.000000,-1000.000000,-1000.000000,0.000000
2.0,1000,4,806,11.560307,2209.289540,0.000139,9.560307,1209.289540,-999.999861,0.610621
2.0,1000,4,807,5.524657,2374.730625,0.000040,3.524657,1374.730625,-999.999960,0.838169
2.0,1000,4,808,0.000000,0.000000,0.000000,-2.000000,-1000.000000,-1000.000000,0.000000
2.0,1000,4,809,12.544421,2231.184998,0.000330,10.544421,1231.184998,-999.999670,0.709878
2.0,1000,4,810,6.069060,1831.309520,0.000000,4.069060,831.309520,-1000.000000,0.479016
2.0,1000,4,811,0.000000,0.000000,0.000000,-2.000000,-1000.000000,-1000.000000,0.000000
2.0,1000,4,812,6.641581,1777.275078,0.000242,4.641581,777.275078,-999.999758,0.828329
2.0,1000,4,813,5.026883,2296.164592,0.000612,3.026883,1296.164592,-999.999388,0.655398
2.0,1000,4,814,0.000000,0.000000,0.000000,-2.000000,-1000.000000,-1000.000000,0.000000
2.0,1000,4,815,0.000000,0.000000,0.000000,-2.000000,-1000.000000,-1000.000000,0.000000
2.0,1000,4,816,7.632502,2182.773944,0.000292,5.632502,1182.773944,-999.999708,0.766293
2.0,1000,4,817,10.546242,1930.393347,0.000168,8.546242,930.393347,-999.999832,0.479488
2.0,1000,4,818,4.118449,2254.411923,0.000000,2.118449,1254.411923,-1000.000000,0.693744
2.0,1000,4,819,0.000000,0.000000,0.000000,-2.000000,-1000.000000,-1000.000000,0.000000
2.0,1000,4,820,0.000000,0.000000,0.000000,-2.000000,-1000.000000,-1000.000000,0.000000
2.0,1000,4,821,6.825137,1790.194060,0.000352,4.825137,790.194060,-999.999648,0.860052
2.0,1000,4,822,0.000000,0.000000,0.000000,-2.000000,-1000.000000,-1000.000000,0.000000
2.0,1000,4,823,0.000000,0.000000,0.000000,-2.000000,-1000.000000,-1000.000000,0.000000
2.0,1000,4,824,4.688237,1634.657229,0.000127,2.688237,634.657229,-999.999873,0.836458
2.0,1000,4,825,4.056520,2554.928609,0.000000,2.056520,1554.928609,-1000.000000,0.290054
2.0,1000,4,826,5.336440,1831.190830,0.000652,3.336440,831.190830,-999.999348,0.456228
2.0,1000,4,827,8.538736,1879.818491,0.000163,6.538736,879.818491,-999.999837,0.641175
2.0,1000,4,828,4.060067,2073.440407,0.000000,2.060067,1073.440407,-1000.000000,0.577116
2.0,1000,4,829,0.000000,0.000000,0.000000,-2.000000,-1000.000000,-1000.000000,0.000000
2.0,1000,4,830,15.510249,1832.914472,0.000761,13.510249,832.914472,-999.999239,0.721947
2.0,1000,4,831,0.000000,0.000000,0.000000,-2.000000,-1000.000000,-1000.000000,0.000000
2.0,1000,4,832,7.625167,1799.947672,0.000265,5.625167,799.947672,-999.999735,0.625598
2.0,1000,4,833,6.606178,1416.355517,0.000311,4.606178,416.355517,-999.999689,0.574426
2.0,1000,4,834,8.210928,2048.755082,0.000317,6.210928,1048.755082,-999.999683,0.765011
2.0,1000,4,835,0.000000,0.000000,0.000000,-2.000000,-1000.000000,-1000.000000,0.000000
2.0,1000,4,836,9.409884,2343.659453,0.000000,7.409884,1343.659453,-1000.000000,0.145863
2.0,1000,4,837,0.000000,0.000000,0.000000,-2.000000,-1000.000000,-1000.000000,0.000000
2.0,1000,4,838,0.000000,0.000000,0.000000,-2.000000,-1000.000000,-1000.000000,0.000000
2.0,1000,4,839,7.439836,1800.882736,0.000206,5.439836,800.882736,-999.999794,0.905449
2.0,1000,4,840,5.997114,1929.036831,0.000212,3.997114,929.036831,-999.999788,0.886505
2.0,1000,4,841,0.000000,0.000000,0.000000,-2.000000,-1000.000000,-1000.000000,0.000000
2.0,1000,4,842,3.671514,925.221114,1310.936160,1.671514,-74.778886,310.936160,0.710718
2.0,1000,4,843,7.976007,2216.288386,0.000337,5.976007,1216.288386,-999.999663,0.352581
2.0,1000,4,844,0.000000,0.000000,0.000000,-2.000000,-1000.000000,-1000.000000,0.000000
2.0,1000,4,845,0.000000,0.000000,0.000000,-2.000000,-1000.000000,-1000.000000,0.000000
2.0,1000,4,846,0.000000,0.000000,0.000000,-2.000000,-1000.000000,-1000.000000,0.000000
2.0,1000,4,847,0.000000,0.000000,0.000000,-2.000000,-1000.000000,-1000.000000,0.000000
2.0,1000,4,848,10.140721,1951.696557,0.000000,8.140721,951.696557,-1000.000000,0.132664
2.0,1000,4,849,0.000000,0.000000,0.000000,-2.000000,-1000.000000,-1000.000000,0.000000
2.0,1000,4,850,3.522248,1247.529595,568.617697,1.522248,247.529595,-431.382303,0.720690
2.0,1000,4,851,0.000000,0.000000,0.000000,-2.000000,-1000.000000,-1000.000000,0.000000
2.0,1000,4,852,10.106112,1739.681213,0.000353,8.106112,739.681213,-999.999647,0.818258
2.0,1000,4,853,0.000000,0.000000,0.000000,-2.000000,-1000.000000,-1000.000000,0.000000
2.0,1000,4,854,8.664621,1705.881709,0.000043,6.664621,705.881709,-999.999957,0.788477
2.0,1000,4,855,10.235496,1942.388471,0.000184,8.235496,942.388471,-999.999816,0.570775
2.0,1000,4,856,8.036001,2143.307694,0.000000,6.036001,1143.307694,-1000.000000,0.624255
2.0,1000,4,857,0.000000,0.000000,0.000000,-2.000000,-1000.000000,-1000.000000,0.000000
2.0,1000,4,858,6.864641,2489.467356,0.000366,4.864641,1489.467356,-999.999634,0.643370
2.0,1000,4,859,7.054805,2049.991136,0.000281,5.054805,1049.991136,-999.999719,0.728443
2.0,1000,4,860,0.000000,0.000000,0.000000,-2.000000,-1000.000000,-1000.000000,0.000000
2.0,1000,4,861,0.000000,0.000000,0.000000,-2.000000,-1000.000000,-1000.000000,0.000000
2.0,1000,4,862,0.000000,0.000000,0.000000,-2.000000,-1000.000000,-1000.000000,0.000000
2.0,1000,4,863,0.000000,0.000000,0.000000,-2.000000,-1000.000000,-1000.000000,0.000000
2.0,1000,4,864,0.000000,0.000000,0.000000,-2.000000,-1000.000000,-1000.000000,0.000000
2.0,1000,4,865,0.000000,0.000000,0.000000,-2.000000,-1000.000000,-1000.000000,0.000000
2.0,1000,4,866,19.354236,2191.381622,0.000021,17.354236,1191.381622,-999.999979,-0.017830
2.0,1000,4,867,0.000000,0.000000,0.000000,-2.000000,-1000.000000,-1000.000000,0.000000
2.0,1000,4,868,0.000000,0.000000,0.000000,-2.000000,-1000.000000,-1000.000000,0.000000
2.0,1000,4,869,0.000000,0.000000,0.000000,-2.000000,-1000.000000,-1000.000000,0.000000
2.0,1000,4,870,0.000000,0.000000,0.000000,-2.000000,-1000.000000,-1000.000000,0.000000
2.0,1000,4,871,0.000000,0.000000,0.000000,-2.000000,-1000.000000,-1000.000000,0.000000
2.0,1000,4,872,8.092974,1785.722143,0.000053,6.092974,785.722143,-999.999947,0.741053
2.0,1000,4,873,7.010685,2059.502516,0.000075,5.010685,1059.502516,-999.999925,0.861480
2.0,1000,4,874,0.000000,0.000000,0.000000,-2.000000,-1000.000000,-1000.000000,0.000000
2.0,1000,4,875,0.000000,0.000000,0.000000,-2.000000,-1000.000000,-1000.000000,0.000000
2.0,1000,4,876,8.861897,2064.719830,0.000099,6.861897,1064.719830,-999.999901,0.722039
2.0,1000,4,877,11.605884,2251.130134,0.000284,9.605884,1251.130134,-999.999716,0.765790
2.0,1000,4,878,10.469137,1887.521226,0.000101,8.469137,887.521226,-999.999899,0.650305
2.0,1000,4,879,12.887769,2480.469522,0.000236,10.887769,1480.469522,-999.999764,0.726688
2.0,1000,4,880,6.415219,1980.624509,0.000065,4.415219,980.624509,-999.999935,0.903985
2.0,1000,4,881,13.403423,1672.004300,0.000013,11.403423,672.004300,-999.999987,0.895030
2.0,1000,4,882,0.000000,0.000000,0.000000,-2.000000,-1000.000000,-1000.000000,0.000000
2.0,1000,4,883,0.000000,0.000000,0.000000,-2.000000,-1000.000000,-1000.000000,0.000000
2.0,1000,4,884,2.901647,1217.432953,614.250018,0.901647,217.432953,-385.749982,0.582751
2.0,1000,4,885,5.335174,1859.695575,0.000298,3.335174,859.695575,-999.999702,0.837966
2.0,1000,4,886,0.000000,0.000000,0.000000,-2.000000,-1000.000000,-1000.000000,0.000000
2.0,1000,4,887,0.000000,0.000000,0.000000,-2.000000,-1000.000000,-1000.000000,0.000000
2.0,1000,4,888,6.445489,1610.291196,0.000352,4.445489,610.291196,-999.999648,0.646838
2.0,1000,4,889,15.945467,1783.816788,0.002409,13.945467,783.816788,-999.997591,0.690163
2.0,1000,4,890,5.953074,1669.060239,0.000290,3.953074,669.060239,-999.999710,0.766471
2.0,1000,4,891,11.635475,2230.771325,0.000000,9.635475,1230.771325,-1000.000000,0.462081
2.0,1000,4,892,2.307475,1054.816355,1146.779643,0.307475,54.816355,146.779643,0.567227
2.0,1000,4,893,8.997719,2009.836060,0.000586,6.997719,1009.836060,-999.999414,0.907032
2.0,1000,4,894,9.237261,1635.162105,0.000000,7.237261,635.162105,-1000.000000,-0.016270
2.0,1000,4,895,7.960589,1756.904607,0.000000,5.960589,756.904607,-1000.000000,0.349470
2.0,1000,4,896,9.490767,2382.389541,0.000115,7.490767,1382.389541,-999.999885,0.735987
2.0,1000,4,897,0.000000,0.000000,0.000000,-2.000000,-1000.000000,-1000.000000,0.000000
2.0,1000,4,898,0.000000,0.000000,0.000000,-2.000000,-1000.000000,-1000.000000,0.000000
2.0,1000,4,899,11.033310,1736.479967,0.000241,9.033310,736.479967,-999.999759,0.792130
2.0,1000,4,900,0.000000,0.000000,0.000000,-2.000000,-1000.000000,-1000.000000,0.000000
2.0,1000,4,901,16.072476,2075.734976,0.000584,14.072476,1075.734976,-999.999416,0.606712
2.0,1000,4,902,0.000000,0.000000,0.000000,-2.000000,-1000.000000,-1000.000000,0.000000
2.0,1000,4,903,12.715965,1658.456272,0.000383,10.715965,658.456272,-999.999617,0.651013
2.0,1000,4,904,4.275543,2364.301160,0.000441,2.275543,1364.301160,-999.999559,0.778748
2.0,1000,4,905,9.853304,1765.058649,0.000386,7.853304,765.058649,-999.999614,0.516532
2.0,1000,4,906,0.000000,0.000000,0.000000,-2.000000,-1000.000000,-1000.000000,0.000000
2.0,1000,4,907,0.000000,0.000000,0.000000,-2.000000,-1000.000000,-1000.000000,0.000000
2.0,1000,4,908,4.348594,2578.702055,0.001665,2.348594,1578.702055,-999.998335,0.577419
2.0,1000,4,909,0.000000,0.000000,0.000000,-2.000000,-1000.000000,-1000.000000,0.000000
2.0,1000,4,910,0.000000,0.000000,0.000000,-2.000000,-1000.000000,-1000.000000,0.000000
2.0,1000,4,911,0.000000,0.000000,0.000000,-2.000000,-1000.000000,-1000.000000,0.000000
2.0,1000,4,912,0.000000,0.000000,0.000000,-2.000000,-1000.000000,-1000.000000,0.000000
2.0,1000,4,913,5.525333,2298.083774,0.000000,3.525333,1298.083774,-1000.000000,-0.234000
2.0,1000,4,914,4.810394,2056.865992,0.000715,2.810394,1056.865992,-999.999285,0.645561
2.0,1000,4,915,8.186225,2027.698822,0.000000,6.186225,1027.698822,-1000.000000,0.172675
2.0,1000,4,916,0.000000,0.000000,0.000000,-2.000000,-1000.000000,-1000.000000,0.000000
2.0,1000,4,917,0.000000,0.000000,0.000000,-2.000000,-1000.000000,-1000.000000,0.000000
2.0,1000,4,918,0.000000,0.000000,0.000000,-2.000000,-1000.000000,-1000.000000,0.000000
2.0,1000,4,919,10.791404,1793.880251,0.000390,8.791404,793.880251,-999.999610,0.769891
2.0,1000,4,920,0.000000,0.000000,0.000000,-2.000000,-1000.000000,-1000.000000,0.000000
2.0,1000,4,921,0.000000,0.000000,0.000000,-2.000000,-1000.000000,-1000.000000,0.000000
2.0,1000,4,922,0.000000,0.000000,0.000000,-2.000000,-1000.000000,-1000.000000,0.000000
2.0,1000,4,923,0.000000,0.000000,0.000000,-2.000000,-1000.000000,-1000.000000,0.000000
2.0,1000,4,924,8.900823,1409.590610,0.000099,6.900823,409.590610,-999.999901,0.843845
2.0,1000,4,925,8.439571,1795.634963,0.000000,6.439571,795.634963,-1000.000000,0.398175
2.0,1000,4,926,0.000000,0.000000,0.000000,-2.000000,-1000.000000,-1000.000000,0.000000
2.0,1000,4,927,0.000000,0.000000,0.000000,-2.000000,-1000.000000,-1000.000000,0.000000
2.0,1000,4,928,17.081135,2216.608257,0.000437,15.081135,1216.608257,-999.999563,0.701466
2.0,1000,4,929,6.501225,1674.430259,0.000000,4.501225,674.430259,-1000.000000,0.551479
2.0,1000,4,930,0.000000,0.000000,0.000000,-2.000000,-1000.000000,-1000.000000,0.000000
2.0,1000,4,931,0.000000,0.000000,0.000000,-2.000000,-1000.000000,-1000.000000,0.000000
2.0,1000,4,932,11.973077,1849.936476,0.000038,9.973077,849.936476,-999.999962,0.875277
2.0,1000,4,933,7.162922,2135.916622,0.000000,5.162922,1135.916622,-1000.000000,-0.240880
2.0,1000,4,934,0.000000,0.000000,0.000000,-2.000000,-1000.000000,-1000.000000,0.000000
2.0,1000,4,935,0.000000,0.000000,0.000000,-2.000000,-1000.000000,-1000.000000,0.000000
2.0,1000,4,936,8.986159,2091.082522,0.000075,6.986159,1091.082522,-999.999925,0.768316
2.0,1000,4,937,0.000000,0.000000,0.000000,-2.000000,-1000.000000,-1000.000000,0.000000
2.0,1000,4,938,0.000000,0.000000,0.000000,-2.000000,-1000.000000,-1000.000000,0.000000
2.0,1000,4,939,0.000000,0.000000,0.000000,-2.000000,-1000.000000,-1000.000000,0.000000
2.0,1000,4,940,9.999806,2704.910889,0.000000,7.999806,1704.910889,-1000.000000,-0.596432
2.0,1000,4,941,0.000000,0.000000,0.000000,-2.000000,-1000.000000,-1000.000000,0.000000
2.0,1000,4,942,8.843726,2063.324984,0.000000,6.843726,1063.324984,-1000.000000,0.449127
2.0,1000,4,943,0.000000,0.000000,0.000000,-2.000000,-1000.000000,-1000.000000,0.000000
2.0,1000,4,944,0.000000,0.000000,0.000000,-2.000000,-1000.000000,-1000.000000,0.000000
2.0,1000,4,945,0.000000,0.000000,0.000000,-2.000000,-1000.000000,-1000.000000,0.000000
2.0,1000,4,946,0.000000,0.000000,0.000000,-2.000000,-1000.000000,-1000.000000,0.000000
2.0,1000,4,947,0.000000,0.000000,0.000000,-2.000000,-1000.000000,-1000.000000,0.000000
2.0,1000,4,948,0.000000,0.000000,0.000000,-2.000000,-1000.000000,-1000.000000,0.000000
2.0,1000,4,949,7.111403,2186.384695,0.000000,5.111403,1186.384695,-1000.000000,0.589444
2.0,1000,4,950,0.000000,0.000000,0.000000,-2.000000,-1000.000000,-1000.000000,0.000000
2.0,1000,4,951,0.000000,0.000000,0.000000,-2.000000,-1000.000000,-1000.000000,0.000000
2.0,1000,4,952,18.745672,1599.913919,0.000346,16.745672,599.913919,-999.999654,0.415783
2.0,1000,4,953,0.000000,0.000000,0.000000,-2.000000,-1000.000000,-1000.000000,0.000000
2.0,1000,4,954,0.000000,0.000000,0.000000,-2.000000,-1000.000000,-1000.000000,0.000000
2.0,1000,4,955,2.729785,1369.598904,1070.083321,0.729785,369.598904,70.083321,0.679021
2.0,1000,4,956,3.999392,2233.985736,0.000000,1.999392,1233.985736,-1000.000000,0.592679
2.0,1000,4,957,0.000000,0.000000,0.000000,-2.000000,-1000.000000,-1000.000000,0.000000
2.0,1000,4,958,0.000000,0.000000,0.000000,-2.000000,-1000.000000,-1000.000000,0.000000
2.0,1000,4,959,0.000000,0.000000,0.000000,-2.000000,-1000.000000,-1000.000000,0.000000
2.0,1000,4,960,5.464590,1826.112362,0.000086,3.464590,826.112362,-999.999914,0.719712
2.0,1000,4,961,0.000000,0.000000,0.000000,-2.000000,-1000.000000,-1000.000000,0.000000
2.0,1000,4,962,5.429318,1863.138204,0.000000,3.429318,863.138204,-1000.000000,0.291048
2.0,1000,4,963,0.000000,0.000000,0.000000,-2.000000,-1000.000000,-1000.000000,0.000000
2.0,1000,4,964,8.820020,1747.380926,0.000029,6.820020,747.380926,-999.999971,0.776801
2.0,1000,4,965,14.726058,2187.704508,0.000000,12.726058,1187.704508,-1000.000000,0.612330
2.0,1000,4,966,0.000000,0.000000,0.000000,-2.000000,-1000.000000,-1000.000000,0.000000
2.0,1000,4,967,0.000000,0.000000,0.000000,-2.000000,-1000.000000,-1000.000000,0.000000
2.0,1000,4,968,8.955363,2235.926248,0.000139,6.955363,1235.926248,-999.999861,0.589480
2.0,1000,4,969,8.061197,1941.979421,0.000000,6.061197,941.979421,-1000.000000,0.046193
2.0,1000,4,970,0.000000,0.000000,0.000000,-2.000000,-1000.000000,-1000.000000,0.000000
2.0,1000,4,971,0.000000,0.000000,0.000000,-2.000000,-1000.000000,-1000.000000,0.000000
2.0,1000,4,972,5.780375,2156.967583,0.000000,3.780375,1156.967583,-1000.000000,0.359152
2.0,1000,4,973,2.261098,1731.545001,628.546079,0.261098,731.545001,-371.453921,0.625766
2.0,1000,4,974,17.515174,1689.088487,0.000080,15.515174,689.088487,-999.999920,0.727460
2.0,1000,4,975,5.855735,1945.277308,0.000000,3.855735,945.277308,-1000.000000,0.078462
2.0,1000,4,976,0.000000,0.000000,0.000000,-2.000000,-1000.000000,-1000.000000,0.000000
2.0,1000,4,977,7.360543,1611.113962,0.000253,5.360543,611.113962,-999.999747,0.730005
2.0,1000,4,978,0.000000,0.000000,0.000000,-2.000000,-1000.000000,-1000.000000,0.000000
2.0,1000,4,979,0.000000,0.000000,0.000000,-2.000000,-1000.000000,-1000.000000,0.000000
2.0,1000,4,980,0.000000,0.000000,0.000000,-2.000000,-1000.000000,-1000.000000,0.000000
2.0,1000,4,981,0.000000,0.000000,0.000000,-2.000000,-1000.000000,-1000.000000,0.000000
2.0,1000,4,982,0.000000,0.000000,0.000000,-2.000000,-1000.000000,-1000.000000,0.000000
2.0,1000,4,983,6.139191,2137.072624,0.000223,4.139191,1137.072624,-999.999777,0.838446
2.0,1000,4,984,0.000000,0.000000,0.000000,-2.000000,-1000.000000,-1000.000000,0.000000
2.0,1000,4,985,0.000000,0.000000,0.000000,-2.000000,-1000.000000,-1000.000000,0.000000
2.0,1000,4,986,0.000000,0.000000,0.000000,-2.000000,-1000.000000,-1000.000000,0.000000
2.0,1000,4,987,6.894791,1822.986452,0.000065,4.894791,822.986452,-999.999935,0.750866
2.0,1000,4,988,0.000000,0.000000,0.000000,-2.000000,-1000.000000,-1000.000000,0.000000
2.0,1000,4,989,0.000000,0.000000,0.000000,-2.000000,-1000.000000,-1000.000000,0.000000
2.0,1000,4,990,7.260532,1881.485899,0.000056,5.260532,881.485899,-999.999944,0.776662
2.0,1000,4,991,30.998570,1898.856975,0.000281,28.998570,898.856975,-999.999719,0.543820
2.0,1000,4,992,0.000000,0.000000,0.000000,-2.000000,-1000.000000,-1000.000000,0.000000
2.0,1000,4,993,0.000000,0.000000,0.000000,-2.000000,-1000.000000,-1000.000000,0.000000
2.0,1000,4,994,6.865118,2137.918053,0.000278,4.865118,1137.918053,-999.999722,0.787100
2.0,1000,4,995,0.000000,0.000000,0.000000,-2.000000,-1000.000000,-1000.000000,0.000000
2.0,1000,4,996,6.399811,2014.904564,0.000332,4.399811,1014.904564,-999.999668,0.731219
2.0,1000,4,997,6.514290,2156.976596,0.000000,4.514290,1156.976596,-1000.000000,0.256468
2.0,1000,4,998,9.026355,2102.670722,0.000000,7.026355,1102.670722,-1000.000000,0.454011
2.0,1000,4,999,2.537825,737.117175,1363.996701,0.537825,-262.882825,363.996701,0.637311
2.0,1000,4,1000,0.000000,0.000000,0.000000,-2.000000,-1000.000000,-1000.000000,0.000000
2.0,1000,4,1001,0.000000,0.000000,0.000000,-2.000000,-1000.000000,-1000.000000,0.000000
2.0,1000,4,1002,5.322518,2492.516650,0.000468,3.322518,1492.516650,-999.999532,0.710084
2.0,1000,4,1003,4.645901,2265.144212,0.000000,2.645901,1265.144212,-1000.000000,0.567895
2.0,1000,4,1004,2.939386,850.274236,1435.305339,0.939386,-149.725764,435.305339,0.629851
2.0,1000,4,1005,9.995844,2177.794071,0.000033,7.995844,1177.794071,-999.999967,0.644585
2.0,1000,4,1006,0.000000,0.000000,0.000000,-2.000000,-1000.000000,-1000.000000,0.000000
2.0,1000,4,1007,5.933325,1841.459476,0.000324,3.933325,841.459476,-999.999676,0.664551
2.0,1000,4,1008,0.000000,0.000000,0.000000,-2.000000,-1000.000000,-1000.000000,0.000000
2.0,1000,4,1009,19.403893,2088.015555,0.000311,17.403893,1088.015555,-999.999689,0.828801
2.0,1000,4,1010,16.315229,1453.097566,0.000093,14.315229,453.097566,-999.999907,0.850557
2.0,1000,4,1011,0.000000,0.000000,0.000000,-2.000000,-1000.000000,-1000.000000,0.000000
2.0,1000,4,1012,16.085631,1864.697419,0.000559,14.085631,864.697419,-999.999441,0.622600
2.0,1000,4,1013,0.000000,0.000000,0.000000,-2.000000,-1000.000000,-1000.000000,0.000000
2.0,1000,4,1014,7.481755,1914.738832,0.000258,5.481755,914.738832,-999.999742,0.691858
2.0,1000,4,1015,0.000000,0.000000,0.000000,-2.000000,-1000.000000,-1000.000000,0.000000
2.0,1000,4,1016,0.000000,0.000000,0.000000,-2.000000,-1000.000000,-1000.000000,0.000000
2.0,1000,4,1017,0.000000,0.000000,0.000000,-2.000000,-1000.000000,-1000.000000,0.000000
2.0,1000,4,1018,0.000000,0.000000,0.000000,-2.000000,-1000.000000,-1000.000000,0.000000
2.0,1000,4,1019,7.709631,1727.903442,0.000000,5.709631,727.903442,-1000.000000,0.579756
2.0,1000,4,1020,0.000000,0.000000,0.000000,-2.000000,-1000.000000,-1000.000000,0.000000
2.0,1000,4,1021,0.000000,0.000000,0.000000,-2.000000,-1000.000000,-1000.000000,0.000000
2.0,1000,4,1022,0.000000,0.000000,0.000000,-2.000000,-1000.000000,-1000.000000,0.000000
2.0,1000,4,1023,0.000000,0.000000,0.000000,-2.000000,-1000.000000,-1000.000000,0.000000
2.0,1000,4,1024,0.000000,0.000000,0.000000,-2.000000,-1000.000000,-1000.000000,0.000000
2.0,1000,4,1025,13.032788,2347.775493,0.000052,11.032788,1347.775493,-999.999948,0.558013
2.0,1000,4,1026,8.094682,1632.817773,0.000090,6.094682,632.817773,-999.999910,0.821931
2.0,1000,4,1027,0.000000,0.000000,0.000000,-2.000000,-1000.000000,-1000.000000,0.000000
2.0,1000,4,1028,8.024580,2202.051479,0.000111,6.024580,1202.051479,-999.999889,0.840621
2.0,1000,4,1029,0.000000,0.000000,0.000000,-2.000000,-1000.000000,-1000.000000,0.000000
2.0,1000,4,1030,6.512090,1739.818334,0.000068,4.512090,739.818334,-999.999932,0.900820
2.0,1000,4,1031,0.000000,0.000000,0.000000,-2.000000,-1000.000000,-1000.000000,0.000000
2.0,1000,4,1032,11.713132,2510.479923,0.000451,9.713132,1510.479923,-999.999549,-0.001816
2.0,1000,4,1033,0.000000,0.000000,0.000000,-2.000000,-1000.000000,-1000.000000,0.000000
2.0,1000,4,1034,0.000000,0.000000,0.000000,-2.000000,-1000.000000,-1000.000000,0.000000
2.0,1000,4,1035,0.000000,0.000000,0.000000,-2.000000,-1000.000000,-1000.000000,0.000000
2.0,1000,4,1036,7.125131,2018.242420,0.000367,5.125131,1018.242420,-999.999633,0.597801
2.0,1000,4,1037,0.000000,0.000000,0.000000,-2.000000,-1000.000000,-1000.000000,0.000000
2.0,1000,4,1038,0.000000,0.000000,0.000000,-2.000000,-1000.000000,-1000.000000,0.000000
2.0,1000,4,1039,6.303590,1673.831011,0.000228,4.303590,673.831011,-999.999772,0.838365
2.0,1000,4,1040,0.000000,0.000000,0.000000,-2.000000,-1000.000000,-1000.000000,0.000000
2.0,1000,4,1041,0.000000,0.000000,0.000000,-2.000000,-1000.000000,-1000.000000,0.000000
2.0,1000,4,1042,26.149394,2038.927662,0.000220,24.149394,1038.927662,-999.999780,0.900750
2.0,1000,4,1043,18.194383,1618.141076,0.000256,16.194383,618.141076,-999.999744,0.837774
2.0,1000,4,1044,11.779832,1913.536126,0.000342,9.779832,913.536126,-999.999658,0.777391
2.0,1000,4,1045,10.902911,2217.475802,0.000213,8.902911,1217.475802,-999.999787,0.804782
2.0,1000,4,1046,0.000000,0.000000,0.000000,-2.000000,-1000.000000,-1000.000000,0.000000
2.0,1000,4,1047,0.000000,0.000000,0.000000,-2.000000,-1000.000000,-1000.000000,0.000000
2.0,1000,4,1048,0.000000,0.000000,0.000000,-2.000000,-1000.000000,-1000.000000,0.000000
2.0,1000,4,1049,15.972320,1918.235311,0.000074,13.972320,918.235311,-999.999926,0.775227
2.0,1000,4,1050,0.000000,0.000000,0.000000,-2.000000,-1000.000000,-1000.000000,0.000000
2.0,1000,4,1051,0.000000,0.000000,0.000000,-2.000000,-1000.000000,-1000.000000,0.000000
2.0,1000,4,1052,11.487205,2006.646750,0.001494,9.487205,1006.646750,-999.998506,0.262105
2.0,1000,4,1053,0.000000,0.000000,0.000000,-2.000000,-1000.000000,-1000.000000,0.000000
2.0,1000,4,1054,0.000000,0.000000,0.000000,-2.000000,-1000.000000,-1000.000000,0.000000
2.0,1000,4,1055,0.000000,0.000000,0.000000,-2.000000,-1000.000000,-1000.000000,0.000000
2.0,1000,4,1056,0.000000,0.000000,0.000000,-2.000000,-1000.000000,-1000.000000,0.000000
2.0,1000,4,1057,6.130948,1990.652934,0.000000,4.130948,990.652934,-1000.000000,-0.608486
2.0,1000,4,1058,0.000000,0.000000,0.000000,-2.000000,-1000.000000,-1000.000000,0.000000
2.0,1000,4,1059,2.642129,1154.230542,912.880864,0.642129,154.230542,-87.119136,0.630566
2.0,1000,4,1060,0.000000,0.000000,0.000000,-2.000000,-1000.000000,-1000.000000,0.000000
2.0,1000,4,1061,6.770082,2168.841253,0.000054,4.770082,1168.841253,-999.999946,0.867948
2.0,1000,4,1062,0.000000,0.000000,0.000000,-2.000000,-1000.000000,-1000.000000,0.000000
2.0,1000,4,1063,7.876201,1913.167140,0.000358,5.876201,913.167140,-999.999642,0.654057
2.0,1000,4,1064,0.000000,0.000000,0.000000,-2.000000,-1000.000000,-1000.000000,0.000000
2.0,1000,4,1065,10.168510,2341.183326,0.000552,8.168510,1341.183326,-999.999448,0.859453
2.0,1000,4,1066,8.821930,1965.531583,0.000000,6.821930,965.531583,-1000.000000,0.316090
2.0,1000,4,1067,19.362196,1790.908185,0.000351,17.362196,790.908185,-999.999649,0.613041
2.0,1000,4,1068,0.000000,0.000000,0.000000,-2.000000,-1000.000000,-1000.000000,0.000000
2.0,1000,4,1069,0.000000,0.000000,0.000000,-2.000000,-1000.000000,-1000.000000,0.000000
2.0,1000,4,1070,0.000000,0.000000,0.000000,-2.000000,-1000.000000,-1000.000000,0.000000
2.0,1000,4,1071,0.000000,0.000000,0.000000,-2.000000,-1000.000000,-1000.000000,0.000000
2.0,1000,4,1072,0.000000,0.000000,0.000000,-2.000000,-1000.000000,-1000.000000,0.000000
2.0,1000,4,1073,0.000000,0.000000,0.000000,-2.000000,-1000.000000,-1000.000000,0.000000
2.0,1000,4,1074,8.675632,1606.089325,0.000066,6.675632,606.089325,-999.999934,0.735711
2.0,1000,4,1075,5.672881,2249.510426,0.000066,3.672881,1249.510426,-999.999934,0.879275
2.0,1000,4,1076,9.136632,2154.503791,0.000032,7.136632,1154.503791,-999.999968,0.883284
2.0,1000,4,1077,14.893051,2080.280349,0.000081,12.893051,1080.280349,-999.999919,0.850454
2.0,1000,4,1078,0.000000,0.000000,0.000000,-2.000000,-1000.000000,-1000.000000,0.000000
2.0,1000,4,1079,23.205540,1871.962694,0.000510,21.205540,871.962694,-999.999490,0.722665
2.0,1000,4,1080,29.555313,1781.557554,0.000238,27.555313,781.557554,-999.999762,0.784664
2.0,1000,4,1081,0.000000,0.000000,0.000000,-2.000000,-1000.000000,-1000.000000,0.000000
2.0,1000,4,1082,0.000000,0.000000,0.000000,-2.000000,-1000.000000,-1000.000000,0.000000
2.0,1000,4,1083,14.772664,2032.482927,0.000212,12.772664,1032.482927,-999.999788,0.801244
2.0,1000,4,1084,0.000000,0.000000,0.000000,-2.000000,-1000.000000,-1000.000000,0.000000
2.0,1000,4,1085,8.102117,1574.796859,0.000294,6.102117,574.796859,-999.999706,0.688213
2.0,1000,4,1086,7.271496,1781.778834,0.000292,5.271496,781.778834,-999.999708,0.773904
2.0,1000,4,1087,8.720360,2258.237147,0.000167,6.720360,1258.237147,-999.999833,0.679091
2.0,1000,4,1088,0.000000,0.000000,0.000000,-2.000000,-1000.000000,-1000.000000,0.000000
2.0,1000,4,1089,0.000000,0.000000,0.000000,-2.000000,-1000.000000,-1000.000000,0.000000
2.0,1000,4,1090,0.000000,0.000000,0.000000,-2.000000,-1000.000000,-1000.000000,0.000000
2.0,1000,4,1091,6.541004,2158.739514,0.000000,4.541004,1158.739514,-1000.000000,0.427634
2.0,1000,4,1092,0.000000,0.000000,0.000000,-2.000000,-1000.000000,-1000.000000,0.000000
2.0,1000,4,1093,5.211937,2044.277046,0.000442,3.211937,1044.277046,-999.999558,0.779376
2.0,1000,4,1094,0.000000,0.000000,0.000000,-2.000000,-1000.000000,-1000.000000,0.000000
2.0,1000,4,1095,0.000000,0.000000,0.000000,-2.000000,-1000.000000,-1000.000000,0.000000
2.0,1000,4,1096,6.191610,1895.857654,0.000000,4.191610,895.857654,-1000.000000,0.501489
2.0,1000,4,1097,8.280354,2235.071252,0.000000,6.280354,1235.071252,-1000.000000,0.623305
2.0,1000,4,1098,0.000000,0.000000,0.000000,-2.000000,-1000.000000,-1000.000000,0.000000
2.0,1000,4,1099,0.000000,0.000000,0.000000,-2.000000,-1000.000000,-1000.000000,0.000000
2.0,1000,4,1100,0.000000,0.000000,0.000000,-2.000000,-1000.000000,-1000.000000,0.000000
2.0,1000,4,1101,0.000000,0.000000,0.000000,-2.000000,-1000.000000,-1000.000000,0.000000
2.0,1000,4,1102,0.000000,0.000000,0.000000,-2.000000,-1000.000000,-1000.000000,0.000000
2.0,1000,4,1103,2.178333,941.332191,1351.173048,0.178333,-58.667809,351.173048,0.619816
2.0,1000,4,1104,7.882826,1872.018465,0.000000,5.882826,872.018465,-1000.000000,-0.148777
2.0,1000,4,1105,7.921119,2396.386583,0.000000,5.921119,1396.386583,-1000.000000,0.407177
2.0,1000,4,1106,4.206883,2428.578658,0.000000,2.206883,1428.578658,-1000.000000,0.181745
2.0,1000,4,1107,7.077769,2024.475316,0.000000,5.077769,1024.475316,-1000.000000,0.658775
2.0,1000,4,1108,8.677430,1802.046450,0.000000,6.677430,802.046450,-1000.000000,0.425985
2.0,1000,4,1109,9.281295,1789.613156,0.000000,7.281295,789.613156,-1000.000000,0.407012
2.0,1000,4,1110,0.000000,0.000000,0.000000,-2.000000,-1000.000000,-1000.000000,0.000000
2.0,1000,4,1111,9.597597,1770.167471,0.000657,7.597597,770.167471,-999.999343,0.119668
2.0,1000,4,1112,0.000000,0.000000,0.000000,-2.000000,-1000.000000,-1000.000000,0.000000
2.0,1000,4,1113,0.000000,0.000000,0.000000,-2.000000,-1000.000000,-1000.000000,0.000000
2.0,1000,4,1114,0.000000,0.000000,0.000000,-2.000000,-1000.000000,-1000.000000,0.000000
2.0,1000,4,1115,0.000000,0.000000,0.000000,-2.000000,-1000.000000,-1000.000000,0.000000
2.0,1000,4,1116,8.387999,1851.459781,0.000000,6.387999,851.459781,-1000.000000,0.444995
2.0,1000,4,1117,0.000000,0.000000,0.000000,-2.000000,-1000.000000,-1000.000000,0.000000
2.0,1000,4,1118,10.204505,1685.506414,0.000446,8.204505,685.506414,-999.999554,0.421599
2.0,1000,4,1119,10.673635,2132.839921,0.000089,8.673635,1132.839921,-999.999911,0.611504
2.0,1000,4,1120,14.642915,2123.189489,0.000314,12.642915,1123.189489,-999.999686,-0.051681
2.0,1000,4,1121,7.464482,2030.996135,0.000221,5.464482,1030.996135,-999.999779,0.764875
2.0,1000,4,1122,5.746510,1724.757323,0.000094,3.746510,724.757323,-999.999906,0.598863
2.0,1000,4,1123,0.000000,0.000000,0.000000,-2.000000,-1000.000000,-1000.000000,0.000000
2.0,1000,4,1124,6.608746,2353.786939,0.000144,4.608746,1353.786939,-999.999856,0.786637
2.0,1000,4,1125,5.160763,2236.131434,0.000000,3.160763,1236.131434,-1000.000000,0.120135
2.0,1000,4,1126,0.000000,0.000000,0.000000,-2.000000,-1000.000000,-1000.000000,0.000000
2.0,1000,4,1127,11.200272,1637.035276,0.000123,9.200272,637.035276,-999.999877,0.688407
2.0,1000,4,1128,7.349988,1915.183531,0.000261,5.349988,915.183531,-999.999739,0.313921
2.0,1000,4,1129,43.709701,1838.051555,0.000029,41.709701,838.051555,-999.999971,0.687450
2.0,1000,4,1130,0.000000,0.000000,0.000000,-2.000000,-1000.000000,-1000.000000,0.000000
2.0,1000,4,1131,0.000000,0.000000,0.000000,-2.000000,-1000.000000,-1000.000000,0.000000
2.0,1000,4,1132,6.346898,2499.078673,0.000000,4.346898,1499.078673,-1000.000000,0.737893
2.0,1000,4,1133,3.814755,1916.663071,0.000229,1.814755,916.663071,-999.999771,0.708157
2.0,1000,4,1134,0.000000,0.000000,0.000000,-2.000000,-1000.000000,-1000.000000,0.000000
2.0,1000,4,1135,0.000000,0.000000,0.000000,-2.000000,-1000.000000,-1000.000000,0.000000
2.0,1000,4,1136,0.000000,0.000000,0.000000,-2.000000,-1000.000000,-1000.000000,0.000000
2.0,1000,4,1137,0.000000,0.000000,0.000000,-2.000000,-1000.000000,-1000.000000,0.000000
2.0,1000,4,1138,0.000000,0.000000,0.000000,-2.000000,-1000.000000,-1000.000000,0.000000
2.0,1000,4,1139,0.000000,0.000000,0.000000,-2.000000,-1000.000000,-1000.000000,0.000000
2.0,1000,4,1140,0.000000,0.000000,0.000000,-2.000000,-1000.000000,-1000.000000,0.000000
2.0,1000,4,1141,9.556052,2378.688437,0.000299,7.556052,1378.688437,-999.999701,0.878614
2.0,1000,4,1142,7.112220,2249.485506,0.000317,5.112220,1249.485506,-999.999683,0.704771
2.0,1000,4,1143,0.000000,0.000000,0.000000,-2.000000,-1000.000000,-1000.000000,0.000000
2.0,1000,4,1144,0.000000,0.000000,0.000000,-2.000000,-1000.000000,-1000.000000,0.000000
2.0,1000,4,1145,11.805175,2013.001597,0.000068,9.805175,1013.001597,-999.999932,0.832765
2.0,1000,4,1146,0.000000,0.000000,0.000000,-2.000000,-1000.000000,-1000.000000,0.000000
2.0,1000,4,1147,6.424687,1525.819800,0.000271,4.424687,525.819800,-999.999729,0.782806
2.0,1000,4,1148,0.000000,0.000000,0.000000,-2.000000,-1000.000000,-1000.000000,0.000000
2.0,1000,4,1149,14.259002,2042.065688,0.000019,12.259002,1042.065688,-999.999981,0.290842
2.0,1000,4,1150,0.000000,0.000000,0.000000,-2.000000,-1000.000000,-1000.000000,0.000000
2.0,1000,4,1151,8.504334,1680.136517,0.000147,6.504334,680.136517,-999.999853,0.728813
2.0,1000,4,1152,0.000000,0.000000,0.000000,-2.000000,-1000.000000,-1000.000000,0.000000
2.0,1000,4,1153,0.000000,0.000000,0.000000,-2.000000,-1000.000000,-1000.000000,0.000000
2.0,1000,4,1154,0.000000,0.000000,0.000000,-2.000000,-1000.000000,-1000.000000,0.000000
2.0,1000,4,1155,0.000000,0.000000,0.000000,-2.000000,-1000.000000,-1000.000000,0.000000
2.0,1000,4,1156,0.000000,0.000000,0.000000,-2.000000,-1000.000000,-1000.000000,0.000000
2.0,1000,4,1157,4.464230,2154.336189,0.000790,2.464230,1154.336189,-999.999210,0.637652
2.0,1000,4,1158,10.534405,2313.782078,0.000000,8.534405,1313.782078,-1000.000000,0.013252
2.0,1000,4,1159,5.288866,1978.046348,0.000000,3.288866,978.046348,-1000.000000,0.468643
2.0,1000,4,1160,8.445941,2396.339993,0.000000,6.445941,1396.339993,-1000.000000,-0.190033
2.0,1000,4,1161,11.198325,2042.360435,0.000046,9.198325,1042.360435,-999.999954,0.883247
2.0,1000,4,1162,5.619147,2030.511589,0.000188,3.619147,1030.511589,-999.999812,0.749862
2.0,1000,4,1163,4.871171,2007.148026,0.000748,2.871171,1007.148026,-999.999252,0.649099
2.0,1000,4,1164,0.000000,0.000000,0.000000,-2.000000,-1000.000000,-1000.000000,0.000000
2.0,1000,4,1165,12.701535,2479.668982,0.000084,10.701535,1479.668982,-999.999916,0.860110
2.0,1000,4,1166,0.000000,0.000000,0.000000,-2.000000,-1000.000000,-1000.000000,0.000000
2.0,1000,4,1167,15.007144,2685.491856,0.000302,13.007144,1685.491856,-999.999698,0.712659
2.0,1000,4,1168,0.000000,0.000000,0.000000,-2.000000,-1000.000000,-1000.000000,0.000000
2.0,1000,4,1169,7.196792,1819.737971,0.000000,5.196792,819.737971,-1000.000000,0.695352
2.0,1000,4,1170,20.019454,1883.158323,0.000157,18.019454,883.158323,-999.999843,0.829258
2.0,1000,4,1171,0.000000,0.000000,0.000000,-2.000000,-1000.000000,-1000.000000,0.000000
2.0,1000,4,1172,0.000000,0.000000,0.000000,-2.000000,-1000.000000,-1000.000000,0.000000
2.0,1000,4,1173,4.736216,2650.637872,0.000721,2.736216,1650.637872,-999.999279,0.673487
2.0,1000,4,1174,0.000000,0.000000,0.000000,-2.000000,-1000.000000,-1000.000000,0.000000
2.0,1000,4,1175,9.122595,2101.076123,0.000168,7.122595,1101.076123,-999.999832,0.664001
2.0,1000,4,1176,0.000000,0.000000,0.000000,-2.000000,-1000.000000,-1000.000000,0.000000
2.0,1000,4,1177,28.594282,2023.108376,0.000547,26.594282,1023.108376,-999.999453,-0.396914
2.0,1000,4,1178,0.000000,0.000000,0.000000,-2.000000,-1000.000000,-1000.000000,0.000000
2.0,1000,4,1179,5.240239,2288.760461,0.000429,3.240239,1288.760461,-999.999571,0.572494
2.0,1000,4,1180,11.146820,2159.564995,0.000059,9.146820,1159.564995,-999.999941,0.687188
2.0,1000,4,1181,9.028851,1767.482916,0.000000,7.028851,767.482916,-1000.000000,0.119992
2.0,1000,4,1182,9.300590,1955.338544,0.000000,7.300590,955.338544,-1000.000000,0.348272
2.0,1000,4,1183,9.068588,1997.387393,0.000000,7.068588,997.387393,-1000.000000,0.272565
2.0,1000,4,1184,0.000000,0.000000,0.000000,-2.000000,-1000.000000,-1000.000000,0.000000
2.0,1000,4,1185,7.413427,1962.867416,0.000000,5.413427,962.867416,-1000.000000,0.264147
2.0,1000,4,1186,0.000000,0.000000,0.000000,-2.000000,-1000.000000,-1000.000000,0.000000
2.0,1000,4,1187,8.959042,2037.934796,0.000000,6.959042,1037.934796,-1000.000000,0.516621
2.0,1000,4,1188,5.033816,1737.440587,0.000244,3.033816,737.440587,-999.999756,0.559955
2.0,1000,4,1189,0.000000,0.000000,0.000000,-2.000000,-1000.000000,-1000.000000,0.000000
2.0,1000,4,1190,0.000000,0.000000,0.000000,-2.000000,-1000.000000,-1000.000000,0.000000
2.0,1000,4,1191,0.000000,0.000000,0.000000,-2.000000,-1000.000000,-1000.000000,0.000000
2.0,1000,4,1192,7.211437,1885.921845,0.000150,5.211437,885.921845,-999.999850,0.671377
2.0,1000,4,1193,6.374922,2035.295406,0.000000,4.374922,1035.295406,-1000.000000,0.329847
2.0,1000,4,1194,14.633575,1984.288507,0.000088,12.633575,984.288507,-999.999912,0.826386
2.0,1000,4,1195,7.422244,2183.108458,0.000318,5.422244,1183.108458,-999.999682,0.570725
2.0,1000,4,1196,4.510944,2231.901313,0.000100,2.510944,1231.901313,-999.999900,0.726336
2.0,1000,4,1197,10.398185,2183.765955,0.000197,8.398185,1183.765955,-999.999803,0.529323
2.0,1000,4,1198,5.695147,2182.727371,0.000235,3.695147,1182.727371,-999.999765,0.699997
2.0,1000,4,1199,0.000000,0.000000,0.000000,-2.000000,-1000.000000,-1000.000000,0.000000
2.0,1000,4,1200,8.397553,2359.655975,0.000000,6.397553,1359.655975,-1000.000000,-0.290852
2.0,1000,4,1201,6.767172,1853.323817,0.000232,4.767172,853.323817,-999.999768,0.859537
2.0,1000,4,1202,5.798191,2022.307955,0.000000,3.798191,1022.307955,-1000.000000,0.680065
2.0,1000,4,1203,0.000000,0.000000,0.000000,-2.000000,-1000.000000,-1000.000000,0.000000
2.0,1000,4,1204,6.852066,1944.778812,0.000176,4.852066,944.778812,-999.999824,0.709609
2.0,1000,4,1205,0.000000,0.000000,0.000000,-2.000000,-1000.000000,-1000.000000,0.000000
2.0,1000,4,1206,7.699640,1531.492872,0.000000,5.699640,531.492872,-1000.000000,0.515882
2.0,1000,4,1207,6.359068,2315.437926,0.000741,4.359068,1315.437926,-999.999259,0.096151
2.0,1000,4,1208,0.000000,0.000000,0.000000,-2.000000,-1000.000000,-1000.000000,0.000000
2.0,1000,4,1209,7.162740,2019.257319,0.000260,5.162740,1019.257319,-999.999740,0.783905
2.0,1000,4,1210,10.489972,2543.565604,0.000084,8.489972,1543.565604,-999.999916,0.755888
2.0,1000,4,1211,0.000000,0.000000,0.000000,-2.000000,-1000.000000,-1000.000000,0.000000
2.0,1000,4,1212,10.433096,1912.844808,0.000475,8.433096,912.844808,-999.999525,0.130783
2.0,1000,4,1213,8.481750,2239.278401,0.000000,6.481750,1239.278401,-1000.000000,0.627149
2.0,1000,4,1214,5.124962,2161.052009,0.000274,3.124962,1161.052009,-999.999726,0.726965
2.0,1000,4,1215,13.683375,1685.051080,0.000035,11.683375,685.051080,-999.999965,0.860991
2.0,1000,4,1216,0.000000,0.000000,0.000000,-2.000000,-1000.000000,-1000.000000,0.000000
2.0,1000,4,1217,8.631760,2101.420503,0.000000,6.631760,1101.420503,-1000.000000,0.296642
2.0,1000,4,1218,8.750230,1930.581449,0.000000,6.750230,930.581449,-1000.000000,0.081719
2.0,1000,4,1219,0.000000,0.000000,0.000000,-2.000000,-1000.000000,-1000.000000,0.000000
2.0,1000,4,1220,6.397805,1730.680766,0.000052,4.397805,730.680766,-999.999948,0.860639
2.0,1000,4,1221,0.000000,0.000000,0.000000,-2.000000,-1000.000000,-1000.000000,0.000000
2.0,1000,4,1222,8.495300,1593.589571,0.000177,6.495300,593.589571,-999.999823,0.654294
2.0,1000,4,1223,0.000000,0.000000,0.000000,-2.000000,-1000.000000,-1000.000000,0.000000
2.0,1000,4,1224,5.813270,1557.206688,0.000165,3.813270,557.206688,-999.999835,0.733952
2.0,1000,4,1225,4.880706,1848.740631,0.000375,2.880706,848.740631,-999.999625,0.693357
2.0,1000,4,1226,2.013128,531.559466,1357.067126,0.013128,-468.440534,357.067126,0.541717
2.0,1000,4,1227,0.000000,0.000000,0.000000,-2.000000,-1000.000000,-1000.000000,0.000000
2.0,1000,4,1228,25.635338,1631.938789,0.000248,23.635338,631.938789,-999.999752,0.700503
2.0,1000,4,1229,0.000000,0.000000,0.000000,-2.000000,-1000.000000,-1000.000000,0.000000
2.0,1000,4,1230,5.843552,1727.700835,0.000000,3.843552,727.700835,-1000.000000,0.475257
2.0,1000,4,1231,0.000000,0.000000,0.000000,-2.000000,-1000.000000,-1000.000000,0.000000
2.0,1000,4,1232,0.000000,0.000000,0.000000,-2.000000,-1000.000000,-1000.000000,0.000000
2.0,1000,4,1233,4.863492,2148.962129,0.000000,2.863492,1148.962129,-1000.000000,0.688291
2.0,1000,4,1234,0.000000,0.000000,0.000000,-2.000000,-1000.000000,-1000.000000,0.000000
2.0,1000,4,1235,5.340803,2042.541436,0.000000,3.340803,1042.541436,-1000.000000,0.702679
2.0,1000,4,1236,6.080969,2101.379451,0.000238,4.080969,1101.379451,-999.999762,0.824217
2.0,1000,4,1237,5.276280,2258.753535,0.000118,3.276280,1258.753535,-999.999882,0.687834
2.0,1000,4,1238,0.000000,0.000000,0.000000,-2.000000,-1000.000000,-1000.000000,0.000000
2.0,1000,4,1239,6.528750,1645.709714,0.000015,4.528750,645.709714,-999.999985,0.739827
2.0,1000,4,1240,0.000000,0.000000,0.000000,-2.000000,-1000.000000,-1000.000000,0.000000
2.0,1000,4,1241,0.000000,0.000000,0.000000,-2.000000,-1000.000000,-1000.000000,0.000000
2.0,1000,4,1242,14.207411,1956.718274,0.000105,12.207411,956.718274,-999.999895,0.892509
2.0,1000,4,1243,0.000000,0.000000,0.000000,-2.000000,-1000.000000,-1000.000000,0.000000
2.0,1000,4,1244,0.000000,0.000000,0.000000,-2.000000,-1000.000000,-1000.000000,0.000000
2.0,1000,4,1245,0.000000,0.000000,0.000000,-2.000000,-1000.000000,-1000.000000,0.000000
2.0,1000,4,1246,2.882302,502.526631,1037.129919,0.882302,-497.473369,37.129919,0.686406
2.0,1000,4,1247,0.000000,0.000000,0.000000,-2.000000,-1000.000000,-1000.000000,0.000000
2.0,1000,4,1248,33.307246,1715.445879,0.000559,31.307246,715.445879,-999.999441,0.591209
2.0,1000,4,1249,0.000000,0.000000,0.000000,-2.000000,-1000.000000,-1000.000000,0.000000
2.0,1000,4,1250,0.000000,0.000000,0.000000,-2.000000,-1000.000000,-1000.000000,0.000000
2.0,1000,4,1251,6.851100,1863.160819,0.000278,4.851100,863.160819,-999.999722,0.405582
2.0,1000,4,1252,0.000000,0.000000,0.000000,-2.000000,-1000.000000,-1000.000000,0.000000
2.0,1000,4,1253,0.000000,0.000000,0.000000,-2.000000,-1000.000000,-1000.000000,0.000000
2.0,1000,4,1254,7.791596,1886.658963,0.000276,5.791596,886.658963,-999.999724,0.614300
2.0,1000,4,1255,6.921563,1995.584405,0.000067,4.921563,995.584405,-999.999933,0.866028
2.0,1000,4,1256,7.447036,2212.598909,0.000171,5.447036,1212.598909,-999.999829,0.686070
2.0,1000,4,1257,0.000000,0.000000,0.000000,-2.000000,-1000.000000,-1000.000000,0.000000
2.0,1000,4,1258,31.001647,1541.474654,0.000760,29.001647,541.474654,-999.999240,0.656413
2.0,1000,4,1259,0.000000,0.000000,0.000000,-2.000000,-1000.000000,-1000.000000,0.000000
2.0,1000,4,1260,0.000000,0.000000,0.000000,-2.000000,-1000.000000,-1000.000000,0.000000
2.0,1000,4,1261,0.000000,0.000000,0.000000,-2.000000,-1000.000000,-1000.000000,0.000000
2.0,1000,4,1262,6.025081,2504.968434,0.000000,4.025081,1504.968434,-1000.000000,0.068172
2.0,1000,4,1263,14.275313,1654.154830,0.000772,12.275313,654.154830,-999.999228,0.716654
2.0,1000,4,1264,9.473638,2001.699311,0.000394,7.473638,1001.699311,-999.999606,0.509699
2.0,1000,4,1265,7.478497,1861.571095,0.000000,5.478497,861.571095,-1000.000000,-0.004051
2.0,1000,4,1266,10.088677,2547.230200,0.000000,8.088677,1547.230200,-1000.000000,0.515519
2.0,1000,4,1267,0.000000,0.000000,0.000000,-2.000000,-1000.000000,-1000.000000,0.000000
2.0,1000,4,1268,0.000000,0.000000,0.000000,-2.000000,-1000.000000,-1000.000000,0.000000
2.0,1000,4,1269,11.711449,1913.109412,0.000457,9.711449,913.109412,-999.999543,0.744835
2.0,1000,4,1270,42.236412,2071.299495,0.000117,40.236412,1071.299495,-999.999883,-0.296874
2.0,1000,4,1271,0.000000,0.000000,0.000000,-2.000000,-1000.000000,-1000.000000,0.000000
2.0,1000,4,1272,0.000000,0.000000,0.000000,-2.000000,-1000.000000,-1000.000000,0.000000
2.0,1000,4,1273,0.000000,0.000000,0.000000,-2.000000,-1000.000000,-1000.000000,0.000000
2.0,1000,4,1274,11.231568,2093.512315,0.000096,9.231568,1093.512315,-999.999904,0.892720
2.0,1000,4,1275,0.000000,0.000000,0.000000,-2.000000,-1000.000000,-1000.000000,0.000000
2.0,1000,4,1276,4.455093,2319.590960,0.000454,2.455093,1319.590960,-999.999546,0.645192
2.0,1000,4,1277,12.270229,1708.227293,0.000051,10.270229,708.227293,-999.999949,0.754583
2.0,1000,4,1278,0.000000,0.000000,0.000000,-2.000000,-1000.000000,-1000.000000,0.000000
2.0,1000,4,1279,8.004175,1728.022821,0.000000,6.004175,728.022821,-1000.000000,-0.395383
2.0,1000,4,1280,0.000000,0.000000,0.000000,-2.000000,-1000.000000,-1000.000000,0.000000
2.0,1000,4,1281,0.000000,0.000000,0.000000,-2.000000,-1000.000000,-1000.000000,0.000000
2.0,1000,4,1282,0.000000,0.000000,0.000000,-2.000000,-1000.000000,-1000.000000,0.000000
2.0,1000,4,1283,14.577837,2323.263103,0.000237,12.577837,1323.263103,-999.999763,0.878334
2.0,1000,4,1284,8.363397,2224.550414,0.000000,6.363397,1224.550414,-1000.000000,0.422038
2.0,1000,4,1285,25.164256,1949.453871,0.000327,23.164256,949.453871,-999.999673,0.350987
2.0,1000,4,1286,0.000000,0.000000,0.000000,-2.000000,-1000.000000,-1000.000000,0.000000
2.0,1000,4,1287,0.000000,0.000000,0.000000,-2.000000,-1000.000000,-1000.000000,0.000000
2.0,1000,4,1288,0.000000,0.000000,0.000000,-2.000000,-1000.000000,-1000.000000,0.000000
2.0,1000,4,1289,11.375521,2375.645007,0.000123,9.375521,1375.645007,-999.999877,0.854083
2.0,1000,4,1290,6.799072,2270.193802,0.000232,4.799072,1270.193802,-999.999768,0.810937
2.0,1000,4,1291,12.707515,1999.483401,0.000121,10.707515,999.483401,-999.999879,0.434973
2.0,1000,4,1292,0.000000,0.000000,0.000000,-2.000000,-1000.000000,-1000.000000,0.000000
2.0,1000,4,1293,5.133498,1987.244327,0.000000,3.133498,987.244327,-1000.000000,0.611833
2.0,1000,4,1294,0.000000,0.000000,0.000000,-2.000000,-1000.000000,-1000.000000,0.000000
2.0,1000,4,1295,6.407551,1807.842749,0.000000,4.407551,807.842749,-1000.000000,-0.450674
2.0,1000,4,1296,0.000000,0.000000,0.000000,-2.000000,-1000.000000,-1000.000000,0.000000
2.0,1000,4,1297,4.436690,2183.426055,0.000264,2.436690,1183.426055,-999.999736,0.767372
2.0,1000,4,1298,0.000000,0.000000,0.000000,-2.000000,-1000.000000,-1000.000000,0.000000
2.0,1000,4,1299,6.536233,2135.247038,0.000000,4.536233,1135.247038,-1000.000000,0.220102
2.0,1000,4,1300,13.605343,1647.129572,0.000054,11.605343,647.129572,-999.999946,0.722655
2.0,1000,4,1301,0.000000,0.000000,0.000000,-2.000000,-1000.000000,-1000.000000,0.000000
2.0,1000,4,1302,6.331626,1789.800510,0.000278,4.331626,789.800510,-999.999722,0.751325
2.0,1000,4,1303,0.000000,0.000000,0.000000,-2.000000,-1000.000000,-1000.000000,0.000000
2.0,1000,4,1304,11.219289,1616.790159,0.000411,9.219289,616.790159,-999.999589,0.801405
2.0,1000,4,1305,0.000000,0.000000,0.000000,-2.000000,-1000.000000,-1000.000000,0.000000
2.0,1000,4,1306,0.000000,0.000000,0.000000,-2.000000,-1000.000000,-1000.000000,0.000000
2.0,1000,4,1307,0.000000,0.000000,0.000000,-2.000000,-1000.000000,-1000.000000,0.000000
2.0,1000,4,1308,11.198101,1548.196178,0.000214,9.198101,548.196178,-999.999786,0.820440
2.0,1000,4,1309,0.000000,0.000000,0.000000,-2.000000,-1000.000000,-1000.000000,0.000000
2.0,1000,4,1310,6.276716,1748.856798,0.000000,4.276716,748.856798,-1000.000000,0.100006
2.0,1000,4,1311,0.000000,0.000000,0.000000,-2.000000,-1000.000000,-1000.000000,0.000000
2.0,1000,4,1312,0.000000,0.000000,0.000000,-2.000000,-1000.000000,-1000.000000,0.000000
2.0,1000,4,1313,0.000000,0.000000,0.000000,-2.000000,-1000.000000,-1000.000000,0.000000
2.0,1000,4,1314,0.000000,0.000000,0.000000,-2.000000,-1000.000000,-1000.000000,0.000000
2.0,1000,4,1315,8.336955,1849.866381,0.000148,6.336955,849.866381,-999.999852,0.669814
2.0,1000,4,1316,0.000000,0.000000,0.000000,-2.000000,-1000.000000,-1000.000000,0.000000
2.0,1000,4,1317,0.000000,0.000000,0.000000,-2.000000,-1000.000000,-1000.000000,0.000000
2.0,1000,4,1318,4.414567,2394.703119,0.000000,2.414567,1394.703119,-1000.000000,0.405825
2.0,1000,4,1319,0.000000,0.000000,0.000000,-2.000000,-1000.000000,-1000.000000,0.000000
2.0,1000,4,1320,0.000000,0.000000,0.000000,-2.000000,-1000.000000,-1000.000000,0.000000
2.0,1000,4,1321,6.481119,1677.298966,0.000017,4.481119,677.298966,-999.999983,0.813431
2.0,1000,4,1322,0.000000,0.000000,0.000000,-2.000000,-1000.000000,-1000.000000,0.000000
2.0,1000,4,1323,4.323322,2143.844931,0.001641,2.323322,1143.844931,-999.998359,0.556416
2.0,1000,4,1324,12.223171,1663.950506,0.000161,10.223171,663.950506,-999.999839,0.729728
2.0,1000,4,1325,0.000000,0.000000,0.000000,-2.000000,-1000.000000,-1000.000000,0.000000
2.0,1000,4,1326,0.000000,0.000000,0.000000,-2.000000,-1000.000000,-1000.000000,0.000000
2.0,1000,4,1327,6.997330,2269.508220,0.000322,4.997330,1269.508220,-999.999678,0.770393
2.0,1000,4,1328,8.671594,2217.386225,0.000122,6.671594,1217.386225,-999.999878,0.810014
2.0,1000,4,1329,17.527337,1510.351925,0.000040,15.527337,510.351925,-999.999960,0.782868
2.0,1000,4,1330,0.000000,0.000000,0.000000,-2.000000,-1000.000000,-1000.000000,0.000000
2.0,1000,4,1331,7.884828,1823.578441,0.000068,5.884828,823.578441,-999.999932,0.735265
2.0,1000,4,1332,0.000000,0.000000,0.000000,-2.000000,-1000.000000,-1000.000000,0.000000
2.0,1000,4,1333,3.480466,2238.939478,0.000471,1.480466,1238.939478,-999.999529,0.626968
2.0,1000,4,1334,14.110961,2175.254555,0.000056,12.110961,1175.254555,-999.999944,0.877693
2.0,1000,4,1335,8.892259,1980.033118,0.000000,6.892259,980.033118,-1000.000000,0.157926
2.0,1000,4,1336,0.000000,0.000000,0.000000,-2.000000,-1000.000000,-1000.000000,0.000000
2.0,1000,4,1337,6.570621,2048.328377,0.001103,4.570621,1048.328377,-999.998897,0.194778
2.0,1000,4,1338,0.000000,0.000000,0.000000,-2.000000,-1000.000000,-1000.000000,0.000000
2.0,1000,4,1339,6.445905,2229.051680,0.000642,4.445905,1229.051680,-999.999358,0.099890
2.0,1000,4,1340,0.000000,0.000000,0.000000,-2.000000,-1000.000000,-1000.000000,0.000000
2.0,1000,4,1341,0.000000,0.000000,0.000000,-2.000000,-1000.000000,-1000.000000,0.000000
2.0,1000,4,1342,0.000000,0.000000,0.000000,-2.000000,-1000.000000,-1000.000000,0.000000
2.0,1000,4,1343,0.000000,0.000000,0.000000,-2.000000,-1000.000000,-1000.000000,0.000000
2.0,1000,4,1344,0.000000,0.000000,0.000000,-2.000000,-1000.000000,-1000.000000,0.000000
2.0,1000,4,1345,5.422959,1855.491136,0.000000,3.422959,855.491136,-1000.000000,0.720849
2.0,1000,4,1346,6.211213,1705.475862,0.000000,4.211213,705.475862,-1000.000000,0.494065
2.0,1000,4,1347,0.000000,0.000000,0.000000,-2.000000,-1000.000000,-1000.000000,0.000000
2.0,1000,4,1348,7.059855,2347.817248,0.000355,5.059855,1347.817248,-999.999645,0.682844
2.0,1000,4,1349,0.000000,0.000000,0.000000,-2.000000,-1000.000000,-1000.000000,0.000000
2.0,1000,4,1350,0.000000,0.000000,0.000000,-2.000000,-1000.000000,-1000.000000,0.000000
2.0,1000,4,1351,10.516051,2248.362600,0.000279,8.516051,1248.362600,-999.999721,0.493247
2.0,1000,4,1352,0.000000,0.000000,0.000000,-2.000000,-1000.000000,-1000.000000,0.000000
2.0,1000,4,1353,7.890264,1910.491987,0.000108,5.890264,910.491987,-999.999892,0.802447
2.0,1000,4,1354,6.943303,1843.847332,0.000329,4.943303,843.847332,-999.999671,0.783932
2.0,1000,4,1355,0.000000,0.000000,0.000000,-2.000000,-1000.000000,-1000.000000,0.000000
2.0,1000,4,1356,0.000000,0.000000,0.000000,-2.000000,-1000.000000,-1000.000000,0.000000
2.0,1000,4,1357,0.000000,0.000000,0.000000,-2.000000,-1000.000000,-1000.000000,0.000000
2.0,1000,4,1358,9.387207,1780.924290,0.000099,7.387207,780.924290,-999.999901,0.825015
2.0,1000,4,1359,4.977770,2473.112621,0.000000,2.977770,1473.112621,-1000.000000,-0.395958
2.0,1000,4,1360,0.000000,0.000000,0.000000,-2.000000,-1000.000000,-1000.000000,0.000000
2.0,1000,4,1361,6.539350,1987.478718,0.000000,4.539350,987.478718,-1000.000000,0.510165
2.0,1000,4,1362,6.032544,2303.561371,0.000000,4.032544,1303.561371,-1000.000000,0.521709
2.0,1000,4,1363,4.948854,2094.890164,0.000911,2.948854,1094.890164,-999.999089,0.589975
2.0,1000,4,1364,17.493219,1864.309934,0.000131,15.493219,864.309934,-999.999869,0.875543
2.0,1000,4,1365,0.000000,0.000000,0.000000,-2.000000,-1000.000000,-1000.000000,0.000000
2.0,1000,4,1366,4.251174,2269.157912,0.000231,2.251174,1269.157912,-999.999769,0.726639
2.0,1000,4,1367,0.000000,0.000000,0.000000,-2.000000,-1000.000000,-1000.000000,0.000000
2.0,1000,4,1368,6.684069,2145.553971,0.000042,4.684069,1145.553971,-999.999958,0.879457
2.0,1000,4,1369,10.904514,2715.717518,0.000121,8.904514,1715.717518,-999.999879,0.674543
2.0,1000,4,1370,21.280323,1820.482292,0.000539,19.280323,820.482292,-999.999461,0.849793
2.0,1000,4,1371,8.701497,1891.997204,0.000000,6.701497,891.997204,-1000.000000,0.651220
2.0,1000,4,1372,6.950953,2196.362846,0.000000,4.950953,1196.362846,-1000.000000,-0.650619
2.0,1000,4,1373,0.000000,0.000000,0.000000,-2.000000,-1000.000000,-1000.000000,0.000000
2.0,1000,4,1374,5.646004,2355.169693,0.000000,3.646004,1355.169693,-1000.000000,0.658326
2.0,1000,4,1375,0.000000,0.000000,0.000000,-2.000000,-1000.000000,-1000.000000,0.000000
2.0,1000,4,1376,0.000000,0.000000,0.000000,-2.000000,-1000.000000,-1000.000000,0.000000
2.0,1000,4,1377,0.000000,0.000000,0.000000,-2.000000,-1000.000000,-1000.000000,0.000000
2.0,1000,4,1378,9.486699,2056.234851,0.000150,7.486699,1056.234851,-999.999850,0.747557
2.0,1000,4,1379,0.000000,0.000000,0.000000,-2.000000,-1000.000000,-1000.000000,0.000000
2.0,1000,4,1380,2.553670,1065.847706,1542.297707,0.553670,65.847706,542.297707,0.650357
2.0,1000,4,1381,0.000000,0.000000,0.000000,-2.000000,-1000.000000,-1000.000000,0.000000
2.0,1000,4,1382,5.865306,2452.243267,0.000270,3.865306,1452.243267,-999.999730,0.767277
2.0,1000,4,1383,0.000000,0.000000,0.000000,-2.000000,-1000.000000,-1000.000000,0.000000
2.0,1000,4,1384,0.000000,0.000000,0.000000,-2.000000,-1000.000000,-1000.000000,0.000000
2.0,1000,4,1385,0.000000,0.000000,0.000000,-2.000000,-1000.000000,-1000.000000,0.000000
2.0,1000,4,1386,6.574522,2434.291414,0.000000,4.574522,1434.291414,-1000.000000,0.547599
2.0,1000,4,1387,6.988839,1705.265585,0.000203,4.988839,705.265585,-999.999797,0.748472
2.0,1000,4,1388,0.000000,0.000000,0.000000,-2.000000,-1000.000000,-1000.000000,0.000000
2.0,1000,4,1389,6.900703,1647.311435,0.000314,4.900703,647.311435,-999.999686,0.723572
2.0,1000,4,1390,11.591662,2176.552210,0.000024,9.591662,1176.552210,-999.999976,0.895859
2.0,1000,4,1391,0.000000,0.000000,0.000000,-2.000000,-1000.000000,-1000.000000,0.000000
2.0,1000,4,1392,0.000000,0.000000,0.000000,-2.000000,-1000.000000,-1000.000000,0.000000
2.0,1000,4,1393,7.047801,2077.778453,0.000000,5.047801,1077.778453,-1000.000000,-0.196444
2.0,1000,4,1394,6.658508,2147.036285,0.000000,4.658508,1147.036285,-1000.000000,0.567295
2.0,1000,4,1395,9.484848,2168.412443,0.000000,7.484848,1168.412443,-1000.000000,-0.596615
2.0,1000,4,1396,5.602118,1697.402836,0.000015,3.602118,697.402836,-999.999985,0.762295
2.0,1000,4,1397,22.546299,2144.877111,0.000404,20.546299,1144.877111,-999.999596,0.678498
2.0,1000,4,1398,0.000000,0.000000,0.000000,-2.000000,-1000.000000,-1000.000000,0.000000
2.0,1000,4,1399,6.213476,2076.990101,0.000000,4.213476,1076.990101,-1000.000000,0.701850
2.0,1000,4,1400,0.000000,0.000000,0.000000,-2.000000,-1000.000000,-1000.000000,0.000000
2.0,1000,4,1401,5.133922,2101.361982,0.000000,3.133922,1101.361982,-1000.000000,0.638996
2.0,1000,4,1402,0.000000,0.000000,0.000000,-2.000000,-1000.000000,-1000.000000,0.000000
2.0,1000,4,1403,0.000000,0.000000,0.000000,-2.000000,-1000.000000,-1000.000000,0.000000
2.0,1000,4,1404,0.000000,0.000000,0.000000,-2.000000,-1000.000000,-1000.000000,0.000000
2.0,1000,4,1405,0.000000,0.000000,0.000000,-2.000000,-1000.000000,-1000.000000,0.000000
2.0,1000,4,1406,0.000000,0.000000,0.000000,-2.000000,-1000.000000,-1000.000000,0.000000
2.0,1000,4,1407,5.544156,2479.075452,0.000000,3.544156,1479.075452,-1000.000000,0.626546
2.0,1000,4,1408,6.787269,2302.205480,0.000279,4.787269,1302.205480,-999.999721,0.838845
2.0,1000,4,1409,6.957913,1729.852194,0.000000,4.957913,729.852194,-1000.000000,0.488281
2.0,1000,4,1410,0.000000,0.000000,0.000000,-2.000000,-1000.000000,-1000.000000,0.000000
2.0,1000,4,1411,20.916119,1861.269331,0.000057,18.916119,861.269331,-999.999943,0.736767
2.0,1000,4,1412,38.908410,2040.391710,0.000255,36.908410,1040.391710,-999.999745,0.559432
2.0,1000,4,1413,0.000000,0.000000,0.000000,-2.000000,-1000.000000,-1000.000000,0.000000
2.0,1000,4,1414,0.000000,0.000000,0.000000,-2.000000,-1000.000000,-1000.000000,0.000000
2.0,1000,4,1415,0.000000,0.000000,0.000000,-2.000000,-1000.000000,-1000.000000,0.000000
2.0,1000,4,1416,7.192144,1765.871211,0.000320,5.192144,765.871211,-999.999680,0.624952
2.0,1000,4,1417,9.259278,2003.211810,0.000150,7.259278,1003.211810,-999.999850,0.885424
2.0,1000,4,1418,5.321767,2081.193142,0.000120,3.321767,1081.193142,-999.999880,0.646851
2.0,1000,4,1419,0.000000,0.000000,0.000000,-2.000000,-1000.000000,-1000.000000,0.000000
2.0,1000,4,1420,0.000000,0.000000,0.000000,-2.000000,-1000.000000,-1000.000000,0.000000
2.0,1000,4,1421,5.434181,2660.888140,0.000353,3.434181,1660.888140,-999.999647,0.710157
2.0,1000,4,1422,0.000000,0.000000,0.000000,-2.000000,-1000.000000,-1000.000000,0.000000
2.0,1000,4,1423,0.000000,0.000000,0.000000,-2.000000,-1000.000000,-1000.000000,0.000000
2.0,1000,4,1424,10.376635,1787.307975,0.000091,8.376635,787.307975,-999.999909,0.718272
2.0,1000,4,1425,0.000000,0.000000,0.000000,-2.000000,-1000.000000,-1000.000000,0.000000
2.0,1000,4,1426,0.000000,0.000000,0.000000,-2.000000,-1000.000000,-1000.000000,0.000000
2.0,1000,4,1427,0.000000,0.000000,0.000000,-2.000000,-1000.000000,-1000.000000,0.000000
2.0,1000,4,1428,0.000000,0.000000,0.000000,-2.000000,-1000.000000,-1000.000000,0.000000
2.0,1000,4,1429,0.000000,0.000000,0.000000,-2.000000,-1000.000000,-1000.000000,0.000000
2.0,1000,4,1430,11.237500,2063.345190,0.000502,9.237500,1063.345190,-999.999498,0.565483
2.0,1000,4,1431,0.000000,0.000000,0.000000,-2.000000,-1000.000000,-1000.000000,0.000000
2.0,1000,4,1432,0.000000,0.000000,0.000000,-2.000000,-1000.000000,-1000.000000,0.000000
2.0,1000,4,1433,2.139640,928.646656,945.721103,0.139640,-71.353344,-54.278897,0.586874
2.0,1000,4,1434,11.929946,2072.706015,0.001551,9.929946,1072.706015,-999.998449,0.215692
2.0,1000,4,1435,4.402541,1584.997391,541.149474,2.402541,584.997391,-458.850526,0.658715
2.0,1000,4,1436,10.432027,2035.134124,0.000036,8.432027,1035.134124,-999.999964,0.821214
2.0,1000,4,1437,8.167153,2121.108781,0.000150,6.167153,1121.108781,-999.999850,0.831824
2.0,1000,4,1438,0.000000,0.000000,0.000000,-2.000000,-1000.000000,-1000.000000,0.000000
2.0,1000,4,1439,5.616047,1968.842515,0.000491,3.616047,968.842515,-999.999509,0.692388
2.0,1000,4,1440,7.718622,1787.996681,0.000122,5.718622,787.996681,-999.999878,0.843879
2.0,1000,4,1441,0.000000,0.000000,0.000000,-2.000000,-1000.000000,-1000.000000,0.000000
2.0,1000,4,1442,0.000000,0.000000,0.000000,-2.000000,-1000.000000,-1000.000000,0.000000
2.0,1000,4,1443,5.668459,1815.917942,0.000016,3.668459,815.917942,-999.999984,0.739237
2.0,1000,4,1444,7.233926,2277.749788,0.000000,5.233926,1277.749788,-1000.000000,-0.588053
2.0,1000,4,1445,0.000000,0.000000,0.000000,-2.000000,-1000.000000,-1000.000000,0.000000
2.0,1000,4,1446,7.584187,2562.996894,0.000140,5.584187,1562.996894,-999.999860,0.847110
2.0,1000,4,1447,0.000000,0.000000,0.000000,-2.000000,-1000.000000,-1000.000000,0.000000
2.0,1000,4,1448,0.000000,0.000000,0.000000,-2.000000,-1000.000000,-1000.000000,0.000000
2.0,1000,4,1449,0.000000,0.000000,0.000000,-2.000000,-1000.000000,-1000.000000,0.000000
2.0,1000,4,1450,10.506413,2066.854515,0.000000,8.506413,1066.854515,-1000.000000,-0.675182
2.0,1000,4,1451,0.000000,0.000000,0.000000,-2.000000,-1000.000000,-1000.000000,0.000000
2.0,1000,4,1452,9.244626,2266.655372,0.000167,7.244626,1266.655372,-999.999833,0.727822
2.0,1000,4,1453,0.000000,0.000000,0.000000,-2.000000,-1000.000000,-1000.000000,0.000000
2.0,1000,4,1454,6.122010,2016.317826,0.000000,4.122010,1016.317826,-1000.000000,0.269966
2.0,1000,4,1455,0.000000,0.000000,0.000000,-2.000000,-1000.000000,-1000.000000,0.000000
2.0,1000,4,1456,0.000000,0.000000,0.000000,-2.000000,-1000.000000,-1000.000000,0.000000
2.0,1000,4,1457,5.380254,2435.622674,0.000000,3.380254,1435.622674,-1000.000000,0.580710
2.0,1000,4,1458,28.031660,1822.185054,0.000147,26.031660,822.185054,-999.999853,0.845226
2.0,1000,4,1459,0.000000,0.000000,0.000000,-2.000000,-1000.000000,-1000.000000,0.000000
2.0,1000,4,1460,0.000000,0.000000,0.000000,-2.000000,-1000.000000,-1000.000000,0.000000
2.0,1000,4,1461,0.000000,0.000000,0.000000,-2.000000,-1000.000000,-1000.000000,0.000000
2.0,1000,4,1462,7.995055,2323.751374,0.000330,5.995055,1323.751374,-999.999670,0.549896
2.0,1000,4,1463,17.484705,1834.589148,0.000287,15.484705,834.589148,-999.999713,0.896939
2.0,1000,4,1464,4.810021,2668.350188,0.000000,2.810021,1668.350188,-1000.000000,0.516246
2.0,1000,4,1465,0.000000,0.000000,0.000000,-2.000000,-1000.000000,-1000.000000,0.000000
2.0,1000,4,1466,0.000000,0.000000,0.000000,-2.000000,-1000.000000,-1000.000000,0.000000
2.0,1000,4,1467,0.000000,0.000000,0.000000,-2.000000,-1000.000000,-1000.000000,0.000000
2.0,1000,4,1468,7.618540,1880.151152,0.000000,5.618540,880.151152,-1000.000000,0.400795
2.0,1000,4,1469,3.804537,2278.605272,0.001212,1.804537,1278.605272,-999.998788,0.755954
2.0,1000,4,1470,10.300925,1643.946422,0.000000,8.300925,643.946422,-1000.000000,0.618579
2.0,1000,4,1471,3.982573,2528.646963,0.000000,1.982573,1528.646963,-1000.000000,0.375863
2.0,1000,4,1472,5.423946,2191.418119,0.000344,3.423946,1191.418119,-999.999656,0.710074
2.0,1000,4,1473,0.000000,0.000000,0.000000,-2.000000,-1000.000000,-1000.000000,0.000000
2.0,1000,4,1474,6.406751,1594.182956,0.000248,4.406751,594.182956,-999.999752,0.756657
2.0,1000,4,1475,7.299208,2733.094494,0.000663,5.299208,1733.094494,-999.999337,0.180533
2.0,1000,4,1476,10.727990,2144.686897,0.000560,8.727990,1144.686897,-999.999440,0.788352
2.0,1000,4,1477,25.374776,1866.904631,0.000317,23.374776,866.904631,-999.999683,0.685696
2.0,1000,4,1478,0.000000,0.000000,0.000000,-2.000000,-1000.000000,-1000.000000,0.000000
2.0,1000,4,1479,10.324112,1883.231366,0.000000,8.324112,883.231366,-1000.000000,0.045987
2.0,1000,4,1480,4.980880,2001.528032,0.000000,2.980880,1001.528032,-1000.000000,0.375348
2.0,1000,4,1481,23.318301,1658.722188,0.000499,21.318301,658.722188,-999.999501,-0.238952
2.0,1000,4,1482,6.088359,1953.828028,0.000000,4.088359,953.828028,-1000.000000,0.214343
2.0,1000,4,1483,12.770947,2154.769621,0.000030,10.770947,1154.769621,-999.999970,0.835383
2.0,1000,4,1484,5.649563,2052.521280,0.000341,3.649563,1052.521280,-999.999659,0.722457
2.0,1000,4,1485,0.000000,0.000000,0.000000,-2.000000,-1000.000000,-1000.000000,0.000000
2.0,1000,4,1486,0.000000,0.000000,0.000000,-2.000000,-1000.000000,-1000.000000,0.000000
2.0,1000,4,1487,0.000000,0.000000,0.000000,-2.000000,-1000.000000,-1000.000000,0.000000
2.0,1000,4,1488,0.000000,0.000000,0.000000,-2.000000,-1000.000000,-1000.000000,0.000000
2.0,1000,4,1489,6.404603,2374.891268,0.000000,4.404603,1374.891268,-1000.000000,-0.199515
2.0,1000,4,1490,7.671006,1627.648265,0.000256,5.671006,627.648265,-999.999744,0.843622
2.0,1000,4,1491,22.490212,1430.225244,0.000320,20.490212,430.225244,-999.999680,-0.432225
2.0,1000,4,1492,0.000000,0.000000,0.000000,-2.000000,-1000.000000,-1000.000000,0.000000
2.0,1000,4,1493,0.000000,0.000000,0.000000,-2.000000,-1000.000000,-1000.000000,0.000000
2.0,1000,4,1494,6.430430,1862.770174,0.000074,4.430430,862.770174,-999.999926,0.893055
2.0,1000,4,1495,4.247990,2254.586871,0.000000,2.247990,1254.586871,-1000.000000,0.718857
2.0,1000,4,1496,9.855120,1446.872149,0.000212,7.855120,446.872149,-999.999788,0.652495
2.0,1000,4,1497,12.315545,2026.509899,0.000000,10.315545,1026.509899,-1000.000000,0.212041
2.0,1000,4,1498,8.601793,2658.913374,0.000296,6.601793,1658.913374,-999.999704,0.098971
2.0,1000,4,1499,3.002384,1119.870949,939.621140,1.002384,119.870949,-60.378860,0.630149
2.0,1000,4,1500,0.000000,0.000000,0.000000,-2.000000,-1000.000000,-1000.000000,0.000000
2.0,1000,4,1501,5.888694,2243.913501,0.000187,3.888694,1243.913501,-999.999813,0.572163
2.0,1000,4,1502,0.000000,0.000000,0.000000,-2.000000,-1000.000000,-1000.000000,0.000000
2.0,1000,4,1503,8.484602,1648.317401,0.000094,6.484602,648.317401,-999.999906,0.743137
2.0,1000,4,1504,0.000000,0.000000,0.000000,-2.000000,-1000.000000,-1000.000000,0.000000
2.0,1000,4,1505,0.000000,0.000000,0.000000,-2.000000,-1000.000000,-1000.000000,0.000000
2.0,1000,4,1506,0.000000,0.000000,0.000000,-2.000000,-1000.000000,-1000.000000,0.000000
2.0,1000,4,1507,13.105254,1948.446215,0.000111,11.105254,948.446215,-999.999889,0.862332
2.0,1000,4,1508,5.932546,1879.896677,0.000301,3.932546,879.896677,-999.999699,0.736872
2.0,1000,4,1509,0.000000,0.000000,0.000000,-2.000000,-1000.000000,-1000.000000,0.000000
2.0,1000,4,1510,0.000000,0.000000,0.000000,-2.000000,-1000.000000,-1000.000000,0.000000
2.0,1000,4,1511,8.837844,1691.461745,0.000468,6.837844,691.461745,-999.999532,0.843764
2.0,1000,4,1512,0.000000,0.000000,0.000000,-2.000000,-1000.000000,-1000.000000,0.000000
2.0,1000,4,1513,4.497304,2179.194021,0.000876,2.497304,1179.194021,-999.999124,0.697686
2.0,1000,4,1514,5.439569,2216.721438,0.000000,3.439569,1216.721438,-1000.000000,0.445293
2.0,1000,4,1515,0.000000,0.000000,0.000000,-2.000000,-1000.000000,-1000.000000,0.000000
2.0,1000,4,1516,7.016041,1834.468191,0.000229,5.016041,834.468191,-999.999771,0.853402
2.0,1000,4,1517,5.117503,2759.886762,0.000219,3.117503,1759.886762,-999.999781,0.896581
2.0,1000,4,1518,4.767367,2152.553551,0.001231,2.767367,1152.553551,-999.998769,0.509191
2.0,1000,4,1519,10.348721,2022.468182,0.000199,8.348721,1022.468182,-999.999801,0.862136
2.0,1000,4,1520,6.933100,2069.552212,0.000253,4.933100,1069.552212,-999.999747,0.704663
2.0,1000,4,1521,8.490450,1702.172547,0.000253,6.490450,702.172547,-999.999747,0.699708
2.0,1000,4,1522,6.369024,2038.074048,0.000000,4.369024,1038.074048,-1000.000000,0.684495
2.0,1000,4,1523,11.946437,1887.059514,0.000228,9.946437,887.059514,-999.999772,0.719113
2.0,1000,4,1524,0.000000,0.000000,0.000000,-2.000000,-1000.000000,-1000.000000,0.000000
2.0,1000,4,1525,5.658132,2053.494637,0.000000,3.658132,1053.494637,-1000.000000,0.658660
2.0,1000,4,1526,8.607754,2100.364194,0.000539,6.607754,1100.364194,-999.999461,0.792609
2.0,1000,4,1527,5.962932,2414.846024,0.000000,3.962932,1414.846024,-1000.000000,0.646229
2.0,1000,4,1528,0.000000,0.000000,0.000000,-2.000000,-1000.000000,-1000.000000,0.000000
2.0,1000,4,1529,6.089633,1823.870157,0.000259,4.089633,823.870157,-999.999741,0.747823
2.0,1000,4,1530,6.143877,1779.553830,0.000139,4.143877,779.553830,-999.999861,0.836474
2.0,1000,4,1531,4.157483,1822.297137,0.000524,2.157483,822.297137,-999.999476,0.744748
2.0,1000,4,1532,5.746084,2072.812362,0.000308,3.746084,1072.812362,-999.999692,0.779078
2.0,1000,4,1533,0.000000,0.000000,0.000000,-2.000000,-1000.000000,-1000.000000,0.000000
2.0,1000,4,1534,8.262993,1701.225525,0.000159,6.262993,701.225525,-999.999841,0.663665
2.0,1000,4,1535,0.000000,0.000000,0.000000,-2.000000,-1000.000000,-1000.000000,0.000000
2.0,1000,4,1536,0.000000,0.000000,0.000000,-2.000000,-1000.000000,-1000.000000,0.000000
2.0,1000,4,1537,7.277908,1878.534594,0.000000,5.277908,878.534594,-1000.000000,0.535348
2.0,1000,4,1538,0.000000,0.000000,0.000000,-2.000000,-1000.000000,-1000.000000,0.000000
2.0,1000,4,1539,0.000000,0.000000,0.000000,-2.000000,-1000.000000,-1000.000000,0.000000
2.0,1000,4,1540,7.711286,2082.348592,0.000124,5.711286,1082.348592,-999.999876,0.848065
2.0,1000,4,1541,0.000000,0.000000,0.000000,-2.000000,-1000.000000,-1000.000000,0.000000
2.0,1000,4,1542,5.431245,2144.335071,0.000000,3.431245,1144.335071,-1000.000000,0.695018
2.0,1000,4,1543,5.776444,2056.238021,0.000000,3.776444,1056.238021,-1000.000000,0.532506
2.0,1000,4,1544,0.000000,0.000000,0.000000,-2.000000,-1000.000000,-1000.000000,0.000000
2.0,1000,4,1545,0.000000,0.000000,0.000000,-2.000000,-1000.000000,-1000.000000,0.000000
2.0,1000,4,1546,0.000000,0.000000,0.000000,-2.000000,-1000.000000,-1000.000000,0.000000
2.0,1000,4,1547,11.819856,2178.030637,0.000132,9.819856,1178.030637,-999.999868,0.608160
2.0,1000,4,1548,0.000000,0.000000,0.000000,-2.000000,-1000.000000,-1000.000000,0.000000
2.0,1000,4,1549,11.365357,1828.211805,0.000137,9.365357,828.211805,-999.999863,0.542625
2.0,1000,4,1550,6.003293,2406.367963,0.000226,4.003293,1406.367963,-999.999774,0.831999
2.0,1000,4,1551,0.000000,0.000000,0.000000,-2.000000,-1000.000000,-1000.000000,0.000000
2.0,1000,4,1552,7.777776,1997.890959,0.000252,5.777776,997.890959,-999.999748,0.228254
2.0,1000,4,1553,2.688423,515.764130,1237.176231,0.688423,-484.235870,237.176231,0.675109
2.0,1000,4,1554,0.000000,0.000000,0.000000,-2.000000,-1000.000000,-1000.000000,0.000000
2.0,1000,4,1555,34.925320,1883.230954,0.000397,32.925320,883.230954,-999.999603,-0.483705
2.0,1000,4,1556,6.612383,2145.538004,0.000000,4.612383,1145.538004,-1000.000000,0.445093
2.0,1000,4,1557,5.760756,2129.285829,0.000122,3.760756,1129.285829,-999.999878,0.683452
2.0,1000,4,1558,6.179548,1912.075652,0.000386,4.179548,912.075652,-999.999614,0.667681
2.0,1000,4,1559,7.625112,2058.898251,0.000000,5.625112,1058.898251,-1000.000000,0.510988
2.0,1000,4,1560,0.000000,0.000000,0.000000,-2.000000,-1000.000000,-1000.000000,0.000000
2.0,1000,4,1561,0.000000,0.000000,0.000000,-2.000000,-1000.000000,-1000.000000,0.000000
2.0,1000,4,1562,14.148719,1651.659627,0.000323,12.148719,651.659627,-999.999677,0.765779
2.0,1000,4,1563,5.470004,2177.977150,0.000000,3.470004,1177.977150,-1000.000000,0.425698
2.0,1000,4,1564,0.000000,0.000000,0.000000,-2.000000,-1000.000000,-1000.000000,0.000000
2.0,1000,4,1565,6.635494,1716.350984,0.000077,4.635494,716.350984,-999.999923,0.879349
2.0,1000,4,1566,0.000000,0.000000,0.000000,-2.000000,-1000.000000,-1000.000000,0.000000
2.0,1000,4,1567,8.854042,2066.656266,0.000173,6.854042,1066.656266,-999.999827,0.728606
2.0,1000,4,1568,0.000000,0.000000,0.000000,-2.000000,-1000.000000,-1000.000000,0.000000
2.0,1000,4,1569,0.000000,0.000000,0.000000,-2.000000,-1000.000000,-1000.000000,0.000000
2.0,1000,4,1570,0.000000,0.000000,0.000000,-2.000000,-1000.000000,-1000.000000,0.000000
2.0,1000,4,1571,0.000000,0.000000,0.000000,-2.000000,-1000.000000,-1000.000000,0.000000
2.0,1000,4,1572,0.000000,0.000000,0.000000,-2.000000,-1000.000000,-1000.000000,0.000000
2.0,1000,4,1573,4.396345,2274.984186,0.000493,2.396345,1274.984186,-999.999507,0.674971
2.0,1000,4,1574,0.000000,0.000000,0.000000,-2.000000,-1000.000000,-1000.000000,0.000000
2.0,1000,4,1575,5.061375,2365.997695,0.000409,3.061375,1365.997695,-999.999591,0.634592
2.0,1000,4,1576,0.000000,0.000000,0.000000,-2.000000,-1000.000000,-1000.000000,0.000000
2.0,1000,4,1577,0.000000,0.000000,0.000000,-2.000000,-1000.000000,-1000.000000,0.000000
2.0,1000,4,1578,0.000000,0.000000,0.000000,-2.000000,-1000.000000,-1000.000000,0.000000
2.0,1000,4,1579,0.000000,0.000000,0.000000,-2.000000,-1000.000000,-1000.000000,0.000000
2.0,1000,4,1580,7.659881,1980.760830,0.000000,5.659881,980.760830,-1000.000000,0.638457
2.0,1000,4,1581,22.358997,1702.602648,0.000507,20.358997,702.602648,-999.999493,0.840597
2.0,1000,4,1582,0.000000,0.000000,0.000000,-2.000000,-1000.000000,-1000.000000,0.000000
2.0,1000,4,1583,0.000000,0.000000,0.000000,-2.000000,-1000.000000,-1000.000000,0.000000
2.0,1000,4,1584,0.000000,0.000000,0.000000,-2.000000,-1000.000000,-1000.000000,0.000000
2.0,1000,4,1585,8.009504,1695.865662,0.000246,6.009504,695.865662,-999.999754,0.638253
2.0,1000,4,1586,0.000000,0.000000,0.000000,-2.000000,-1000.000000,-1000.000000,0.000000
2.0,1000,4,1587,0.000000,0.000000,0.000000,-2.000000,-1000.000000,-1000.000000,0.000000
2.0,1000,4,1588,0.000000,0.000000,0.000000,-2.000000,-1000.000000,-1000.000000,0.000000
2.0,1000,4,1589,0.000000,0.000000,0.000000,-2.000000,-1000.000000,-1000.000000,0.000000
2.0,1000,4,1590,0.000000,0.000000,0.000000,-2.000000,-1000.000000,-1000.000000,0.000000
2.0,1000,4,1591,0.000000,0.000000,0.000000,-2.000000,-1000.000000,-1000.000000,0.000000
2.0,1000,4,1592,0.000000,0.000000,0.000000,-2.000000,-1000.000000,-1000.000000,0.000000
2.0,1000,4,1593,0.000000,0.000000,0.000000,-2.000000,-1000.000000,-1000.000000,0.000000
2.0,1000,4,1594,6.491585,2476.280547,0.000000,4.491585,1476.280547,-1000.000000,0.305602
2.0,1000,4,1595,0.000000,0.000000,0.000000,-2.000000,-1000.000000,-1000.000000,0.000000
2.0,1000,4,1596,10.390338,1973.458451,0.000198,8.390338,973.458451,-999.999802,0.563830
2.0,1000,4,1597,6.955842,1760.760452,0.000279,4.955842,760.760452,-999.999721,0.620181
2.0,1000,4,1598,8.085845,1760.576251,0.000140,6.085845,760.576251,-999.999860,0.649233
2.0,1000,4,1599,0.000000,0.000000,0.000000,-2.000000,-1000.000000,-1000.000000,0.000000
2.0,1000,4,1600,5.980454,2263.633779,0.000208,3.980454,1263.633779,-999.999792,0.553163
2.0,1000,4,1601,2.962061,2642.662981,0.000684,0.962061,1642.662981,-999.999316,0.638144
2.0,1000,4,1602,0.000000,0.000000,0.000000,-2.000000,-1000.000000,-1000.000000,0.000000
2.0,1000,4,1603,0.000000,0.000000,0.000000,-2.000000,-1000.000000,-1000.000000,0.000000
2.0,1000,4,1604,0.000000,0.000000,0.000000,-2.000000,-1000.000000,-1000.000000,0.000000
2.0,1000,4,1605,22.355517,1944.259386,0.000461,20.355517,944.259386,-999.999539,0.756465
2.0,1000,4,1606,0.000000,0.000000,0.000000,-2.000000,-1000.000000,-1000.000000,0.000000
2.0,1000,4,1607,0.000000,0.000000,0.000000,-2.000000,-1000.000000,-1000.000000,0.000000
2.0,1000,4,1608,0.000000,0.000000,0.000000,-2.000000,-1000.000000,-1000.000000,0.000000
2.0,1000,4,1609,8.050170,2026.854894,0.000285,6.050170,1026.854894,-999.999715,0.634869
2.0,1000,4,1610,8.892708,2322.444589,0.000000,6.892708,1322.444589,-1000.000000,0.313128
2.0,1000,4,1611,0.000000,0.000000,0.000000,-2.000000,-1000.000000,-1000.000000,0.000000
2.0,1000,4,1612,0.000000,0.000000,0.000000,-2.000000,-1000.000000,-1000.000000,0.000000
2.0,1000,4,1613,0.000000,0.000000,0.000000,-2.000000,-1000.000000,-1000.000000,0.000000
2.0,1000,4,1614,0.000000,0.000000,0.000000,-2.000000,-1000.000000,-1000.000000,0.000000
2.0,1000,4,1615,4.017030,2093.652444,0.000000,2.017030,1093.652444,-1000.000000,0.622299
2.0,1000,4,1616,0.000000,0.000000,0.000000,-2.000000,-1000.000000,-1000.000000,0.000000
2.0,1000,4,1617,7.929708,1840.708167,0.000000,5.929708,840.708167,-1000.000000,0.566828
2.0,1000,4,1618,7.888359,2450.984322,0.000000,5.888359,1450.984322,-1000.000000,0.621755
2.0,1000,4,1619,0.000000,0.000000,0.000000,-2.000000,-1000.000000,-1000.000000,0.000000
2.0,1000,4,1620,0.000000,0.000000,0.000000,-2.000000,-1000.000000,-1000.000000,0.000000
2.0,1000,4,1621,6.770239,2348.390096,0.000074,4.770239,1348.390096,-999.999926,0.891841
2.0,1000,4,1622,9.253888,1957.492586,0.000101,7.253888,957.492586,-999.999899,0.823521
2.0,1000,4,1623,6.986078,1960.780226,0.000000,4.986078,960.780226,-1000.000000,0.086226
2.0,1000,4,1624,0.000000,0.000000,0.000000,-2.000000,-1000.000000,-1000.000000,0.000000
2.0,1000,4,1625,0.000000,0.000000,0.000000,-2.000000,-1000.000000,-1000.000000,0.000000
2.0,1000,4,1626,0.000000,0.000000,0.000000,-2.000000,-1000.000000,-1000.000000,0.000000
2.0,1000,4,1627,0.000000,0.000000,0.000000,-2.000000,-1000.000000,-1000.000000,0.000000
2.0,1000,4,1628,0.000000,0.000000,0.000000,-2.000000,-1000.000000,-1000.000000,0.000000
2.0,1000,4,1629,0.000000,0.000000,0.000000,-2.000000,-1000.000000,-1000.000000,0.000000
2.0,1000,4,1630,4.085721,2523.849659,0.000000,2.085721,1523.849659,-1000.000000,0.570895
2.0,1000,4,1631,0.000000,0.000000,0.000000,-2.000000,-1000.000000,-1000.000000,0.000000
2.0,1000,4,1632,10.284969,1833.380794,0.000095,8.284969,833.380794,-999.999905,0.702816
2.0,1000,4,1633,0.000000,0.000000,0.000000,-2.000000,-1000.000000,-1000.000000,0.000000
2.0,1000,4,1634,0.000000,0.000000,0.000000,-2.000000,-1000.000000,-1000.000000,0.000000
2.0,1000,4,1635,11.737170,2253.727454,0.000318,9.737170,1253.727454,-999.999682,0.657481
2.0,1000,4,1636,0.000000,0.000000,0.000000,-2.000000,-1000.000000,-1000.000000,0.000000
2.0,1000,4,1637,0.000000,0.000000,0.000000,-2.000000,-1000.000000,-1000.000000,0.000000
2.0,1000,4,1638,16.106172,1930.572649,0.000000,14.106172,930.572649,-1000.000000,0.489860
2.0,1000,4,1639,19.702609,2100.591180,0.000119,17.702609,1100.591180,-999.999881,0.807426
2.0,1000,4,1640,0.000000,0.000000,0.000000,-2.000000,-1000.000000,-1000.000000,0.000000
2.0,1000,4,1641,9.701116,2431.248387,0.000225,7.701116,1431.248387,-999.999775,0.586356
2.0,1000,4,1642,0.000000,0.000000,0.000000,-2.000000,-1000.000000,-1000.000000,0.000000
2.0,1000,4,1643,0.000000,0.000000,0.000000,-2.000000,-1000.000000,-1000.000000,0.000000
2.0,1000,4,1644,0.000000,0.000000,0.000000,-2.000000,-1000.000000,-1000.000000,0.000000
2.0,1000,4,1645,0.000000,0.000000,0.000000,-2.000000,-1000.000000,-1000.000000,0.000000
2.0,1000,4,1646,0.000000,0.000000,0.000000,-2.000000,-1000.000000,-1000.000000,0.000000
2.0,1000,4,1647,0.000000,0.000000,0.000000,-2.000000,-1000.000000,-1000.000000,0.000000
2.0,1000,4,1648,5.757853,1974.151111,0.000000,3.757853,974.151111,-1000.000000,0.503045
2.0,1000,4,1649,0.000000,0.000000,0.000000,-2.000000,-1000.000000,-1000.000000,0.000000
2.0,1000,4,1650,0.000000,0.000000,0.000000,-2.000000,-1000.000000,-1000.000000,0.000000
2.0,1000,4,1651,0.000000,0.000000,0.000000,-2.000000,-1000.000000,-1000.000000,0.000000
2.0,1000,4,1652,0.000000,0.000000,0.000000,-2.000000,-1000.000000,-1000.000000,0.000000
2.0,1000,4,1653,0.000000,0.000000,0.000000,-2.000000,-1000.000000,-1000.000000,0.000000
2.0,1000,4,1654,0.000000,0.000000,0.000000,-2.000000,-1000.000000,-1000.000000,0.000000
2.0,1000,4,1655,0.000000,0.000000,0.000000,-2.000000,-1000.000000,-1000.000000,0.000000
2.0,1000,4,1656,12.426197,2126.859139,0.000255,10.426197,1126.859139,-999.999745,0.723930
2.0,1000,4,1657,0.000000,0.000000,0.000000,-2.000000,-1000.000000,-1000.000000,0.000000
2.0,1000,4,1658,10.459378,2065.770588,0.000000,8.459378,1065.770588,-1000.000000,0.095189
2.0,1000,4,1659,6.785907,2172.847077,0.000499,4.785907,1172.847077,-999.999501,0.780159
2.0,1000,4,1660,7.806524,1992.834612,0.000000,5.806524,992.834612,-1000.000000,0.478137
2.0,1000,4,1661,11.267679,2005.389493,0.000107,9.267679,1005.389493,-999.999893,0.206014
2.0,1000,4,1662,20.380279,2094.049228,0.000310,18.380279,1094.049228,-999.999690,0.086132
2.0,1000,4,1663,0.000000,0.000000,0.000000,-2.000000,-1000.000000,-1000.000000,0.000000
2.0,1000,4,1664,0.000000,0.000000,0.000000,-2.000000,-1000.000000,-1000.000000,0.000000
2.0,1000,4,1665,5.880073,2146.695206,0.000000,3.880073,1146.695206,-1000.000000,0.600033
2.0,1000,4,1666,0.000000,0.000000,0.000000,-2.000000,-1000.000000,-1000.000000,0.000000
2.0,1000,4,1667,27.979145,2245.920991,0.000021,25.979145,1245.920991,-999.999979,0.375852
2.0,1000,4,1668,0.000000,0.000000,0.000000,-2.000000,-1000.000000,-1000.000000,0.000000
2.0,1000,4,1669,10.550033,2130.822642,0.000000,8.550033,1130.822642,-1000.000000,-0.580609
2.0,1000,4,1670,6.571724,2081.824584,0.000218,4.571724,1081.824584,-999.999782,0.526823
2.0,1000,4,1671,0.000000,0.000000,0.000000,-2.000000,-1000.000000,-1000.000000,0.000000
2.0,1000,4,1672,4.043689,2373.513260,0.000000,2.043689,1373.513260,-1000.000000,0.289737
2.0,1000,4,1673,6.363635,2133.087670,0.000018,4.363635,1133.087670,-999.999982,0.836307
2.0,1000,4,1674,7.701529,2002.186809,0.000068,5.701529,1002.186809,-999.999932,0.653001
2.0,1000,4,1675,27.432834,1876.813222,0.000047,25.432834,876.813222,-999.999953,0.854657
2.0,1000,4,1676,23.179807,2127.868295,0.000347,21.179807,1127.868295,-999.999653,0.772694
2.0,1000,4,1677,0.000000,0.000000,0.000000,-2.000000,-1000.000000,-1000.000000,0.000000
2.0,1000,4,1678,9.819002,1746.891263,0.000000,7.819002,746.891263,-1000.000000,0.108989
2.0,1000,4,1679,0.000000,0.000000,0.000000,-2.000000,-1000.000000,-1000.000000,0.000000
2.0,1000,4,1680,10.869893,2205.366213,0.000622,8.869893,1205.366213,-999.999378,0.875430
2.0,1000,4,1681,6.538288,1819.392678,0.000042,4.538288,819.392678,-999.999958,0.869805
2.0,1000,4,1682,9.192718,1947.340716,0.000147,7.192718,947.340716,-999.999853,0.866316
2.0,1000,4,1683,0.000000,0.000000,0.000000,-2.000000,-1000.000000,-1000.000000,0.000000
2.0,1000,4,1684,0.000000,0.000000,0.000000,-2.000000,-1000.000000,-1000.000000,0.000000
2.0,1000,4,1685,0.000000,0.000000,0.000000,-2.000000,-1000.000000,-1000.000000,0.000000
2.0,1000,4,1686,0.000000,0.000000,0.000000,-2.000000,-1000.000000,-1000.000000,0.000000
2.0,1000,4,1687,10.495414,2082.413728,0.000107,8.495414,1082.413728,-999.999893,0.652535
2.0,1000,4,1688,0.000000,0.000000,0.000000,-2.000000,-1000.000000,-1000.000000,0.000000
2.0,1000,4,1689,0.000000,0.000000,0.000000,-2.000000,-1000.000000,-1000.000000,0.000000
2.0,1000,4,1690,9.517832,1652.053052,0.000000,7.517832,652.053052,-1000.000000,0.318705
2.0,1000,4,1691,0.000000,0.000000,0.000000,-2.000000,-1000.000000,-1000.000000,0.000000
2.0,1000,4,1692,0.000000,0.000000,0.000000,-2.000000,-1000.000000,-1000.000000,0.000000
2.0,1000,4,1693,0.000000,0.000000,0.000000,-2.000000,-1000.000000,-1000.000000,0.000000
2.0,1000,4,1694,26.254985,2259.686669,0.000317,24.254985,1259.686669,-999.999683,0.847243
2.0,1000,4,1695,9.882941,2236.003999,0.000317,7.882941,1236.003999,-999.999683,0.342544
2.0,1000,4,1696,0.000000,0.000000,0.000000,-2.000000,-1000.000000,-1000.000000,0.000000
2.0,1000,4,1697,0.000000,0.000000,0.000000,-2.000000,-1000.000000,-1000.000000,0.000000
2.0,1000,4,1698,0.000000,0.000000,0.000000,-2.000000,-1000.000000,-1000.000000,0.000000
2.0,1000,4,1699,0.000000,0.000000,0.000000,-2.000000,-1000.000000,-1000.000000,0.000000
2.0,1000,4,1700,0.000000,0.000000,0.000000,-2.000000,-1000.000000,-1000.000000,0.000000
2.0,1000,4,1701,0.000000,0.000000,0.000000,-2.000000,-1000.000000,-1000.000000,0.000000
2.0,1000,4,1702,6.219993,1865.598729,0.000292,4.219993,865.598729,-999.999708,0.743715
2.0,1000,4,1703,0.000000,0.000000,0.000000,-2.000000,-1000.000000,-1000.000000,0.000000
2.0,1000,4,1704,7.606507,2007.157211,0.000381,5.606507,1007.157211,-999.999619,0.793771
2.0,1000,4,1705,0.000000,0.000000,0.000000,-2.000000,-1000.000000,-1000.000000,0.000000
2.0,1000,4,1706,8.904633,1567.847595,0.000130,6.904633,567.847595,-999.999870,0.783003
2.0,1000,4,1707,0.000000,0.000000,0.000000,-2.000000,-1000.000000,-1000.000000,0.000000
2.0,1000,4,1708,7.093214,1952.768688,0.000289,5.093214,952.768688,-999.999711,0.625175
2.0,1000,4,1709,11.917227,1564.222805,0.000000,9.917227,564.222805,-1000.000000,0.647826
2.0,1000,4,1710,0.000000,0.000000,0.000000,-2.000000,-1000.000000,-1000.000000,0.000000
2.0,1000,4,1711,0.000000,0.000000,0.000000,-2.000000,-1000.000000,-1000.000000,0.000000
2.0,1000,4,1712,0.000000,0.000000,0.000000,-2.000000,-1000.000000,-1000.000000,0.000000
2.0,1000,4,1713,0.000000,0.000000,0.000000,-2.000000,-1000.000000,-1000.000000,0.000000
2.0,1000,4,1714,0.000000,0.000000,0.000000,-2.000000,-1000.000000,-1000.000000,0.000000
2.0,1000,4,1715,0.000000,0.000000,0.000000,-2.000000,-1000.000000,-1000.000000,0.000000
2.0,1000,4,1716,0.000000,0.000000,0.000000,-2.000000,-1000.000000,-1000.000000,0.000000
2.0,1000,4,1717,0.000000,0.000000,0.000000,-2.000000,-1000.000000,-1000.000000,0.000000
2.0,1000,4,1718,12.644995,2309.810453,0.000000,10.644995,1309.810453,-1000.000000,0.247289
2.0,1000,4,1719,0.000000,0.000000,0.000000,-2.000000,-1000.000000,-1000.000000,0.000000
2.0,1000,4,1720,0.000000,0.000000,0.000000,-2.000000,-1000.000000,-1000.000000,0.000000
2.0,1000,4,1721,0.000000,0.000000,0.000000,-2.000000,-1000.000000,-1000.000000,0.000000
2.0,1000,4,1722,0.000000,0.000000,0.000000,-2.000000,-1000.000000,-1000.000000,0.000000
2.0,1000,4,1723,5.064216,2421.269874,0.000305,3.064216,1421.269874,-999.999695,0.731735
2.0,1000,4,1724,0.000000,0.000000,0.000000,-2.000000,-1000.000000,-1000.000000,0.000000
2.0,1000,4,1725,0.000000,0.000000,0.000000,-2.000000,-1000.000000,-1000.000000,0.000000
2.0,1000,4,1726,6.905203,1879.695017,0.000287,4.905203,879.695017,-999.999713,0.811383
2.0,1000,4,1727,5.246826,2231.400872,0.000000,3.246826,1231.400872,-1000.000000,0.648819
2.0,1000,4,1728,12.250542,1792.786553,0.000105,10.250542,792.786553,-999.999895,0.890818
2.0,1000,4,1729,14.718543,1963.465562,0.000313,12.718543,963.465562,-999.999687,-0.160495
2.0,1000,4,1730,0.000000,0.000000,0.000000,-2.000000,-1000.000000,-1000.000000,0.000000
2.0,1000,4,1731,10.758254,2337.539185,0.000203,8.758254,1337.539185,-999.999797,0.834105
2.0,1000,4,1732,10.253646,1791.133522,0.000151,8.253646,791.133522,-999.999849,0.590265
2.0,1000,4,1733,4.349276,1995.544869,0.000000,2.349276,995.544869,-1000.000000,0.586440
2.0,1000,4,1734,5.774497,2151.905777,0.000000,3.774497,1151.905777,-1000.000000,-0.032470
2.0,1000,4,1735,0.000000,0.000000,0.000000,-2.000000,-1000.000000,-1000.000000,0.000000
2.0,1000,4,1736,0.000000,0.000000,0.000000,-2.000000,-1000.000000,-1000.000000,0.000000
2.0,1000,4,1737,6.225807,1631.987242,0.000000,4.225807,631.987242,-1000.000000,0.641140
2.0,1000,4,1738,0.000000,0.000000,0.000000,-2.000000,-1000.000000,-1000.000000,0.000000
2.0,1000,4,1739,0.000000,0.000000,0.000000,-2.000000,-1000.000000,-1000.000000,0.000000
2.0,1000,4,1740,0.000000,0.000000,0.000000,-2.000000,-1000.000000,-1000.000000,0.000000
2.0,1000,4,1741,0.000000,0.000000,0.000000,-2.000000,-1000.000000,-1000.000000,0.000000
2.0,1000,4,1742,8.051660,1569.293515,0.000000,6.051660,569.293515,-1000.000000,0.367753
2.0,1000,4,1743,0.000000,0.000000,0.000000,-2.000000,-1000.000000,-1000.000000,0.000000
2.0,1000,4,1744,6.836251,2103.289919,0.000000,4.836251,1103.289919,-1000.000000,0.209278
2.0,1000,4,1745,0.000000,0.000000,0.000000,-2.000000,-1000.000000,-1000.000000,0.000000
2.0,1000,4,1746,18.986563,1787.984524,0.000521,16.986563,787.984524,-999.999479,-0.591408
2.0,1000,4,1747,0.000000,0.000000,0.000000,-2.000000,-1000.000000,-1000.000000,0.000000
2.0,1000,4,1748,9.851357,2186.795405,0.000151,7.851357,1186.795405,-999.999849,0.617042
2.0,1000,4,1749,0.000000,0.000000,0.000000,-2.000000,-1000.000000,-1000.000000,0.000000
2.0,1000,4,1750,7.019542,2446.844167,0.000472,5.019542,1446.844167,-999.999528,0.718587
2.0,1000,4,1751,19.370423,1543.524012,0.000280,17.370423,543.524012,-999.999720,0.843399
2.0,1000,4,1752,0.000000,0.000000,0.000000,-2.000000,-1000.000000,-1000.000000,0.000000
2.0,1000,4,1753,0.000000,0.000000,0.000000,-2.000000,-1000.000000,-1000.000000,0.000000
2.0,1000,4,1754,0.000000,0.000000,0.000000,-2.000000,-1000.000000,-1000.000000,0.000000
2.0,1000,4,1755,0.000000,0.000000,0.000000,-2.000000,-1000.000000,-1000.000000,0.000000
2.0,1000,4,1756,0.000000,0.000000,0.000000,-2.000000,-1000.000000,-1000.000000,0.000000
2.0,1000,4,1757,2.687997,1148.953448,1290.653680,0.687997,148.953448,290.653680,0.601552
2.0,1000,4,1758,10.228720,2185.230727,0.000061,8.228720,1185.230727,-999.999939,0.894045
2.0,1000,4,1759,0.000000,0.000000,0.000000,-2.000000,-1000.000000,-1000.000000,0.000000
2.0,1000,4,1760,0.000000,0.000000,0.000000,-2.000000,-1000.000000,-1000.000000,0.000000
2.0,1000,4,1761,8.526013,2131.900621,0.000428,6.526013,1131.900621,-999.999572,0.544846
2.0,1000,4,1762,0.000000,0.000000,0.000000,-2.000000,-1000.000000,-1000.000000,0.000000
2.0,1000,4,1763,0.000000,0.000000,0.000000,-2.000000,-1000.000000,-1000.000000,0.000000
2.0,1000,4,1764,26.239542,2105.338362,0.000419,24.239542,1105.338362,-999.999581,0.719274
2.0,1000,4,1765,8.369287,2212.219759,0.000000,6.369287,1212.219759,-1000.000000,0.494954
2.0,1000,4,1766,0.000000,0.000000,0.000000,-2.000000,-1000.000000,-1000.000000,0.000000
2.0,1000,4,1767,0.000000,0.000000,0.000000,-2.000000,-1000.000000,-1000.000000,0.000000
2.0,1000,4,1768,0.000000,0.000000,0.000000,-2.000000,-1000.000000,-1000.000000,0.000000
2.0,1000,4,1769,0.000000,0.000000,0.000000,-2.000000,-1000.000000,-1000.000000,0.000000
2.0,1000,4,1770,0.000000,0.000000,0.000000,-2.000000,-1000.000000,-1000.000000,0.000000
2.0,1000,4,1771,0.000000,0.000000,0.000000,-2.000000,-1000.000000,-1000.000000,0.000000
2.0,1000,4,1772,0.000000,0.000000,0.000000,-2.000000,-1000.000000,-1000.000000,0.000000
2.0,1000,4,1773,5.225605,1727.782101,0.000449,3.225605,727.782101,-999.999551,0.766401
2.0,1000,4,1774,6.753114,1811.076595,0.000333,4.753114,811.076595,-999.999667,0.619834
2.0,1000,4,1775,6.536000,2058.392517,0.000000,4.536000,1058.392517,-1000.000000,0.679251
2.0,1000,4,1776,5.037051,2395.714323,0.000000,3.037051,1395.714323,-1000.000000,0.161644
2.0,1000,4,1777,28.360187,2019.761976,0.000041,26.360187,1019.761976,-999.999959,0.871801
2.0,1000,4,1778,5.087430,2152.340942,0.000000,3.087430,1152.340942,-1000.000000,0.696147
2.0,1000,4,1779,0.000000,0.000000,0.000000,-2.000000,-1000.000000,-1000.000000,0.000000
2.0,1000,4,1780,0.000000,0.000000,0.000000,-2.000000,-1000.000000,-1000.000000,0.000000
2.0,1000,4,1781,0.000000,0.000000,0.000000,-2.000000,-1000.000000,-1000.000000,0.000000
2.0,1000,4,1782,10.795831,1487.695502,0.000300,8.795831,487.695502,-999.999700,0.734541
2.0,1000,4,1783,5.100163,1916.711101,0.000000,3.100163,916.711101,-1000.000000,0.612099
2.0,1000,4,1784,0.000000,0.000000,0.000000,-2.000000,-1000.000000,-1000.000000,0.000000
2.0,1000,4,1785,5.966337,2218.544945,0.000000,3.966337,1218.544945,-1000.000000,0.275514
2.0,1000,4,1786,5.219918,2116.984272,0.000000,3.219918,1116.984272,-1000.000000,0.412854
2.0,1000,4,1787,0.000000,0.000000,0.000000,-2.000000,-1000.000000,-1000.000000,0.000000
2.0,1000,4,1788,5.835011,1594.988754,0.000149,3.835011,594.988754,-999.999851,0.883169
2.0,1000,4,1789,10.089456,1967.385403,0.000382,8.089456,967.385403,-999.999618,0.859138
2.0,1000,4,1790,8.506958,1801.419944,0.000056,6.506958,801.419944,-999.999944,0.777144
2.0,1000,4,1791,13.086273,1802.669472,0.000194,11.086273,802.669472,-999.999806,0.357794
2.0,1000,4,1792,6.627011,1596.676894,0.000239,4.627011,596.676894,-999.999761,0.795162
2.0,1000,4,1793,12.450155,1761.271660,0.000203,10.450155,761.271660,-999.999797,0.100646
2.0,1000,4,1794,25.731334,1797.016517,0.000566,23.731334,797.016517,-999.999434,0.026780
2.0,1000,4,1795,10.700475,1875.837713,0.000299,8.700475,875.837713,-999.999701,0.730983
2.0,1000,4,1796,0.000000,0.000000,0.000000,-2.000000,-1000.000000,-1000.000000,0.000000
2.0,1000,4,1797,8.723536,1965.862643,0.000076,6.723536,965.862643,-999.999924,0.759246
2.0,1000,4,1798,0.000000,0.000000,0.000000,-2.000000,-1000.000000,-1000.000000,0.000000
2.0,1000,4,1799,9.309159,1971.376807,0.000178,7.309159,971.376807,-999.999822,0.622514
2.0,1000,4,1800,0.000000,0.000000,0.000000,-2.000000,-1000.000000,-1000.000000,0.000000
2.0,1000,4,1801,4.123468,2204.107583,0.000000,2.123468,1204.107583,-1000.000000,0.203627
2.0,1000,4,1802,15.475774,1696.749812,0.000271,13.475774,696.749812,-999.999729,0.679530
2.0,1000,4,1803,0.000000,0.000000,0.000000,-2.000000,-1000.000000,-1000.000000,0.000000
2.0,1000,4,1804,0.000000,0.000000,0.000000,-2.000000,-1000.000000,-1000.000000,0.000000
2.0,1000,4,1805,6.494172,1683.776018,0.000049,4.494172,683.776018,-999.999951,0.720838
2.0,1000,4,1806,7.513655,1969.577243,0.000250,5.513655,969.577243,-999.999750,0.380242
2.0,1000,4,1807,0.000000,0.000000,0.000000,-2.000000,-1000.000000,-1000.000000,0.000000
2.0,1000,4,1808,0.000000,0.000000,0.000000,-2.000000,-1000.000000,-1000.000000,0.000000
2.0,1000,4,1809,0.000000,0.000000,0.000000,-2.000000,-1000.000000,-1000.000000,0.000000
2.0,1000,4,1810,0.000000,0.000000,0.000000,-2.000000,-1000.000000,-1000.000000,0.000000
2.0,1000,4,1811,9.124614,2122.375964,0.000218,7.124614,1122.375964,-999.999782,0.629364
2.0,1000,4,1812,0.000000,0.000000,0.000000,-2.000000,-1000.000000,-1000.000000,0.000000
2.0,1000,4,1813,11.555958,1779.957669,0.000094,9.555958,779.957669,-999.999906,0.633482
2.0,1000,4,1814,4.557831,2197.365116,0.000000,2.557831,1197.365116,-1000.000000,0.615292
2.0,1000,4,1815,0.000000,0.000000,0.000000,-2.000000,-1000.000000,-1000.000000,0.000000
2.0,1000,4,1816,13.075452,1938.294544,0.000327,11.075452,938.294544,-999.999673,0.669737
2.0,1000,4,1817,0.000000,0.000000,0.000000,-2.000000,-1000.000000,-1000.000000,0.000000
2.0,1000,4,1818,0.000000,0.000000,0.000000,-2.000000,-1000.000000,-1000.000000,0.000000
2.0,1000,4,1819,0.000000,0.000000,0.000000,-2.000000,-1000.000000,-1000.000000,0.000000
2.0,1000,4,1820,0.000000,0.000000,0.000000,-2.000000,-1000.000000,-1000.000000,0.000000
2.0,1000,4,1821,8.943294,1797.916386,0.000151,6.943294,797.916386,-999.999849,0.658527
2.0,1000,4,1822,0.000000,0.000000,0.000000,-2.000000,-1000.000000,-1000.000000,0.000000
2.0,1000,4,1823,0.000000,0.000000,0.000000,-2.000000,-1000.000000,-1000.000000,0.000000
2.0,1000,4,1824,0.000000,0.000000,0.000000,-2.000000,-1000.000000,-1000.000000,0.000000
2.0,1000,4,1825,0.000000,0.000000,0.000000,-2.000000,-1000.000000,-1000.000000,0.000000
2.0,1000,4,1826,0.000000,0.000000,0.000000,-2.000000,-1000.000000,-1000.000000,0.000000
2.0,1000,4,1827,0.000000,0.000000,0.000000,-2.000000,-1000.000000,-1000.000000,0.000000
2.0,1000,4,1828,7.418689,2213.151506,0.000000,5.418689,1213.151506,-1000.000000,0.847772
2.0,1000,4,1829,0.000000,0.000000,0.000000,-2.000000,-1000.000000,-1000.000000,0.000000
2.0,1000,4,1830,10.114321,2227.165706,0.000215,8.114321,1227.165706,-999.999785,0.671709
2.0,1000,4,1831,0.000000,0.000000,0.000000,-2.000000,-1000.000000,-1000.000000,0.000000
2.0,1000,4,1832,5.711984,1809.361185,0.000000,3.711984,809.361185,-1000.000000,0.658728
2.0,1000,4,1833,7.172523,1698.301425,0.000048,5.172523,698.301425,-999.999952,0.690558
2.0,1000,4,1834,21.536249,1759.082166,0.000251,19.536249,759.082166,-999.999749,0.750470
2.0,1000,4,1835,8.342953,1916.855227,0.000123,6.342953,916.855227,-999.999877,0.850490
2.0,1000,4,1836,36.676201,1687.694578,0.002882,34.676201,687.694578,-999.997118,0.592625
2.0,1000,4,1837,0.000000,0.000000,0.000000,-2.000000,-1000.000000,-1000.000000,0.000000
2.0,1000,4,1838,0.000000,0.000000,0.000000,-2.000000,-1000.000000,-1000.000000,0.000000
2.0,1000,4,1839,0.000000,0.000000,0.000000,-2.000000,-1000.000000,-1000.000000,0.000000
2.0,1000,4,1840,0.000000,0.000000,0.000000,-2.000000,-1000.000000,-1000.000000,0.000000
2.0,1000,4,1841,0.000000,0.000000,0.000000,-2.000000,-1000.000000,-1000.000000,0.000000
2.0,1000,4,1842,0.000000,0.000000,0.000000,-2.000000,-1000.000000,-1000.000000,0.000000
2.0,1000,4,1843,8.689483,2132.530494,0.000173,6.689483,1132.530494,-999.999827,0.711188
2.0,1000,4,1844,2.050105,727.340807,1021.382081,0.050105,-272.659193,21.382081,0.537434
2.0,1000,4,1845,11.008070,1975.742944,0.000485,9.008070,975.742944,-999.999515,0.354840
2.0,1000,4,1846,0.000000,0.000000,0.000000,-2.000000,-1000.000000,-1000.000000,0.000000
2.0,1000,4,1847,0.000000,0.000000,0.000000,-2.000000,-1000.000000,-1000.000000,0.000000
2.0,1000,4,1848,2.710537,991.364616,1067.598745,0.710537,-8.635384,67.598745,0.633167
2.0,1000,4,1849,7.848069,1926.125578,0.000000,5.848069,926.125578,-1000.000000,0.492083
2.0,1000,4,1850,6.565980,1905.295721,0.000000,4.565980,905.295721,-1000.000000,0.461280
2.0,1000,4,1851,13.346941,1896.299432,0.000000,11.346941,896.299432,-1000.000000,0.012458
2.0,1000,4,1852,25.092201,1619.544823,0.000103,23.092201,619.544823,-999.999897,0.576538
2.0,1000,4,1853,0.000000,0.000000,0.000000,-2.000000,-1000.000000,-1000.000000,0.000000
2.0,1000,4,1854,0.000000,0.000000,0.000000,-2.000000,-1000.000000,-1000.000000,0.000000
2.0,1000,4,1855,8.204156,2779.362530,0.000000,6.204156,1779.362530,-1000.000000,0.631283
2.0,1000,4,1856,15.322178,2323.217695,0.000089,13.322178,1323.217695,-999.999911,0.443104
2.0,1000,4,1857,4.804629,2097.186460,0.000000,2.804629,1097.186460,-1000.000000,0.370433
2.0,1000,4,1858,0.000000,0.000000,0.000000,-2.000000,-1000.000000,-1000.000000,0.000000
2.0,1000,4,1859,5.110922,1856.241359,0.000099,3.110922,856.241359,-999.999901,0.734554
2.0,1000,4,1860,5.740724,1737.457441,0.000197,3.740724,737.457441,-999.999803,0.531936
2.0,1000,4,1861,0.000000,0.000000,0.000000,-2.000000,-1000.000000,-1000.000000,0.000000
2.0,1000,4,1862,0.000000,0.000000,0.000000,-2.000000,-1000.000000,-1000.000000,0.000000
2.0,1000,4,1863,0.000000,0.000000,0.000000,-2.000000,-1000.000000,-1000.000000,0.000000
2.0,1000,4,1864,7.249759,2367.041501,0.000272,5.249759,1367.041501,-999.999728,0.791140
2.0,1000,4,1865,4.826614,1750.769095,301.413483,2.826614,750.769095,-698.586517,0.732247
2.0,1000,4,1866,0.000000,0.000000,0.000000,-2.000000,-1000.000000,-1000.000000,0.000000
2.0,1000,4,1867,5.020217,1932.100179,0.000652,3.020217,932.100179,-999.999348,0.701158
2.0,1000,4,1868,6.252671,1943.277401,0.000031,4.252671,943.277401,-999.999969,0.708913
2.0,1000,4,1869,20.237732,1562.831747,0.000153,18.237732,562.831747,-999.999847,0.907109
2.0,1000,4,1870,6.729193,2000.622036,0.000283,4.729193,1000.622036,-999.999717,0.468683
2.0,1000,4,1871,0.000000,0.000000,0.000000,-2.000000,-1000.000000,-1000.000000,0.000000
2.0,1000,4,1872,0.000000,0.000000,0.000000,-2.000000,-1000.000000,-1000.000000,0.000000
2.0,1000,4,1873,3.150176,1307.068047,555.290269,1.150176,307.068047,-444.709731,0.679834
2.0,1000,4,1874,0.000000,0.000000,0.000000,-2.000000,-1000.000000,-1000.000000,0.000000
2.0,1000,4,1875,4.109184,2457.752587,0.000000,2.109184,1457.752587,-1000.000000,0.606435
2.0,1000,4,1876,8.540650,2250.872018,0.000000,6.540650,1250.872018,-1000.000000,0.485453
2.0,1000,4,1877,0.000000,0.000000,0.000000,-2.000000,-1000.000000,-1000.000000,0.000000
2.0,1000,4,1878,5.521248,1708.284812,0.000258,3.521248,708.284812,-999.999742,0.633533
2.0,1000,4,1879,8.898121,1605.410907,0.000000,6.898121,605.410907,-1000.000000,0.252667
2.0,1000,4,1880,5.929553,1964.137193,0.000000,3.929553,964.137193,-1000.000000,0.621650
2.0,1000,4,1881,5.253066,2019.348291,0.000099,3.253066,1019.348291,-999.999901,0.665498
2.0,1000,4,1882,0.000000,0.000000,0.000000,-2.000000,-1000.000000,-1000.000000,0.000000
2.0,1000,4,1883,7.118540,2045.493306,0.000257,5.118540,1045.493306,-999.999743,0.840986
2.0,1000,4,1884,6.512865,2426.993161,0.000050,4.512865,1426.993161,-999.999950,0.815842
2.0,1000,4,1885,0.000000,0.000000,0.000000,-2.000000,-1000.000000,-1000.000000,0.000000
2.0,1000,4,1886,13.898798,1978.687442,0.000000,11.898798,978.687442,-1000.000000,0.127829
2.0,1000,4,1887,18.403520,1714.028195,0.000529,16.403520,714.028195,-999.999471,0.669639
2.0,1000,4,1888,0.000000,0.000000,0.000000,-2.000000,-1000.000000,-1000.000000,0.000000
2.0,1000,4,1889,0.000000,0.000000,0.000000,-2.000000,-1000.000000,-1000.000000,0.000000
2.0,1000,4,1890,0.000000,0.000000,0.000000,-2.000000,-1000.000000,-1000.000000,0.000000
2.0,1000,4,1891,10.851155,1782.712010,0.000114,8.851155,782.712010,-999.999886,0.685662
2.0,1000,4,1892,0.000000,0.000000,0.000000,-2.000000,-1000.000000,-1000.000000,0.000000
2.0,1000,4,1893,0.000000,0.000000,0.000000,-2.000000,-1000.000000,-1000.000000,0.000000
2.0,1000,4,1894,0.000000,0.000000,0.000000,-2.000000,-1000.000000,-1000.000000,0.000000
2.0,1000,4,1895,0.000000,0.000000,0.000000,-2.000000,-1000.000000,-1000.000000,0.000000
2.0,1000,4,1896,10.256107,1487.420203,0.000159,8.256107,487.420203,-999.999841,0.590994
2.0,1000,4,1897,4.328696,2785.616930,0.000000,2.328696,1785.616930,-1000.000000,-0.281399
2.0,1000,4,1898,0.000000,0.000000,0.000000,-2.000000,-1000.000000,-1000.000000,0.000000
2.0,1000,4,1899,0.000000,0.000000,0.000000,-2.000000,-1000.000000,-1000.000000,0.000000
2.0,1000,4,1900,6.111561,2024.889649,0.000326,4.111561,1024.889649,-999.999674,0.718751
2.0,1000,4,1901,0.000000,0.000000,0.000000,-2.000000,-1000.000000,-1000.000000,0.000000
2.0,1000,4,1902,0.000000,0.000000,0.000000,-2.000000,-1000.000000,-1000.000000,0.000000
2.0,1000,4,1903,0.000000,0.000000,0.000000,-2.000000,-1000.000000,-1000.000000,0.000000
2.0,1000,4,1904,0.000000,0.000000,0.000000,-2.000000,-1000.000000,-1000.000000,0.000000
2.0,1000,4,1905,0.000000,0.000000,0.000000,-2.000000,-1000.000000,-1000.000000,0.000000
2.0,1000,4,1906,0.000000,0.000000,0.000000,-2.000000,-1000.000000,-1000.000000,0.000000
2.0,1000,4,1907,0.000000,0.000000,0.000000,-2.000000,-1000.000000,-1000.000000,0.000000
2.0,1000,4,1908,0.000000,0.000000,0.000000,-2.000000,-1000.000000,-1000.000000,0.000000
2.0,1000,4,1909,0.000000,0.000000,0.000000,-2.000000,-1000.000000,-1000.000000,0.000000
2.0,1000,4,1910,2.546671,1170.210039,805.124041,0.546671,170.210039,-194.875959,0.614171
2.0,1000,4,1911,0.000000,0.000000,0.000000,-2.000000,-1000.000000,-1000.000000,0.000000
2.0,1000,4,1912,0.000000,0.000000,0.000000,-2.000000,-1000.000000,-1000.000000,0.000000
2.0,1000,4,1913,6.725028,1831.608908,0.000308,4.725028,831.608908,-999.999692,0.803750
2.0,1000,4,1914,9.402564,2370.056788,0.000263,7.402564,1370.056788,-999.999737,0.873471
2.0,1000,4,1915,0.000000,0.000000,0.000000,-2.000000,-1000.000000,-1000.000000,0.000000
2.0,1000,4,1916,0.000000,0.000000,0.000000,-2.000000,-1000.000000,-1000.000000,0.000000
2.0,1000,4,1917,9.380426,2393.616595,0.000347,7.380426,1393.616595,-999.999653,0.710605
2.0,1000,4,1918,0.000000,0.000000,0.000000,-2.000000,-1000.000000,-1000.000000,0.000000
2.0,1000,4,1919,0.000000,0.000000,0.000000,-2.000000,-1000.000000,-1000.000000,0.000000
2.0,1000,4,1920,0.000000,0.000000,0.000000,-2.000000,-1000.000000,-1000.000000,0.000000
2.0,1000,4,1921,2.745701,1570.691495,747.307545,0.745701,570.691495,-252.692455,0.629960
2.0,1000,4,1922,7.935449,2438.404826,0.000313,5.935449,1438.404826,-999.999687,0.410764
2.0,1000,4,1923,8.559909,2274.579107,0.000308,6.559909,1274.579107,-999.999692,0.518891
2.0,1000,4,1924,15.858590,1473.467180,0.000380,13.858590,473.467180,-999.999620,0.849165
2.0,1000,4,1925,0.000000,0.000000,0.000000,-2.000000,-1000.000000,-1000.000000,0.000000
2.0,1000,4,1926,8.120721,2120.171966,0.000000,6.120721,1120.171966,-1000.000000,0.018721
2.0,1000,4,1927,8.957886,1837.878297,0.000000,6.957886,837.878297,-1000.000000,-0.123238
2.0,1000,4,1928,0.000000,0.000000,0.000000,-2.000000,-1000.000000,-1000.000000,0.000000
2.0,1000,4,1929,0.000000,0.000000,0.000000,-2.000000,-1000.000000,-1000.000000,0.000000
2.0,1000,4,1930,0.000000,0.000000,0.000000,-2.000000,-1000.000000,-1000.000000,0.000000
2.0,1000,4,1931,9.348539,2323.018998,0.000338,7.348539,1323.018998,-999.999662,0.651585
2.0,1000,4,1932,0.000000,0.000000,0.000000,-2.000000,-1000.000000,-1000.000000,0.000000
2.0,1000,4,1933,0.000000,0.000000,0.000000,-2.000000,-1000.000000,-1000.000000,0.000000
2.0,1000,4,1934,0.000000,0.000000,0.000000,-2.000000,-1000.000000,-1000.000000,0.000000
2.0,1000,4,1935,7.368059,1824.784399,0.000000,5.368059,824.784399,-1000.000000,0.546086
2.0,1000,4,1936,10.293110,1829.947471,0.000090,8.293110,829.947471,-999.999910,0.754880
2.0,1000,4,1937,5.057436,1970.694037,0.000160,3.057436,970.694037,-999.999840,0.790898
2.0,1000,4,1938,0.000000,0.000000,0.000000,-2.000000,-1000.000000,-1000.000000,0.000000
2.0,1000,4,1939,5.031932,1958.588908,0.000157,3.031932,958.588908,-999.999843,0.670484
2.0,1000,4,1940,8.613772,1885.867348,0.000050,6.613772,885.867348,-999.999950,0.769028
2.0,1000,4,1941,0.000000,0.000000,0.000000,-2.000000,-1000.000000,-1000.000000,0.000000
2.0,1000,4,1942,8.902812,2100.095145,0.000248,6.902812,1100.095145,-999.999752,-0.168733
2.0,1000,4,1943,0.000000,0.000000,0.000000,-2.000000,-1000.000000,-1000.000000,0.000000
2.0,1000,4,1944,0.000000,0.000000,0.000000,-2.000000,-1000.000000,-1000.000000,0.000000
2.0,1000,4,1945,0.000000,0.000000,0.000000,-2.000000,-1000.000000,-1000.000000,0.000000
2.0,1000,4,1946,0.000000,0.000000,0.000000,-2.000000,-1000.000000,-1000.000000,0.000000
2.0,1000,4,1947,12.913186,2155.492191,0.000247,10.913186,1155.492191,-999.999753,0.703625
2.0,1000,4,1948,9.689571,1589.199855,0.000359,7.689571,589.199855,-999.999641,0.403872
2.0,1000,4,1949,0.000000,0.000000,0.000000,-2.000000,-1000.000000,-1000.000000,0.000000
2.0,1000,4,1950,7.501772,2283.636926,0.000370,5.501772,1283.636926,-999.999630,0.862904
2.0,1000,4,1951,0.000000,0.000000,0.000000,-2.000000,-1000.000000,-1000.000000,0.000000
2.0,1000,4,1952,0.000000,0.000000,0.000000,-2.000000,-1000.000000,-1000.000000,0.000000
2.0,1000,4,1953,7.983201,2508.588323,0.000000,5.983201,1508.588323,-1000.000000,-0.036852
2.0,1000,4,1954,0.000000,0.000000,0.000000,-2.000000,-1000.000000,-1000.000000,0.000000
2.0,1000,4,1955,10.554929,1706.485499,0.000000,8.554929,706.485499,-1000.000000,-0.070875
2.0,1000,4,1956,8.599701,1871.457658,0.000068,6.599701,871.457658,-999.999932,0.803751
2.0,1000,4,1957,0.000000,0.000000,0.000000,-2.000000,-1000.000000,-1000.000000,0.000000
2.0,1000,4,1958,8.641852,1755.803580,0.000000,6.641852,755.803580,-1000.000000,0.231830
2.0,1000,4,1959,0.000000,0.000000,0.000000,-2.000000,-1000.000000,-1000.000000,0.000000
2.0,1000,4,1960,6.958900,2759.498464,0.000291,4.958900,1759.498464,-999.999709,0.607793
2.0,1000,4,1961,6.765332,2614.579007,0.000073,4.765332,1614.579007,-999.999927,0.844591
2.0,1000,4,1962,0.000000,0.000000,0.000000,-2.000000,-1000.000000,-1000.000000,0.000000
2.0,1000,4,1963,44.326344,2124.012075,0.000281,42.326344,1124.012075,-999.999719,-0.130847
2.0,1000,4,1964,0.000000,0.000000,0.000000,-2.000000,-1000.000000,-1000.000000,0.000000
2.0,1000,4,1965,0.000000,0.000000,0.000000,-2.000000,-1000.000000,-1000.000000,0.000000
2.0,1000,4,1966,0.000000,0.000000,0.000000,-2.000000,-1000.000000,-1000.000000,0.000000
2.0,1000,4,1967,0.000000,0.000000,0.000000,-2.000000,-1000.000000,-1000.000000,0.000000
2.0,1000,4,1968,0.000000,0.000000,0.000000,-2.000000,-1000.000000,-1000.000000,0.000000
2.0,1000,4,1969,0.000000,0.000000,0.000000,-2.000000,-1000.000000,-1000.000000,0.000000
2.0,1000,4,1970,0.000000,0.000000,0.000000,-2.000000,-1000.000000,-1000.000000,0.000000
2.0,1000,4,1971,11.753048,1752.806418,0.000279,9.753048,752.806418,-999.999721,0.802101
2.0,1000,4,1972,0.000000,0.000000,0.000000,-2.000000,-1000.000000,-1000.000000,0.000000
2.0,1000,4,1973,0.000000,0.000000,0.000000,-2.000000,-1000.000000,-1000.000000,0.000000
2.0,1000,4,1974,8.085240,2105.580324,0.000000,6.085240,1105.580324,-1000.000000,0.299077
2.0,1000,4,1975,0.000000,0.000000,0.000000,-2.000000,-1000.000000,-1000.000000,0.000000
2.0,1000,4,1976,6.456587,2191.566169,0.000000,4.456587,1191.566169,-1000.000000,0.344804
2.0,1000,4,1977,0.000000,0.000000,0.000000,-2.000000,-1000.000000,-1000.000000,0.000000
2.0,1000,4,1978,0.000000,0.000000,0.000000,-2.000000,-1000.000000,-1000.000000,0.000000
2.0,1000,4,1979,10.269191,1821.519036,0.000089,8.269191,821.519036,-999.999911,0.623981
2.0,1000,4,1980,6.555701,2377.742254,0.000000,4.555701,1377.742254,-1000.000000,0.651676
2.0,1000,4,1981,7.302883,2162.777055,0.000359,5.302883,1162.777055,-999.999641,0.693519
2.0,1000,4,1982,0.000000,0.000000,0.000000,-2.000000,-1000.000000,-1000.000000,0.000000
2.0,1000,4,1983,13.691268,1913.479306,0.000170,11.691268,913.479306,-999.999830,0.391055
2.0,1000,4,1984,14.512432,1652.934923,0.000173,12.512432,652.934923,-999.999827,0.359751
2.0,1000,4,1985,0.000000,0.000000,0.000000,-2.000000,-1000.000000,-1000.000000,0.000000
2.0,1000,4,1986,23.983923,1621.555653,0.000314,21.983923,621.555653,-999.999686,0.715764
2.0,1000,4,1987,0.000000,0.000000,0.000000,-2.000000,-1000.000000,-1000.000000,0.000000
2.0,1000,4,1988,16.382222,1627.684030,0.000266,14.382222,627.684030,-999.999734,0.361981
2.0,1000,4,1989,0.000000,0.000000,0.000000,-2.000000,-1000.000000,-1000.000000,0.000000
2.0,1000,4,1990,4.769811,2730.920038,0.000000,2.769811,1730.920038,-1000.000000,0.235753
2.0,1000,4,1991,4.998178,2311.205461,0.000000,2.998178,1311.205461,-1000.000000,0.728868
2.0,1000,4,1992,0.000000,0.000000,0.000000,-2.000000,-1000.000000,-1000.000000,0.000000
2.0,1000,4,1993,14.318725,1773.449102,0.000000,12.318725,773.449102,-1000.000000,0.683478
2.0,1000,4,1994,10.908207,2275.825659,0.000124,8.908207,1275.825659,-999.999876,0.641888
2.0,1000,4,1995,23.498189,2061.588321,0.000567,21.498189,1061.588321,-999.999433,0.860161
2.0,1000,4,1996,0.000000,0.000000,0.000000,-2.000000,-1000.000000,-1000.000000,0.000000
2.0,1000,4,1997,7.832158,1687.171489,0.000000,5.832158,687.171489,-1000.000000,0.620335
2.0,1000,4,1998,43.412775,1679.979047,0.000024,41.412775,679.979047,-999.999976,-0.546005
2.0,1000,4,1999,9.025973,2114.555249,0.000000,7.025973,1114.555249,-1000.000000,-0.288610
2.0,1000,4,2000,0.000000,0.000000,0.000000,-2.000000,-1000.000000,-1000.000000,0.000000
2.0,1000,4,2001,6.928006,1698.467616,0.000303,4.928006,698.467616,-999.999697,0.845895
2.0,1000,4,2002,7.733311,2070.413211,0.000030,5.733311,1070.413211,-999.999970,0.762888
2.0,1000,4,2003,0.000000,0.000000,0.000000,-2.000000,-1000.000000,-1000.000000,0.000000
2.0,1000,4,2004,3.142760,1077.281667,907.406911,1.142760,77.281667,-92.593089,0.604115
2.0,1000,4,2005,8.838604,2126.620307,0.000293,6.838604,1126.620307,-999.999707,0.684078
2.0,1000,4,2006,0.000000,0.000000,0.000000,-2.000000,-1000.000000,-1000.000000,0.000000
2.0,1000,4,2007,0.000000,0.000000,0.000000,-2.000000,-1000.000000,-1000.000000,0.000000
2.0,1000,4,2008,8.146675,2031.599590,0.000298,6.146675,1031.599590,-999.999702,0.635552
2.0,1000,4,2009,0.000000,0.000000,0.000000,-2.000000,-1000.000000,-1000.000000,0.000000
2.0,1000,4,2010,8.929183,1684.622467,0.000084,6.929183,684.622467,-999.999916,0.714373
2.0,1000,4,2011,7.375745,1926.651313,0.000000,5.375745,926.651313,-1000.000000,-0.235018
2.0,1000,4,2012,5.969365,2477.397731,0.000000,3.969365,1477.397731,-1000.000000,-0.163249
2.0,1000,4,2013,11.846943,1785.222044,0.000078,9.846943,785.222044,-999.999922,0.624127
2.0,1000,4,2014,8.357944,2350.112900,0.000163,6.357944,1350.112900,-999.999837,0.681273
2.0,1000,4,2015,4.659925,2071.938113,0.000000,2.659925,1071.938113,-1000.000000,0.681799
2.0,1000,4,2016,0.000000,0.000000,0.000000,-2.000000,-1000.000000,-1000.000000,0.000000
2.0,1000,4,2017,0.000000,0.000000,0.000000,-2.000000,-1000.000000,-1000.000000,0.000000
2.0,1000,4,2018,2.525230,1857.942176,505.478599,0.525230,857.942176,-494.521401,0.656455
2.0,1000,4,2019,6.678506,2461.316112,0.000060,4.678506,1461.316112,-999.999940,0.825168
2.0,1000,4,2020,16.688960,2438.968076,0.000000,14.688960,1438.968076,-1000.000000,-0.132574
2.0,1000,4,2021,7.731105,2096.918065,0.000000,5.731105,1096.918065,-1000.000000,-0.460680
2.0,1000,4,2022,11.737495,1827.310880,0.000000,9.737495,827.310880,-1000.000000,-0.336402
2.0,1000,4,2023,0.000000,0.000000,0.000000,-2.000000,-1000.000000,-1000.000000,0.000000
2.0,1000,4,2024,0.000000,0.000000,0.000000,-2.000000,-1000.000000,-1000.000000,0.000000
2.0,1000,4,2025,7.404095,1571.395606,0.000206,5.404095,571.395606,-999.999794,0.680267
2.0,1000,4,2026,4.383658,1970.638990,0.000000,2.383658,970.638990,-1000.000000,0.617136
2.0,1000,4,2027,0.000000,0.000000,0.000000,-2.000000,-1000.000000,-1000.000000,0.000000
2.0,1000,4,2028,8.421691,2224.078928,0.000098,6.421691,1224.078928,-999.999902,0.800819
2.0,1000,4,2029,0.000000,0.000000,0.000000,-2.000000,-1000.000000,-1000.000000,0.000000
2.0,1000,4,2030,10.439968,1858.341455,0.000094,8.439968,858.341455,-999.999906,0.753592
2.0,1000,4,2031,10.610784,2484.181905,0.000086,8.610784,1484.181905,-999.999914,0.685491
2.0,1000,4,2032,0.000000,0.000000,0.000000,-2.000000,-1000.000000,-1000.000000,0.000000
2.0,1000,4,2033,11.680584,1886.880626,0.000254,9.680584,886.880626,-999.999746,0.318733
2.0,1000,4,2034,0.000000,0.000000,0.000000,-2.000000,-1000.000000,-1000.000000,0.000000
2.0,1000,4,2035,6.544206,2139.709294,0.000000,4.544206,1139.709294,-1000.000000,-0.088160
2.0,1000,4,2036,0.000000,0.000000,0.000000,-2.000000,-1000.000000,-1000.000000,0.000000
2.0,1000,4,2037,8.557455,1965.895146,0.000000,6.557455,965.895146,-1000.000000,-0.587879
2.0,1000,4,2038,6.930286,2238.823204,0.000048,4.930286,1238.823204,-999.999952,0.858805
2.0,1000,4,2039,14.530294,1840.110797,0.000000,12.530294,840.110797,-1000.000000,0.595614
2.0,1000,4,2040,2.266853,725.253965,1253.871688,0.266853,-274.746035,253.871688,0.609939
2.0,1000,4,2041,6.287367,1672.535675,0.000055,4.287367,672.535675,-999.999945,0.830217
2.0,1000,4,2042,18.529790,1754.198658,0.000000,16.529790,754.198658,-1000.000000,0.525947
2.0,1000,4,2043,0.000000,0.000000,0.000000,-2.000000,-1000.000000,-1000.000000,0.000000
2.0,1000,4,2044,5.773312,2568.418825,0.000127,3.773312,1568.418825,-999.999873,0.803412
2.0,1000,4,2045,0.000000,0.000000,0.000000,-2.000000,-1000.000000,-1000.000000,0.000000
2.0,1000,4,2046,0.000000,0.000000,0.000000,-2.000000,-1000.000000,-1000.000000,0.000000
2.0,1000,4,2047,6.961701,1874.430253,0.000288,4.961701,874.430253,-999.999712,0.609273
2.0,1000,4,2048,4.784855,2565.335680,0.000000,2.784855,1565.335680,-1000.000000,0.429054
2.0,1000,4,2049,6.525239,2345.999536,0.000000,4.525239,1345.999536,-1000.000000,0.106833
2.0,1000,4,2050,4.943536,1756.074934,0.000000,2.943536,756.074934,-1000.000000,0.618081
2.0,1000,4,2051,0.000000,0.000000,0.000000,-2.000000,-1000.000000,-1000.000000,0.000000
2.0,1000,4,2052,0.000000,0.000000,0.000000,-2.000000,-1000.000000,-1000.000000,0.000000
2.0,1000,4,2053,0.000000,0.000000,0.000000,-2.000000,-1000.000000,-1000.000000,0.000000
2.0,1000,4,2054,10.694370,1928.026779,0.000410,8.694370,928.026779,-999.999590,0.734323
2.0,1000,4,2055,0.000000,0.000000,0.000000,-2.000000,-1000.000000,-1000.000000,0.000000
2.0,1000,4,2056,26.142233,1997.808680,0.000080,24.142233,997.808680,-999.999920,0.520632
2.0,1000,4,2057,7.529391,2113.406034,0.000276,5.529391,1113.406034,-999.999724,0.641070
2.0,1000,4,2058,0.000000,0.000000,0.000000,-2.000000,-1000.000000,-1000.000000,0.000000
2.0,1000,4,2059,0.000000,0.000000,0.000000,-2.000000,-1000.000000,-1000.000000,0.000000
2.0,1000,4,2060,3.773504,3013.179818,0.000000,1.773504,2013.179818,-1000.000000,0.606725
2.0,1000,4,2061,0.000000,0.000000,0.000000,-2.000000,-1000.000000,-1000.000000,0.000000
2.0,1000,4,2062,0.000000,0.000000,0.000000,-2.000000,-1000.000000,-1000.000000,0.000000
2.0,1000,4,2063,0.000000,0.000000,0.000000,-2.000000,-1000.000000,-1000.000000,0.000000
2.0,1000,4,2064,6.000299,2115.813478,0.000000,4.000299,1115.813478,-1000.000000,0.518977
2.0,1000,4,2065,0.000000,0.000000,0.000000,-2.000000,-1000.000000,-1000.000000,0.000000
2.0,1000,4,2066,0.000000,0.000000,0.000000,-2.000000,-1000.000000,-1000.000000,0.000000
2.0,1000,4,2067,0.000000,0.000000,0.000000,-2.000000,-1000.000000,-1000.000000,0.000000
2.0,1000,4,2068,2.296884,754.888483,1019.593194,0.296884,-245.111517,19.593194,0.637235
2.0,1000,4,2069,0.000000,0.000000,0.000000,-2.000000,-1000.000000,-1000.000000,0.000000
2.0,1000,4,2070,0.000000,0.000000,0.000000,-2.000000,-1000.000000,-1000.000000,0.000000
2.0,1000,4,2071,7.984498,1631.569262,613.673511,5.984498,631.569262,-386.326489,0.751828
2.0,1000,4,2072,5.014956,2031.505457,0.000212,3.014956,1031.505457,-999.999788,0.868164
2.0,1000,4,2073,0.000000,0.000000,0.000000,-2.000000,-1000.000000,-1000.000000,0.000000
2.0,1000,4,2074,5.337063,2436.552851,0.000000,3.337063,1436.552851,-1000.000000,0.680331
2.0,1000,4,2075,0.000000,0.000000,0.000000,-2.000000,-1000.000000,-1000.000000,0.000000
2.0,1000,4,2076,0.000000,0.000000,0.000000,-2.000000,-1000.000000,-1000.000000,0.000000
2.0,1000,4,2077,0.000000,0.000000,0.000000,-2.000000,-1000.000000,-1000.000000,0.000000
2.0,1000,4,2078,0.000000,0.000000,0.000000,-2.000000,-1000.000000,-1000.000000,0.000000
2.0,1000,4,2079,13.046525,2292.018870,0.000040,11.046525,1292.018870,-999.999960,0.739838
2.0,1000,4,2080,0.000000,0.000000,0.000000,-2.000000,-1000.000000,-1000.000000,0.000000
2.0,1000,4,2081,0.000000,0.000000,0.000000,-2.000000,-1000.000000,-1000.000000,0.000000
2.0,1000,4,2082,5.076162,1484.877393,307.378810,3.076162,484.877393,-692.621190,0.729696
2.0,1000,4,2083,0.000000,0.000000,0.000000,-2.000000,-1000.000000,-1000.000000,0.000000
2.0,1000,4,2084,8.452831,2061.975263,0.000000,6.452831,1061.975263,-1000.000000,0.046690
2.0,1000,4,2085,0.000000,0.000000,0.000000,-2.000000,-1000.000000,-1000.000000,0.000000
2.0,1000,4,2086,4.833511,2150.704053,0.000000,2.833511,1150.704053,-1000.000000,0.549308
2.0,1000,4,2087,7.137187,2026.913409,0.000000,5.137187,1026.913409,-1000.000000,-0.585408
2.0,1000,4,2088,17.357143,1861.986723,0.000000,15.357143,861.986723,-1000.000000,0.476343
2.0,1000,4,2089,32.957745,1783.991837,0.000940,30.957745,783.991837,-999.999060,0.616722
2.0,1000,4,2090,0.000000,0.000000,0.000000,-2.000000,-1000.000000,-1000.000000,0.000000
2.0,1000,4,2091,0.000000,0.000000,0.000000,-2.000000,-1000.000000,-1000.000000,0.000000
2.0,1000,4,2092,6.616634,2442.278243,0.000000,4.616634,1442.278243,-1000.000000,0.567788
2.0,1000,4,2093,4.726940,2428.817192,0.000000,2.726940,1428.817192,-1000.000000,0.341607
2.0,1000,4,2094,0.000000,0.000000,0.000000,-2.000000,-1000.000000,-1000.000000,0.000000
2.0,1000,4,2095,0.000000,0.000000,0.000000,-2.000000,-1000.000000,-1000.000000,0.000000
2.0,1000,4,2096,0.000000,0.000000,0.000000,-2.000000,-1000.000000,-1000.000000,0.000000
2.0,1000,4,2097,5.387707,1828.885026,0.000000,3.387707,828.885026,-1000.000000,0.580254
2.0,1000,4,2098,0.000000,0.000000,0.000000,-2.000000,-1000.000000,-1000.000000,0.000000
2.0,1000,4,2099,0.000000,0.000000,0.000000,-2.000000,-1000.000000,-1000.000000,0.000000
2.0,1000,4,2100,0.000000,0.000000,0.000000,-2.000000,-1000.000000,-1000.000000,0.000000
2.0,1000,4,2101,0.000000,0.000000,0.000000,-2.000000,-1000.000000,-1000.000000,0.000000
2.0,1000,4,2102,0.000000,0.000000,0.000000,-2.000000,-1000.000000,-1000.000000,0.000000
2.0,1000,4,2103,0.000000,0.000000,0.000000,-2.000000,-1000.000000,-1000.000000,0.000000
2.0,1000,4,2104,13.246384,2039.298601,0.000054,11.246384,1039.298601,-999.999946,0.563810
2.0,1000,4,2105,0.000000,0.000000,0.000000,-2.000000,-1000.000000,-1000.000000,0.000000
2.0,1000,4,2106,4.351615,2842.512491,0.000655,2.351615,1842.512491,-999.999345,0.714575
2.0,1000,4,2107,0.000000,0.000000,0.000000,-2.000000,-1000.000000,-1000.000000,0.000000
2.0,1000,4,2108,0.000000,0.000000,0.000000,-2.000000,-1000.000000,-1000.000000,0.000000
2.0,1000,4,2109,7.605944,1862.067530,0.000660,5.605944,862.067530,-999.999340,-0.637966
2.0,1000,4,2110,14.184492,2144.595716,0.000042,12.184492,1144.595716,-999.999958,0.819195
2.0,1000,4,2111,0.000000,0.000000,0.000000,-2.000000,-1000.000000,-1000.000000,0.000000
2.0,1000,4,2112,0.000000,0.000000,0.000000,-2.000000,-1000.000000,-1000.000000,0.000000
2.0,1000,4,2113,0.000000,0.000000,0.000000,-2.000000,-1000.000000,-1000.000000,0.000000
2.0,1000,4,2114,7.765052,2243.869946,0.000337,5.765052,1243.869946,-999.999663,0.769252
2.0,1000,4,2115,0.000000,0.000000,0.000000,-2.000000,-1000.000000,-1000.000000,0.000000
2.0,1000,4,2116,0.000000,0.000000,0.000000,-2.000000,-1000.000000,-1000.000000,0.000000
2.0,1000,4,2117,0.000000,0.000000,0.000000,-2.000000,-1000.000000,-1000.000000,0.000000
2.0,1000,4,2118,0.000000,0.000000,0.000000,-2.000000,-1000.000000,-1000.000000,0.000000
2.0,1000,4,2119,9.106577,2083.652513,0.000000,7.106577,1083.652513,-1000.000000,0.566238
2.0,1000,4,2120,4.436735,2233.159847,0.000000,2.436735,1233.159847,-1000.000000,0.707116
2.0,1000,4,2121,0.000000,0.000000,0.000000,-2.000000,-1000.000000,-1000.000000,0.000000
2.0,1000,4,2122,7.346117,1970.510769,0.000000,5.346117,970.510769,-1000.000000,0.446370
2.0,1000,4,2123,12.849038,2095.583939,0.000000,10.849038,1095.583939,-1000.000000,-0.259604
2.0,1000,4,2124,0.000000,0.000000,0.000000,-2.000000,-1000.000000,-1000.000000,0.000000
2.0,1000,4,2125,5.841035,2079.943750,0.000000,3.841035,1079.943750,-1000.000000,0.648421
2.0,1000,4,2126,12.753233,2019.642135,0.000233,10.753233,1019.642135,-999.999767,0.642950
2.0,1000,4,2127,0.000000,0.000000,0.000000,-2.000000,-1000.000000,-1000.000000,0.000000
2.0,1000,4,2128,11.771092,2417.240777,0.000537,9.771092,1417.240777,-999.999463,0.779151
2.0,1000,4,2129,0.000000,0.000000,0.000000,-2.000000,-1000.000000,-1000.000000,0.000000
2.0,1000,4,2130,7.019607,2472.467749,0.000327,5.019607,1472.467749,-999.999673,0.673778
2.0,1000,4,2131,6.049728,2317.849039,0.000057,4.049728,1317.849039,-999.999943,0.820431
2.0,1000,4,2132,4.391107,2095.784839,0.000493,2.391107,1095.784839,-999.999507,0.906157
2.0,1000,4,2133,0.000000,0.000000,0.000000,-2.000000,-1000.000000,-1000.000000,0.000000
2.0,1000,4,2134,5.730011,1818.633980,0.000000,3.730011,818.633980,-1000.000000,0.391517
2.0,1000,4,2135,7.815183,2218.977162,0.000371,5.815183,1218.977162,-999.999629,0.808115
2.0,1000,4,2136,0.000000,0.000000,0.000000,-2.000000,-1000.000000,-1000.000000,0.000000
2.0,1000,4,2137,4.218602,2157.007335,0.000000,2.218602,1157.007335,-1000.000000,0.688865
2.0,1000,4,2138,0.000000,0.000000,0.000000,-2.000000,-1000.000000,-1000.000000,0.000000
2.0,1000,4,2139,51.209347,1736.100499,0.000721,49.209347,736.100499,-999.999279,0.770932
2.0,1000,4,2140,5.986414,1931.630327,0.000000,3.986414,931.630327,-1000.000000,0.540154
2.0,1000,4,2141,0.000000,0.000000,0.000000,-2.000000,-1000.000000,-1000.000000,0.000000
2.0,1000,4,2142,0.000000,0.000000,0.000000,-2.000000,-1000.000000,-1000.000000,0.000000
2.0,1000,4,2143,8.928167,2213.438814,0.000098,6.928167,1213.438814,-999.999902,0.830592
2.0,1000,4,2144,0.000000,0.000000,0.000000,-2.000000,-1000.000000,-1000.000000,0.000000
2.0,1000,4,2145,0.000000,0.000000,0.000000,-2.000000,-1000.000000,-1000.000000,0.000000
2.0,1000,4,2146,35.735923,1993.095111,0.000209,33.735923,993.095111,-999.999791,0.904483
2.0,1000,4,2147,0.000000,0.000000,0.000000,-2.000000,-1000.000000,-1000.000000,0.000000
2.0,1000,4,2148,0.000000,0.000000,0.000000,-2.000000,-1000.000000,-1000.000000,0.000000
2.0,1000,4,2149,0.000000,0.000000,0.000000,-2.000000,-1000.000000,-1000.000000,0.000000
2.0,1000,4,2150,0.000000,0.000000,0.000000,-2.000000,-1000.000000,-1000.000000,0.000000
2.0,1000,4,2151,12.679681,1635.872698,0.000098,10.679681,635.872698,-999.999902,0.837721
2.0,1000,4,2152,0.000000,0.000000,0.000000,-2.000000,-1000.000000,-1000.000000,0.000000
2.0,1000,4,2153,0.000000,0.000000,0.000000,-2.000000,-1000.000000,-1000.000000,0.000000
2.0,1000,4,2154,10.167703,1812.061581,0.000622,8.167703,812.061581,-999.999378,0.857710
2.0,1000,4,2155,0.000000,0.000000,0.000000,-2.000000,-1000.000000,-1000.000000,0.000000
2.0,1000,4,2156,10.255659,1723.488636,0.000499,8.255659,723.488636,-999.999501,0.882401
2.0,1000,4,2157,8.214743,1973.537260,0.000055,6.214743,973.537260,-999.999945,0.666752
2.0,1000,4,2158,0.000000,0.000000,0.000000,-2.000000,-1000.000000,-1000.000000,0.000000
2.0,1000,4,2159,0.000000,0.000000,0.000000,-2.000000,-1000.000000,-1000.000000,0.000000
2.0,1000,4,2160,0.000000,0.000000,0.000000,-2.000000,-1000.000000,-1000.000000,0.000000
2.0,1000,4,2161,0.000000,0.000000,0.000000,-2.000000,-1000.000000,-1000.000000,0.000000
2.0,1000,4,2162,6.442063,2049.298381,0.000000,4.442063,1049.298381,-1000.000000,-0.645567
2.0,1000,4,2163,0.000000,0.000000,0.000000,-2.000000,-1000.000000,-1000.000000,0.000000
2.0,1000,4,2164,5.860309,1980.733588,0.000000,3.860309,980.733588,-1000.000000,0.556234
2.0,1000,4,2165,8.284788,1920.967178,0.000072,6.284788,920.967178,-999.999928,0.802422
2.0,1000,4,2166,0.000000,0.000000,0.000000,-2.000000,-1000.000000,-1000.000000,0.000000
2.0,1000,4,2167,4.595139,2065.482699,0.000000,2.595139,1065.482699,-1000.000000,0.615135
2.0,1000,4,2168,0.000000,0.000000,0.000000,-2.000000,-1000.000000,-1000.000000,0.000000
2.0,1000,4,2169,0.000000,0.000000,0.000000,-2.000000,-1000.000000,-1000.000000,0.000000
2.0,1000,4,2170,0.000000,0.000000,0.000000,-2.000000,-1000.000000,-1000.000000,0.000000
2.0,1000,4,2171,0.000000,0.000000,0.000000,-2.000000,-1000.000000,-1000.000000,0.000000
2.0,1000,4,2172,4.552301,2017.144472,0.000292,2.552301,1017.144472,-999.999708,0.785869
2.0,1000,4,2173,7.601312,2129.944890,0.000284,5.601312,1129.944890,-999.999716,0.769092
2.0,1000,4,2174,5.774667,2404.012248,0.000000,3.774667,1404.012248,-1000.000000,0.409809
2.0,1000,4,2175,0.000000,0.000000,0.000000,-2.000000,-1000.000000,-1000.000000,0.000000
2.0,1000,4,2176,0.000000,0.000000,0.000000,-2.000000,-1000.000000,-1000.000000,0.000000
2.0,1000,4,2177,0.000000,0.000000,0.000000,-2.000000,-1000.000000,-1000.000000,0.000000
2.0,1000,4,2178,8.825970,1905.979211,0.000000,6.825970,905.979211,-1000.000000,0.492406
2.0,1000,4,2179,0.000000,0.000000,0.000000,-2.000000,-1000.000000,-1000.000000,0.000000
2.0,1000,4,2180,10.074002,1768.324625,0.000324,8.074002,768.324625,-999.999676,0.775127
2.0,1000,4,2181,0.000000,0.000000,0.000000,-2.000000,-1000.000000,-1000.000000,0.000000
2.0,1000,4,2182,0.000000,0.000000,0.000000,-2.000000,-1000.000000,-1000.000000,0.000000
2.0,1000,4,2183,0.000000,0.000000,0.000000,-2.000000,-1000.000000,-1000.000000,0.000000
2.0,1000,4,2184,25.682864,1848.036099,0.000479,23.682864,848.036099,-999.999521,-0.412847
2.0,1000,4,2185,0.000000,0.000000,0.000000,-2.000000,-1000.000000,-1000.000000,0.000000
2.0,1000,4,2186,9.208087,2345.105835,0.000000,7.208087,1345.105835,-1000.000000,0.612868
2.0,1000,4,2187,3.653750,2451.487873,0.000000,1.653750,1451.487873,-1000.000000,0.598492
2.0,1000,4,2188,0.000000,0.000000,0.000000,-2.000000,-1000.000000,-1000.000000,0.000000
2.0,1000,4,2189,0.000000,0.000000,0.000000,-2.000000,-1000.000000,-1000.000000,0.000000
2.0,1000,4,2190,0.000000,0.000000,0.000000,-2.000000,-1000.000000,-1000.000000,0.000000
2.0,1000,4,2191,6.336043,2061.280991,0.000261,4.336043,1061.280991,-999.999739,0.761861
2.0,1000,4,2192,7.652837,2236.723393,0.000379,5.652837,1236.723393,-999.999621,0.478302
2.0,1000,4,2193,0.000000,0.000000,0.000000,-2.000000,-1000.000000,-1000.000000,0.000000
2.0,1000,4,2194,0.000000,0.000000,0.000000,-2.000000,-1000.000000,-1000.000000,0.000000
2.0,1000,4,2195,0.000000,0.000000,0.000000,-2.000000,-1000.000000,-1000.000000,0.000000
2.0,1000,4,2196,0.000000,0.000000,0.000000,-2.000000,-1000.000000,-1000.000000,0.000000
2.0,1000,4,2197,0.000000,0.000000,0.000000,-2.000000,-1000.000000,-1000.000000,0.000000
2.0,1000,4,2198,0.000000,0.000000,0.000000,-2.000000,-1000.000000,-1000.000000,0.000000
2.0,1000,4,2199,0.000000,0.000000,0.000000,-2.000000,-1000.000000,-1000.000000,0.000000
2.0,1000,4,2200,4.418471,2492.341572,0.000000,2.418471,1492.341572,-1000.000000,0.061852
2.0,1000,4,2201,5.789270,2174.626044,0.000000,3.789270,1174.626044,-1000.000000,-0.387439
2.0,1000,4,2202,7.271697,2440.085913,0.000000,5.271697,1440.085913,-1000.000000,0.180453
2.0,1000,4,2203,4.676281,2078.701793,0.000000,2.676281,1078.701793,-1000.000000,0.156510
2.0,1000,4,2204,4.311333,2508.365406,0.000396,2.311333,1508.365406,-999.999604,0.740407
2.0,1000,4,2205,0.000000,0.000000,0.000000,-2.000000,-1000.000000,-1000.000000,0.000000
2.0,1000,4,2206,0.000000,0.000000,0.000000,-2.000000,-1000.000000,-1000.000000,0.000000
2.0,1000,4,2207,0.000000,0.000000,0.000000,-2.000000,-1000.000000,-1000.000000,0.000000
2.0,1000,4,2208,21.071551,2276.702025,0.000072,19.071551,1276.702025,-999.999928,-0.172956
2.0,1000,4,2209,10.413458,1426.850633,0.000114,8.413458,426.850633,-999.999886,0.664438
2.0,1000,4,2210,19.472800,1910.751272,0.000178,17.472800,910.751272,-999.999822,-0.466037
2.0,1000,4,2211,0.000000,0.000000,0.000000,-2.000000,-1000.000000,-1000.000000,0.000000
2.0,1000,4,2212,0.000000,0.000000,0.000000,-2.000000,-1000.000000,-1000.000000,0.000000
2.0,1000,4,2213,6.476607,2083.162456,0.000307,4.476607,1083.162456,-999.999693,0.669072
2.0,1000,4,2214,0.000000,0.000000,0.000000,-2.000000,-1000.000000,-1000.000000,0.000000
2.0,1000,4,2215,5.140456,2173.810075,0.000000,3.140456,1173.810075,-1000.000000,0.274657
2.0,1000,4,2216,7.943378,2115.869150,0.000316,5.943378,1115.869150,-999.999684,0.734615
2.0,1000,4,2217,0.000000,0.000000,0.000000,-2.000000,-1000.000000,-1000.000000,0.000000
2.0,1000,4,2218,9.551887,2232.435057,0.000308,7.551887,1232.435057,-999.999692,0.814981
2.0,1000,4,2219,5.860316,2368.647219,0.000202,3.860316,1368.647219,-999.999798,0.578521
2.0,1000,4,2220,5.836539,2044.546416,0.000000,3.836539,1044.546416,-1000.000000,0.668054
2.0,1000,4,2221,12.516009,1935.707110,0.000282,10.516009,935.707110,-999.999718,0.676219
2.0,1000,4,2222,0.000000,0.000000,0.000000,-2.000000,-1000.000000,-1000.000000,0.000000
2.0,1000,4,2223,9.707475,1578.347837,0.000094,7.707475,578.347837,-999.999906,0.770327
2.0,1000,4,2224,0.000000,0.000000,0.000000,-2.000000,-1000.000000,-1000.000000,0.000000
2.0,1000,4,2225,7.662785,2046.599693,0.000000,5.662785,1046.599693,-1000.000000,0.787540
2.0,1000,4,2226,13.700473,2585.563739,0.000232,11.700473,1585.563739,-999.999768,0.672344
2.0,1000,4,2227,0.000000,0.000000,0.000000,-2.000000,-1000.000000,-1000.000000,0.000000
2.0,1000,4,2228,0.000000,0.000000,0.000000,-2.000000,-1000.000000,-1000.000000,0.000000
2.0,1000,4,2229,0.000000,0.000000,0.000000,-2.000000,-1000.000000,-1000.000000,0.000000
2.0,1000,4,2230,0.000000,0.000000,0.000000,-2.000000,-1000.000000,-1000.000000,0.000000
2.0,1000,4,2231,0.000000,0.000000,0.000000,-2.000000,-1000.000000,-1000.000000,0.000000
2.0,1000,4,2232,12.713777,2613.378076,0.000000,10.713777,1613.378076,-1000.000000,0.387720
2.0,1000,4,2233,0.000000,0.000000,0.000000,-2.000000,-1000.000000,-1000.000000,0.000000
2.0,1000,4,2234,0.000000,0.000000,0.000000,-2.000000,-1000.000000,-1000.000000,0.000000
2.0,1000,4,2235,0.000000,0.000000,0.000000,-2.000000,-1000.000000,-1000.000000,0.000000
2.0,1000,4,2236,7.320300,2265.529765,0.000000,5.320300,1265.529765,-1000.000000,-0.190592
2.0,1000,4,2237,0.000000,0.000000,0.000000,-2.000000,-1000.000000,-1000.000000,0.000000
2.0,1000,4,2238,0.000000,0.000000,0.000000,-2.000000,-1000.000000,-1000.000000,0.000000
2.0,1000,4,2239,0.000000,0.000000,0.000000,-2.000000,-1000.000000,-1000.000000,0.000000
2.0,1000,4,2240,0.000000,0.000000,0.000000,-2.000000,-1000.000000,-1000.000000,0.000000
2.0,1000,4,2241,0.000000,0.000000,0.000000,-2.000000,-1000.000000,-1000.000000,0.000000
2.0,1000,4,2242,5.310334,2153.390880,0.000000,3.310334,1153.390880,-1000.000000,0.688759
2.0,1000,4,2243,8.426758,2085.939495,0.000000,6.426758,1085.939495,-1000.000000,0.356081
2.0,1000,4,2244,0.000000,0.000000,0.000000,-2.000000,-1000.000000,-1000.000000,0.000000
2.0,1000,4,2245,0.000000,0.000000,0.000000,-2.000000,-1000.000000,-1000.000000,0.000000
2.0,1000,4,2246,5.301130,1877.536400,0.000084,3.301130,877.536400,-999.999916,0.695351
2.0,1000,4,2247,6.375814,2605.054793,0.000268,4.375814,1605.054793,-999.999732,0.783884
2.0,1000,4,2248,0.000000,0.000000,0.000000,-2.000000,-1000.000000,-1000.000000,0.000000
2.0,1000,4,2249,0.000000,0.000000,0.000000,-2.000000,-1000.000000,-1000.000000,0.000000
2.0,1000,4,2250,0.000000,0.000000,0.000000,-2.000000,-1000.000000,-1000.000000,0.000000
2.0,1000,4,2251,8.000641,2401.806616,0.000281,6.000641,1401.806616,-999.999719,0.210083
2.0,1000,4,2252,0.000000,0.000000,0.000000,-2.000000,-1000.000000,-1000.000000,0.000000
2.0,1000,4,2253,0.000000,0.000000,0.000000,-2.000000,-1000.000000,-1000.000000,0.000000
2.0,1000,4,2254,11.497384,2409.960671,0.000313,9.497384,1409.960671,-999.999687,0.862998
2.0,1000,4,2255,0.000000,0.000000,0.000000,-2.000000,-1000.000000,-1000.000000,0.000000
2.0,1000,4,2256,4.767503,2253.892207,0.000303,2.767503,1253.892207,-999.999697,0.771843
2.0,1000,4,2257,0.000000,0.000000,0.000000,-2.000000,-1000.000000,-1000.000000,0.000000
2.0,1000,4,2258,4.342414,2171.156830,0.000000,2.342414,1171.156830,-1000.000000,0.390571
2.0,1000,4,2259,6.765093,2271.976941,0.000000,4.765093,1271.976941,-1000.000000,0.573158
2.0,1000,4,2260,15.411237,1760.833557,0.000288,13.411237,760.833557,-999.999712,0.668417
2.0,1000,4,2261,4.871525,2087.800154,0.000000,2.871525,1087.800154,-1000.000000,0.460054
2.0,1000,4,2262,0.000000,0.000000,0.000000,-2.000000,-1000.000000,-1000.000000,0.000000
2.0,1000,4,2263,0.000000,0.000000,0.000000,-2.000000,-1000.000000,-1000.000000,0.000000
2.0,1000,4,2264,0.000000,0.000000,0.000000,-2.000000,-1000.000000,-1000.000000,0.000000
2.0,1000,4,2265,0.000000,0.000000,0.000000,-2.000000,-1000.000000,-1000.000000,0.000000
2.0,1000,4,2266,0.000000,0.000000,0.000000,-2.000000,-1000.000000,-1000.000000,0.000000
2.0,1000,4,2267,0.000000,0.000000,0.000000,-2.000000,-1000.000000,-1000.000000,0.000000
2.0,1000,4,2268,4.068309,2377.140960,0.000000,2.068309,1377.140960,-1000.000000,0.664118
2.0,1000,4,2269,6.764570,1901.574999,0.000142,4.764570,901.574999,-999.999858,0.718925
2.0,1000,4,2270,0.000000,0.000000,0.000000,-2.000000,-1000.000000,-1000.000000,0.000000
2.0,1000,4,2271,0.000000,0.000000,0.000000,-2.000000,-1000.000000,-1000.000000,0.000000
2.0,1000,4,2272,6.344600,2009.034174,0.000000,4.344600,1009.034174,-1000.000000,0.537798
2.0,1000,4,2273,8.107071,2479.115316,0.000000,6.107071,1479.115316,-1000.000000,0.011612
2.0,1000,4,2274,0.000000,0.000000,0.000000,-2.000000,-1000.000000,-1000.000000,0.000000
2.0,1000,4,2275,8.940639,1999.005326,0.000312,6.940639,999.005326,-999.999688,0.859191
2.0,1000,4,2276,19.461430,1707.284245,0.000225,17.461430,707.284245,-999.999775,0.519453
2.0,1000,4,2277,0.000000,0.000000,0.000000,-2.000000,-1000.000000,-1000.000000,0.000000
2.0,1000,4,2278,13.112817,1839.902458,0.000354,11.112817,839.902458,-999.999646,0.643089
2.0,1000,4,2279,0.000000,0.000000,0.000000,-2.000000,-1000.000000,-1000.000000,0.000000
2.0,1000,4,2280,0.000000,0.000000,0.000000,-2.000000,-1000.000000,-1000.000000,0.000000
2.0,1000,4,2281,20.396518,1505.318413,0.000247,18.396518,505.318413,-999.999753,0.522972
2.0,1000,4,2282,7.790934,1981.707178,0.000273,5.790934,981.707178,-999.999727,0.696098
2.0,1000,4,2283,13.865014,1681.663288,0.000313,11.865014,681.663288,-999.999687,0.655801
2.0,1000,4,2284,17.455045,2120.821586,0.000045,15.455045,1120.821586,-999.999955,0.575719
2.0,1000,4,2285,2.440299,1158.674109,933.363522,0.440299,158.674109,-66.636478,0.583050
2.0,1000,4,2286,18.258068,1940.854875,0.000055,16.258068,940.854875,-999.999945,0.889077
2.0,1000,4,2287,10.048321,1969.035001,0.000000,8.048321,969.035001,-1000.000000,0.074770
2.0,1000,4,2288,0.000000,0.000000,0.000000,-2.000000,-1000.000000,-1000.000000,0.000000
2.0,1000,4,2289,10.270831,1726.115073,0.000474,8.270831,726.115073,-999.999526,0.118675
2.0,1000,4,2290,13.411307,1500.181903,0.000053,11.411307,500.181903,-999.999947,0.846676
2.0,1000,4,2291,0.000000,0.000000,0.000000,-2.000000,-1000.000000,-1000.000000,0.000000
2.0,1000,4,2292,0.000000,0.000000,0.000000,-2.000000,-1000.000000,-1000.000000,0.000000
2.0,1000,4,2293,0.000000,0.000000,0.000000,-2.000000,-1000.000000,-1000.000000,0.000000
2.0,1000,4,2294,0.000000,0.000000,0.000000,-2.000000,-1000.000000,-1000.000000,0.000000
2.0,1000,4,2295,0.000000,0.000000,0.000000,-2.000000,-1000.000000,-1000.000000,0.000000
2.0,1000,4,2296,10.379111,2257.810761,0.000326,8.379111,1257.810761,-999.999674,0.001821
2.0,1000,4,2297,6.844131,2295.057582,0.000000,4.844131,1295.057582,-1000.000000,0.629070
2.0,1000,4,2298,6.269655,1922.000286,0.000029,4.269655,922.000286,-999.999971,0.815586
2.0,1000,4,2299,0.000000,0.000000,0.000000,-2.000000,-1000.000000,-1000.000000,0.000000
2.0,1000,4,2300,0.000000,0.000000,0.000000,-2.000000,-1000.000000,-1000.000000,0.000000
2.0,1000,4,2301,0.000000,0.000000,0.000000,-2.000000,-1000.000000,-1000.000000,0.000000
2.0,1000,4,2302,0.000000,0.000000,0.000000,-2.000000,-1000.000000,-1000.000000,0.000000
2.0,1000,4,2303,0.000000,0.000000,0.000000,-2.000000,-1000.000000,-1000.000000,0.000000
2.0,1000,4,2304,9.907887,2040.658277,0.000088,7.907887,1040.658277,-999.999912,0.734274
2.0,1000,4,2305,13.912387,1920.266256,0.000237,11.912387,920.266256,-999.999763,0.783015
2.0,1000,4,2306,25.825153,1944.660047,0.000227,23.825153,944.660047,-999.999773,-0.619833
2.0,1000,4,2307,6.316801,1957.309370,0.000058,4.316801,957.309370,-999.999942,0.867242
2.0,1000,4,2308,7.800937,1508.503973,0.000130,5.800937,508.503973,-999.999870,0.814869
2.0,1000,4,2309,0.000000,0.000000,0.000000,-2.000000,-1000.000000,-1000.000000,0.000000
2.0,1000,4,2310,0.000000,0.000000,0.000000,-2.000000,-1000.000000,-1000.000000,0.000000
2.0,1000,4,2311,0.000000,0.000000,0.000000,-2.000000,-1000.000000,-1000.000000,0.000000
2.0,1000,4,2312,0.000000,0.000000,0.000000,-2.000000,-1000.000000,-1000.000000,0.000000
2.0,1000,4,2313,12.055229,2059.634248,0.000296,10.055229,1059.634248,-999.999704,0.863208
2.0,1000,4,2314,0.000000,0.000000,0.000000,-2.000000,-1000.000000,-1000.000000,0.000000
2.0,1000,4,2315,6.891652,2015.724890,0.000000,4.891652,1015.724890,-1000.000000,0.621452
2.0,1000,4,2316,18.510303,1834.461187,0.000285,16.510303,834.461187,-999.999715,0.838658
2.0,1000,4,2317,0.000000,0.000000,0.000000,-2.000000,-1000.000000,-1000.000000,0.000000
2.0,1000,4,2318,13.761777,1838.025187,0.000051,11.761777,838.025187,-999.999949,0.875836
2.0,1000,4,2319,0.000000,0.000000,0.000000,-2.000000,-1000.000000,-1000.000000,0.000000
2.0,1000,4,2320,5.260179,1949.515723,0.000000,3.260179,949.515723,-1000.000000,0.572285
2.0,1000,4,2321,0.000000,0.000000,0.000000,-2.000000,-1000.000000,-1000.000000,0.000000
2.0,1000,4,2322,9.887365,1643.316253,0.000189,7.887365,643.316253,-999.999811,0.693646
2.0,1000,4,2323,16.246368,1938.903304,0.000282,14.246368,938.903304,-999.999718,0.719268
2.0,1000,4,2324,11.119389,2125.301086,0.000296,9.119389,1125.301086,-999.999704,0.795746
2.0,1000,4,2325,0.000000,0.000000,0.000000,-2.000000,-1000.000000,-1000.000000,0.000000
2.0,1000,4,2326,0.000000,0.000000,0.000000,-2.000000,-1000.000000,-1000.000000,0.000000
2.0,1000,4,2327,0.000000,0.000000,0.000000,-2.000000,-1000.000000,-1000.000000,0.000000
2.0,1000,4,2328,0.000000,0.000000,0.000000,-2.000000,-1000.000000,-1000.000000,0.000000
2.0,1000,4,2329,6.490108,1844.153642,0.000147,4.490108,844.153642,-999.999853,0.734833
2.0,1000,4,2330,0.000000,0.000000,0.000000,-2.000000,-1000.000000,-1000.000000,0.000000
2.0,1000,4,2331,12.004379,1819.523293,0.000000,10.004379,819.523293,-1000.000000,0.605958
2.0,1000,4,2332,0.000000,0.000000,0.000000,-2.000000,-1000.000000,-1000.000000,0.000000
2.0,1000,4,2333,6.741934,2338.128635,0.000000,4.741934,1338.128635,-1000.000000,-0.058599
2.0,1000,4,2334,0.000000,0.000000,0.000000,-2.000000,-1000.000000,-1000.000000,0.000000
2.0,1000,4,2335,0.000000,0.000000,0.000000,-2.000000,-1000.000000,-1000.000000,0.000000
2.0,1000,4,2336,9.311276,2205.575177,0.000081,7.311276,1205.575177,-999.999919,0.797207
2.0,1000,4,2337,0.000000,0.000000,0.000000,-2.000000,-1000.000000,-1000.000000,0.000000
2.0,1000,4,2338,16.405146,2067.900081,0.000038,14.405146,1067.900081,-999.999962,0.755212
2.0,1000,4,2339,0.000000,0.000000,0.000000,-2.000000,-1000.000000,-1000.000000,0.000000
2.0,1000,4,2340,8.769653,2509.959180,0.000099,6.769653,1509.959180,-999.999901,0.843394
2.0,1000,4,2341,0.000000,0.000000,0.000000,-2.000000,-1000.000000,-1000.000000,0.000000
2.0,1000,4,2342,10.681615,1667.611538,0.000084,8.681615,667.611538,-999.999916,0.662423
2.0,1000,4,2343,6.660186,1722.893558,0.000401,4.660186,722.893558,-999.999599,0.676556
2.0,1000,4,2344,0.000000,0.000000,0.000000,-2.000000,-1000.000000,-1000.000000,0.000000
2.0,1000,4,2345,0.000000,0.000000,0.000000,-2.000000,-1000.000000,-1000.000000,0.000000
2.0,1000,4,2346,18.390611,1960.092855,0.000237,16.390611,960.092855,-999.999763,0.669911
2.0,1000,4,2347,8.033776,1744.250674,0.000145,6.033776,744.250674,-999.999855,0.710858
2.0,1000,4,2348,6.474825,2250.754165,0.000000,4.474825,1250.754165,-1000.000000,0.668411
2.0,1000,4,2349,0.000000,0.000000,0.000000,-2.000000,-1000.000000,-1000.000000,0.000000
2.0,1000,4,2350,0.000000,0.000000,0.000000,-2.000000,-1000.000000,-1000.000000,0.000000
2.0,1000,4,2351,22.009680,2034.469432,0.000050,20.009680,1034.469432,-999.999950,0.855041
2.0,1000,4,2352,10.287101,1852.221776,0.000107,8.287101,852.221776,-999.999893,0.713358
2.0,1000,4,2353,6.359848,1918.906106,0.000229,4.359848,918.906106,-999.999771,0.865342
2.0,1000,4,2354,6.269173,2020.488305,0.000041,4.269173,1020.488305,-999.999959,0.896693
2.0,1000,4,2355,7.261521,2314.171656,0.000151,5.261521,1314.171656,-999.999849,0.764269
2.0,1000,4,2356,5.362095,2202.754722,0.000000,3.362095,1202.754722,-1000.000000,0.612744
2.0,1000,4,2357,0.000000,0.000000,0.000000,-2.000000,-1000.000000,-1000.000000,0.000000
2.0,1000,4,2358,5.601672,2141.731688,0.000446,3.601672,1141.731688,-999.999554,0.518765
2.0,1000,4,2359,16.072009,1912.316902,0.000000,14.072009,912.316902,-1000.000000,0.371440
2.0,1000,4,2360,8.919926,1703.502435,0.000561,6.919926,703.502435,-999.999439,-0.637047
2.0,1000,4,2361,0.000000,0.000000,0.000000,-2.000000,-1000.000000,-1000.000000,0.000000
2.0,1000,4,2362,7.681307,1833.850262,0.000000,5.681307,833.850262,-1000.000000,-0.288557
2.0,1000,4,2363,0.000000,0.000000,0.000000,-2.000000,-1000.000000,-1000.000000,0.000000
2.0,1000,4,2364,5.045097,2010.609083,0.000036,3.045097,1010.609083,-999.999964,0.849348
2.0,1000,4,2365,6.732746,2263.213903,0.000254,4.732746,1263.213903,-999.999746,0.713479
2.0,1000,4,2366,0.000000,0.000000,0.000000,-2.000000,-1000.000000,-1000.000000,0.000000
2.0,1000,4,2367,0.000000,0.000000,0.000000,-2.000000,-1000.000000,-1000.000000,0.000000
2.0,1000,4,2368,0.000000,0.000000,0.000000,-2.000000,-1000.000000,-1000.000000,0.000000
2.0,1000,4,2369,0.000000,0.000000,0.000000,-2.000000,-1000.000000,-1000.000000,0.000000
2.0,1000,4,2370,6.849056,2018.458591,0.000221,4.849056,1018.458591,-999.999779,0.739106
2.0,1000,4,2371,9.611092,1824.160530,0.000086,7.611092,824.160530,-999.999914,0.802190
2.0,1000,4,2372,22.242770,1542.780551,0.000369,20.242770,542.780551,-999.999631,0.085565
2.0,1000,4,2373,8.936361,1789.041636,0.000085,6.936361,789.041636,-999.999915,0.652620
2.0,1000,4,2374,0.000000,0.000000,0.000000,-2.000000,-1000.000000,-1000.000000,0.000000
2.0,1000,4,2375,8.902189,1963.260439,0.000188,6.902189,963.260439,-999.999812,0.678405
2.0,1000,4,2376,6.407741,2268.841372,0.000000,4.407741,1268.841372,-1000.000000,0.100636
2.0,1000,4,2377,0.000000,0.000000,0.000000,-2.000000,-1000.000000,-1000.000000,0.000000
2.0,1000,4,2378,0.000000,0.000000,0.000000,-2.000000,-1000.000000,-1000.000000,0.000000
2.0,1000,4,2379,5.235736,2171.993701,0.000000,3.235736,1171.993701,-1000.000000,-0.063598
2.0,1000,4,2380,10.239736,1882.841338,0.000143,8.239736,882.841338,-999.999857,0.735594
2.0,1000,4,2381,6.339016,1907.459549,0.000214,4.339016,907.459549,-999.999786,0.727800
2.0,1000,4,2382,12.395105,2685.168118,0.000506,10.395105,1685.168118,-999.999494,-0.068487
2.0,1000,4,2383,8.714993,1928.348851,0.000014,6.714993,928.348851,-999.999986,0.693997
2.0,1000,4,2384,7.669140,1891.229259,0.000000,5.669140,891.229259,-1000.000000,0.845520
2.0,1000,4,2385,19.420518,1717.930099,0.000037,17.420518,717.930099,-999.999963,0.755811
2.0,1000,4,2386,0.000000,0.000000,0.000000,-2.000000,-1000.000000,-1000.000000,0.000000
2.0,1000,4,2387,0.000000,0.000000,0.000000,-2.000000,-1000.000000,-1000.000000,0.000000
2.0,1000,4,2388,0.000000,0.000000,0.000000,-2.000000,-1000.000000,-1000.000000,0.000000
2.0,1000,4,2389,0.000000,0.000000,0.000000,-2.000000,-1000.000000,-1000.000000,0.000000
2.0,1000,4,2390,6.111053,2203.864405,0.000237,4.111053,1203.864405,-999.999763,0.875944
2.0,1000,4,2391,9.392164,1786.741242,0.000209,7.392164,786.741242,-999.999791,0.546221
2.0,1000,4,2392,8.177297,2590.884590,0.000280,6.177297,1590.884590,-999.999720,0.681708
2.0,1000,4,2393,9.219767,2291.020030,0.000000,7.219767,1291.020030,-1000.000000,0.227195
2.0,1000,4,2394,0.000000,0.000000,0.000000,-2.000000,-1000.000000,-1000.000000,0.000000
2.0,1000,4,2395,5.761405,2229.570453,0.000073,3.761405,1229.570453,-999.999927,0.872096
2.0,1000,4,2396,6.523707,2287.120174,0.000104,4.523707,1287.120174,-999.999896,0.887331
2.0,1000,4,2397,19.145433,1968.774359,0.000498,17.145433,968.774359,-999.999502,0.637835
2.0,1000,4,2398,0.000000,0.000000,0.000000,-2.000000,-1000.000000,-1000.000000,0.000000
2.0,1000,4,2399,10.030247,1570.538440,0.000297,8.030247,570.538440,-999.999703,0.789462
2.0,1000,4,2400,0.000000,0.000000,0.000000,-2.000000,-1000.000000,-1000.000000,0.000000
2.0,1000,4,2401,0.000000,0.000000,0.000000,-2.000000,-1000.000000,-1000.000000,0.000000
2.0,1000,4,2402,0.000000,0.000000,0.000000,-2.000000,-1000.000000,-1000.000000,0.000000
2.0,1000,4,2403,5.692983,2341.623324,0.000000,3.692983,1341.623324,-1000.000000,-0.619039
2.0,1000,4,2404,0.000000,0.000000,0.000000,-2.000000,-1000.000000,-1000.000000,0.000000
2.0,1000,4,2405,8.457466,2053.714328,0.000130,6.457466,1053.714328,-999.999870,0.804804
2.0,1000,4,2406,0.000000,0.000000,0.000000,-2.000000,-1000.000000,-1000.000000,0.000000
2.0,1000,4,2407,0.000000,0.000000,0.000000,-2.000000,-1000.000000,-1000.000000,0.000000
2.0,1000,4,2408,5.178237,2677.786656,0.000121,3.178237,1677.786656,-999.999879,0.732312
2.0,1000,4,2409,0.000000,0.000000,0.000000,-2.000000,-1000.000000,-1000.000000,0.000000
2.0,1000,4,2410,0.000000,0.000000,0.000000,-2.000000,-1000.000000,-1000.000000,0.000000
2.0,1000,4,2411,3.224840,878.635898,937.802720,1.224840,-121.364102,-62.197280,0.633339
2.0,1000,4,2412,8.336638,1694.068033,0.000000,6.336638,694.068033,-1000.000000,-0.334230
2.0,1000,4,2413,0.000000,0.000000,0.000000,-2.000000,-1000.000000,-1000.000000,0.000000
2.0,1000,4,2414,0.000000,0.000000,0.000000,-2.000000,-1000.000000,-1000.000000,0.000000
2.0,1000,4,2415,0.000000,0.000000,0.000000,-2.000000,-1000.000000,-1000.000000,0.000000
2.0,1000,4,2416,7.849522,2159.228865,0.000269,5.849522,1159.228865,-999.999731,0.633841
2.0,1000,4,2417,0.000000,0.000000,0.000000,-2.000000,-1000.000000,-1000.000000,0.000000
2.0,1000,4,2418,15.851603,1322.650165,0.000039,13.851603,322.650165,-999.999961,0.859655
2.0,1000,4,2419,0.000000,0.000000,0.000000,-2.000000,-1000.000000,-1000.000000,0.000000
2.0,1000,4,2420,0.000000,0.000000,0.000000,-2.000000,-1000.000000,-1000.000000,0.000000
2.0,1000,4,2421,0.000000,0.000000,0.000000,-2.000000,-1000.000000,-1000.000000,0.000000
2.0,1000,4,2422,0.000000,0.000000,0.000000,-2.000000,-1000.000000,-1000.000000,0.000000
2.0,1000,4,2423,0.000000,0.000000,0.000000,-2.000000,-1000.000000,-1000.000000,0.000000
2.0,1000,4,2424,8.722719,2013.314944,0.000360,6.722719,1013.314944,-999.999640,0.602301
2.0,1000,4,2425,12.471498,2209.669213,0.000145,10.471498,1209.669213,-999.999855,0.533781
2.0,1000,4,2426,5.550246,1700.403714,0.000058,3.550246,700.403714,-999.999942,0.851816
2.0,1000,4,2427,7.909293,2236.010013,0.000000,5.909293,1236.010013,-1000.000000,0.360883
2.0,1000,4,2428,0.000000,0.000000,0.000000,-2.000000,-1000.000000,-1000.000000,0.000000
2.0,1000,4,2429,0.000000,0.000000,0.000000,-2.000000,-1000.000000,-1000.000000,0.000000
2.0,1000,4,2430,7.991044,1836.479988,0.000000,5.991044,836.479988,-1000.000000,-0.071057
2.0,1000,4,2431,10.902487,2076.463493,0.000108,8.902487,1076.463493,-999.999892,0.637071
2.0,1000,4,2432,0.000000,0.000000,0.000000,-2.000000,-1000.000000,-1000.000000,0.000000
2.0,1000,4,2433,0.000000,0.000000,0.000000,-2.000000,-1000.000000,-1000.000000,0.000000
2.0,1000,4,2434,0.000000,0.000000,0.000000,-2.000000,-1000.000000,-1000.000000,0.000000
2.0,1000,4,2435,8.777532,2020.641054,0.000026,6.777532,1020.641054,-999.999974,0.756504
2.0,1000,4,2436,0.000000,0.000000,0.000000,-2.000000,-1000.000000,-1000.000000,0.000000
2.0,1000,4,2437,0.000000,0.000000,0.000000,-2.000000,-1000.000000,-1000.000000,0.000000
2.0,1000,4,2438,0.000000,0.000000,0.000000,-2.000000,-1000.000000,-1000.000000,0.000000
2.0,1000,4,2439,4.703406,2520.200777,0.000000,2.703406,1520.200777,-1000.000000,0.353235
2.0,1000,4,2440,16.715277,1741.983098,0.000000,14.715277,741.983098,-1000.000000,-0.577538
2.0,1000,4,2441,14.973223,2157.586121,0.000455,12.973223,1157.586121,-999.999545,0.658772
2.0,1000,4,2442,8.127127,1936.632565,0.000060,6.127127,936.632565,-999.999940,0.708540
2.0,1000,4,2443,6.975992,1478.757933,0.000014,4.975992,478.757933,-999.999986,0.832024
2.0,1000,4,2444,0.000000,0.000000,0.000000,-2.000000,-1000.000000,-1000.000000,0.000000
2.0,1000,4,2445,0.000000,0.000000,0.000000,-2.000000,-1000.000000,-1000.000000,0.000000
2.0,1000,4,2446,9.642519,1888.584255,0.000000,7.642519,888.584255,-1000.000000,0.210290
2.0,1000,4,2447,6.968095,2371.918722,0.000218,4.968095,1371.918722,-999.999782,0.762853
2.0,1000,4,2448,5.310960,2387.501842,0.000000,3.310960,1387.501842,-1000.000000,0.720086
2.0,1000,4,2449,0.000000,0.000000,0.000000,-2.000000,-1000.000000,-1000.000000,0.000000
2.0,1000,4,2450,17.355861,1785.762443,0.000314,15.355861,785.762443,-999.999686,0.657835
2.0,1000,4,2451,5.177273,2073.167039,0.000166,3.177273,1073.167039,-999.999834,0.653168
2.0,1000,4,2452,7.709909,1749.721510,0.000064,5.709909,749.721510,-999.999936,0.690859
2.0,1000,4,2453,0.000000,0.000000,0.000000,-2.000000,-1000.000000,-1000.000000,0.000000
2.0,1000,4,2454,7.447296,2038.186927,0.000225,5.447296,1038.186927,-999.999775,0.656921
2.0,1000,4,2455,4.890519,2307.825166,0.000000,2.890519,1307.825166,-1000.000000,0.052035
2.0,1000,4,2456,0.000000,0.000000,0.000000,-2.000000,-1000.000000,-1000.000000,0.000000
2.0,1000,4,2457,0.000000,0.000000,0.000000,-2.000000,-1000.000000,-1000.000000,0.000000
2.0,1000,4,2458,0.000000,0.000000,0.000000,-2.000000,-1000.000000,-1000.000000,0.000000
2.0,1000,4,2459,5.410002,2147.579436,0.000000,3.410002,1147.579436,-1000.000000,0.230805
2.0,1000,4,2460,0.000000,0.000000,0.000000,-2.000000,-1000.000000,-1000.000000,0.000000
2.0,1000,4,2461,0.000000,0.000000,0.000000,-2.000000,-1000.000000,-1000.000000,0.000000
2.0,1000,4,2462,10.066231,1701.912906,0.000151,8.066231,701.912906,-999.999849,0.784871
2.0,1000,4,2463,0.000000,0.000000,0.000000,-2.000000,-1000.000000,-1000.000000,0.000000
2.0,1000,4,2464,0.000000,0.000000,0.000000,-2.000000,-1000.000000,-1000.000000,0.000000
2.0,1000,4,2465,13.489627,1547.407388,0.000043,11.489627,547.407388,-999.999957,0.881642
2.0,1000,4,2466,7.557198,1986.089278,0.000266,5.557198,986.089278,-999.999734,0.633685
2.0,1000,4,2467,0.000000,0.000000,0.000000,-2.000000,-1000.000000,-1000.000000,0.000000
2.0,1000,4,2468,5.660411,2007.715404,0.000000,3.660411,1007.715404,-1000.000000,0.480699
2.0,1000,4,2469,0.000000,0.000000,0.000000,-2.000000,-1000.000000,-1000.000000,0.000000
2.0,1000,4,2470,0.000000,0.000000,0.000000,-2.000000,-1000.000000,-1000.000000,0.000000
2.0,1000,4,2471,18.080135,1897.699531,0.000386,16.080135,897.699531,-999.999614,0.658527
2.0,1000,4,2472,0.000000,0.000000,0.000000,-2.000000,-1000.000000,-1000.000000,0.000000
2.0,1000,4,2473,0.000000,0.000000,0.000000,-2.000000,-1000.000000,-1000.000000,0.000000
2.0,1000,4,2474,0.000000,0.000000,0.000000,-2.000000,-1000.000000,-1000.000000,0.000000
2.0,1000,4,2475,0.000000,0.000000,0.000000,-2.000000,-1000.000000,-1000.000000,0.000000
2.0,1000,4,2476,0.000000,0.000000,0.000000,-2.000000,-1000.000000,-1000.000000,0.000000
2.0,1000,4,2477,0.000000,0.000000,0.000000,-2.000000,-1000.000000,-1000.000000,0.000000
2.0,1000,4,2478,12.692559,2203.801673,0.000328,10.692559,1203.801673,-999.999672,0.647786
2.0,1000,4,2479,0.000000,0.000000,0.000000,-2.000000,-1000.000000,-1000.000000,0.000000
2.0,1000,4,2480,13.152982,1748.390116,0.000199,11.152982,748.390116,-999.999801,0.323639
2.0,1000,4,2481,5.514820,1843.825677,0.000169,3.514820,843.825677,-999.999831,0.675458
2.0,1000,4,2482,8.900071,2442.676367,0.000000,6.900071,1442.676367,-1000.000000,-0.495092
2.0,1000,4,2483,12.109361,2313.629085,0.000306,10.109361,1313.629085,-999.999694,0.693702
2.0,1000,4,2484,19.812168,1793.007438,0.000489,17.812168,793.007438,-999.999511,-0.156039
2.0,1000,4,2485,0.000000,0.000000,0.000000,-2.000000,-1000.000000,-1000.000000,0.000000
2.0,1000,4,2486,0.000000,0.000000,0.000000,-2.000000,-1000.000000,-1000.000000,0.000000
2.0,1000,4,2487,0.000000,0.000000,0.000000,-2.000000,-1000.000000,-1000.000000,0.000000
2.0,1000,4,2488,5.116687,2088.687359,0.000185,3.116687,1088.687359,-999.999815,0.853534
2.0,1000,4,2489,0.000000,0.000000,0.000000,-2.000000,-1000.000000,-1000.000000,0.000000
2.0,1000,4,2490,10.815202,1908.791452,0.000118,8.815202,908.791452,-999.999882,0.899979
2.0,1000,4,2491,12.675968,1677.637079,0.000000,10.675968,677.637079,-1000.000000,-0.312076
2.0,1000,4,2492,2.275253,789.726985,1056.016870,0.275253,-210.273015,56.016870,0.553616
2.0,1000,4,2493,9.800033,1876.096038,0.000309,7.800033,876.096038,-999.999691,0.818134
2.0,1000,4,2494,8.313235,2641.403325,0.000146,6.313235,1641.403325,-999.999854,0.835707
2.0,1000,4,2495,0.000000,0.000000,0.000000,-2.000000,-1000.000000,-1000.000000,0.000000
2.0,1000,4,2496,0.000000,0.000000,0.000000,-2.000000,-1000.000000,-1000.000000,0.000000
2.0,1000,4,2497,6.935504,2125.965522,0.000000,4.935504,1125.965522,-1000.000000,0.677705
2.0,1000,4,2498,5.395022,1983.712320,0.000078,3.395022,983.712320,-999.999922,0.711377
2.0,1000,4,2499,0.000000,0.000000,0.000000,-2.000000,-1000.000000,-1000.000000,0.000000
2.0,1000,4,2500,0.000000,0.000000,0.000000,-2.000000,-1000.000000,-1000.000000,0.000000
2.0,1000,4,2501,0.000000,0.000000,0.000000,-2.000000,-1000.000000,-1000.000000,0.000000
2.0,1000,4,2502,9.863833,1583.934347,0.000197,7.863833,583.934347,-999.999803,0.585328
2.0,1000,4,2503,6.816342,2047.315490,0.000000,4.816342,1047.315490,-1000.000000,0.351173
2.0,1000,4,2504,0.000000,0.000000,0.000000,-2.000000,-1000.000000,-1000.000000,0.000000
2.0,1000,4,2505,4.497360,2013.670354,0.000000,2.497360,1013.670354,-1000.000000,0.662410
2.0,1000,4,2506,6.489972,2564.758779,0.000058,4.489972,1564.758779,-999.999942,0.862429
2.0,1000,4,2507,9.225888,2435.922370,0.000345,7.225888,1435.922370,-999.999655,0.845855
2.0,1000,4,2508,12.167379,2032.452034,0.000223,10.167379,1032.452034,-999.999777,0.364764
2.0,1000,4,2509,8.871384,1922.385555,0.000117,6.871384,922.385555,-999.999883,0.765185
2.0,1000,4,2510,0.000000,0.000000,0.000000,-2.000000,-1000.000000,-1000.000000,0.000000
2.0,1000,4,2511,5.223416,2268.482220,0.000000,3.223416,1268.482220,-1000.000000,0.624391
2.0,1000,4,2512,7.932291,2282.857508,0.000000,5.932291,1282.857508,-1000.000000,0.088312
2.0,1000,4,2513,0.000000,0.000000,0.000000,-2.000000,-1000.000000,-1000.000000,0.000000
2.0,1000,4,2514,0.000000,0.000000,0.000000,-2.000000,-1000.000000,-1000.000000,0.000000
2.0,1000,4,2515,8.752263,2048.258647,0.000000,6.752263,1048.258647,-1000.000000,0.349221
2.0,1000,4,2516,5.342023,1742.530421,0.000000,3.342023,742.530421,-1000.000000,0.652009
2.0,1000,4,2517,0.000000,0.000000,0.000000,-2.000000,-1000.000000,-1000.000000,0.000000
2.0,1000,4,2518,9.660345,1797.310018,0.000147,7.660345,797.310018,-999.999853,0.745850
2.0,1000,4,2519,0.000000,0.000000,0.000000,-2.000000,-1000.000000,-1000.000000,0.000000
2.0,1000,4,2520,0.000000,0.000000,0.000000,-2.000000,-1000.000000,-1000.000000,0.000000
2.0,1000,4,2521,20.318324,1892.273208,0.000054,18.318324,892.273208,-999.999946,0.711391
2.0,1000,4,2522,11.779497,1735.607536,0.000293,9.779497,735.607536,-999.999707,0.886597
2.0,1000,4,2523,9.061322,1567.689462,0.000105,7.061322,567.689462,-999.999895,0.809959
2.0,1000,4,2524,0.000000,0.000000,0.000000,-2.000000,-1000.000000,-1000.000000,0.000000
2.0,1000,4,2525,0.000000,0.000000,0.000000,-2.000000,-1000.000000,-1000.000000,0.000000
2.0,1000,4,2526,6.631747,1585.863470,0.000260,4.631747,585.863470,-999.999740,0.653928
2.0,1000,4,2527,0.000000,0.000000,0.000000,-2.000000,-1000.000000,-1000.000000,0.000000
2.0,1000,4,2528,0.000000,0.000000,0.000000,-2.000000,-1000.000000,-1000.000000,0.000000
2.0,1000,4,2529,0.000000,0.000000,0.000000,-2.000000,-1000.000000,-1000.000000,0.000000
2.0,1000,4,2530,0.000000,0.000000,0.000000,-2.000000,-1000.000000,-1000.000000,0.000000
2.0,1000,4,2531,0.000000,0.000000,0.000000,-2.000000,-1000.000000,-1000.000000,0.000000
2.0,1000,4,2532,0.000000,0.000000,0.000000,-2.000000,-1000.000000,-1000.000000,0.000000
2.0,1000,4,2533,15.240786,1799.499023,0.000343,13.240786,799.499023,-999.999657,0.728240
2.0,1000,4,2534,12.335461,2144.765183,0.000174,10.335461,1144.765183,-999.999826,0.431183
2.0,1000,4,2535,4.449019,2393.187421,0.000000,2.449019,1393.187421,-1000.000000,0.604375
2.0,1000,4,2536,9.209067,1900.095070,0.000000,7.209067,900.095070,-1000.000000,0.382651
2.0,1000,4,2537,10.662079,1949.627685,0.000098,8.662079,949.627685,-999.999902,0.711835
2.0,1000,4,2538,0.000000,0.000000,0.000000,-2.000000,-1000.000000,-1000.000000,0.000000
2.0,1000,4,2539,10.331387,2247.813256,0.000000,8.331387,1247.813256,-1000.000000,-0.233730
2.0,1000,4,2540,7.352216,1674.284345,0.000000,5.352216,674.284345,-1000.000000,-0.098270
2.0,1000,4,2541,6.679247,1915.463766,0.000000,4.679247,915.463766,-1000.000000,0.241819
2.0,1000,4,2542,5.402947,2400.945485,0.000070,3.402947,1400.945485,-999.999930,0.826265
2.0,1000,4,2543,4.925646,1986.790175,0.000000,2.925646,986.790175,-1000.000000,0.536497
2.0,1000,4,2544,5.173241,1894.772907,0.000000,3.173241,894.772907,-1000.000000,0.391345
2.0,1000,4,2545,0.000000,0.000000,0.000000,-2.000000,-1000.000000,-1000.000000,0.000000
2.0,1000,4,2546,0.000000,0.000000,0.000000,-2.000000,-1000.000000,-1000.000000,0.000000
2.0,1000,4,2547,0.000000,0.000000,0.000000,-2.000000,-1000.000000,-1000.000000,0.000000
2.0,1000,4,2548,0.000000,0.000000,0.000000,-2.000000,-1000.000000,-1000.000000,0.000000
2.0,1000,4,2549,5.970429,2090.254280,0.000000,3.970429,1090.254280,-1000.000000,0.647985
2.0,1000,4,2550,6.179210,1952.743262,0.000000,4.179210,952.743262,-1000.000000,0.468618
2.0,1000,4,2551,0.000000,0.000000,0.000000,-2.000000,-1000.000000,-1000.000000,0.000000
2.0,1000,4,2552,11.502589,1792.230007,0.000099,9.502589,792.230007,-999.999901,0.636215
2.0,1000,4,2553,0.000000,0.000000,0.000000,-2.000000,-1000.000000,-1000.000000,0.000000
2.0,1000,4,2554,0.000000,0.000000,0.000000,-2.000000,-1000.000000,-1000.000000,0.000000
2.0,1000,4,2555,0.000000,0.000000,0.000000,-2.000000,-1000.000000,-1000.000000,0.000000
2.0,1000,4,2556,19.642135,1580.619542,0.000496,17.642135,580.619542,-999.999504,-0.185699
2.0,1000,4,2557,18.191008,1599.963655,0.000127,16.191008,599.963655,-999.999873,0.793528
2.0,1000,4,2558,6.428731,1804.766182,0.000319,4.428731,804.766182,-999.999681,0.613049
2.0,1000,4,2559,7.471056,2487.860631,0.000000,5.471056,1487.860631,-1000.000000,-0.588443
2.0,1000,4,2560,4.803420,2168.844554,0.000000,2.803420,1168.844554,-1000.000000,-0.095464
2.0,1000,4,2561,11.711354,1648.056854,0.000504,9.711354,648.056854,-999.999496,-0.066032
2.0,1000,4,2562,5.715206,1887.072136,0.000371,3.715206,887.072136,-999.999629,0.656868
2.0,1000,4,2563,0.000000,0.000000,0.000000,-2.000000,-1000.000000,-1000.000000,0.000000
2.0,1000,4,2564,0.000000,0.000000,0.000000,-2.000000,-1000.000000,-1000.000000,0.000000
2.0,1000,4,2565,0.000000,0.000000,0.000000,-2.000000,-1000.000000,-1000.000000,0.000000
2.0,1000,4,2566,0.000000,0.000000,0.000000,-2.000000,-1000.000000,-1000.000000,0.000000
2.0,1000,4,2567,0.000000,0.000000,0.000000,-2.000000,-1000.000000,-1000.000000,0.000000
2.0,1000,4,2568,0.000000,0.000000,0.000000,-2.000000,-1000.000000,-1000.000000,0.000000
2.0,1000,4,2569,9.502078,2162.725660,0.000143,7.502078,1162.725660,-999.999857,0.799308
2.0,1000,4,2570,3.740387,2702.056780,0.000000,1.740387,1702.056780,-1000.000000,0.332908
2.0,1000,4,2571,0.000000,0.000000,0.000000,-2.000000,-1000.000000,-1000.000000,0.000000
2.0,1000,4,2572,0.000000,0.000000,0.000000,-2.000000,-1000.000000,-1000.000000,0.000000
2.0,1000,4,2573,0.000000,0.000000,0.000000,-2.000000,-1000.000000,-1000.000000,0.000000
2.0,1000,4,2574,11.224423,1788.228007,0.000438,9.224423,788.228007,-999.999562,0.717329
2.0,1000,4,2575,6.081775,2017.577247,0.000227,4.081775,1017.577247,-999.999773,0.828514
2.0,1000,4,2576,6.768055,1812.106011,0.000000,4.768055,812.106011,-1000.000000,0.626942
2.0,1000,4,2577,6.512428,1856.909656,0.000000,4.512428,856.909656,-1000.000000,0.615746
2.0,1000,4,2578,0.000000,0.000000,0.000000,-2.000000,-1000.000000,-1000.000000,0.000000
2.0,1000,4,2579,0.000000,0.000000,0.000000,-2.000000,-1000.000000,-1000.000000,0.000000
2.0,1000,4,2580,0.000000,0.000000,0.000000,-2.000000,-1000.000000,-1000.000000,0.000000
2.0,1000,4,2581,6.444772,2155.799517,0.000000,4.444772,1155.799517,-1000.000000,-0.373100
2.0,1000,4,2582,6.695114,1684.474052,0.000139,4.695114,684.474052,-999.999861,0.726290
2.0,1000,4,2583,0.000000,0.000000,0.000000,-2.000000,-1000.000000,-1000.000000,0.000000
2.0,1000,4,2584,0.000000,0.000000,0.000000,-2.000000,-1000.000000,-1000.000000,0.000000
2.0,1000,4,2585,3.695048,2510.094231,0.000000,1.695048,1510.094231,-1000.000000,0.415268
2.0,1000,4,2586,0.000000,0.000000,0.000000,-2.000000,-1000.000000,-1000.000000,0.000000
2.0,1000,4,2587,0.000000,0.000000,0.000000,-2.000000,-1000.000000,-1000.000000,0.000000
2.0,1000,4,2588,9.456015,1601.578963,0.000093,7.456015,601.578963,-999.999907,0.715075
2.0,1000,4,2589,5.019132,2182.661452,0.000085,3.019132,1182.661452,-999.999915,0.786219
2.0,1000,4,2590,0.000000,0.000000,0.000000,-2.000000,-1000.000000,-1000.000000,0.000000
2.0,1000,4,2591,0.000000,0.000000,0.000000,-2.000000,-1000.000000,-1000.000000,0.000000
2.0,1000,4,2592,0.000000,0.000000,0.000000,-2.000000,-1000.000000,-1000.000000,0.000000
2.0,1000,4,2593,5.732576,2223.596699,0.000256,3.732576,1223.596699,-999.999744,0.735977
2.0,1000,4,2594,0.000000,0.000000,0.000000,-2.000000,-1000.000000,-1000.000000,0.000000
2.0,1000,4,2595,0.000000,0.000000,0.000000,-2.000000,-1000.000000,-1000.000000,0.000000
2.0,1000,4,2596,2.988512,1200.279104,788.967048,0.988512,200.279104,-211.032952,0.696969
2.0,1000,4,2597,5.813326,1762.391694,0.000017,3.813326,762.391694,-999.999983,0.851990
2.0,1000,4,2598,9.630168,2171.359560,0.000180,7.630168,1171.359560,-999.999820,0.746386
2.0,1000,4,2599,0.000000,0.000000,0.000000,-2.000000,-1000.000000,-1000.000000,0.000000
2.0,1000,4,2600,0.000000,0.000000,0.000000,-2.000000,-1000.000000,-1000.000000,0.000000
2.0,1000,4,2601,0.000000,0.000000,0.000000,-2.000000,-1000.000000,-1000.000000,0.000000
2.0,1000,4,2602,3.667699,2322.461915,0.000000,1.667699,1322.461915,-1000.000000,0.644015
2.0,1000,4,2603,5.975906,1853.493819,0.000262,3.975906,853.493819,-999.999738,0.757578
2.0,1000,4,2604,8.520832,1849.829065,0.000159,6.520832,849.829065,-999.999841,0.852874
2.0,1000,4,2605,8.459112,1709.970640,0.000232,6.459112,709.970640,-999.999768,0.863941
2.0,1000,4,2606,17.224532,1979.818006,0.000335,15.224532,979.818006,-999.999665,0.609012
2.0,1000,4,2607,7.025657,2083.373077,0.000255,5.025657,1083.373077,-999.999745,0.751333
2.0,1000,4,2608,0.000000,0.000000,0.000000,-2.000000,-1000.000000,-1000.000000,0.000000
2.0,1000,4,2609,6.837620,1884.759733,0.000000,4.837620,884.759733,-1000.000000,0.739866
2.0,1000,4,2610,11.991874,2312.878805,0.000043,9.991874,1312.878805,-999.999957,0.811005
2.0,1000,4,2611,7.639146,2077.736539,0.000099,5.639146,1077.736539,-999.999901,0.875346
2.0,1000,4,2612,7.110623,1916.306413,0.000251,5.110623,916.306413,-999.999749,0.393153
2.0,1000,4,2613,7.192885,1971.869254,0.000000,5.192885,971.869254,-1000.000000,-0.441822
2.0,1000,4,2614,0.000000,0.000000,0.000000,-2.000000,-1000.000000,-1000.000000,0.000000
2.0,1000,4,2615,6.054345,2299.669023,0.000000,4.054345,1299.669023,-1000.000000,0.488863
2.0,1000,4,2616,5.815334,2106.175680,0.000000,3.815334,1106.175680,-1000.000000,0.616927
2.0,1000,4,2617,0.000000,0.000000,0.000000,-2.000000,-1000.000000,-1000.000000,0.000000
2.0,1000,4,2618,0.000000,0.000000,0.000000,-2.000000,-1000.000000,-1000.000000,0.000000
2.0,1000,4,2619,0.000000,0.000000,0.000000,-2.000000,-1000.000000,-1000.000000,0.000000
2.0,1000,4,2620,0.000000,0.000000,0.000000,-2.000000,-1000.000000,-1000.000000,0.000000
2.0,1000,4,2621,11.969782,1792.486458,0.000194,9.969782,792.486458,-999.999806,0.737095
2.0,1000,4,2622,3.304550,1175.420903,826.572889,1.304550,175.420903,-173.427111,0.693631
2.0,1000,4,2623,5.486838,2513.009498,0.000000,3.486838,1513.009498,-1000.000000,0.726362
2.0,1000,4,2624,9.058998,1604.916130,0.000077,7.058998,604.916130,-999.999923,0.725682
2.0,1000,4,2625,7.810135,2236.692786,0.000388,5.810135,1236.692786,-999.999612,0.788277
2.0,1000,4,2626,7.090872,2291.963652,0.000375,5.090872,1291.963652,-999.999625,0.678902
2.0,1000,4,2627,0.000000,0.000000,0.000000,-2.000000,-1000.000000,-1000.000000,0.000000
2.0,1000,4,2628,0.000000,0.000000,0.000000,-2.000000,-1000.000000,-1000.000000,0.000000
2.0,1000,4,2629,0.000000,0.000000,0.000000,-2.000000,-1000.000000,-1000.000000,0.000000
2.0,1000,4,2630,0.000000,0.000000,0.000000,-2.000000,-1000.000000,-1000.000000,0.000000
2.0,1000,4,2631,0.000000,0.000000,0.000000,-2.000000,-1000.000000,-1000.000000,0.000000
2.0,1000,4,2632,4.970123,2001.171635,0.000000,2.970123,1001.171635,-1000.000000,0.551192
2.0,1000,4,2633,0.000000,0.000000,0.000000,-2.000000,-1000.000000,-1000.000000,0.000000
2.0,1000,4,2634,7.332409,1909.452324,0.000000,5.332409,909.452324,-1000.000000,0.485479
2.0,1000,4,2635,6.272772,2102.638685,0.000221,4.272772,1102.638685,-999.999779,0.876612
2.0,1000,4,2636,4.838628,2188.388261,0.000000,2.838628,1188.388261,-1000.000000,0.598740
2.0,1000,4,2637,6.936224,2012.645963,0.000281,4.936224,1012.645963,-999.999719,0.849520
2.0,1000,4,2638,0.000000,0.000000,0.000000,-2.000000,-1000.000000,-1000.000000,0.000000
2.0,1000,4,2639,9.384008,2288.457293,0.000148,7.384008,1288.457293,-999.999852,0.598501
2.0,1000,4,2640,0.000000,0.000000,0.000000,-2.000000,-1000.000000,-1000.000000,0.000000
2.0,1000,4,2641,0.000000,0.000000,0.000000,-2.000000,-1000.000000,-1000.000000,0.000000
2.0,1000,4,2642,0.000000,0.000000,0.000000,-2.000000,-1000.000000,-1000.000000,0.000000
2.0,1000,4,2643,0.000000,0.000000,0.000000,-2.000000,-1000.000000,-1000.000000,0.000000
2.0,1000,4,2644,5.650098,2032.271219,0.000000,3.650098,1032.271219,-1000.000000,0.242501
2.0,1000,4,2645,13.929617,1921.982826,0.000030,11.929617,921.982826,-999.999970,0.850591
2.0,1000,4,2646,0.000000,0.000000,0.000000,-2.000000,-1000.000000,-1000.000000,0.000000
2.0,1000,4,2647,4.348096,2133.604017,0.000000,2.348096,1133.604017,-1000.000000,0.432050
2.0,1000,4,2648,0.000000,0.000000,0.000000,-2.000000,-1000.000000,-1000.000000,0.000000
2.0,1000,4,2649,12.421413,1948.267417,0.000200,10.421413,948.267417,-999.999800,0.726341
2.0,1000,4,2650,9.149203,2570.738650,0.000085,7.149203,1570.738650,-999.999915,0.730554
2.0,1000,4,2651,13.693509,2081.193526,0.000347,11.693509,1081.193526,-999.999653,0.813750
2.0,1000,4,2652,9.283471,1928.252427,0.000188,7.283471,928.252427,-999.999812,0.631270
2.0,1000,4,2653,0.000000,0.000000,0.000000,-2.000000,-1000.000000,-1000.000000,0.000000
2.0,1000,4,2654,13.674750,1903.684999,0.000063,11.674750,903.684999,-999.999937,0.818873
2.0,1000,4,2655,0.000000,0.000000,0.000000,-2.000000,-1000.000000,-1000.000000,0.000000
2.0,1000,4,2656,0.000000,0.000000,0.000000,-2.000000,-1000.000000,-1000.000000,0.000000
2.0,1000,4,2657,0.000000,0.000000,0.000000,-2.000000,-1000.000000,-1000.000000,0.000000
2.0,1000,4,2658,7.530367,1637.483402,0.000519,5.530367,637.483402,-999.999481,0.520175
2.0,1000,4,2659,0.000000,0.000000,0.000000,-2.000000,-1000.000000,-1000.000000,0.000000
2.0,1000,4,2660,0.000000,0.000000,0.000000,-2.000000,-1000.000000,-1000.000000,0.000000
2.0,1000,4,2661,6.897601,2136.763912,0.000079,4.897601,1136.763912,-999.999921,0.844736
2.0,1000,4,2662,0.000000,0.000000,0.000000,-2.000000,-1000.000000,-1000.000000,0.000000
2.0,1000,4,2663,0.000000,0.000000,0.000000,-2.000000,-1000.000000,-1000.000000,0.000000
2.0,1000,4,2664,0.000000,0.000000,0.000000,-2.000000,-1000.000000,-1000.000000,0.000000
2.0,1000,4,2665,5.633793,2148.558004,0.000000,3.633793,1148.558004,-1000.000000,0.023104
2.0,1000,4,2666,6.982359,2211.878558,0.000058,4.982359,1211.878558,-999.999942,0.868964
2.0,1000,4,2667,5.314769,2061.527969,0.000000,3.314769,1061.527969,-1000.000000,0.710133
2.0,1000,4,2668,27.624320,1530.561987,0.000349,25.624320,530.561987,-999.999651,0.608523
2.0,1000,4,2669,0.000000,0.000000,0.000000,-2.000000,-1000.000000,-1000.000000,0.000000
2.0,1000,4,2670,0.000000,0.000000,0.000000,-2.000000,-1000.000000,-1000.000000,0.000000
2.0,1000,4,2671,7.711833,1963.978021,0.000000,5.711833,963.978021,-1000.000000,0.490827
2.0,1000,4,2672,3.421520,1367.591427,628.050116,1.421520,367.591427,-371.949884,0.610559
2.0,1000,4,2673,9.898235,2319.925265,0.000151,7.898235,1319.925265,-999.999849,0.765590
2.0,1000,4,2674,0.000000,0.000000,0.000000,-2.000000,-1000.000000,-1000.000000,0.000000
2.0,1000,4,2675,9.301387,2019.628528,0.000000,7.301387,1019.628528,-1000.000000,0.601013
2.0,1000,4,2676,0.000000,0.000000,0.000000,-2.000000,-1000.000000,-1000.000000,0.000000
2.0,1000,4,2677,0.000000,0.000000,0.000000,-2.000000,-1000.000000,-1000.000000,0.000000
2.0,1000,4,2678,0.000000,0.000000,0.000000,-2.000000,-1000.000000,-1000.000000,0.000000
2.0,1000,4,2679,0.000000,0.000000,0.000000,-2.000000,-1000.000000,-1000.000000,0.000000
2.0,1000,4,2680,5.335420,1708.774650,0.000000,3.335420,708.774650,-1000.000000,0.673984
2.0,1000,4,2681,10.215828,1971.506206,0.000097,8.215828,971.506206,-999.999903,0.663884
2.0,1000,4,2682,12.404059,2103.517066,0.000112,10.404059,1103.517066,-999.999888,0.581980
2.0,1000,4,2683,0.000000,0.000000,0.000000,-2.000000,-1000.000000,-1000.000000,0.000000
2.0,1000,4,2684,0.000000,0.000000,0.000000,-2.000000,-1000.000000,-1000.000000,0.000000
2.0,1000,4,2685,8.081200,1620.588320,0.000399,6.081200,620.588320,-999.999601,0.759028
2.0,1000,4,2686,0.000000,0.000000,0.000000,-2.000000,-1000.000000,-1000.000000,0.000000
2.0,1000,4,2687,9.389248,1834.822137,0.000148,7.389248,834.822137,-999.999852,0.727450
2.0,1000,4,2688,0.000000,0.000000,0.000000,-2.000000,-1000.000000,-1000.000000,0.000000
2.0,1000,4,2689,0.000000,0.000000,0.000000,-2.000000,-1000.000000,-1000.000000,0.000000
2.0,1000,4,2690,0.000000,0.000000,0.000000,-2.000000,-1000.000000,-1000.000000,0.000000
2.0,1000,4,2691,12.666112,2131.838582,0.000206,10.666112,1131.838582,-999.999794,0.305967
2.0,1000,4,2692,0.000000,0.000000,0.000000,-2.000000,-1000.000000,-1000.000000,0.000000
2.0,1000,4,2693,6.700132,2342.474153,0.000076,4.700132,1342.474153,-999.999924,0.834546
2.0,1000,4,2694,0.000000,0.000000,0.000000,-2.000000,-1000.000000,-1000.000000,0.000000
2.0,1000,4,2695,12.578530,1861.694063,0.000185,10.578530,861.694063,-999.999815,0.769626
2.0,1000,4,2696,14.494633,1762.274693,0.000236,12.494633,762.274693,-999.999764,0.755872
2.0,1000,4,2697,0.000000,0.000000,0.000000,-2.000000,-1000.000000,-1000.000000,0.000000
2.0,1000,4,2698,9.233637,1496.985281,0.000238,7.233637,496.985281,-999.999762,0.797289
2.0,1000,4,2699,0.000000,0.000000,0.000000,-2.000000,-1000.000000,-1000.000000,0.000000
2.0,1000,4,2700,0.000000,0.000000,0.000000,-2.000000,-1000.000000,-1000.000000,0.000000
2.0,1000,4,2701,9.432290,2107.040761,0.000105,7.432290,1107.040761,-999.999895,0.772142
2.0,1000,4,2702,0.000000,0.000000,0.000000,-2.000000,-1000.000000,-1000.000000,0.000000
2.0,1000,4,2703,11.081996,1648.054571,0.000232,9.081996,648.054571,-999.999768,0.354144
2.0,1000,4,2704,0.000000,0.000000,0.000000,-2.000000,-1000.000000,-1000.000000,0.000000
2.0,1000,4,2705,7.918888,1751.095556,0.000280,5.918888,751.095556,-999.999720,0.204660
2.0,1000,4,2706,5.091215,1641.332592,0.000322,3.091215,641.332592,-999.999678,0.862938
2.0,1000,4,2707,0.000000,0.000000,0.000000,-2.000000,-1000.000000,-1000.000000,0.000000
2.0,1000,4,2708,0.000000,0.000000,0.000000,-2.000000,-1000.000000,-1000.000000,0.000000
2.0,1000,4,2709,0.000000,0.000000,0.000000,-2.000000,-1000.000000,-1000.000000,0.000000
2.0,1000,4,2710,6.431139,2273.962278,0.000291,4.431139,1273.962278,-999.999709,0.689045
2.0,1000,4,2711,7.518903,1729.348847,0.000113,5.518903,729.348847,-999.999887,0.586529
2.0,1000,4,2712,0.000000,0.000000,0.000000,-2.000000,-1000.000000,-1000.000000,0.000000
2.0,1000,4,2713,12.307570,1988.924950,0.000242,10.307570,988.924950,-999.999758,0.674432
2.0,1000,4,2714,4.889019,2340.785731,0.000000,2.889019,1340.785731,-1000.000000,0.679672
2.0,1000,4,2715,0.000000,0.000000,0.000000,-2.000000,-1000.000000,-1000.000000,0.000000
2.0,1000,4,2716,15.508304,2058.029772,0.000225,13.508304,1058.029772,-999.999775,0.218833
2.0,1000,4,2717,0.000000,0.000000,0.000000,-2.000000,-1000.000000,-1000.000000,0.000000
2.0,1000,4,2718,1.967579,1354.446743,1067.603528,-0.032421,354.446743,67.603528,0.495389
2.0,1000,4,2719,0.000000,0.000000,0.000000,-2.000000,-1000.000000,-1000.000000,0.000000
2.0,1000,4,2720,20.567039,1462.945784,0.000303,18.567039,462.945784,-999.999697,0.859018
2.0,1000,4,2721,7.552094,1787.674724,0.000000,5.552094,787.674724,-1000.000000,0.690854
2.0,1000,4,2722,0.000000,0.000000,0.000000,-2.000000,-1000.000000,-1000.000000,0.000000
2.0,1000,4,2723,10.260578,2084.417736,0.000110,8.260578,1084.417736,-999.999890,0.743046
2.0,1000,4,2724,0.000000,0.000000,0.000000,-2.000000,-1000.000000,-1000.000000,0.000000
2.0,1000,4,2725,7.655613,2041.472283,0.000000,5.655613,1041.472283,-1000.000000,0.502610
2.0,1000,4,2726,8.139467,1684.615937,0.000123,6.139467,684.615937,-999.999877,0.855215
2.0,1000,4,2727,10.064312,1586.685933,0.000210,8.064312,586.685933,-999.999790,0.632358
2.0,1000,4,2728,10.998069,2513.820681,0.000133,8.998069,1513.820681,-999.999867,0.583424
2.0,1000,4,2729,0.000000,0.000000,0.000000,-2.000000,-1000.000000,-1000.000000,0.000000
2.0,1000,4,2730,0.000000,0.000000,0.000000,-2.000000,-1000.000000,-1000.000000,0.000000
2.0,1000,4,2731,8.512793,1751.213825,0.000000,6.512793,751.213825,-1000.000000,0.346755
2.0,1000,4,2732,10.025923,1622.815548,0.000392,8.025923,622.815548,-999.999608,0.772976
2.0,1000,4,2733,3.048798,966.863907,926.113029,1.048798,-33.136093,-73.886971,0.697670
2.0,1000,4,2734,0.000000,0.000000,0.000000,-2.000000,-1000.000000,-1000.000000,0.000000
2.0,1000,4,2735,8.341821,2031.386273,0.000104,6.341821,1031.386273,-999.999896,0.873069
2.0,1000,4,2736,0.000000,0.000000,0.000000,-2.000000,-1000.000000,-1000.000000,0.000000
2.0,1000,4,2737,0.000000,0.000000,0.000000,-2.000000,-1000.000000,-1000.000000,0.000000
2.0,1000,4,2738,0.000000,0.000000,0.000000,-2.000000,-1000.000000,-1000.000000,0.000000
2.0,1000,4,2739,0.000000,0.000000,0.000000,-2.000000,-1000.000000,-1000.000000,0.000000
2.0,1000,4,2740,7.590029,2282.939443,0.000000,5.590029,1282.939443,-1000.000000,0.490772
2.0,1000,4,2741,0.000000,0.000000,0.000000,-2.000000,-1000.000000,-1000.000000,0.000000
2.0,1000,4,2742,6.120790,2172.344680,0.000376,4.120790,1172.344680,-999.999624,0.777316
2.0,1000,4,2743,18.599437,2311.894690,0.000239,16.599437,1311.894690,-999.999761,0.106877
2.0,1000,4,2744,0.000000,0.000000,0.000000,-2.000000,-1000.000000,-1000.000000,0.000000
2.0,1000,4,2745,14.196173,1779.087871,0.000185,12.196173,779.087871,-999.999815,0.563325
2.0,1000,4,2746,8.210978,2185.404468,0.000267,6.210978,1185.404468,-999.999733,0.658707
2.0,1000,4,2747,0.000000,0.000000,0.000000,-2.000000,-1000.000000,-1000.000000,0.000000
2.0,1000,4,2748,0.000000,0.000000,0.000000,-2.000000,-1000.000000,-1000.000000,0.000000
2.0,1000,4,2749,0.000000,0.000000,0.000000,-2.000000,-1000.000000,-1000.000000,0.000000
2.0,1000,4,2750,5.594946,1789.206257,0.000000,3.594946,789.206257,-1000.000000,0.580690
2.0,1000,4,2751,3.828694,2346.837267,0.000000,1.828694,1346.837267,-1000.000000,0.327277
2.0,1000,4,2752,0.000000,0.000000,0.000000,-2.000000,-1000.000000,-1000.000000,0.000000
2.0,1000,4,2753,2.805864,1170.400709,1163.793100,0.805864,170.400709,163.793100,0.625580
2.0,1000,4,2754,2.025922,892.545877,1399.363320,0.025922,-107.454123,399.363320,0.564590
2.0,1000,4,2755,0.000000,0.000000,0.000000,-2.000000,-1000.000000,-1000.000000,0.000000
2.0,1000,4,2756,0.000000,0.000000,0.000000,-2.000000,-1000.000000,-1000.000000,0.000000
2.0,1000,4,2757,0.000000,0.000000,0.000000,-2.000000,-1000.000000,-1000.000000,0.000000
2.0,1000,4,2758,0.000000,0.000000,0.000000,-2.000000,-1000.000000,-1000.000000,0.000000
2.0,1000,4,2759,7.469463,1589.295692,0.000131,5.469463,589.295692,-999.999869,0.598253
2.0,1000,4,2760,10.617128,1883.111395,0.000149,8.617128,883.111395,-999.999851,0.780011
2.0,1000,4,2761,13.311703,1501.297386,0.000046,11.311703,501.297386,-999.999954,0.807275
2.0,1000,4,2762,0.000000,0.000000,0.000000,-2.000000,-1000.000000,-1000.000000,0.000000
2.0,1000,4,2763,4.235827,2193.018907,0.000000,2.235827,1193.018907,-1000.000000,0.432148
2.0,1000,4,2764,0.000000,0.000000,0.000000,-2.000000,-1000.000000,-1000.000000,0.000000
2.0,1000,4,2765,0.000000,0.000000,0.000000,-2.000000,-1000.000000,-1000.000000,0.000000
2.0,1000,4,2766,0.000000,0.000000,0.000000,-2.000000,-1000.000000,-1000.000000,0.000000
2.0,1000,4,2767,0.000000,0.000000,0.000000,-2.000000,-1000.000000,-1000.000000,0.000000
2.0,1000,4,2768,7.877373,2306.492549,0.000183,5.877373,1306.492549,-999.999817,0.678471
2.0,1000,4,2769,4.097121,2919.497400,0.000000,2.097121,1919.497400,-1000.000000,0.101997
2.0,1000,4,2770,10.612452,2081.533463,0.000378,8.612452,1081.533463,-999.999622,0.315031
2.0,1000,4,2771,18.758160,1832.946161,0.000051,16.758160,832.946161,-999.999949,0.884230
2.0,1000,4,2772,6.737384,1785.346260,0.000219,4.737384,785.346260,-999.999781,0.514555
2.0,1000,4,2773,8.623280,1893.210525,0.000333,6.623280,893.210525,-999.999667,0.582664
2.0,1000,4,2774,10.708215,2147.341602,0.000021,8.708215,1147.341602,-999.999979,0.650130
2.0,1000,4,2775,0.000000,0.000000,0.000000,-2.000000,-1000.000000,-1000.000000,0.000000
2.0,1000,4,2776,0.000000,0.000000,0.000000,-2.000000,-1000.000000,-1000.000000,0.000000
2.0,1000,4,2777,12.103906,1885.824170,0.000148,10.103906,885.824170,-999.999852,0.823753
2.0,1000,4,2778,6.801261,2012.554041,0.000341,4.801261,1012.554041,-999.999659,0.283249
2.0,1000,4,2779,0.000000,0.000000,0.000000,-2.000000,-1000.000000,-1000.000000,0.000000
2.0,1000,4,2780,1.981286,980.926879,862.002376,-0.018714,-19.073121,-137.997624,0.581621
2.0,1000,4,2781,5.512195,1793.734453,0.000155,3.512195,793.734453,-999.999845,0.650346
2.0,1000,4,2782,6.916838,1912.515040,0.000306,4.916838,912.515040,-999.999694,0.593506
2.0,1000,4,2783,0.000000,0.000000,0.000000,-2.000000,-1000.000000,-1000.000000,0.000000
2.0,1000,4,2784,3.040931,2676.867878,0.000664,1.040931,1676.867878,-999.999336,0.687287
2.0,1000,4,2785,0.000000,0.000000,0.000000,-2.000000,-1000.000000,-1000.000000,0.000000
2.0,1000,4,2786,0.000000,0.000000,0.000000,-2.000000,-1000.000000,-1000.000000,0.000000
2.0,1000,4,2787,15.564640,1466.633655,0.000081,13.564640,466.633655,-999.999919,0.748700
2.0,1000,4,2788,0.000000,0.000000,0.000000,-2.000000,-1000.000000,-1000.000000,0.000000
2.0,1000,4,2789,0.000000,0.000000,0.000000,-2.000000,-1000.000000,-1000.000000,0.000000
2.0,1000,4,2790,10.454511,1739.181781,0.000238,8.454511,739.181781,-999.999762,0.586537
2.0,1000,4,2791,5.125870,2331.066994,0.000155,3.125870,1331.066994,-999.999845,0.883401
2.0,1000,4,2792,11.000048,1898.179555,0.000000,9.000048,898.179555,-1000.000000,-0.228478
2.0,1000,4,2793,15.307155,1836.927523,0.000242,13.307155,836.927523,-999.999758,0.896611
2.0,1000,4,2794,0.000000,0.000000,0.000000,-2.000000,-1000.000000,-1000.000000,0.000000
2.0,1000,4,2795,7.633253,2203.098252,0.000256,5.633253,1203.098252,-999.999744,0.695609
2.0,1000,4,2796,0.000000,0.000000,0.000000,-2.000000,-1000.000000,-1000.000000,0.000000
2.0,1000,4,2797,0.000000,0.000000,0.000000,-2.000000,-1000.000000,-1000.000000,0.000000
2.0,1000,4,2798,0.000000,0.000000,0.000000,-2.000000,-1000.000000,-1000.000000,0.000000
2.0,1000,4,2799,0.000000,0.000000,0.000000,-2.000000,-1000.000000,-1000.000000,0.000000
2.0,1000,4,2800,5.544377,1862.505535,0.000000,3.544377,862.505535,-1000.000000,0.507608
2.0,1000,4,2801,0.000000,0.000000,0.000000,-2.000000,-1000.000000,-1000.000000,0.000000
2.0,1000,4,2802,0.000000,0.000000,0.000000,-2.000000,-1000.000000,-1000.000000,0.000000
2.0,1000,4,2803,0.000000,0.000000,0.000000,-2.000000,-1000.000000,-1000.000000,0.000000
2.0,1000,4,2804,0.000000,0.000000,0.000000,-2.000000,-1000.000000,-1000.000000,0.000000
2.0,1000,4,2805,0.000000,0.000000,0.000000,-2.000000,-1000.000000,-1000.000000,0.000000
2.0,1000,4,2806,11.384965,2087.424154,0.000099,9.384965,1087.424154,-999.999901,0.671438
2.0,1000,4,2807,0.000000,0.000000,0.000000,-2.000000,-1000.000000,-1000.000000,0.000000
2.0,1000,4,2808,4.065854,1506.015479,518.155080,2.065854,506.015479,-481.844920,0.711092
2.0,1000,4,2809,14.854372,1748.654673,0.000094,12.854372,748.654673,-999.999906,0.875803
2.0,1000,4,2810,12.023079,1613.619256,0.000480,10.023079,613.619256,-999.999520,-0.142268
2.0,1000,4,2811,0.000000,0.000000,0.000000,-2.000000,-1000.000000,-1000.000000,0.000000
2.0,1000,4,2812,6.284857,2094.137115,0.000421,4.284857,1094.137115,-999.999579,0.795002
2.0,1000,4,2813,0.000000,0.000000,0.000000,-2.000000,-1000.000000,-1000.000000,0.000000
2.0,1000,4,2814,0.000000,0.000000,0.000000,-2.000000,-1000.000000,-1000.000000,0.000000
2.0,1000,4,2815,8.928658,1977.697536,0.000000,6.928658,977.697536,-1000.000000,0.514310
2.0,1000,4,2816,6.524874,2675.949835,0.000291,4.524874,1675.949835,-999.999709,0.784928
2.0,1000,4,2817,0.000000,0.000000,0.000000,-2.000000,-1000.000000,-1000.000000,0.000000
2.0,1000,4,2818,0.000000,0.000000,0.000000,-2.000000,-1000.000000,-1000.000000,0.000000
2.0,1000,4,2819,9.133382,2028.757835,0.000165,7.133382,1028.757835,-999.999835,0.628111
2.0,1000,4,2820,7.766034,2129.793827,0.000365,5.766034,1129.793827,-999.999635,0.642312
2.0,1000,4,2821,0.000000,0.000000,0.000000,-2.000000,-1000.000000,-1000.000000,0.000000
2.0,1000,4,2822,6.417047,1945.997901,0.000000,4.417047,945.997901,-1000.000000,0.676421
2.0,1000,4,2823,5.232166,2110.295954,0.000000,3.232166,1110.295954,-1000.000000,0.601749
2.0,1000,4,2824,0.000000,0.000000,0.000000,-2.000000,-1000.000000,-1000.000000,0.000000
2.0,1000,4,2825,0.000000,0.000000,0.000000,-2.000000,-1000.000000,-1000.000000,0.000000
2.0,1000,4,2826,0.000000,0.000000,0.000000,-2.000000,-1000.000000,-1000.000000,0.000000
2.0,1000,4,2827,0.000000,0.000000,0.000000,-2.000000,-1000.000000,-1000.000000,0.000000
2.0,1000,4,2828,0.000000,0.000000,0.000000,-2.000000,-1000.000000,-1000.000000,0.000000
2.0,1000,4,2829,6.720061,1520.072679,0.000056,4.720061,520.072679,-999.999944,0.856835
2.0,1000,4,2830,6.393723,2038.437983,0.000074,4.393723,1038.437983,-999.999926,0.866032
2.0,1000,4,2831,0.000000,0.000000,0.000000,-2.000000,-1000.000000,-1000.000000,0.000000
2.0,1000,4,2832,6.408974,2078.996181,0.000075,4.408974,1078.996181,-999.999925,0.680772
2.0,1000,4,2833,5.575486,2196.368798,0.000124,3.575486,1196.368798,-999.999876,0.672766
2.0,1000,4,2834,3.990314,2088.107223,0.001669,1.990314,1088.107223,-999.998331,0.705955
2.0,1000,4,2835,9.849082,1638.636655,0.000000,7.849082,638.636655,-1000.000000,-0.381847
2.0,1000,4,2836,0.000000,0.000000,0.000000,-2.000000,-1000.000000,-1000.000000,0.000000
2.0,1000,4,2837,0.000000,0.000000,0.000000,-2.000000,-1000.000000,-1000.000000,0.000000
2.0,1000,4,2838,6.841138,2075.823174,0.000000,4.841138,1075.823174,-1000.000000,-0.227066
2.0,1000,4,2839,0.000000,0.000000,0.000000,-2.000000,-1000.000000,-1000.000000,0.000000
2.0,1000,4,2840,0.000000,0.000000,0.000000,-2.000000,-1000.000000,-1000.000000,0.000000
2.0,1000,4,2841,0.000000,0.000000,0.000000,-2.000000,-1000.000000,-1000.000000,0.000000
2.0,1000,4,2842,4.338438,2084.152680,0.000333,2.338438,1084.152680,-999.999667,0.832293
2.0,1000,4,2843,0.000000,0.000000,0.000000,-2.000000,-1000.000000,-1000.000000,0.000000
2.0,1000,4,2844,0.000000,0.000000,0.000000,-2.000000,-1000.000000,-1000.000000,0.000000
2.0,1000,4,2845,4.003166,2657.351991,0.000366,2.003166,1657.351991,-999.999634,0.679417
2.0,1000,4,2846,0.000000,0.000000,0.000000,-2.000000,-1000.000000,-1000.000000,0.000000
2.0,1000,4,2847,0.000000,0.000000,0.000000,-2.000000,-1000.000000,-1000.000000,0.000000
2.0,1000,4,2848,2.812423,1477.953295,600.412386,0.812423,477.953295,-399.587614,0.686109
2.0,1000,4,2849,41.455158,1832.378020,0.000073,39.455158,832.378020,-999.999927,0.852886
2.0,1000,4,2850,0.000000,0.000000,0.000000,-2.000000,-1000.000000,-1000.000000,0.000000
2.0,1000,4,2851,0.000000,0.000000,0.000000,-2.000000,-1000.000000,-1000.000000,0.000000
2.0,1000,4,2852,7.811605,2038.467576,0.000000,5.811605,1038.467576,-1000.000000,0.214251
2.0,1000,4,2853,7.173928,1824.054533,0.000265,5.173928,824.054533,-999.999735,0.317282
2.0,1000,4,2854,13.966793,1784.707597,0.000298,11.966793,784.707597,-999.999702,0.722486
2.0,1000,4,2855,7.634195,1602.089583,0.000370,5.634195,602.089583,-999.999630,0.786430
2.0,1000,4,2856,0.000000,0.000000,0.000000,-2.000000,-1000.000000,-1000.000000,0.000000
2.0,1000,4,2857,0.000000,0.000000,0.000000,-2.000000,-1000.000000,-1000.000000,0.000000
2.0,1000,4,2858,0.000000,0.000000,0.000000,-2.000000,-1000.000000,-1000.000000,0.000000
2.0,1000,4,2859,0.000000,0.000000,0.000000,-2.000000,-1000.000000,-1000.000000,0.000000
2.0,1000,4,2860,0.000000,0.000000,0.000000,-2.000000,-1000.000000,-1000.000000,0.000000
2.0,1000,4,2861,0.000000,0.000000,0.000000,-2.000000,-1000.000000,-1000.000000,0.000000
2.0,1000,4,2862,0.000000,0.000000,0.000000,-2.000000,-1000.000000,-1000.000000,0.000000
2.0,1000,4,2863,0.000000,0.000000,0.000000,-2.000000,-1000.000000,-1000.000000,0.000000
2.0,1000,4,2864,0.000000,0.000000,0.000000,-2.000000,-1000.000000,-1000.000000,0.000000
2.0,1000,4,2865,14.783278,1789.549868,0.000000,12.783278,789.549868,-1000.000000,0.036287
2.0,1000,4,2866,0.000000,0.000000,0.000000,-2.000000,-1000.000000,-1000.000000,0.000000
2.0,1000,4,2867,0.000000,0.000000,0.000000,-2.000000,-1000.000000,-1000.000000,0.000000
2.0,1000,4,2868,6.871779,2434.701163,0.000516,4.871779,1434.701163,-999.999484,0.564408
2.0,1000,4,2869,0.000000,0.000000,0.000000,-2.000000,-1000.000000,-1000.000000,0.000000
2.0,1000,4,2870,19.487829,2169.258499,0.000369,17.487829,1169.258499,-999.999631,0.656953
2.0,1000,4,2871,13.394567,1897.428953,0.000087,11.394567,897.428953,-999.999913,0.737368
2.0,1000,4,2872,0.000000,0.000000,0.000000,-2.000000,-1000.000000,-1000.000000,0.000000
2.0,1000,4,2873,11.949446,1783.526162,0.000295,9.949446,783.526162,-999.999705,0.707616
2.0,1000,4,2874,0.000000,0.000000,0.000000,-2.000000,-1000.000000,-1000.000000,0.000000
2.0,1000,4,2875,7.410055,2356.426186,0.000000,5.410055,1356.426186,-1000.000000,0.581441
2.0,1000,4,2876,6.907726,1876.040677,0.000371,4.907726,876.040677,-999.999629,0.605819
2.0,1000,4,2877,0.000000,0.000000,0.000000,-2.000000,-1000.000000,-1000.000000,0.000000
2.0,1000,4,2878,0.000000,0.000000,0.000000,-2.000000,-1000.000000,-1000.000000,0.000000
2.0,1000,4,2879,6.148578,2122.656011,0.000000,4.148578,1122.656011,-1000.000000,0.624855
2.0,1000,4,2880,22.063432,2050.459299,0.000994,20.063432,1050.459299,-999.999006,0.377921
2.0,1000,4,2881,2.330974,1508.167222,857.966850,0.330974,508.167222,-142.033150,0.641867
2.0,1000,4,2882,14.288728,1801.101013,0.000146,12.288728,801.101013,-999.999854,0.883535
2.0,1000,4,2883,11.491073,1814.021707,0.000000,9.491073,814.021707,-1000.000000,0.075854
2.0,1000,4,2884,0.000000,0.000000,0.000000,-2.000000,-1000.000000,-1000.000000,0.000000
2.0,1000,4,2885,3.295775,1440.628263,655.538087,1.295775,440.628263,-344.461913,0.687283
2.0,1000,4,2886,0.000000,0.000000,0.000000,-2.000000,-1000.000000,-1000.000000,0.000000
2.0,1000,4,2887,6.457046,2151.951084,0.000222,4.457046,1151.951084,-999.999778,0.838552
2.0,1000,4,2888,0.000000,0.000000,0.000000,-2.000000,-1000.000000,-1000.000000,0.000000
2.0,1000,4,2889,15.678167,1859.487562,0.000178,13.678167,859.487562,-999.999822,0.281986
2.0,1000,4,2890,0.000000,0.000000,0.000000,-2.000000,-1000.000000,-1000.000000,0.000000
2.0,1000,4,2891,0.000000,0.000000,0.000000,-2.000000,-1000.000000,-1000.000000,0.000000
2.0,1000,4,2892,0.000000,0.000000,0.000000,-2.000000,-1000.000000,-1000.000000,0.000000
2.0,1000,4,2893,0.000000,0.000000,0.000000,-2.000000,-1000.000000,-1000.000000,0.000000
2.0,1000,4,2894,6.326900,2241.521082,0.000000,4.326900,1241.521082,-1000.000000,0.106247
2.0,1000,4,2895,4.280658,2184.680786,0.000000,2.280658,1184.680786,-1000.000000,0.364797
2.0,1000,4,2896,9.015812,1619.810051,0.000242,7.015812,619.810051,-999.999758,0.180706
2.0,1000,4,2897,0.000000,0.000000,0.000000,-2.000000,-1000.000000,-1000.000000,0.000000
2.0,1000,4,2898,2.173918,1323.725728,730.661315,0.173918,323.725728,-269.338685,0.533066
2.0,1000,4,2899,32.667516,1737.879631,0.000238,30.667516,737.879631,-999.999762,0.431013
2.0,1000,4,2900,12.795934,2009.869519,0.000206,10.795934,1009.869519,-999.999794,0.850512
2.0,1000,4,2901,18.514479,1520.147720,0.000338,16.514479,520.147720,-999.999662,0.787507
2.0,1000,4,2902,7.615584,1877.330013,0.000000,5.615584,877.330013,-1000.000000,0.552086
2.0,1000,4,2903,13.942025,1665.832259,0.000046,11.942025,665.832259,-999.999954,0.880503
2.0,1000,4,2904,0.000000,0.000000,0.000000,-2.000000,-1000.000000,-1000.000000,0.000000
2.0,1000,4,2905,0.000000,0.000000,0.000000,-2.000000,-1000.000000,-1000.000000,0.000000
2.0,1000,4,2906,5.006289,2172.638324,0.000000,3.006289,1172.638324,-1000.000000,0.679350
2.0,1000,4,2907,2.099855,792.776838,1166.659005,0.099855,-207.223162,166.659005,0.570315
2.0,1000,4,2908,7.065853,1919.569701,0.000000,5.065853,919.569701,-1000.000000,0.702934
2.0,1000,4,2909,4.483251,1983.943858,0.000000,2.483251,983.943858,-1000.000000,0.541843
2.0,1000,4,2910,0.000000,0.000000,0.000000,-2.000000,-1000.000000,-1000.000000,0.000000
2.0,1000,4,2911,6.946288,2004.826062,0.000321,4.946288,1004.826062,-999.999679,0.594979
2.0,1000,4,2912,0.000000,0.000000,0.000000,-2.000000,-1000.000000,-1000.000000,0.000000
2.0,1000,4,2913,0.000000,0.000000,0.000000,-2.000000,-1000.000000,-1000.000000,0.000000
2.0,1000,4,2914,0.000000,0.000000,0.000000,-2.000000,-1000.000000,-1000.000000,0.000000
2.0,1000,4,2915,7.879756,2297.059176,0.000110,5.879756,1297.059176,-999.999890,0.836373
2.0,1000,4,2916,0.000000,0.000000,0.000000,-2.000000,-1000.000000,-1000.000000,0.000000
2.0,1000,4,2917,8.328033,1980.525668,0.000158,6.328033,980.525668,-999.999842,0.656087
2.0,1000,4,2918,9.497360,2337.261673,0.000000,7.497360,1337.261673,-1000.000000,0.276087
2.0,1000,4,2919,0.000000,0.000000,0.000000,-2.000000,-1000.000000,-1000.000000,0.000000
2.0,1000,4,2920,0.000000,0.000000,0.000000,-2.000000,-1000.000000,-1000.000000,0.000000
2.0,1000,4,2921,0.000000,0.000000,0.000000,-2.000000,-1000.000000,-1000.000000,0.000000
2.0,1000,4,2922,13.773346,1821.758646,0.000286,11.773346,821.758646,-999.999714,0.732349
2.0,1000,4,2923,7.290826,1867.260372,0.000288,5.290826,867.260372,-999.999712,0.573584
2.0,1000,4,2924,0.000000,0.000000,0.000000,-2.000000,-1000.000000,-1000.000000,0.000000
2.0,1000,4,2925,5.843195,2040.997383,0.000000,3.843195,1040.997383,-1000.000000,0.104332
2.0,1000,4,2926,0.000000,0.000000,0.000000,-2.000000,-1000.000000,-1000.000000,0.000000
2.0,1000,4,2927,0.000000,0.000000,0.000000,-2.000000,-1000.000000,-1000.000000,0.000000
2.0,1000,4,2928,0.000000,0.000000,0.000000,-2.000000,-1000.000000,-1000.000000,0.000000
2.0,1000,4,2929,0.000000,0.000000,0.000000,-2.000000,-1000.000000,-1000.000000,0.000000
2.0,1000,4,2930,0.000000,0.000000,0.000000,-2.000000,-1000.000000,-1000.000000,0.000000
2.0,1000,4,2931,13.272199,1739.417299,0.000334,11.272199,739.417299,-999.999666,0.652292
2.0,1000,4,2932,0.000000,0.000000,0.000000,-2.000000,-1000.000000,-1000.000000,0.000000
2.0,1000,4,2933,10.349903,1907.127424,0.000032,8.349903,907.127424,-999.999968,0.895760
2.0,1000,4,2934,0.000000,0.000000,0.000000,-2.000000,-1000.000000,-1000.000000,0.000000
2.0,1000,4,2935,3.810185,2560.688847,0.001143,1.810185,1560.688847,-999.998857,0.716346
2.0,1000,4,2936,0.000000,0.000000,0.000000,-2.000000,-1000.000000,-1000.000000,0.000000
2.0,1000,4,2937,0.000000,0.000000,0.000000,-2.000000,-1000.000000,-1000.000000,0.000000
2.0,1000,4,2938,11.223118,2080.465082,0.000103,9.223118,1080.465082,-999.999897,0.653265
2.0,1000,4,2939,0.000000,0.000000,0.000000,-2.000000,-1000.000000,-1000.000000,0.000000
2.0,1000,4,2940,11.408683,1785.879045,0.000125,9.408683,785.879045,-999.999875,0.677928
2.0,1000,4,2941,9.260860,2157.620038,0.000000,7.260860,1157.620038,-1000.000000,0.224278
2.0,1000,4,2942,6.826608,1922.794434,0.000327,4.826608,922.794434,-999.999673,0.843101
2.0,1000,4,2943,8.451503,2374.490857,0.000000,6.451503,1374.490857,-1000.000000,0.410388
2.0,1000,4,2944,0.000000,0.000000,0.000000,-2.000000,-1000.000000,-1000.000000,0.000000
2.0,1000,4,2945,0.000000,0.000000,0.000000,-2.000000,-1000.000000,-1000.000000,0.000000
2.0,1000,4,2946,0.000000,0.000000,0.000000,-2.000000,-1000.000000,-1000.000000,0.000000
2.0,1000,4,2947,9.095250,1720.684641,0.000162,7.095250,720.684641,-999.999838,0.724263
2.0,1000,4,2948,21.659741,1771.101007,0.000082,19.659741,771.101007,-999.999918,0.672746
2.0,1000,4,2949,11.245445,1399.082644,0.000000,9.245445,399.082644,-1000.000000,0.137711
2.0,1000,4,2950,0.000000,0.000000,0.000000,-2.000000,-1000.000000,-1000.000000,0.000000
2.0,1000,4,2951,4.903436,1918.826302,0.000000,2.903436,918.826302,-1000.000000,0.680575
2.0,1000,4,2952,0.000000,0.000000,0.000000,-2.000000,-1000.000000,-1000.000000,0.000000
2.0,1000,4,2953,0.000000,0.000000,0.000000,-2.000000,-1000.000000,-1000.000000,0.000000
2.0,1000,4,2954,8.352614,2090.455641,0.000000,6.352614,1090.455641,-1000.000000,-0.154312
2.0,1000,4,2955,0.000000,0.000000,0.000000,-2.000000,-1000.000000,-1000.000000,0.000000
2.0,1000,4,2956,0.000000,0.000000,0.000000,-2.000000,-1000.000000,-1000.000000,0.000000
2.0,1000,4,2957,0.000000,0.000000,0.000000,-2.000000,-1000.000000,-1000.000000,0.000000
2.0,1000,4,2958,5.084603,1756.234206,0.000268,3.084603,756.234206,-999.999732,0.736693
2.0,1000,4,2959,6.097569,2367.859920,0.000333,4.097569,1367.859920,-999.999667,0.565840
2.0,1000,4,2960,0.000000,0.000000,0.000000,-2.000000,-1000.000000,-1000.000000,0.000000
2.0,1000,4,2961,0.000000,0.000000,0.000000,-2.000000,-1000.000000,-1000.000000,0.000000
2.0,1000,4,2962,10.061261,1992.212280,0.000000,8.061261,992.212280,-1000.000000,0.264581
2.0,1000,4,2963,10.924940,2021.499480,0.000000,8.924940,1021.499480,-1000.000000,0.118094
2.0,1000,4,2964,12.747074,1861.180730,0.000000,10.747074,861.180730,-1000.000000,0.691318
2.0,1000,4,2965,0.000000,0.000000,0.000000,-2.000000,-1000.000000,-1000.000000,0.000000
2.0,1000,4,2966,0.000000,0.000000,0.000000,-2.000000,-1000.000000,-1000.000000,0.000000
2.0,1000,4,2967,0.000000,0.000000,0.000000,-2.000000,-1000.000000,-1000.000000,0.000000
2.0,1000,4,2968,0.000000,0.000000,0.000000,-2.000000,-1000.000000,-1000.000000,0.000000
2.0,1000,4,2969,0.000000,0.000000,0.000000,-2.000000,-1000.000000,-1000.000000,0.000000
2.0,1000,4,2970,3.732872,919.294285,852.620432,1.732872,-80.705715,-147.379568,0.706979
2.0,1000,4,2971,0.000000,0.000000,0.000000,-2.000000,-1000.000000,-1000.000000,0.000000
2.0,1000,4,2972,18.759090,1866.975541,0.000318,16.759090,866.975541,-999.999682,0.415086
2.0,1000,4,2973,0.000000,0.000000,0.000000,-2.000000,-1000.000000,-1000.000000,0.000000
2.0,1000,4,2974,0.000000,0.000000,0.000000,-2.000000,-1000.000000,-1000.000000,0.000000
2.0,1000,4,2975,12.163438,2102.164261,0.000049,10.163438,1102.164261,-999.999951,0.896743
2.0,1000,4,2976,17.292897,2066.186075,0.000182,15.292897,1066.186075,-999.999818,0.862432
2.0,1000,4,2977,0.000000,0.000000,0.000000,-2.000000,-1000.000000,-1000.000000,0.000000
2.0,1000,4,2978,6.191852,1855.167192,0.000000,4.191852,855.167192,-1000.000000,0.459722
2.0,1000,4,2979,4.047862,1928.634254,0.000474,2.047862,928.634254,-999.999526,0.637721
2.0,1000,4,2980,8.752207,1996.946736,0.000386,6.752207,996.946736,-999.999614,0.513614
2.0,1000,4,2981,5.084835,1949.103639,0.000000,3.084835,949.103639,-1000.000000,0.633453
2.0,1000,4,2982,0.000000,0.000000,0.000000,-2.000000,-1000.000000,-1000.000000,0.000000
2.0,1000,4,2983,0.000000,0.000000,0.000000,-2.000000,-1000.000000,-1000.000000,0.000000
2.0,1000,4,2984,0.000000,0.000000,0.000000,-2.000000,-1000.000000,-1000.000000,0.000000
2.0,1000,4,2985,0.000000,0.000000,0.000000,-2.000000,-1000.000000,-1000.000000,0.000000
2.0,1000,4,2986,0.000000,0.000000,0.000000,-2.000000,-1000.000000,-1000.000000,0.000000
2.0,1000,4,2987,0.000000,0.000000,0.000000,-2.000000,-1000.000000,-1000.000000,0.000000
2.0,1000,4,2988,0.000000,0.000000,0.000000,-2.000000,-1000.000000,-1000.000000,0.000000
2.0,1000,4,2989,6.667224,1775.449034,0.000074,4.667224,775.449034,-999.999926,0.874856
2.0,1000,4,2990,6.608160,1691.614956,0.000162,4.608160,691.614956,-999.999838,0.702426
2.0,1000,4,2991,5.079550,2105.979621,0.000000,3.079550,1105.979621,-1000.000000,0.454584
2.0,1000,4,2992,10.533833,1866.242950,0.000306,8.533833,866.242950,-999.999694,0.735034
2.0,1000,4,2993,7.615014,1855.943132,0.000345,5.615014,855.943132,-999.999655,0.632811
2.0,1000,4,2994,0.000000,0.000000,0.000000,-2.000000,-1000.000000,-1000.000000,0.000000
2.0,1000,4,2995,0.000000,0.000000,0.000000,-2.000000,-1000.000000,-1000.000000,0.000000
2.0,1000,4,2996,0.000000,0.000000,0.000000,-2.000000,-1000.000000,-1000.000000,0.000000
2.0,1000,4,2997,0.000000,0.000000,0.000000,-2.000000,-1000.000000,-1000.000000,0.000000
2.0,1000,4,2998,7.844300,1916.395194,0.000381,5.844300,916.395194,-999.999619,0.462082
2.0,1000,4,2999,0.000000,0.000000,0.000000,-2.000000,-1000.000000,-1000.000000,0.000000
2.0,1000,4,3000,1.978615,1719.382300,832.704135,-0.021385,719.382300,-167.295865,0.567320
2.0,1000,4,3001,10.874229,1957.062477,0.000173,8.874229,957.062477,-999.999827,0.836240
2.0,1000,4,3002,0.000000,0.000000,0.000000,-2.000000,-1000.000000,-1000.000000,0.000000
2.0,1000,4,3003,15.349732,1625.038310,0.000276,13.349732,625.038310,-999.999724,0.690010
2.0,1000,4,3004,6.605198,2159.306791,0.000000,4.605198,1159.306791,-1000.000000,0.558302
2.0,1000,4,3005,8.845645,1958.747931,0.000000,6.845645,958.747931,-1000.000000,0.201664
2.0,1000,4,3006,0.000000,0.000000,0.000000,-2.000000,-1000.000000,-1000.000000,0.000000
2.0,1000,4,3007,0.000000,0.000000,0.000000,-2.000000,-1000.000000,-1000.000000,0.000000
2.0,1000,4,3008,0.000000,0.000000,0.000000,-2.000000,-1000.000000,-1000.000000,0.000000
2.0,1000,4,3009,8.731558,2070.841989,0.000319,6.731558,1070.841989,-999.999681,0.736923
2.0,1000,4,3010,0.000000,0.000000,0.000000,-2.000000,-1000.000000,-1000.000000,0.000000
2.0,1000,4,3011,0.000000,0.000000,0.000000,-2.000000,-1000.000000,-1000.000000,0.000000
2.0,1000,4,3012,5.994351,2300.453057,0.000335,3.994351,1300.453057,-999.999665,0.682528
2.0,1000,4,3013,13.040376,1770.595427,0.000038,11.040376,770.595427,-999.999962,0.892235
2.0,1000,4,3014,5.338704,1944.041605,0.000000,3.338704,944.041605,-1000.000000,0.275611
2.0,1000,4,3015,0.000000,0.000000,0.000000,-2.000000,-1000.000000,-1000.000000,0.000000
2.0,1000,4,3016,0.000000,0.000000,0.000000,-2.000000,-1000.000000,-1000.000000,0.000000
2.0,1000,4,3017,7.254940,2165.815224,0.000000,5.254940,1165.815224,-1000.000000,-0.282135
2.0,1000,4,3018,0.000000,0.000000,0.000000,-2.000000,-1000.000000,-1000.000000,0.000000
2.0,1000,4,3019,0.000000,0.000000,0.000000,-2.000000,-1000.000000,-1000.000000,0.000000
2.0,1000,4,3020,9.324487,2103.456662,0.000167,7.324487,1103.456662,-999.999833,0.609976
2.0,1000,4,3021,8.166264,2166.311249,0.000000,6.166264,1166.311249,-1000.000000,0.809360
2.0,1000,4,3022,16.779665,1769.105848,0.000025,14.779665,769.105848,-999.999975,0.753501
2.0,1000,4,3023,0.000000,0.000000,0.000000,-2.000000,-1000.000000,-1000.000000,0.000000
2.0,1000,4,3024,2.847521,1012.619180,807.791312,0.847521,12.619180,-192.208688,0.669387
2.0,1000,4,3025,5.057923,2052.643832,0.000000,3.057923,1052.643832,-1000.000000,0.614185
2.0,1000,4,3026,8.759341,2169.029779,0.000099,6.759341,1169.029779,-999.999901,0.704983
2.0,1000,4,3027,0.000000,0.000000,0.000000,-2.000000,-1000.000000,-1000.000000,0.000000
2.0,1000,4,3028,0.000000,0.000000,0.000000,-2.000000,-1000.000000,-1000.000000,0.000000
2.0,1000,4,3029,10.330782,1788.991073,0.000207,8.330782,788.991073,-999.999793,0.893825
2.0,1000,4,3030,0.000000,0.000000,0.000000,-2.000000,-1000.000000,-1000.000000,0.000000
2.0,1000,4,3031,0.000000,0.000000,0.000000,-2.000000,-1000.000000,-1000.000000,0.000000
2.0,1000,4,3032,0.000000,0.000000,0.000000,-2.000000,-1000.000000,-1000.000000,0.000000
2.0,1000,4,3033,0.000000,0.000000,0.000000,-2.000000,-1000.000000,-1000.000000,0.000000
2.0,1000,4,3034,8.572832,1685.389809,0.000078,6.572832,685.389809,-999.999922,0.738389
2.0,1000,4,3035,0.000000,0.000000,0.000000,-2.000000,-1000.000000,-1000.000000,0.000000
2.0,1000,4,3036,17.443229,2305.324579,0.000042,15.443229,1305.324579,-999.999958,0.760900
2.0,1000,4,3037,0.000000,0.000000,0.000000,-2.000000,-1000.000000,-1000.000000,0.000000
2.0,1000,4,3038,0.000000,0.000000,0.000000,-2.000000,-1000.000000,-1000.000000,0.000000
2.0,1000,4,3039,15.720839,1917.422177,0.000191,13.720839,917.422177,-999.999809,-0.524231
2.0,1000,4,3040,4.717138,1990.097801,0.000000,2.717138,990.097801,-1000.000000,0.676330
2.0,1000,4,3041,5.533380,2116.048997,0.000000,3.533380,1116.048997,-1000.000000,0.714681
2.0,1000,4,3042,8.131992,1864.015740,0.000289,6.131992,864.015740,-999.999711,0.597111
2.0,1000,4,3043,0.000000,0.000000,0.000000,-2.000000,-1000.000000,-1000.000000,0.000000
2.0,1000,4,3044,60.583298,2252.989357,0.000085,58.583298,1252.989357,-999.999915,0.374448
2.0,1000,4,3045,5.204913,1913.835112,0.000259,3.204913,913.835112,-999.999741,0.874792
2.0,1000,4,3046,6.779929,2028.666085,0.000390,4.779929,1028.666085,-999.999610,0.752366
2.0,1000,4,3047,0.000000,0.000000,0.000000,-2.000000,-1000.000000,-1000.000000,0.000000
2.0,1000,4,3048,4.426228,2510.460777,0.000000,2.426228,1510.460777,-1000.000000,0.080460
2.0,1000,4,3049,17.453740,1765.807381,0.000322,15.453740,765.807381,-999.999678,0.586171
2.0,1000,4,3050,0.000000,0.000000,0.000000,-2.000000,-1000.000000,-1000.000000,0.000000
2.0,1000,4,3051,0.000000,0.000000,0.000000,-2.000000,-1000.000000,-1000.000000,0.000000
2.0,1000,4,3052,0.000000,0.000000,0.000000,-2.000000,-1000.000000,-1000.000000,0.000000
2.0,1000,4,3053,0.000000,0.000000,0.000000,-2.000000,-1000.000000,-1000.000000,0.000000
2.0,1000,4,3054,6.010509,1824.824507,0.000240,4.010509,824.824507,-999.999760,0.723887
2.0,1000,4,3055,0.000000,0.000000,0.000000,-2.000000,-1000.000000,-1000.000000,0.000000
2.0,1000,4,3056,6.770749,1935.827846,0.000000,4.770749,935.827846,-1000.000000,0.465386
2.0,1000,4,3057,11.348241,2168.976311,0.000109,9.348241,1168.976311,-999.999891,0.698045
2.0,1000,4,3058,0.000000,0.000000,0.000000,-2.000000,-1000.000000,-1000.000000,0.000000
2.0,1000,4,3059,0.000000,0.000000,0.000000,-2.000000,-1000.000000,-1000.000000,0.000000
2.0,1000,4,3060,6.395136,1665.460221,0.000200,4.395136,665.460221,-999.999800,0.801950
2.0,1000,4,3061,0.000000,0.000000,0.000000,-2.000000,-1000.000000,-1000.000000,0.000000
2.0,1000,4,3062,0.000000,0.000000,0.000000,-2.000000,-1000.000000,-1000.000000,0.000000
2.0,1000,4,3063,0.000000,0.000000,0.000000,-2.000000,-1000.000000,-1000.000000,0.000000
2.0,1000,4,3064,0.000000,0.000000,0.000000,-2.000000,-1000.000000,-1000.000000,0.000000
2.0,1000,4,3065,0.000000,0.000000,0.000000,-2.000000,-1000.000000,-1000.000000,0.000000
2.0,1000,4,3066,8.592315,1857.245489,0.000153,6.592315,857.245489,-999.999847,0.783329
2.0,1000,4,3067,0.000000,0.000000,0.000000,-2.000000,-1000.000000,-1000.000000,0.000000
2.0,1000,4,3068,11.103872,1517.541678,0.000000,9.103872,517.541678,-1000.000000,0.125044
2.0,1000,4,3069,0.000000,0.000000,0.000000,-2.000000,-1000.000000,-1000.000000,0.000000
2.0,1000,4,3070,0.000000,0.000000,0.000000,-2.000000,-1000.000000,-1000.000000,0.000000
2.0,1000,4,3071,7.832205,2037.458299,0.000093,5.832205,1037.458299,-999.999907,0.825270
2.0,1000,4,3072,0.000000,0.000000,0.000000,-2.000000,-1000.000000,-1000.000000,0.000000
2.0,1000,4,3073,0.000000,0.000000,0.000000,-2.000000,-1000.000000,-1000.000000,0.000000
2.0,1000,4,3074,0.000000,0.000000,0.000000,-2.000000,-1000.000000,-1000.000000,0.000000
2.0,1000,4,3075,11.904262,1990.389128,0.000236,9.904262,990.389128,-999.999764,0.352417
2.0,1000,4,3076,0.000000,0.000000,0.000000,-2.000000,-1000.000000,-1000.000000,0.000000
2.0,1000,4,3077,5.553064,2180.022542,0.000302,3.553064,1180.022542,-999.999698,0.683405
2.0,1000,4,3078,0.000000,0.000000,0.000000,-2.000000,-1000.000000,-1000.000000,0.000000
2.0,1000,4,3079,8.938062,2002.684133,0.000366,6.938062,1002.684133,-999.999634,0.755349
2.0,1000,4,3080,0.000000,0.000000,0.000000,-2.000000,-1000.000000,-1000.000000,0.000000
2.0,1000,4,3081,0.000000,0.000000,0.000000,-2.000000,-1000.000000,-1000.000000,0.000000
2.0,1000,4,3082,7.394090,2016.688279,0.000348,5.394090,1016.688279,-999.999652,0.822340
2.0,1000,4,3083,0.000000,0.000000,0.000000,-2.000000,-1000.000000,-1000.000000,0.000000
2.0,1000,4,3084,0.000000,0.000000,0.000000,-2.000000,-1000.000000,-1000.000000,0.000000
2.0,1000,4,3085,0.000000,0.000000,0.000000,-2.000000,-1000.000000,-1000.000000,0.000000
2.0,1000,4,3086,6.330404,1889.793140,0.000000,4.330404,889.793140,-1000.000000,-0.076373
2.0,1000,4,3087,7.511438,2512.617070,0.000000,5.511438,1512.617070,-1000.000000,0.213978
2.0,1000,4,3088,0.000000,0.000000,0.000000,-2.000000,-1000.000000,-1000.000000,0.000000
2.0,1000,4,3089,0.000000,0.000000,0.000000,-2.000000,-1000.000000,-1000.000000,0.000000
2.0,1000,4,3090,0.000000,0.000000,0.000000,-2.000000,-1000.000000,-1000.000000,0.000000
2.0,1000,4,3091,6.243239,1660.912790,0.000219,4.243239,660.912790,-999.999781,0.873992
2.0,1000,4,3092,0.000000,0.000000,0.000000,-2.000000,-1000.000000,-1000.000000,0.000000
2.0,1000,4,3093,5.046442,2158.719638,0.000335,3.046442,1158.719638,-999.999665,0.758433
2.0,1000,4,3094,6.697659,1919.845937,0.000250,4.697659,919.845937,-999.999750,0.398665
2.0,1000,4,3095,0.000000,0.000000,0.000000,-2.000000,-1000.000000,-1000.000000,0.000000
2.0,1000,4,3096,9.006808,1856.463449,0.000292,7.006808,856.463449,-999.999708,0.885970
2.0,1000,4,3097,0.000000,0.000000,0.000000,-2.000000,-1000.000000,-1000.000000,0.000000
2.0,1000,4,3098,0.000000,0.000000,0.000000,-2.000000,-1000.000000,-1000.000000,0.000000
2.0,1000,4,3099,0.000000,0.000000,0.000000,-2.000000,-1000.000000,-1000.000000,0.000000
2.0,1000,4,3100,0.000000,0.000000,0.000000,-2.000000,-1000.000000,-1000.000000,0.000000
2.0,1000,4,3101,0.000000,0.000000,0.000000,-2.000000,-1000.000000,-1000.000000,0.000000
2.0,1000,4,3102,17.085396,1804.439861,0.000052,15.085396,804.439861,-999.999948,0.797102
2.0,1000,4,3103,8.882992,2028.183932,0.000143,6.882992,1028.183932,-999.999857,0.813618
2.0,1000,4,3104,9.955413,1683.994867,0.000166,7.955413,683.994867,-999.999834,0.602137
2.0,1000,4,3105,0.000000,0.000000,0.000000,-2.000000,-1000.000000,-1000.000000,0.000000
2.0,1000,4,3106,5.492838,2266.971246,0.000000,3.492838,1266.971246,-1000.000000,0.685717
2.0,1000,4,3107,8.896092,1718.715828,0.000294,6.896092,718.715828,-999.999706,0.695757
2.0,1000,4,3108,5.137717,1835.735775,0.000000,3.137717,835.735775,-1000.000000,0.705396
2.0,1000,4,3109,14.505567,2118.349852,0.000340,12.505567,1118.349852,-999.999660,0.828595
2.0,1000,4,3110,25.921099,1862.633365,0.000738,23.921099,862.633365,-999.999262,0.773458
2.0,1000,4,3111,0.000000,0.000000,0.000000,-2.000000,-1000.000000,-1000.000000,0.000000
2.0,1000,4,3112,5.121135,1870.534661,0.000270,3.121135,870.534661,-999.999730,0.768550
2.0,1000,4,3113,0.000000,0.000000,0.000000,-2.000000,-1000.000000,-1000.000000,0.000000
2.0,1000,4,3114,13.731547,2302.631185,0.000357,11.731547,1302.631185,-999.999643,0.591368
2.0,1000,4,3115,5.476710,1962.499810,0.000000,3.476710,962.499810,-1000.000000,0.634225
2.0,1000,4,3116,0.000000,0.000000,0.000000,-2.000000,-1000.000000,-1000.000000,0.000000
2.0,1000,4,3117,0.000000,0.000000,0.000000,-2.000000,-1000.000000,-1000.000000,0.000000
2.0,1000,4,3118,7.024416,1937.993571,0.000048,5.024416,937.993571,-999.999952,0.893142
2.0,1000,4,3119,0.000000,0.000000,0.000000,-2.000000,-1000.000000,-1000.000000,0.000000
2.0,1000,4,3120,0.000000,0.000000,0.000000,-2.000000,-1000.000000,-1000.000000,0.000000
2.0,1000,4,3121,0.000000,0.000000,0.000000,-2.000000,-1000.000000,-1000.000000,0.000000
2.0,1000,4,3122,5.457448,1985.666324,0.000242,3.457448,985.666324,-999.999758,0.868079
2.0,1000,4,3123,0.000000,0.000000,0.000000,-2.000000,-1000.000000,-1000.000000,0.000000
2.0,1000,4,3124,12.556557,2249.470287,0.000252,10.556557,1249.470287,-999.999748,0.701865
2.0,1000,4,3125,0.000000,0.000000,0.000000,-2.000000,-1000.000000,-1000.000000,0.000000
2.0,1000,4,3126,7.869363,1933.405110,0.000107,5.869363,933.405110,-999.999893,0.852469
2.0,1000,4,3127,0.000000,0.000000,0.000000,-2.000000,-1000.000000,-1000.000000,0.000000
2.0,1000,4,3128,12.003303,1578.568327,0.000285,10.003303,578.568327,-999.999715,0.269734
2.0,1000,4,3129,9.487012,1962.270308,0.000198,7.487012,962.270308,-999.999802,0.645974
2.0,1000,4,3130,6.114697,2476.084920,0.000000,4.114697,1476.084920,-1000.000000,0.696067
2.0,1000,4,3131,0.000000,0.000000,0.000000,-2.000000,-1000.000000,-1000.000000,0.000000
2.0,1000,4,3132,0.000000,0.000000,0.000000,-2.000000,-1000.000000,-1000.000000,0.000000
2.0,1000,4,3133,2.514927,604.584790,911.304061,0.514927,-395.415210,-88.695939,0.581576
2.0,1000,4,3134,0.000000,0.000000,0.000000,-2.000000,-1000.000000,-1000.000000,0.000000
2.0,1000,4,3135,0.000000,0.000000,0.000000,-2.000000,-1000.000000,-1000.000000,0.000000
2.0,1000,4,3136,0.000000,0.000000,0.000000,-2.000000,-1000.000000,-1000.000000,0.000000
2.0,1000,4,3137,0.000000,0.000000,0.000000,-2.000000,-1000.000000,-1000.000000,0.000000
2.0,1000,4,3138,18.115842,2030.493849,0.000417,16.115842,1030.493849,-999.999583,0.023042
2.0,1000,4,3139,0.000000,0.000000,0.000000,-2.000000,-1000.000000,-1000.000000,0.000000
2.0,1000,4,3140,10.953829,2478.375813,0.000000,8.953829,1478.375813,-1000.000000,0.322731
2.0,1000,4,3141,10.836432,1942.238376,0.000000,8.836432,942.238376,-1000.000000,0.346219
2.0,1000,4,3142,0.000000,0.000000,0.000000,-2.000000,-1000.000000,-1000.000000,0.000000
2.0,1000,4,3143,0.000000,0.000000,0.000000,-2.000000,-1000.000000,-1000.000000,0.000000
2.0,1000,4,3144,13.072423,1829.338034,0.000356,11.072423,829.338034,-999.999644,0.635662
2.0,1000,4,3145,0.000000,0.000000,0.000000,-2.000000,-1000.000000,-1000.000000,0.000000
2.0,1000,4,3146,0.000000,0.000000,0.000000,-2.000000,-1000.000000,-1000.000000,0.000000
2.0,1000,4,3147,0.000000,0.000000,0.000000,-2.000000,-1000.000000,-1000.000000,0.000000
2.0,1000,4,3148,8.027468,2095.104567,0.000000,6.027468,1095.104567,-1000.000000,0.807333
2.0,1000,4,3149,17.415921,1908.800444,0.000806,15.415921,908.800444,-999.999194,-0.513069
2.0,1000,4,3150,0.000000,0.000000,0.000000,-2.000000,-1000.000000,-1000.000000,0.000000
2.0,1000,4,3151,7.035050,2068.314349,0.000000,5.035050,1068.314349,-1000.000000,0.569732
2.0,1000,4,3152,0.000000,0.000000,0.000000,-2.000000,-1000.000000,-1000.000000,0.000000
2.0,1000,4,3153,0.000000,0.000000,0.000000,-2.000000,-1000.000000,-1000.000000,0.000000
2.0,1000,4,3154,0.000000,0.000000,0.000000,-2.000000,-1000.000000,-1000.000000,0.000000
2.0,1000,4,3155,19.959744,1696.669713,0.000331,17.959744,696.669713,-999.999669,0.403123
2.0,1000,4,3156,0.000000,0.000000,0.000000,-2.000000,-1000.000000,-1000.000000,0.000000
2.0,1000,4,3157,5.784703,2849.121019,0.000000,3.784703,1849.121019,-1000.000000,0.001752
2.0,1000,4,3158,0.000000,0.000000,0.000000,-2.000000,-1000.000000,-1000.000000,0.000000
2.0,1000,4,3159,7.017250,1757.289798,0.000047,5.017250,757.289798,-999.999953,0.851615
2.0,1000,4,3160,10.682408,2157.016818,0.000117,8.682408,1157.016818,-999.999883,0.667676
2.0,1000,4,3161,0.000000,0.000000,0.000000,-2.000000,-1000.000000,-1000.000000,0.000000
2.0,1000,4,3162,6.491439,2612.755774,0.000211,4.491439,1612.755774,-999.999789,0.480489
2.0,1000,4,3163,2.258219,875.623696,1218.714497,0.258219,-124.376304,218.714497,0.548274
2.0,1000,4,3164,9.480991,2072.318283,0.000103,7.480991,1072.318283,-999.999897,0.806057
2.0,1000,4,3165,0.000000,0.000000,0.000000,-2.000000,-1000.000000,-1000.000000,0.000000
2.0,1000,4,3166,0.000000,0.000000,0.000000,-2.000000,-1000.000000,-1000.000000,0.000000
2.0,1000,4,3167,0.000000,0.000000,0.000000,-2.000000,-1000.000000,-1000.000000,0.000000
2.0,1000,4,3168,17.543889,1983.417983,0.000285,15.543889,983.417983,-999.999715,0.474147
2.0,1000,4,3169,11.982203,2013.181794,0.000947,9.982203,1013.181794,-999.999053,0.850480
2.0,1000,4,3170,21.689243,2174.550315,0.000000,19.689243,1174.550315,-1000.000000,0.235762
2.0,1000,4,3171,0.000000,0.000000,0.000000,-2.000000,-1000.000000,-1000.000000,0.000000
2.0,1000,4,3172,0.000000,0.000000,0.000000,-2.000000,-1000.000000,-1000.000000,0.000000
2.0,1000,4,3173,11.903904,2165.204817,0.000000,9.903904,1165.204817,-1000.000000,0.167738
2.0,1000,4,3174,0.000000,0.000000,0.000000,-2.000000,-1000.000000,-1000.000000,0.000000
2.0,1000,4,3175,0.000000,0.000000,0.000000,-2.000000,-1000.000000,-1000.000000,0.000000
2.0,1000,4,3176,12.792909,1798.699312,0.000025,10.792909,798.699312,-999.999975,0.467150
2.0,1000,4,3177,20.294074,1990.503545,0.000242,18.294074,990.503545,-999.999758,0.798938
2.0,1000,4,3178,0.000000,0.000000,0.000000,-2.000000,-1000.000000,-1000.000000,0.000000
2.0,1000,4,3179,0.000000,0.000000,0.000000,-2.000000,-1000.000000,-1000.000000,0.000000
2.0,1000,4,3180,7.710479,1679.263790,0.000059,5.710479,679.263790,-999.999941,0.770240
2.0,1000,4,3181,6.233970,2261.203979,0.000000,4.233970,1261.203979,-1000.000000,-0.207452
2.0,1000,4,3182,25.867716,1770.391974,0.000264,23.867716,770.391974,-999.999736,0.646144
2.0,1000,4,3183,0.000000,0.000000,0.000000,-2.000000,-1000.000000,-1000.000000,0.000000
2.0,1000,4,3184,0.000000,0.000000,0.000000,-2.000000,-1000.000000,-1000.000000,0.000000
2.0,1000,4,3185,0.000000,0.000000,0.000000,-2.000000,-1000.000000,-1000.000000,0.000000
2.0,1000,4,3186,0.000000,0.000000,0.000000,-2.000000,-1000.000000,-1000.000000,0.000000
2.0,1000,4,3187,6.198688,2370.478929,0.000378,4.198688,1370.478929,-999.999622,0.810076
2.0,1000,4,3188,10.036790,1649.155305,0.000406,8.036790,649.155305,-999.999594,0.642206
2.0,1000,4,3189,0.000000,0.000000,0.000000,-2.000000,-1000.000000,-1000.000000,0.000000
2.0,1000,4,3190,5.639174,2317.828865,0.000000,3.639174,1317.828865,-1000.000000,0.533427
2.0,1000,4,3191,2.127250,678.648839,1055.052044,0.127250,-321.351161,55.052044,0.553819
2.0,1000,4,3192,4.694121,2009.365447,0.000000,2.694121,1009.365447,-1000.000000,0.634694
2.0,1000,4,3193,22.705756,2342.833643,0.000100,20.705756,1342.833643,-999.999900,0.675535
2.0,1000,4,3194,11.945752,1750.603104,0.000259,9.945752,750.603104,-999.999741,0.728192
2.0,1000,4,3195,6.689243,2004.564259,0.000151,4.689243,1004.564259,-999.999849,0.789149
2.0,1000,4,3196,6.072899,2263.655652,0.000055,4.072899,1263.655652,-999.999945,0.906711
2.0,1000,4,3197,8.501071,2045.573948,0.000000,6.501071,1045.573948,-1000.000000,0.716601
2.0,1000,4,3198,7.122879,2247.653326,0.000245,5.122879,1247.653326,-999.999755,0.625704
2.0,1000,4,3199,0.000000,0.000000,0.000000,-2.000000,-1000.000000,-1000.000000,0.000000
2.0,1000,4,3200,9.465154,1795.849502,0.000170,7.465154,795.849502,-999.999830,0.465693
2.0,1000,4,3201,4.830877,2180.835771,0.000143,2.830877,1180.835771,-999.999857,0.905887
2.0,1000,4,3202,38.581573,1999.924719,0.000059,36.581573,999.924719,-999.999941,0.739875
2.0,1000,4,3203,0.000000,0.000000,0.000000,-2.000000,-1000.000000,-1000.000000,0.000000
2.0,1000,4,3204,0.000000,0.000000,0.000000,-2.000000,-1000.000000,-1000.000000,0.000000
2.0,1000,4,3205,13.769594,1627.299316,0.000027,11.769594,627.299316,-999.999973,0.362288
2.0,1000,4,3206,0.000000,0.000000,0.000000,-2.000000,-1000.000000,-1000.000000,0.000000
2.0,1000,4,3207,5.223767,1916.108125,0.000000,3.223767,916.108125,-1000.000000,0.385814
2.0,1000,4,3208,6.608482,2291.488152,0.000000,4.608482,1291.488152,-1000.000000,0.468066
2.0,1000,4,3209,0.000000,0.000000,0.000000,-2.000000,-1000.000000,-1000.000000,0.000000
2.0,1000,4,3210,0.000000,0.000000,0.000000,-2.000000,-1000.000000,-1000.000000,0.000000
2.0,1000,4,3211,0.000000,0.000000,0.000000,-2.000000,-1000.000000,-1000.000000,0.000000
2.0,1000,4,3212,8.037619,1968.055591,0.000031,6.037619,968.055591,-999.999969,0.744139
2.0,1000,4,3213,7.730768,2619.513941,0.000107,5.730768,1619.513941,-999.999893,0.881981
2.0,1000,4,3214,13.841825,1895.969516,0.000207,11.841825,895.969516,-999.999793,0.796314
2.0,1000,4,3215,0.000000,0.000000,0.000000,-2.000000,-1000.000000,-1000.000000,0.000000
2.0,1000,4,3216,0.000000,0.000000,0.000000,-2.000000,-1000.000000,-1000.000000,0.000000
2.0,1000,4,3217,0.000000,0.000000,0.000000,-2.000000,-1000.000000,-1000.000000,0.000000
2.0,1000,4,3218,0.000000,0.000000,0.000000,-2.000000,-1000.000000,-1000.000000,0.000000
2.0,1000,4,3219,6.696591,2188.226219,0.000000,4.696591,1188.226219,-1000.000000,0.062029
2.0,1000,4,3220,0.000000,0.000000,0.000000,-2.000000,-1000.000000,-1000.000000,0.000000
2.0,1000,4,3221,4.623615,2037.244577,0.000406,2.623615,1037.244577,-999.999594,0.769408
2.0,1000,4,3222,0.000000,0.000000,0.000000,-2.000000,-1000.000000,-1000.000000,0.000000
2.0,1000,4,3223,6.044227,2190.718976,0.000000,4.044227,1190.718976,-1000.000000,-0.613065
2.0,1000,4,3224,0.000000,0.000000,0.000000,-2.000000,-1000.000000,-1000.000000,0.000000
2.0,1000,4,3225,0.000000,0.000000,0.000000,-2.000000,-1000.000000,-1000.000000,0.000000
2.0,1000,4,3226,0.000000,0.000000,0.000000,-2.000000,-1000.000000,-1000.000000,0.000000
2.0,1000,4,3227,0.000000,0.000000,0.000000,-2.000000,-1000.000000,-1000.000000,0.000000
2.0,1000,4,3228,8.053109,1964.698352,0.000000,6.053109,964.698352,-1000.000000,0.500982
2.0,1000,4,3229,11.711856,2177.730762,0.000127,9.711856,1177.730762,-999.999873,0.771523
2.0,1000,4,3230,12.062217,1948.167654,0.000028,10.062217,948.167654,-999.999972,0.827783
2.0,1000,4,3231,0.000000,0.000000,0.000000,-2.000000,-1000.000000,-1000.000000,0.000000
2.0,1000,4,3232,8.259691,1821.105603,0.000296,6.259691,821.105603,-999.999704,0.646747
2.0,1000,4,3233,8.774697,1981.383467,0.000144,6.774697,981.383467,-999.999856,0.827861
2.0,1000,4,3234,6.459280,1767.367618,0.000000,4.459280,767.367618,-1000.000000,0.626652
2.0,1000,4,3235,0.000000,0.000000,0.000000,-2.000000,-1000.000000,-1000.000000,0.000000
2.0,1000,4,3236,6.979703,1853.094851,0.000000,4.979703,853.094851,-1000.000000,0.526484
2.0,1000,4,3237,10.672404,1820.169147,0.000095,8.672404,820.169147,-999.999905,0.693061
2.0,1000,4,3238,8.730150,1912.003000,0.000157,6.730150,912.003000,-999.999843,0.635832
2.0,1000,4,3239,0.000000,0.000000,0.000000,-2.000000,-1000.000000,-1000.000000,0.000000
2.0,1000,4,3240,0.000000,0.000000,0.000000,-2.000000,-1000.000000,-1000.000000,0.000000
2.0,1000,4,3241,9.009790,2035.639164,0.000316,7.009790,1035.639164,-999.999684,0.535541
2.0,1000,4,3242,0.000000,0.000000,0.000000,-2.000000,-1000.000000,-1000.000000,0.000000
2.0,1000,4,3243,8.854145,2129.619907,0.000000,6.854145,1129.619907,-1000.000000,0.405737
2.0,1000,4,3244,11.068923,2086.424806,0.000343,9.068923,1086.424806,-999.999657,0.224845
2.0,1000,4,3245,0.000000,0.000000,0.000000,-2.000000,-1000.000000,-1000.000000,0.000000
2.0,1000,4,3246,0.000000,0.000000,0.000000,-2.000000,-1000.000000,-1000.000000,0.000000
2.0,1000,4,3247,0.000000,0.000000,0.000000,-2.000000,-1000.000000,-1000.000000,0.000000
2.0,1000,4,3248,0.000000,0.000000,0.000000,-2.000000,-1000.000000,-1000.000000,0.000000
2.0,1000,4,3249,0.000000,0.000000,0.000000,-2.000000,-1000.000000,-1000.000000,0.000000
2.0,1000,4,3250,0.000000,0.000000,0.000000,-2.000000,-1000.000000,-1000.000000,0.000000
2.0,1000,4,3251,0.000000,0.000000,0.000000,-2.000000,-1000.000000,-1000.000000,0.000000
2.0,1000,4,3252,0.000000,0.000000,0.000000,-2.000000,-1000.000000,-1000.000000,0.000000
2.0,1000,4,3253,0.000000,0.000000,0.000000,-2.000000,-1000.000000,-1000.000000,0.000000
2.0,1000,4,3254,8.277857,2085.104364,0.000000,6.277857,1085.104364,-1000.000000,0.587399
2.0,1000,4,3255,6.119742,1921.130587,0.000351,4.119742,921.130587,-999.999649,0.599557
2.0,1000,4,3256,6.034280,1917.894436,0.000000,4.034280,917.894436,-1000.000000,0.599596
2.0,1000,4,3257,0.000000,0.000000,0.000000,-2.000000,-1000.000000,-1000.000000,0.000000
2.0,1000,4,3258,0.000000,0.000000,0.000000,-2.000000,-1000.000000,-1000.000000,0.000000
2.0,1000,4,3259,8.346581,1722.105351,0.000166,6.346581,722.105351,-999.999834,0.675990
2.0,1000,4,3260,0.000000,0.000000,0.000000,-2.000000,-1000.000000,-1000.000000,0.000000
2.0,1000,4,3261,6.567532,1720.148839,0.000143,4.567532,720.148839,-999.999857,0.787861
2.0,1000,4,3262,0.000000,0.000000,0.000000,-2.000000,-1000.000000,-1000.000000,0.000000
2.0,1000,4,3263,0.000000,0.000000,0.000000,-2.000000,-1000.000000,-1000.000000,0.000000
2.0,1000,4,3264,7.251250,1911.128043,0.000012,5.251250,911.128043,-999.999988,0.841448
2.0,1000,4,3265,5.515003,2152.869774,0.000166,3.515003,1152.869774,-999.999834,0.651783
2.0,1000,4,3266,14.335979,2096.139398,0.000000,12.335979,1096.139398,-1000.000000,0.494187
2.0,1000,4,3267,0.000000,0.000000,0.000000,-2.000000,-1000.000000,-1000.000000,0.000000
2.0,1000,4,3268,5.928821,2107.904679,0.000000,3.928821,1107.904679,-1000.000000,0.248600
2.0,1000,4,3269,9.383276,1960.547069,0.000045,7.383276,960.547069,-999.999955,0.704593
2.0,1000,4,3270,5.983987,2187.226674,0.000000,3.983987,1187.226674,-1000.000000,0.226695
2.0,1000,4,3271,9.338040,1972.947529,0.000063,7.338040,972.947529,-999.999937,0.890081
2.0,1000,4,3272,6.535838,2437.847958,0.000000,4.535838,1437.847958,-1000.000000,0.622741
2.0,1000,4,3273,0.000000,0.000000,0.000000,-2.000000,-1000.000000,-1000.000000,0.000000
2.0,1000,4,3274,14.045830,2067.264219,0.000142,12.045830,1067.264219,-999.999858,0.880871
2.0,1000,4,3275,6.292811,2489.029019,0.000000,4.292811,1489.029019,-1000.000000,0.082303
2.0,1000,4,3276,13.665289,2087.386954,0.000246,11.665289,1087.386954,-999.999754,0.683440
2.0,1000,4,3277,0.000000,0.000000,0.000000,-2.000000,-1000.000000,-1000.000000,0.000000
2.0,1000,4,3278,11.778311,2262.662573,0.000070,9.778311,1262.662573,-999.999930,0.618312
2.0,1000,4,3279,0.000000,0.000000,0.000000,-2.000000,-1000.000000,-1000.000000,0.000000
2.0,1000,4,3280,6.853840,1799.735856,0.000397,4.853840,799.735856,-999.999603,0.748651
2.0,1000,4,3281,0.000000,0.000000,0.000000,-2.000000,-1000.000000,-1000.000000,0.000000
2.0,1000,4,3282,0.000000,0.000000,0.000000,-2.000000,-1000.000000,-1000.000000,0.000000
2.0,1000,4,3283,11.237271,1777.627215,0.000139,9.237271,777.627215,-999.999861,0.715107
2.0,1000,4,3284,17.039679,1969.653371,0.000218,15.039679,969.653371,-999.999782,0.127473
2.0,1000,4,3285,0.000000,0.000000,0.000000,-2.000000,-1000.000000,-1000.000000,0.000000
2.0,1000,4,3286,8.779427,2478.925756,0.000000,6.779427,1478.925756,-1000.000000,0.765344
2.0,1000,4,3287,0.000000,0.000000,0.000000,-2.000000,-1000.000000,-1000.000000,0.000000
2.0,1000,4,3288,0.000000,0.000000,0.000000,-2.000000,-1000.000000,-1000.000000,0.000000
2.0,1000,4,3289,8.490397,2216.929974,0.000036,6.490397,1216.929974,-999.999964,0.708861
2.0,1000,4,3290,0.000000,0.000000,0.000000,-2.000000,-1000.000000,-1000.000000,0.000000
2.0,1000,4,3291,5.828038,1982.772527,0.000000,3.828038,982.772527,-1000.000000,0.058477
2.0,1000,4,3292,0.000000,0.000000,0.000000,-2.000000,-1000.000000,-1000.000000,0.000000
2.0,1000,4,3293,0.000000,0.000000,0.000000,-2.000000,-1000.000000,-1000.000000,0.000000
2.0,1000,4,3294,14.912698,2354.756499,0.000062,12.912698,1354.756499,-999.999938,0.738780
2.0,1000,4,3295,7.836685,2214.444791,0.000000,5.836685,1214.444791,-1000.000000,-0.616871
2.0,1000,4,3296,7.317797,1700.186717,0.000000,5.317797,700.186717,-1000.000000,-0.040374
2.0,1000,4,3297,4.785100,2295.492134,0.000000,2.785100,1295.492134,-1000.000000,0.512575
2.0,1000,4,3298,0.000000,0.000000,0.000000,-2.000000,-1000.000000,-1000.000000,0.000000
2.0,1000,4,3299,5.559915,2114.465292,0.000056,3.559915,1114.465292,-999.999944,0.875742
2.0,1000,4,3300,10.759089,2127.677048,0.000000,8.759089,1127.677048,-1000.000000,-0.258380
2.0,1000,4,3301,6.582891,2395.384205,0.000000,4.582891,1395.384205,-1000.000000,-0.222117
2.0,1000,4,3302,3.766645,2624.694946,0.001208,1.766645,1624.694946,-999.998792,0.696184
2.0,1000,4,3303,8.364768,2107.136786,0.000150,6.364768,1107.136786,-999.999850,0.726439
2.0,1000,4,3304,3.946811,1163.166709,772.483881,1.946811,163.166709,-227.516119,0.710269
2.0,1000,4,3305,2.228427,1093.301178,850.960779,0.228427,93.301178,-149.039221,0.616592
2.0,1000,4,3306,5.622719,2007.818312,0.000000,3.622719,1007.818312,-1000.000000,0.231583
2.0,1000,4,3307,23.408502,1493.267637,0.000118,21.408502,493.267637,-999.999882,0.670011
2.0,1000,4,3308,0.000000,0.000000,0.000000,-2.000000,-1000.000000,-1000.000000,0.000000
2.0,1000,4,3309,0.000000,0.000000,0.000000,-2.000000,-1000.000000,-1000.000000,0.000000
2.0,1000,4,3310,0.000000,0.000000,0.000000,-2.000000,-1000.000000,-1000.000000,0.000000
2.0,1000,4,3311,8.199793,2372.297817,0.000148,6.199793,1372.297817,-999.999852,0.709876
2.0,1000,4,3312,21.168607,2098.967405,0.000101,19.168607,1098.967405,-999.999899,0.672205
2.0,1000,4,3313,0.000000,0.000000,0.000000,-2.000000,-1000.000000,-1000.000000,0.000000
2.0,1000,4,3314,6.135174,2397.929761,0.000026,4.135174,1397.929761,-999.999974,0.830222
2.0,1000,4,3315,0.000000,0.000000,0.000000,-2.000000,-1000.000000,-1000.000000,0.000000
2.0,1000,4,3316,5.161144,1768.249742,0.000437,3.161144,768.249742,-999.999563,0.641080
2.0,1000,4,3317,12.575584,1905.345461,0.000460,10.575584,905.345461,-999.999540,-0.307357
2.0,1000,4,3318,9.797264,2287.508658,0.000056,7.797264,1287.508658,-999.999944,0.799381
2.0,1000,4,3319,10.353376,1731.461744,0.000097,8.353376,731.461744,-999.999903,0.658267
2.0,1000,4,3320,0.000000,0.000000,0.000000,-2.000000,-1000.000000,-1000.000000,0.000000
2.0,1000,4,3321,12.226737,1491.219608,0.000096,10.226737,491.219608,-999.999904,0.662366
2.0,1000,4,3322,0.000000,0.000000,0.000000,-2.000000,-1000.000000,-1000.000000,0.000000
2.0,1000,4,3323,4.225663,2263.841906,0.001564,2.225663,1263.841906,-999.998436,0.576508
2.0,1000,4,3324,7.442381,2055.276126,0.000286,5.442381,1055.276126,-999.999714,0.762678
2.0,1000,4,3325,0.000000,0.000000,0.000000,-2.000000,-1000.000000,-1000.000000,0.000000
2.0,1000,4,3326,0.000000,0.000000,0.000000,-2.000000,-1000.000000,-1000.000000,0.000000
2.0,1000,4,3327,0.000000,0.000000,0.000000,-2.000000,-1000.000000,-1000.000000,0.000000
2.0,1000,4,3328,6.982624,2214.143250,0.000000,4.982624,1214.143250,-1000.000000,0.632150
2.0,1000,4,3329,0.000000,0.000000,0.000000,-2.000000,-1000.000000,-1000.000000,0.000000
2.0,1000,4,3330,0.000000,0.000000,0.000000,-2.000000,-1000.000000,-1000.000000,0.000000
2.0,1000,4,3331,0.000000,0.000000,0.000000,-2.000000,-1000.000000,-1000.000000,0.000000
2.0,1000,4,3332,0.000000,0.000000,0.000000,-2.000000,-1000.000000,-1000.000000,0.000000
2.0,1000,4,3333,7.148371,1558.582206,0.000351,5.148371,558.582206,-999.999649,0.599785
2.0,1000,4,3334,0.000000,0.000000,0.000000,-2.000000,-1000.000000,-1000.000000,0.000000
2.0,1000,4,3335,0.000000,0.000000,0.000000,-2.000000,-1000.000000,-1000.000000,0.000000
2.0,1000,4,3336,9.895637,2147.854255,0.000083,7.895637,1147.854255,-999.999917,0.643101
2.0,1000,4,3337,5.102963,2372.432204,0.000167,3.102963,1372.432204,-999.999833,0.764347
2.0,1000,4,3338,8.460869,1783.087924,0.000163,6.460869,783.087924,-999.999837,0.828979
2.0,1000,4,3339,0.000000,0.000000,0.000000,-2.000000,-1000.000000,-1000.000000,0.000000
2.0,1000,4,3340,0.000000,0.000000,0.000000,-2.000000,-1000.000000,-1000.000000,0.000000
2.0,1000,4,3341,5.805820,2086.458697,0.000000,3.805820,1086.458697,-1000.000000,-0.078867
2.0,1000,4,3342,0.000000,0.000000,0.000000,-2.000000,-1000.000000,-1000.000000,0.000000
2.0,1000,4,3343,0.000000,0.000000,0.000000,-2.000000,-1000.000000,-1000.000000,0.000000
2.0,1000,4,3344,0.000000,0.000000,0.000000,-2.000000,-1000.000000,-1000.000000,0.000000
2.0,1000,4,3345,13.984606,1702.215296,0.000297,11.984606,702.215296,-999.999703,0.595754
2.0,1000,4,3346,0.000000,0.000000,0.000000,-2.000000,-1000.000000,-1000.000000,0.000000
2.0,1000,4,3347,7.603437,2023.317898,0.000052,5.603437,1023.317898,-999.999948,0.759846
2.0,1000,4,3348,0.000000,0.000000,0.000000,-2.000000,-1000.000000,-1000.000000,0.000000
2.0,1000,4,3349,0.000000,0.000000,0.000000,-2.000000,-1000.000000,-1000.000000,0.000000
2.0,1000,4,3350,0.000000,0.000000,0.000000,-2.000000,-1000.000000,-1000.000000,0.000000
2.0,1000,4,3351,0.000000,0.000000,0.000000,-2.000000,-1000.000000,-1000.000000,0.000000
2.0,1000,4,3352,5.014448,2956.330665,0.000297,3.014448,1956.330665,-999.999703,0.571871
2.0,1000,4,3353,0.000000,0.000000,0.000000,-2.000000,-1000.000000,-1000.000000,0.000000
2.0,1000,4,3354,0.000000,0.000000,0.000000,-2.000000,-1000.000000,-1000.000000,0.000000
2.0,1000,4,3355,0.000000,0.000000,0.000000,-2.000000,-1000.000000,-1000.000000,0.000000
2.0,1000,4,3356,0.000000,0.000000,0.000000,-2.000000,-1000.000000,-1000.000000,0.000000
2.0,1000,4,3357,0.000000,0.000000,0.000000,-2.000000,-1000.000000,-1000.000000,0.000000
2.0,1000,4,3358,0.000000,0.000000,0.000000,-2.000000,-1000.000000,-1000.000000,0.000000
2.0,1000,4,3359,10.114818,1614.593523,0.000000,8.114818,614.593523,-1000.000000,-0.046525
2.0,1000,4,3360,7.192279,1910.579380,0.000104,5.192279,910.579380,-999.999896,0.888572
2.0,1000,4,3361,0.000000,0.000000,0.000000,-2.000000,-1000.000000,-1000.000000,0.000000
2.0,1000,4,3362,9.795080,2102.376807,0.000195,7.795080,1102.376807,-999.999805,0.624990
2.0,1000,4,3363,0.000000,0.000000,0.000000,-2.000000,-1000.000000,-1000.000000,0.000000
2.0,1000,4,3364,0.000000,0.000000,0.000000,-2.000000,-1000.000000,-1000.000000,0.000000
2.0,1000,4,3365,6.512121,2071.681930,0.000214,4.512121,1071.681930,-999.999786,0.848585
2.0,1000,4,3366,12.079026,1957.993178,0.000034,10.079026,957.993178,-999.999966,0.643786
2.0,1000,4,3367,0.000000,0.000000,0.000000,-2.000000,-1000.000000,-1000.000000,0.000000
2.0,1000,4,3368,3.450437,2830.661534,0.000000,1.450437,1830.661534,-1000.000000,0.258762
2.0,1000,4,3369,0.000000,0.000000,0.000000,-2.000000,-1000.000000,-1000.000000,0.000000
2.0,1000,4,3370,10.230137,1934.682141,0.000081,8.230137,934.682141,-999.999919,0.745843
2.0,1000,4,3371,0.000000,0.000000,0.000000,-2.000000,-1000.000000,-1000.000000,0.000000
2.0,1000,4,3372,8.004695,1764.139276,0.000382,6.004695,764.139276,-999.999618,0.798050
2.0,1000,4,3373,0.000000,0.000000,0.000000,-2.000000,-1000.000000,-1000.000000,0.000000
2.0,1000,4,3374,13.219803,2171.447641,0.000369,11.219803,1171.447641,-999.999631,0.717326
2.0,1000,4,3375,0.000000,0.000000,0.000000,-2.000000,-1000.000000,-1000.000000,0.000000
2.0,1000,4,3376,0.000000,0.000000,0.000000,-2.000000,-1000.000000,-1000.000000,0.000000
2.0,1000,4,3377,35.826448,1945.704613,0.000124,33.826448,945.704613,-999.999876,0.783463
2.0,1000,4,3378,0.000000,0.000000,0.000000,-2.000000,-1000.000000,-1000.000000,0.000000
2.0,1000,4,3379,0.000000,0.000000,0.000000,-2.000000,-1000.000000,-1000.000000,0.000000
2.0,1000,4,3380,0.000000,0.000000,0.000000,-2.000000,-1000.000000,-1000.000000,0.000000
2.0,1000,4,3381,0.000000,0.000000,0.000000,-2.000000,-1000.000000,-1000.000000,0.000000
2.0,1000,4,3382,0.000000,0.000000,0.000000,-2.000000,-1000.000000,-1000.000000,0.000000
2.0,1000,4,3383,0.000000,0.000000,0.000000,-2.000000,-1000.000000,-1000.000000,0.000000
2.0,1000,4,3384,14.540680,2046.175545,0.000024,12.540680,1046.175545,-999.999976,0.299144
2.0,1000,4,3385,0.000000,0.000000,0.000000,-2.000000,-1000.000000,-1000.000000,0.000000
2.0,1000,4,3386,0.000000,0.000000,0.000000,-2.000000,-1000.000000,-1000.000000,0.000000
2.0,1000,4,3387,0.000000,0.000000,0.000000,-2.000000,-1000.000000,-1000.000000,0.000000
2.0,1000,4,3388,7.891865,1973.790043,0.000134,5.891865,973.790043,-999.999866,0.759526
2.0,1000,4,3389,7.161280,2070.428413,0.000282,5.161280,1070.428413,-999.999718,0.771321
2.0,1000,4,3390,0.000000,0.000000,0.000000,-2.000000,-1000.000000,-1000.000000,0.000000
2.0,1000,4,3391,12.822966,1979.557920,0.000239,10.822966,979.557920,-999.999761,0.738629
2.0,1000,4,3392,0.000000,0.000000,0.000000,-2.000000,-1000.000000,-1000.000000,0.000000
2.0,1000,4,3393,0.000000,0.000000,0.000000,-2.000000,-1000.000000,-1000.000000,0.000000
2.0,1000,4,3394,0.000000,0.000000,0.000000,-2.000000,-1000.000000,-1000.000000,0.000000
2.0,1000,4,3395,0.000000,0.000000,0.000000,-2.000000,-1000.000000,-1000.000000,0.000000
2.0,1000,4,3396,6.385746,1877.746702,0.000208,4.385746,877.746702,-999.999792,0.838679
2.0,1000,4,3397,6.001694,1689.956404,0.000000,4.001694,689.956404,-1000.000000,0.581460
2.0,1000,4,3398,0.000000,0.000000,0.000000,-2.000000,-1000.000000,-1000.000000,0.000000
2.0,1000,4,3399,6.441865,1511.355240,0.000029,4.441865,511.355240,-999.999971,0.802740
2.0,1000,4,3400,14.628437,1788.217378,0.000023,12.628437,788.217378,-999.999977,0.431638
2.0,1000,4,3401,0.000000,0.000000,0.000000,-2.000000,-1000.000000,-1000.000000,0.000000
2.0,1000,4,3402,0.000000,0.000000,0.000000,-2.000000,-1000.000000,-1000.000000,0.000000
2.0,1000,4,3403,7.356565,2041.981458,0.000225,5.356565,1041.981458,-999.999775,0.733324
2.0,1000,4,3404,0.000000,0.000000,0.000000,-2.000000,-1000.000000,-1000.000000,0.000000
2.0,1000,4,3405,2.672213,2153.503747,344.532551,0.672213,1153.503747,-655.467449,0.667271
2.0,1000,4,3406,0.000000,0.000000,0.000000,-2.000000,-1000.000000,-1000.000000,0.000000
2.0,1000,4,3407,0.000000,0.000000,0.000000,-2.000000,-1000.000000,-1000.000000,0.000000
2.0,1000,4,3408,7.428912,1820.662116,0.000000,5.428912,820.662116,-1000.000000,0.661886
2.0,1000,4,3409,0.000000,0.000000,0.000000,-2.000000,-1000.000000,-1000.000000,0.000000
2.0,1000,4,3410,13.353847,1721.426250,0.000035,11.353847,721.426250,-999.999965,0.852118
2.0,1000,4,3411,7.720718,2274.386607,0.000283,5.720718,1274.386607,-999.999717,0.744245
2.0,1000,4,3412,7.530440,2336.826227,0.000000,5.530440,1336.826227,-1000.000000,-0.013767
2.0,1000,4,3413,5.356496,2006.571133,0.000287,3.356496,1006.571133,-999.999713,0.750611
2.0,1000,4,3414,5.606635,1833.864650,0.000322,3.606635,833.864650,-999.999678,0.675501
2.0,1000,4,3415,3.798965,2646.907897,0.000000,1.798965,1646.907897,-1000.000000,0.468819
2.0,1000,4,3416,0.000000,0.000000,0.000000,-2.000000,-1000.000000,-1000.000000,0.000000
2.0,1000,4,3417,0.000000,0.000000,0.000000,-2.000000,-1000.000000,-1000.000000,0.000000
2.0,1000,4,3418,0.000000,0.000000,0.000000,-2.000000,-1000.000000,-1000.000000,0.000000
2.0,1000,4,3419,10.041232,2235.163760,0.000195,8.041232,1235.163760,-999.999805,0.580574
2.0,1000,4,3420,0.000000,0.000000,0.000000,-2.000000,-1000.000000,-1000.000000,0.000000
2.0,1000,4,3421,0.000000,0.000000,0.000000,-2.000000,-1000.000000,-1000.000000,0.000000
2.0,1000,4,3422,6.349147,2384.031796,0.000000,4.349147,1384.031796,-1000.000000,0.148970
2.0,1000,4,3423,5.894865,2002.761680,0.000288,3.894865,1002.761680,-999.999712,0.829764
2.0,1000,4,3424,0.000000,0.000000,0.000000,-2.000000,-1000.000000,-1000.000000,0.000000
2.0,1000,4,3425,5.758848,2082.650013,0.000000,3.758848,1082.650013,-1000.000000,0.559520
2.0,1000,4,3426,5.405802,2302.553949,0.000363,3.405802,1302.553949,-999.999637,0.731782
2.0,1000,4,3427,7.488810,2591.800914,0.000264,5.488810,1591.800914,-999.999736,0.675228
2.0,1000,4,3428,0.000000,0.000000,0.000000,-2.000000,-1000.000000,-1000.000000,0.000000
2.0,1000,4,3429,10.876531,1774.143340,0.000029,8.876531,774.143340,-999.999971,0.604889
2.0,1000,4,3430,11.852451,1382.457526,0.000000,9.852451,382.457526,-1000.000000,-0.201441
2.0,1000,4,3431,0.000000,0.000000,0.000000,-2.000000,-1000.000000,-1000.000000,0.000000
2.0,1000,4,3432,0.000000,0.000000,0.000000,-2.000000,-1000.000000,-1000.000000,0.000000
2.0,1000,4,3433,10.271173,2295.316937,0.000260,8.271173,1295.316937,-999.999740,0.663246
2.0,1000,4,3434,0.000000,0.000000,0.000000,-2.000000,-1000.000000,-1000.000000,0.000000
2.0,1000,4,3435,6.942927,2383.505447,0.000254,4.942927,1383.505447,-999.999746,0.748904
2.0,1000,4,3436,6.357265,2168.974418,0.000357,4.357265,1168.974418,-999.999643,0.664545
2.0,1000,4,3437,0.000000,0.000000,0.000000,-2.000000,-1000.000000,-1000.000000,0.000000
2.0,1000,4,3438,3.134961,1212.359447,810.606852,1.134961,212.359447,-189.393148,0.611540
2.0,1000,4,3439,1.834392,828.390078,1133.433900,-0.165608,-171.609922,133.433900,0.513383
2.0,1000,4,3440,4.623861,2275.399019,0.000416,2.623861,1275.399019,-999.999584,0.792563
2.0,1000,4,3441,6.636279,2395.299899,0.000000,4.636279,1395.299899,-1000.000000,0.679446
2.0,1000,4,3442,0.000000,0.000000,0.000000,-2.000000,-1000.000000,-1000.000000,0.000000
2.0,1000,4,3443,11.672371,1972.161755,0.000117,9.672371,972.161755,-999.999883,0.726834
2.0,1000,4,3444,7.809658,2337.630536,0.000000,5.809658,1337.630536,-1000.000000,0.174624
2.0,1000,4,3445,0.000000,0.000000,0.000000,-2.000000,-1000.000000,-1000.000000,0.000000
2.0,1000,4,3446,0.000000,0.000000,0.000000,-2.000000,-1000.000000,-1000.000000,0.000000
2.0,1000,4,3447,0.000000,0.000000,0.000000,-2.000000,-1000.000000,-1000.000000,0.000000
2.0,1000,4,3448,7.400884,1539.752597,0.000000,5.400884,539.752597,-1000.000000,0.588659
2.0,1000,4,3449,0.000000,0.000000,0.000000,-2.000000,-1000.000000,-1000.000000,0.000000
2.0,1000,4,3450,6.287835,2101.356067,0.000000,4.287835,1101.356067,-1000.000000,0.413203
2.0,1000,4,3451,9.930615,2186.092059,0.000000,7.930615,1186.092059,-1000.000000,0.286140
2.0,1000,4,3452,5.854776,2185.317875,0.000000,3.854776,1185.317875,-1000.000000,0.486623
2.0,1000,4,3453,3.773557,1625.564813,406.138602,1.773557,625.564813,-593.861398,0.690175
2.0,1000,4,3454,0.000000,0.000000,0.000000,-2.000000,-1000.000000,-1000.000000,0.000000
2.0,1000,4,3455,0.000000,0.000000,0.000000,-2.000000,-1000.000000,-1000.000000,0.000000
2.0,1000,4,3456,0.000000,0.000000,0.000000,-2.000000,-1000.000000,-1000.000000,0.000000
2.0,1000,4,3457,7.755345,2390.855428,0.000000,5.755345,1390.855428,-1000.000000,0.569391
2.0,1000,4,3458,8.327928,1964.680092,0.000064,6.327928,964.680092,-999.999936,0.707005
2.0,1000,4,3459,0.000000,0.000000,0.000000,-2.000000,-1000.000000,-1000.000000,0.000000
2.0,1000,4,3460,6.937412,1898.283312,0.000286,4.937412,898.283312,-999.999714,0.783250
2.0,1000,4,3461,0.000000,0.000000,0.000000,-2.000000,-1000.000000,-1000.000000,0.000000
2.0,1000,4,3462,0.000000,0.000000,0.000000,-2.000000,-1000.000000,-1000.000000,0.000000
2.0,1000,4,3463,8.125136,2029.500265,0.000000,6.125136,1029.500265,-1000.000000,0.384335
2.0,1000,4,3464,18.241734,1941.016175,0.000072,16.241734,941.016175,-999.999928,0.744554
2.0,1000,4,3465,10.469472,1889.894407,0.000449,8.469472,889.894407,-999.999551,0.636203
2.0,1000,4,3466,2.607129,713.309235,1062.595509,0.607129,-286.690765,62.595509,0.587217
2.0,1000,4,3467,0.000000,0.000000,0.000000,-2.000000,-1000.000000,-1000.000000,0.000000
2.0,1000,4,3468,0.000000,0.000000,0.000000,-2.000000,-1000.000000,-1000.000000,0.000000
2.0,1000,4,3469,0.000000,0.000000,0.000000,-2.000000,-1000.000000,-1000.000000,0.000000
2.0,1000,4,3470,15.251619,1855.618658,0.000249,13.251619,855.618658,-999.999751,0.798410
2.0,1000,4,3471,0.000000,0.000000,0.000000,-2.000000,-1000.000000,-1000.000000,0.000000
2.0,1000,4,3472,0.000000,0.000000,0.000000,-2.000000,-1000.000000,-1000.000000,0.000000
2.0,1000,4,3473,7.771686,2095.698697,0.000000,5.771686,1095.698697,-1000.000000,-0.009320
2.0,1000,4,3474,9.081083,1948.522721,0.000172,7.081083,948.522721,-999.999828,0.767119
2.0,1000,4,3475,0.000000,0.000000,0.000000,-2.000000,-1000.000000,-1000.000000,0.000000
2.0,1000,4,3476,6.978577,1710.122398,0.000229,4.978577,710.122398,-999.999771,0.741784
2.0,1000,4,3477,0.000000,0.000000,0.000000,-2.000000,-1000.000000,-1000.000000,0.000000
2.0,1000,4,3478,8.198865,1620.970195,0.000175,6.198865,620.970195,-999.999825,0.659453
2.0,1000,4,3479,0.000000,0.000000,0.000000,-2.000000,-1000.000000,-1000.000000,0.000000
2.0,1000,4,3480,6.337865,2395.287415,0.000048,4.337865,1395.287415,-999.999952,0.845320
2.0,1000,4,3481,5.944602,2365.609919,0.000000,3.944602,1365.609919,-1000.000000,0.353379
2.0,1000,4,3482,7.800400,1834.192739,0.000043,5.800400,834.192739,-999.999957,0.712427
2.0,1000,4,3483,6.162500,1890.399026,0.000000,4.162500,890.399026,-1000.000000,0.687570
2.0,1000,4,3484,0.000000,0.000000,0.000000,-2.000000,-1000.000000,-1000.000000,0.000000
2.0,1000,4,3485,0.000000,0.000000,0.000000,-2.000000,-1000.000000,-1000.000000,0.000000
2.0,1000,4,3486,0.000000,0.000000,0.000000,-2.000000,-1000.000000,-1000.000000,0.000000
2.0,1000,4,3487,5.198921,1902.886065,0.000000,3.198921,902.886065,-1000.000000,0.591840
2.0,1000,4,3488,24.961230,1541.255196,0.000083,22.961230,541.255196,-999.999917,0.826782
2.0,1000,4,3489,7.895484,2203.711276,0.000023,5.895484,1203.711276,-999.999977,0.802210
2.0,1000,4,3490,6.086168,2227.766735,0.000000,4.086168,1227.766735,-1000.000000,0.531490
2.0,1000,4,3491,0.000000,0.000000,0.000000,-2.000000,-1000.000000,-1000.000000,0.000000
2.0,1000,4,3492,7.891938,2494.319925,0.000000,5.891938,1494.319925,-1000.000000,0.476433
2.0,1000,4,3493,0.000000,0.000000,0.000000,-2.000000,-1000.000000,-1000.000000,0.000000
2.0,1000,4,3494,0.000000,0.000000,0.000000,-2.000000,-1000.000000,-1000.000000,0.000000
2.0,1000,4,3495,0.000000,0.000000,0.000000,-2.000000,-1000.000000,-1000.000000,0.000000
2.0,1000,4,3496,10.226330,2179.612713,0.000139,8.226330,1179.612713,-999.999861,0.786935
2.0,1000,4,3497,0.000000,0.000000,0.000000,-2.000000,-1000.000000,-1000.000000,0.000000
2.0,1000,4,3498,3.547617,1925.264727,0.000599,1.547617,925.264727,-999.999401,0.713316
2.0,1000,4,3499,6.386390,2422.294486,0.000000,4.386390,1422.294486,-1000.000000,0.017094
2.0,1000,4,3500,0.000000,0.000000,0.000000,-2.000000,-1000.000000,-1000.000000,0.000000
2.0,1000,4,3501,7.750570,2365.942511,0.000210,5.750570,1365.942511,-999.999790,0.513360
2.0,1000,4,3502,9.494140,1717.954295,0.000100,7.494140,717.954295,-999.999900,0.766620
2.0,1000,4,3503,0.000000,0.000000,0.000000,-2.000000,-1000.000000,-1000.000000,0.000000
2.0,1000,4,3504,0.000000,0.000000,0.000000,-2.000000,-1000.000000,-1000.000000,0.000000
2.0,1000,4,3505,5.752968,2104.498104,0.000000,3.752968,1104.498104,-1000.000000,0.584252
2.0,1000,4,3506,19.609290,2217.225280,0.000167,17.609290,1217.225280,-999.999833,0.873347
2.0,1000,4,3507,7.893606,1647.819067,0.000000,5.893606,647.819067,-1000.000000,0.440226
2.0,1000,4,3508,0.000000,0.000000,0.000000,-2.000000,-1000.000000,-1000.000000,0.000000
2.0,1000,4,3509,16.988110,1748.211583,0.000280,14.988110,748.211583,-999.999720,0.822061
2.0,1000,4,3510,0.000000,0.000000,0.000000,-2.000000,-1000.000000,-1000.000000,0.000000
2.0,1000,4,3511,0.000000,0.000000,0.000000,-2.000000,-1000.000000,-1000.000000,0.000000
2.0,1000,4,3512,9.910023,2224.570369,0.000183,7.910023,1224.570369,-999.999817,0.659004
2.0,1000,4,3513,0.000000,0.000000,0.000000,-2.000000,-1000.000000,-1000.000000,0.000000
2.0,1000,4,3514,0.000000,0.000000,0.000000,-2.000000,-1000.000000,-1000.000000,0.000000
2.0,1000,4,3515,0.000000,0.000000,0.000000,-2.000000,-1000.000000,-1000.000000,0.000000
2.0,1000,4,3516,0.000000,0.000000,0.000000,-2.000000,-1000.000000,-1000.000000,0.000000
2.0,1000,4,3517,0.000000,0.000000,0.000000,-2.000000,-1000.000000,-1000.000000,0.000000
2.0,1000,4,3518,0.000000,0.000000,0.000000,-2.000000,-1000.000000,-1000.000000,0.000000
2.0,1000,4,3519,0.000000,0.000000,0.000000,-2.000000,-1000.000000,-1000.000000,0.000000
2.0,1000,4,3520,10.645730,1651.847914,0.000270,8.645730,651.847914,-999.999730,0.307766
2.0,1000,4,3521,0.000000,0.000000,0.000000,-2.000000,-1000.000000,-1000.000000,0.000000
2.0,1000,4,3522,4.328209,2172.688800,0.000000,2.328209,1172.688800,-1000.000000,0.233285
2.0,1000,4,3523,0.000000,0.000000,0.000000,-2.000000,-1000.000000,-1000.000000,0.000000
2.0,1000,4,3524,4.985971,1711.611714,0.000115,2.985971,711.611714,-999.999885,0.726994
2.0,1000,4,3525,6.586904,2089.402597,0.000049,4.586904,1089.402597,-999.999951,0.879675
2.0,1000,4,3526,0.000000,0.000000,0.000000,-2.000000,-1000.000000,-1000.000000,0.000000
2.0,1000,4,3527,4.448157,2075.305909,0.000000,2.448157,1075.305909,-1000.000000,0.718340
2.0,1000,4,3528,10.259154,1882.483686,0.000097,8.259154,882.483686,-999.999903,0.739862
2.0,1000,4,3529,7.023131,1743.972572,0.000000,5.023131,743.972572,-1000.000000,0.437360
2.0,1000,4,3530,0.000000,0.000000,0.000000,-2.000000,-1000.000000,-1000.000000,0.000000
2.0,1000,4,3531,0.000000,0.000000,0.000000,-2.000000,-1000.000000,-1000.000000,0.000000
2.0,1000,4,3532,2.861089,1289.927665,761.566235,0.861089,289.927665,-238.433765,0.675781
2.0,1000,4,3533,0.000000,0.000000,0.000000,-2.000000,-1000.000000,-1000.000000,0.000000
2.0,1000,4,3534,5.791203,1950.047302,0.000496,3.791203,950.047302,-999.999504,0.730803
2.0,1000,4,3535,19.805917,2136.449735,0.000079,17.805917,1136.449735,-999.999921,0.721343
2.0,1000,4,3536,6.016893,1839.848197,0.000000,4.016893,839.848197,-1000.000000,0.204626
2.0,1000,4,3537,0.000000,0.000000,0.000000,-2.000000,-1000.000000,-1000.000000,0.000000
2.0,1000,4,3538,0.000000,0.000000,0.000000,-2.000000,-1000.000000,-1000.000000,0.000000
2.0,1000,4,3539,0.000000,0.000000,0.000000,-2.000000,-1000.000000,-1000.000000,0.000000
2.0,1000,4,3540,7.125636,2131.752962,0.000000,5.125636,1131.752962,-1000.000000,-0.030047
2.0,1000,4,3541,3.257127,1748.975134,437.197941,1.257127,748.975134,-562.802059,0.632056
2.0,1000,4,3542,0.000000,0.000000,0.000000,-2.000000,-1000.000000,-1000.000000,0.000000
2.0,1000,4,3543,0.000000,0.000000,0.000000,-2.000000,-1000.000000,-1000.000000,0.000000
2.0,1000,4,3544,0.000000,0.000000,0.000000,-2.000000,-1000.000000,-1000.000000,0.000000
2.0,1000,4,3545,0.000000,0.000000,0.000000,-2.000000,-1000.000000,-1000.000000,0.000000
2.0,1000,4,3546,0.000000,0.000000,0.000000,-2.000000,-1000.000000,-1000.000000,0.000000
2.0,1000,4,3547,0.000000,0.000000,0.000000,-2.000000,-1000.000000,-1000.000000,0.000000
2.0,1000,4,3548,7.534297,2092.407590,0.000026,5.534297,1092.407590,-999.999974,0.831073
2.0,1000,4,3549,0.000000,0.000000,0.000000,-2.000000,-1000.000000,-1000.000000,0.000000
2.0,1000,4,3550,11.744103,2011.856358,0.000054,9.744103,1011.856358,-999.999946,0.828274
2.0,1000,4,3551,25.672404,2172.322747,0.000363,23.672404,1172.322747,-999.999637,0.757402
2.0,1000,4,3552,6.249673,2159.271589,0.000358,4.249673,1159.271589,-999.999642,0.784170
2.0,1000,4,3553,0.000000,0.000000,0.000000,-2.000000,-1000.000000,-1000.000000,0.000000
2.0,1000,4,3554,0.000000,0.000000,0.000000,-2.000000,-1000.000000,-1000.000000,0.000000
2.0,1000,4,3555,9.895450,2070.213719,0.000000,7.895450,1070.213719,-1000.000000,-0.625973
2.0,1000,4,3556,0.000000,0.000000,0.000000,-2.000000,-1000.000000,-1000.000000,0.000000
2.0,1000,4,3557,0.000000,0.000000,0.000000,-2.000000,-1000.000000,-1000.000000,0.000000
2.0,1000,4,3558,0.000000,0.000000,0.000000,-2.000000,-1000.000000,-1000.000000,0.000000
2.0,1000,4,3559,0.000000,0.000000,0.000000,-2.000000,-1000.000000,-1000.000000,0.000000
2.0,1000,4,3560,5.899753,1955.999895,0.000000,3.899753,955.999895,-1000.000000,0.614801
2.0,1000,4,3561,0.000000,0.000000,0.000000,-2.000000,-1000.000000,-1000.000000,0.000000
2.0,1000,4,3562,1.832375,770.353279,1236.868420,-0.167625,-229.646721,236.868420,0.520118
2.0,1000,4,3563,0.000000,0.000000,0.000000,-2.000000,-1000.000000,-1000.000000,0.000000
2.0,1000,4,3564,0.000000,0.000000,0.000000,-2.000000,-1000.000000,-1000.000000,0.000000
2.0,1000,4,3565,0.000000,0.000000,0.000000,-2.000000,-1000.000000,-1000.000000,0.000000
2.0,1000,4,3566,0.000000,0.000000,0.000000,-2.000000,-1000.000000,-1000.000000,0.000000
2.0,1000,4,3567,0.000000,0.000000,0.000000,-2.000000,-1000.000000,-1000.000000,0.000000
2.0,1000,4,3568,4.254567,2120.237379,0.000000,2.254567,1120.237379,-1000.000000,0.567522
2.0,1000,4,3569,5.045793,1919.145798,0.000100,3.045793,919.145798,-999.999900,0.850104
2.0,1000,4,3570,2.596877,1032.816507,755.120090,0.596877,32.816507,-244.879910,0.568792
2.0,1000,4,3571,6.112911,1952.907622,0.000000,4.112911,952.907622,-1000.000000,0.648759
2.0,1000,4,3572,5.674574,1699.064957,0.000000,3.674574,699.064957,-1000.000000,0.621507
2.0,1000,4,3573,7.904581,2196.574652,0.000291,5.904581,1196.574652,-999.999709,0.744610
2.0,1000,4,3574,0.000000,0.000000,0.000000,-2.000000,-1000.000000,-1000.000000,0.000000
2.0,1000,4,3575,2.967737,1502.123137,935.984109,0.967737,502.123137,-64.015891,0.675231
2.0,1000,4,3576,6.884245,2600.466119,0.000046,4.884245,1600.466119,-999.999954,0.875730
2.0,1000,4,3577,0.000000,0.000000,0.000000,-2.000000,-1000.000000,-1000.000000,0.000000
2.0,1000,4,3578,0.000000,0.000000,0.000000,-2.000000,-1000.000000,-1000.000000,0.000000
2.0,1000,4,3579,18.190838,2450.928481,0.000092,16.190838,1450.928481,-999.999908,0.750404
2.0,1000,4,3580,0.000000,0.000000,0.000000,-2.000000,-1000.000000,-1000.000000,0.000000
2.0,1000,4,3581,9.084132,2357.402095,0.000000,7.084132,1357.402095,-1000.000000,-0.097742
2.0,1000,4,3582,6.048914,2824.042557,0.000000,4.048914,1824.042557,-1000.000000,0.225042
2.0,1000,4,3583,4.045237,2411.259724,0.000000,2.045237,1411.259724,-1000.000000,0.427762
2.0,1000,4,3584,6.372665,2023.243661,0.000000,4.372665,1023.243661,-1000.000000,-0.121605
2.0,1000,4,3585,0.000000,0.000000,0.000000,-2.000000,-1000.000000,-1000.000000,0.000000
2.0,1000,4,3586,8.815757,2221.667525,0.000000,6.815757,1221.667525,-1000.000000,0.059000
2.0,1000,4,3587,0.000000,0.000000,0.000000,-2.000000,-1000.000000,-1000.000000,0.000000
2.0,1000,4,3588,0.000000,0.000000,0.000000,-2.000000,-1000.000000,-1000.000000,0.000000
2.0,1000,4,3589,0.000000,0.000000,0.000000,-2.000000,-1000.000000,-1000.000000,0.000000
2.0,1000,4,3590,4.175221,1343.055000,584.937053,2.175221,343.055000,-415.062947,0.740869
2.0,1000,4,3591,0.000000,0.000000,0.000000,-2.000000,-1000.000000,-1000.000000,0.000000
2.0,1000,4,3592,0.000000,0.000000,0.000000,-2.000000,-1000.000000,-1000.000000,0.000000
2.0,1000,4,3593,10.832206,1876.727791,0.000041,8.832206,876.727791,-999.999959,0.892299
2.0,1000,4,3594,0.000000,0.000000,0.000000,-2.000000,-1000.000000,-1000.000000,0.000000
2.0,1000,4,3595,14.854362,2154.894235,0.000240,12.854362,1154.894235,-999.999760,0.636954
2.0,1000,4,3596,0.000000,0.000000,0.000000,-2.000000,-1000.000000,-1000.000000,0.000000
2.0,1000,4,3597,0.000000,0.000000,0.000000,-2.000000,-1000.000000,-1000.000000,0.000000
2.0,1000,4,3598,0.000000,0.000000,0.000000,-2.000000,-1000.000000,-1000.000000,0.000000
2.0,1000,4,3599,0.000000,0.000000,0.000000,-2.000000,-1000.000000,-1000.000000,0.000000
2.0,1000,4,3600,15.580730,2116.351966,0.000269,13.580730,1116.351966,-999.999731,0.675959
2.0,1000,4,3601,20.530350,1583.723363,0.000054,18.530350,583.723363,-999.999946,0.709867
2.0,1000,4,3602,0.000000,0.000000,0.000000,-2.000000,-1000.000000,-1000.000000,0.000000
2.0,1000,4,3603,0.000000,0.000000,0.000000,-2.000000,-1000.000000,-1000.000000,0.000000
2.0,1000,4,3604,9.080243,1830.867327,0.000908,7.080243,830.867327,-999.999092,0.502569
2.0,1000,4,3605,0.000000,0.000000,0.000000,-2.000000,-1000.000000,-1000.000000,0.000000
2.0,1000,4,3606,21.522861,1829.056200,0.000288,19.522861,829.056200,-999.999712,0.718819
2.0,1000,4,3607,4.636070,2502.035318,0.000000,2.636070,1502.035318,-1000.000000,0.664703
2.0,1000,4,3608,0.000000,0.000000,0.000000,-2.000000,-1000.000000,-1000.000000,0.000000
2.0,1000,4,3609,9.164641,2392.955650,0.000094,7.164641,1392.955650,-999.999906,0.606580
2.0,1000,4,3610,0.000000,0.000000,0.000000,-2.000000,-1000.000000,-1000.000000,0.000000
2.0,1000,4,3611,3.522396,1729.786091,416.155422,1.522396,729.786091,-583.844578,0.658011
2.0,1000,4,3612,6.554994,1612.263381,0.000213,4.554994,612.263381,-999.999787,0.835398
2.0,1000,4,3613,57.941668,1669.934290,0.000477,55.941668,669.934290,-999.999523,0.722200
2.0,1000,4,3614,0.000000,0.000000,0.000000,-2.000000,-1000.000000,-1000.000000,0.000000
2.0,1000,4,3615,0.000000,0.000000,0.000000,-2.000000,-1000.000000,-1000.000000,0.000000
2.0,1000,4,3616,0.000000,0.000000,0.000000,-2.000000,-1000.000000,-1000.000000,0.000000
2.0,1000,4,3617,0.000000,0.000000,0.000000,-2.000000,-1000.000000,-1000.000000,0.000000
2.0,1000,4,3618,0.000000,0.000000,0.000000,-2.000000,-1000.000000,-1000.000000,0.000000
2.0,1000,4,3619,6.466004,1654.983238,0.000060,4.466004,654.983238,-999.999940,0.831444
2.0,1000,4,3620,0.000000,0.000000,0.000000,-2.000000,-1000.000000,-1000.000000,0.000000
2.0,1000,4,3621,8.886115,1650.613268,0.000175,6.886115,650.613268,-999.999825,0.749221
2.0,1000,4,3622,4.949456,2081.307967,0.000153,2.949456,1081.307967,-999.999847,0.629689
2.0,1000,4,3623,0.000000,0.000000,0.000000,-2.000000,-1000.000000,-1000.000000,0.000000
2.0,1000,4,3624,13.729326,2276.548342,0.000000,11.729326,1276.548342,-1000.000000,0.123881
2.0,1000,4,3625,0.000000,0.000000,0.000000,-2.000000,-1000.000000,-1000.000000,0.000000
2.0,1000,4,3626,0.000000,0.000000,0.000000,-2.000000,-1000.000000,-1000.000000,0.000000
2.0,1000,4,3627,0.000000,0.000000,0.000000,-2.000000,-1000.000000,-1000.000000,0.000000
2.0,1000,4,3628,0.000000,0.000000,0.000000,-2.000000,-1000.000000,-1000.000000,0.000000
2.0,1000,4,3629,6.284697,1798.195597,0.000000,4.284697,798.195597,-1000.000000,-0.285682
2.0,1000,4,3630,11.311377,2656.767869,0.000093,9.311377,1656.767869,-999.999907,0.577535
2.0,1000,4,3631,0.000000,0.000000,0.000000,-2.000000,-1000.000000,-1000.000000,0.000000
2.0,1000,4,3632,8.673818,1619.219000,0.000044,6.673818,619.219000,-999.999956,0.847209
2.0,1000,4,3633,11.598695,2196.606623,0.000028,9.598695,1196.606623,-999.999972,0.576709
2.0,1000,4,3634,0.000000,0.000000,0.000000,-2.000000,-1000.000000,-1000.000000,0.000000
2.0,1000,4,3635,0.000000,0.000000,0.000000,-2.000000,-1000.000000,-1000.000000,0.000000
2.0,1000,4,3636,8.032371,2125.130044,0.000000,6.032371,1125.130044,-1000.000000,0.391941
2.0,1000,4,3637,5.088128,2159.803624,0.000147,3.088128,1159.803624,-999.999853,0.715232
2.0,1000,4,3638,7.378569,2431.790261,0.000076,5.378569,1431.790261,-999.999924,0.799230
2.0,1000,4,3639,4.956137,2303.156207,0.000321,2.956137,1303.156207,-999.999679,0.876674
2.0,1000,4,3640,0.000000,0.000000,0.000000,-2.000000,-1000.000000,-1000.000000,0.000000
2.0,1000,4,3641,0.000000,0.000000,0.000000,-2.000000,-1000.000000,-1000.000000,0.000000
2.0,1000,4,3642,6.222204,2183.240331,0.000265,4.222204,1183.240331,-999.999735,0.697903
2.0,1000,4,3643,5.749270,1838.550427,0.000120,3.749270,838.550427,-999.999880,0.847314
2.0,1000,4,3644,6.917377,2548.984229,0.000371,4.917377,1548.984229,-999.999629,0.669236
2.0,1000,4,3645,11.851303,1827.179614,0.000000,9.851303,827.179614,-1000.000000,-0.175603
2.0,1000,4,3646,0.000000,0.000000,0.000000,-2.000000,-1000.000000,-1000.000000,0.000000
2.0,1000,4,3647,0.000000,0.000000,0.000000,-2.000000,-1000.000000,-1000.000000,0.000000
2.0,1000,4,3648,0.000000,0.000000,0.000000,-2.000000,-1000.000000,-1000.000000,0.000000
2.0,1000,4,3649,0.000000,0.000000,0.000000,-2.000000,-1000.000000,-1000.000000,0.000000
2.0,1000,4,3650,7.114358,1777.743841,0.000235,5.114358,777.743841,-999.999765,0.785195
2.0,1000,4,3651,6.642062,1779.829717,0.000308,4.642062,779.829717,-999.999692,0.690468
2.0,1000,4,3652,0.000000,0.000000,0.000000,-2.000000,-1000.000000,-1000.000000,0.000000
2.0,1000,4,3653,7.088422,1988.890714,0.000000,5.088422,988.890714,-1000.000000,0.170477
2.0,1000,4,3654,8.014697,1831.443119,0.000440,6.014697,831.443119,-999.999560,0.612744
2.0,1000,4,3655,5.248762,2169.834116,0.000000,3.248762,1169.834116,-1000.000000,0.649860
2.0,1000,4,3656,0.000000,0.000000,0.000000,-2.000000,-1000.000000,-1000.000000,0.000000
2.0,1000,4,3657,7.844298,1936.083420,0.000000,5.844298,936.083420,-1000.000000,0.608374
2.0,1000,4,3658,6.948975,2092.623334,0.000433,4.948975,1092.623334,-999.999567,0.578218
2.0,1000,4,3659,15.073921,1537.841232,0.000163,13.073921,537.841232,-999.999837,0.314650
2.0,1000,4,3660,0.000000,0.000000,0.000000,-2.000000,-1000.000000,-1000.000000,0.000000
2.0,1000,4,3661,3.157657,1246.489778,746.227826,1.157657,246.489778,-253.772174,0.695506
2.0,1000,4,3662,0.000000,0.000000,0.000000,-2.000000,-1000.000000,-1000.000000,0.000000
2.0,1000,4,3663,0.000000,0.000000,0.000000,-2.000000,-1000.000000,-1000.000000,0.000000
2.0,1000,4,3664,0.000000,0.000000,0.000000,-2.000000,-1000.000000,-1000.000000,0.000000
2.0,1000,4,3665,0.000000,0.000000,0.000000,-2.000000,-1000.000000,-1000.000000,0.000000
2.0,1000,4,3666,0.000000,0.000000,0.000000,-2.000000,-1000.000000,-1000.000000,0.000000
2.0,1000,4,3667,0.000000,0.000000,0.000000,-2.000000,-1000.000000,-1000.000000,0.000000
2.0,1000,4,3668,0.000000,0.000000,0.000000,-2.000000,-1000.000000,-1000.000000,0.000000
2.0,1000,4,3669,8.447750,2659.587173,0.000000,6.447750,1659.587173,-1000.000000,0.679000
2.0,1000,4,3670,12.031445,2034.622076,0.000450,10.031445,1034.622076,-999.999550,0.814392
2.0,1000,4,3671,0.000000,0.000000,0.000000,-2.000000,-1000.000000,-1000.000000,0.000000
2.0,1000,4,3672,0.000000,0.000000,0.000000,-2.000000,-1000.000000,-1000.000000,0.000000
2.0,1000,4,3673,7.719244,2028.158368,0.000000,5.719244,1028.158368,-1000.000000,0.410167
2.0,1000,4,3674,15.699722,2352.157931,0.000365,13.699722,1352.157931,-999.999635,0.807207
2.0,1000,4,3675,2.405167,1062.846599,980.137459,0.405167,62.846599,-19.862541,0.651005
2.0,1000,4,3676,7.433793,1745.140495,0.000023,5.433793,745.140495,-999.999977,0.836551
2.0,1000,4,3677,6.918555,2025.263493,0.000312,4.918555,1025.263493,-999.999688,0.675738
2.0,1000,4,3678,0.000000,0.000000,0.000000,-2.000000,-1000.000000,-1000.000000,0.000000
2.0,1000,4,3679,6.871621,2215.928068,0.000230,4.871621,1215.928068,-999.999770,0.442421
2.0,1000,4,3680,0.000000,0.000000,0.000000,-2.000000,-1000.000000,-1000.000000,0.000000
2.0,1000,4,3681,5.164334,2760.998176,0.000000,3.164334,1760.998176,-1000.000000,-0.385995
2.0,1000,4,3682,18.810733,1492.118534,0.000438,16.810733,492.118534,-999.999562,0.731318
2.0,1000,4,3683,10.120846,2258.253890,0.000389,8.120846,1258.253890,-999.999611,0.796835
2.0,1000,4,3684,0.000000,0.000000,0.000000,-2.000000,-1000.000000,-1000.000000,0.000000
2.0,1000,4,3685,6.492894,1881.266028,0.000042,4.492894,881.266028,-999.999958,0.883531
2.0,1000,4,3686,16.294842,2069.462488,0.000794,14.294842,1069.462488,-999.999206,0.693443
2.0,1000,4,3687,0.000000,0.000000,0.000000,-2.000000,-1000.000000,-1000.000000,0.000000
2.0,1000,4,3688,10.709011,2140.004226,0.000109,8.709011,1140.004226,-999.999891,0.661262
2.0,1000,4,3689,0.000000,0.000000,0.000000,-2.000000,-1000.000000,-1000.000000,0.000000
2.0,1000,4,3690,0.000000,0.000000,0.000000,-2.000000,-1000.000000,-1000.000000,0.000000
2.0,1000,4,3691,0.000000,0.000000,0.000000,-2.000000,-1000.000000,-1000.000000,0.000000
2.0,1000,4,3692,0.000000,0.000000,0.000000,-2.000000,-1000.000000,-1000.000000,0.000000
2.0,1000,4,3693,27.495812,2067.745496,0.000300,25.495812,1067.745496,-999.999700,0.640036
2.0,1000,4,3694,4.585848,2147.750293,0.000000,2.585848,1147.750293,-1000.000000,0.629785
2.0,1000,4,3695,0.000000,0.000000,0.000000,-2.000000,-1000.000000,-1000.000000,0.000000
2.0,1000,4,3696,0.000000,0.000000,0.000000,-2.000000,-1000.000000,-1000.000000,0.000000
2.0,1000,4,3697,5.336138,2195.227398,0.000000,3.336138,1195.227398,-1000.000000,0.151791
2.0,1000,4,3698,0.000000,0.000000,0.000000,-2.000000,-1000.000000,-1000.000000,0.000000
2.0,1000,4,3699,17.254507,1803.153819,0.000325,15.254507,803.153819,-999.999675,0.276861
2.0,1000,4,3700,9.817357,1751.120423,0.000110,7.817357,751.120423,-999.999890,0.728274
2.0,1000,4,3701,0.000000,0.000000,0.000000,-2.000000,-1000.000000,-1000.000000,0.000000
2.0,1000,4,3702,0.000000,0.000000,0.000000,-2.000000,-1000.000000,-1000.000000,0.000000
2.0,1000,4,3703,40.893399,2092.572653,0.000472,38.893399,1092.572653,-999.999528,0.790112
2.0,1000,4,3704,8.161169,2392.713514,0.000286,6.161169,1392.713514,-999.999714,0.544850
2.0,1000,4,3705,7.102950,2113.634900,0.000000,5.102950,1113.634900,-1000.000000,0.264845
2.0,1000,4,3706,0.000000,0.000000,0.000000,-2.000000,-1000.000000,-1000.000000,0.000000
2.0,1000,4,3707,0.000000,0.000000,0.000000,-2.000000,-1000.000000,-1000.000000,0.000000
2.0,1000,4,3708,6.725055,2070.957645,0.000000,4.725055,1070.957645,-1000.000000,0.516448
2.0,1000,4,3709,4.074520,2261.245966,0.001651,2.074520,1261.245966,-999.998349,0.696588
2.0,1000,4,3710,0.000000,0.000000,0.000000,-2.000000,-1000.000000,-1000.000000,0.000000
2.0,1000,4,3711,5.682105,1969.321012,0.000315,3.682105,969.321012,-999.999685,0.827980
2.0,1000,4,3712,0.000000,0.000000,0.000000,-2.000000,-1000.000000,-1000.000000,0.000000
2.0,1000,4,3713,5.578613,2193.812976,0.000000,3.578613,1193.812976,-1000.000000,-0.357906
2.0,1000,4,3714,13.987803,1508.659827,0.000059,11.987803,508.659827,-999.999941,0.896262
2.0,1000,4,3715,0.000000,0.000000,0.000000,-2.000000,-1000.000000,-1000.000000,0.000000
2.0,1000,4,3716,8.734949,1676.612265,0.000171,6.734949,676.612265,-999.999829,0.692000
2.0,1000,4,3717,9.572179,2002.870506,0.000101,7.572179,1002.870506,-999.999899,0.778927
2.0,1000,4,3718,12.521635,1817.567970,0.000000,10.521635,817.567970,-1000.000000,0.236763
2.0,1000,4,3719,0.000000,0.000000,0.000000,-2.000000,-1000.000000,-1000.000000,0.000000
2.0,1000,4,3720,12.030820,2136.545746,0.000000,10.030820,1136.545746,-1000.000000,-0.361700
2.0,1000,4,3721,0.000000,0.000000,0.000000,-2.000000,-1000.000000,-1000.000000,0.000000
2.0,1000,4,3722,0.000000,0.000000,0.000000,-2.000000,-1000.000000,-1000.000000,0.000000
2.0,1000,4,3723,9.243848,2183.130783,0.000050,7.243848,1183.130783,-999.999950,0.610931
2.0,1000,4,3724,0.000000,0.000000,0.000000,-2.000000,-1000.000000,-1000.000000,0.000000
2.0,1000,4,3725,0.000000,0.000000,0.000000,-2.000000,-1000.000000,-1000.000000,0.000000
2.0,1000,4,3726,8.637620,2138.186073,0.000107,6.637620,1138.186073,-999.999893,0.857324
2.0,1000,4,3727,0.000000,0.000000,0.000000,-2.000000,-1000.000000,-1000.000000,0.000000
2.0,1000,4,3728,0.000000,0.000000,0.000000,-2.000000,-1000.000000,-1000.000000,0.000000
2.0,1000,4,3729,0.000000,0.000000,0.000000,-2.000000,-1000.000000,-1000.000000,0.000000
2.0,1000,4,3730,14.096444,2089.433051,0.000075,12.096444,1089.433051,-999.999925,0.741448
2.0,1000,4,3731,0.000000,0.000000,0.000000,-2.000000,-1000.000000,-1000.000000,0.000000
2.0,1000,4,3732,6.027426,2328.211490,0.000000,4.027426,1328.211490,-1000.000000,-0.364776
2.0,1000,4,3733,0.000000,0.000000,0.000000,-2.000000,-1000.000000,-1000.000000,0.000000
2.0,1000,4,3734,0.000000,0.000000,0.000000,-2.000000,-1000.000000,-1000.000000,0.000000
2.0,1000,4,3735,5.352590,1859.773007,0.000000,3.352590,859.773007,-1000.000000,0.679962
2.0,1000,4,3736,6.657433,1922.215876,0.000291,4.657433,922.215876,-999.999709,0.840359
2.0,1000,4,3737,7.252521,2418.421067,0.000246,5.252521,1418.421067,-999.999754,0.521581
2.0,1000,4,3738,0.000000,0.000000,0.000000,-2.000000,-1000.000000,-1000.000000,0.000000
2.0,1000,4,3739,0.000000,0.000000,0.000000,-2.000000,-1000.000000,-1000.000000,0.000000
2.0,1000,4,3740,7.487788,1917.687999,0.000379,5.487788,917.687999,-999.999621,0.490509
2.0,1000,4,3741,8.341947,2278.320240,0.000216,6.341947,1278.320240,-999.999784,0.647859
2.0,1000,4,3742,19.579142,2003.925752,0.000413,17.579142,1003.925752,-999.999587,0.750490
2.0,1000,4,3743,13.788344,2012.999730,0.000326,11.788344,1012.999730,-999.999674,0.761019
2.0,1000,4,3744,7.145847,2303.042545,0.000135,5.145847,1303.042545,-999.999865,0.464578
2.0,1000,4,3745,7.015337,1634.786513,0.000071,5.015337,634.786513,-999.999929,0.751871
2.0,1000,4,3746,0.000000,0.000000,0.000000,-2.000000,-1000.000000,-1000.000000,0.000000
2.0,1000,4,3747,0.000000,0.000000,0.000000,-2.000000,-1000.000000,-1000.000000,0.000000
2.0,1000,4,3748,0.000000,0.000000,0.000000,-2.000000,-1000.000000,-1000.000000,0.000000
2.0,1000,4,3749,0.000000,0.000000,0.000000,-2.000000,-1000.000000,-1000.000000,0.000000
2.0,1000,4,3750,0.000000,0.000000,0.000000,-2.000000,-1000.000000,-1000.000000,0.000000
2.0,1000,4,3751,0.000000,0.000000,0.000000,-2.000000,-1000.000000,-1000.000000,0.000000
2.0,1000,4,3752,0.000000,0.000000,0.000000,-2.000000,-1000.000000,-1000.000000,0.000000
2.0,1000,4,3753,21.172225,1578.711452,0.000147,19.172225,578.711452,-999.999853,0.699743
2.0,1000,4,3754,0.000000,0.000000,0.000000,-2.000000,-1000.000000,-1000.000000,0.000000
2.0,1000,4,3755,14.911167,1756.698027,0.000477,12.911167,756.698027,-999.999523,0.518342
2.0,1000,4,3756,0.000000,0.000000,0.000000,-2.000000,-1000.000000,-1000.000000,0.000000
2.0,1000,4,3757,0.000000,0.000000,0.000000,-2.000000,-1000.000000,-1000.000000,0.000000
2.0,1000,4,3758,0.000000,0.000000,0.000000,-2.000000,-1000.000000,-1000.000000,0.000000
2.0,1000,4,3759,10.595832,1996.209054,0.000262,8.595832,996.209054,-999.999738,0.828003
2.0,1000,4,3760,6.414218,1909.747594,0.000308,4.414218,909.747594,-999.999692,0.648072
2.0,1000,4,3761,7.063627,1760.863601,0.000023,5.063627,760.863601,-999.999977,0.826817
2.0,1000,4,3762,10.562651,2200.276695,0.000103,8.562651,1200.276695,-999.999897,0.827626
2.0,1000,4,3763,26.365237,2570.123071,0.000412,24.365237,1570.123071,-999.999588,0.209082
2.0,1000,4,3764,9.439083,2032.578143,0.000000,7.439083,1032.578143,-1000.000000,-0.155862
2.0,1000,4,3765,0.000000,0.000000,0.000000,-2.000000,-1000.000000,-1000.000000,0.000000
2.0,1000,4,3766,0.000000,0.000000,0.000000,-2.000000,-1000.000000,-1000.000000,0.000000
2.0,1000,4,3767,7.187685,2081.890660,0.000000,5.187685,1081.890660,-1000.000000,0.203015
2.0,1000,4,3768,0.000000,0.000000,0.000000,-2.000000,-1000.000000,-1000.000000,0.000000
2.0,1000,4,3769,0.000000,0.000000,0.000000,-2.000000,-1000.000000,-1000.000000,0.000000
2.0,1000,4,3770,0.000000,0.000000,0.000000,-2.000000,-1000.000000,-1000.000000,0.000000
2.0,1000,4,3771,3.465782,1401.617350,715.484602,1.465782,401.617350,-284.515398,0.715624
2.0,1000,4,3772,0.000000,0.000000,0.000000,-2.000000,-1000.000000,-1000.000000,0.000000
2.0,1000,4,3773,0.000000,0.000000,0.000000,-2.000000,-1000.000000,-1000.000000,0.000000
2.0,1000,4,3774,7.771939,1915.403740,0.000248,5.771939,915.403740,-999.999752,0.733383
2.0,1000,4,3775,0.000000,0.000000,0.000000,-2.000000,-1000.000000,-1000.000000,0.000000
2.0,1000,4,3776,0.000000,0.000000,0.000000,-2.000000,-1000.000000,-1000.000000,0.000000
2.0,1000,4,3777,0.000000,0.000000,0.000000,-2.000000,-1000.000000,-1000.000000,0.000000
2.0,1000,4,3778,7.740409,1707.932202,0.000000,5.740409,707.932202,-1000.000000,0.624711
2.0,1000,4,3779,0.000000,0.000000,0.000000,-2.000000,-1000.000000,-1000.000000,0.000000
2.0,1000,4,3780,0.000000,0.000000,0.000000,-2.000000,-1000.000000,-1000.000000,0.000000
2.0,1000,4,3781,0.000000,0.000000,0.000000,-2.000000,-1000.000000,-1000.000000,0.000000
2.0,1000,4,3782,10.188106,1722.889375,0.000207,8.188106,722.889375,-999.999793,0.892277
2.0,1000,4,3783,6.799672,1945.441879,0.000071,4.799672,945.441879,-999.999929,0.877448
2.0,1000,4,3784,10.255332,1667.157176,0.000045,8.255332,667.157176,-999.999955,0.856925
2.0,1000,4,3785,0.000000,0.000000,0.000000,-2.000000,-1000.000000,-1000.000000,0.000000
2.0,1000,4,3786,5.489429,2063.068768,0.000000,3.489429,1063.068768,-1000.000000,0.090268
2.0,1000,4,3787,0.000000,0.000000,0.000000,-2.000000,-1000.000000,-1000.000000,0.000000
2.0,1000,4,3788,0.000000,0.000000,0.000000,-2.000000,-1000.000000,-1000.000000,0.000000
2.0,1000,4,3789,6.113990,1772.109359,0.000359,4.113990,772.109359,-999.999641,0.805198
2.0,1000,4,3790,13.375497,1757.167858,0.000291,11.375497,757.167858,-999.999709,0.709689
2.0,1000,4,3791,16.134386,2558.925533,0.000440,14.134386,1558.925533,-999.999560,0.525313
2.0,1000,4,3792,0.000000,0.000000,0.000000,-2.000000,-1000.000000,-1000.000000,0.000000
2.0,1000,4,3793,0.000000,0.000000,0.000000,-2.000000,-1000.000000,-1000.000000,0.000000
2.0,1000,4,3794,8.372657,1693.617621,0.000276,6.372657,693.617621,-999.999724,0.583691
2.0,1000,4,3795,12.159206,1597.131670,0.000000,10.159206,597.131670,-1000.000000,0.433719
2.0,1000,4,3796,0.000000,0.000000,0.000000,-2.000000,-1000.000000,-1000.000000,0.000000
2.0,1000,4,3797,7.720784,1974.276716,0.000345,5.720784,974.276716,-999.999655,0.805792
2.0,1000,4,3798,15.813113,1653.872131,0.000176,13.813113,653.872131,-999.999824,0.867313
2.0,1000,4,3799,0.000000,0.000000,0.000000,-2.000000,-1000.000000,-1000.000000,0.000000
2.0,1000,4,3800,7.057226,2131.795412,0.000239,5.057226,1131.795412,-999.999761,0.397196
2.0,1000,4,3801,0.000000,0.000000,0.000000,-2.000000,-1000.000000,-1000.000000,0.000000
2.0,1000,4,3802,5.883325,2115.191817,0.000123,3.883325,1115.191817,-999.999877,0.745854
2.0,1000,4,3803,0.000000,0.000000,0.000000,-2.000000,-1000.000000,-1000.000000,0.000000
2.0,1000,4,3804,0.000000,0.000000,0.000000,-2.000000,-1000.000000,-1000.000000,0.000000
2.0,1000,4,3805,0.000000,0.000000,0.000000,-2.000000,-1000.000000,-1000.000000,0.000000
2.0,1000,4,3806,3.936758,2379.852087,0.000307,1.936758,1379.852087,-999.999693,0.830525
2.0,1000,4,3807,7.167484,2271.318502,0.000059,5.167484,1271.318502,-999.999941,0.798977
2.0,1000,4,3808,4.803135,1965.909058,0.000817,2.803135,965.909058,-999.999183,0.650219
2.0,1000,4,3809,0.000000,0.000000,0.000000,-2.000000,-1000.000000,-1000.000000,0.000000
2.0,1000,4,3810,20.028812,1703.329188,0.000047,18.028812,703.329188,-999.999953,0.639295
2.0,1000,4,3811,0.000000,0.000000,0.000000,-2.000000,-1000.000000,-1000.000000,0.000000
2.0,1000,4,3812,0.000000,0.000000,0.000000,-2.000000,-1000.000000,-1000.000000,0.000000
2.0,1000,4,3813,0.000000,0.000000,0.000000,-2.000000,-1000.000000,-1000.000000,0.000000
2.0,1000,4,3814,0.000000,0.000000,0.000000,-2.000000,-1000.000000,-1000.000000,0.000000
2.0,1000,4,3815,0.000000,0.000000,0.000000,-2.000000,-1000.000000,-1000.000000,0.000000
2.0,1000,4,3816,10.799669,1590.075739,0.000050,8.799669,590.075739,-999.999950,0.703818
2.0,1000,4,3817,0.000000,0.000000,0.000000,-2.000000,-1000.000000,-1000.000000,0.000000
2.0,1000,4,3818,4.872242,2188.072847,0.000000,2.872242,1188.072847,-1000.000000,-0.114308
2.0,1000,4,3819,0.000000,0.000000,0.000000,-2.000000,-1000.000000,-1000.000000,0.000000
2.0,1000,4,3820,0.000000,0.000000,0.000000,-2.000000,-1000.000000,-1000.000000,0.000000
2.0,1000,4,3821,0.000000,0.000000,0.000000,-2.000000,-1000.000000,-1000.000000,0.000000
2.0,1000,4,3822,28.145265,2414.595114,0.000359,26.145265,1414.595114,-999.999641,0.833853
2.0,1000,4,3823,6.999699,2151.129510,0.000285,4.999699,1151.129510,-999.999715,0.600628
2.0,1000,4,3824,0.000000,0.000000,0.000000,-2.000000,-1000.000000,-1000.000000,0.000000
2.0,1000,4,3825,7.491150,2012.773874,0.000261,5.491150,1012.773874,-999.999739,0.680065
2.0,1000,4,3826,6.393113,1921.202262,0.000000,4.393113,921.202262,-1000.000000,0.629109
2.0,1000,4,3827,4.580110,2139.562666,0.000000,2.580110,1139.562666,-1000.000000,0.670681
2.0,1000,4,3828,5.234721,1695.807716,0.000175,3.234721,695.807716,-999.999825,0.884219
2.0,1000,4,3829,0.000000,0.000000,0.000000,-2.000000,-1000.000000,-1000.000000,0.000000
2.0,1000,4,3830,0.000000,0.000000,0.000000,-2.000000,-1000.000000,-1000.000000,0.000000
2.0,1000,4,3831,0.000000,0.000000,0.000000,-2.000000,-1000.000000,-1000.000000,0.000000
2.0,1000,4,3832,0.000000,0.000000,0.000000,-2.000000,-1000.000000,-1000.000000,0.000000
2.0,1000,4,3833,0.000000,0.000000,0.000000,-2.000000,-1000.000000,-1000.000000,0.000000
2.0,1000,4,3834,0.000000,0.000000,0.000000,-2.000000,-1000.000000,-1000.000000,0.000000
2.0,1000,4,3835,9.018433,2182.985071,0.000000,7.018433,1182.985071,-1000.000000,0.218979
2.0,1000,4,3836,18.429860,2250.554042,0.000222,16.429860,1250.554042,-999.999778,0.651786
2.0,1000,4,3837,0.000000,0.000000,0.000000,-2.000000,-1000.000000,-1000.000000,0.000000
2.0,1000,4,3838,4.847844,1943.385162,0.000000,2.847844,943.385162,-1000.000000,0.745647
2.0,1000,4,3839,0.000000,0.000000,0.000000,-2.000000,-1000.000000,-1000.000000,0.000000
2.0,1000,4,3840,4.648157,1685.265531,0.000246,2.648157,685.265531,-999.999754,0.582631
2.0,1000,4,3841,4.740141,2098.573775,0.000000,2.740141,1098.573775,-1000.000000,0.399384
2.0,1000,4,3842,5.561555,1976.579499,0.000349,3.561555,976.579499,-999.999651,0.655798
2.0,1000,4,3843,0.000000,0.000000,0.000000,-2.000000,-1000.000000,-1000.000000,0.000000
2.0,1000,4,3844,5.079930,2249.422498,0.000000,3.079930,1249.422498,-1000.000000,-0.021805
2.0,1000,4,3845,0.000000,0.000000,0.000000,-2.000000,-1000.000000,-1000.000000,0.000000
2.0,1000,4,3846,7.354185,1996.969305,0.000340,5.354185,996.969305,-999.999660,0.649663
2.0,1000,4,3847,0.000000,0.000000,0.000000,-2.000000,-1000.000000,-1000.000000,0.000000
2.0,1000,4,3848,8.408447,1755.394585,0.000110,6.408447,755.394585,-999.999890,0.721485
2.0,1000,4,3849,6.325418,1894.996889,0.000000,4.325418,894.996889,-1000.000000,0.522371
2.0,1000,4,3850,3.560500,2697.503535,0.000000,1.560500,1697.503535,-1000.000000,0.688326
2.0,1000,4,3851,10.837199,2087.290713,0.000000,8.837199,1087.290713,-1000.000000,-0.126203
2.0,1000,4,3852,8.454215,2046.172042,0.000107,6.454215,1046.172042,-999.999893,0.789257
2.0,1000,4,3853,0.000000,0.000000,0.000000,-2.000000,-1000.000000,-1000.000000,0.000000
2.0,1000,4,3854,9.406491,1699.020866,0.000201,7.406491,699.020866,-999.999799,0.576295
2.0,1000,4,3855,4.218580,1977.324455,0.000481,2.218580,977.324455,-999.999519,0.642642
2.0,1000,4,3856,0.000000,0.000000,0.000000,-2.000000,-1000.000000,-1000.000000,0.000000
2.0,1000,4,3857,7.549181,1710.150735,0.000747,5.549181,710.150735,-999.999253,0.615459
2.0,1000,4,3858,0.000000,0.000000,0.000000,-2.000000,-1000.000000,-1000.000000,0.000000
2.0,1000,4,3859,0.000000,0.000000,0.000000,-2.000000,-1000.000000,-1000.000000,0.000000
2.0,1000,4,3860,0.000000,0.000000,0.000000,-2.000000,-1000.000000,-1000.000000,0.000000
2.0,1000,4,3861,4.770551,2367.773441,0.000617,2.770551,1367.773441,-999.999383,0.689354
2.0,1000,4,3862,0.000000,0.000000,0.000000,-2.000000,-1000.000000,-1000.000000,0.000000
2.0,1000,4,3863,0.000000,0.000000,0.000000,-2.000000,-1000.000000,-1000.000000,0.000000
2.0,1000,4,3864,0.000000,0.000000,0.000000,-2.000000,-1000.000000,-1000.000000,0.000000
2.0,1000,4,3865,7.435237,2059.906879,0.000079,5.435237,1059.906879,-999.999921,0.828348
2.0,1000,4,3866,4.579252,2022.934270,0.000000,2.579252,1022.934270,-1000.000000,0.509406
2.0,1000,4,3867,0.000000,0.000000,0.000000,-2.000000,-1000.000000,-1000.000000,0.000000
2.0,1000,4,3868,6.546309,2230.495095,0.000000,4.546309,1230.495095,-1000.000000,0.462099
2.0,1000,4,3869,0.000000,0.000000,0.000000,-2.000000,-1000.000000,-1000.000000,0.000000
2.0,1000,4,3870,17.439774,1600.027255,0.000201,15.439774,600.027255,-999.999799,0.840721
2.0,1000,4,3871,8.029308,1498.780950,0.000332,6.029308,498.780950,-999.999668,0.652646
2.0,1000,4,3872,16.911756,1918.322438,0.000319,14.911756,918.322438,-999.999681,0.711815
2.0,1000,4,3873,0.000000,0.000000,0.000000,-2.000000,-1000.000000,-1000.000000,0.000000
2.0,1000,4,3874,8.284097,2276.474918,0.000000,6.284097,1276.474918,-1000.000000,0.498230
2.0,1000,4,3875,16.459075,1572.807523,0.000893,14.459075,572.807523,-999.999107,0.059511
2.0,1000,4,3876,0.000000,0.000000,0.000000,-2.000000,-1000.000000,-1000.000000,0.000000
2.0,1000,4,3877,0.000000,0.000000,0.000000,-2.000000,-1000.000000,-1000.000000,0.000000
2.0,1000,4,3878,0.000000,0.000000,0.000000,-2.000000,-1000.000000,-1000.000000,0.000000
2.0,1000,4,3879,0.000000,0.000000,0.000000,-2.000000,-1000.000000,-1000.000000,0.000000
2.0,1000,4,3880,7.882438,1667.732391,0.000285,5.882438,667.732391,-999.999715,0.358516
2.0,1000,4,3881,4.001531,2064.976433,0.000653,2.001531,1064.976433,-999.999347,0.742842
2.0,1000,4,3882,0.000000,0.000000,0.000000,-2.000000,-1000.000000,-1000.000000,0.000000
2.0,1000,4,3883,17.578310,2153.117811,0.000000,15.578310,1153.117811,-1000.000000,0.136486
2.0,1000,4,3884,0.000000,0.000000,0.000000,-2.000000,-1000.000000,-1000.000000,0.000000
2.0,1000,4,3885,0.000000,0.000000,0.000000,-2.000000,-1000.000000,-1000.000000,0.000000
2.0,1000,4,3886,0.000000,0.000000,0.000000,-2.000000,-1000.000000,-1000.000000,0.000000
2.0,1000,4,3887,1.981356,670.189456,996.470870,-0.018644,-329.810544,-3.529130,0.510311
2.0,1000,4,3888,0.000000,0.000000,0.000000,-2.000000,-1000.000000,-1000.000000,0.000000
2.0,1000,4,3889,6.280314,2415.178987,0.000324,4.280314,1415.178987,-999.999676,0.680877
2.0,1000,4,3890,0.000000,0.000000,0.000000,-2.000000,-1000.000000,-1000.000000,0.000000
2.0,1000,4,3891,7.110613,2022.319474,0.000253,5.110613,1022.319474,-999.999747,0.681590
2.0,1000,4,3892,0.000000,0.000000,0.000000,-2.000000,-1000.000000,-1000.000000,0.000000
2.0,1000,4,3893,12.713033,1964.362718,0.000020,10.713033,964.362718,-999.999980,0.691257
2.0,1000,4,3894,7.238745,2061.053742,0.000340,5.238745,1061.053742,-999.999660,0.658835
2.0,1000,4,3895,0.000000,0.000000,0.000000,-2.000000,-1000.000000,-1000.000000,0.000000
2.0,1000,4,3896,0.000000,0.000000,0.000000,-2.000000,-1000.000000,-1000.000000,0.000000
2.0,1000,4,3897,0.000000,0.000000,0.000000,-2.000000,-1000.000000,-1000.000000,0.000000
2.0,1000,4,3898,6.589552,1883.081398,0.000000,4.589552,883.081398,-1000.000000,0.343398
2.0,1000,4,3899,0.000000,0.000000,0.000000,-2.000000,-1000.000000,-1000.000000,0.000000
2.0,1000,4,3900,0.000000,0.000000,0.000000,-2.000000,-1000.000000,-1000.000000,0.000000
2.0,1000,4,3901,0.000000,0.000000,0.000000,-2.000000,-1000.000000,-1000.000000,0.000000
2.0,1000,4,3902,0.000000,0.000000,0.000000,-2.000000,-1000.000000,-1000.000000,0.000000
2.0,1000,4,3903,7.665860,2309.382554,0.000119,5.665860,1309.382554,-999.999881,0.851612
2.0,1000,4,3904,0.000000,0.000000,0.000000,-2.000000,-1000.000000,-1000.000000,0.000000
2.0,1000,4,3905,0.000000,0.000000,0.000000,-2.000000,-1000.000000,-1000.000000,0.000000
2.0,1000,4,3906,0.000000,0.000000,0.000000,-2.000000,-1000.000000,-1000.000000,0.000000
2.0,1000,4,3907,0.000000,0.000000,0.000000,-2.000000,-1000.000000,-1000.000000,0.000000
2.0,1000,4,3908,17.229493,1741.863071,0.000331,15.229493,741.863071,-999.999669,0.620781
2.0,1000,4,3909,0.000000,0.000000,0.000000,-2.000000,-1000.000000,-1000.000000,0.000000
2.0,1000,4,3910,0.000000,0.000000,0.000000,-2.000000,-1000.000000,-1000.000000,0.000000
2.0,1000,4,3911,0.000000,0.000000,0.000000,-2.000000,-1000.000000,-1000.000000,0.000000
2.0,1000,4,3912,0.000000,0.000000,0.000000,-2.000000,-1000.000000,-1000.000000,0.000000
2.0,1000,4,3913,0.000000,0.000000,0.000000,-2.000000,-1000.000000,-1000.000000,0.000000
2.0,1000,4,3914,0.000000,0.000000,0.000000,-2.000000,-1000.000000,-1000.000000,0.000000
2.0,1000,4,3915,0.000000,0.000000,0.000000,-2.000000,-1000.000000,-1000.000000,0.000000
2.0,1000,4,3916,11.431208,1853.728844,0.000101,9.431208,853.728844,-999.999899,0.715129
2.0,1000,4,3917,7.662656,1915.733276,0.000262,5.662656,915.733276,-999.999738,0.783486
2.0,1000,4,3918,6.669841,2115.965557,0.000346,4.669841,1115.965557,-999.999654,0.595983
2.0,1000,4,3919,15.239534,1883.442238,0.000018,13.239534,883.442238,-999.999982,0.405619
2.0,1000,4,3920,12.294225,1981.965259,0.000450,10.294225,981.965259,-999.999550,0.808101
2.0,1000,4,3921,7.104145,1725.405532,0.000331,5.104145,725.405532,-999.999669,0.807867
2.0,1000,4,3922,0.000000,0.000000,0.000000,-2.000000,-1000.000000,-1000.000000,0.000000
2.0,1000,4,3923,13.909526,1847.227647,0.000000,11.909526,847.227647,-1000.000000,0.028212
2.0,1000,4,3924,7.896157,1926.892184,0.000241,5.896157,926.892184,-999.999759,0.274610
2.0,1000,4,3925,4.766880,1934.821593,0.000000,2.766880,934.821593,-1000.000000,0.672786
2.0,1000,4,3926,6.103144,1624.557360,0.000339,4.103144,624.557360,-999.999661,0.649742
2.0,1000,4,3927,7.833234,1577.465493,0.000000,5.833234,577.465493,-1000.000000,0.697487
2.0,1000,4,3928,14.940569,1958.234023,0.000000,12.940569,958.234023,-1000.000000,0.508382
2.0,1000,4,3929,8.877353,2025.879639,0.000180,6.877353,1025.879639,-999.999820,0.670349
2.0,1000,4,3930,0.000000,0.000000,0.000000,-2.000000,-1000.000000,-1000.000000,0.000000
2.0,1000,4,3931,0.000000,0.000000,0.000000,-2.000000,-1000.000000,-1000.000000,0.000000
2.0,1000,4,3932,0.000000,0.000000,0.000000,-2.000000,-1000.000000,-1000.000000,0.000000
2.0,1000,4,3933,0.000000,0.000000,0.000000,-2.000000,-1000.000000,-1000.000000,0.000000
2.0,1000,4,3934,0.000000,0.000000,0.000000,-2.000000,-1000.000000,-1000.000000,0.000000
2.0,1000,4,3935,6.955226,2797.972895,0.000433,4.955226,1797.972895,-999.999567,0.588187
2.0,1000,4,3936,0.000000,0.000000,0.000000,-2.000000,-1000.000000,-1000.000000,0.000000
2.0,1000,4,3937,0.000000,0.000000,0.000000,-2.000000,-1000.000000,-1000.000000,0.000000
2.0,1000,4,3938,0.000000,0.000000,0.000000,-2.000000,-1000.000000,-1000.000000,0.000000
2.0,1000,4,3939,0.000000,0.000000,0.000000,-2.000000,-1000.000000,-1000.000000,0.000000
2.0,1000,4,3940,0.000000,0.000000,0.000000,-2.000000,-1000.000000,-1000.000000,0.000000
2.0,1000,4,3941,0.000000,0.000000,0.000000,-2.000000,-1000.000000,-1000.000000,0.000000
2.0,1000,4,3942,8.359757,1864.928412,0.000276,6.359757,864.928412,-999.999724,0.884921
2.0,1000,4,3943,8.533896,2094.309618,0.000050,6.533896,1094.309618,-999.999950,0.850781
2.0,1000,4,3944,0.000000,0.000000,0.000000,-2.000000,-1000.000000,-1000.000000,0.000000
2.0,1000,4,3945,6.475552,2005.185694,0.000000,4.475552,1005.185694,-1000.000000,0.246128
2.0,1000,4,3946,14.695711,1763.971660,0.000246,12.695711,763.971660,-999.999754,0.760565
2.0,1000,4,3947,10.727846,1933.259762,0.000065,8.727846,933.259762,-999.999935,0.890492
2.0,1000,4,3948,0.000000,0.000000,0.000000,-2.000000,-1000.000000,-1000.000000,0.000000
2.0,1000,4,3949,0.000000,0.000000,0.000000,-2.000000,-1000.000000,-1000.000000,0.000000
2.0,1000,4,3950,7.893007,2040.629738,0.000046,5.893007,1040.629738,-999.999954,0.728229
2.0,1000,4,3951,19.486228,1861.713013,0.000107,17.486228,861.713013,-999.999893,0.833674
2.0,1000,4,3952,14.529265,1751.898106,0.000018,12.529265,751.898106,-999.999982,0.278024
2.0,1000,4,3953,0.000000,0.000000,0.000000,-2.000000,-1000.000000,-1000.000000,0.000000
2.0,1000,4,3954,0.000000,0.000000,0.000000,-2.000000,-1000.000000,-1000.000000,0.000000
2.0,1000,4,3955,0.000000,0.000000,0.000000,-2.000000,-1000.000000,-1000.000000,0.000000
2.0,1000,4,3956,0.000000,0.000000,0.000000,-2.000000,-1000.000000,-1000.000000,0.000000
2.0,1000,4,3957,0.000000,0.000000,0.000000,-2.000000,-1000.000000,-1000.000000,0.000000
2.0,1000,4,3958,20.396496,2110.795913,0.000042,18.396496,1110.795913,-999.999958,0.651895
2.0,1000,4,3959,6.469075,1865.832288,0.000179,4.469075,865.832288,-999.999821,0.827369
2.0,1000,4,3960,6.275013,2406.212813,0.000148,4.275013,1406.212813,-999.999852,0.809939
2.0,1000,4,3961,0.000000,0.000000,0.000000,-2.000000,-1000.000000,-1000.000000,0.000000
2.0,1000,4,3962,0.000000,0.000000,0.000000,-2.000000,-1000.000000,-1000.000000,0.000000
2.0,1000,4,3963,0.000000,0.000000,0.000000,-2.000000,-1000.000000,-1000.000000,0.000000
2.0,1000,4,3964,0.000000,0.000000,0.000000,-2.000000,-1000.000000,-1000.000000,0.000000
2.0,1000,4,3965,9.979346,1673.480957,0.000103,7.979346,673.480957,-999.999897,0.758125
2.0,1000,4,3966,7.270082,1697.210286,0.000221,5.270082,697.210286,-999.999779,0.717433
2.0,1000,4,3967,2.041440,725.845507,1145.347913,0.041440,-274.154493,145.347913,0.534042
2.0,1000,4,3968,5.396627,2287.815702,0.000000,3.396627,1287.815702,-1000.000000,0.449798
2.0,1000,4,3969,0.000000,0.000000,0.000000,-2.000000,-1000.000000,-1000.000000,0.000000
2.0,1000,4,3970,0.000000,0.000000,0.000000,-2.000000,-1000.000000,-1000.000000,0.000000
2.0,1000,4,3971,14.807704,1916.581258,0.000198,12.807704,916.581258,-999.999802,0.830704
2.0,1000,4,3972,0.000000,0.000000,0.000000,-2.000000,-1000.000000,-1000.000000,0.000000
2.0,1000,4,3973,0.000000,0.000000,0.000000,-2.000000,-1000.000000,-1000.000000,0.000000
2.0,1000,4,3974,8.951386,1803.993969,0.000200,6.951386,803.993969,-999.999800,0.536614
2.0,1000,4,3975,0.000000,0.000000,0.000000,-2.000000,-1000.000000,-1000.000000,0.000000
2.0,1000,4,3976,6.202470,2016.615338,0.000240,4.202470,1016.615338,-999.999760,0.756117
2.0,1000,4,3977,8.960731,1576.943891,0.000132,6.960731,576.943891,-999.999868,0.785358
2.0,1000,4,3978,0.000000,0.000000,0.000000,-2.000000,-1000.000000,-1000.000000,0.000000
2.0,1000,4,3979,11.965521,1531.170611,0.000193,9.965521,531.170611,-999.999807,0.750521
2.0,1000,4,3980,4.953894,2140.191410,0.000625,2.953894,1140.191410,-999.999375,0.702882
2.0,1000,4,3981,0.000000,0.000000,0.000000,-2.000000,-1000.000000,-1000.000000,0.000000
2.0,1000,4,3982,0.000000,0.000000,0.000000,-2.000000,-1000.000000,-1000.000000,0.000000
2.0,1000,4,3983,0.000000,0.000000,0.000000,-2.000000,-1000.000000,-1000.000000,0.000000
2.0,1000,4,3984,0.000000,0.000000,0.000000,-2.000000,-1000.000000,-1000.000000,0.000000
2.0,1000,4,3985,0.000000,0.000000,0.000000,-2.000000,-1000.000000,-1000.000000,0.000000
2.0,1000,4,3986,0.000000,0.000000,0.000000,-2.000000,-1000.000000,-1000.000000,0.000000
2.0,1000,4,3987,0.000000,0.000000,0.000000,-2.000000,-1000.000000,-1000.000000,0.000000
2.0,1000,4,3988,11.726033,2099.543363,0.000000,9.726033,1099.543363,-1000.000000,-0.463579
2.0,1000,4,3989,0.000000,0.000000,0.000000,-2.000000,-1000.000000,-1000.000000,0.000000
2.0,1000,4,3990,0.000000,0.000000,0.000000,-2.000000,-1000.000000,-1000.000000,0.000000
2.0,1000,4,3991,7.680269,2012.745403,0.000340,5.680269,1012.745403,-999.999660,0.736281
2.0,1000,4,3992,0.000000,0.000000,0.000000,-2.000000,-1000.000000,-1000.000000,0.000000
2.0,1000,4,3993,0.000000,0.000000,0.000000,-2.000000,-1000.000000,-1000.000000,0.000000
2.0,1000,4,3994,6.156573,2003.554486,0.000000,4.156573,1003.554486,-1000.000000,-0.409474
2.0,1000,4,3995,9.197772,1680.601590,0.000000,7.197772,680.601590,-1000.000000,0.552001
2.0,1000,4,3996,0.000000,0.000000,0.000000,-2.000000,-1000.000000,-1000.000000,0.000000
2.0,1000,4,3997,0.000000,0.000000,0.000000,-2.000000,-1000.000000,-1000.000000,0.000000
2.0,1000,4,3998,0.000000,0.000000,0.000000,-2.000000,-1000.000000,-1000.000000,0.000000
2.0,1000,4,3999,0.000000,0.000000,0.000000,-2.000000,-1000.000000,-1000.000000,0.000000
2.0,1000,4,4000,0.000000,0.000000,0.000000,-2.000000,-1000.000000,-1000.000000,0.000000
2.0,1000,4,4001,0.000000,0.000000,0.000000,-2.000000,-1000.000000,-1000.000000,0.000000
2.0,1000,4,4002,0.000000,0.000000,0.000000,-2.000000,-1000.000000,-1000.000000,0.000000
2.0,1000,4,4003,7.504946,2057.041122,0.000235,5.504946,1057.041122,-999.999765,0.705086
2.0,1000,4,4004,0.000000,0.000000,0.000000,-2.000000,-1000.000000,-1000.000000,0.000000
2.0,1000,4,4005,0.000000,0.000000,0.000000,-2.000000,-1000.000000,-1000.000000,0.000000
2.0,1000,4,4006,4.253611,2317.257655,0.000653,2.253611,1317.257655,-999.999347,0.720427
2.0,1000,4,4007,0.000000,0.000000,0.000000,-2.000000,-1000.000000,-1000.000000,0.000000
2.0,1000,4,4008,7.228324,2014.837162,0.000000,5.228324,1014.837162,-1000.000000,-0.013056
2.0,1000,4,4009,0.000000,0.000000,0.000000,-2.000000,-1000.000000,-1000.000000,0.000000
2.0,1000,4,4010,7.147833,1900.452485,0.000066,5.147833,900.452485,-999.999934,0.857010
2.0,1000,4,4011,0.000000,0.000000,0.000000,-2.000000,-1000.000000,-1000.000000,0.000000
2.0,1000,4,4012,10.149440,1971.431705,0.000000,8.149440,971.431705,-1000.000000,0.068574
2.0,1000,4,4013,0.000000,0.000000,0.000000,-2.000000,-1000.000000,-1000.000000,0.000000
2.0,1000,4,4014,0.000000,0.000000,0.000000,-2.000000,-1000.000000,-1000.000000,0.000000
2.0,1000,4,4015,0.000000,0.000000,0.000000,-2.000000,-1000.000000,-1000.000000,0.000000
2.0,1000,4,4016,0.000000,0.000000,0.000000,-2.000000,-1000.000000,-1000.000000,0.000000
2.0,1000,4,4017,5.366134,2099.599077,0.000303,3.366134,1099.599077,-999.999697,0.731090
2.0,1000,4,4018,15.740666,2054.348449,0.000159,13.740666,1054.348449,-999.999841,0.425018
2.0,1000,4,4019,0.000000,0.000000,0.000000,-2.000000,-1000.000000,-1000.000000,0.000000
2.0,1000,4,4020,7.315043,1864.515234,0.000000,5.315043,864.515234,-1000.000000,0.257330
2.0,1000,4,4021,0.000000,0.000000,0.000000,-2.000000,-1000.000000,-1000.000000,0.000000
2.0,1000,4,4022,0.000000,0.000000,0.000000,-2.000000,-1000.000000,-1000.000000,0.000000
2.0,1000,4,4023,46.992973,1747.815314,0.000110,44.992973,747.815314,-999.999890,0.665977
2.0,1000,4,4024,30.888717,1349.023635,0.000023,28.888717,349.023635,-999.999977,0.827565
2.0,1000,4,4025,0.000000,0.000000,0.000000,-2.000000,-1000.000000,-1000.000000,0.000000
2.0,1000,4,4026,0.000000,0.000000,0.000000,-2.000000,-1000.000000,-1000.000000,0.000000
2.0,1000,4,4027,13.070438,1953.850305,0.000000,11.070438,953.850305,-1000.000000,0.399626
2.0,1000,4,4028,8.769457,2029.111679,0.000486,6.769457,1029.111679,-999.999514,0.844923
2.0,1000,4,4029,8.397217,2369.235498,0.000342,6.397217,1369.235498,-999.999658,0.728840
2.0,1000,4,4030,0.000000,0.000000,0.000000,-2.000000,-1000.000000,-1000.000000,0.000000
2.0,1000,4,4031,0.000000,0.000000,0.000000,-2.000000,-1000.000000,-1000.000000,0.000000
2.0,1000,4,4032,0.000000,0.000000,0.000000,-2.000000,-1000.000000,-1000.000000,0.000000
2.0,1000,4,4033,0.000000,0.000000,0.000000,-2.000000,-1000.000000,-1000.000000,0.000000
2.0,1000,4,4034,9.271004,1738.097531,0.000102,7.271004,738.097531,-999.999898,0.710147
2.0,1000,4,4035,6.370835,2146.841947,0.000000,4.370835,1146.841947,-1000.000000,0.248602
2.0,1000,4,4036,0.000000,0.000000,0.000000,-2.000000,-1000.000000,-1000.000000,0.000000
2.0,1000,4,4037,9.643740,2170.767281,0.000108,7.643740,1170.767281,-999.999892,0.780979
2.0,1000,4,4038,0.000000,0.000000,0.000000,-2.000000,-1000.000000,-1000.000000,0.000000
2.0,1000,4,4039,16.094080,1543.923729,0.001622,14.094080,543.923729,-999.998378,0.035555
2.0,1000,4,4040,0.000000,0.000000,0.000000,-2.000000,-1000.000000,-1000.000000,0.000000
2.0,1000,4,4041,0.000000,0.000000,0.000000,-2.000000,-1000.000000,-1000.000000,0.000000
2.0,1000,4,4042,0.000000,0.000000,0.000000,-2.000000,-1000.000000,-1000.000000,0.000000
2.0,1000,4,4043,0.000000,0.000000,0.000000,-2.000000,-1000.000000,-1000.000000,0.000000
2.0,1000,4,4044,0.000000,0.000000,0.000000,-2.000000,-1000.000000,-1000.000000,0.000000
2.0,1000,4,4045,6.918226,1601.622761,0.000161,4.918226,601.622761,-999.999839,0.719250
2.0,1000,4,4046,2.358169,546.175350,1257.903331,0.358169,-453.824650,257.903331,0.553607
2.0,1000,4,4047,5.540094,2090.729468,0.000000,3.540094,1090.729468,-1000.000000,0.249663
2.0,1000,4,4048,6.802579,2008.483594,0.001162,4.802579,1008.483594,-999.998838,0.156411
2.0,1000,4,4049,6.960220,2046.930694,0.000268,4.960220,1046.930694,-999.999732,0.633577
2.0,1000,4,4050,8.231071,2459.286187,0.000000,6.231071,1459.286187,-1000.000000,0.400443
2.0,1000,4,4051,0.000000,0.000000,0.000000,-2.000000,-1000.000000,-1000.000000,0.000000
2.0,1000,4,4052,18.660006,2024.294883,0.000343,16.660006,1024.294883,-999.999657,0.449889
2.0,1000,4,4053,11.502574,1844.578215,0.000444,9.502574,844.578215,-999.999556,0.778022
2.0,1000,4,4054,9.214214,2079.465648,0.000091,7.214214,1079.465648,-999.999909,0.787324
2.0,1000,4,4055,0.000000,0.000000,0.000000,-2.000000,-1000.000000,-1000.000000,0.000000
2.0,1000,4,4056,6.503430,1974.791652,0.000022,4.503430,974.791652,-999.999978,0.802388
2.0,1000,4,4057,0.000000,0.000000,0.000000,-2.000000,-1000.000000,-1000.000000,0.000000
2.0,1000,4,4058,0.000000,0.000000,0.000000,-2.000000,-1000.000000,-1000.000000,0.000000
2.0,1000,4,4059,14.710838,2352.026174,0.000000,12.710838,1352.026174,-1000.000000,0.054948
2.0,1000,4,4060,5.254806,2180.702571,0.000332,3.254806,1180.702571,-999.999668,0.848805
2.0,1000,4,4061,2.000340,1359.548314,968.181328,0.000340,359.548314,-31.818672,0.586586
2.0,1000,4,4062,9.755648,2114.028656,0.000174,7.755648,1114.028656,-999.999826,0.733561
2.0,1000,4,4063,8.021883,2266.797890,0.000264,6.021883,1266.797890,-999.999736,0.287354
2.0,1000,4,4064,0.000000,0.000000,0.000000,-2.000000,-1000.000000,-1000.000000,0.000000
2.0,1000,4,4065,17.328013,1773.627878,0.000128,15.328013,773.627878,-999.999872,0.852310
2.0,1000,4,4066,0.000000,0.000000,0.000000,-2.000000,-1000.000000,-1000.000000,0.000000
2.0,1000,4,4067,7.295021,1781.186136,0.000288,5.295021,781.186136,-999.999712,0.758672
2.0,1000,4,4068,7.426686,2114.351655,0.000100,5.426686,1114.351655,-999.999900,0.870610
2.0,1000,4,4069,6.297335,2050.945607,0.000000,4.297335,1050.945607,-1000.000000,0.395959
2.0,1000,4,4070,2.502888,653.511948,966.802459,0.502888,-346.488052,-33.197541,0.617658
2.0,1000,4,4071,0.000000,0.000000,0.000000,-2.000000,-1000.000000,-1000.000000,0.000000
2.0,1000,4,4072,8.537792,1763.761213,0.000061,6.537792,763.761213,-999.999939,0.471622
2.0,1000,4,4073,6.427535,2044.646005,0.000000,4.427535,1044.646005,-1000.000000,0.401317
2.0,1000,4,4074,0.000000,0.000000,0.000000,-2.000000,-1000.000000,-1000.000000,0.000000
2.0,1000,4,4075,10.511252,2807.899675,0.000099,8.511252,1807.899675,-999.999901,0.727871
2.0,1000,4,4076,7.520945,2123.249408,0.000318,5.520945,1123.249408,-999.999682,0.689998
2.0,1000,4,4077,8.950735,1693.096250,0.000000,6.950735,693.096250,-1000.000000,0.477072
2.0,1000,4,4078,0.000000,0.000000,0.000000,-2.000000,-1000.000000,-1000.000000,0.000000
2.0,1000,4,4079,7.027986,1722.485317,0.000000,5.027986,722.485317,-1000.000000,0.274323
2.0,1000,4,4080,0.000000,0.000000,0.000000,-2.000000,-1000.000000,-1000.000000,0.000000
2.0,1000,4,4081,0.000000,0.000000,0.000000,-2.000000,-1000.000000,-1000.000000,0.000000
2.0,1000,4,4082,0.000000,0.000000,0.000000,-2.000000,-1000.000000,-1000.000000,0.000000
2.0,1000,4,4083,7.858298,1978.920639,0.000244,5.858298,978.920639,-999.999756,0.256525
2.0,1000,4,4084,0.000000,0.000000,0.000000,-2.000000,-1000.000000,-1000.000000,0.000000
2.0,1000,4,4085,14.653080,1768.323660,0.000052,12.653080,768.323660,-999.999948,0.802133
2.0,1000,4,4086,0.000000,0.000000,0.000000,-2.000000,-1000.000000,-1000.000000,0.000000
2.0,1000,4,4087,5.386710,2377.402970,0.002185,3.386710,1377.402970,-999.997815,0.368801
2.0,1000,4,4088,0.000000,0.000000,0.000000,-2.000000,-1000.000000,-1000.000000,0.000000
2.0,1000,4,4089,0.000000,0.000000,0.000000,-2.000000,-1000.000000,-1000.000000,0.000000
2.0,1000,4,4090,7.190194,1963.550033,0.000262,5.190194,963.550033,-999.999738,0.745574
2.0,1000,4,4091,12.618383,1671.105814,0.000133,10.618383,671.105814,-999.999867,0.516995
2.0,1000,4,4092,43.290480,1921.191865,0.000030,41.290480,921.191865,-999.999970,0.581791
2.0,1000,4,4093,9.121699,1580.011590,0.000000,7.121699,580.011590,-1000.000000,-0.365084
2.0,1000,4,4094,0.000000,0.000000,0.000000,-2.000000,-1000.000000,-1000.000000,0.000000
2.0,1000,4,4095,0.000000,0.000000,0.000000,-2.000000,-1000.000000,-1000.000000,0.000000
2.0,1000,4,4096,0.000000,0.000000,0.000000,-2.000000,-1000.000000,-1000.000000,0.000000
2.0,1000,4,4097,0.000000,0.000000,0.000000,-2.000000,-1000.000000,-1000.000000,0.000000
2.0,1000,4,4098,0.000000,0.000000,0.000000,-2.000000,-1000.000000,-1000.000000,0.000000
2.0,1000,4,4099,7.559723,1798.251342,0.000000,5.559723,798.251342,-1000.000000,0.653217
2.0,1000,4,4100,6.008894,2438.808161,0.000309,4.008894,1438.808161,-999.999691,0.839352
2.0,1000,4,4101,12.896773,1949.558672,0.000000,10.896773,949.558672,-1000.000000,0.700283
2.0,1000,4,4102,12.261080,2075.298192,0.000038,10.261080,1075.298192,-999.999962,0.836967
2.0,1000,4,4103,0.000000,0.000000,0.000000,-2.000000,-1000.000000,-1000.000000,0.000000
2.0,1000,4,4104,7.277129,1862.030141,0.000000,5.277129,862.030141,-1000.000000,-0.221172
2.0,1000,4,4105,0.000000,0.000000,0.000000,-2.000000,-1000.000000,-1000.000000,0.000000
2.0,1000,4,4106,0.000000,0.000000,0.000000,-2.000000,-1000.000000,-1000.000000,0.000000
2.0,1000,4,4107,9.179319,2002.530841,0.000133,7.179319,1002.530841,-999.999867,0.774639
2.0,1000,4,4108,0.000000,0.000000,0.000000,-2.000000,-1000.000000,-1000.000000,0.000000
2.0,1000,4,4109,0.000000,0.000000,0.000000,-2.000000,-1000.000000,-1000.000000,0.000000
2.0,1000,4,4110,0.000000,0.000000,0.000000,-2.000000,-1000.000000,-1000.000000,0.000000
2.0,1000,4,4111,5.841982,1920.393521,0.000311,3.841982,920.393521,-999.999689,0.618933
2.0,1000,4,4112,0.000000,0.000000,0.000000,-2.000000,-1000.000000,-1000.000000,0.000000
2.0,1000,4,4113,8.644447,2427.766151,0.000102,6.644447,1427.766151,-999.999898,0.677969
2.0,1000,4,4114,0.000000,0.000000,0.000000,-2.000000,-1000.000000,-1000.000000,0.000000
2.0,1000,4,4115,0.000000,0.000000,0.000000,-2.000000,-1000.000000,-1000.000000,0.000000
2.0,1000,4,4116,7.788429,1566.501916,0.000228,5.788429,566.501916,-999.999772,0.713012
2.0,1000,4,4117,0.000000,0.000000,0.000000,-2.000000,-1000.000000,-1000.000000,0.000000
2.0,1000,4,4118,13.966541,2217.135969,0.000000,11.966541,1217.135969,-1000.000000,0.154123
2.0,1000,4,4119,6.617767,1932.825114,0.000237,4.617767,932.825114,-999.999763,0.903333
2.0,1000,4,4120,7.763284,2429.872545,0.000000,5.763284,1429.872545,-1000.000000,0.170393
2.0,1000,4,4121,6.802683,1616.967995,0.000469,4.802683,616.967995,-999.999531,0.559046
2.0,1000,4,4122,0.000000,0.000000,0.000000,-2.000000,-1000.000000,-1000.000000,0.000000
2.0,1000,4,4123,0.000000,0.000000,0.000000,-2.000000,-1000.000000,-1000.000000,0.000000
2.0,1000,4,4124,8.681030,2081.105081,0.000184,6.681030,1081.105081,-999.999816,0.682213
2.0,1000,4,4125,0.000000,0.000000,0.000000,-2.000000,-1000.000000,-1000.000000,0.000000
2.0,1000,4,4126,0.000000,0.000000,0.000000,-2.000000,-1000.000000,-1000.000000,0.000000
2.0,1000,4,4127,5.339640,2170.028931,0.000000,3.339640,1170.028931,-1000.000000,0.314592
2.0,1000,4,4128,6.064077,2396.632601,0.000000,4.064077,1396.632601,-1000.000000,-0.456792
2.0,1000,4,4129,12.315651,2276.948406,0.000134,10.315651,1276.948406,-999.999866,0.537746
2.0,1000,4,4130,0.000000,0.000000,0.000000,-2.000000,-1000.000000,-1000.000000,0.000000
2.0,1000,4,4131,0.000000,0.000000,0.000000,-2.000000,-1000.000000,-1000.000000,0.000000
2.0,1000,4,4132,9.424409,1903.631336,0.000309,7.424409,903.631336,-999.999691,0.695173
2.0,1000,4,4133,0.000000,0.000000,0.000000,-2.000000,-1000.000000,-1000.000000,0.000000
2.0,1000,4,4134,12.427301,1892.514486,0.000329,10.427301,892.514486,-999.999671,0.709766
2.0,1000,4,4135,21.144423,1760.052355,0.000211,19.144423,760.052355,-999.999789,-0.129660
2.0,1000,4,4136,0.000000,0.000000,0.000000,-2.000000,-1000.000000,-1000.000000,0.000000
2.0,1000,4,4137,14.728173,1563.234967,0.000331,12.728173,563.234967,-999.999669,0.899573
2.0,1000,4,4138,13.573983,2067.648914,0.000249,11.573983,1067.648914,-999.999751,0.700703
2.0,1000,4,4139,5.910988,2316.449387,0.000199,3.910988,1316.449387,-999.999801,0.524260
2.0,1000,4,4140,0.000000,0.000000,0.000000,-2.000000,-1000.000000,-1000.000000,0.000000
2.0,1000,4,4141,10.379976,1963.733119,0.000708,8.379976,963.733119,-999.999292,0.784051
2.0,1000,4,4142,0.000000,0.000000,0.000000,-2.000000,-1000.000000,-1000.000000,0.000000
2.0,1000,4,4143,18.307308,2071.044198,0.000049,16.307308,1071.044198,-999.999951,0.808957
2.0,1000,4,4144,12.145671,1988.789272,0.000045,10.145671,988.789272,-999.999955,0.640954
2.0,1000,4,4145,0.000000,0.000000,0.000000,-2.000000,-1000.000000,-1000.000000,0.000000
2.0,1000,4,4146,6.021423,2435.140675,0.000000,4.021423,1435.140675,-1000.000000,-0.289642
2.0,1000,4,4147,0.000000,0.000000,0.000000,-2.000000,-1000.000000,-1000.000000,0.000000
2.0,1000,4,4148,11.527085,2521.648925,0.000038,9.527085,1521.648925,-999.999962,0.882353
2.0,1000,4,4149,0.000000,0.000000,0.000000,-2.000000,-1000.000000,-1000.000000,0.000000
2.0,1000,4,4150,0.000000,0.000000,0.000000,-2.000000,-1000.000000,-1000.000000,0.000000
2.0,1000,4,4151,6.721825,2089.717340,0.000000,4.721825,1089.717340,-1000.000000,0.689617
2.0,1000,4,4152,0.000000,0.000000,0.000000,-2.000000,-1000.000000,-1000.000000,0.000000
2.0,1000,4,4153,6.532467,1731.512022,0.000131,4.532467,731.512022,-999.999869,0.830509
2.0,1000,4,4154,0.000000,0.000000,0.000000,-2.000000,-1000.000000,-1000.000000,0.000000
2.0,1000,4,4155,41.598331,2135.911358,0.000082,39.598331,1135.911358,-999.999918,0.867278
2.0,1000,4,4156,9.117674,2417.439128,0.000000,7.117674,1417.439128,-1000.000000,0.402872
2.0,1000,4,4157,7.384290,2278.532747,0.000052,5.384290,1278.532747,-999.999948,0.769180
2.0,1000,4,4158,0.000000,0.000000,0.000000,-2.000000,-1000.000000,-1000.000000,0.000000
2.0,1000,4,4159,13.227152,1714.995572,0.000177,11.227152,714.995572,-999.999823,0.609903
2.0,1000,4,4160,0.000000,0.000000,0.000000,-2.000000,-1000.000000,-1000.000000,0.000000
2.0,1000,4,4161,6.916349,1847.497479,0.000260,4.916349,847.497479,-999.999740,0.735187
2.0,1000,4,4162,4.093069,1564.258740,278.064423,2.093069,564.258740,-721.935577,0.679481
2.0,1000,4,4163,0.000000,0.000000,0.000000,-2.000000,-1000.000000,-1000.000000,0.000000
2.0,1000,4,4164,0.000000,0.000000,0.000000,-2.000000,-1000.000000,-1000.000000,0.000000
2.0,1000,4,4165,5.775607,1828.762971,0.000188,3.775607,828.762971,-999.999812,0.801680
2.0,1000,4,4166,18.531926,1838.459538,0.000037,16.531926,838.459538,-999.999963,0.708863
2.0,1000,4,4167,5.443246,2140.063978,0.000000,3.443246,1140.063978,-1000.000000,0.379286
2.0,1000,4,4168,11.232014,1904.643321,0.000257,9.232014,904.643321,-999.999743,0.721713
2.0,1000,4,4169,0.000000,0.000000,0.000000,-2.000000,-1000.000000,-1000.000000,0.000000
2.0,1000,4,4170,12.275217,1853.866966,0.001077,10.275217,853.866966,-999.998923,0.803615
2.0,1000,4,4171,6.666430,1699.544896,0.000091,4.666430,699.544896,-999.999909,0.872470
2.0,1000,4,4172,5.594696,2159.686052,0.000000,3.594696,1159.686052,-1000.000000,0.377990
2.0,1000,4,4173,2.652316,1330.972529,691.445592,0.652316,330.972529,-308.554408,0.592554
2.0,1000,4,4174,9.416083,2111.426048,0.000270,7.416083,1111.426048,-999.999730,0.716417
2.0,1000,4,4175,0.000000,0.000000,0.000000,-2.000000,-1000.000000,-1000.000000,0.000000
2.0,1000,4,4176,0.000000,0.000000,0.000000,-2.000000,-1000.000000,-1000.000000,0.000000
2.0,1000,4,4177,0.000000,0.000000,0.000000,-2.000000,-1000.000000,-1000.000000,0.000000
2.0,1000,4,4178,0.000000,0.000000,0.000000,-2.000000,-1000.000000,-1000.000000,0.000000
2.0,1000,4,4179,5.329052,2070.855547,0.000000,3.329052,1070.855547,-1000.000000,0.043575
2.0,1000,4,4180,0.000000,0.000000,0.000000,-2.000000,-1000.000000,-1000.000000,0.000000
2.0,1000,4,4181,0.000000,0.000000,0.000000,-2.000000,-1000.000000,-1000.000000,0.000000
2.0,1000,4,4182,6.483722,2357.160154,0.000072,4.483722,1357.160154,-999.999928,0.878491
2.0,1000,4,4183,4.780767,1861.576569,0.000000,2.780767,861.576569,-1000.000000,0.581250
2.0,1000,4,4184,0.000000,0.000000,0.000000,-2.000000,-1000.000000,-1000.000000,0.000000
2.0,1000,4,4185,0.000000,0.000000,0.000000,-2.000000,-1000.000000,-1000.000000,0.000000
2.0,1000,4,4186,7.443970,2108.555227,0.000261,5.443970,1108.555227,-999.999739,0.682964
2.0,1000,4,4187,7.107014,2071.520157,0.000000,5.107014,1071.520157,-1000.000000,0.231641
2.0,1000,4,4188,0.000000,0.000000,0.000000,-2.000000,-1000.000000,-1000.000000,0.000000
2.0,1000,4,4189,0.000000,0.000000,0.000000,-2.000000,-1000.000000,-1000.000000,0.000000
2.0,1000,4,4190,0.000000,0.000000,0.000000,-2.000000,-1000.000000,-1000.000000,0.000000
2.0,1000,4,4191,8.076581,2481.625079,0.000000,6.076581,1481.625079,-1000.000000,-0.244946
2.0,1000,4,4192,5.886365,1660.333479,0.000148,3.886365,660.333479,-999.999852,0.733901
2.0,1000,4,4193,0.000000,0.000000,0.000000,-2.000000,-1000.000000,-1000.000000,0.000000
2.0,1000,4,4194,13.346831,2039.075143,0.000143,11.346831,1039.075143,-999.999857,0.776477
2.0,1000,4,4195,0.000000,0.000000,0.000000,-2.000000,-1000.000000,-1000.000000,0.000000
2.0,1000,4,4196,0.000000,0.000000,0.000000,-2.000000,-1000.000000,-1000.000000,0.000000
2.0,1000,4,4197,0.000000,0.000000,0.000000,-2.000000,-1000.000000,-1000.000000,0.000000
2.0,1000,4,4198,0.000000,0.000000,0.000000,-2.000000,-1000.000000,-1000.000000,0.000000
2.0,1000,4,4199,14.233235,1742.441752,0.000324,12.233235,742.441752,-999.999676,0.677534
2.0,1000,4,4200,9.010820,2442.892213,0.000000,7.010820,1442.892213,-1000.000000,0.221323
2.0,1000,4,4201,0.000000,0.000000,0.000000,-2.000000,-1000.000000,-1000.000000,0.000000
2.0,1000,4,4202,5.544489,2411.358598,0.000000,3.544489,1411.358598,-1000.000000,0.618575
2.0,1000,4,4203,6.932532,1946.703953,0.000328,4.932532,946.703953,-999.999672,0.717151
2.0,1000,4,4204,0.000000,0.000000,0.000000,-2.000000,-1000.000000,-1000.000000,0.000000
2.0,1000,4,4205,0.000000,0.000000,0.000000,-2.000000,-1000.000000,-1000.000000,0.000000
2.0,1000,4,4206,0.000000,0.000000,0.000000,-2.000000,-1000.000000,-1000.000000,0.000000
2.0,1000,4,4207,0.000000,0.000000,0.000000,-2.000000,-1000.000000,-1000.000000,0.000000
2.0,1000,4,4208,7.354385,2317.902447,0.000066,5.354385,1317.902447,-999.999934,0.797276
2.0,1000,4,4209,0.000000,0.000000,0.000000,-2.000000,-1000.000000,-1000.000000,0.000000
2.0,1000,4,4210,0.000000,0.000000,0.000000,-2.000000,-1000.000000,-1000.000000,0.000000
2.0,1000,4,4211,0.000000,0.000000,0.000000,-2.000000,-1000.000000,-1000.000000,0.000000
2.0,1000,4,4212,2.402482,1321.148242,757.258243,0.402482,321.148242,-242.741757,0.548749
2.0,1000,4,4213,7.862993,2402.409089,0.000240,5.862993,1402.409089,-999.999760,0.687733
2.0,1000,4,4214,38.175868,1897.565566,0.000224,36.175868,897.565566,-999.999776,0.632488
2.0,1000,4,4215,7.311907,2044.901764,0.000339,5.311907,1044.901764,-999.999661,0.691679
2.0,1000,4,4216,0.000000,0.000000,0.000000,-2.000000,-1000.000000,-1000.000000,0.000000
2.0,1000,4,4217,4.769558,2153.593045,226.225555,2.769558,1153.593045,-773.774445,0.737862
2.0,1000,4,4218,6.419789,2045.982554,0.000044,4.419789,1045.982554,-999.999956,0.878425
2.0,1000,4,4219,0.000000,0.000000,0.000000,-2.000000,-1000.000000,-1000.000000,0.000000
2.0,1000,4,4220,0.000000,0.000000,0.000000,-2.000000,-1000.000000,-1000.000000,0.000000
2.0,1000,4,4221,7.442355,2154.147634,0.000362,5.442355,1154.147634,-999.999638,0.751779
2.0,1000,4,4222,7.156771,2183.964338,0.000249,5.156771,1183.964338,-999.999751,0.373374
2.0,1000,4,4223,6.289039,1865.360923,0.000000,4.289039,865.360923,-1000.000000,0.655797
2.0,1000,4,4224,0.000000,0.000000,0.000000,-2.000000,-1000.000000,-1000.000000,0.000000
2.0,1000,4,4225,15.049031,1684.320770,0.000291,13.049031,684.320770,-999.999709,0.609444
2.0,1000,4,4226,5.133535,2193.187816,0.000588,3.133535,1193.187816,-999.999412,0.634974
2.0,1000,4,4227,0.000000,0.000000,0.000000,-2.000000,-1000.000000,-1000.000000,0.000000
2.0,1000,4,4228,0.000000,0.000000,0.000000,-2.000000,-1000.000000,-1000.000000,0.000000
2.0,1000,4,4229,11.540301,2730.750148,0.000112,9.540301,1730.750148,-999.999888,0.903064
2.0,1000,4,4230,9.380680,1916.248546,0.000148,7.380680,916.248546,-999.999852,0.773650
2.0,1000,4,4231,6.111681,2203.408270,0.000253,4.111681,1203.408270,-999.999747,0.523610
2.0,1000,4,4232,0.000000,0.000000,0.000000,-2.000000,-1000.000000,-1000.000000,0.000000
2.0,1000,4,4233,0.000000,0.000000,0.000000,-2.000000,-1000.000000,-1000.000000,0.000000
2.0,1000,4,4234,0.000000,0.000000,0.000000,-2.000000,-1000.000000,-1000.000000,0.000000
2.0,1000,4,4235,4.248961,2367.407170,0.000000,2.248961,1367.407170,-1000.000000,0.584776
2.0,1000,4,4236,0.000000,0.000000,0.000000,-2.000000,-1000.000000,-1000.000000,0.000000
2.0,1000,4,4237,0.000000,0.000000,0.000000,-2.000000,-1000.000000,-1000.000000,0.000000
2.0,1000,4,4238,0.000000,0.000000,0.000000,-2.000000,-1000.000000,-1000.000000,0.000000
2.0,1000,4,4239,8.687905,2066.095412,0.000257,6.687905,1066.095412,-999.999743,0.206639
2.0,1000,4,4240,0.000000,0.000000,0.000000,-2.000000,-1000.000000,-1000.000000,0.000000
2.0,1000,4,4241,4.867462,2203.649631,0.000588,2.867462,1203.649631,-999.999412,0.684607
2.0,1000,4,4242,0.000000,0.000000,0.000000,-2.000000,-1000.000000,-1000.000000,0.000000
2.0,1000,4,4243,8.966257,1465.634309,0.000899,6.966257,465.634309,-999.999101,0.511528
2.0,1000,4,4244,8.520688,2107.569040,0.000081,6.520688,1107.569040,-999.999919,0.815751
2.0,1000,4,4245,6.062733,1794.357028,0.000383,4.062733,794.357028,-999.999617,0.655129
2.0,1000,4,4246,6.375982,1986.967366,0.000058,4.375982,986.967366,-999.999942,0.845186
2.0,1000,4,4247,7.279003,1575.267727,0.000347,5.279003,575.267727,-999.999653,0.778290
2.0,1000,4,4248,9.070722,2346.728842,0.000193,7.070722,1346.728842,-999.999807,0.699793
2.0,1000,4,4249,9.110043,1907.019588,0.000000,7.110043,907.019588,-1000.000000,0.358226
2.0,1000,4,4250,11.926349,1683.142492,0.000356,9.926349,683.142492,-999.999644,0.714099
2.0,1000,4,4251,12.485555,2710.549261,0.000168,10.485555,1710.549261,-999.999832,0.699427
2.0,1000,4,4252,0.000000,0.000000,0.000000,-2.000000,-1000.000000,-1000.000000,0.000000
2.0,1000,4,4253,0.000000,0.000000,0.000000,-2.000000,-1000.000000,-1000.000000,0.000000
2.0,1000,4,4254,0.000000,0.000000,0.000000,-2.000000,-1000.000000,-1000.000000,0.000000
2.0,1000,4,4255,0.000000,0.000000,0.000000,-2.000000,-1000.000000,-1000.000000,0.000000
2.0,1000,4,4256,0.000000,0.000000,0.000000,-2.000000,-1000.000000,-1000.000000,0.000000
2.0,1000,4,4257,0.000000,0.000000,0.000000,-2.000000,-1000.000000,-1000.000000,0.000000
2.0,1000,4,4258,12.620970,1701.174103,0.000309,10.620970,701.174103,-999.999691,0.831953
2.0,1000,4,4259,0.000000,0.000000,0.000000,-2.000000,-1000.000000,-1000.000000,0.000000
2.0,1000,4,4260,0.000000,0.000000,0.000000,-2.000000,-1000.000000,-1000.000000,0.000000
2.0,1000,4,4261,0.000000,0.000000,0.000000,-2.000000,-1000.000000,-1000.000000,0.000000
2.0,1000,4,4262,9.229015,1743.177568,0.000000,7.229015,743.177568,-1000.000000,0.516825
2.0,1000,4,4263,3.552611,765.030006,969.783542,1.552611,-234.969994,-30.216458,0.717338
2.0,1000,4,4264,13.466858,2419.199632,0.000232,11.466858,1419.199632,-999.999768,0.645377
2.0,1000,4,4265,7.714709,1847.233112,0.000317,5.714709,847.233112,-999.999683,0.748001
2.0,1000,4,4266,13.300394,2074.788016,0.001174,11.300394,1074.788016,-999.998826,0.787161
2.0,1000,4,4267,4.413717,2116.410782,0.000000,2.413717,1116.410782,-1000.000000,0.621174
2.0,1000,4,4268,0.000000,0.000000,0.000000,-2.000000,-1000.000000,-1000.000000,0.000000
2.0,1000,4,4269,0.000000,0.000000,0.000000,-2.000000,-1000.000000,-1000.000000,0.000000
2.0,1000,4,4270,0.000000,0.000000,0.000000,-2.000000,-1000.000000,-1000.000000,0.000000
2.0,1000,4,4271,6.700451,2304.534776,0.000000,4.700451,1304.534776,-1000.000000,0.713129
2.0,1000,4,4272,0.000000,0.000000,0.000000,-2.000000,-1000.000000,-1000.000000,0.000000
2.0,1000,4,4273,5.506641,1901.594986,0.001040,3.506641,901.594986,-999.998960,0.482563
2.0,1000,4,4274,7.561861,2010.732354,0.000000,5.561861,1010.732354,-1000.000000,0.423654
2.0,1000,4,4275,11.033698,2040.744898,0.000207,9.033698,1040.744898,-999.999793,0.512456
2.0,1000,4,4276,2.303553,1255.543969,780.178110,0.303553,255.543969,-219.821890,0.637582
2.0,1000,4,4277,13.629940,2183.351418,0.000343,11.629940,1183.351418,-999.999657,0.632255
2.0,1000,4,4278,5.318626,2199.426063,0.000062,3.318626,1199.426063,-999.999938,0.871535
2.0,1000,4,4279,12.075586,2158.923277,0.000139,10.075586,1158.923277,-999.999861,0.578791
2.0,1000,4,4280,10.326958,1528.515320,0.000107,8.326958,528.515320,-999.999893,0.709864
2.0,1000,4,4281,2.366305,1543.907965,654.619453,0.366305,543.907965,-345.380547,0.548623
2.0,1000,4,4282,0.000000,0.000000,0.000000,-2.000000,-1000.000000,-1000.000000,0.000000
2.0,1000,4,4283,6.203626,2008.910877,0.000371,4.203626,1008.910877,-999.999629,0.720070
2.0,1000,4,4284,15.950654,2079.329153,0.000287,13.950654,1079.329153,-999.999713,0.672200
2.0,1000,4,4285,11.132376,2160.322105,0.000000,9.132376,1160.322105,-1000.000000,-0.148806
2.0,1000,4,4286,10.634292,2019.707538,0.000000,8.634292,1019.707538,-1000.000000,0.067823
2.0,1000,4,4287,7.312845,2146.642167,0.000000,5.312845,1146.642167,-1000.000000,0.667368
2.0,1000,4,4288,6.588698,2069.519589,0.000060,4.588698,1069.519589,-999.999940,0.819836
2.0,1000,4,4289,5.156164,1890.394685,0.000000,3.156164,890.394685,-1000.000000,0.693119
2.0,1000,4,4290,5.717561,1968.283106,0.000137,3.717561,968.283106,-999.999863,0.642128
2.0,1000,4,4291,0.000000,0.000000,0.000000,-2.000000,-1000.000000,-1000.000000,0.000000
2.0,1000,4,4292,4.894774,1909.867210,0.000894,2.894774,909.867210,-999.999106,0.610116
2.0,1000,4,4293,14.752270,2070.391988,0.000206,12.752270,1070.391988,-999.999794,-0.078759
2.0,1000,4,4294,0.000000,0.000000,0.000000,-2.000000,-1000.000000,-1000.000000,0.000000
2.0,1000,4,4295,0.000000,0.000000,0.000000,-2.000000,-1000.000000,-1000.000000,0.000000
2.0,1000,4,4296,0.000000,0.000000,0.000000,-2.000000,-1000.000000,-1000.000000,0.000000
2.0,1000,4,4297,5.924757,2372.095285,0.000116,3.924757,1372.095285,-999.999884,0.703866
2.0,1000,4,4298,0.000000,0.000000,0.000000,-2.000000,-1000.000000,-1000.000000,0.000000
2.0,1000,4,4299,0.000000,0.000000,0.000000,-2.000000,-1000.000000,-1000.000000,0.000000
2.0,1000,4,4300,0.000000,0.000000,0.000000,-2.000000,-1000.000000,-1000.000000,0.000000
2.0,1000,4,4301,0.000000,0.000000,0.000000,-2.000000,-1000.000000,-1000.000000,0.000000
2.0,1000,4,4302,0.000000,0.000000,0.000000,-2.000000,-1000.000000,-1000.000000,0.000000
2.0,1000,4,4303,0.000000,0.000000,0.000000,-2.000000,-1000.000000,-1000.000000,0.000000
2.0,1000,4,4304,0.000000,0.000000,0.000000,-2.000000,-1000.000000,-1000.000000,0.000000
2.0,1000,4,4305,0.000000,0.000000,0.000000,-2.000000,-1000.000000,-1000.000000,0.000000
2.0,1000,4,4306,7.131914,1956.984960,0.000000,5.131914,956.984960,-1000.000000,-0.073166
2.0,1000,4,4307,0.000000,0.000000,0.000000,-2.000000,-1000.000000,-1000.000000,0.000000
2.0,1000,4,4308,1.970274,951.634394,975.725306,-0.029726,-48.365606,-24.274694,0.559413
2.0,1000,4,4309,8.970900,2345.241218,0.000417,6.970900,1345.241218,-999.999583,0.721044
2.0,1000,4,4310,0.000000,0.000000,0.000000,-2.000000,-1000.000000,-1000.000000,0.000000
2.0,1000,4,4311,9.981892,1888.475243,0.000418,7.981892,888.475243,-999.999582,0.200084
2.0,1000,4,4312,0.000000,0.000000,0.000000,-2.000000,-1000.000000,-1000.000000,0.000000
2.0,1000,4,4313,0.000000,0.000000,0.000000,-2.000000,-1000.000000,-1000.000000,0.000000
2.0,1000,4,4314,6.562277,2191.124321,0.000000,4.562277,1191.124321,-1000.000000,-0.721305
2.0,1000,4,4315,10.481236,1943.911775,0.000088,8.481236,943.911775,-999.999912,0.761080
2.0,1000,4,4316,0.000000,0.000000,0.000000,-2.000000,-1000.000000,-1000.000000,0.000000
2.0,1000,4,4317,8.186525,2054.301961,0.000241,6.186525,1054.301961,-999.999759,0.145057
2.0,1000,4,4318,8.696547,2015.869320,0.000102,6.696547,1015.869320,-999.999898,0.762634
2.0,1000,4,4319,0.000000,0.000000,0.000000,-2.000000,-1000.000000,-1000.000000,0.000000
2.0,1000,4,4320,0.000000,0.000000,0.000000,-2.000000,-1000.000000,-1000.000000,0.000000
2.0,1000,4,4321,5.822147,2057.910581,0.000035,3.822147,1057.910581,-999.999965,0.746685
2.0,1000,4,4322,0.000000,0.000000,0.000000,-2.000000,-1000.000000,-1000.000000,0.000000
2.0,1000,4,4323,0.000000,0.000000,0.000000,-2.000000,-1000.000000,-1000.000000,0.000000
2.0,1000,4,4324,7.454967,1876.314429,0.000000,5.454967,876.314429,-1000.000000,0.293607
2.0,1000,4,4325,0.000000,0.000000,0.000000,-2.000000,-1000.000000,-1000.000000,0.000000
2.0,1000,4,4326,8.919162,1787.116539,0.000144,6.919162,787.116539,-999.999856,0.599288
2.0,1000,4,4327,0.000000,0.000000,0.000000,-2.000000,-1000.000000,-1000.000000,0.000000
2.0,1000,4,4328,0.000000,0.000000,0.000000,-2.000000,-1000.000000,-1000.000000,0.000000
2.0,1000,4,4329,0.000000,0.000000,0.000000,-2.000000,-1000.000000,-1000.000000,0.000000
2.0,1000,4,4330,0.000000,0.000000,0.000000,-2.000000,-1000.000000,-1000.000000,0.000000
2.0,1000,4,4331,0.000000,0.000000,0.000000,-2.000000,-1000.000000,-1000.000000,0.000000
2.0,1000,4,4332,0.000000,0.000000,0.000000,-2.000000,-1000.000000,-1000.000000,0.000000
2.0,1000,4,4333,0.000000,0.000000,0.000000,-2.000000,-1000.000000,-1000.000000,0.000000
2.0,1000,4,4334,0.000000,0.000000,0.000000,-2.000000,-1000.000000,-1000.000000,0.000000
2.0,1000,4,4335,6.724983,2550.116745,0.000023,4.724983,1550.116745,-999.999977,0.720505
2.0,1000,4,4336,0.000000,0.000000,0.000000,-2.000000,-1000.000000,-1000.000000,0.000000
2.0,1000,4,4337,5.722419,2524.813591,0.000000,3.722419,1524.813591,-1000.000000,0.295460
2.0,1000,4,4338,0.000000,0.000000,0.000000,-2.000000,-1000.000000,-1000.000000,0.000000
2.0,1000,4,4339,0.000000,0.000000,0.000000,-2.000000,-1000.000000,-1000.000000,0.000000
2.0,1000,4,4340,8.061175,1865.209549,0.000108,6.061175,865.209549,-999.999892,0.826676
2.0,1000,4,4341,0.000000,0.000000,0.000000,-2.000000,-1000.000000,-1000.000000,0.000000
2.0,1000,4,4342,0.000000,0.000000,0.000000,-2.000000,-1000.000000,-1000.000000,0.000000
2.0,1000,4,4343,9.082793,1664.514906,0.000000,7.082793,664.514906,-1000.000000,-0.456778
2.0,1000,4,4344,12.045185,2422.757326,0.000037,10.045185,1422.757326,-999.999963,0.649672
2.0,1000,4,4345,6.914163,1692.103780,0.000000,4.914163,692.103780,-1000.000000,0.022931
2.0,1000,4,4346,5.251446,2060.431225,0.000000,3.251446,1060.431225,-1000.000000,0.579272
2.0,1000,4,4347,14.261012,1991.360723,0.000295,12.261012,991.360723,-999.999705,0.607099
2.0,1000,4,4348,0.000000,0.000000,0.000000,-2.000000,-1000.000000,-1000.000000,0.000000
2.0,1000,4,4349,0.000000,0.000000,0.000000,-2.000000,-1000.000000,-1000.000000,0.000000
2.0,1000,4,4350,9.786527,2152.896682,0.000122,7.786527,1152.896682,-999.999878,0.713776
2.0,1000,4,4351,0.000000,0.000000,0.000000,-2.000000,-1000.000000,-1000.000000,0.000000
2.0,1000,4,4352,0.000000,0.000000,0.000000,-2.000000,-1000.000000,-1000.000000,0.000000
2.0,1000,4,4353,0.000000,0.000000,0.000000,-2.000000,-1000.000000,-1000.000000,0.000000
2.0,1000,4,4354,0.000000,0.000000,0.000000,-2.000000,-1000.000000,-1000.000000,0.000000
2.0,1000,4,4355,0.000000,0.000000,0.000000,-2.000000,-1000.000000,-1000.000000,0.000000
2.0,1000,4,4356,7.763523,2356.625370,0.000370,5.763523,1356.625370,-999.999630,0.816626
2.0,1000,4,4357,14.642501,1850.168791,0.000038,12.642501,850.168791,-999.999962,0.756308
2.0,1000,4,4358,0.000000,0.000000,0.000000,-2.000000,-1000.000000,-1000.000000,0.000000
2.0,1000,4,4359,0.000000,0.000000,0.000000,-2.000000,-1000.000000,-1000.000000,0.000000
2.0,1000,4,4360,24.924210,2576.104437,0.000056,22.924210,1576.104437,-999.999944,0.796488
2.0,1000,4,4361,7.639250,2114.867748,0.000049,5.639250,1114.867748,-999.999951,0.760615
2.0,1000,4,4362,6.514044,2132.519063,0.000073,4.514044,1132.519063,-999.999927,0.868350
2.0,1000,4,4363,14.854315,1928.558885,0.000061,12.854315,928.558885,-999.999939,0.734449
2.0,1000,4,4364,17.225922,1998.669602,0.000228,15.225922,998.669602,-999.999772,0.767230
2.0,1000,4,4365,4.927049,2236.593741,0.000000,2.927049,1236.593741,-1000.000000,-0.234416
2.0,1000,4,4366,0.000000,0.000000,0.000000,-2.000000,-1000.000000,-1000.000000,0.000000
2.0,1000,4,4367,5.059302,2119.229496,0.000000,3.059302,1119.229496,-1000.000000,0.467756
2.0,1000,4,4368,12.641057,1869.866719,0.000000,10.641057,869.866719,-1000.000000,0.403466
2.0,1000,4,4369,0.000000,0.000000,0.000000,-2.000000,-1000.000000,-1000.000000,0.000000
2.0,1000,4,4370,27.510837,1715.659292,0.000208,25.510837,715.659292,-999.999792,0.663313
2.0,1000,4,4371,0.000000,0.000000,0.000000,-2.000000,-1000.000000,-1000.000000,0.000000
2.0,1000,4,4372,0.000000,0.000000,0.000000,-2.000000,-1000.000000,-1000.000000,0.000000
2.0,1000,4,4373,19.002870,2035.701095,0.000053,17.002870,1035.701095,-999.999947,0.776277
2.0,1000,4,4374,14.723797,1725.028268,0.000749,12.723797,725.028268,-999.999251,0.675069
2.0,1000,4,4375,0.000000,0.000000,0.000000,-2.000000,-1000.000000,-1000.000000,0.000000
2.0,1000,4,4376,6.335408,2026.755699,0.000000,4.335408,1026.755699,-1000.000000,0.190165
2.0,1000,4,4377,0.000000,0.000000,0.000000,-2.000000,-1000.000000,-1000.000000,0.000000
2.0,1000,4,4378,8.735874,1928.473985,0.000344,6.735874,928.473985,-999.999656,0.621736
2.0,1000,4,4379,4.988624,2241.137887,0.000000,2.988624,1241.137887,-1000.000000,0.079528
2.0,1000,4,4380,0.000000,0.000000,0.000000,-2.000000,-1000.000000,-1000.000000,0.000000
2.0,1000,4,4381,5.486707,2189.055101,0.000286,3.486707,1189.055101,-999.999714,0.706361
2.0,1000,4,4382,7.275187,2615.306523,0.000315,5.275187,1615.306523,-999.999685,0.713682
2.0,1000,4,4383,52.962312,2248.739849,0.000816,50.962312,1248.739849,-999.999184,-0.039460
2.0,1000,4,4384,4.373527,2347.195957,0.001265,2.373527,1347.195957,-999.998735,0.639502
2.0,1000,4,4385,0.000000,0.000000,0.000000,-2.000000,-1000.000000,-1000.000000,0.000000
2.0,1000,4,4386,0.000000,0.000000,0.000000,-2.000000,-1000.000000,-1000.000000,0.000000
2.0,1000,4,4387,6.349357,2008.375809,0.000000,4.349357,1008.375809,-1000.000000,0.612125
2.0,1000,4,4388,0.000000,0.000000,0.000000,-2.000000,-1000.000000,-1000.000000,0.000000
2.0,1000,4,4389,10.676030,1984.956183,0.000116,8.676030,984.956183,-999.999884,0.709301
2.0,1000,4,4390,5.672296,1896.924618,0.000049,3.672296,896.924618,-999.999951,0.849578
2.0,1000,4,4391,0.000000,0.000000,0.000000,-2.000000,-1000.000000,-1000.000000,0.000000
2.0,1000,4,4392,6.555288,2188.856464,0.000000,4.555288,1188.856464,-1000.000000,0.291677
2.0,1000,4,4393,9.274089,2014.543833,0.000000,7.274089,1014.543833,-1000.000000,0.040447
2.0,1000,4,4394,0.000000,0.000000,0.000000,-2.000000,-1000.000000,-1000.000000,0.000000
2.0,1000,4,4395,0.000000,0.000000,0.000000,-2.000000,-1000.000000,-1000.000000,0.000000
2.0,1000,4,4396,25.077563,2240.687323,0.000297,23.077563,1240.687323,-999.999703,0.800872
2.0,1000,4,4397,0.000000,0.000000,0.000000,-2.000000,-1000.000000,-1000.000000,0.000000
2.0,1000,4,4398,0.000000,0.000000,0.000000,-2.000000,-1000.000000,-1000.000000,0.000000
2.0,1000,4,4399,0.000000,0.000000,0.000000,-2.000000,-1000.000000,-1000.000000,0.000000
2.0,1000,4,4400,12.469844,1533.796273,0.000084,10.469844,533.796273,-999.999916,0.592884
2.0,1000,4,4401,0.000000,0.000000,0.000000,-2.000000,-1000.000000,-1000.000000,0.000000
2.0,1000,4,4402,0.000000,0.000000,0.000000,-2.000000,-1000.000000,-1000.000000,0.000000
2.0,1000,4,4403,5.490845,2318.538669,0.000126,3.490845,1318.538669,-999.999874,0.671973
2.0,1000,4,4404,10.194601,2094.516319,0.000283,8.194601,1094.516319,-999.999717,0.727565
2.0,1000,4,4405,0.000000,0.000000,0.000000,-2.000000,-1000.000000,-1000.000000,0.000000
2.0,1000,4,4406,4.780980,2142.948435,0.000000,2.780980,1142.948435,-1000.000000,0.511024
2.0,1000,4,4407,5.892999,1869.729914,0.000000,3.892999,869.729914,-1000.000000,0.346513
2.0,1000,4,4408,10.185053,2559.964092,0.000046,8.185053,1559.964092,-999.999954,0.764639
2.0,1000,4,4409,14.208543,1868.425275,0.000769,12.208543,868.425275,-999.999231,0.251831
2.0,1000,4,4410,4.350177,2138.006116,0.000000,2.350177,1138.006116,-1000.000000,0.520496
2.0,1000,4,4411,0.000000,0.000000,0.000000,-2.000000,-1000.000000,-1000.000000,0.000000
2.0,1000,4,4412,0.000000,0.000000,0.000000,-2.000000,-1000.000000,-1000.000000,0.000000
2.0,1000,4,4413,0.000000,0.000000,0.000000,-2.000000,-1000.000000,-1000.000000,0.000000
2.0,1000,4,4414,5.739603,2213.235201,0.000133,3.739603,1213.235201,-999.999867,0.662141
2.0,1000,4,4415,0.000000,0.000000,0.000000,-2.000000,-1000.000000,-1000.000000,0.000000
2.0,1000,4,4416,0.000000,0.000000,0.000000,-2.000000,-1000.000000,-1000.000000,0.000000
2.0,1000,4,4417,0.000000,0.000000,0.000000,-2.000000,-1000.000000,-1000.000000,0.000000
2.0,1000,4,4418,0.000000,0.000000,0.000000,-2.000000,-1000.000000,-1000.000000,0.000000
2.0,1000,4,4419,13.976938,1624.061818,0.000512,11.976938,624.061818,-999.999488,0.694995
2.0,1000,4,4420,9.315204,1816.533639,0.000130,7.315204,816.533639,-999.999870,0.888059
2.0,1000,4,4421,0.000000,0.000000,0.000000,-2.000000,-1000.000000,-1000.000000,0.000000
2.0,1000,4,4422,0.000000,0.000000,0.000000,-2.000000,-1000.000000,-1000.000000,0.000000
2.0,1000,4,4423,10.037484,1727.890090,0.000000,8.037484,727.890090,-1000.000000,0.379233
2.0,1000,4,4424,0.000000,0.000000,0.000000,-2.000000,-1000.000000,-1000.000000,0.000000
2.0,1000,4,4425,9.436717,1778.001882,0.000026,7.436717,778.001882,-999.999974,0.842961
2.0,1000,4,4426,0.000000,0.000000,0.000000,-2.000000,-1000.000000,-1000.000000,0.000000
2.0,1000,4,4427,0.000000,0.000000,0.000000,-2.000000,-1000.000000,-1000.000000,0.000000
2.0,1000,4,4428,0.000000,0.000000,0.000000,-2.000000,-1000.000000,-1000.000000,0.000000
2.0,1000,4,4429,0.000000,0.000000,0.000000,-2.000000,-1000.000000,-1000.000000,0.000000
2.0,1000,4,4430,9.060417,1361.738989,0.000180,7.060417,361.738989,-999.999820,0.703587
2.0,1000,4,4431,0.000000,0.000000,0.000000,-2.000000,-1000.000000,-1000.000000,0.000000
2.0,1000,4,4432,12.826774,2141.788336,0.000000,10.826774,1141.788336,-1000.000000,-0.278207
2.0,1000,4,4433,6.068489,2288.624554,0.000289,4.068489,1288.624554,-999.999711,0.679495
2.0,1000,4,4434,0.000000,0.000000,0.000000,-2.000000,-1000.000000,-1000.000000,0.000000
2.0,1000,4,4435,6.091207,2423.977225,0.000199,4.091207,1423.977225,-999.999801,0.856799
2.0,1000,4,4436,5.393858,1979.886493,0.000000,3.393858,979.886493,-1000.000000,0.511521
2.0,1000,4,4437,6.686948,1783.534889,0.000076,4.686948,783.534889,-999.999924,0.892585
2.0,1000,4,4438,12.378151,1638.883417,0.000000,10.378151,638.883417,-1000.000000,0.257068
2.0,1000,4,4439,5.564385,1863.692630,0.000000,3.564385,863.692630,-1000.000000,0.460260
2.0,1000,4,4440,0.000000,0.000000,0.000000,-2.000000,-1000.000000,-1000.000000,0.000000
2.0,1000,4,4441,18.458310,1945.494211,0.000110,16.458310,945.494211,-999.999890,0.786376
2.0,1000,4,4442,0.000000,0.000000,0.000000,-2.000000,-1000.000000,-1000.000000,0.000000
2.0,1000,4,4443,10.030600,1656.984777,0.000153,8.030600,656.984777,-999.999847,0.603204
2.0,1000,4,4444,0.000000,0.000000,0.000000,-2.000000,-1000.000000,-1000.000000,0.000000
2.0,1000,4,4445,6.972155,1818.109351,0.000086,4.972155,818.109351,-999.999914,0.888230
2.0,1000,4,4446,0.000000,0.000000,0.000000,-2.000000,-1000.000000,-1000.000000,0.000000
2.0,1000,4,4447,4.849665,1936.558041,0.000634,2.849665,936.558041,-999.999366,0.726274
2.0,1000,4,4448,13.160411,2104.303733,0.000242,11.160411,1104.303733,-999.999758,0.715568
2.0,1000,4,4449,0.000000,0.000000,0.000000,-2.000000,-1000.000000,-1000.000000,0.000000
2.0,1000,4,4450,16.166937,1445.201791,0.000251,14.166937,445.201791,-999.999749,0.805903
2.0,1000,4,4451,0.000000,0.000000,0.000000,-2.000000,-1000.000000,-1000.000000,0.000000
2.0,1000,4,4452,6.939929,2040.516859,0.000336,4.939929,1040.516859,-999.999664,0.795324
2.0,1000,4,4453,10.279180,1869.466113,0.000082,8.279180,869.466113,-999.999918,0.659087
2.0,1000,4,4454,12.443776,1813.611198,0.000251,10.443776,813.611198,-999.999749,0.830034
2.0,1000,4,4455,4.761729,1838.802171,0.000000,2.761729,838.802171,-1000.000000,0.676630
2.0,1000,4,4456,0.000000,0.000000,0.000000,-2.000000,-1000.000000,-1000.000000,0.000000
2.0,1000,4,4457,0.000000,0.000000,0.000000,-2.000000,-1000.000000,-1000.000000,0.000000
2.0,1000,4,4458,6.100958,2208.492631,0.000000,4.100958,1208.492631,-1000.000000,0.301917
2.0,1000,4,4459,6.463570,2189.394159,0.000000,4.463570,1189.394159,-1000.000000,0.456290
2.0,1000,4,4460,6.517225,2068.086481,0.000000,4.517225,1068.086481,-1000.000000,0.411968
2.0,1000,4,4461,17.797285,2015.286085,0.000291,15.797285,1015.286085,-999.999709,0.506151
2.0,1000,4,4462,0.000000,0.000000,0.000000,-2.000000,-1000.000000,-1000.000000,0.000000
2.0,1000,4,4463,0.000000,0.000000,0.000000,-2.000000,-1000.000000,-1000.000000,0.000000
2.0,1000,4,4464,5.983069,2161.648226,0.000073,3.983069,1161.648226,-999.999927,0.619133
2.0,1000,4,4465,0.000000,0.000000,0.000000,-2.000000,-1000.000000,-1000.000000,0.000000
2.0,1000,4,4466,10.222667,2629.947883,0.000513,8.222667,1629.947883,-999.999487,0.832637
2.0,1000,4,4467,0.000000,0.000000,0.000000,-2.000000,-1000.000000,-1000.000000,0.000000
2.0,1000,4,4468,10.916724,2053.141946,0.000000,8.916724,1053.141946,-1000.000000,0.384912
2.0,1000,4,4469,3.152729,915.308310,1628.732445,1.152729,-84.691690,628.732445,0.706055
2.0,1000,4,4470,0.000000,0.000000,0.000000,-2.000000,-1000.000000,-1000.000000,0.000000
2.0,1000,4,4471,0.000000,0.000000,0.000000,-2.000000,-1000.000000,-1000.000000,0.000000
2.0,1000,4,4472,0.000000,0.000000,0.000000,-2.000000,-1000.000000,-1000.000000,0.000000
2.0,1000,4,4473,8.565013,2119.032742,0.000342,6.565013,1119.032742,-999.999658,0.624231
2.0,1000,4,4474,4.963912,2445.412507,0.000018,2.963912,1445.412507,-999.999982,0.780491
2.0,1000,4,4475,0.000000,0.000000,0.000000,-2.000000,-1000.000000,-1000.000000,0.000000
2.0,1000,4,4476,0.000000,0.000000,0.000000,-2.000000,-1000.000000,-1000.000000,0.000000
2.0,1000,4,4477,0.000000,0.000000,0.000000,-2.000000,-1000.000000,-1000.000000,0.000000
2.0,1000,4,4478,16.340463,1961.070454,0.000062,14.340463,961.070454,-999.999938,0.848051
2.0,1000,4,4479,0.000000,0.000000,0.000000,-2.000000,-1000.000000,-1000.000000,0.000000
2.0,1000,4,4480,18.759863,2279.361829,0.000000,16.759863,1279.361829,-1000.000000,-0.277068
2.0,1000,4,4481,0.000000,0.000000,0.000000,-2.000000,-1000.000000,-1000.000000,0.000000
2.0,1000,4,4482,5.901974,2298.702389,0.000499,3.901974,1298.702389,-999.999501,0.658571
2.0,1000,4,4483,8.018141,1985.149047,0.000143,6.018141,985.149047,-999.999857,0.657025
2.0,1000,4,4484,0.000000,0.000000,0.000000,-2.000000,-1000.000000,-1000.000000,0.000000
2.0,1000,4,4485,6.423765,1905.176451,0.000262,4.423765,905.176451,-999.999738,0.818390
2.0,1000,4,4486,0.000000,0.000000,0.000000,-2.000000,-1000.000000,-1000.000000,0.000000
2.0,1000,4,4487,11.185048,2170.976940,0.000604,9.185048,1170.976940,-999.999396,0.856641
2.0,1000,4,4488,13.756369,1748.382542,0.000271,11.756369,748.382542,-999.999729,0.906378
2.0,1000,4,4489,0.000000,0.000000,0.000000,-2.000000,-1000.000000,-1000.000000,0.000000
2.0,1000,4,4490,0.000000,0.000000,0.000000,-2.000000,-1000.000000,-1000.000000,0.000000
2.0,1000,4,4491,5.133893,1882.180694,0.000282,3.133893,882.180694,-999.999718,0.864720
2.0,1000,4,4492,18.524190,2529.669810,0.000043,16.524190,1529.669810,-999.999957,0.813881
2.0,1000,4,4493,8.890427,1758.335550,0.000096,6.890427,758.335550,-999.999904,0.725828
2.0,1000,4,4494,0.000000,0.000000,0.000000,-2.000000,-1000.000000,-1000.000000,0.000000
2.0,1000,4,4495,0.000000,0.000000,0.000000,-2.000000,-1000.000000,-1000.000000,0.000000
2.0,1000,4,4496,6.779792,2029.197278,0.000000,4.779792,1029.197278,-1000.000000,0.654490
2.0,1000,4,4497,0.000000,0.000000,0.000000,-2.000000,-1000.000000,-1000.000000,0.000000
2.0,1000,4,4498,0.000000,0.000000,0.000000,-2.000000,-1000.000000,-1000.000000,0.000000
2.0,1000,4,4499,0.000000,0.000000,0.000000,-2.000000,-1000.000000,-1000.000000,0.000000
2.0,1000,4,4500,8.270498,2065.871353,0.000144,6.270498,1065.871353,-999.999856,0.889184
2.0,1000,4,4501,0.000000,0.000000,0.000000,-2.000000,-1000.000000,-1000.000000,0.000000
2.0,1000,4,4502,9.189873,2170.614106,0.000097,7.189873,1170.614106,-999.999903,0.722795
2.0,1000,4,4503,11.694396,1869.393251,0.000029,9.694396,869.393251,-999.999971,0.539996
2.0,1000,4,4504,0.000000,0.000000,0.000000,-2.000000,-1000.000000,-1000.000000,0.000000
2.0,1000,4,4505,0.000000,0.000000,0.000000,-2.000000,-1000.000000,-1000.000000,0.000000
2.0,1000,4,4506,19.242388,2503.309895,0.000379,17.242388,1503.309895,-999.999621,0.667453
2.0,1000,4,4507,8.558291,1872.141712,0.000000,6.558291,872.141712,-1000.000000,0.777753
2.0,1000,4,4508,0.000000,0.000000,0.000000,-2.000000,-1000.000000,-1000.000000,0.000000
2.0,1000,4,4509,13.412121,1808.315425,0.000121,11.412121,808.315425,-999.999879,0.365215
2.0,1000,4,4510,6.458369,1926.877147,0.000148,4.458369,926.877147,-999.999852,0.759443
2.0,1000,4,4511,0.000000,0.000000,0.000000,-2.000000,-1000.000000,-1000.000000,0.000000
2.0,1000,4,4512,0.000000,0.000000,0.000000,-2.000000,-1000.000000,-1000.000000,0.000000
2.0,1000,4,4513,0.000000,0.000000,0.000000,-2.000000,-1000.000000,-1000.000000,0.000000
2.0,1000,4,4514,0.000000,0.000000,0.000000,-2.000000,-1000.000000,-1000.000000,0.000000
2.0,1000,4,4515,22.305153,1989.436800,0.000381,20.305153,989.436800,-999.999619,-0.078086
2.0,1000,4,4516,2.374327,1596.392915,650.694239,0.374327,596.392915,-349.305761,0.562762
2.0,1000,4,4517,4.952734,2036.644617,0.000252,2.952734,1036.644617,-999.999748,0.873666
2.0,1000,4,4518,0.000000,0.000000,0.000000,-2.000000,-1000.000000,-1000.000000,0.000000
2.0,1000,4,4519,11.474015,2279.480176,0.000000,9.474015,1279.480176,-1000.000000,0.339948
2.0,1000,4,4520,14.019737,2060.400289,0.000294,12.019737,1060.400289,-999.999706,0.717199
2.0,1000,4,4521,7.242752,1806.647181,0.000279,5.242752,806.647181,-999.999721,0.762546
2.0,1000,4,4522,14.251019,2198.555693,0.000000,12.251019,1198.555693,-1000.000000,-0.411709
2.0,1000,4,4523,0.000000,0.000000,0.000000,-2.000000,-1000.000000,-1000.000000,0.000000
2.0,1000,4,4524,0.000000,0.000000,0.000000,-2.000000,-1000.000000,-1000.000000,0.000000
2.0,1000,4,4525,0.000000,0.000000,0.000000,-2.000000,-1000.000000,-1000.000000,0.000000
2.0,1000,4,4526,4.610656,2257.438891,0.000000,2.610656,1257.438891,-1000.000000,0.043152
2.0,1000,4,4527,0.000000,0.000000,0.000000,-2.000000,-1000.000000,-1000.000000,0.000000
2.0,1000,4,4528,7.366329,1826.034732,0.000343,5.366329,826.034732,-999.999657,0.610009
2.0,1000,4,4529,0.000000,0.000000,0.000000,-2.000000,-1000.000000,-1000.000000,0.000000
2.0,1000,4,4530,14.130752,1710.735094,0.000305,12.130752,710.735094,-999.999695,0.571953
2.0,1000,4,4531,0.000000,0.000000,0.000000,-2.000000,-1000.000000,-1000.000000,0.000000
2.0,1000,4,4532,9.491528,1590.262082,0.000045,7.491528,590.262082,-999.999955,0.425617
2.0,1000,4,4533,0.000000,0.000000,0.000000,-2.000000,-1000.000000,-1000.000000,0.000000
2.0,1000,4,4534,5.590833,2033.825884,0.000143,3.590833,1033.825884,-999.999857,0.646148
2.0,1000,4,4535,9.672893,2172.509019,0.000000,7.672893,1172.509019,-1000.000000,0.365218
2.0,1000,4,4536,0.000000,0.000000,0.000000,-2.000000,-1000.000000,-1000.000000,0.000000
2.0,1000,4,4537,8.018619,1979.930443,0.000283,6.018619,979.930443,-999.999717,0.714294
2.0,1000,4,4538,13.424799,1904.548534,0.000130,11.424799,904.548534,-999.999870,0.508813
2.0,1000,4,4539,7.479503,2084.272289,0.000000,5.479503,1084.272289,-1000.000000,0.166469
2.0,1000,4,4540,0.000000,0.000000,0.000000,-2.000000,-1000.000000,-1000.000000,0.000000
2.0,1000,4,4541,0.000000,0.000000,0.000000,-2.000000,-1000.000000,-1000.000000,0.000000
2.0,1000,4,4542,7.980382,2167.761565,0.000338,5.980382,1167.761565,-999.999662,0.644292
2.0,1000,4,4543,12.523163,2490.100436,0.000000,10.523163,1490.100436,-1000.000000,0.150339
2.0,1000,4,4544,0.000000,0.000000,0.000000,-2.000000,-1000.000000,-1000.000000,0.000000
2.0,1000,4,4545,7.356761,2124.004723,0.000000,5.356761,1124.004723,-1000.000000,0.496890
2.0,1000,4,4546,0.000000,0.000000,0.000000,-2.000000,-1000.000000,-1000.000000,0.000000
2.0,1000,4,4547,12.471538,2123.271271,0.000000,10.471538,1123.271271,-1000.000000,0.753282
2.0,1000,4,4548,8.072824,2059.232388,0.000151,6.072824,1059.232388,-999.999849,0.665643
2.0,1000,4,4549,6.662430,1974.638178,0.000217,4.662430,974.638178,-999.999783,0.469115
2.0,1000,4,4550,0.000000,0.000000,0.000000,-2.000000,-1000.000000,-1000.000000,0.000000
2.0,1000,4,4551,0.000000,0.000000,0.000000,-2.000000,-1000.000000,-1000.000000,0.000000
2.0,1000,4,4552,0.000000,0.000000,0.000000,-2.000000,-1000.000000,-1000.000000,0.000000
2.0,1000,4,4553,13.368053,1714.845962,0.000000,11.368053,714.845962,-1000.000000,0.643618
2.0,1000,4,4554,2.999339,1225.759668,833.878838,0.999339,225.759668,-166.121162,0.640782
2.0,1000,4,4555,10.639549,2791.654201,0.000165,8.639549,1791.654201,-999.999835,0.834621
2.0,1000,4,4556,0.000000,0.000000,0.000000,-2.000000,-1000.000000,-1000.000000,0.000000
2.0,1000,4,4557,8.272287,2245.523918,0.000405,6.272287,1245.523918,-999.999595,0.749965
2.0,1000,4,4558,0.000000,0.000000,0.000000,-2.000000,-1000.000000,-1000.000000,0.000000
2.0,1000,4,4559,7.340972,1787.171632,0.000000,5.340972,787.171632,-1000.000000,0.430177
2.0,1000,4,4560,0.000000,0.000000,0.000000,-2.000000,-1000.000000,-1000.000000,0.000000
2.0,1000,4,4561,11.707244,1909.268124,0.000299,9.707244,909.268124,-999.999701,0.745434
2.0,1000,4,4562,0.000000,0.000000,0.000000,-2.000000,-1000.000000,-1000.000000,0.000000
2.0,1000,4,4563,6.151578,1925.444575,0.000000,4.151578,925.444575,-1000.000000,0.539116
2.0,1000,4,4564,0.000000,0.000000,0.000000,-2.000000,-1000.000000,-1000.000000,0.000000
2.0,1000,4,4565,0.000000,0.000000,0.000000,-2.000000,-1000.000000,-1000.000000,0.000000
2.0,1000,4,4566,6.836264,2013.565205,0.000054,4.836264,1013.565205,-999.999946,0.866049
2.0,1000,4,4567,12.278321,2167.942177,0.000188,10.278321,1167.942177,-999.999812,0.740577
2.0,1000,4,4568,18.101997,1850.769428,0.000466,16.101997,850.769428,-999.999534,-0.047517
2.0,1000,4,4569,8.316085,1948.293752,0.000161,6.316085,948.293752,-999.999839,0.587271
2.0,1000,4,4570,6.233879,2017.695706,0.000000,4.233879,1017.695706,-1000.000000,0.119478
2.0,1000,4,4571,11.796117,2057.174581,0.000131,9.796117,1057.174581,-999.999869,0.791435
2.0,1000,4,4572,0.000000,0.000000,0.000000,-2.000000,-1000.000000,-1000.000000,0.000000
2.0,1000,4,4573,0.000000,0.000000,0.000000,-2.000000,-1000.000000,-1000.000000,0.000000
2.0,1000,4,4574,7.685269,2077.698010,0.000000,5.685269,1077.698010,-1000.000000,0.295318
2.0,1000,4,4575,0.000000,0.000000,0.000000,-2.000000,-1000.000000,-1000.000000,0.000000
2.0,1000,4,4576,14.370127,1951.970370,0.000074,12.370127,951.970370,-999.999926,0.827386
2.0,1000,4,4577,9.701852,1748.098383,0.000161,7.701852,748.098383,-999.999839,0.594947
2.0,1000,4,4578,0.000000,0.000000,0.000000,-2.000000,-1000.000000,-1000.000000,0.000000
2.0,1000,4,4579,0.000000,0.000000,0.000000,-2.000000,-1000.000000,-1000.000000,0.000000
2.0,1000,4,4580,8.475886,1789.346043,0.000255,6.475886,789.346043,-999.999745,0.648269
2.0,1000,4,4581,0.000000,0.000000,0.000000,-2.000000,-1000.000000,-1000.000000,0.000000
2.0,1000,4,4582,0.000000,0.000000,0.000000,-2.000000,-1000.000000,-1000.000000,0.000000
2.0,1000,4,4583,8.555382,2044.258380,0.000071,6.555382,1044.258380,-999.999929,0.753629
2.0,1000,4,4584,5.665604,2097.502604,0.000000,3.665604,1097.502604,-1000.000000,-0.166322
2.0,1000,4,4585,10.192745,1908.989190,0.000000,8.192745,908.989190,-1000.000000,0.452109
2.0,1000,4,4586,0.000000,0.000000,0.000000,-2.000000,-1000.000000,-1000.000000,0.000000
2.0,1000,4,4587,5.235616,1952.957543,0.000237,3.235616,952.957543,-999.999763,0.815354
2.0,1000,4,4588,5.807047,1709.110067,0.000000,3.807047,709.110067,-1000.000000,0.633679
2.0,1000,4,4589,8.310333,1786.162106,0.000230,6.310333,786.162106,-999.999770,0.620416
2.0,1000,4,4590,6.191593,2080.060651,0.000219,4.191593,1080.060651,-999.999781,0.827668
2.0,1000,4,4591,10.456635,1825.257271,0.000083,8.456635,825.257271,-999.999917,0.642282
2.0,1000,4,4592,0.000000,0.000000,0.000000,-2.000000,-1000.000000,-1000.000000,0.000000
2.0,1000,4,4593,0.000000,0.000000,0.000000,-2.000000,-1000.000000,-1000.000000,0.000000
2.0,1000,4,4594,4.572054,2224.649625,0.000000,2.572054,1224.649625,-1000.000000,0.611893
2.0,1000,4,4595,0.000000,0.000000,0.000000,-2.000000,-1000.000000,-1000.000000,0.000000
2.0,1000,4,4596,0.000000,0.000000,0.000000,-2.000000,-1000.000000,-1000.000000,0.000000
2.0,1000,4,4597,0.000000,0.000000,0.000000,-2.000000,-1000.000000,-1000.000000,0.000000
2.0,1000,4,4598,7.291557,2344.650622,0.000000,5.291557,1344.650622,-1000.000000,-0.331433
2.0,1000,4,4599,0.000000,0.000000,0.000000,-2.000000,-1000.000000,-1000.000000,0.000000
2.0,1000,4,4600,13.663019,2392.857872,0.000232,11.663019,1392.857872,-999.999768,0.753473
2.0,1000,4,4601,0.000000,0.000000,0.000000,-2.000000,-1000.000000,-1000.000000,0.000000
2.0,1000,4,4602,2.691475,952.829416,805.356309,0.691475,-47.170584,-194.643691,0.572763
2.0,1000,4,4603,17.970815,1877.650090,0.000236,15.970815,877.650090,-999.999764,0.563907
2.0,1000,4,4604,6.833960,2233.099807,0.000000,4.833960,1233.099807,-1000.000000,0.610346
2.0,1000,4,4605,6.060857,1868.785147,0.000222,4.060857,868.785147,-999.999778,0.768423
2.0,1000,4,4606,5.101937,2018.006001,0.000000,3.101937,1018.006001,-1000.000000,0.478457
2.0,1000,4,4607,10.518830,1924.558384,0.000000,8.518830,924.558384,-1000.000000,0.471124
2.0,1000,4,4608,0.000000,0.000000,0.000000,-2.000000,-1000.000000,-1000.000000,0.000000
2.0,1000,4,4609,0.000000,0.000000,0.000000,-2.000000,-1000.000000,-1000.000000,0.000000
2.0,1000,4,4610,0.000000,0.000000,0.000000,-2.000000,-1000.000000,-1000.000000,0.000000
2.0,1000,4,4611,5.406277,1641.064339,0.000305,3.406277,641.064339,-999.999695,0.688261
2.0,1000,4,4612,6.991655,1586.786675,0.000174,4.991655,586.786675,-999.999826,0.758602
2.0,1000,4,4613,6.190483,2337.694443,0.000000,4.190483,1337.694443,-1000.000000,0.072551
2.0,1000,4,4614,0.000000,0.000000,0.000000,-2.000000,-1000.000000,-1000.000000,0.000000
2.0,1000,4,4615,0.000000,0.000000,0.000000,-2.000000,-1000.000000,-1000.000000,0.000000
2.0,1000,4,4616,0.000000,0.000000,0.000000,-2.000000,-1000.000000,-1000.000000,0.000000
2.0,1000,4,4617,7.253220,1778.033291,0.000000,5.253220,778.033291,-1000.000000,0.535247
2.0,1000,4,4618,0.000000,0.000000,0.000000,-2.000000,-1000.000000,-1000.000000,0.000000
2.0,1000,4,4619,10.249282,2046.498145,0.000183,8.249282,1046.498145,-999.999817,0.872403
2.0,1000,4,4620,5.060777,1990.570584,0.000602,3.060777,990.570584,-999.999398,0.651700
2.0,1000,4,4621,9.693696,2078.973499,0.000000,7.693696,1078.973499,-1000.000000,0.392776
2.0,1000,4,4622,6.179109,1903.225122,0.000231,4.179109,903.225122,-999.999769,0.829884
2.0,1000,4,4623,0.000000,0.000000,0.000000,-2.000000,-1000.000000,-1000.000000,0.000000
2.0,1000,4,4624,6.270213,2261.943326,0.000000,4.270213,1261.943326,-1000.000000,0.352209
2.0,1000,4,4625,0.000000,0.000000,0.000000,-2.000000,-1000.000000,-1000.000000,0.000000
2.0,1000,4,4626,5.802930,2040.667587,0.000000,3.802930,1040.667587,-1000.000000,0.530419
2.0,1000,4,4627,0.000000,0.000000,0.000000,-2.000000,-1000.000000,-1000.000000,0.000000
2.0,1000,4,4628,8.237691,2431.794890,0.000000,6.237691,1431.794890,-1000.000000,0.100440
2.0,1000,4,4629,0.000000,0.000000,0.000000,-2.000000,-1000.000000,-1000.000000,0.000000
2.0,1000,4,4630,0.000000,0.000000,0.000000,-2.000000,-1000.000000,-1000.000000,0.000000
2.0,1000,4,4631,0.000000,0.000000,0.000000,-2.000000,-1000.000000,-1000.000000,0.000000
2.0,1000,4,4632,8.828421,1807.685332,0.000045,6.828421,807.685332,-999.999955,0.755077
2.0,1000,4,4633,0.000000,0.000000,0.000000,-2.000000,-1000.000000,-1000.000000,0.000000
2.0,1000,4,4634,0.000000,0.000000,0.000000,-2.000000,-1000.000000,-1000.000000,0.000000
2.0,1000,4,4635,0.000000,0.000000,0.000000,-2.000000,-1000.000000,-1000.000000,0.000000
2.0,1000,4,4636,0.000000,0.000000,0.000000,-2.000000,-1000.000000,-1000.000000,0.000000
2.0,1000,4,4637,0.000000,0.000000,0.000000,-2.000000,-1000.000000,-1000.000000,0.000000
2.0,1000,4,4638,0.000000,0.000000,0.000000,-2.000000,-1000.000000,-1000.000000,0.000000
2.0,1000,4,4639,9.554428,1867.630001,0.000144,7.554428,867.630001,-999.999856,0.773752
2.0,1000,4,4640,0.000000,0.000000,0.000000,-2.000000,-1000.000000,-1000.000000,0.000000
2.0,1000,4,4641,0.000000,0.000000,0.000000,-2.000000,-1000.000000,-1000.000000,0.000000
2.0,1000,4,4642,0.000000,0.000000,0.000000,-2.000000,-1000.000000,-1000.000000,0.000000
2.0,1000,4,4643,18.345462,2041.348686,0.000127,16.345462,1041.348686,-999.999873,0.808078
2.0,1000,4,4644,0.000000,0.000000,0.000000,-2.000000,-1000.000000,-1000.000000,0.000000
2.0,1000,4,4645,6.855334,1840.121059,0.000000,4.855334,840.121059,-1000.000000,0.593633
2.0,1000,4,4646,8.470043,1853.260435,0.000343,6.470043,853.260435,-999.999657,0.590276
2.0,1000,4,4647,14.401904,1780.013427,0.000221,12.401904,780.013427,-999.999779,0.816083
2.0,1000,4,4648,0.000000,0.000000,0.000000,-2.000000,-1000.000000,-1000.000000,0.000000
2.0,1000,4,4649,0.000000,0.000000,0.000000,-2.000000,-1000.000000,-1000.000000,0.000000
2.0,1000,4,4650,10.279840,1872.810133,0.000000,8.279840,872.810133,-1000.000000,0.313037
2.0,1000,4,4651,0.000000,0.000000,0.000000,-2.000000,-1000.000000,-1000.000000,0.000000
2.0,1000,4,4652,0.000000,0.000000,0.000000,-2.000000,-1000.000000,-1000.000000,0.000000
2.0,1000,4,4653,0.000000,0.000000,0.000000,-2.000000,-1000.000000,-1000.000000,0.000000
2.0,1000,4,4654,9.692738,1888.056277,0.000095,7.692738,888.056277,-999.999905,0.780177
2.0,1000,4,4655,10.225888,1946.609063,0.000031,8.225888,946.609063,-999.999969,0.670631
2.0,1000,4,4656,7.731830,2364.343542,0.000000,5.731830,1364.343542,-1000.000000,0.526255
2.0,1000,4,4657,13.011235,2011.023765,0.000187,11.011235,1011.023765,-999.999813,0.869666
2.0,1000,4,4658,6.480861,1813.317430,0.000132,4.480861,813.317430,-999.999868,0.757420
2.0,1000,4,4659,0.000000,0.000000,0.000000,-2.000000,-1000.000000,-1000.000000,0.000000
2.0,1000,4,4660,5.781816,1857.726100,0.000386,3.781816,857.726100,-999.999614,0.631798
2.0,1000,4,4661,8.970463,1613.878080,0.000270,6.970463,613.878080,-999.999730,0.110078
2.0,1000,4,4662,0.000000,0.000000,0.000000,-2.000000,-1000.000000,-1000.000000,0.000000
2.0,1000,4,4663,22.471662,2029.244756,0.000358,20.471662,1029.244756,-999.999642,0.741697
2.0,1000,4,4664,17.948255,2070.055837,0.000204,15.948255,1070.055837,-999.999796,0.618152
2.0,1000,4,4665,0.000000,0.000000,0.000000,-2.000000,-1000.000000,-1000.000000,0.000000
2.0,1000,4,4666,6.614936,2144.610154,0.000074,4.614936,1144.610154,-999.999926,0.857802
2.0,1000,4,4667,6.064048,2086.076343,0.000235,4.064048,1086.076343,-999.999765,0.820732
2.0,1000,4,4668,6.541316,2240.851500,0.000068,4.541316,1240.851500,-999.999932,0.897224
2.0,1000,4,4669,0.000000,0.000000,0.000000,-2.000000,-1000.000000,-1000.000000,0.000000
2.0,1000,4,4670,7.882851,1953.914159,0.000801,5.882851,953.914159,-999.999199,0.595363
2.0,1000,4,4671,0.000000,0.000000,0.000000,-2.000000,-1000.000000,-1000.000000,0.000000
2.0,1000,4,4672,0.000000,0.000000,0.000000,-2.000000,-1000.000000,-1000.000000,0.000000
2.0,1000,4,4673,0.000000,0.000000,0.000000,-2.000000,-1000.000000,-1000.000000,0.000000
2.0,1000,4,4674,0.000000,0.000000,0.000000,-2.000000,-1000.000000,-1000.000000,0.000000
2.0,1000,4,4675,18.058922,1614.030095,0.000123,16.058922,614.030095,-999.999877,0.788871
2.0,1000,4,4676,9.985007,1825.131122,0.000414,7.985007,825.131122,-999.999586,0.808456
2.0,1000,4,4677,0.000000,0.000000,0.000000,-2.000000,-1000.000000,-1000.000000,0.000000
2.0,1000,4,4678,0.000000,0.000000,0.000000,-2.000000,-1000.000000,-1000.000000,0.000000
2.0,1000,4,4679,6.847552,1926.913437,0.000189,4.847552,926.913437,-999.999811,0.438989
2.0,1000,4,4680,0.000000,0.000000,0.000000,-2.000000,-1000.000000,-1000.000000,0.000000
2.0,1000,4,4681,0.000000,0.000000,0.000000,-2.000000,-1000.000000,-1000.000000,0.000000
2.0,1000,4,4682,0.000000,0.000000,0.000000,-2.000000,-1000.000000,-1000.000000,0.000000
2.0,1000,4,4683,0.000000,0.000000,0.000000,-2.000000,-1000.000000,-1000.000000,0.000000
2.0,1000,4,4684,0.000000,0.000000,0.000000,-2.000000,-1000.000000,-1000.000000,0.000000
2.0,1000,4,4685,0.000000,0.000000,0.000000,-2.000000,-1000.000000,-1000.000000,0.000000
2.0,1000,4,4686,8.008710,1896.793071,0.000123,6.008710,896.793071,-999.999877,0.682977
2.0,1000,4,4687,6.112436,1877.028435,0.000000,4.112436,877.028435,-1000.000000,0.698490
2.0,1000,4,4688,0.000000,0.000000,0.000000,-2.000000,-1000.000000,-1000.000000,0.000000
2.0,1000,4,4689,7.426234,2189.675994,0.000000,5.426234,1189.675994,-1000.000000,-0.608138
2.0,1000,4,4690,8.424847,2216.947841,0.000164,6.424847,1216.947841,-999.999836,0.695294
2.0,1000,4,4691,0.000000,0.000000,0.000000,-2.000000,-1000.000000,-1000.000000,0.000000
2.0,1000,4,4692,0.000000,0.000000,0.000000,-2.000000,-1000.000000,-1000.000000,0.000000
2.0,1000,4,4693,7.195121,2034.245861,0.000284,5.195121,1034.245861,-999.999716,0.705849
2.0,1000,4,4694,7.896060,1900.181052,0.000039,5.896060,900.181052,-999.999961,0.695508
2.0,1000,4,4695,4.389972,2232.198536,0.000737,2.389972,1232.198536,-999.999263,0.656388
2.0,1000,4,4696,0.000000,0.000000,0.000000,-2.000000,-1000.000000,-1000.000000,0.000000
2.0,1000,4,4697,0.000000,0.000000,0.000000,-2.000000,-1000.000000,-1000.000000,0.000000
2.0,1000,4,4698,0.000000,0.000000,0.000000,-2.000000,-1000.000000,-1000.000000,0.000000
2.0,1000,4,4699,0.000000,0.000000,0.000000,-2.000000,-1000.000000,-1000.000000,0.000000
2.0,1000,4,4700,0.000000,0.000000,0.000000,-2.000000,-1000.000000,-1000.000000,0.000000
2.0,1000,4,4701,6.402453,2032.902226,0.000069,4.402453,1032.902226,-999.999931,0.877382
2.0,1000,4,4702,9.936215,2141.324699,0.000151,7.936215,1141.324699,-999.999849,0.625607
2.0,1000,4,4703,4.018782,2185.575143,0.001177,2.018782,1185.575143,-999.998823,0.657075
2.0,1000,4,4704,0.000000,0.000000,0.000000,-2.000000,-1000.000000,-1000.000000,0.000000
2.0,1000,4,4705,0.000000,0.000000,0.000000,-2.000000,-1000.000000,-1000.000000,0.000000
2.0,1000,4,4706,5.120663,2061.880345,0.000170,3.120663,1061.880345,-999.999830,0.720139
2.0,1000,4,4707,3.528222,918.855562,766.555568,1.528222,-81.144438,-233.444432,0.660611
2.0,1000,4,4708,0.000000,0.000000,0.000000,-2.000000,-1000.000000,-1000.000000,0.000000
2.0,1000,4,4709,0.000000,0.000000,0.000000,-2.000000,-1000.000000,-1000.000000,0.000000
2.0,1000,4,4710,0.000000,0.000000,0.000000,-2.000000,-1000.000000,-1000.000000,0.000000
2.0,1000,4,4711,11.938231,1995.650687,0.000052,9.938231,995.650687,-999.999948,0.802787
2.0,1000,4,4712,0.000000,0.000000,0.000000,-2.000000,-1000.000000,-1000.000000,0.000000
2.0,1000,4,4713,0.000000,0.000000,0.000000,-2.000000,-1000.000000,-1000.000000,0.000000
2.0,1000,4,4714,8.904174,1750.308372,0.000127,6.904174,750.308372,-999.999873,0.780635
2.0,1000,4,4715,15.502872,1560.833719,0.000000,13.502872,560.833719,-1000.000000,-0.286491
2.0,1000,4,4716,5.152819,1946.240116,0.000161,3.152819,946.240116,-999.999839,0.706802
2.0,1000,4,4717,13.057313,2508.483337,0.000274,11.057313,1508.483337,-999.999726,-0.075161
2.0,1000,4,4718,0.000000,0.000000,0.000000,-2.000000,-1000.000000,-1000.000000,0.000000
2.0,1000,4,4719,0.000000,0.000000,0.000000,-2.000000,-1000.000000,-1000.000000,0.000000
2.0,1000,4,4720,9.504466,1682.550420,0.000452,7.504466,682.550420,-999.999548,0.742360
2.0,1000,4,4721,10.099185,1612.590238,0.000129,8.099185,612.590238,-999.999871,0.881943
2.0,1000,4,4722,0.000000,0.000000,0.000000,-2.000000,-1000.000000,-1000.000000,0.000000
2.0,1000,4,4723,7.694741,1910.768994,0.000109,5.694741,910.768994,-999.999891,0.854601
2.0,1000,4,4724,10.267646,2049.897395,0.000116,8.267646,1049.897395,-999.999884,0.769066
2.0,1000,4,4725,3.331928,2793.956696,0.000000,1.331928,1793.956696,-1000.000000,0.624836
2.0,1000,4,4726,0.000000,0.000000,0.000000,-2.000000,-1000.000000,-1000.000000,0.000000
2.0,1000,4,4727,5.857710,2056.017091,0.000000,3.857710,1056.017091,-1000.000000,0.453421
2.0,1000,4,4728,8.308410,2087.640269,0.000000,6.308410,1087.640269,-1000.000000,0.546700
2.0,1000,4,4729,0.000000,0.000000,0.000000,-2.000000,-1000.000000,-1000.000000,0.000000
2.0,1000,4,4730,0.000000,0.000000,0.000000,-2.000000,-1000.000000,-1000.000000,0.000000
2.0,1000,4,4731,0.000000,0.000000,0.000000,-2.000000,-1000.000000,-1000.000000,0.000000
2.0,1000,4,4732,8.232795,1839.952084,0.000085,6.232795,839.952084,-999.999915,0.795937
2.0,1000,4,4733,4.296677,2074.784274,0.000347,2.296677,1074.784274,-999.999653,0.740468
2.0,1000,4,4734,13.638034,1637.309422,0.000157,11.638034,637.309422,-999.999843,0.451358
2.0,1000,4,4735,16.291228,1335.403637,0.000397,14.291228,335.403637,-999.999603,0.746539
2.0,1000,4,4736,0.000000,0.000000,0.000000,-2.000000,-1000.000000,-1000.000000,0.000000
2.0,1000,4,4737,6.580365,2375.745106,0.000292,4.580365,1375.745106,-999.999708,0.656033
2.0,1000,4,4738,0.000000,0.000000,0.000000,-2.000000,-1000.000000,-1000.000000,0.000000
2.0,1000,4,4739,0.000000,0.000000,0.000000,-2.000000,-1000.000000,-1000.000000,0.000000
2.0,1000,4,4740,7.444250,1716.868328,0.000301,5.444250,716.868328,-999.999699,0.598439
2.0,1000,4,4741,7.086992,1858.046953,0.000013,5.086992,858.046953,-999.999987,0.758265
2.0,1000,4,4742,8.954086,1719.938420,0.000272,6.954086,719.938420,-999.999728,0.020517
2.0,1000,4,4743,0.000000,0.000000,0.000000,-2.000000,-1000.000000,-1000.000000,0.000000
2.0,1000,4,4744,0.000000,0.000000,0.000000,-2.000000,-1000.000000,-1000.000000,0.000000
2.0,1000,4,4745,8.247438,1994.322761,0.000237,6.247438,994.322761,-999.999763,0.117384
2.0,1000,4,4746,0.000000,0.000000,0.000000,-2.000000,-1000.000000,-1000.000000,0.000000
2.0,1000,4,4747,0.000000,0.000000,0.000000,-2.000000,-1000.000000,-1000.000000,0.000000
2.0,1000,4,4748,0.000000,0.000000,0.000000,-2.000000,-1000.000000,-1000.000000,0.000000
2.0,1000,4,4749,0.000000,0.000000,0.000000,-2.000000,-1000.000000,-1000.000000,0.000000
2.0,1000,4,4750,7.431924,1801.955166,0.000182,5.431924,801.955166,-999.999818,-0.108313
2.0,1000,4,4751,0.000000,0.000000,0.000000,-2.000000,-1000.000000,-1000.000000,0.000000
2.0,1000,4,4752,9.967033,1996.432207,0.000000,7.967033,996.432207,-1000.000000,0.143892
2.0,1000,4,4753,6.837897,2066.247290,0.000000,4.837897,1066.247290,-1000.000000,0.580050
2.0,1000,4,4754,0.000000,0.000000,0.000000,-2.000000,-1000.000000,-1000.000000,0.000000
2.0,1000,4,4755,0.000000,0.000000,0.000000,-2.000000,-1000.000000,-1000.000000,0.000000
2.0,1000,4,4756,8.201268,1829.652177,0.000101,6.201268,829.652177,-999.999899,0.876409
2.0,1000,4,4757,4.829285,2047.880845,0.000000,2.829285,1047.880845,-1000.000000,0.418026
2.0,1000,4,4758,0.000000,0.000000,0.000000,-2.000000,-1000.000000,-1000.000000,0.000000
2.0,1000,4,4759,0.000000,0.000000,0.000000,-2.000000,-1000.000000,-1000.000000,0.000000
2.0,1000,4,4760,0.000000,0.000000,0.000000,-2.000000,-1000.000000,-1000.000000,0.000000
2.0,1000,4,4761,0.000000,0.000000,0.000000,-2.000000,-1000.000000,-1000.000000,0.000000
2.0,1000,4,4762,8.913687,1908.727317,0.000000,6.913687,908.727317,-1000.000000,-0.306995
2.0,1000,4,4763,0.000000,0.000000,0.000000,-2.000000,-1000.000000,-1000.000000,0.000000
2.0,1000,4,4764,5.703944,2773.728755,0.000000,3.703944,1773.728755,-1000.000000,0.554114
2.0,1000,4,4765,6.285683,2091.044811,0.000000,4.285683,1091.044811,-1000.000000,-0.260128
2.0,1000,4,4766,0.000000,0.000000,0.000000,-2.000000,-1000.000000,-1000.000000,0.000000
2.0,1000,4,4767,0.000000,0.000000,0.000000,-2.000000,-1000.000000,-1000.000000,0.000000
2.0,1000,4,4768,0.000000,0.000000,0.000000,-2.000000,-1000.000000,-1000.000000,0.000000
2.0,1000,4,4769,0.000000,0.000000,0.000000,-2.000000,-1000.000000,-1000.000000,0.000000
2.0,1000,4,4770,6.326609,2133.042535,0.000301,4.326609,1133.042535,-999.999699,0.627930
2.0,1000,4,4771,0.000000,0.000000,0.000000,-2.000000,-1000.000000,-1000.000000,0.000000
2.0,1000,4,4772,0.000000,0.000000,0.000000,-2.000000,-1000.000000,-1000.000000,0.000000
2.0,1000,4,4773,0.000000,0.000000,0.000000,-2.000000,-1000.000000,-1000.000000,0.000000
2.0,1000,4,4774,6.063547,2064.811590,0.000000,4.063547,1064.811590,-1000.000000,0.491011
2.0,1000,4,4775,0.000000,0.000000,0.000000,-2.000000,-1000.000000,-1000.000000,0.000000
2.0,1000,4,4776,11.247795,2346.293499,0.000317,9.247795,1346.293499,-999.999683,0.789823
2.0,1000,4,4777,10.934083,2281.851981,0.000000,8.934083,1281.851981,-1000.000000,0.179654
2.0,1000,4,4778,0.000000,0.000000,0.000000,-2.000000,-1000.000000,-1000.000000,0.000000
2.0,1000,4,4779,0.000000,0.000000,0.000000,-2.000000,-1000.000000,-1000.000000,0.000000
2.0,1000,4,4780,0.000000,0.000000,0.000000,-2.000000,-1000.000000,-1000.000000,0.000000
2.0,1000,4,4781,0.000000,0.000000,0.000000,-2.000000,-1000.000000,-1000.000000,0.000000
2.0,1000,4,4782,0.000000,0.000000,0.000000,-2.000000,-1000.000000,-1000.000000,0.000000
2.0,1000,4,4783,6.293020,1985.887611,0.000079,4.293020,985.887611,-999.999921,0.837316
2.0,1000,4,4784,4.583905,2676.928933,0.000000,2.583905,1676.928933,-1000.000000,0.431952
2.0,1000,4,4785,6.579762,2034.832199,0.000320,4.579762,1034.832199,-999.999680,0.712545
2.0,1000,4,4786,0.000000,0.000000,0.000000,-2.000000,-1000.000000,-1000.000000,0.000000
2.0,1000,4,4787,0.000000,0.000000,0.000000,-2.000000,-1000.000000,-1000.000000,0.000000
2.0,1000,4,4788,11.498373,1687.275042,0.000000,9.498373,687.275042,-1000.000000,0.861145
2.0,1000,4,4789,11.048811,1967.246388,0.000653,9.048811,967.246388,-999.999347,0.874208
2.0,1000,4,4790,0.000000,0.000000,0.000000,-2.000000,-1000.000000,-1000.000000,0.000000
2.0,1000,4,4791,0.000000,0.000000,0.000000,-2.000000,-1000.000000,-1000.000000,0.000000
2.0,1000,4,4792,8.751238,1740.974363,0.000000,6.751238,740.974363,-1000.000000,0.442519
2.0,1000,4,4793,0.000000,0.000000,0.000000,-2.000000,-1000.000000,-1000.000000,0.000000
2.0,1000,4,4794,0.000000,0.000000,0.000000,-2.000000,-1000.000000,-1000.000000,0.000000
2.0,1000,4,4795,0.000000,0.000000,0.000000,-2.000000,-1000.000000,-1000.000000,0.000000
2.0,1000,4,4796,0.000000,0.000000,0.000000,-2.000000,-1000.000000,-1000.000000,0.000000
2.0,1000,4,4797,4.630758,2097.626411,0.000000,2.630758,1097.626411,-1000.000000,0.510463
2.0,1000,4,4798,6.399482,2162.669309,0.000295,4.399482,1162.669309,-999.999705,0.620810
2.0,1000,4,4799,0.000000,0.000000,0.000000,-2.000000,-1000.000000,-1000.000000,0.000000
2.0,1000,4,4800,0.000000,0.000000,0.000000,-2.000000,-1000.000000,-1000.000000,0.000000
2.0,1000,4,4801,9.393069,1843.337367,0.000150,7.393069,843.337367,-999.999850,0.758936
2.0,1000,4,4802,0.000000,0.000000,0.000000,-2.000000,-1000.000000,-1000.000000,0.000000
2.0,1000,4,4803,5.124103,2146.184808,0.000000,3.124103,1146.184808,-1000.000000,0.719410
2.0,1000,4,4804,0.000000,0.000000,0.000000,-2.000000,-1000.000000,-1000.000000,0.000000
2.0,1000,4,4805,0.000000,0.000000,0.000000,-2.000000,-1000.000000,-1000.000000,0.000000
2.0,1000,4,4806,10.476774,1725.355016,0.000000,8.476774,725.355016,-1000.000000,-0.454954
2.0,1000,4,4807,16.632216,1934.638529,0.000208,14.632216,934.638529,-999.999792,0.685107
2.0,1000,4,4808,11.525516,2167.638351,0.000000,9.525516,1167.638351,-1000.000000,0.493291
2.0,1000,4,4809,8.568366,1637.209243,0.000469,6.568366,637.209243,-999.999531,0.495474
2.0,1000,4,4810,4.454928,1963.149804,0.000605,2.454928,963.149804,-999.999395,0.693911
2.0,1000,4,4811,0.000000,0.000000,0.000000,-2.000000,-1000.000000,-1000.000000,0.000000
2.0,1000,4,4812,10.154755,2026.004813,0.000058,8.154755,1026.004813,-999.999942,0.892167
2.0,1000,4,4813,5.547942,2116.498554,0.000303,3.547942,1116.498554,-999.999697,0.790013
2.0,1000,4,4814,0.000000,0.000000,0.000000,-2.000000,-1000.000000,-1000.000000,0.000000
2.0,1000,4,4815,0.000000,0.000000,0.000000,-2.000000,-1000.000000,-1000.000000,0.000000
2.0,1000,4,4816,0.000000,0.000000,0.000000,-2.000000,-1000.000000,-1000.000000,0.000000
2.0,1000,4,4817,0.000000,0.000000,0.000000,-2.000000,-1000.000000,-1000.000000,0.000000
2.0,1000,4,4818,0.000000,0.000000,0.000000,-2.000000,-1000.000000,-1000.000000,0.000000
2.0,1000,4,4819,0.000000,0.000000,0.000000,-2.000000,-1000.000000,-1000.000000,0.000000
2.0,1000,4,4820,0.000000,0.000000,0.000000,-2.000000,-1000.000000,-1000.000000,0.000000
2.0,1000,4,4821,4.679746,1955.690063,0.000615,2.679746,955.690063,-999.999385,0.845824
2.0,1000,4,4822,0.000000,0.000000,0.000000,-2.000000,-1000.000000,-1000.000000,0.000000
2.0,1000,4,4823,8.344258,1618.296148,0.000000,6.344258,618.296148,-1000.000000,0.467609
2.0,1000,4,4824,6.493427,2244.758162,0.000052,4.493427,1244.758162,-999.999948,0.845551
2.0,1000,4,4825,0.000000,0.000000,0.000000,-2.000000,-1000.000000,-1000.000000,0.000000
2.0,1000,4,4826,0.000000,0.000000,0.000000,-2.000000,-1000.000000,-1000.000000,0.000000
2.0,1000,4,4827,8.815448,2107.966267,0.000157,6.815448,1107.966267,-999.999843,0.739617
2.0,1000,4,4828,0.000000,0.000000,0.000000,-2.000000,-1000.000000,-1000.000000,0.000000
2.0,1000,4,4829,15.506756,1988.481660,0.000368,13.506756,988.481660,-999.999632,-0.442526
2.0,1000,4,4830,0.000000,0.000000,0.000000,-2.000000,-1000.000000,-1000.000000,0.000000
2.0,1000,4,4831,0.000000,0.000000,0.000000,-2.000000,-1000.000000,-1000.000000,0.000000
2.0,1000,4,4832,7.880050,2015.313085,0.000234,5.880050,1015.313085,-999.999766,0.777868
2.0,1000,4,4833,3.620004,1210.635452,828.440882,1.620004,210.635452,-171.559118,0.724997
2.0,1000,4,4834,5.607664,1772.731451,0.000049,3.607664,772.731451,-999.999951,0.860463
2.0,1000,4,4835,14.329660,1729.128123,0.000220,12.329660,729.128123,-999.999780,0.826479
2.0,1000,4,4836,6.880986,1714.687045,0.000000,4.880986,714.687045,-1000.000000,0.419072
2.0,1000,4,4837,0.000000,0.000000,0.000000,-2.000000,-1000.000000,-1000.000000,0.000000
2.0,1000,4,4838,0.000000,0.000000,0.000000,-2.000000,-1000.000000,-1000.000000,0.000000
2.0,1000,4,4839,7.545033,2094.419956,0.000284,5.545033,1094.419956,-999.999716,0.599681
2.0,1000,4,4840,0.000000,0.000000,0.000000,-2.000000,-1000.000000,-1000.000000,0.000000
2.0,1000,4,4841,0.000000,0.000000,0.000000,-2.000000,-1000.000000,-1000.000000,0.000000
2.0,1000,4,4842,8.226021,2170.006010,0.000142,6.226021,1170.006010,-999.999858,0.682501
2.0,1000,4,4843,0.000000,0.000000,0.000000,-2.000000,-1000.000000,-1000.000000,0.000000
2.0,1000,4,4844,0.000000,0.000000,0.000000,-2.000000,-1000.000000,-1000.000000,0.000000
2.0,1000,4,4845,0.000000,0.000000,0.000000,-2.000000,-1000.000000,-1000.000000,0.000000
2.0,1000,4,4846,2.501141,940.809067,1287.164386,0.501141,-59.190933,287.164386,0.652196
2.0,1000,4,4847,3.548378,651.058138,1181.889847,1.548378,-348.941862,181.889847,0.722622
2.0,1000,4,4848,0.000000,0.000000,0.000000,-2.000000,-1000.000000,-1000.000000,0.000000
2.0,1000,4,4849,0.000000,0.000000,0.000000,-2.000000,-1000.000000,-1000.000000,0.000000
2.0,1000,4,4850,0.000000,0.000000,0.000000,-2.000000,-1000.000000,-1000.000000,0.000000
2.0,1000,4,4851,10.269815,1620.218008,0.000055,8.269815,620.218008,-999.999945,0.798620
2.0,1000,4,4852,0.000000,0.000000,0.000000,-2.000000,-1000.000000,-1000.000000,0.000000
2.0,1000,4,4853,0.000000,0.000000,0.000000,-2.000000,-1000.000000,-1000.000000,0.000000
2.0,1000,4,4854,14.367294,2055.866221,0.000041,12.367294,1055.866221,-999.999959,0.699826
2.0,1000,4,4855,0.000000,0.000000,0.000000,-2.000000,-1000.000000,-1000.000000,0.000000
2.0,1000,4,4856,0.000000,0.000000,0.000000,-2.000000,-1000.000000,-1000.000000,0.000000
2.0,1000,4,4857,0.000000,0.000000,0.000000,-2.000000,-1000.000000,-1000.000000,0.000000
2.0,1000,4,4858,0.000000,0.000000,0.000000,-2.000000,-1000.000000,-1000.000000,0.000000
2.0,1000,4,4859,10.987578,2223.366271,0.000088,8.987578,1223.366271,-999.999912,0.621591
2.0,1000,4,4860,11.066869,1725.029148,0.000433,9.066869,725.029148,-999.999567,0.738406
2.0,1000,4,4861,0.000000,0.000000,0.000000,-2.000000,-1000.000000,-1000.000000,0.000000
2.0,1000,4,4862,0.000000,0.000000,0.000000,-2.000000,-1000.000000,-1000.000000,0.000000
2.0,1000,4,4863,0.000000,0.000000,0.000000,-2.000000,-1000.000000,-1000.000000,0.000000
2.0,1000,4,4864,0.000000,0.000000,0.000000,-2.000000,-1000.000000,-1000.000000,0.000000
2.0,1000,4,4865,10.575720,1819.422482,0.000089,8.575720,819.422482,-999.999911,0.625070
2.0,1000,4,4866,10.074800,2126.215375,0.000402,8.074800,1126.215375,-999.999598,0.658166
2.0,1000,4,4867,19.046710,1871.448629,0.000099,17.046710,871.448629,-999.999901,0.767489
2.0,1000,4,4868,0.000000,0.000000,0.000000,-2.000000,-1000.000000,-1000.000000,0.000000
2.0,1000,4,4869,7.122695,1978.845978,0.000093,5.122695,978.845978,-999.999907,0.867301
2.0,1000,4,4870,8.767364,2296.243110,0.000000,6.767364,1296.243110,-1000.000000,0.179414
2.0,1000,4,4871,6.699730,2258.787583,0.000000,4.699730,1258.787583,-1000.000000,0.732110
2.0,1000,4,4872,9.988633,2628.717025,0.000292,7.988633,1628.717025,-999.999708,0.849207
2.0,1000,4,4873,5.181347,2016.704373,0.000093,3.181347,1016.704373,-999.999907,0.717864
2.0,1000,4,4874,6.111166,2022.212951,0.000357,4.111166,1022.212951,-999.999643,0.611825
2.0,1000,4,4875,6.026887,1728.123410,0.000021,4.026887,728.123410,-999.999979,0.867944
2.0,1000,4,4876,0.000000,0.000000,0.000000,-2.000000,-1000.000000,-1000.000000,0.000000
2.0,1000,4,4877,25.622511,2298.160434,0.000335,23.622511,1298.160434,-999.999665,0.407407
2.0,1000,4,4878,0.000000,0.000000,0.000000,-2.000000,-1000.000000,-1000.000000,0.000000
2.0,1000,4,4879,0.000000,0.000000,0.000000,-2.000000,-1000.000000,-1000.000000,0.000000
2.0,1000,4,4880,7.493293,1812.330660,0.000000,5.493293,812.330660,-1000.000000,0.628740
2.0,1000,4,4881,7.544780,1802.170830,0.000272,5.544780,802.170830,-999.999728,0.759412
2.0,1000,4,4882,7.764506,1660.738973,0.000067,5.764506,660.738973,-999.999933,0.878146
2.0,1000,4,4883,0.000000,0.000000,0.000000,-2.000000,-1000.000000,-1000.000000,0.000000
2.0,1000,4,4884,0.000000,0.000000,0.000000,-2.000000,-1000.000000,-1000.000000,0.000000
2.0,1000,4,4885,15.362574,1941.218613,0.000013,13.362574,941.218613,-999.999987,0.195837
2.0,1000,4,4886,3.801541,2115.818322,0.000000,1.801541,1115.818322,-1000.000000,0.674772
2.0,1000,4,4887,13.923551,1898.924138,0.000000,11.923551,898.924138,-1000.000000,0.140016
2.0,1000,4,4888,0.000000,0.000000,0.000000,-2.000000,-1000.000000,-1000.000000,0.000000
2.0,1000,4,4889,0.000000,0.000000,0.000000,-2.000000,-1000.000000,-1000.000000,0.000000
2.0,1000,4,4890,0.000000,0.000000,0.000000,-2.000000,-1000.000000,-1000.000000,0.000000
2.0,1000,4,4891,0.000000,0.000000,0.000000,-2.000000,-1000.000000,-1000.000000,0.000000
2.0,1000,4,4892,0.000000,0.000000,0.000000,-2.000000,-1000.000000,-1000.000000,0.000000
2.0,1000,4,4893,6.380002,1801.546648,0.000064,4.380002,801.546648,-999.999936,0.868016
2.0,1000,4,4894,0.000000,0.000000,0.000000,-2.000000,-1000.000000,-1000.000000,0.000000
2.0,1000,4,4895,0.000000,0.000000,0.000000,-2.000000,-1000.000000,-1000.000000,0.000000
2.0,1000,4,4896,10.547410,1856.686387,0.000287,8.547410,856.686387,-999.999713,-0.212371
2.0,1000,4,4897,0.000000,0.000000,0.000000,-2.000000,-1000.000000,-1000.000000,0.000000
2.0,1000,4,4898,7.122563,2401.242702,0.000069,5.122563,1401.242702,-999.999931,0.710821
2.0,1000,4,4899,5.833601,2609.431617,0.000158,3.833601,1609.431617,-999.999842,0.552416
2.0,1000,4,4900,0.000000,0.000000,0.000000,-2.000000,-1000.000000,-1000.000000,0.000000
2.0,1000,4,4901,0.000000,0.000000,0.000000,-2.000000,-1000.000000,-1000.000000,0.000000
2.0,1000,4,4902,11.677429,1807.324594,0.000328,9.677429,807.324594,-999.999672,0.661480
2.0,1000,4,4903,0.000000,0.000000,0.000000,-2.000000,-1000.000000,-1000.000000,0.000000
2.0,1000,4,4904,0.000000,0.000000,0.000000,-2.000000,-1000.000000,-1000.000000,0.000000
2.0,1000,4,4905,0.000000,0.000000,0.000000,-2.000000,-1000.000000,-1000.000000,0.000000
2.0,1000,4,4906,11.304736,1899.023433,0.000176,9.304736,899.023433,-999.999824,0.778306
2.0,1000,4,4907,5.594306,2048.000043,0.000000,3.594306,1048.000043,-1000.000000,0.236373
2.0,1000,4,4908,0.000000,0.000000,0.000000,-2.000000,-1000.000000,-1000.000000,0.000000
2.0,1000,4,4909,0.000000,0.000000,0.000000,-2.000000,-1000.000000,-1000.000000,0.000000
2.0,1000,4,4910,0.000000,0.000000,0.000000,-2.000000,-1000.000000,-1000.000000,0.000000
2.0,1000,4,4911,5.919068,2050.537647,0.000000,3.919068,1050.537647,-1000.000000,0.531492
2.0,1000,4,4912,6.183887,2261.558780,0.000134,4.183887,1261.558780,-999.999866,0.843528
2.0,1000,4,4913,0.000000,0.000000,0.000000,-2.000000,-1000.000000,-1000.000000,0.000000
2.0,1000,4,4914,15.849072,1901.551046,0.000275,13.849072,901.551046,-999.999725,0.887039
2.0,1000,4,4915,1.954461,810.372788,951.504182,-0.045539,-189.627212,-48.495818,0.565848
2.0,1000,4,4916,0.000000,0.000000,0.000000,-2.000000,-1000.000000,-1000.000000,0.000000
2.0,1000,4,4917,0.000000,0.000000,0.000000,-2.000000,-1000.000000,-1000.000000,0.000000
2.0,1000,4,4918,0.000000,0.000000,0.000000,-2.000000,-1000.000000,-1000.000000,0.000000
2.0,1000,4,4919,7.530637,1738.830960,0.000153,5.530637,738.830960,-999.999847,0.738839
2.0,1000,4,4920,0.000000,0.000000,0.000000,-2.000000,-1000.000000,-1000.000000,0.000000
2.0,1000,4,4921,0.000000,0.000000,0.000000,-2.000000,-1000.000000,-1000.000000,0.000000
2.0,1000,4,4922,18.787083,1633.300330,0.000066,16.787083,633.300330,-999.999934,0.780143
2.0,1000,4,4923,14.149452,2228.499423,0.000209,12.149452,1228.499423,-999.999791,0.190356
2.0,1000,4,4924,4.238432,2095.937099,0.000000,2.238432,1095.937099,-1000.000000,0.334670
2.0,1000,4,4925,0.000000,0.000000,0.000000,-2.000000,-1000.000000,-1000.000000,0.000000
2.0,1000,4,4926,12.665048,2260.006491,0.000000,10.665048,1260.006491,-1000.000000,0.271033
2.0,1000,4,4927,12.173077,1841.104519,0.000024,10.173077,841.104519,-999.999976,0.504078
2.0,1000,4,4928,4.412938,2018.305873,0.000000,2.412938,1018.305873,-1000.000000,0.516445
2.0,1000,4,4929,13.485358,2056.462045,0.000310,11.485358,1056.462045,-999.999690,0.836607
2.0,1000,4,4930,32.275454,1848.229615,0.000470,30.275454,848.229615,-999.999530,-0.649930
2.0,1000,4,4931,0.000000,0.000000,0.000000,-2.000000,-1000.000000,-1000.000000,0.000000
2.0,1000,4,4932,7.418447,2131.080147,0.000268,5.418447,1131.080147,-999.999732,0.761695
2.0,1000,4,4933,0.000000,0.000000,0.000000,-2.000000,-1000.000000,-1000.000000,0.000000
2.0,1000,4,4934,8.120962,2107.295985,0.000121,6.120962,1107.295985,-999.999879,0.819772
2.0,1000,4,4935,0.000000,0.000000,0.000000,-2.000000,-1000.000000,-1000.000000,0.000000
2.0,1000,4,4936,17.424690,1917.237630,0.000326,15.424690,917.237630,-999.999674,0.646264
2.0,1000,4,4937,0.000000,0.000000,0.000000,-2.000000,-1000.000000,-1000.000000,0.000000
2.0,1000,4,4938,0.000000,0.000000,0.000000,-2.000000,-1000.000000,-1000.000000,0.000000
2.0,1000,4,4939,0.000000,0.000000,0.000000,-2.000000,-1000.000000,-1000.000000,0.000000
2.0,1000,4,4940,7.518412,1674.384891,0.000000,5.518412,674.384891,-1000.000000,0.562790
2.0,1000,4,4941,5.024620,1978.784623,0.000000,3.024620,978.784623,-1000.000000,0.484423
2.0,1000,4,4942,7.124362,2148.944192,0.000019,5.124362,1148.944192,-999.999981,0.756080
2.0,1000,4,4943,0.000000,0.000000,0.000000,-2.000000,-1000.000000,-1000.000000,0.000000
2.0,1000,4,4944,0.000000,0.000000,0.000000,-2.000000,-1000.000000,-1000.000000,0.000000
2.0,1000,4,4945,0.000000,0.000000,0.000000,-2.000000,-1000.000000,-1000.000000,0.000000
2.0,1000,4,4946,8.644865,1793.635723,0.000138,6.644865,793.635723,-999.999862,0.834455
2.0,1000,4,4947,6.175999,2089.192955,0.000000,4.175999,1089.192955,-1000.000000,-0.269512
2.0,1000,4,4948,6.872681,2413.345432,0.000294,4.872681,1413.345432,-999.999706,0.796776
2.0,1000,4,4949,9.739714,2335.851779,0.000174,7.739714,1335.851779,-999.999826,0.658891
2.0,1000,4,4950,0.000000,0.000000,0.000000,-2.000000,-1000.000000,-1000.000000,0.000000
2.0,1000,4,4951,7.976743,1649.988833,0.000262,5.976743,649.988833,-999.999738,0.239299
2.0,1000,4,4952,8.297605,1970.465607,0.000263,6.297605,970.465607,-999.999737,0.768377
2.0,1000,4,4953,10.901545,1677.667097,0.000195,8.901545,677.667097,-999.999805,0.545341
2.0,1000,4,4954,0.000000,0.000000,0.000000,-2.000000,-1000.000000,-1000.000000,0.000000
2.0,1000,4,4955,22.786433,2044.172331,0.000398,20.786433,1044.172331,-999.999602,0.047373
2.0,1000,4,4956,0.000000,0.000000,0.000000,-2.000000,-1000.000000,-1000.000000,0.000000
2.0,1000,4,4957,12.430152,2004.524817,0.000000,10.430152,1004.524817,-1000.000000,0.424257
2.0,1000,4,4958,6.974149,1867.128132,0.000000,4.974149,867.128132,-1000.000000,0.286829
2.0,1000,4,4959,7.246115,2033.575941,0.000172,5.246115,1033.575941,-999.999828,0.664267
2.0,1000,4,4960,9.881850,1848.103793,0.000101,7.881850,848.103793,-999.999899,0.679009
2.0,1000,4,4961,0.000000,0.000000,0.000000,-2.000000,-1000.000000,-1000.000000,0.000000
2.0,1000,4,4962,4.463458,2064.090943,0.000000,2.463458,1064.090943,-1000.000000,0.534563
2.0,1000,4,4963,0.000000,0.000000,0.000000,-2.000000,-1000.000000,-1000.000000,0.000000
2.0,1000,4,4964,5.609674,1985.229609,0.000327,3.609674,985.229609,-999.999673,0.814279
2.0,1000,4,4965,5.853912,2126.766291,0.000000,3.853912,1126.766291,-1000.000000,0.441613
2.0,1000,4,4966,7.221926,2167.828123,0.000029,5.221926,1167.828123,-999.999971,0.650172
2.0,1000,4,4967,34.616723,1668.453449,0.000232,32.616723,668.453449,-999.999768,0.640026
2.0,1000,4,4968,10.635866,1892.652936,0.000000,8.635866,892.652936,-1000.000000,0.332673
2.0,1000,4,4969,0.000000,0.000000,0.000000,-2.000000,-1000.000000,-1000.000000,0.000000
2.0,1000,4,4970,5.982675,2787.732778,0.000000,3.982675,1787.732778,-1000.000000,0.522477
2.0,1000,4,4971,6.470711,2146.104219,0.000074,4.470711,1146.104219,-999.999926,0.885538
2.0,1000,4,4972,6.440546,1930.072136,0.000000,4.440546,930.072136,-1000.000000,0.483628
2.0,1000,4,4973,13.238343,2068.192894,0.000000,11.238343,1068.192894,-1000.000000,0.197188
2.0,1000,4,4974,0.000000,0.000000,0.000000,-2.000000,-1000.000000,-1000.000000,0.000000
2.0,1000,4,4975,7.309106,1821.387387,0.000062,5.309106,821.387387,-999.999938,0.729248
2.0,1000,4,4976,0.000000,0.000000,0.000000,-2.000000,-1000.000000,-1000.000000,0.000000
2.0,1000,4,4977,0.000000,0.000000,0.000000,-2.000000,-1000.000000,-1000.000000,0.000000
2.0,1000,4,4978,5.775275,2386.900605,0.000000,3.775275,1386.900605,-1000.000000,0.717685
2.0,1000,4,4979,9.799562,2268.758584,0.000178,7.799562,1268.758584,-999.999822,0.650833
2.0,1000,4,4980,3.025480,1300.065799,906.152483,1.025480,300.065799,-93.847517,0.598304
2.0,1000,4,4981,19.780235,1794.107142,0.000432,17.780235,794.107142,-999.999568,0.606926
2.0,1000,4,4982,0.000000,0.000000,0.000000,-2.000000,-1000.000000,-1000.000000,0.000000
2.0,1000,4,4983,0.000000,0.000000,0.000000,-2.000000,-1000.000000,-1000.000000,0.000000
2.0,1000,4,4984,0.000000,0.000000,0.000000,-2.000000,-1000.000000,-1000.000000,0.000000
2.0,1000,4,4985,7.224494,1961.534014,0.000232,5.224494,961.534014,-999.999768,0.384224
2.0,1000,4,4986,0.000000,0.000000,0.000000,-2.000000,-1000.000000,-1000.000000,0.000000
2.0,1000,4,4987,5.310843,2046.090326,0.000451,3.310843,1046.090326,-999.999549,0.589423
2.0,1000,4,4988,11.900829,1865.750214,0.000000,9.900829,865.750214,-1000.000000,0.277344
2.0,1000,4,4989,0.000000,0.000000,0.000000,-2.000000,-1000.000000,-1000.000000,0.000000
2.0,1000,4,4990,9.024194,1684.213063,0.000360,7.024194,684.213063,-999.999640,0.710746
2.0,1000,4,4991,0.000000,0.000000,0.000000,-2.000000,-1000.000000,-1000.000000,0.000000
2.0,1000,4,4992,10.057920,1961.523623,0.000000,8.057920,961.523623,-1000.000000,-0.542855
2.0,1000,4,4993,9.477323,2419.945310,0.000392,7.477323,1419.945310,-999.999608,0.541427
2.0,1000,4,4994,21.513939,1702.381369,0.000044,19.513939,702.381369,-999.999956,0.676389
2.0,1000,4,4995,0.000000,0.000000,0.000000,-2.000000,-1000.000000,-1000.000000,0.000000
2.0,1000,4,4996,0.000000,0.000000,0.000000,-2.000000,-1000.000000,-1000.000000,0.000000
2.0,1000,4,4997,0.000000,0.000000,0.000000,-2.000000,-1000.000000,-1000.000000,0.000000
2.0,1000,4,4998,9.001183,1774.183687,0.000072,7.001183,774.183687,-999.999928,0.746657
2.0,1000,4,4999,5.768302,2036.885969,0.000108,3.768302,1036.885969,-999.999892,0.862079
2.0,1000,4,5000,0.000000,0.000000,0.000000,-2.000000,-1000.000000,-1000.000000,0.000000
