beta_true,eta_true,sample_size,sim_id,est_beta,est_eta,est_gamma,bias_beta,bias_eta,bias_gamma,r_squared
2.0,1000,15,1,2.604915,958.008776,1067.641001,0.604915,-41.991224,67.641001,0.919352
2.0,1000,15,2,1.390331,456.117397,1154.359763,-0.609669,-543.882603,154.359763,0.858562
2.0,1000,15,3,1.427362,643.907199,1342.870786,-0.572638,-356.092801,342.870786,0.886173
2.0,1000,15,4,3.412153,1263.669675,845.142754,1.412153,263.669675,-154.857246,0.908743
2.0,1000,15,5,8.450610,1912.627086,0.000000,6.450610,912.627086,-1000.000000,0.874876
2.0,1000,15,6,1.521002,859.563110,1083.999821,-0.478998,-140.436890,83.999821,0.882953
2.0,1000,15,7,1.195654,705.149631,1114.003529,-0.804346,-294.850369,114.003529,0.755155
2.0,1000,15,8,1.458311,545.529956,1309.403795,-0.541689,-454.470044,309.403795,0.815462
2.0,1000,15,9,1.863111,829.133453,1182.113266,-0.136889,-170.866547,182.113266,0.903885
2.0,1000,15,10,0.000000,0.000000,0.000000,-2.000000,-1000.000000,-1000.000000,0.000000
2.0,1000,15,11,0.000000,0.000000,0.000000,-2.000000,-1000.000000,-1000.000000,0.000000
2.0,1000,15,12,5.982905,2081.337105,0.000073,3.982905,1081.337105,-999.999927,0.947732
2.0,1000,15,13,1.566677,715.299799,1086.308956,-0.433323,-284.700201,86.308956,0.874248
2.0,1000,15,14,6.236901,1998.975298,0.000115,4.236901,998.975298,-999.999885,0.937413
2.0,1000,15,15,2.214697,923.671279,912.399775,0.214697,-76.328721,-87.600225,0.919375
2.0,1000,15,16,1.562447,898.296053,1006.401886,-0.437553,-101.703947,6.401886,0.880275
2.0,1000,15,17,1.524203,837.453875,1222.722171,-0.475797,-162.546125,222.722171,0.884295
2.0,1000,15,18,5.142502,2322.142463,0.000032,3.142502,1322.142463,-999.999968,0.938240
2.0,1000,15,19,6.030393,1916.154272,0.000110,4.030393,916.154272,-999.999890,0.956811
2.0,1000,15,20,2.538978,1086.010781,916.269774,0.538978,86.010781,-83.730226,0.924568
2.0,1000,15,21,1.796926,945.428002,1143.928099,-0.203074,-54.571998,143.928099,0.897500
2.0,1000,15,22,2.409506,1064.570230,814.085933,0.409506,64.570230,-185.914067,0.894430
2.0,1000,15,23,0.000000,0.000000,0.000000,-2.000000,-1000.000000,-1000.000000,0.000000
2.0,1000,15,24,8.364775,2281.606969,0.000143,6.364775,1281.606969,-999.999857,0.912137
2.0,1000,15,25,1.241639,739.502465,1177.636091,-0.758361,-260.497535,177.636091,0.794553
2.0,1000,15,26,0.000000,0.000000,0.000000,-2.000000,-1000.000000,-1000.000000,0.000000
2.0,1000,15,27,3.550816,1389.253996,807.161147,1.550816,389.253996,-192.838853,0.920818
2.0,1000,15,28,1.590554,809.394737,1109.914324,-0.409446,-190.605263,109.914324,0.847680
2.0,1000,15,29,2.337434,1022.944273,1039.523625,0.337434,22.944273,39.523625,0.909362
2.0,1000,15,30,0.000000,0.000000,0.000000,-2.000000,-1000.000000,-1000.000000,0.000000
2.0,1000,15,31,1.743667,1110.007974,918.717024,-0.256333,110.007974,-81.282976,0.874566
2.0,1000,15,32,2.359558,1081.980648,866.753515,0.359558,81.980648,-133.246485,0.927964
2.0,1000,15,33,1.442679,1026.021813,1077.972923,-0.557321,26.021813,77.972923,0.869120
2.0,1000,15,34,0.000000,0.000000,0.000000,-2.000000,-1000.000000,-1000.000000,0.000000
2.0,1000,15,35,0.000000,0.000000,0.000000,-2.000000,-1000.000000,-1000.000000,0.000000
2.0,1000,15,36,6.166228,2164.524158,0.000024,4.166228,1164.524158,-999.999976,0.878833
2.0,1000,15,37,1.307154,854.701174,1218.033953,-0.692846,-145.298826,218.033953,0.843914
2.0,1000,15,38,1.209447,727.095311,1087.243547,-0.790553,-272.904689,87.243547,0.733067
2.0,1000,15,39,1.757160,818.501717,1039.658296,-0.242840,-181.498283,39.658296,0.879884
2.0,1000,15,40,1.742327,733.525455,1128.565789,-0.257673,-266.474545,128.565789,0.916399
2.0,1000,15,41,5.273374,1966.573504,0.000054,3.273374,966.573504,-999.999946,0.915859
2.0,1000,15,42,2.172734,1174.657361,888.294423,0.172734,174.657361,-111.705577,0.860213
2.0,1000,15,43,2.042031,786.170944,994.430338,0.042031,-213.829056,-5.569662,0.883969
2.0,1000,15,44,0.000000,0.000000,0.000000,-2.000000,-1000.000000,-1000.000000,0.000000
2.0,1000,15,45,7.914177,1840.852875,0.000000,5.914177,840.852875,-1000.000000,0.884387
2.0,1000,15,46,6.128380,2124.942526,0.000000,4.128380,1124.942526,-1000.000000,0.899269
2.0,1000,15,47,1.980242,1192.790343,920.213255,-0.019758,192.790343,-79.786745,0.904059
2.0,1000,15,48,1.379986,533.152196,1246.190978,-0.620014,-466.847804,246.190978,0.861887
2.0,1000,15,49,1.735081,835.550983,1086.798063,-0.264919,-164.449017,86.798063,0.881535
2.0,1000,15,50,0.000000,0.000000,0.000000,-2.000000,-1000.000000,-1000.000000,0.000000
2.0,1000,15,51,2.242413,1198.868556,831.066766,0.242413,198.868556,-168.933234,0.864787
2.0,1000,15,52,5.528327,2196.802548,0.000086,3.528327,1196.802548,-999.999914,0.952818
2.0,1000,15,53,0.000000,0.000000,0.000000,-2.000000,-1000.000000,-1000.000000,0.000000
2.0,1000,15,54,0.000000,0.000000,0.000000,-2.000000,-1000.000000,-1000.000000,0.000000
2.0,1000,15,55,2.765259,1149.728614,921.659842,0.765259,149.728614,-78.340158,0.900398
2.0,1000,15,56,1.510113,576.491192,1263.015466,-0.489887,-423.508808,263.015466,0.886750
2.0,1000,15,57,1.925832,937.573874,1230.693998,-0.074168,-62.426126,230.693998,0.889405
2.0,1000,15,58,1.440934,619.919049,1351.135732,-0.559066,-380.080951,351.135732,0.862372
2.0,1000,15,59,1.649963,928.900107,1064.138962,-0.350037,-71.099893,64.138962,0.862815
2.0,1000,15,60,1.158324,718.087373,1280.816118,-0.841676,-281.912627,280.816118,0.675243
2.0,1000,15,61,3.650289,1460.150409,624.677873,1.650289,460.150409,-375.322127,0.907014
2.0,1000,15,62,5.109360,1869.156360,0.000041,3.109360,869.156360,-999.999959,0.942945
2.0,1000,15,63,1.663270,992.174008,1081.577354,-0.336730,-7.825992,81.577354,0.908237
2.0,1000,15,64,0.000000,0.000000,0.000000,-2.000000,-1000.000000,-1000.000000,0.000000
2.0,1000,15,65,0.000000,0.000000,0.000000,-2.000000,-1000.000000,-1000.000000,0.000000
2.0,1000,15,66,1.206897,679.340234,1209.722840,-0.793103,-320.659766,209.722840,0.810091
2.0,1000,15,67,2.306007,905.343571,955.354222,0.306007,-94.656429,-44.645778,0.931653
2.0,1000,15,68,0.000000,0.000000,0.000000,-2.000000,-1000.000000,-1000.000000,0.000000
2.0,1000,15,69,0.000000,0.000000,0.000000,-2.000000,-1000.000000,-1000.000000,0.000000
2.0,1000,15,70,1.884182,969.803123,1051.864764,-0.115818,-30.196877,51.864764,0.801301
2.0,1000,15,71,1.453800,840.750993,1075.036207,-0.546200,-159.249007,75.036207,0.887033
2.0,1000,15,72,5.702268,1987.776084,0.000115,3.702268,987.776084,-999.999885,0.957177
2.0,1000,15,73,2.865370,1012.318409,966.354591,0.865370,12.318409,-33.645409,0.934622
2.0,1000,15,74,2.166605,992.416423,977.642319,0.166605,-7.583577,-22.357681,0.940227
2.0,1000,15,75,2.076619,1046.318032,912.495810,0.076619,46.318032,-87.504190,0.913113
2.0,1000,15,76,0.000000,0.000000,0.000000,-2.000000,-1000.000000,-1000.000000,0.000000
2.0,1000,15,77,2.893859,1080.913488,970.063586,0.893859,80.913488,-29.936414,0.914257
2.0,1000,15,78,0.000000,0.000000,0.000000,-2.000000,-1000.000000,-1000.000000,0.000000
2.0,1000,15,79,1.457154,683.978321,1168.935780,-0.542846,-316.021679,168.935780,0.823924
2.0,1000,15,80,2.110466,746.825780,1087.532793,0.110466,-253.174220,87.532793,0.924634
2.0,1000,15,81,0.000000,0.000000,0.000000,-2.000000,-1000.000000,-1000.000000,0.000000
2.0,1000,15,82,1.245987,887.396720,1191.631310,-0.754013,-112.603280,191.631310,0.784240
2.0,1000,15,83,4.939210,1423.760250,573.257517,2.939210,423.760250,-426.742483,0.928698
2.0,1000,15,84,1.597907,1007.108779,1052.105020,-0.402093,7.108779,52.105020,0.855586
2.0,1000,15,85,3.076595,1019.979192,919.007405,1.076595,19.979192,-80.992595,0.904774
2.0,1000,15,86,0.000000,0.000000,0.000000,-2.000000,-1000.000000,-1000.000000,0.000000
2.0,1000,15,87,1.740462,989.619195,1052.378336,-0.259538,-10.380805,52.378336,0.900431
2.0,1000,15,88,2.498698,938.170056,1070.604660,0.498698,-61.829944,70.604660,0.942452
2.0,1000,15,89,0.000000,0.000000,0.000000,-2.000000,-1000.000000,-1000.000000,0.000000
2.0,1000,15,90,1.707420,886.192012,1085.679504,-0.292580,-113.807988,85.679504,0.896811
2.0,1000,15,91,1.666287,776.118407,1331.844051,-0.333713,-223.881593,331.844051,0.904510
2.0,1000,15,92,1.214189,511.705163,1309.266899,-0.785811,-488.294837,309.266899,0.777032
2.0,1000,15,93,2.471107,1262.901681,863.706077,0.471107,262.901681,-136.293923,0.944140
2.0,1000,15,94,0.000000,0.000000,0.000000,-2.000000,-1000.000000,-1000.000000,0.000000
2.0,1000,15,95,0.000000,0.000000,0.000000,-2.000000,-1000.000000,-1000.000000,0.000000
2.0,1000,15,96,1.729290,717.930189,1231.833496,-0.270710,-282.069811,231.833496,0.922825
2.0,1000,15,97,1.922226,663.914206,1137.024355,-0.077774,-336.085794,137.024355,0.896971
2.0,1000,15,98,1.528405,886.028683,1157.129707,-0.471595,-113.971317,157.129707,0.853182
2.0,1000,15,99,1.259260,719.766535,1432.528838,-0.740740,-280.233465,432.528838,0.765851
2.0,1000,15,100,1.515736,815.367729,1211.348763,-0.484264,-184.632271,211.348763,0.845747
2.0,1000,15,101,1.422597,526.497853,1245.340244,-0.577403,-473.502147,245.340244,0.829708
2.0,1000,15,102,1.429207,528.587533,1405.843345,-0.570793,-471.412467,405.843345,0.858379
2.0,1000,15,103,0.000000,0.000000,0.000000,-2.000000,-1000.000000,-1000.000000,0.000000
2.0,1000,15,104,1.142514,560.259150,1377.244407,-0.857486,-439.740850,377.244407,0.694984
2.0,1000,15,105,5.201088,2129.299661,0.000000,3.201088,1129.299661,-1000.000000,0.917970
2.0,1000,15,106,2.319318,936.464789,938.535663,0.319318,-63.535211,-61.464337,0.912942
2.0,1000,15,107,0.000000,0.000000,0.000000,-2.000000,-1000.000000,-1000.000000,0.000000
2.0,1000,15,108,2.465673,1275.602286,858.618394,0.465673,275.602286,-141.381606,0.844180
2.0,1000,15,109,4.608393,1382.350169,478.404830,2.608393,382.350169,-521.595170,0.942067
2.0,1000,15,110,3.276643,956.690063,1183.104079,1.276643,-43.309937,183.104079,0.904046
2.0,1000,15,111,2.307066,979.701542,1129.853828,0.307066,-20.298458,129.853828,0.916915
2.0,1000,15,112,3.109226,1471.514134,649.831958,1.109226,471.514134,-350.168042,0.939842
2.0,1000,15,113,4.391062,1544.465178,345.736512,2.391062,544.465178,-654.263488,0.895744
2.0,1000,15,114,0.000000,0.000000,0.000000,-2.000000,-1000.000000,-1000.000000,0.000000
2.0,1000,15,115,6.182061,2282.789580,0.000175,4.182061,1282.789580,-999.999825,0.917907
2.0,1000,15,116,1.678530,968.047360,956.175364,-0.321470,-31.952640,-43.824636,0.900264
2.0,1000,15,117,1.270093,639.444473,1246.542632,-0.729907,-360.555527,246.542632,0.836881
2.0,1000,15,118,0.000000,0.000000,0.000000,-2.000000,-1000.000000,-1000.000000,0.000000
2.0,1000,15,119,2.056437,1095.463592,999.205034,0.056437,95.463592,-0.794966,0.915557
2.0,1000,15,120,1.819509,764.277056,1317.332968,-0.180491,-235.722944,317.332968,0.917487
2.0,1000,15,121,1.835763,1100.580647,962.891641,-0.164237,100.580647,-37.108359,0.905765
2.0,1000,15,122,0.000000,0.000000,0.000000,-2.000000,-1000.000000,-1000.000000,0.000000
2.0,1000,15,123,2.936884,1345.568700,683.547306,0.936884,345.568700,-316.452694,0.922517
2.0,1000,15,124,2.422969,1310.524260,863.005806,0.422969,310.524260,-136.994194,0.912150
2.0,1000,15,125,1.567422,866.110475,1091.428485,-0.432578,-133.889525,91.428485,0.796119
2.0,1000,15,126,5.055464,2458.125934,0.000064,3.055464,1458.125934,-999.999936,0.967286
2.0,1000,15,127,2.584985,1352.650255,929.346778,0.584985,352.650255,-70.653222,0.932126
2.0,1000,15,128,1.679875,845.938737,1170.121675,-0.320125,-154.061263,170.121675,0.889465
2.0,1000,15,129,0.000000,0.000000,0.000000,-2.000000,-1000.000000,-1000.000000,0.000000
2.0,1000,15,130,2.114711,808.102405,1140.341995,0.114711,-191.897595,140.341995,0.922066
2.0,1000,15,131,2.980781,1096.978828,900.844274,0.980781,96.978828,-99.155726,0.940753
2.0,1000,15,132,3.286695,1506.345825,621.559523,1.286695,506.345825,-378.440477,0.935816
2.0,1000,15,133,1.849876,898.086204,1276.467989,-0.150124,-101.913796,276.467989,0.882926
2.0,1000,15,134,1.512346,735.339163,1179.173309,-0.487654,-264.660837,179.173309,0.863338
2.0,1000,15,135,2.381496,1200.799350,881.757433,0.381496,200.799350,-118.242567,0.917356
2.0,1000,15,136,6.948139,1924.355621,0.000051,4.948139,924.355621,-999.999949,0.908802
2.0,1000,15,137,5.881153,1985.416703,0.000314,3.881153,985.416703,-999.999686,0.915876
2.0,1000,15,138,2.304070,1289.245914,814.009351,0.304070,289.245914,-185.990649,0.934708
2.0,1000,15,139,3.140030,385.070287,1276.062003,1.140030,-614.929713,276.062003,0.913784
2.0,1000,15,140,4.838488,2124.870389,0.000029,2.838488,1124.870389,-999.999971,0.898919
2.0,1000,15,141,1.721914,627.836640,1451.704298,-0.278086,-372.163360,451.704298,0.897524
2.0,1000,15,142,2.678417,1172.986923,1114.694180,0.678417,172.986923,114.694180,0.900886
2.0,1000,15,143,0.000000,0.000000,0.000000,-2.000000,-1000.000000,-1000.000000,0.000000
2.0,1000,15,144,1.172160,638.386009,1258.281024,-0.827840,-361.613991,258.281024,0.788384
2.0,1000,15,145,2.374427,933.892564,986.032956,0.374427,-66.107436,-13.967044,0.924171
2.0,1000,15,146,1.756290,812.470293,1100.612413,-0.243710,-187.529707,100.612413,0.907261
2.0,1000,15,147,0.000000,0.000000,0.000000,-2.000000,-1000.000000,-1000.000000,0.000000
2.0,1000,15,148,6.838034,2015.008918,0.000265,4.838034,1015.008918,-999.999735,0.751858
2.0,1000,15,149,0.000000,0.000000,0.000000,-2.000000,-1000.000000,-1000.000000,0.000000
2.0,1000,15,150,2.217728,1173.127406,898.326066,0.217728,173.127406,-101.673934,0.905943
2.0,1000,15,151,1.315496,732.839422,1135.867784,-0.684504,-267.160578,135.867784,0.842741
2.0,1000,15,152,0.000000,0.000000,0.000000,-2.000000,-1000.000000,-1000.000000,0.000000
2.0,1000,15,153,1.636195,834.348844,1117.745165,-0.363805,-165.651156,117.745165,0.877998
2.0,1000,15,154,1.487490,878.645073,1234.381053,-0.512510,-121.354927,234.381053,0.893835
2.0,1000,15,155,1.291785,935.062813,1025.183961,-0.708215,-64.937187,25.183961,0.799904
2.0,1000,15,156,0.000000,0.000000,0.000000,-2.000000,-1000.000000,-1000.000000,0.000000
2.0,1000,15,157,1.383291,807.795470,1089.457961,-0.616709,-192.204530,89.457961,0.858134
2.0,1000,15,158,5.937829,1989.899351,0.000000,3.937829,989.899351,-1000.000000,0.914299
2.0,1000,15,159,1.409612,728.029698,1152.093794,-0.590388,-271.970302,152.093794,0.846607
2.0,1000,15,160,2.649378,1054.808656,850.202993,0.649378,54.808656,-149.797007,0.945704
2.0,1000,15,161,1.264008,675.796791,1276.967458,-0.735992,-324.203209,276.967458,0.816842
2.0,1000,15,162,1.425382,833.532293,1058.214585,-0.574618,-166.467707,58.214585,0.850082
2.0,1000,15,163,2.313802,1268.674079,868.995757,0.313802,268.674079,-131.004243,0.886845
2.0,1000,15,164,1.491508,1026.086896,1138.867318,-0.508492,26.086896,138.867318,0.881976
2.0,1000,15,165,2.268379,854.331011,977.242764,0.268379,-145.668989,-22.757236,0.918875
2.0,1000,15,166,6.361455,1995.316526,0.000019,4.361455,995.316526,-999.999981,0.932382
2.0,1000,15,167,1.215901,657.285339,1305.971785,-0.784099,-342.714661,305.971785,0.816054
2.0,1000,15,168,0.000000,0.000000,0.000000,-2.000000,-1000.000000,-1000.000000,0.000000
2.0,1000,15,169,1.449342,839.134870,1146.379542,-0.550658,-160.865130,146.379542,0.825583
2.0,1000,15,170,0.000000,0.000000,0.000000,-2.000000,-1000.000000,-1000.000000,0.000000
2.0,1000,15,171,1.512426,1096.444514,1085.461456,-0.487574,96.444514,85.461456,0.834947
2.0,1000,15,172,1.993145,1211.252648,875.683185,-0.006855,211.252648,-124.316815,0.836351
2.0,1000,15,173,1.803674,906.477805,1135.744405,-0.196326,-93.522195,135.744405,0.909146
2.0,1000,15,174,2.309972,889.415472,1126.122591,0.309972,-110.584528,126.122591,0.913681
2.0,1000,15,175,1.252580,740.176187,1325.782504,-0.747420,-259.823813,325.782504,0.775205
2.0,1000,15,176,2.533678,1118.140963,851.085219,0.533678,118.140963,-148.914781,0.863953
2.0,1000,15,177,1.756822,918.236430,1104.092201,-0.243178,-81.763570,104.092201,0.913726
2.0,1000,15,178,1.978753,1047.524913,1026.792298,-0.021247,47.524913,26.792298,0.931319
2.0,1000,15,179,6.741121,2106.500433,0.000016,4.741121,1106.500433,-999.999984,0.850773
2.0,1000,15,180,1.179829,506.530354,1328.984905,-0.820171,-493.469646,328.984905,0.771202
2.0,1000,15,181,0.000000,0.000000,0.000000,-2.000000,-1000.000000,-1000.000000,0.000000
2.0,1000,15,182,1.682788,1064.263026,1096.308837,-0.317212,64.263026,96.308837,0.824433
2.0,1000,15,183,1.607176,854.078730,1462.930381,-0.392824,-145.921270,462.930381,0.893088
2.0,1000,15,184,1.552041,813.071132,1267.557984,-0.447959,-186.928868,267.557984,0.884111
2.0,1000,15,185,1.343495,1033.962731,1095.653006,-0.656505,33.962731,95.653006,0.862234
2.0,1000,15,186,1.846741,711.002707,1196.911612,-0.153259,-288.997293,196.911612,0.903776
2.0,1000,15,187,3.283805,1344.920890,692.982804,1.283805,344.920890,-307.017196,0.867894
2.0,1000,15,188,2.382974,927.570228,964.570967,0.382974,-72.429772,-35.429033,0.926005
2.0,1000,15,189,1.412908,661.666065,1303.939703,-0.587092,-338.333935,303.939703,0.827918
2.0,1000,15,190,2.341138,1087.069258,849.452616,0.341138,87.069258,-150.547384,0.888224
2.0,1000,15,191,1.835783,532.577905,1119.314371,-0.164217,-467.422095,119.314371,0.927072
2.0,1000,15,192,1.475708,743.772560,1114.715100,-0.524292,-256.227440,114.715100,0.862739
2.0,1000,15,193,2.235956,1031.081846,897.749775,0.235956,31.081846,-102.250225,0.929372
2.0,1000,15,194,1.757506,863.153655,986.481237,-0.242494,-136.846345,-13.518763,0.837005
2.0,1000,15,195,1.650773,501.812946,1175.575457,-0.349227,-498.187054,175.575457,0.887283
2.0,1000,15,196,1.989287,887.072811,959.010459,-0.010713,-112.927189,-40.989541,0.905590
2.0,1000,15,197,1.348744,935.662826,1055.841828,-0.651256,-64.337174,55.841828,0.862795
2.0,1000,15,198,1.985859,792.393214,1086.793511,-0.014141,-207.606786,86.793511,0.892041
2.0,1000,15,199,1.356951,503.485366,1376.959832,-0.643049,-496.514634,376.959832,0.828278
2.0,1000,15,200,2.313417,742.224583,1376.860440,0.313417,-257.775417,376.860440,0.897419
2.0,1000,15,201,2.095273,1121.183955,1088.879415,0.095273,121.183955,88.879415,0.921337
2.0,1000,15,202,1.498398,634.202716,1274.842554,-0.501602,-365.797284,274.842554,0.881974
2.0,1000,15,203,0.000000,0.000000,0.000000,-2.000000,-1000.000000,-1000.000000,0.000000
2.0,1000,15,204,1.308180,940.687087,1090.739089,-0.691820,-59.312913,90.739089,0.790261
2.0,1000,15,205,1.211720,598.259102,1250.808165,-0.788280,-401.740898,250.808165,0.760794
2.0,1000,15,206,0.000000,0.000000,0.000000,-2.000000,-1000.000000,-1000.000000,0.000000
2.0,1000,15,207,1.459273,755.518555,1046.542936,-0.540727,-244.481445,46.542936,0.858414
2.0,1000,15,208,2.951796,1329.377600,872.015478,0.951796,329.377600,-127.984522,0.871006
2.0,1000,15,209,7.936155,1965.998763,0.000063,5.936155,965.998763,-999.999937,0.919312
2.0,1000,15,210,1.162639,568.420243,1472.203489,-0.837361,-431.579757,472.203489,0.768602
2.0,1000,15,211,1.547669,731.306046,1127.750820,-0.452331,-268.693954,127.750820,0.822353
2.0,1000,15,212,2.390668,1023.102790,933.846943,0.390668,23.102790,-66.153057,0.921054
2.0,1000,15,213,2.861413,985.085814,972.512879,0.861413,-14.914186,-27.487121,0.908835
2.0,1000,15,214,1.444565,613.818914,1382.966383,-0.555435,-386.181086,382.966383,0.857611
2.0,1000,15,215,1.318597,667.613653,1175.725366,-0.681403,-332.386347,175.725366,0.830185
2.0,1000,15,216,1.231878,624.518948,1294.399171,-0.768122,-375.481052,294.399171,0.779392
2.0,1000,15,217,2.021498,803.196323,962.543265,0.021498,-196.803677,-37.456735,0.914531
2.0,1000,15,218,2.082099,1012.596246,1097.147023,0.082099,12.596246,97.147023,0.902742
2.0,1000,15,219,1.553708,866.273785,1157.161339,-0.446292,-133.726215,157.161339,0.843282
2.0,1000,15,220,3.108793,1147.057820,833.665672,1.108793,147.057820,-166.334328,0.865184
2.0,1000,15,221,2.141540,1027.608351,955.597225,0.141540,27.608351,-44.402775,0.934477
2.0,1000,15,222,0.000000,0.000000,0.000000,-2.000000,-1000.000000,-1000.000000,0.000000
2.0,1000,15,223,1.781929,924.441952,1218.164076,-0.218071,-75.558048,218.164076,0.884500
2.0,1000,15,224,0.000000,0.000000,0.000000,-2.000000,-1000.000000,-1000.000000,0.000000
2.0,1000,15,225,4.813075,2112.145617,0.000042,2.813075,1112.145617,-999.999958,0.871509
2.0,1000,15,226,1.355873,505.013597,1266.209372,-0.644127,-494.986403,266.209372,0.859195
2.0,1000,15,227,0.000000,0.000000,0.000000,-2.000000,-1000.000000,-1000.000000,0.000000
2.0,1000,15,228,1.500475,916.376295,1370.205734,-0.499525,-83.623705,370.205734,0.848001
2.0,1000,15,229,1.993048,1052.589475,896.232113,-0.006952,52.589475,-103.767887,0.924910
2.0,1000,15,230,0.000000,0.000000,0.000000,-2.000000,-1000.000000,-1000.000000,0.000000
2.0,1000,15,231,2.811182,857.363263,913.097956,0.811182,-142.636737,-86.902044,0.932032
2.0,1000,15,232,1.405464,680.153228,1354.839784,-0.594536,-319.846772,354.839784,0.880645
2.0,1000,15,233,1.327373,601.435036,1514.132676,-0.672627,-398.564964,514.132676,0.864369
2.0,1000,15,234,2.706434,845.804668,1037.257754,0.706434,-154.195332,37.257754,0.897669
2.0,1000,15,235,1.683217,791.426315,1181.229700,-0.316783,-208.573685,181.229700,0.885107
2.0,1000,15,236,1.559040,667.858025,1062.156884,-0.440960,-332.141975,62.156884,0.855069
2.0,1000,15,237,2.008158,1333.390059,964.320252,0.008158,333.390059,-35.679748,0.921755
2.0,1000,15,238,1.444371,935.679886,1057.319003,-0.555629,-64.320114,57.319003,0.839494
2.0,1000,15,239,0.000000,0.000000,0.000000,-2.000000,-1000.000000,-1000.000000,0.000000
2.0,1000,15,240,1.153511,535.213133,1264.761822,-0.846489,-464.786867,264.761822,0.769005
2.0,1000,15,241,0.000000,0.000000,0.000000,-2.000000,-1000.000000,-1000.000000,0.000000
2.0,1000,15,242,1.830693,882.937356,1076.704992,-0.169307,-117.062644,76.704992,0.899914
2.0,1000,15,243,1.898232,1059.363023,963.346953,-0.101768,59.363023,-36.653047,0.907729
2.0,1000,15,244,1.474658,833.473356,1138.149888,-0.525342,-166.526644,138.149888,0.860396
2.0,1000,15,245,1.451039,867.586044,1062.875282,-0.548961,-132.413956,62.875282,0.827600
2.0,1000,15,246,1.388810,715.674874,1180.918780,-0.611190,-284.325126,180.918780,0.793595
2.0,1000,15,247,2.611514,1094.809004,885.580741,0.611514,94.809004,-114.419259,0.925335
2.0,1000,15,248,1.782695,1019.299787,1048.314409,-0.217305,19.299787,48.314409,0.831781
2.0,1000,15,249,1.312591,569.210251,1313.889538,-0.687409,-430.789749,313.889538,0.837347
2.0,1000,15,250,1.998717,778.315388,1124.038263,-0.001283,-221.684612,124.038263,0.919061
2.0,1000,15,251,3.975331,1348.669389,644.196407,1.975331,348.669389,-355.803593,0.909662
2.0,1000,15,252,1.889775,1193.286329,917.074247,-0.110225,193.286329,-82.925753,0.892124
2.0,1000,15,253,1.288599,776.074759,1211.930604,-0.711401,-223.925241,211.930604,0.819348
2.0,1000,15,254,6.821456,2093.567222,0.000417,4.821456,1093.567222,-999.999583,0.938859
2.0,1000,15,255,2.681463,1194.307092,925.522809,0.681463,194.307092,-74.477191,0.900931
2.0,1000,15,256,5.600924,1999.624479,0.000029,3.600924,999.624479,-999.999971,0.956617
2.0,1000,15,257,1.483069,796.919940,1094.275416,-0.516931,-203.080060,94.275416,0.886778
2.0,1000,15,258,2.145657,1189.094373,808.129496,0.145657,189.094373,-191.870504,0.909000
2.0,1000,15,259,0.000000,0.000000,0.000000,-2.000000,-1000.000000,-1000.000000,0.000000
2.0,1000,15,260,1.726702,896.633883,1154.797274,-0.273298,-103.366117,154.797274,0.875247
2.0,1000,15,261,1.812685,1094.141493,1168.699037,-0.187315,94.141493,168.699037,0.894360
2.0,1000,15,262,2.344001,1036.880649,926.881302,0.344001,36.880649,-73.118698,0.915718
2.0,1000,15,263,1.210669,639.231700,1209.776954,-0.789331,-360.768300,209.776954,0.797948
2.0,1000,15,264,0.000000,0.000000,0.000000,-2.000000,-1000.000000,-1000.000000,0.000000
2.0,1000,15,265,1.844424,936.160378,1170.696849,-0.155576,-63.839622,170.696849,0.883905
2.0,1000,15,266,1.606928,1110.563905,1053.749600,-0.393072,110.563905,53.749600,0.874424
2.0,1000,15,267,0.000000,0.000000,0.000000,-2.000000,-1000.000000,-1000.000000,0.000000
2.0,1000,15,268,6.332362,1876.214428,0.000000,4.332362,876.214428,-1000.000000,0.925820
2.0,1000,15,269,1.554190,770.911301,1112.590240,-0.445810,-229.088699,112.590240,0.842153
2.0,1000,15,270,1.228051,720.348452,1076.883744,-0.771949,-279.651548,76.883744,0.818309
2.0,1000,15,271,2.877573,1169.455399,845.550052,0.877573,169.455399,-154.449948,0.868280
2.0,1000,15,272,1.399146,609.399234,1307.585107,-0.600854,-390.600766,307.585107,0.870302
2.0,1000,15,273,6.712684,2042.146099,0.000059,4.712684,1042.146099,-999.999941,0.961487
2.0,1000,15,274,2.440637,1303.195270,919.704062,0.440637,303.195270,-80.295938,0.893492
2.0,1000,15,275,2.605393,1085.626321,885.792124,0.605393,85.626321,-114.207876,0.944628
2.0,1000,15,276,2.624215,1254.302133,825.162257,0.624215,254.302133,-174.837743,0.921981
2.0,1000,15,277,1.745169,1084.875165,1028.739292,-0.254831,84.875165,28.739292,0.897224
2.0,1000,15,278,1.893871,1051.608651,943.975834,-0.106129,51.608651,-56.024166,0.850328
2.0,1000,15,279,1.326289,925.199911,1177.626389,-0.673711,-74.800089,177.626389,0.848314
2.0,1000,15,280,1.664823,872.582979,1016.556618,-0.335177,-127.417021,16.556618,0.905024
2.0,1000,15,281,1.159858,634.807874,1373.125002,-0.840142,-365.192126,373.125002,0.761849
2.0,1000,15,282,2.218510,955.662001,1051.865495,0.218510,-44.337999,51.865495,0.933947
2.0,1000,15,283,0.000000,0.000000,0.000000,-2.000000,-1000.000000,-1000.000000,0.000000
2.0,1000,15,284,1.838182,674.008036,1464.951520,-0.161818,-325.991964,464.951520,0.891609
2.0,1000,15,285,1.220202,626.815414,1203.968459,-0.779798,-373.184586,203.968459,0.817560
2.0,1000,15,286,2.042999,1030.896379,981.079964,0.042999,30.896379,-18.920036,0.908119
2.0,1000,15,287,1.386620,901.913430,1116.246792,-0.613380,-98.086570,116.246792,0.856598
2.0,1000,15,288,1.870570,1061.231500,954.871372,-0.129430,61.231500,-45.128628,0.920897
2.0,1000,15,289,1.530933,1066.693319,1048.151163,-0.469067,66.693319,48.151163,0.874178
2.0,1000,15,290,1.653011,924.394556,1126.144141,-0.346989,-75.605444,126.144141,0.871949
2.0,1000,15,291,0.000000,0.000000,0.000000,-2.000000,-1000.000000,-1000.000000,0.000000
2.0,1000,15,292,2.064796,835.437253,1049.607814,0.064796,-164.562747,49.607814,0.903618
2.0,1000,15,293,1.438153,765.565777,1062.067541,-0.561847,-234.434223,62.067541,0.881890
2.0,1000,15,294,0.000000,0.000000,0.000000,-2.000000,-1000.000000,-1000.000000,0.000000
2.0,1000,15,295,1.604440,629.524180,1253.032744,-0.395560,-370.475820,253.032744,0.872200
2.0,1000,15,296,2.066515,968.564490,1040.693987,0.066515,-31.435510,40.693987,0.922596
2.0,1000,15,297,3.607580,1419.000104,547.186577,1.607580,419.000104,-452.813423,0.930340
2.0,1000,15,298,1.505786,742.347402,1226.734494,-0.494214,-257.652598,226.734494,0.868469
2.0,1000,15,299,1.393390,555.006807,1139.250866,-0.606610,-444.993193,139.250866,0.835690
2.0,1000,15,300,2.495935,996.507555,867.590835,0.495935,-3.492445,-132.409165,0.905615
2.0,1000,15,301,1.453305,621.860044,1105.806558,-0.546695,-378.139956,105.806558,0.884402
2.0,1000,15,302,1.746907,729.956892,1187.686026,-0.253093,-270.043108,187.686026,0.881859
2.0,1000,15,303,1.485634,908.389811,1287.749264,-0.514366,-91.610189,287.749264,0.833507
2.0,1000,15,304,4.776512,2048.803255,0.000070,2.776512,1048.803255,-999.999930,0.928887
2.0,1000,15,305,1.866627,1037.237489,1300.665998,-0.133373,37.237489,300.665998,0.902955
2.0,1000,15,306,1.238661,572.341684,1289.520833,-0.761339,-427.658316,289.520833,0.825102
2.0,1000,15,307,0.000000,0.000000,0.000000,-2.000000,-1000.000000,-1000.000000,0.000000
2.0,1000,15,308,1.117193,583.320061,1341.902151,-0.882807,-416.679939,341.902151,0.730971
2.0,1000,15,309,1.287094,769.891373,1063.440086,-0.712906,-230.108627,63.440086,0.822683
2.0,1000,15,310,3.225976,1393.960714,717.035629,1.225976,393.960714,-282.964371,0.939581
2.0,1000,15,311,1.443436,791.472668,1131.784021,-0.556564,-208.527332,131.784021,0.878131
2.0,1000,15,312,7.207863,1944.677912,0.000023,5.207863,944.677912,-999.999977,0.893299
2.0,1000,15,313,1.339746,873.601794,1046.507628,-0.660254,-126.398206,46.507628,0.830501
2.0,1000,15,314,1.771756,584.878967,1073.124098,-0.228244,-415.121033,73.124098,0.899749
2.0,1000,15,315,2.200677,799.758268,1045.371252,0.200677,-200.241732,45.371252,0.937437
2.0,1000,15,316,2.046017,1094.718644,1053.747831,0.046017,94.718644,53.747831,0.918059
2.0,1000,15,317,0.000000,0.000000,0.000000,-2.000000,-1000.000000,-1000.000000,0.000000
2.0,1000,15,318,1.244084,980.399382,1205.308582,-0.755916,-19.600618,205.308582,0.823718
2.0,1000,15,319,1.289759,782.300458,1100.881767,-0.710241,-217.699542,100.881767,0.824462
2.0,1000,15,320,1.570898,945.939935,1236.380764,-0.429102,-54.060065,236.380764,0.878360
2.0,1000,15,321,0.000000,0.000000,0.000000,-2.000000,-1000.000000,-1000.000000,0.000000
2.0,1000,15,322,5.538918,1876.447431,0.000169,3.538918,876.447431,-999.999831,0.909349
2.0,1000,15,323,1.258001,518.613826,1365.055440,-0.741999,-481.386174,365.055440,0.834967
2.0,1000,15,324,0.000000,0.000000,0.000000,-2.000000,-1000.000000,-1000.000000,0.000000
2.0,1000,15,325,5.402165,2168.375447,0.000044,3.402165,1168.375447,-999.999956,0.908465
2.0,1000,15,326,0.000000,0.000000,0.000000,-2.000000,-1000.000000,-1000.000000,0.000000
2.0,1000,15,327,2.792514,962.704754,1069.225283,0.792514,-37.295246,69.225283,0.917191
2.0,1000,15,328,1.275387,556.465100,1318.863510,-0.724613,-443.534900,318.863510,0.848467
2.0,1000,15,329,1.357234,785.259270,1365.439571,-0.642766,-214.740730,365.439571,0.840238
2.0,1000,15,330,0.000000,0.000000,0.000000,-2.000000,-1000.000000,-1000.000000,0.000000
2.0,1000,15,331,0.000000,0.000000,0.000000,-2.000000,-1000.000000,-1000.000000,0.000000
2.0,1000,15,332,3.964996,2000.819867,375.841623,1.964996,1000.819867,-624.158377,0.894352
2.0,1000,15,333,1.505096,1000.909957,1027.739135,-0.494904,0.909957,27.739135,0.869506
2.0,1000,15,334,6.982312,1961.116614,0.000139,4.982312,961.116614,-999.999861,0.946867
2.0,1000,15,335,1.868719,831.702216,1227.734482,-0.131281,-168.297784,227.734482,0.898493
2.0,1000,15,336,1.378342,644.865189,1247.859289,-0.621658,-355.134811,247.859289,0.854462
2.0,1000,15,337,2.448359,935.514114,962.999529,0.448359,-64.485886,-37.000471,0.939161
2.0,1000,15,338,1.970115,831.125862,1059.132418,-0.029885,-168.874138,59.132418,0.919823
2.0,1000,15,339,0.000000,0.000000,0.000000,-2.000000,-1000.000000,-1000.000000,0.000000
2.0,1000,15,340,0.000000,0.000000,0.000000,-2.000000,-1000.000000,-1000.000000,0.000000
2.0,1000,15,341,1.346293,676.744033,1185.526138,-0.653707,-323.255967,185.526138,0.831946
2.0,1000,15,342,4.236367,1454.882830,777.455684,2.236367,454.882830,-222.544316,0.894000
2.0,1000,15,343,0.000000,0.000000,0.000000,-2.000000,-1000.000000,-1000.000000,0.000000
2.0,1000,15,344,8.410172,1777.744519,0.000081,6.410172,777.744519,-999.999919,0.957323
2.0,1000,15,345,2.063011,826.906884,1288.115671,0.063011,-173.093116,288.115671,0.913077
2.0,1000,15,346,1.719729,1001.409559,1009.046489,-0.280271,1.409559,9.046489,0.878257
2.0,1000,15,347,1.341735,687.047917,1247.702094,-0.658265,-312.952083,247.702094,0.811000
2.0,1000,15,348,1.892364,991.291359,1052.913925,-0.107636,-8.708641,52.913925,0.849394
2.0,1000,15,349,1.700264,622.718383,1086.740819,-0.299736,-377.281617,86.740819,0.914486
2.0,1000,15,350,6.236632,2257.896097,0.000000,4.236632,1257.896097,-1000.000000,0.807342
2.0,1000,15,351,1.722747,957.633515,1018.318351,-0.277253,-42.366485,18.318351,0.909318
2.0,1000,15,352,2.707015,1087.518935,1104.124681,0.707015,87.518935,104.124681,0.907928
2.0,1000,15,353,0.000000,0.000000,0.000000,-2.000000,-1000.000000,-1000.000000,0.000000
2.0,1000,15,354,1.447076,680.715552,1134.155470,-0.552924,-319.284448,134.155470,0.881880
2.0,1000,15,355,0.000000,0.000000,0.000000,-2.000000,-1000.000000,-1000.000000,0.000000
2.0,1000,15,356,1.765496,1010.056078,1106.530729,-0.234504,10.056078,106.530729,0.911734
2.0,1000,15,357,0.000000,0.000000,0.000000,-2.000000,-1000.000000,-1000.000000,0.000000
2.0,1000,15,358,1.661114,940.220954,1049.812226,-0.338886,-59.779046,49.812226,0.877985
2.0,1000,15,359,1.361959,955.794686,1135.146573,-0.638041,-44.205314,135.146573,0.864175
2.0,1000,15,360,0.000000,0.000000,0.000000,-2.000000,-1000.000000,-1000.000000,0.000000
2.0,1000,15,361,1.363102,910.250576,1143.033167,-0.636898,-89.749424,143.033167,0.817314
2.0,1000,15,362,0.000000,0.000000,0.000000,-2.000000,-1000.000000,-1000.000000,0.000000
2.0,1000,15,363,1.310619,716.367498,1320.215721,-0.689381,-283.632502,320.215721,0.807052
2.0,1000,15,364,1.468875,740.546146,1134.022057,-0.531125,-259.453854,134.022057,0.882073
2.0,1000,15,365,1.893391,822.003556,1007.745177,-0.106609,-177.996444,7.745177,0.882027
2.0,1000,15,366,1.893544,935.506919,1137.819051,-0.106456,-64.493081,137.819051,0.912104
2.0,1000,15,367,6.053837,2247.132386,0.000234,4.053837,1247.132386,-999.999766,0.925325
2.0,1000,15,368,0.000000,0.000000,0.000000,-2.000000,-1000.000000,-1000.000000,0.000000
2.0,1000,15,369,2.077652,1033.329493,1090.063843,0.077652,33.329493,90.063843,0.915616
2.0,1000,15,370,0.000000,0.000000,0.000000,-2.000000,-1000.000000,-1000.000000,0.000000
2.0,1000,15,371,0.000000,0.000000,0.000000,-2.000000,-1000.000000,-1000.000000,0.000000
2.0,1000,15,372,1.515933,760.116961,1318.593619,-0.484067,-239.883039,318.593619,0.814775
2.0,1000,15,373,1.471533,892.342505,1064.537888,-0.528467,-107.657495,64.537888,0.877477
2.0,1000,15,374,2.897996,1169.371072,935.670549,0.897996,169.371072,-64.329451,0.927596
2.0,1000,15,375,5.624222,2235.453630,0.000024,3.624222,1235.453630,-999.999976,0.952732
2.0,1000,15,376,2.077559,1143.973018,1025.090787,0.077559,143.973018,25.090787,0.917429
2.0,1000,15,377,0.000000,0.000000,0.000000,-2.000000,-1000.000000,-1000.000000,0.000000
2.0,1000,15,378,0.000000,0.000000,0.000000,-2.000000,-1000.000000,-1000.000000,0.000000
2.0,1000,15,379,0.000000,0.000000,0.000000,-2.000000,-1000.000000,-1000.000000,0.000000
2.0,1000,15,380,1.964347,977.173715,940.672638,-0.035653,-22.826285,-59.327362,0.896704
2.0,1000,15,381,1.422686,739.961524,1350.245766,-0.577314,-260.038476,350.245766,0.834856
2.0,1000,15,382,2.394220,891.121274,1059.421792,0.394220,-108.878726,59.421792,0.935208
2.0,1000,15,383,1.432267,914.643045,1192.426420,-0.567733,-85.356955,192.426420,0.841217
2.0,1000,15,384,1.325714,451.466680,1228.142734,-0.674286,-548.533320,228.142734,0.800086
2.0,1000,15,385,1.275005,675.701966,1183.542487,-0.724995,-324.298034,183.542487,0.833843
2.0,1000,15,386,0.000000,0.000000,0.000000,-2.000000,-1000.000000,-1000.000000,0.000000
2.0,1000,15,387,0.000000,0.000000,0.000000,-2.000000,-1000.000000,-1000.000000,0.000000
2.0,1000,15,388,1.778448,1014.252893,1032.998212,-0.221552,14.252893,32.998212,0.910450
2.0,1000,15,389,1.450389,803.104425,1132.620590,-0.549611,-196.895575,132.620590,0.891751
2.0,1000,15,390,1.667054,810.678618,991.426630,-0.332946,-189.321382,-8.573370,0.850454
2.0,1000,15,391,1.486477,771.423637,1179.484312,-0.513523,-228.576363,179.484312,0.858466
2.0,1000,15,392,2.460698,1242.688825,926.907428,0.460698,242.688825,-73.092572,0.908600
2.0,1000,15,393,0.000000,0.000000,0.000000,-2.000000,-1000.000000,-1000.000000,0.000000
2.0,1000,15,394,1.853275,801.793275,1085.712761,-0.146725,-198.206725,85.712761,0.887608
2.0,1000,15,395,0.000000,0.000000,0.000000,-2.000000,-1000.000000,-1000.000000,0.000000
2.0,1000,15,396,1.934833,991.846574,1108.816126,-0.065167,-8.153426,108.816126,0.895192
2.0,1000,15,397,1.543575,866.158128,1168.430341,-0.456425,-133.841872,168.430341,0.849609
2.0,1000,15,398,1.136051,594.250606,1254.600603,-0.863949,-405.749394,254.600603,0.725777
2.0,1000,15,399,2.129657,1085.794737,941.108447,0.129657,85.794737,-58.891553,0.912622
2.0,1000,15,400,0.000000,0.000000,0.000000,-2.000000,-1000.000000,-1000.000000,0.000000
2.0,1000,15,401,1.617415,722.736330,1300.265021,-0.382585,-277.263670,300.265021,0.869005
2.0,1000,15,402,1.203589,752.621604,1241.879165,-0.796411,-247.378396,241.879165,0.802855
2.0,1000,15,403,0.000000,0.000000,0.000000,-2.000000,-1000.000000,-1000.000000,0.000000
2.0,1000,15,404,0.000000,0.000000,0.000000,-2.000000,-1000.000000,-1000.000000,0.000000
2.0,1000,15,405,5.450132,1953.544956,0.000088,3.450132,953.544956,-999.999912,0.976473
2.0,1000,15,406,1.875419,697.172997,1261.085150,-0.124581,-302.827003,261.085150,0.871069
2.0,1000,15,407,1.948859,793.775985,1041.074781,-0.051141,-206.224015,41.074781,0.921615
2.0,1000,15,408,0.000000,0.000000,0.000000,-2.000000,-1000.000000,-1000.000000,0.000000
2.0,1000,15,409,1.491210,799.813366,1035.670948,-0.508790,-200.186634,35.670948,0.855133
2.0,1000,15,410,0.000000,0.000000,0.000000,-2.000000,-1000.000000,-1000.000000,0.000000
2.0,1000,15,411,0.000000,0.000000,0.000000,-2.000000,-1000.000000,-1000.000000,0.000000
2.0,1000,15,412,1.563712,841.161251,1189.289447,-0.436288,-158.838749,189.289447,0.897632
2.0,1000,15,413,2.966339,1465.418420,821.746067,0.966339,465.418420,-178.253933,0.934714
2.0,1000,15,414,1.848792,780.569390,1021.093015,-0.151208,-219.430610,21.093015,0.867533
2.0,1000,15,415,1.743454,955.561602,1196.558955,-0.256546,-44.438398,196.558955,0.910739
2.0,1000,15,416,1.130412,579.041025,1325.885548,-0.869588,-420.958975,325.885548,0.745831
2.0,1000,15,417,6.440046,2155.964251,0.000097,4.440046,1155.964251,-999.999903,0.934657
2.0,1000,15,418,2.130400,1024.878132,1226.396917,0.130400,24.878132,226.396917,0.910384
2.0,1000,15,419,1.818140,861.813520,1138.748502,-0.181860,-138.186480,138.748502,0.916779
2.0,1000,15,420,7.716787,2018.052845,0.000079,5.716787,1018.052845,-999.999921,0.964341
2.0,1000,15,421,1.282895,480.448947,1376.209503,-0.717105,-519.551053,376.209503,0.808550
2.0,1000,15,422,1.440245,664.318450,1219.749491,-0.559755,-335.681550,219.749491,0.856530
2.0,1000,15,423,1.785124,701.698775,972.255650,-0.214876,-298.301225,-27.744350,0.872147
2.0,1000,15,424,1.816137,904.929837,1059.092411,-0.183863,-95.070163,59.092411,0.893563
2.0,1000,15,425,1.341128,918.836515,1026.489431,-0.658872,-81.163485,26.489431,0.832638
2.0,1000,15,426,6.408183,2038.504087,0.000091,4.408183,1038.504087,-999.999909,0.955554
2.0,1000,15,427,0.000000,0.000000,0.000000,-2.000000,-1000.000000,-1000.000000,0.000000
2.0,1000,15,428,0.000000,0.000000,0.000000,-2.000000,-1000.000000,-1000.000000,0.000000
2.0,1000,15,429,1.709013,936.830257,1075.158356,-0.290987,-63.169743,75.158356,0.921064
2.0,1000,15,430,1.347620,546.524225,1242.409522,-0.652380,-453.475775,242.409522,0.843752
2.0,1000,15,431,0.000000,0.000000,0.000000,-2.000000,-1000.000000,-1000.000000,0.000000
2.0,1000,15,432,1.754138,801.283129,1188.225777,-0.245862,-198.716871,188.225777,0.858888
2.0,1000,15,433,7.044145,2105.173023,0.000023,5.044145,1105.173023,-999.999977,0.822640
2.0,1000,15,434,2.193114,1048.394816,1065.719945,0.193114,48.394816,65.719945,0.906400
2.0,1000,15,435,2.289910,972.027558,1035.261832,0.289910,-27.972442,35.261832,0.924639
2.0,1000,15,436,0.000000,0.000000,0.000000,-2.000000,-1000.000000,-1000.000000,0.000000
2.0,1000,15,437,1.383133,875.088423,1011.997571,-0.616867,-124.911577,11.997571,0.864525
2.0,1000,15,438,4.024952,1590.940176,509.753146,2.024952,590.940176,-490.246854,0.941618
2.0,1000,15,439,1.651866,881.117581,1196.329835,-0.348134,-118.882419,196.329835,0.911734
2.0,1000,15,440,1.538025,1016.071966,1146.497411,-0.461975,16.071966,146.497411,0.887193
2.0,1000,15,441,0.000000,0.000000,0.000000,-2.000000,-1000.000000,-1000.000000,0.000000
2.0,1000,15,442,1.221309,609.661146,1214.744519,-0.778691,-390.338854,214.744519,0.815059
2.0,1000,15,443,4.992467,2047.394714,0.000176,2.992467,1047.394714,-999.999824,0.932220
2.0,1000,15,444,0.000000,0.000000,0.000000,-2.000000,-1000.000000,-1000.000000,0.000000
2.0,1000,15,445,4.827425,2314.301932,0.000110,2.827425,1314.301932,-999.999890,0.842882
2.0,1000,15,446,2.976778,1369.935385,736.707559,0.976778,369.935385,-263.292441,0.940861
2.0,1000,15,447,3.187539,1479.494957,628.709611,1.187539,479.494957,-371.290389,0.924887
2.0,1000,15,448,0.000000,0.000000,0.000000,-2.000000,-1000.000000,-1000.000000,0.000000
2.0,1000,15,449,6.382112,1869.582453,0.000238,4.382112,869.582453,-999.999762,0.899132
2.0,1000,15,450,1.426765,666.576034,1087.017244,-0.573235,-333.423966,87.017244,0.861658
2.0,1000,15,451,1.287151,671.111664,1063.164540,-0.712849,-328.888336,63.164540,0.827546
2.0,1000,15,452,0.000000,0.000000,0.000000,-2.000000,-1000.000000,-1000.000000,0.000000
2.0,1000,15,453,4.255952,1513.870587,703.666584,2.255952,513.870587,-296.333416,0.940693
2.0,1000,15,454,1.322493,676.645112,1152.509371,-0.677507,-323.354888,152.509371,0.860258
2.0,1000,15,455,1.791447,789.153664,1136.472328,-0.208553,-210.846336,136.472328,0.890445
2.0,1000,15,456,1.270777,639.020660,1183.457843,-0.729223,-360.979340,183.457843,0.816989
2.0,1000,15,457,5.110081,2018.491969,0.000038,3.110081,1018.491969,-999.999962,0.891859
2.0,1000,15,458,1.593040,654.040505,1078.698930,-0.406960,-345.959495,78.698930,0.895700
2.0,1000,15,459,1.196963,835.308110,1081.493379,-0.803037,-164.691890,81.493379,0.800106
2.0,1000,15,460,1.276631,596.532590,1290.881865,-0.723369,-403.467410,290.881865,0.835243
2.0,1000,15,461,2.562338,951.554626,1146.198049,0.562338,-48.445374,146.198049,0.912362
2.0,1000,15,462,1.297004,781.883695,1368.007412,-0.702996,-218.116305,368.007412,0.816851
2.0,1000,15,463,0.000000,0.000000,0.000000,-2.000000,-1000.000000,-1000.000000,0.000000
2.0,1000,15,464,1.491401,838.248741,1375.800632,-0.508599,-161.751259,375.800632,0.859172
2.0,1000,15,465,3.131459,1023.186686,1015.115853,1.131459,23.186686,15.115853,0.929738
2.0,1000,15,466,0.000000,0.000000,0.000000,-2.000000,-1000.000000,-1000.000000,0.000000
2.0,1000,15,467,1.082321,635.867772,1244.718671,-0.917679,-364.132228,244.718671,0.634032
2.0,1000,15,468,2.084997,1074.297286,995.236840,0.084997,74.297286,-4.763160,0.918638
2.0,1000,15,469,2.037256,1003.923205,1067.118645,0.037256,3.923205,67.118645,0.910037
2.0,1000,15,470,5.913498,1964.273762,0.000046,3.913498,964.273762,-999.999954,0.961041
2.0,1000,15,471,6.174890,2034.227783,0.000000,4.174890,1034.227783,-1000.000000,0.911514
2.0,1000,15,472,0.000000,0.000000,0.000000,-2.000000,-1000.000000,-1000.000000,0.000000
2.0,1000,15,473,3.992048,1471.310981,526.610514,1.992048,471.310981,-473.389486,0.957840
2.0,1000,15,474,1.210681,636.105715,1394.554315,-0.789319,-363.894285,394.554315,0.775459
2.0,1000,15,475,0.000000,0.000000,0.000000,-2.000000,-1000.000000,-1000.000000,0.000000
2.0,1000,15,476,1.765477,1086.994981,1060.930981,-0.234523,86.994981,60.930981,0.908437
2.0,1000,15,477,2.416653,1237.740346,790.509570,0.416653,237.740346,-209.490430,0.882711
2.0,1000,15,478,1.978763,1062.410429,996.894305,-0.021237,62.410429,-3.105695,0.919330
2.0,1000,15,479,2.189248,905.973234,1093.267033,0.189248,-94.026766,93.267033,0.914610
2.0,1000,15,480,5.160070,2041.450477,0.000020,3.160070,1041.450477,-999.999980,0.947613
2.0,1000,15,481,8.267762,1784.024315,0.000023,6.267762,784.024315,-999.999977,0.911210
2.0,1000,15,482,1.761206,609.184622,1279.784331,-0.238794,-390.815378,279.784331,0.895320
2.0,1000,15,483,0.000000,0.000000,0.000000,-2.000000,-1000.000000,-1000.000000,0.000000
2.0,1000,15,484,1.502686,881.793586,1064.720471,-0.497314,-118.206414,64.720471,0.896020
2.0,1000,15,485,1.931499,785.076954,1163.778737,-0.068501,-214.923046,163.778737,0.888587
2.0,1000,15,486,7.657219,1954.378987,0.000046,5.657219,954.378987,-999.999954,0.969479
2.0,1000,15,487,1.380003,859.582675,1070.974489,-0.619997,-140.417325,70.974489,0.799107
2.0,1000,15,488,0.000000,0.000000,0.000000,-2.000000,-1000.000000,-1000.000000,0.000000
2.0,1000,15,489,2.336152,1338.483120,874.357383,0.336152,338.483120,-125.642617,0.894911
2.0,1000,15,490,0.000000,0.000000,0.000000,-2.000000,-1000.000000,-1000.000000,0.000000
2.0,1000,15,491,1.100263,567.973420,1344.494565,-0.899737,-432.026580,344.494565,0.685584
2.0,1000,15,492,0.000000,0.000000,0.000000,-2.000000,-1000.000000,-1000.000000,0.000000
2.0,1000,15,493,0.000000,0.000000,0.000000,-2.000000,-1000.000000,-1000.000000,0.000000
2.0,1000,15,494,2.690077,1006.003869,927.119136,0.690077,6.003869,-72.880864,0.902950
2.0,1000,15,495,1.446906,907.613558,1215.679813,-0.553094,-92.386442,215.679813,0.888761
2.0,1000,15,496,1.474558,896.013811,1230.426928,-0.525442,-103.986189,230.426928,0.888591
2.0,1000,15,497,2.091079,1243.885839,906.103029,0.091079,243.885839,-93.896971,0.873674
2.0,1000,15,498,1.227349,805.316956,1184.766893,-0.772651,-194.683044,184.766893,0.825869
2.0,1000,15,499,1.716965,751.014635,1047.610352,-0.283035,-248.985365,47.610352,0.919696
2.0,1000,15,500,1.237330,872.545060,1024.012719,-0.762670,-127.454940,24.012719,0.807049
2.0,1000,15,501,1.739695,885.166808,1035.909160,-0.260305,-114.833192,35.909160,0.894906
2.0,1000,15,502,7.137111,2254.111060,0.000102,5.137111,1254.111060,-999.999898,0.824482
2.0,1000,15,503,1.504650,815.231806,1260.657047,-0.495350,-184.768194,260.657047,0.885831
2.0,1000,15,504,0.000000,0.000000,0.000000,-2.000000,-1000.000000,-1000.000000,0.000000
2.0,1000,15,505,1.569202,712.164515,1291.046752,-0.430798,-287.835485,291.046752,0.855126
2.0,1000,15,506,1.183731,633.903571,1213.458531,-0.816269,-366.096429,213.458531,0.784827
2.0,1000,15,507,2.115288,932.479693,985.047777,0.115288,-67.520307,-14.952223,0.919985
2.0,1000,15,508,0.000000,0.000000,0.000000,-2.000000,-1000.000000,-1000.000000,0.000000
2.0,1000,15,509,2.376970,1253.823144,1109.144787,0.376970,253.823144,109.144787,0.937916
2.0,1000,15,510,0.000000,0.000000,0.000000,-2.000000,-1000.000000,-1000.000000,0.000000
2.0,1000,15,511,1.205154,747.197321,1123.592571,-0.794846,-252.802679,123.592571,0.816393
2.0,1000,15,512,0.000000,0.000000,0.000000,-2.000000,-1000.000000,-1000.000000,0.000000
2.0,1000,15,513,5.352719,2131.406846,0.000136,3.352719,1131.406846,-999.999864,0.914021
2.0,1000,15,514,1.572927,796.131304,1291.575563,-0.427073,-203.868696,291.575563,0.889953
2.0,1000,15,515,4.595503,2146.162832,0.000070,2.595503,1146.162832,-999.999930,0.967777
2.0,1000,15,516,2.915027,1160.069726,779.683702,0.915027,160.069726,-220.316298,0.942076
2.0,1000,15,517,1.332524,663.696098,1255.230306,-0.667476,-336.303902,255.230306,0.821102
2.0,1000,15,518,3.146004,1073.993416,887.215279,1.146004,73.993416,-112.784721,0.919827
2.0,1000,15,519,1.494101,865.252783,983.618648,-0.505899,-134.747217,-16.381352,0.895013
2.0,1000,15,520,1.893525,805.839772,1270.757629,-0.106475,-194.160228,270.757629,0.849473
2.0,1000,15,521,1.198885,824.963176,1254.402605,-0.801115,-175.036824,254.402605,0.796374
2.0,1000,15,522,1.954721,1133.267000,1021.803796,-0.045279,133.267000,21.803796,0.902580
2.0,1000,15,523,2.751311,1379.676141,769.311211,0.751311,379.676141,-230.688789,0.928070
2.0,1000,15,524,5.674395,2047.953153,0.000110,3.674395,1047.953153,-999.999890,0.940448
2.0,1000,15,525,1.690913,1061.596610,1021.474168,-0.309087,61.596610,21.474168,0.865718
2.0,1000,15,526,0.000000,0.000000,0.000000,-2.000000,-1000.000000,-1000.000000,0.000000
2.0,1000,15,527,1.425400,886.530906,1267.613149,-0.574600,-113.469094,267.613149,0.885441
2.0,1000,15,528,5.219154,1924.849351,0.000044,3.219154,924.849351,-999.999956,0.891607
2.0,1000,15,529,1.580571,515.507089,1115.934529,-0.419429,-484.492911,115.934529,0.886544
2.0,1000,15,530,3.885073,1278.740378,789.621128,1.885073,278.740378,-210.378872,0.908823
2.0,1000,15,531,1.263250,782.707456,1233.997798,-0.736750,-217.292544,233.997798,0.805050
2.0,1000,15,532,1.919594,560.156811,1293.640157,-0.080406,-439.843189,293.640157,0.883081
2.0,1000,15,533,1.778255,993.317389,980.278378,-0.221745,-6.682611,-19.721622,0.911658
2.0,1000,15,534,1.171837,597.607605,1406.233131,-0.828163,-402.392395,406.233131,0.777325
2.0,1000,15,535,2.322794,688.932163,1144.962140,0.322794,-311.067837,144.962140,0.938179
2.0,1000,15,536,0.000000,0.000000,0.000000,-2.000000,-1000.000000,-1000.000000,0.000000
2.0,1000,15,537,1.352429,856.880452,1099.256714,-0.647571,-143.119548,99.256714,0.835205
2.0,1000,15,538,2.018274,1082.874768,972.740526,0.018274,82.874768,-27.259474,0.856450
2.0,1000,15,539,1.287297,643.445077,1374.715186,-0.712703,-356.554923,374.715186,0.801140
2.0,1000,15,540,1.983891,732.108942,1049.505765,-0.016109,-267.891058,49.505765,0.912720
2.0,1000,15,541,1.316236,455.829013,1380.698012,-0.683764,-544.170987,380.698012,0.829359
2.0,1000,15,542,1.280391,803.919940,1113.092442,-0.719609,-196.080060,113.092442,0.803147
2.0,1000,15,543,5.199001,1635.492727,410.400891,3.199001,635.492727,-589.599109,0.933342
2.0,1000,15,544,0.000000,0.000000,0.000000,-2.000000,-1000.000000,-1000.000000,0.000000
2.0,1000,15,545,1.245233,909.662520,1014.304036,-0.754767,-90.337480,14.304036,0.817286
2.0,1000,15,546,3.816054,1345.418156,598.461738,1.816054,345.418156,-401.538262,0.924501
2.0,1000,15,547,4.895224,2064.783237,0.000064,2.895224,1064.783237,-999.999936,0.954793
2.0,1000,15,548,3.204762,1402.520101,692.357606,1.204762,402.520101,-307.642394,0.899864
2.0,1000,15,549,1.614590,393.415638,1518.790530,-0.385410,-606.584362,518.790530,0.900146
2.0,1000,15,550,2.433542,1125.963975,1055.198831,0.433542,125.963975,55.198831,0.921087
2.0,1000,15,551,1.303862,770.185646,1116.780971,-0.696138,-229.814354,116.780971,0.825068
2.0,1000,15,552,1.992564,1001.027621,996.985115,-0.007436,1.027621,-3.014885,0.845211
2.0,1000,15,553,1.211602,644.012711,1051.417924,-0.788398,-355.987289,51.417924,0.803981
2.0,1000,15,554,2.208995,1060.297365,1068.709810,0.208995,60.297365,68.709810,0.913173
2.0,1000,15,555,2.078458,752.833005,1038.347747,0.078458,-247.166995,38.347747,0.868111
2.0,1000,15,556,4.111702,1636.097712,721.680602,2.111702,636.097712,-278.319398,0.912951
2.0,1000,15,557,2.889374,1025.510357,895.374539,0.889374,25.510357,-104.625461,0.933704
2.0,1000,15,558,7.097916,2094.562838,0.000154,5.097916,1094.562838,-999.999846,0.906603
2.0,1000,15,559,2.926564,1228.137512,737.412151,0.926564,228.137512,-262.587849,0.949640
2.0,1000,15,560,1.828359,868.579340,1040.100153,-0.171641,-131.420660,40.100153,0.919761
2.0,1000,15,561,1.522557,861.276058,1144.520070,-0.477443,-138.723942,144.520070,0.901240
2.0,1000,15,562,0.000000,0.000000,0.000000,-2.000000,-1000.000000,-1000.000000,0.000000
2.0,1000,15,563,1.351822,758.644104,1101.326286,-0.648178,-241.355896,101.326286,0.806504
2.0,1000,15,564,1.214541,691.744270,1309.837480,-0.785459,-308.255730,309.837480,0.738741
2.0,1000,15,565,1.384071,580.053542,1498.303553,-0.615929,-419.946458,498.303553,0.841437
2.0,1000,15,566,5.074700,2167.200221,0.000168,3.074700,1167.200221,-999.999832,0.888322
2.0,1000,15,567,1.604584,659.101593,1160.283892,-0.395416,-340.898407,160.283892,0.893728
2.0,1000,15,568,1.778365,952.077671,1110.418175,-0.221635,-47.922329,110.418175,0.861966
2.0,1000,15,569,1.504248,849.803440,1068.337774,-0.495752,-150.196560,68.337774,0.877613
2.0,1000,15,570,1.304462,678.045926,1044.368671,-0.695538,-321.954074,44.368671,0.804722
2.0,1000,15,571,1.537056,846.263338,1121.068325,-0.462944,-153.736662,121.068325,0.874938
2.0,1000,15,572,1.283115,587.531035,1061.845835,-0.716885,-412.468965,61.845835,0.821775
2.0,1000,15,573,0.000000,0.000000,0.000000,-2.000000,-1000.000000,-1000.000000,0.000000
2.0,1000,15,574,1.407686,640.480870,1219.590181,-0.592314,-359.519130,219.590181,0.853950
2.0,1000,15,575,1.129286,709.682627,1104.469758,-0.870714,-290.317373,104.469758,0.729862
2.0,1000,15,576,0.000000,0.000000,0.000000,-2.000000,-1000.000000,-1000.000000,0.000000
2.0,1000,15,577,4.796658,1628.719451,478.049215,2.796658,628.719451,-521.950785,0.915271
2.0,1000,15,578,1.582748,858.731530,1023.734895,-0.417252,-141.268470,23.734895,0.890090
2.0,1000,15,579,1.236047,656.023694,1049.400362,-0.763953,-343.976306,49.400362,0.811801
2.0,1000,15,580,0.000000,0.000000,0.000000,-2.000000,-1000.000000,-1000.000000,0.000000
2.0,1000,15,581,3.044687,1309.200111,869.782593,1.044687,309.200111,-130.217407,0.947719
2.0,1000,15,582,0.000000,0.000000,0.000000,-2.000000,-1000.000000,-1000.000000,0.000000
2.0,1000,15,583,1.881151,763.601055,1030.196211,-0.118849,-236.398945,30.196211,0.920391
2.0,1000,15,584,2.091102,871.951417,1015.593130,0.091102,-128.048583,15.593130,0.923095
2.0,1000,15,585,1.566979,799.743972,959.215972,-0.433021,-200.256028,-40.784028,0.897377
2.0,1000,15,586,0.000000,0.000000,0.000000,-2.000000,-1000.000000,-1000.000000,0.000000
2.0,1000,15,587,0.000000,0.000000,0.000000,-2.000000,-1000.000000,-1000.000000,0.000000
2.0,1000,15,588,0.000000,0.000000,0.000000,-2.000000,-1000.000000,-1000.000000,0.000000
2.0,1000,15,589,0.000000,0.000000,0.000000,-2.000000,-1000.000000,-1000.000000,0.000000
2.0,1000,15,590,2.247803,924.995178,1035.255873,0.247803,-75.004822,35.255873,0.902928
2.0,1000,15,591,0.000000,0.000000,0.000000,-2.000000,-1000.000000,-1000.000000,0.000000
2.0,1000,15,592,1.756105,754.011137,1137.749651,-0.243895,-245.988863,137.749651,0.902950
2.0,1000,15,593,0.000000,0.000000,0.000000,-2.000000,-1000.000000,-1000.000000,0.000000
2.0,1000,15,594,1.634023,785.257279,1226.985909,-0.365977,-214.742721,226.985909,0.894483
2.0,1000,15,595,0.000000,0.000000,0.000000,-2.000000,-1000.000000,-1000.000000,0.000000
2.0,1000,15,596,3.149428,746.719717,972.169888,1.149428,-253.280283,-27.830112,0.947783
2.0,1000,15,597,2.905467,1299.564710,750.820027,0.905467,299.564710,-249.179973,0.898635
2.0,1000,15,598,5.111558,2146.586374,0.000076,3.111558,1146.586374,-999.999924,0.835805
2.0,1000,15,599,5.717495,1906.593208,0.000057,3.717495,906.593208,-999.999943,0.951648
2.0,1000,15,600,1.364206,626.327407,1199.888161,-0.635794,-373.672593,199.888161,0.749698
2.0,1000,15,601,1.194570,566.609233,1080.641319,-0.805430,-433.390767,80.641319,0.771771
2.0,1000,15,602,0.000000,0.000000,0.000000,-2.000000,-1000.000000,-1000.000000,0.000000
2.0,1000,15,603,5.504712,2031.690216,0.000244,3.504712,1031.690216,-999.999756,0.945296
2.0,1000,15,604,0.000000,0.000000,0.000000,-2.000000,-1000.000000,-1000.000000,0.000000
2.0,1000,15,605,1.599040,688.219611,1287.636427,-0.400960,-311.780389,287.636427,0.897531
2.0,1000,15,606,1.952702,1085.079999,1050.717579,-0.047298,85.079999,50.717579,0.899259
2.0,1000,15,607,1.685860,1014.411249,1135.089223,-0.314140,14.411249,135.089223,0.846857
2.0,1000,15,608,3.183526,1224.188640,742.025123,1.183526,224.188640,-257.974877,0.937054
2.0,1000,15,609,2.584198,1288.928071,890.924739,0.584198,288.928071,-109.075261,0.904040
2.0,1000,15,610,1.756303,732.380249,1000.036787,-0.243697,-267.619751,0.036787,0.887772
2.0,1000,15,611,1.654304,966.028068,941.150190,-0.345696,-33.971932,-58.849810,0.900777
2.0,1000,15,612,1.154199,580.223847,1103.860770,-0.845801,-419.776153,103.860770,0.729365
2.0,1000,15,613,1.758842,931.579762,1028.176588,-0.241158,-68.420238,28.176588,0.894338
2.0,1000,15,614,0.000000,0.000000,0.000000,-2.000000,-1000.000000,-1000.000000,0.000000
2.0,1000,15,615,0.000000,0.000000,0.000000,-2.000000,-1000.000000,-1000.000000,0.000000
2.0,1000,15,616,1.956188,1158.762577,1056.108189,-0.043812,158.762577,56.108189,0.913241
2.0,1000,15,617,2.774369,1137.711713,795.593200,0.774369,137.711713,-204.406800,0.909733
2.0,1000,15,618,2.279830,863.845422,959.195698,0.279830,-136.154578,-40.804302,0.888359
2.0,1000,15,619,1.991037,1018.192284,1000.778407,-0.008963,18.192284,0.778407,0.914684
2.0,1000,15,620,1.148967,522.789373,1367.219503,-0.851033,-477.210627,367.219503,0.757927
2.0,1000,15,621,2.155509,1245.866630,890.484450,0.155509,245.866630,-109.515550,0.896268
2.0,1000,15,622,1.500940,661.513442,1222.343765,-0.499060,-338.486558,222.343765,0.843171
2.0,1000,15,623,1.762343,922.376209,1029.494996,-0.237657,-77.623791,29.494996,0.906265
2.0,1000,15,624,0.000000,0.000000,0.000000,-2.000000,-1000.000000,-1000.000000,0.000000
2.0,1000,15,625,3.096383,1650.456863,834.833612,1.096383,650.456863,-165.166388,0.927059
2.0,1000,15,626,1.396554,509.827113,1446.864279,-0.603446,-490.172887,446.864279,0.841594
2.0,1000,15,627,2.743726,1418.135632,745.307193,0.743726,418.135632,-254.692807,0.902734
2.0,1000,15,628,9.406883,1953.207035,0.000067,7.406883,953.207035,-999.999933,0.959629
2.0,1000,15,629,1.605560,589.725432,1213.964536,-0.394440,-410.274568,213.964536,0.894398
2.0,1000,15,630,1.294650,870.052831,1251.749973,-0.705350,-129.947169,251.749973,0.827827
2.0,1000,15,631,1.215583,892.498104,1201.564120,-0.784417,-107.501896,201.564120,0.802961
2.0,1000,15,632,1.562387,489.020642,1294.148652,-0.437613,-510.979358,294.148652,0.892792
2.0,1000,15,633,1.992249,907.695238,1110.887139,-0.007751,-92.304762,110.887139,0.855534
2.0,1000,15,634,1.462711,826.152313,1144.517363,-0.537289,-173.847687,144.517363,0.886746
2.0,1000,15,635,0.000000,0.000000,0.000000,-2.000000,-1000.000000,-1000.000000,0.000000
2.0,1000,15,636,0.000000,0.000000,0.000000,-2.000000,-1000.000000,-1000.000000,0.000000
2.0,1000,15,637,6.216920,2020.313269,0.000087,4.216920,1020.313269,-999.999913,0.920637
2.0,1000,15,638,0.000000,0.000000,0.000000,-2.000000,-1000.000000,-1000.000000,0.000000
2.0,1000,15,639,0.000000,0.000000,0.000000,-2.000000,-1000.000000,-1000.000000,0.000000
2.0,1000,15,640,1.601220,768.986542,1034.709429,-0.398780,-231.013458,34.709429,0.851324
2.0,1000,15,641,5.168260,2260.112973,0.000202,3.168260,1260.112973,-999.999798,0.917995
2.0,1000,15,642,0.000000,0.000000,0.000000,-2.000000,-1000.000000,-1000.000000,0.000000
2.0,1000,15,643,2.125012,1251.428032,1009.307141,0.125012,251.428032,9.307141,0.879381
2.0,1000,15,644,0.000000,0.000000,0.000000,-2.000000,-1000.000000,-1000.000000,0.000000
2.0,1000,15,645,0.000000,0.000000,0.000000,-2.000000,-1000.000000,-1000.000000,0.000000
2.0,1000,15,646,1.196241,599.764040,1384.414838,-0.803759,-400.235960,384.414838,0.754077
2.0,1000,15,647,0.000000,0.000000,0.000000,-2.000000,-1000.000000,-1000.000000,0.000000
2.0,1000,15,648,1.560525,686.823721,1249.123772,-0.439475,-313.176279,249.123772,0.881454
2.0,1000,15,649,0.000000,0.000000,0.000000,-2.000000,-1000.000000,-1000.000000,0.000000
2.0,1000,15,650,1.908511,652.743506,1177.727436,-0.091489,-347.256494,177.727436,0.886603
2.0,1000,15,651,0.000000,0.000000,0.000000,-2.000000,-1000.000000,-1000.000000,0.000000
2.0,1000,15,652,1.903440,889.841534,1023.933668,-0.096560,-110.158466,23.933668,0.916981
2.0,1000,15,653,1.939962,767.619610,1308.900214,-0.060038,-232.380390,308.900214,0.789184
2.0,1000,15,654,1.268698,833.886592,1119.938253,-0.731302,-166.113408,119.938253,0.805146
2.0,1000,15,655,1.528984,800.083432,1185.461684,-0.471016,-199.916568,185.461684,0.875901
2.0,1000,15,656,0.000000,0.000000,0.000000,-2.000000,-1000.000000,-1000.000000,0.000000
2.0,1000,15,657,0.000000,0.000000,0.000000,-2.000000,-1000.000000,-1000.000000,0.000000
2.0,1000,15,658,0.000000,0.000000,0.000000,-2.000000,-1000.000000,-1000.000000,0.000000
2.0,1000,15,659,8.291327,1936.036654,0.000000,6.291327,936.036654,-1000.000000,0.895078
2.0,1000,15,660,1.789671,785.835638,1062.497693,-0.210329,-214.164362,62.497693,0.905966
2.0,1000,15,661,1.411738,923.836512,1116.544629,-0.588262,-76.163488,116.544629,0.837472
2.0,1000,15,662,1.499701,516.882511,1168.785918,-0.500299,-483.117489,168.785918,0.855204
2.0,1000,15,663,0.000000,0.000000,0.000000,-2.000000,-1000.000000,-1000.000000,0.000000
2.0,1000,15,664,2.574768,808.973658,960.112147,0.574768,-191.026342,-39.887853,0.930029
2.0,1000,15,665,1.693164,777.756320,1364.319764,-0.306836,-222.243680,364.319764,0.896392
2.0,1000,15,666,2.642768,1282.976704,859.176402,0.642768,282.976704,-140.823598,0.927910
2.0,1000,15,667,0.000000,0.000000,0.000000,-2.000000,-1000.000000,-1000.000000,0.000000
2.0,1000,15,668,6.509818,2057.184177,0.000152,4.509818,1057.184177,-999.999848,0.943405
2.0,1000,15,669,1.600136,822.117984,1047.250402,-0.399864,-177.882016,47.250402,0.888066
2.0,1000,15,670,2.985242,1133.793604,941.873426,0.985242,133.793604,-58.126574,0.940474
2.0,1000,15,671,1.243934,656.520589,1173.250508,-0.756066,-343.479411,173.250508,0.816937
2.0,1000,15,672,5.706971,2364.346082,0.000074,3.706971,1364.346082,-999.999926,0.901356
2.0,1000,15,673,7.350667,2034.527512,0.000134,5.350667,1034.527512,-999.999866,0.932556
2.0,1000,15,674,3.517795,1400.385763,593.286159,1.517795,400.385763,-406.713841,0.929445
2.0,1000,15,675,6.697654,2134.886826,0.000089,4.697654,1134.886826,-999.999911,0.950855
2.0,1000,15,676,1.742070,871.549498,1041.009382,-0.257930,-128.450502,41.009382,0.871950
2.0,1000,15,677,0.000000,0.000000,0.000000,-2.000000,-1000.000000,-1000.000000,0.000000
2.0,1000,15,678,1.094810,494.735599,1269.387390,-0.905190,-505.264401,269.387390,0.650276
2.0,1000,15,679,5.201224,1995.565543,0.000088,3.201224,995.565543,-999.999912,0.922760
2.0,1000,15,680,1.261844,730.618386,1171.364328,-0.738156,-269.381614,171.364328,0.822536
2.0,1000,15,681,2.347304,1107.843581,855.397891,0.347304,107.843581,-144.602109,0.933866
2.0,1000,15,682,6.949535,2030.593274,0.000000,4.949535,1030.593274,-1000.000000,0.959428
2.0,1000,15,683,1.623631,920.404166,1190.285921,-0.376369,-79.595834,190.285921,0.901128
2.0,1000,15,684,1.812638,783.661686,1107.019941,-0.187362,-216.338314,107.019941,0.908611
2.0,1000,15,685,2.337127,645.505130,1101.026562,0.337127,-354.494870,101.026562,0.907425
2.0,1000,15,686,0.000000,0.000000,0.000000,-2.000000,-1000.000000,-1000.000000,0.000000
2.0,1000,15,687,1.252914,678.366060,1144.020259,-0.747086,-321.633940,144.020259,0.834283
2.0,1000,15,688,5.269145,2381.782736,0.000024,3.269145,1381.782736,-999.999976,0.950304
2.0,1000,15,689,0.000000,0.000000,0.000000,-2.000000,-1000.000000,-1000.000000,0.000000
2.0,1000,15,690,2.003928,875.698899,1134.854719,0.003928,-124.301101,134.854719,0.927725
2.0,1000,15,691,2.250831,1051.654503,872.980033,0.250831,51.654503,-127.019967,0.909519
2.0,1000,15,692,5.124638,1899.650818,0.000044,3.124638,899.650818,-999.999956,0.882331
2.0,1000,15,693,1.338098,643.101530,1238.298515,-0.661902,-356.898470,238.298515,0.862118
2.0,1000,15,694,0.000000,0.000000,0.000000,-2.000000,-1000.000000,-1000.000000,0.000000
2.0,1000,15,695,1.286690,468.835812,1438.514004,-0.713310,-531.164188,438.514004,0.823710
2.0,1000,15,696,0.000000,0.000000,0.000000,-2.000000,-1000.000000,-1000.000000,0.000000
2.0,1000,15,697,1.554122,743.354035,1066.474935,-0.445878,-256.645965,66.474935,0.879963
2.0,1000,15,698,1.275145,788.020581,1145.180300,-0.724855,-211.979419,145.180300,0.830885
2.0,1000,15,699,1.330930,1060.316978,1191.670259,-0.669070,60.316978,191.670259,0.862513
2.0,1000,15,700,2.494709,887.404633,1253.852833,0.494709,-112.595367,253.852833,0.922160
2.0,1000,15,701,1.168099,523.661095,1311.308439,-0.831901,-476.338905,311.308439,0.779987
2.0,1000,15,702,2.003051,696.208274,1153.734077,0.003051,-303.791726,153.734077,0.875620
2.0,1000,15,703,0.000000,0.000000,0.000000,-2.000000,-1000.000000,-1000.000000,0.000000
2.0,1000,15,704,0.000000,0.000000,0.000000,-2.000000,-1000.000000,-1000.000000,0.000000
2.0,1000,15,705,2.866901,1002.192451,854.449750,0.866901,2.192451,-145.550250,0.948946
2.0,1000,15,706,2.793582,914.390496,1093.368875,0.793582,-85.609504,93.368875,0.931254
2.0,1000,15,707,1.685180,484.163075,1212.811300,-0.314820,-515.836925,212.811300,0.876060
2.0,1000,15,708,1.609911,947.074717,980.431055,-0.390089,-52.925283,-19.568945,0.901718
2.0,1000,15,709,1.532760,859.915506,1144.781725,-0.467240,-140.084494,144.781725,0.880467
2.0,1000,15,710,1.973822,756.240572,1174.282067,-0.026178,-243.759428,174.282067,0.890502
2.0,1000,15,711,4.994889,1275.547542,683.147696,2.994889,275.547542,-316.852304,0.950505
2.0,1000,15,712,1.142676,556.733045,1301.725055,-0.857324,-443.266955,301.725055,0.731955
2.0,1000,15,713,1.431562,577.785658,1303.092421,-0.568438,-422.214342,303.092421,0.829649
2.0,1000,15,714,0.000000,0.000000,0.000000,-2.000000,-1000.000000,-1000.000000,0.000000
2.0,1000,15,715,5.164941,2173.599668,0.000045,3.164941,1173.599668,-999.999955,0.893677
2.0,1000,15,716,1.777696,770.148536,1106.558700,-0.222304,-229.851464,106.558700,0.901325
2.0,1000,15,717,2.651708,1199.830536,795.932816,0.651708,199.830536,-204.067184,0.907761
2.0,1000,15,718,0.000000,0.000000,0.000000,-2.000000,-1000.000000,-1000.000000,0.000000
2.0,1000,15,719,1.148404,706.493518,1106.712192,-0.851596,-293.506482,106.712192,0.748348
2.0,1000,15,720,0.000000,0.000000,0.000000,-2.000000,-1000.000000,-1000.000000,0.000000
2.0,1000,15,721,0.000000,0.000000,0.000000,-2.000000,-1000.000000,-1000.000000,0.000000
2.0,1000,15,722,1.410074,730.983980,1013.975093,-0.589926,-269.016020,13.975093,0.843977
2.0,1000,15,723,0.000000,0.000000,0.000000,-2.000000,-1000.000000,-1000.000000,0.000000
2.0,1000,15,724,0.000000,0.000000,0.000000,-2.000000,-1000.000000,-1000.000000,0.000000
2.0,1000,15,725,0.000000,0.000000,0.000000,-2.000000,-1000.000000,-1000.000000,0.000000
2.0,1000,15,726,5.508908,1888.223346,0.000083,3.508908,888.223346,-999.999917,0.936359
2.0,1000,15,727,2.001107,1156.721531,924.967912,0.001107,156.721531,-75.032088,0.894353
2.0,1000,15,728,0.000000,0.000000,0.000000,-2.000000,-1000.000000,-1000.000000,0.000000
2.0,1000,15,729,2.519321,687.042084,1255.023407,0.519321,-312.957916,255.023407,0.911279
2.0,1000,15,730,0.000000,0.000000,0.000000,-2.000000,-1000.000000,-1000.000000,0.000000
2.0,1000,15,731,1.783516,643.486236,1273.340819,-0.216484,-356.513764,273.340819,0.919694
2.0,1000,15,732,1.506257,917.142725,1216.212592,-0.493743,-82.857275,216.212592,0.870252
2.0,1000,15,733,2.190939,920.259828,1092.060663,0.190939,-79.740172,92.060663,0.904622
2.0,1000,15,734,1.410495,825.919106,1124.460834,-0.589505,-174.080894,124.460834,0.852811
2.0,1000,15,735,2.228501,907.136438,1100.534385,0.228501,-92.863562,100.534385,0.907528
2.0,1000,15,736,3.975548,1621.328132,641.217534,1.975548,621.328132,-358.782466,0.931318
2.0,1000,15,737,1.219720,460.957846,1117.780134,-0.780280,-539.042154,117.780134,0.803579
2.0,1000,15,738,1.159403,775.032731,1146.295421,-0.840597,-224.967269,146.295421,0.781898
2.0,1000,15,739,5.973833,1845.060838,0.000028,3.973833,845.060838,-999.999972,0.950162
2.0,1000,15,740,0.000000,0.000000,0.000000,-2.000000,-1000.000000,-1000.000000,0.000000
2.0,1000,15,741,2.077578,971.147434,913.337048,0.077578,-28.852566,-86.662952,0.899578
2.0,1000,15,742,1.690142,1050.456645,1095.285139,-0.309858,50.456645,95.285139,0.883336
2.0,1000,15,743,1.884346,519.546982,1499.227495,-0.115654,-480.453018,499.227495,0.875571
2.0,1000,15,744,1.871017,1006.858723,1037.339142,-0.128983,6.858723,37.339142,0.904777
2.0,1000,15,745,2.215108,1140.867768,1017.962050,0.215108,140.867768,17.962050,0.930531
2.0,1000,15,746,8.546587,1941.884857,0.000102,6.546587,941.884857,-999.999898,0.800697
2.0,1000,15,747,1.355393,763.611441,1262.299227,-0.644607,-236.388559,262.299227,0.798377
2.0,1000,15,748,2.561627,955.490713,974.465578,0.561627,-44.509287,-25.534422,0.942603
2.0,1000,15,749,1.817513,839.725090,1049.792102,-0.182487,-160.274910,49.792102,0.909642
2.0,1000,15,750,0.000000,0.000000,0.000000,-2.000000,-1000.000000,-1000.000000,0.000000
2.0,1000,15,751,3.084742,1107.210351,847.583109,1.084742,107.210351,-152.416891,0.915511
2.0,1000,15,752,1.464425,706.784245,1533.321581,-0.535575,-293.215755,533.321581,0.883522
2.0,1000,15,753,3.759724,1644.306752,447.112274,1.759724,644.306752,-552.887726,0.927509
2.0,1000,15,754,1.400489,926.216986,1256.422884,-0.599511,-73.783014,256.422884,0.881596
2.0,1000,15,755,1.307138,805.713085,1444.287845,-0.692862,-194.286915,444.287845,0.851239
2.0,1000,15,756,3.316476,1152.179198,789.586020,1.316476,152.179198,-210.413980,0.895679
2.0,1000,15,757,1.498721,706.915132,1145.673252,-0.501279,-293.084868,145.673252,0.892591
2.0,1000,15,758,1.352964,1023.209228,996.149528,-0.647036,23.209228,-3.850472,0.857888
2.0,1000,15,759,2.273142,908.237578,1037.812977,0.273142,-91.762422,37.812977,0.921023
2.0,1000,15,760,1.503499,807.872700,1083.705665,-0.496501,-192.127300,83.705665,0.855956
2.0,1000,15,761,1.571204,894.171840,1038.898432,-0.428796,-105.828160,38.898432,0.859603
2.0,1000,15,762,3.552413,1450.921084,632.321792,1.552413,450.921084,-367.678208,0.957629
2.0,1000,15,763,1.488939,662.601957,1297.515297,-0.511061,-337.398043,297.515297,0.896438
2.0,1000,15,764,1.500158,867.852382,974.013450,-0.499842,-132.147618,-25.986550,0.873404
2.0,1000,15,765,0.000000,0.000000,0.000000,-2.000000,-1000.000000,-1000.000000,0.000000
2.0,1000,15,766,5.788940,1872.059906,0.000038,3.788940,872.059906,-999.999962,0.972595
2.0,1000,15,767,1.609632,643.137023,1233.825274,-0.390368,-356.862977,233.825274,0.902190
2.0,1000,15,768,1.828740,703.360883,1285.890530,-0.171260,-296.639117,285.890530,0.900946
2.0,1000,15,769,2.232359,920.546569,1074.568944,0.232359,-79.453431,74.568944,0.924725
2.0,1000,15,770,0.000000,0.000000,0.000000,-2.000000,-1000.000000,-1000.000000,0.000000
2.0,1000,15,771,0.000000,0.000000,0.000000,-2.000000,-1000.000000,-1000.000000,0.000000
2.0,1000,15,772,0.000000,0.000000,0.000000,-2.000000,-1000.000000,-1000.000000,0.000000
2.0,1000,15,773,0.000000,0.000000,0.000000,-2.000000,-1000.000000,-1000.000000,0.000000
2.0,1000,15,774,2.939222,1167.676010,778.079686,0.939222,167.676010,-221.920314,0.806717
2.0,1000,15,775,1.444162,883.532311,1061.880191,-0.555838,-116.467689,61.880191,0.853820
2.0,1000,15,776,2.964936,1039.115552,1057.852961,0.964936,39.115552,57.852961,0.944387
2.0,1000,15,777,0.000000,0.000000,0.000000,-2.000000,-1000.000000,-1000.000000,0.000000
2.0,1000,15,778,1.407297,669.304182,1322.167177,-0.592703,-330.695818,322.167177,0.876947
2.0,1000,15,779,1.589282,692.426674,1003.881034,-0.410718,-307.573326,3.881034,0.903606
2.0,1000,15,780,1.243080,578.583249,1270.841191,-0.756920,-421.416751,270.841191,0.818787
2.0,1000,15,781,1.189790,748.501105,1235.625267,-0.810210,-251.498895,235.625267,0.798640
2.0,1000,15,782,2.723104,1243.961939,837.498829,0.723104,243.961939,-162.501171,0.935578
2.0,1000,15,783,2.545164,1232.739704,767.581034,0.545164,232.739704,-232.418966,0.905649
2.0,1000,15,784,1.964386,996.940823,964.574943,-0.035614,-3.059177,-35.425057,0.913586
2.0,1000,15,785,2.004234,766.210876,1149.000371,0.004234,-233.789124,149.000371,0.888613
2.0,1000,15,786,2.080046,797.429351,1190.632825,0.080046,-202.570649,190.632825,0.906696
2.0,1000,15,787,4.644289,1581.169831,337.549131,2.644289,581.169831,-662.450869,0.935962
2.0,1000,15,788,0.000000,0.000000,0.000000,-2.000000,-1000.000000,-1000.000000,0.000000
2.0,1000,15,789,0.000000,0.000000,0.000000,-2.000000,-1000.000000,-1000.000000,0.000000
2.0,1000,15,790,0.000000,0.000000,0.000000,-2.000000,-1000.000000,-1000.000000,0.000000
2.0,1000,15,791,0.000000,0.000000,0.000000,-2.000000,-1000.000000,-1000.000000,0.000000
2.0,1000,15,792,6.579974,2306.163468,0.000000,4.579974,1306.163468,-1000.000000,0.818730
2.0,1000,15,793,0.000000,0.000000,0.000000,-2.000000,-1000.000000,-1000.000000,0.000000
2.0,1000,15,794,2.211195,1184.795366,854.940262,0.211195,184.795366,-145.059738,0.921776
2.0,1000,15,795,0.000000,0.000000,0.000000,-2.000000,-1000.000000,-1000.000000,0.000000
2.0,1000,15,796,2.030705,682.956611,1147.026422,0.030705,-317.043389,147.026422,0.929314
2.0,1000,15,797,1.330739,755.877242,1095.989340,-0.669261,-244.122758,95.989340,0.833084
2.0,1000,15,798,1.949146,900.789428,1144.833181,-0.050854,-99.210572,144.833181,0.852544
2.0,1000,15,799,2.931654,1147.206441,868.077960,0.931654,147.206441,-131.922040,0.931067
2.0,1000,15,800,4.771761,2049.612603,0.000031,2.771761,1049.612603,-999.999969,0.879030
2.0,1000,15,801,1.276171,665.937919,1357.375771,-0.723829,-334.062081,357.375771,0.803142
2.0,1000,15,802,1.633953,792.499021,1152.865838,-0.366047,-207.500979,152.865838,0.896881
2.0,1000,15,803,7.913585,2114.772343,0.000098,5.913585,1114.772343,-999.999902,0.928258
2.0,1000,15,804,1.907312,1015.059111,955.440765,-0.092688,15.059111,-44.559235,0.924129
2.0,1000,15,805,1.678677,761.399054,1106.993687,-0.321323,-238.600946,106.993687,0.868350
2.0,1000,15,806,1.212100,694.894696,1360.526831,-0.787900,-305.105304,360.526831,0.809796
2.0,1000,15,807,1.439398,628.179103,1333.962926,-0.560602,-371.820897,333.962926,0.875669
2.0,1000,15,808,1.184811,705.116241,1322.548254,-0.815189,-294.883759,322.548254,0.779781
2.0,1000,15,809,1.611845,922.037659,1017.157384,-0.388155,-77.962341,17.157384,0.893283
2.0,1000,15,810,0.000000,0.000000,0.000000,-2.000000,-1000.000000,-1000.000000,0.000000
2.0,1000,15,811,1.344614,792.891476,1218.059768,-0.655386,-207.108524,218.059768,0.865721
2.0,1000,15,812,2.248701,1223.409111,855.884868,0.248701,223.409111,-144.115132,0.904832
2.0,1000,15,813,5.491248,2151.905177,0.000054,3.491248,1151.905177,-999.999946,0.955334
2.0,1000,15,814,2.302925,1325.721747,903.874696,0.302925,325.721747,-96.125304,0.866803
2.0,1000,15,815,1.880830,1187.908715,920.461713,-0.119170,187.908715,-79.538287,0.883837
2.0,1000,15,816,0.000000,0.000000,0.000000,-2.000000,-1000.000000,-1000.000000,0.000000
2.0,1000,15,817,3.709744,1191.190418,822.707395,1.709744,191.190418,-177.292605,0.913415
2.0,1000,15,818,1.329184,512.657597,1524.933029,-0.670816,-487.342403,524.933029,0.855513
2.0,1000,15,819,1.722323,740.025775,1180.131118,-0.277677,-259.974225,180.131118,0.911219
2.0,1000,15,820,1.641593,864.821742,1033.225977,-0.358407,-135.178258,33.225977,0.900257
2.0,1000,15,821,1.346405,761.747276,1125.900578,-0.653595,-238.252724,125.900578,0.811715
2.0,1000,15,822,1.483664,771.638310,1090.676093,-0.516336,-228.361690,90.676093,0.883224
2.0,1000,15,823,1.652653,549.550166,1339.780152,-0.347347,-450.449834,339.780152,0.880219
2.0,1000,15,824,4.894976,2165.168440,0.000000,2.894976,1165.168440,-1000.000000,0.833223
2.0,1000,15,825,1.580211,764.942267,1116.579951,-0.419789,-235.057733,116.579951,0.857984
2.0,1000,15,826,2.612587,1649.140323,648.913954,0.612587,649.140323,-351.086046,0.918751
2.0,1000,15,827,6.414104,2109.057295,0.000067,4.414104,1109.057295,-999.999933,0.965816
2.0,1000,15,828,4.319780,2227.115807,0.000018,2.319780,1227.115807,-999.999982,0.925006
2.0,1000,15,829,0.000000,0.000000,0.000000,-2.000000,-1000.000000,-1000.000000,0.000000
2.0,1000,15,830,1.713133,643.584375,1219.383917,-0.286867,-356.415625,219.383917,0.884030
2.0,1000,15,831,1.330101,719.550430,1251.907948,-0.669899,-280.449570,251.907948,0.853983
2.0,1000,15,832,0.000000,0.000000,0.000000,-2.000000,-1000.000000,-1000.000000,0.000000
2.0,1000,15,833,1.514055,563.910571,1367.495609,-0.485945,-436.089429,367.495609,0.873062
2.0,1000,15,834,1.927302,895.492637,1273.685820,-0.072698,-104.507363,273.685820,0.885822
2.0,1000,15,835,1.719363,617.362343,1092.918303,-0.280637,-382.637657,92.918303,0.865829
2.0,1000,15,836,1.422491,664.830218,1277.226003,-0.577509,-335.169782,277.226003,0.878792
2.0,1000,15,837,1.607682,859.922065,1200.551336,-0.392318,-140.077935,200.551336,0.899460
2.0,1000,15,838,2.590718,1055.965645,912.840926,0.590718,55.965645,-87.159074,0.909481
2.0,1000,15,839,8.907269,2013.499746,0.000013,6.907269,1013.499746,-999.999987,0.924845
2.0,1000,15,840,0.000000,0.000000,0.000000,-2.000000,-1000.000000,-1000.000000,0.000000
2.0,1000,15,841,1.424384,787.990231,1216.010911,-0.575616,-212.009769,216.010911,0.871370
2.0,1000,15,842,5.124728,1986.357687,0.000071,3.124728,986.357687,-999.999929,0.950807
2.0,1000,15,843,1.519769,656.157193,1261.851177,-0.480231,-343.842807,261.851177,0.833837
2.0,1000,15,844,0.000000,0.000000,0.000000,-2.000000,-1000.000000,-1000.000000,0.000000
2.0,1000,15,845,1.451300,591.311305,1226.776338,-0.548700,-408.688695,226.776338,0.886626
2.0,1000,15,846,1.338322,878.048438,1309.740770,-0.661678,-121.951562,309.740770,0.782886
2.0,1000,15,847,0.000000,0.000000,0.000000,-2.000000,-1000.000000,-1000.000000,0.000000
2.0,1000,15,848,1.773887,1007.178548,1095.294671,-0.226113,7.178548,95.294671,0.875064
2.0,1000,15,849,0.000000,0.000000,0.000000,-2.000000,-1000.000000,-1000.000000,0.000000
2.0,1000,15,850,1.369611,452.587135,1404.832947,-0.630389,-547.412865,404.832947,0.851459
2.0,1000,15,851,1.685108,745.324960,1038.177816,-0.314892,-254.675040,38.177816,0.860473
2.0,1000,15,852,0.000000,0.000000,0.000000,-2.000000,-1000.000000,-1000.000000,0.000000
2.0,1000,15,853,2.232095,683.919006,1265.437368,0.232095,-316.080994,265.437368,0.902762
2.0,1000,15,854,1.217186,686.905615,1189.897108,-0.782814,-313.094385,189.897108,0.777503
2.0,1000,15,855,3.270847,875.331573,757.564082,1.270847,-124.668427,-242.435918,0.944015
2.0,1000,15,856,1.533545,735.539587,1139.786119,-0.466455,-264.460413,139.786119,0.852692
2.0,1000,15,857,6.174979,1881.663789,0.000200,4.174979,881.663789,-999.999800,0.876466
2.0,1000,15,858,1.311869,665.029747,1170.036929,-0.688131,-334.970253,170.036929,0.833313
2.0,1000,15,859,1.486798,836.863715,1218.989094,-0.513202,-163.136285,218.989094,0.889172
2.0,1000,15,860,2.013644,731.609352,1250.362116,0.013644,-268.390648,250.362116,0.893303
2.0,1000,15,861,1.567434,721.798698,1375.904340,-0.432566,-278.201302,375.904340,0.899655
2.0,1000,15,862,2.145482,855.979786,1049.838664,0.145482,-144.020214,49.838664,0.867456
2.0,1000,15,863,1.792579,1060.552242,1098.795207,-0.207421,60.552242,98.795207,0.872462
2.0,1000,15,864,0.000000,0.000000,0.000000,-2.000000,-1000.000000,-1000.000000,0.000000
2.0,1000,15,865,1.367733,700.708833,1162.297544,-0.632267,-299.291167,162.297544,0.805612
2.0,1000,15,866,1.303647,442.511933,1373.301315,-0.696353,-557.488067,373.301315,0.849527
2.0,1000,15,867,1.479636,704.771121,1178.703728,-0.520364,-295.228879,178.703728,0.867002
2.0,1000,15,868,2.628348,1197.900107,981.039103,0.628348,197.900107,-18.960897,0.932599
2.0,1000,15,869,1.635825,934.982420,1015.034249,-0.364175,-65.017580,15.034249,0.837278
2.0,1000,15,870,0.000000,0.000000,0.000000,-2.000000,-1000.000000,-1000.000000,0.000000
2.0,1000,15,871,2.443503,1068.232396,1090.935626,0.443503,68.232396,90.935626,0.943560
2.0,1000,15,872,1.495631,488.002593,1177.642168,-0.504369,-511.997407,177.642168,0.892412
2.0,1000,15,873,2.691841,1138.794859,978.500296,0.691841,138.794859,-21.499704,0.908352
2.0,1000,15,874,1.474168,677.643498,1186.098447,-0.525832,-322.356502,186.098447,0.879422
2.0,1000,15,875,1.698898,506.446752,1556.847531,-0.301102,-493.553248,556.847531,0.861201
2.0,1000,15,876,1.479136,522.147883,1426.214190,-0.520864,-477.852117,426.214190,0.875233
2.0,1000,15,877,1.508842,602.502770,1216.564356,-0.491158,-397.497230,216.564356,0.868016
2.0,1000,15,878,6.670357,1960.750647,0.000057,4.670357,960.750647,-999.999943,0.966010
2.0,1000,15,879,1.538383,780.946459,1110.874322,-0.461617,-219.053541,110.874322,0.865761
2.0,1000,15,880,0.000000,0.000000,0.000000,-2.000000,-1000.000000,-1000.000000,0.000000
2.0,1000,15,881,0.000000,0.000000,0.000000,-2.000000,-1000.000000,-1000.000000,0.000000
2.0,1000,15,882,2.052739,853.860806,977.183009,0.052739,-146.139194,-22.816991,0.926116
2.0,1000,15,883,2.195057,1163.148845,866.055568,0.195057,163.148845,-133.944432,0.888299
2.0,1000,15,884,1.879324,622.012467,1168.263117,-0.120676,-377.987533,168.263117,0.863957
2.0,1000,15,885,1.347055,837.817052,1112.349653,-0.652945,-162.182948,112.349653,0.847698
2.0,1000,15,886,1.454987,889.084818,1051.697512,-0.545013,-110.915182,51.697512,0.878124
2.0,1000,15,887,2.582973,982.942136,1047.133049,0.582973,-17.057864,47.133049,0.894805
2.0,1000,15,888,2.694429,1297.947301,822.458458,0.694429,297.947301,-177.541542,0.700344
2.0,1000,15,889,1.826633,873.904102,1328.367312,-0.173367,-126.095898,328.367312,0.914274
2.0,1000,15,890,1.560375,1093.719040,1044.941243,-0.439625,93.719040,44.941243,0.874642
2.0,1000,15,891,0.000000,0.000000,0.000000,-2.000000,-1000.000000,-1000.000000,0.000000
2.0,1000,15,892,1.287935,709.532765,1143.878298,-0.712065,-290.467235,143.878298,0.803696
2.0,1000,15,893,0.000000,0.000000,0.000000,-2.000000,-1000.000000,-1000.000000,0.000000
2.0,1000,15,894,1.293897,610.116549,1327.305027,-0.706103,-389.883451,327.305027,0.848629
2.0,1000,15,895,1.771856,712.972475,1208.749250,-0.228144,-287.027525,208.749250,0.872977
2.0,1000,15,896,0.000000,0.000000,0.000000,-2.000000,-1000.000000,-1000.000000,0.000000
2.0,1000,15,897,1.554757,703.329072,1211.118643,-0.445243,-296.670928,211.118643,0.856365
2.0,1000,15,898,2.132886,1007.578443,1025.896475,0.132886,7.578443,25.896475,0.921859
2.0,1000,15,899,1.728143,697.650252,1145.103186,-0.271857,-302.349748,145.103186,0.860749
2.0,1000,15,900,1.465577,870.465977,1118.660497,-0.534423,-129.534023,118.660497,0.881906
2.0,1000,15,901,0.000000,0.000000,0.000000,-2.000000,-1000.000000,-1000.000000,0.000000
2.0,1000,15,902,1.853421,919.785609,1047.126755,-0.146579,-80.214391,47.126755,0.867326
2.0,1000,15,903,1.171947,705.941326,1215.055745,-0.828053,-294.058674,215.055745,0.779912
2.0,1000,15,904,0.000000,0.000000,0.000000,-2.000000,-1000.000000,-1000.000000,0.000000
2.0,1000,15,905,0.000000,0.000000,0.000000,-2.000000,-1000.000000,-1000.000000,0.000000
2.0,1000,15,906,0.000000,0.000000,0.000000,-2.000000,-1000.000000,-1000.000000,0.000000
2.0,1000,15,907,1.216013,583.240720,1284.207125,-0.783987,-416.759280,284.207125,0.804384
2.0,1000,15,908,0.000000,0.000000,0.000000,-2.000000,-1000.000000,-1000.000000,0.000000
2.0,1000,15,909,2.021461,1157.359205,898.047989,0.021461,157.359205,-101.952011,0.927599
2.0,1000,15,910,1.555014,763.005939,1145.408294,-0.444986,-236.994061,145.408294,0.853645
2.0,1000,15,911,1.580609,760.922431,1117.859759,-0.419391,-239.077569,117.859759,0.832322
2.0,1000,15,912,0.000000,0.000000,0.000000,-2.000000,-1000.000000,-1000.000000,0.000000
2.0,1000,15,913,1.911288,818.078680,1400.735972,-0.088712,-181.921320,400.735972,0.908036
2.0,1000,15,914,1.389676,783.178967,1281.845732,-0.610324,-216.821033,281.845732,0.806830
2.0,1000,15,915,1.125351,785.904752,1339.948161,-0.874649,-214.095248,339.948161,0.713342
2.0,1000,15,916,1.392186,725.673289,1111.155903,-0.607814,-274.326711,111.155903,0.855637
2.0,1000,15,917,3.318771,844.231973,1149.269817,1.318771,-155.768027,149.269817,0.916787
2.0,1000,15,918,1.454229,794.903539,1154.972101,-0.545771,-205.096461,154.972101,0.861548
2.0,1000,15,919,0.000000,0.000000,0.000000,-2.000000,-1000.000000,-1000.000000,0.000000
2.0,1000,15,920,2.315963,1005.293596,1105.367646,0.315963,5.293596,105.367646,0.928146
2.0,1000,15,921,6.618582,1776.180940,0.000141,4.618582,776.180940,-999.999859,0.922476
2.0,1000,15,922,5.722356,1930.108738,0.000016,3.722356,930.108738,-999.999984,0.926217
2.0,1000,15,923,1.806193,1110.667455,960.672877,-0.193807,110.667455,-39.327123,0.861939
2.0,1000,15,924,1.734710,919.183815,1141.315012,-0.265290,-80.816185,141.315012,0.920343
2.0,1000,15,925,0.000000,0.000000,0.000000,-2.000000,-1000.000000,-1000.000000,0.000000
2.0,1000,15,926,1.772025,631.929178,1257.422296,-0.227975,-368.070822,257.422296,0.875681
2.0,1000,15,927,2.085662,883.881660,997.103078,0.085662,-116.118340,-2.896922,0.895443
2.0,1000,15,928,1.380903,679.049781,1237.334279,-0.619097,-320.950219,237.334279,0.846036
2.0,1000,15,929,1.762596,1019.043267,983.798335,-0.237404,19.043267,-16.201665,0.863398
2.0,1000,15,930,5.968771,2218.471557,0.000301,3.968771,1218.471557,-999.999699,0.952008
2.0,1000,15,931,1.311058,590.117425,1293.485483,-0.688942,-409.882575,293.485483,0.842009
2.0,1000,15,932,1.452085,853.531960,1074.872324,-0.547915,-146.468040,74.872324,0.843943
2.0,1000,15,933,2.452148,916.927572,993.496488,0.452148,-83.072428,-6.503512,0.899808
2.0,1000,15,934,1.127025,832.113986,1100.592556,-0.872975,-167.886014,100.592556,0.717940
2.0,1000,15,935,1.688723,896.823985,1051.434852,-0.311277,-103.176015,51.434852,0.866488
2.0,1000,15,936,0.000000,0.000000,0.000000,-2.000000,-1000.000000,-1000.000000,0.000000
2.0,1000,15,937,1.146149,565.346157,1224.902465,-0.853851,-434.653843,224.902465,0.760454
2.0,1000,15,938,1.350310,551.762244,1265.308864,-0.649690,-448.237756,265.308864,0.848637
2.0,1000,15,939,2.791554,959.680671,1047.678725,0.791554,-40.319329,47.678725,0.892189
2.0,1000,15,940,2.902096,1596.407970,575.497477,0.902096,596.407970,-424.502523,0.928495
2.0,1000,15,941,0.000000,0.000000,0.000000,-2.000000,-1000.000000,-1000.000000,0.000000
2.0,1000,15,942,1.631700,661.515419,1403.854326,-0.368300,-338.484581,403.854326,0.884302
2.0,1000,15,943,1.815161,990.148765,1077.340575,-0.184839,-9.851235,77.340575,0.905757
2.0,1000,15,944,1.880274,917.965618,942.635523,-0.119726,-82.034382,-57.364477,0.890115
2.0,1000,15,945,6.031569,2185.829556,0.000080,4.031569,1185.829556,-999.999920,0.979106
2.0,1000,15,946,1.261489,654.792038,1220.512151,-0.738511,-345.207962,220.512151,0.816915
2.0,1000,15,947,2.017876,841.983530,1049.662472,0.017876,-158.016470,49.662472,0.922438
2.0,1000,15,948,2.276887,1138.862411,900.624317,0.276887,138.862411,-99.375683,0.897220
2.0,1000,15,949,7.775268,1985.911527,0.000063,5.775268,985.911527,-999.999937,0.960190
2.0,1000,15,950,1.639479,687.189077,1221.918624,-0.360521,-312.810923,221.918624,0.854860
2.0,1000,15,951,1.681006,972.548207,1129.447227,-0.318994,-27.451793,129.447227,0.872257
2.0,1000,15,952,1.188109,655.699094,1187.616686,-0.811891,-344.300906,187.616686,0.780032
2.0,1000,15,953,1.308855,744.331995,1095.590870,-0.691145,-255.668005,95.590870,0.825487
2.0,1000,15,954,3.381568,1504.261134,698.114647,1.381568,504.261134,-301.885353,0.919412
2.0,1000,15,955,1.128340,519.019199,1337.733548,-0.871660,-480.980801,337.733548,0.729328
2.0,1000,15,956,0.000000,0.000000,0.000000,-2.000000,-1000.000000,-1000.000000,0.000000
2.0,1000,15,957,1.470362,983.984900,1036.277544,-0.529638,-16.015100,36.277544,0.830560
2.0,1000,15,958,1.750676,974.411280,996.885921,-0.249324,-25.588720,-3.114079,0.921306
2.0,1000,15,959,1.947615,618.742384,1157.426844,-0.052385,-381.257616,157.426844,0.895265
2.0,1000,15,960,4.540378,1748.040359,631.892657,2.540378,748.040359,-368.107343,0.886425
2.0,1000,15,961,2.252116,587.010890,1152.137689,0.252116,-412.989110,152.137689,0.924319
2.0,1000,15,962,1.500871,728.968003,1063.236925,-0.499129,-271.031997,63.236925,0.872947
2.0,1000,15,963,0.000000,0.000000,0.000000,-2.000000,-1000.000000,-1000.000000,0.000000
2.0,1000,15,964,1.168552,613.437339,1196.076538,-0.831448,-386.562661,196.076538,0.753464
2.0,1000,15,965,2.233280,821.092009,1040.511237,0.233280,-178.907991,40.511237,0.922559
2.0,1000,15,966,0.000000,0.000000,0.000000,-2.000000,-1000.000000,-1000.000000,0.000000
2.0,1000,15,967,1.202336,868.027584,1232.646912,-0.797664,-131.972416,232.646912,0.758349
2.0,1000,15,968,2.299066,990.996649,1192.521079,0.299066,-9.003351,192.521079,0.896454
2.0,1000,15,969,3.577929,1669.147169,465.550413,1.577929,669.147169,-534.449587,0.868532
2.0,1000,15,970,2.373636,814.562133,1118.389189,0.373636,-185.437867,118.389189,0.923086
2.0,1000,15,971,1.173902,802.153902,1228.191934,-0.826098,-197.846098,228.191934,0.735658
2.0,1000,15,972,1.419963,824.443104,1153.438877,-0.580037,-175.556896,153.438877,0.868546
2.0,1000,15,973,1.963572,726.596776,1130.263158,-0.036428,-273.403224,130.263158,0.928663
2.0,1000,15,974,4.963773,2383.754788,0.000000,2.963773,1383.754788,-1000.000000,0.848665
2.0,1000,15,975,1.613366,793.394471,1135.558806,-0.386634,-206.605529,135.558806,0.895631
2.0,1000,15,976,1.516051,819.097273,1081.156368,-0.483949,-180.902727,81.156368,0.847896
2.0,1000,15,977,1.314485,919.770853,1236.906574,-0.685515,-80.229147,236.906574,0.847479
2.0,1000,15,978,1.776739,972.306461,1141.149694,-0.223261,-27.693539,141.149694,0.888616
2.0,1000,15,979,1.835720,842.212812,1020.828656,-0.164280,-157.787188,20.828656,0.883085
2.0,1000,15,980,3.667903,1193.752181,916.562673,1.667903,193.752181,-83.437327,0.901212
2.0,1000,15,981,2.267376,1104.036825,1030.709626,0.267376,104.036825,30.709626,0.900881
2.0,1000,15,982,0.000000,0.000000,0.000000,-2.000000,-1000.000000,-1000.000000,0.000000
2.0,1000,15,983,2.408676,1249.952841,865.995301,0.408676,249.952841,-134.004699,0.919511
2.0,1000,15,984,2.061313,773.134867,1002.049021,0.061313,-226.865133,2.049021,0.929579
2.0,1000,15,985,0.000000,0.000000,0.000000,-2.000000,-1000.000000,-1000.000000,0.000000
2.0,1000,15,986,2.442524,804.730054,1205.706064,0.442524,-195.269946,205.706064,0.926933
2.0,1000,15,987,2.151361,1276.946048,893.479976,0.151361,276.946048,-106.520024,0.935617
2.0,1000,15,988,1.822993,687.324196,1315.442429,-0.177007,-312.675804,315.442429,0.915076
2.0,1000,15,989,7.816585,2133.001985,0.000000,5.816585,1133.001985,-1000.000000,0.886101
2.0,1000,15,990,1.752862,857.835823,1192.427369,-0.247138,-142.164177,192.427369,0.909989
2.0,1000,15,991,2.442949,1122.894761,906.264818,0.442949,122.894761,-93.735182,0.943835
2.0,1000,15,992,5.857921,2025.478454,0.000056,3.857921,1025.478454,-999.999944,0.949878
2.0,1000,15,993,1.720727,784.350595,1353.564418,-0.279273,-215.649405,353.564418,0.896070
2.0,1000,15,994,3.451099,1482.435257,667.844844,1.451099,482.435257,-332.155156,0.935840
2.0,1000,15,995,4.861767,2136.443080,0.000074,2.861767,1136.443080,-999.999926,0.935195
2.0,1000,15,996,0.000000,0.000000,0.000000,-2.000000,-1000.000000,-1000.000000,0.000000
2.0,1000,15,997,0.000000,0.000000,0.000000,-2.000000,-1000.000000,-1000.000000,0.000000
2.0,1000,15,998,7.094986,1990.419053,0.000023,5.094986,990.419053,-999.999977,0.833150
2.0,1000,15,999,1.980928,1001.724784,931.055324,-0.019072,1.724784,-68.944676,0.927604
2.0,1000,15,1000,1.914160,753.375962,1050.693410,-0.085840,-246.624038,50.693410,0.909234
2.0,1000,15,1001,1.286582,604.884386,1182.981254,-0.713418,-395.115614,182.981254,0.847463
2.0,1000,15,1002,2.026161,804.403855,984.877283,0.026161,-195.596145,-15.122717,0.928407
2.0,1000,15,1003,2.588591,1005.472189,887.978172,0.588591,5.472189,-112.021828,0.920673
2.0,1000,15,1004,2.954033,1480.023948,723.318046,0.954033,480.023948,-276.681954,0.935090
2.0,1000,15,1005,6.265291,1980.785932,0.000047,4.265291,980.785932,-999.999953,0.956508
2.0,1000,15,1006,0.000000,0.000000,0.000000,-2.000000,-1000.000000,-1000.000000,0.000000
2.0,1000,15,1007,2.060785,1179.541284,995.111675,0.060785,179.541284,-4.888325,0.896511
2.0,1000,15,1008,0.000000,0.000000,0.000000,-2.000000,-1000.000000,-1000.000000,0.000000
2.0,1000,15,1009,2.236594,914.885039,1235.458036,0.236594,-85.114961,235.458036,0.911793
2.0,1000,15,1010,0.000000,0.000000,0.000000,-2.000000,-1000.000000,-1000.000000,0.000000
2.0,1000,15,1011,1.436574,645.836317,1219.865140,-0.563426,-354.163683,219.865140,0.866437
2.0,1000,15,1012,7.179780,2177.034290,0.000014,5.179780,1177.034290,-999.999986,0.891088
2.0,1000,15,1013,1.942017,1096.249717,994.860897,-0.057983,96.249717,-5.139103,0.903364
2.0,1000,15,1014,1.705254,583.194994,1311.689096,-0.294746,-416.805006,311.689096,0.905702
2.0,1000,15,1015,1.332627,966.176276,1265.859690,-0.667373,-33.823724,265.859690,0.791811
2.0,1000,15,1016,1.447580,820.576447,1334.625638,-0.552420,-179.423553,334.625638,0.784607
2.0,1000,15,1017,6.487541,1994.562800,0.000161,4.487541,994.562800,-999.999839,0.925111
2.0,1000,15,1018,5.217956,2363.926555,0.000021,3.217956,1363.926555,-999.999979,0.832840
2.0,1000,15,1019,1.535458,602.978364,1295.640144,-0.464542,-397.021636,295.640144,0.853907
2.0,1000,15,1020,0.000000,0.000000,0.000000,-2.000000,-1000.000000,-1000.000000,0.000000
2.0,1000,15,1021,1.416395,822.001416,1034.353685,-0.583605,-177.998584,34.353685,0.876640
2.0,1000,15,1022,2.039326,872.390587,1002.546559,0.039326,-127.609413,2.546559,0.924072
2.0,1000,15,1023,2.630822,1160.534441,874.347618,0.630822,160.534441,-125.652382,0.923531
2.0,1000,15,1024,4.676763,1502.715614,582.596587,2.676763,502.715614,-417.403413,0.954251
2.0,1000,15,1025,1.701686,588.272754,1384.644907,-0.298314,-411.727246,384.644907,0.901271
2.0,1000,15,1026,1.965450,959.572927,952.657709,-0.034550,-40.427073,-47.342291,0.907700
2.0,1000,15,1027,2.554340,1321.257469,798.862544,0.554340,321.257469,-201.137456,0.920846
2.0,1000,15,1028,1.686434,816.531225,998.299231,-0.313566,-183.468775,-1.700769,0.837596
2.0,1000,15,1029,2.222120,821.389699,1224.710453,0.222120,-178.610301,224.710453,0.887579
2.0,1000,15,1030,1.745946,745.006121,1349.587005,-0.254054,-254.993879,349.587005,0.917481
2.0,1000,15,1031,2.225515,965.828833,1001.571943,0.225515,-34.171167,1.571943,0.915945
2.0,1000,15,1032,0.000000,0.000000,0.000000,-2.000000,-1000.000000,-1000.000000,0.000000
2.0,1000,15,1033,1.268836,783.902410,1131.503143,-0.731164,-216.097590,131.503143,0.847362
2.0,1000,15,1034,2.036742,807.028235,984.870103,0.036742,-192.971765,-15.129897,0.879210
2.0,1000,15,1035,0.000000,0.000000,0.000000,-2.000000,-1000.000000,-1000.000000,0.000000
2.0,1000,15,1036,7.251723,1868.488071,0.000125,5.251723,868.488071,-999.999875,0.948083
2.0,1000,15,1037,1.444359,619.159831,1325.223469,-0.555641,-380.840169,325.223469,0.879143
2.0,1000,15,1038,5.018900,2375.591973,0.000045,3.018900,1375.591973,-999.999955,0.928759
2.0,1000,15,1039,1.843333,836.090637,1134.410267,-0.156667,-163.909363,134.410267,0.880826
2.0,1000,15,1040,1.186029,749.928159,1043.904745,-0.813971,-250.071841,43.904745,0.786389
2.0,1000,15,1041,7.449183,1992.240387,0.000084,5.449183,992.240387,-999.999916,0.907966
2.0,1000,15,1042,0.000000,0.000000,0.000000,-2.000000,-1000.000000,-1000.000000,0.000000
2.0,1000,15,1043,6.040784,1872.847682,0.000078,4.040784,872.847682,-999.999922,0.922844
2.0,1000,15,1044,2.415824,879.091483,1030.585606,0.415824,-120.908517,30.585606,0.936536
2.0,1000,15,1045,1.455049,645.342372,1215.721754,-0.544951,-354.657628,215.721754,0.842373
2.0,1000,15,1046,2.554258,952.493972,954.785576,0.554258,-47.506028,-45.214424,0.939749
2.0,1000,15,1047,0.000000,0.000000,0.000000,-2.000000,-1000.000000,-1000.000000,0.000000
2.0,1000,15,1048,2.978290,1178.051754,877.052585,0.978290,178.051754,-122.947415,0.935186
2.0,1000,15,1049,8.064556,2091.915542,0.000040,6.064556,1091.915542,-999.999960,0.944370
2.0,1000,15,1050,1.223270,385.831998,1396.709012,-0.776730,-614.168002,396.709012,0.806135
2.0,1000,15,1051,8.304560,1990.772412,0.000115,6.304560,990.772412,-999.999885,0.946209
2.0,1000,15,1052,1.538710,660.725137,1138.483501,-0.461290,-339.274863,138.483501,0.891533
2.0,1000,15,1053,1.705687,987.583311,1044.403032,-0.294313,-12.416689,44.403032,0.834147
2.0,1000,15,1054,0.000000,0.000000,0.000000,-2.000000,-1000.000000,-1000.000000,0.000000
2.0,1000,15,1055,0.000000,0.000000,0.000000,-2.000000,-1000.000000,-1000.000000,0.000000
2.0,1000,15,1056,0.000000,0.000000,0.000000,-2.000000,-1000.000000,-1000.000000,0.000000
2.0,1000,15,1057,2.195984,1088.386917,955.390916,0.195984,88.386917,-44.609084,0.922088
2.0,1000,15,1058,2.057799,938.359668,1055.499705,0.057799,-61.640332,55.499705,0.898203
2.0,1000,15,1059,0.000000,0.000000,0.000000,-2.000000,-1000.000000,-1000.000000,0.000000
2.0,1000,15,1060,6.305508,1951.263202,0.000033,4.305508,951.263202,-999.999967,0.925645
2.0,1000,15,1061,1.342619,615.814562,1256.426826,-0.657381,-384.185438,256.426826,0.867475
2.0,1000,15,1062,1.867905,952.230905,1013.853401,-0.132095,-47.769095,13.853401,0.924451
2.0,1000,15,1063,1.968486,1055.829467,1006.713450,-0.031514,55.829467,6.713450,0.855546
2.0,1000,15,1064,1.878528,730.238661,1100.243704,-0.121472,-269.761339,100.243704,0.914938
2.0,1000,15,1065,6.198726,2072.577463,0.000061,4.198726,1072.577463,-999.999939,0.976132
2.0,1000,15,1066,1.744208,656.944049,1304.139475,-0.255792,-343.055951,304.139475,0.865133
2.0,1000,15,1067,5.316562,2245.953479,0.000049,3.316562,1245.953479,-999.999951,0.965872
2.0,1000,15,1068,2.438409,1061.135522,979.370772,0.438409,61.135522,-20.629228,0.931364
2.0,1000,15,1069,1.643587,1049.404750,978.446371,-0.356413,49.404750,-21.553629,0.893735
2.0,1000,15,1070,0.000000,0.000000,0.000000,-2.000000,-1000.000000,-1000.000000,0.000000
2.0,1000,15,1071,2.399043,897.821540,930.701974,0.399043,-102.178460,-69.298026,0.920906
2.0,1000,15,1072,2.788406,1017.006498,959.794734,0.788406,17.006498,-40.205266,0.862009
2.0,1000,15,1073,3.426996,1551.742855,711.534745,1.426996,551.742855,-288.465255,0.941224
2.0,1000,15,1074,1.461690,571.492200,1167.618691,-0.538310,-428.507800,167.618691,0.866901
2.0,1000,15,1075,2.474882,1142.457825,796.427235,0.474882,142.457825,-203.572765,0.941697
2.0,1000,15,1076,5.640868,1862.649675,0.000044,3.640868,862.649675,-999.999956,0.884557
2.0,1000,15,1077,0.000000,0.000000,0.000000,-2.000000,-1000.000000,-1000.000000,0.000000
2.0,1000,15,1078,2.216852,1043.472240,1122.592215,0.216852,43.472240,122.592215,0.926328
2.0,1000,15,1079,1.663400,713.677329,1376.905380,-0.336600,-286.322671,376.905380,0.902560
2.0,1000,15,1080,2.922129,1359.632366,769.224645,0.922129,359.632366,-230.775355,0.935614
2.0,1000,15,1081,2.270656,938.209347,1138.070013,0.270656,-61.790653,138.070013,0.915235
2.0,1000,15,1082,2.635499,1043.464902,1003.926249,0.635499,43.464902,3.926249,0.912895
2.0,1000,15,1083,0.000000,0.000000,0.000000,-2.000000,-1000.000000,-1000.000000,0.000000
2.0,1000,15,1084,1.587828,615.059293,1245.552224,-0.412172,-384.940707,245.552224,0.864631
2.0,1000,15,1085,1.447610,798.223950,1337.917229,-0.552390,-201.776050,337.917229,0.878126
2.0,1000,15,1086,2.187469,970.628174,986.837845,0.187469,-29.371826,-13.162155,0.901857
2.0,1000,15,1087,1.833557,791.305531,1061.099148,-0.166443,-208.694469,61.099148,0.915372
2.0,1000,15,1088,6.297935,1958.833834,0.000059,4.297935,958.833834,-999.999941,0.918745
2.0,1000,15,1089,0.000000,0.000000,0.000000,-2.000000,-1000.000000,-1000.000000,0.000000
2.0,1000,15,1090,1.673288,803.424132,1111.800549,-0.326712,-196.575868,111.800549,0.909734
2.0,1000,15,1091,1.390333,775.362210,1164.283087,-0.609667,-224.637790,164.283087,0.874089
2.0,1000,15,1092,2.109544,1093.308799,1036.781637,0.109544,93.308799,36.781637,0.907865
2.0,1000,15,1093,2.754438,998.716324,887.967827,0.754438,-1.283676,-112.032173,0.920167
2.0,1000,15,1094,0.000000,0.000000,0.000000,-2.000000,-1000.000000,-1000.000000,0.000000
2.0,1000,15,1095,0.000000,0.000000,0.000000,-2.000000,-1000.000000,-1000.000000,0.000000
2.0,1000,15,1096,3.324634,1337.376280,735.905194,1.324634,337.376280,-264.094806,0.944641
2.0,1000,15,1097,1.966950,827.585709,1103.625407,-0.033050,-172.414291,103.625407,0.875186
2.0,1000,15,1098,0.000000,0.000000,0.000000,-2.000000,-1000.000000,-1000.000000,0.000000
2.0,1000,15,1099,0.000000,0.000000,0.000000,-2.000000,-1000.000000,-1000.000000,0.000000
2.0,1000,15,1100,0.000000,0.000000,0.000000,-2.000000,-1000.000000,-1000.000000,0.000000
2.0,1000,15,1101,1.261221,857.741906,1061.071906,-0.738779,-142.258094,61.071906,0.800326
2.0,1000,15,1102,2.377094,1030.788927,826.333290,0.377094,30.788927,-173.666710,0.894347
2.0,1000,15,1103,1.665005,868.902943,1146.676247,-0.334995,-131.097057,146.676247,0.858874
2.0,1000,15,1104,1.275239,744.993969,1336.889093,-0.724761,-255.006031,336.889093,0.798153
2.0,1000,15,1105,1.289012,593.908518,1645.225796,-0.710988,-406.091482,645.225796,0.842705
2.0,1000,15,1106,1.267224,748.593467,1369.158902,-0.732776,-251.406533,369.158902,0.833710
2.0,1000,15,1107,1.917589,808.541024,1351.437930,-0.082411,-191.458976,351.437930,0.919973
2.0,1000,15,1108,1.451733,1172.993474,1062.260799,-0.548267,172.993474,62.260799,0.849204
2.0,1000,15,1109,2.371068,886.228660,1035.067314,0.371068,-113.771340,35.067314,0.927710
2.0,1000,15,1110,2.877820,1112.558881,845.912947,0.877820,112.558881,-154.087053,0.927334
2.0,1000,15,1111,6.127686,1917.613569,0.000097,4.127686,917.613569,-999.999903,0.967784
2.0,1000,15,1112,2.049209,913.672744,1035.909591,0.049209,-86.327256,35.909591,0.907793
2.0,1000,15,1113,2.601024,1081.415017,1074.055483,0.601024,81.415017,74.055483,0.921487
2.0,1000,15,1114,1.486042,681.207237,1419.638323,-0.513958,-318.792763,419.638323,0.836847
2.0,1000,15,1115,5.778100,2249.049909,0.000046,3.778100,1249.049909,-999.999954,0.878807
2.0,1000,15,1116,3.123401,966.039276,901.432520,1.123401,-33.960724,-98.567480,0.935724
2.0,1000,15,1117,0.000000,0.000000,0.000000,-2.000000,-1000.000000,-1000.000000,0.000000
2.0,1000,15,1118,0.000000,0.000000,0.000000,-2.000000,-1000.000000,-1000.000000,0.000000
2.0,1000,15,1119,0.000000,0.000000,0.000000,-2.000000,-1000.000000,-1000.000000,0.000000
2.0,1000,15,1120,7.664949,1916.472586,0.000070,5.664949,916.472586,-999.999930,0.937304
2.0,1000,15,1121,1.107646,685.790131,1272.923523,-0.892354,-314.209869,272.923523,0.695874
2.0,1000,15,1122,0.000000,0.000000,0.000000,-2.000000,-1000.000000,-1000.000000,0.000000
2.0,1000,15,1123,5.121408,2318.812626,0.000000,3.121408,1318.812626,-1000.000000,0.917271
2.0,1000,15,1124,0.000000,0.000000,0.000000,-2.000000,-1000.000000,-1000.000000,0.000000
2.0,1000,15,1125,2.972810,1159.828443,889.811572,0.972810,159.828443,-110.188428,0.920221
2.0,1000,15,1126,0.000000,0.000000,0.000000,-2.000000,-1000.000000,-1000.000000,0.000000
2.0,1000,15,1127,0.000000,0.000000,0.000000,-2.000000,-1000.000000,-1000.000000,0.000000
2.0,1000,15,1128,1.679748,883.434021,1405.240676,-0.320252,-116.565979,405.240676,0.851038
2.0,1000,15,1129,0.000000,0.000000,0.000000,-2.000000,-1000.000000,-1000.000000,0.000000
2.0,1000,15,1130,5.897654,2173.815503,0.000320,3.897654,1173.815503,-999.999680,0.932994
2.0,1000,15,1131,1.950098,826.510238,1099.504014,-0.049902,-173.489762,99.504014,0.855912
2.0,1000,15,1132,2.457940,1367.039431,798.645262,0.457940,367.039431,-201.354738,0.926247
2.0,1000,15,1133,0.000000,0.000000,0.000000,-2.000000,-1000.000000,-1000.000000,0.000000
2.0,1000,15,1134,1.413706,510.742995,1231.699884,-0.586294,-489.257005,231.699884,0.868043
2.0,1000,15,1135,2.764810,947.031838,1031.662850,0.764810,-52.968162,31.662850,0.931341
2.0,1000,15,1136,6.968949,1782.393429,0.000102,4.968949,782.393429,-999.999898,0.954360
2.0,1000,15,1137,2.716759,1023.153069,846.566296,0.716759,23.153069,-153.433704,0.947993
2.0,1000,15,1138,1.399957,712.689381,1156.892452,-0.600043,-287.310619,156.892452,0.857399
2.0,1000,15,1139,2.180934,995.370386,874.504705,0.180934,-4.629614,-125.495295,0.931761
2.0,1000,15,1140,0.000000,0.000000,0.000000,-2.000000,-1000.000000,-1000.000000,0.000000
2.0,1000,15,1141,1.704278,631.259770,1502.734856,-0.295722,-368.740230,502.734856,0.867584
2.0,1000,15,1142,2.963140,1199.751958,962.619696,0.963140,199.751958,-37.380304,0.881389
2.0,1000,15,1143,1.522728,836.479491,1276.788144,-0.477272,-163.520509,276.788144,0.898445
2.0,1000,15,1144,2.067353,1100.840665,980.498101,0.067353,100.840665,-19.501899,0.881618
2.0,1000,15,1145,2.023301,1000.434316,980.531267,0.023301,0.434316,-19.468733,0.917641
2.0,1000,15,1146,1.279258,666.286349,1419.732352,-0.720742,-333.713651,419.732352,0.841975
2.0,1000,15,1147,6.897948,2172.719713,0.000058,4.897948,1172.719713,-999.999942,0.950036
2.0,1000,15,1148,1.285422,697.328406,1416.568777,-0.714578,-302.671594,416.568777,0.838969
2.0,1000,15,1149,0.000000,0.000000,0.000000,-2.000000,-1000.000000,-1000.000000,0.000000
2.0,1000,15,1150,6.495320,1876.456998,0.000000,4.495320,876.456998,-1000.000000,0.888560
2.0,1000,15,1151,2.121382,895.804067,1138.702254,0.121382,-104.195933,138.702254,0.933389
2.0,1000,15,1152,0.000000,0.000000,0.000000,-2.000000,-1000.000000,-1000.000000,0.000000
2.0,1000,15,1153,1.431532,919.111882,1207.937258,-0.568468,-80.888118,207.937258,0.882847
2.0,1000,15,1154,1.468910,544.722187,1301.699925,-0.531090,-455.277813,301.699925,0.860320
2.0,1000,15,1155,1.331963,732.211105,1203.277921,-0.668037,-267.788895,203.277921,0.831437
2.0,1000,15,1156,6.396795,2180.649667,0.000087,4.396795,1180.649667,-999.999913,0.851226
2.0,1000,15,1157,1.480946,697.064470,1222.738682,-0.519054,-302.935530,222.738682,0.875233
2.0,1000,15,1158,0.000000,0.000000,0.000000,-2.000000,-1000.000000,-1000.000000,0.000000
2.0,1000,15,1159,2.944862,1411.839124,687.438000,0.944862,411.839124,-312.562000,0.936955
2.0,1000,15,1160,1.134792,419.671851,1299.639226,-0.865208,-580.328149,299.639226,0.736847
2.0,1000,15,1161,1.201281,569.425129,1165.772261,-0.798719,-430.574871,165.772261,0.810206
2.0,1000,15,1162,0.000000,0.000000,0.000000,-2.000000,-1000.000000,-1000.000000,0.000000
2.0,1000,15,1163,1.736534,529.449047,1370.361402,-0.263466,-470.550953,370.361402,0.911427
2.0,1000,15,1164,2.943648,746.219986,922.575104,0.943648,-253.780014,-77.424896,0.820526
2.0,1000,15,1165,1.368992,656.771780,1260.038655,-0.631008,-343.228220,260.038655,0.872340
2.0,1000,15,1166,1.800447,772.395086,1030.429659,-0.199553,-227.604914,30.429659,0.926610
2.0,1000,15,1167,1.370576,862.379023,1263.971028,-0.629424,-137.620977,263.971028,0.868502
2.0,1000,15,1168,1.536267,695.943732,1277.195042,-0.463733,-304.056268,277.195042,0.896830
2.0,1000,15,1169,1.249769,639.480230,1204.562066,-0.750231,-360.519770,204.562066,0.818604
2.0,1000,15,1170,0.000000,0.000000,0.000000,-2.000000,-1000.000000,-1000.000000,0.000000
2.0,1000,15,1171,5.657392,2066.814316,0.000026,3.657392,1066.814316,-999.999974,0.871305
2.0,1000,15,1172,2.522372,1117.796627,932.742600,0.522372,117.796627,-67.257400,0.810927
2.0,1000,15,1173,1.819761,725.103191,1042.746351,-0.180239,-274.896809,42.746351,0.917803
2.0,1000,15,1174,6.800469,2045.089348,0.000000,4.800469,1045.089348,-1000.000000,0.899052
2.0,1000,15,1175,0.000000,0.000000,0.000000,-2.000000,-1000.000000,-1000.000000,0.000000
2.0,1000,15,1176,3.401521,1328.090976,806.695001,1.401521,328.090976,-193.304999,0.935310
2.0,1000,15,1177,1.682621,907.129280,1285.038676,-0.317379,-92.870720,285.038676,0.845902
2.0,1000,15,1178,1.173712,546.552333,1237.362915,-0.826288,-453.447667,237.362915,0.790854
2.0,1000,15,1179,0.000000,0.000000,0.000000,-2.000000,-1000.000000,-1000.000000,0.000000
2.0,1000,15,1180,1.187679,914.713167,1066.591855,-0.812321,-85.286833,66.591855,0.776493
2.0,1000,15,1181,1.679503,958.872906,1020.329008,-0.320497,-41.127094,20.329008,0.898284
2.0,1000,15,1182,1.540838,689.011434,1318.285276,-0.459162,-310.988566,318.285276,0.876535
2.0,1000,15,1183,1.990825,984.505246,1025.321796,-0.009175,-15.494754,25.321796,0.877765
2.0,1000,15,1184,0.000000,0.000000,0.000000,-2.000000,-1000.000000,-1000.000000,0.000000
2.0,1000,15,1185,1.957548,952.102091,1035.902114,-0.042452,-47.897909,35.902114,0.894004
2.0,1000,15,1186,2.243526,934.956283,1110.966399,0.243526,-65.043717,110.966399,0.902226
2.0,1000,15,1187,1.459298,768.654918,1358.935339,-0.540702,-231.345082,358.935339,0.865063
2.0,1000,15,1188,1.657484,1153.014560,1043.261335,-0.342516,153.014560,43.261335,0.905615
2.0,1000,15,1189,1.263733,761.971430,1228.893650,-0.736267,-238.028570,228.893650,0.814656
2.0,1000,15,1190,2.354951,939.636642,1151.852387,0.354951,-60.363358,151.852387,0.863137
2.0,1000,15,1191,1.594073,811.629575,1074.266891,-0.405927,-188.370425,74.266891,0.909701
2.0,1000,15,1192,0.000000,0.000000,0.000000,-2.000000,-1000.000000,-1000.000000,0.000000
2.0,1000,15,1193,0.000000,0.000000,0.000000,-2.000000,-1000.000000,-1000.000000,0.000000
2.0,1000,15,1194,1.385860,941.295393,1157.050173,-0.614140,-58.704607,157.050173,0.821610
2.0,1000,15,1195,2.134118,1152.138089,997.407353,0.134118,152.138089,-2.592647,0.888532
2.0,1000,15,1196,3.176713,1175.764928,1025.842240,1.176713,175.764928,25.842240,0.935068
2.0,1000,15,1197,0.000000,0.000000,0.000000,-2.000000,-1000.000000,-1000.000000,0.000000
2.0,1000,15,1198,0.000000,0.000000,0.000000,-2.000000,-1000.000000,-1000.000000,0.000000
2.0,1000,15,1199,2.281301,632.984721,1362.373258,0.281301,-367.015279,362.373258,0.923383
2.0,1000,15,1200,2.732241,1160.760956,682.559357,0.732241,160.760956,-317.440643,0.937856
2.0,1000,15,1201,5.583411,2116.996069,0.000096,3.583411,1116.996069,-999.999904,0.968174
2.0,1000,15,1202,1.480460,737.278945,1132.903501,-0.519540,-262.721055,132.903501,0.889154
2.0,1000,15,1203,0.000000,0.000000,0.000000,-2.000000,-1000.000000,-1000.000000,0.000000
2.0,1000,15,1204,1.744538,918.523242,1163.598534,-0.255462,-81.476758,163.598534,0.884045
2.0,1000,15,1205,2.350609,1021.840732,865.244825,0.350609,21.840732,-134.755175,0.919647
2.0,1000,15,1206,1.777628,824.197202,1127.493668,-0.222372,-175.802798,127.493668,0.884057
2.0,1000,15,1207,2.406173,1416.757260,828.271712,0.406173,416.757260,-171.728288,0.929061
2.0,1000,15,1208,3.074536,1763.298415,633.841579,1.074536,763.298415,-366.158421,0.942046
2.0,1000,15,1209,2.206960,983.585686,947.823558,0.206960,-16.414314,-52.176442,0.942689
2.0,1000,15,1210,0.000000,0.000000,0.000000,-2.000000,-1000.000000,-1000.000000,0.000000
2.0,1000,15,1211,1.476644,706.229942,1228.490132,-0.523356,-293.770058,228.490132,0.872229
2.0,1000,15,1212,2.664491,1453.168481,666.236435,0.664491,453.168481,-333.763565,0.923401
2.0,1000,15,1213,1.522842,927.639295,1114.312741,-0.477158,-72.360705,114.312741,0.893823
2.0,1000,15,1214,5.815740,1999.372884,0.000152,3.815740,999.372884,-999.999848,0.894226
2.0,1000,15,1215,2.092321,1118.158814,883.860861,0.092321,118.158814,-116.139139,0.910101
2.0,1000,15,1216,2.334307,1192.851449,900.653773,0.334307,192.851449,-99.346227,0.939701
2.0,1000,15,1217,2.008054,824.247538,1066.461354,0.008054,-175.752462,66.461354,0.921153
2.0,1000,15,1218,1.624846,842.749121,1197.537589,-0.375154,-157.250879,197.537589,0.896579
2.0,1000,15,1219,2.500943,1418.882187,747.088596,0.500943,418.882187,-252.911404,0.893376
2.0,1000,15,1220,1.371293,838.492918,1253.850643,-0.628707,-161.507082,253.850643,0.817638
2.0,1000,15,1221,1.380777,651.120045,1211.528773,-0.619223,-348.879955,211.528773,0.850197
2.0,1000,15,1222,1.169771,559.449287,1436.852504,-0.830229,-440.550713,436.852504,0.761561
2.0,1000,15,1223,1.498956,962.076246,1075.882076,-0.501044,-37.923754,75.882076,0.858700
2.0,1000,15,1224,1.276350,767.807130,1168.367208,-0.723650,-232.192870,168.367208,0.791372
2.0,1000,15,1225,3.190484,1247.793629,753.853867,1.190484,247.793629,-246.146133,0.937535
2.0,1000,15,1226,1.745780,735.124427,1305.925127,-0.254220,-264.875573,305.925127,0.904153
2.0,1000,15,1227,0.000000,0.000000,0.000000,-2.000000,-1000.000000,-1000.000000,0.000000
2.0,1000,15,1228,1.377333,734.980862,1195.917631,-0.622667,-265.019138,195.917631,0.860595
2.0,1000,15,1229,0.000000,0.000000,0.000000,-2.000000,-1000.000000,-1000.000000,0.000000
2.0,1000,15,1230,1.808745,679.097160,1064.055773,-0.191255,-320.902840,64.055773,0.886695
2.0,1000,15,1231,0.000000,0.000000,0.000000,-2.000000,-1000.000000,-1000.000000,0.000000
2.0,1000,15,1232,6.988541,2287.424714,0.000000,4.988541,1287.424714,-1000.000000,0.878304
2.0,1000,15,1233,0.000000,0.000000,0.000000,-2.000000,-1000.000000,-1000.000000,0.000000
2.0,1000,15,1234,1.656071,1118.646008,1073.278299,-0.343929,118.646008,73.278299,0.900884
2.0,1000,15,1235,2.990051,957.213602,823.942013,0.990051,-42.786398,-176.057987,0.865586
2.0,1000,15,1236,4.361042,1718.238310,633.223752,2.361042,718.238310,-366.776248,0.950840
2.0,1000,15,1237,1.681388,861.302565,1021.834474,-0.318612,-138.697435,21.834474,0.864188
2.0,1000,15,1238,0.000000,0.000000,0.000000,-2.000000,-1000.000000,-1000.000000,0.000000
2.0,1000,15,1239,2.832089,761.589180,1185.145015,0.832089,-238.410820,185.145015,0.932932
2.0,1000,15,1240,0.000000,0.000000,0.000000,-2.000000,-1000.000000,-1000.000000,0.000000
2.0,1000,15,1241,1.497578,831.569996,1069.129963,-0.502422,-168.430004,69.129963,0.893438
2.0,1000,15,1242,6.710220,2277.262643,0.000000,4.710220,1277.262643,-1000.000000,0.900615
2.0,1000,15,1243,1.368392,625.029679,1236.934094,-0.631608,-374.970321,236.934094,0.795371
2.0,1000,15,1244,2.299925,1329.449654,881.978492,0.299925,329.449654,-118.021508,0.940915
2.0,1000,15,1245,5.316966,2232.044849,0.000063,3.316966,1232.044849,-999.999937,0.909798
2.0,1000,15,1246,4.851238,2125.017632,0.000185,2.851238,1125.017632,-999.999815,0.946443
2.0,1000,15,1247,2.149290,902.768844,1205.688565,0.149290,-97.231156,205.688565,0.912122
2.0,1000,15,1248,0.000000,0.000000,0.000000,-2.000000,-1000.000000,-1000.000000,0.000000
2.0,1000,15,1249,3.271963,1180.697510,923.393863,1.271963,180.697510,-76.606137,0.922935
2.0,1000,15,1250,1.977006,1069.952596,1066.938974,-0.022994,69.952596,66.938974,0.852164
2.0,1000,15,1251,0.000000,0.000000,0.000000,-2.000000,-1000.000000,-1000.000000,0.000000
2.0,1000,15,1252,1.139875,624.801522,1222.741929,-0.860125,-375.198478,222.741929,0.704081
2.0,1000,15,1253,0.000000,0.000000,0.000000,-2.000000,-1000.000000,-1000.000000,0.000000
2.0,1000,15,1254,2.665217,1276.018375,908.520277,0.665217,276.018375,-91.479723,0.905721
2.0,1000,15,1255,6.767685,2102.390683,0.000064,4.767685,1102.390683,-999.999936,0.867026
2.0,1000,15,1256,5.205683,2113.663992,0.000117,3.205683,1113.663992,-999.999883,0.974990
2.0,1000,15,1257,1.582236,745.731521,1111.603724,-0.417764,-254.268479,111.603724,0.902141
2.0,1000,15,1258,2.417709,1104.221586,932.868878,0.417709,104.221586,-67.131122,0.928474
2.0,1000,15,1259,0.000000,0.000000,0.000000,-2.000000,-1000.000000,-1000.000000,0.000000
2.0,1000,15,1260,1.555075,837.138085,989.743607,-0.444925,-162.861915,-10.256393,0.896643
2.0,1000,15,1261,0.000000,0.000000,0.000000,-2.000000,-1000.000000,-1000.000000,0.000000
2.0,1000,15,1262,1.486716,895.451550,1042.954452,-0.513284,-104.548450,42.954452,0.838937
2.0,1000,15,1263,1.570442,776.138108,1372.336996,-0.429558,-223.861892,372.336996,0.899511
2.0,1000,15,1264,0.000000,0.000000,0.000000,-2.000000,-1000.000000,-1000.000000,0.000000
2.0,1000,15,1265,0.000000,0.000000,0.000000,-2.000000,-1000.000000,-1000.000000,0.000000
2.0,1000,15,1266,1.574010,839.071457,1163.489150,-0.425990,-160.928543,163.489150,0.865288
2.0,1000,15,1267,1.303436,640.191964,1391.702027,-0.696564,-359.808036,391.702027,0.844302
2.0,1000,15,1268,0.000000,0.000000,0.000000,-2.000000,-1000.000000,-1000.000000,0.000000
2.0,1000,15,1269,1.091402,635.464475,1170.158538,-0.908598,-364.535525,170.158538,0.677730
2.0,1000,15,1270,5.448742,2296.394102,0.000064,3.448742,1296.394102,-999.999936,0.949676
2.0,1000,15,1271,0.000000,0.000000,0.000000,-2.000000,-1000.000000,-1000.000000,0.000000
2.0,1000,15,1272,0.000000,0.000000,0.000000,-2.000000,-1000.000000,-1000.000000,0.000000
2.0,1000,15,1273,1.332609,775.436789,1199.696257,-0.667391,-224.563211,199.696257,0.834949
2.0,1000,15,1274,0.000000,0.000000,0.000000,-2.000000,-1000.000000,-1000.000000,0.000000
2.0,1000,15,1275,0.000000,0.000000,0.000000,-2.000000,-1000.000000,-1000.000000,0.000000
2.0,1000,15,1276,3.142649,1532.726552,560.570182,1.142649,532.726552,-439.429818,0.908070
2.0,1000,15,1277,1.360502,685.054134,1242.141475,-0.639498,-314.945866,242.141475,0.853436
2.0,1000,15,1278,1.858066,851.254084,1212.390476,-0.141934,-148.745916,212.390476,0.920033
2.0,1000,15,1279,0.000000,0.000000,0.000000,-2.000000,-1000.000000,-1000.000000,0.000000
2.0,1000,15,1280,0.000000,0.000000,0.000000,-2.000000,-1000.000000,-1000.000000,0.000000
2.0,1000,15,1281,0.000000,0.000000,0.000000,-2.000000,-1000.000000,-1000.000000,0.000000
2.0,1000,15,1282,2.148752,823.383248,1207.339771,0.148752,-176.616752,207.339771,0.908714
2.0,1000,15,1283,1.357783,487.217630,1271.752591,-0.642217,-512.782370,271.752591,0.850142
2.0,1000,15,1284,3.499917,1215.189227,775.051219,1.499917,215.189227,-224.948781,0.809467
2.0,1000,15,1285,1.165580,668.022943,1344.415804,-0.834420,-331.977057,344.415804,0.733198
2.0,1000,15,1286,1.508412,747.558068,1026.199725,-0.491588,-252.441932,26.199725,0.886830
2.0,1000,15,1287,0.000000,0.000000,0.000000,-2.000000,-1000.000000,-1000.000000,0.000000
2.0,1000,15,1288,5.906521,1871.591187,0.000081,3.906521,871.591187,-999.999919,0.943488
2.0,1000,15,1289,0.000000,0.000000,0.000000,-2.000000,-1000.000000,-1000.000000,0.000000
2.0,1000,15,1290,1.972713,959.289662,940.149421,-0.027287,-40.710338,-59.850579,0.907308
2.0,1000,15,1291,2.016452,811.684235,953.313683,0.016452,-188.315765,-46.686317,0.928159
2.0,1000,15,1292,1.810302,780.537054,1159.883057,-0.189698,-219.462946,159.883057,0.903450
2.0,1000,15,1293,2.661057,1249.245976,912.656105,0.661057,249.245976,-87.343895,0.851883
2.0,1000,15,1294,0.000000,0.000000,0.000000,-2.000000,-1000.000000,-1000.000000,0.000000
2.0,1000,15,1295,1.648616,734.650200,1250.606911,-0.351384,-265.349800,250.606911,0.911792
2.0,1000,15,1296,1.756990,884.947369,1135.573705,-0.243010,-115.052631,135.573705,0.907894
2.0,1000,15,1297,0.000000,0.000000,0.000000,-2.000000,-1000.000000,-1000.000000,0.000000
2.0,1000,15,1298,0.000000,0.000000,0.000000,-2.000000,-1000.000000,-1000.000000,0.000000
2.0,1000,15,1299,1.340838,812.859098,1177.743557,-0.659162,-187.140902,177.743557,0.834351
2.0,1000,15,1300,0.000000,0.000000,0.000000,-2.000000,-1000.000000,-1000.000000,0.000000
2.0,1000,15,1301,1.685533,935.831422,1064.770126,-0.314467,-64.168578,64.770126,0.887598
2.0,1000,15,1302,1.306800,789.579595,1220.271197,-0.693200,-210.420405,220.271197,0.704611
2.0,1000,15,1303,2.047744,727.910455,999.364977,0.047744,-272.089545,-0.635023,0.905805
2.0,1000,15,1304,2.098906,1244.544921,998.588159,0.098906,244.544921,-1.411841,0.922686
2.0,1000,15,1305,1.478390,789.889594,1263.678273,-0.521610,-210.110406,263.678273,0.810976
2.0,1000,15,1306,0.000000,0.000000,0.000000,-2.000000,-1000.000000,-1000.000000,0.000000
2.0,1000,15,1307,3.136255,1514.142748,953.044200,1.136255,514.142748,-46.955800,0.949911
2.0,1000,15,1308,4.489465,1804.599093,258.512109,2.489465,804.599093,-741.487891,0.917408
2.0,1000,15,1309,2.310545,1251.218896,1207.169127,0.310545,251.218896,207.169127,0.922657
2.0,1000,15,1310,7.388149,1963.407383,0.000120,5.388149,963.407383,-999.999880,0.952101
2.0,1000,15,1311,2.394853,979.983011,1021.019010,0.394853,-20.016989,21.019010,0.928895
2.0,1000,15,1312,0.000000,0.000000,0.000000,-2.000000,-1000.000000,-1000.000000,0.000000
2.0,1000,15,1313,0.000000,0.000000,0.000000,-2.000000,-1000.000000,-1000.000000,0.000000
2.0,1000,15,1314,0.000000,0.000000,0.000000,-2.000000,-1000.000000,-1000.000000,0.000000
2.0,1000,15,1315,0.000000,0.000000,0.000000,-2.000000,-1000.000000,-1000.000000,0.000000
2.0,1000,15,1316,0.000000,0.000000,0.000000,-2.000000,-1000.000000,-1000.000000,0.000000
2.0,1000,15,1317,2.316753,960.695138,1048.809254,0.316753,-39.304862,48.809254,0.877908
2.0,1000,15,1318,1.771189,820.145923,1294.117830,-0.228811,-179.854077,294.117830,0.872201
2.0,1000,15,1319,5.706449,1862.538099,239.339200,3.706449,862.538099,-760.660800,0.878518
2.0,1000,15,1320,1.457397,559.239383,1322.368560,-0.542603,-440.760617,322.368560,0.886140
2.0,1000,15,1321,1.457392,523.895661,1435.742861,-0.542608,-476.104339,435.742861,0.869676
2.0,1000,15,1322,1.470946,445.306353,1167.904079,-0.529054,-554.693647,167.904079,0.855565
2.0,1000,15,1323,3.427122,1455.709513,658.392900,1.427122,455.709513,-341.607100,0.888158
2.0,1000,15,1324,3.354868,1483.230929,740.120200,1.354868,483.230929,-259.879800,0.958786
2.0,1000,15,1325,0.000000,0.000000,0.000000,-2.000000,-1000.000000,-1000.000000,0.000000
2.0,1000,15,1326,1.951923,753.025661,1151.601875,-0.048077,-246.974339,151.601875,0.919403
2.0,1000,15,1327,2.344797,970.364223,930.840271,0.344797,-29.635777,-69.159729,0.923714
2.0,1000,15,1328,1.225516,586.368200,1308.527545,-0.774484,-413.631800,308.527545,0.753360
2.0,1000,15,1329,2.028711,1103.704186,916.259878,0.028711,103.704186,-83.740122,0.933346
2.0,1000,15,1330,2.704345,1443.221620,725.435348,0.704345,443.221620,-274.564652,0.922325
2.0,1000,15,1331,5.372009,2102.333598,0.000237,3.372009,1102.333598,-999.999763,0.854281
2.0,1000,15,1332,2.265968,1295.315937,885.084097,0.265968,295.315937,-114.915903,0.858503
2.0,1000,15,1333,0.000000,0.000000,0.000000,-2.000000,-1000.000000,-1000.000000,0.000000
2.0,1000,15,1334,1.510574,1071.830615,989.369342,-0.489426,71.830615,-10.630658,0.847297
2.0,1000,15,1335,0.000000,0.000000,0.000000,-2.000000,-1000.000000,-1000.000000,0.000000
2.0,1000,15,1336,8.353197,1893.226270,0.000000,6.353197,893.226270,-1000.000000,0.944947
2.0,1000,15,1337,1.456328,814.239628,1036.664016,-0.543672,-185.760372,36.664016,0.854665
2.0,1000,15,1338,0.000000,0.000000,0.000000,-2.000000,-1000.000000,-1000.000000,0.000000
2.0,1000,15,1339,0.000000,0.000000,0.000000,-2.000000,-1000.000000,-1000.000000,0.000000
2.0,1000,15,1340,7.914889,2111.819123,0.000052,5.914889,1111.819123,-999.999948,0.824367
2.0,1000,15,1341,2.588777,1016.563914,978.100841,0.588777,16.563914,-21.899159,0.909480
2.0,1000,15,1342,5.253996,2310.112437,0.000233,3.253996,1310.112437,-999.999767,0.937040
2.0,1000,15,1343,2.095015,1057.378638,971.727844,0.095015,57.378638,-28.272156,0.890057
2.0,1000,15,1344,1.859106,820.638435,1088.676227,-0.140894,-179.361565,88.676227,0.888310
2.0,1000,15,1345,3.362654,1023.073704,847.073187,1.362654,23.073704,-152.926813,0.912925
2.0,1000,15,1346,5.964463,2149.041129,0.000048,3.964463,1149.041129,-999.999952,0.922966
2.0,1000,15,1347,1.635032,519.450709,1244.909897,-0.364968,-480.549291,244.909897,0.897062
2.0,1000,15,1348,1.444808,656.643865,1356.770848,-0.555192,-343.356135,356.770848,0.880834
2.0,1000,15,1349,1.393045,685.081794,1075.318006,-0.606955,-314.918206,75.318006,0.804573
2.0,1000,15,1350,1.872626,1054.830301,1092.318298,-0.127374,54.830301,92.318298,0.888312
2.0,1000,15,1351,2.339177,1072.154109,982.405706,0.339177,72.154109,-17.594294,0.794110
2.0,1000,15,1352,1.109861,599.003196,1295.216027,-0.890139,-400.996804,295.216027,0.711678
2.0,1000,15,1353,0.000000,0.000000,0.000000,-2.000000,-1000.000000,-1000.000000,0.000000
2.0,1000,15,1354,1.693304,814.329376,1157.667800,-0.306696,-185.670624,157.667800,0.858409
2.0,1000,15,1355,2.899544,1243.552922,781.299832,0.899544,243.552922,-218.700168,0.903226
2.0,1000,15,1356,0.000000,0.000000,0.000000,-2.000000,-1000.000000,-1000.000000,0.000000
2.0,1000,15,1357,1.361749,606.024686,1224.405597,-0.638251,-393.975314,224.405597,0.866567
2.0,1000,15,1358,1.441718,627.432828,1549.713016,-0.558282,-372.567172,549.713016,0.848459
2.0,1000,15,1359,6.761252,2137.912049,0.000000,4.761252,1137.912049,-1000.000000,0.895957
2.0,1000,15,1360,0.000000,0.000000,0.000000,-2.000000,-1000.000000,-1000.000000,0.000000
2.0,1000,15,1361,1.578864,921.712906,1263.365291,-0.421136,-78.287094,263.365291,0.846506
2.0,1000,15,1362,1.224843,682.998317,1328.472878,-0.775157,-317.001683,328.472878,0.812650
2.0,1000,15,1363,2.026717,842.018917,1201.401619,0.026717,-157.981083,201.401619,0.901175
2.0,1000,15,1364,1.313509,616.173180,1388.216596,-0.686491,-383.826820,388.216596,0.856489
2.0,1000,15,1365,0.000000,0.000000,0.000000,-2.000000,-1000.000000,-1000.000000,0.000000
2.0,1000,15,1366,1.677742,749.397191,1101.345626,-0.322258,-250.602809,101.345626,0.914810
2.0,1000,15,1367,1.449882,700.184154,1195.402976,-0.550118,-299.815846,195.402976,0.807715
2.0,1000,15,1368,0.000000,0.000000,0.000000,-2.000000,-1000.000000,-1000.000000,0.000000
2.0,1000,15,1369,1.623625,610.890289,1292.632313,-0.376375,-389.109711,292.632313,0.892716
2.0,1000,15,1370,0.000000,0.000000,0.000000,-2.000000,-1000.000000,-1000.000000,0.000000
2.0,1000,15,1371,1.736217,574.229466,1149.481461,-0.263783,-425.770534,149.481461,0.904530
2.0,1000,15,1372,1.564951,767.092860,1146.675314,-0.435049,-232.907140,146.675314,0.893555
2.0,1000,15,1373,4.792791,1990.186012,0.000075,2.792791,990.186012,-999.999925,0.941332
2.0,1000,15,1374,1.481601,730.611080,1211.734339,-0.518399,-269.388920,211.734339,0.877444
2.0,1000,15,1375,1.272993,765.231760,1144.895575,-0.727007,-234.768240,144.895575,0.807485
2.0,1000,15,1376,1.915812,880.987013,1172.123644,-0.084188,-119.012987,172.123644,0.879178
2.0,1000,15,1377,1.667024,804.759446,1027.262954,-0.332976,-195.240554,27.262954,0.856984
2.0,1000,15,1378,1.560829,639.504848,1063.520430,-0.439171,-360.495152,63.520430,0.877948
2.0,1000,15,1379,1.518755,736.047562,1097.912830,-0.481245,-263.952438,97.912830,0.892148
2.0,1000,15,1380,2.489143,912.167178,858.654807,0.489143,-87.832822,-141.345193,0.866686
2.0,1000,15,1381,1.737719,694.312795,1296.726727,-0.262281,-305.687205,296.726727,0.875306
2.0,1000,15,1382,1.503511,1194.400942,1058.517938,-0.496489,194.400942,58.517938,0.867674
2.0,1000,15,1383,6.702794,1695.700555,0.000051,4.702794,695.700555,-999.999949,0.925319
2.0,1000,15,1384,4.442371,2212.412577,0.000092,2.442371,1212.412577,-999.999908,0.956910
2.0,1000,15,1385,1.779300,731.165590,1039.171311,-0.220700,-268.834410,39.171311,0.885697
2.0,1000,15,1386,1.361878,652.217211,1242.086458,-0.638122,-347.782789,242.086458,0.821833
2.0,1000,15,1387,0.000000,0.000000,0.000000,-2.000000,-1000.000000,-1000.000000,0.000000
2.0,1000,15,1388,6.955594,1818.717567,0.000022,4.955594,818.717567,-999.999978,0.906512
2.0,1000,15,1389,1.437919,601.718148,1360.679011,-0.562081,-398.281852,360.679011,0.878467
2.0,1000,15,1390,1.277490,829.636074,1254.181433,-0.722510,-170.363926,254.181433,0.813887
2.0,1000,15,1391,1.256335,783.043103,1223.667536,-0.743665,-216.956897,223.667536,0.831782
2.0,1000,15,1392,2.263108,757.723588,1329.640604,0.263108,-242.276412,329.640604,0.935618
2.0,1000,15,1393,1.346370,712.223772,1276.006701,-0.653630,-287.776228,276.006701,0.797201
2.0,1000,15,1394,0.000000,0.000000,0.000000,-2.000000,-1000.000000,-1000.000000,0.000000
2.0,1000,15,1395,2.682549,1287.840202,926.151971,0.682549,287.840202,-73.848029,0.876366
2.0,1000,15,1396,1.322402,738.745448,1293.052552,-0.677598,-261.254552,293.052552,0.864943
2.0,1000,15,1397,2.164256,913.059857,1146.986828,0.164256,-86.940143,146.986828,0.936055
2.0,1000,15,1398,2.662279,900.193736,885.994258,0.662279,-99.806264,-114.005742,0.895170
2.0,1000,15,1399,1.380465,705.537077,1299.310921,-0.619535,-294.462923,299.310921,0.824827
2.0,1000,15,1400,0.000000,0.000000,0.000000,-2.000000,-1000.000000,-1000.000000,0.000000
2.0,1000,15,1401,2.432070,926.425507,898.090682,0.432070,-73.574493,-101.909318,0.928445
2.0,1000,15,1402,2.800989,1325.960272,926.482266,0.800989,325.960272,-73.517734,0.912485
2.0,1000,15,1403,0.000000,0.000000,0.000000,-2.000000,-1000.000000,-1000.000000,0.000000
2.0,1000,15,1404,1.542281,766.911650,1105.637037,-0.457719,-233.088350,105.637037,0.865795
2.0,1000,15,1405,5.325455,1810.729079,0.000084,3.325455,810.729079,-999.999916,0.941859
2.0,1000,15,1406,1.659529,857.526731,1158.784792,-0.340471,-142.473269,158.784792,0.893826
2.0,1000,15,1407,2.149493,1060.425726,1131.745025,0.149493,60.425726,131.745025,0.831174
2.0,1000,15,1408,1.427192,877.568982,1036.726534,-0.572808,-122.431018,36.726534,0.802580
2.0,1000,15,1409,1.266303,608.880941,1082.100407,-0.733697,-391.119059,82.100407,0.786037
2.0,1000,15,1410,1.487331,865.840808,1089.439314,-0.512669,-134.159192,89.439314,0.879050
2.0,1000,15,1411,0.000000,0.000000,0.000000,-2.000000,-1000.000000,-1000.000000,0.000000
2.0,1000,15,1412,1.554112,723.275796,1293.835468,-0.445888,-276.724204,293.835468,0.827541
2.0,1000,15,1413,0.000000,0.000000,0.000000,-2.000000,-1000.000000,-1000.000000,0.000000
2.0,1000,15,1414,0.000000,0.000000,0.000000,-2.000000,-1000.000000,-1000.000000,0.000000
2.0,1000,15,1415,4.823117,1912.183075,0.000087,2.823117,912.183075,-999.999913,0.904893
2.0,1000,15,1416,1.824979,793.180077,1517.588776,-0.175021,-206.819923,517.588776,0.865577
2.0,1000,15,1417,0.000000,0.000000,0.000000,-2.000000,-1000.000000,-1000.000000,0.000000
2.0,1000,15,1418,0.000000,0.000000,0.000000,-2.000000,-1000.000000,-1000.000000,0.000000
2.0,1000,15,1419,2.217752,793.973847,1062.926630,0.217752,-206.026153,62.926630,0.936646
2.0,1000,15,1420,1.742489,688.299332,1070.954338,-0.257511,-311.700668,70.954338,0.904553
2.0,1000,15,1421,3.188882,1407.933644,671.062472,1.188882,407.933644,-328.937528,0.947817
2.0,1000,15,1422,2.232432,1035.142516,1094.713668,0.232432,35.142516,94.713668,0.890784
2.0,1000,15,1423,2.024390,854.875770,1146.985498,0.024390,-145.124230,146.985498,0.921467
2.0,1000,15,1424,1.314375,477.247266,1515.264522,-0.685625,-522.752734,515.264522,0.862614
2.0,1000,15,1425,0.000000,0.000000,0.000000,-2.000000,-1000.000000,-1000.000000,0.000000
2.0,1000,15,1426,0.000000,0.000000,0.000000,-2.000000,-1000.000000,-1000.000000,0.000000
2.0,1000,15,1427,1.937313,890.925355,988.596854,-0.062687,-109.074645,-11.403146,0.809803
2.0,1000,15,1428,1.578187,672.438007,1120.055543,-0.421813,-327.561993,120.055543,0.874208
2.0,1000,15,1429,3.153076,1137.005555,989.842622,1.153076,137.005555,-10.157378,0.920490
2.0,1000,15,1430,1.264228,595.530868,1322.806901,-0.735772,-404.469132,322.806901,0.809282
2.0,1000,15,1431,1.465798,643.905288,1002.620584,-0.534202,-356.094712,2.620584,0.890706
2.0,1000,15,1432,2.400282,802.774473,1232.137153,0.400282,-197.225527,232.137153,0.925483
2.0,1000,15,1433,1.268703,589.930494,1178.965523,-0.731297,-410.069506,178.965523,0.793591
2.0,1000,15,1434,0.000000,0.000000,0.000000,-2.000000,-1000.000000,-1000.000000,0.000000
2.0,1000,15,1435,5.428617,2138.236792,0.000058,3.428617,1138.236792,-999.999942,0.948853
2.0,1000,15,1436,0.000000,0.000000,0.000000,-2.000000,-1000.000000,-1000.000000,0.000000
2.0,1000,15,1437,0.000000,0.000000,0.000000,-2.000000,-1000.000000,-1000.000000,0.000000
2.0,1000,15,1438,0.000000,0.000000,0.000000,-2.000000,-1000.000000,-1000.000000,0.000000
2.0,1000,15,1439,0.000000,0.000000,0.000000,-2.000000,-1000.000000,-1000.000000,0.000000
2.0,1000,15,1440,1.508821,804.997319,1166.237944,-0.491179,-195.002681,166.237944,0.835614
2.0,1000,15,1441,1.475303,849.527572,982.199747,-0.524697,-150.472428,-17.800253,0.865583
2.0,1000,15,1442,4.818046,2063.791222,0.000000,2.818046,1063.791222,-1000.000000,0.839593
2.0,1000,15,1443,0.000000,0.000000,0.000000,-2.000000,-1000.000000,-1000.000000,0.000000
2.0,1000,15,1444,1.834692,1108.940969,945.362733,-0.165308,108.940969,-54.637267,0.895682
2.0,1000,15,1445,2.097028,794.788558,1253.220905,0.097028,-205.211442,253.220905,0.930462
2.0,1000,15,1446,0.000000,0.000000,0.000000,-2.000000,-1000.000000,-1000.000000,0.000000
2.0,1000,15,1447,2.392995,1047.906684,885.199372,0.392995,47.906684,-114.800628,0.897870
2.0,1000,15,1448,2.103416,1234.929990,835.874887,0.103416,234.929990,-164.125113,0.922252
2.0,1000,15,1449,6.266703,1992.069038,0.000214,4.266703,992.069038,-999.999786,0.924530
2.0,1000,15,1450,1.560528,588.840030,1110.886154,-0.439472,-411.159970,110.886154,0.863662
2.0,1000,15,1451,1.983695,1056.743811,956.637665,-0.016305,56.743811,-43.362335,0.906783
2.0,1000,15,1452,2.571869,891.741137,1050.637223,0.571869,-108.258863,50.637223,0.906428
2.0,1000,15,1453,6.555597,2004.161271,0.000193,4.555597,1004.161271,-999.999807,0.874969
2.0,1000,15,1454,5.569636,2081.068864,0.000046,3.569636,1081.068864,-999.999954,0.941767
2.0,1000,15,1455,1.374951,877.333366,1061.798766,-0.625049,-122.666634,61.798766,0.869764
2.0,1000,15,1456,1.252749,801.063179,1136.676543,-0.747251,-198.936821,136.676543,0.798953
2.0,1000,15,1457,3.562587,1273.999315,712.113220,1.562587,273.999315,-287.886780,0.949718
2.0,1000,15,1458,2.896603,1452.046194,558.441888,0.896603,452.046194,-441.558112,0.921298
2.0,1000,15,1459,6.514476,2157.729625,0.000067,4.514476,1157.729625,-999.999933,0.963833
2.0,1000,15,1460,1.652517,679.072379,1410.722968,-0.347483,-320.927621,410.722968,0.901018
2.0,1000,15,1461,1.246857,582.491854,1434.129969,-0.753143,-417.508146,434.129969,0.790564
2.0,1000,15,1462,0.000000,0.000000,0.000000,-2.000000,-1000.000000,-1000.000000,0.000000
2.0,1000,15,1463,0.000000,0.000000,0.000000,-2.000000,-1000.000000,-1000.000000,0.000000
2.0,1000,15,1464,1.438482,1087.287453,998.742390,-0.561518,87.287453,-1.257610,0.862266
2.0,1000,15,1465,1.951573,1110.121947,1140.068389,-0.048427,110.121947,140.068389,0.930898
2.0,1000,15,1466,0.000000,0.000000,0.000000,-2.000000,-1000.000000,-1000.000000,0.000000
2.0,1000,15,1467,0.000000,0.000000,0.000000,-2.000000,-1000.000000,-1000.000000,0.000000
2.0,1000,15,1468,1.587492,753.832956,1229.411356,-0.412508,-246.167044,229.411356,0.902776
2.0,1000,15,1469,2.288251,1025.293855,1187.081592,0.288251,25.293855,187.081592,0.894919
2.0,1000,15,1470,2.701325,1246.580769,998.419302,0.701325,246.580769,-1.580698,0.862624
2.0,1000,15,1471,1.444631,481.849824,1395.329180,-0.555369,-518.150176,395.329180,0.856627
2.0,1000,15,1472,2.000960,921.963526,1050.461694,0.000960,-78.036474,50.461694,0.908031
2.0,1000,15,1473,1.697243,834.135408,1136.547499,-0.302757,-165.864592,136.547499,0.899792
2.0,1000,15,1474,0.000000,0.000000,0.000000,-2.000000,-1000.000000,-1000.000000,0.000000
2.0,1000,15,1475,0.000000,0.000000,0.000000,-2.000000,-1000.000000,-1000.000000,0.000000
2.0,1000,15,1476,1.150889,723.440215,1072.758172,-0.849111,-276.559785,72.758172,0.746505
2.0,1000,15,1477,3.702600,1313.435114,636.792203,1.702600,313.435114,-363.207797,0.924785
2.0,1000,15,1478,7.492908,2071.519449,0.000042,5.492908,1071.519449,-999.999958,0.950891
2.0,1000,15,1479,1.633112,931.339298,1120.912173,-0.366888,-68.660702,120.912173,0.887088
2.0,1000,15,1480,0.000000,0.000000,0.000000,-2.000000,-1000.000000,-1000.000000,0.000000
2.0,1000,15,1481,2.170644,1183.230860,981.983398,0.170644,183.230860,-18.016602,0.911090
2.0,1000,15,1482,1.514264,907.284373,1120.521205,-0.485736,-92.715627,120.521205,0.884894
2.0,1000,15,1483,0.000000,0.000000,0.000000,-2.000000,-1000.000000,-1000.000000,0.000000
2.0,1000,15,1484,1.223709,700.556533,1250.424902,-0.776291,-299.443467,250.424902,0.808738
2.0,1000,15,1485,1.644745,899.986403,1095.690721,-0.355255,-100.013597,95.690721,0.855070
2.0,1000,15,1486,1.361388,761.758803,1047.062239,-0.638612,-238.241197,47.062239,0.835584
2.0,1000,15,1487,2.047067,946.565399,1104.327680,0.047067,-53.434601,104.327680,0.927016
2.0,1000,15,1488,1.978984,821.026031,1157.719709,-0.021016,-178.973969,157.719709,0.866456
2.0,1000,15,1489,1.565855,1148.545940,973.059579,-0.434145,148.545940,-26.940421,0.844901
2.0,1000,15,1490,6.326237,2110.417001,0.000263,4.326237,1110.417001,-999.999737,0.847686
2.0,1000,15,1491,0.000000,0.000000,0.000000,-2.000000,-1000.000000,-1000.000000,0.000000
2.0,1000,15,1492,1.977901,890.435277,926.817442,-0.022099,-109.564723,-73.182558,0.795547
2.0,1000,15,1493,0.000000,0.000000,0.000000,-2.000000,-1000.000000,-1000.000000,0.000000
2.0,1000,15,1494,1.495129,886.593348,1013.794252,-0.504871,-113.406652,13.794252,0.872724
2.0,1000,15,1495,1.513584,870.728922,1088.823923,-0.486416,-129.271078,88.823923,0.836749
2.0,1000,15,1496,1.397586,793.661004,1188.888439,-0.602414,-206.338996,188.888439,0.840570
2.0,1000,15,1497,1.502723,676.446130,1296.413725,-0.497277,-323.553870,296.413725,0.887006
2.0,1000,15,1498,0.000000,0.000000,0.000000,-2.000000,-1000.000000,-1000.000000,0.000000
2.0,1000,15,1499,1.204425,675.577993,1116.787990,-0.795575,-324.422007,116.787990,0.783939
2.0,1000,15,1500,1.655694,673.086196,1311.258948,-0.344306,-326.913804,311.258948,0.878711
2.0,1000,15,1501,0.000000,0.000000,0.000000,-2.000000,-1000.000000,-1000.000000,0.000000
2.0,1000,15,1502,2.341496,1034.162245,935.049925,0.341496,34.162245,-64.950075,0.811871
2.0,1000,15,1503,1.821340,594.525611,1104.972362,-0.178660,-405.474389,104.972362,0.890493
2.0,1000,15,1504,0.000000,0.000000,0.000000,-2.000000,-1000.000000,-1000.000000,0.000000
2.0,1000,15,1505,1.379506,588.472336,1267.273338,-0.620494,-411.527664,267.273338,0.835189
2.0,1000,15,1506,0.000000,0.000000,0.000000,-2.000000,-1000.000000,-1000.000000,0.000000
2.0,1000,15,1507,2.161418,934.667060,990.706207,0.161418,-65.332940,-9.293793,0.925447
2.0,1000,15,1508,0.000000,0.000000,0.000000,-2.000000,-1000.000000,-1000.000000,0.000000
2.0,1000,15,1509,0.000000,0.000000,0.000000,-2.000000,-1000.000000,-1000.000000,0.000000
2.0,1000,15,1510,1.190243,672.544751,1149.041611,-0.809757,-327.455249,149.041611,0.785318
2.0,1000,15,1511,0.000000,0.000000,0.000000,-2.000000,-1000.000000,-1000.000000,0.000000
2.0,1000,15,1512,0.000000,0.000000,0.000000,-2.000000,-1000.000000,-1000.000000,0.000000
2.0,1000,15,1513,1.672286,1038.486386,965.792595,-0.327714,38.486386,-34.207405,0.911210
2.0,1000,15,1514,1.652022,678.329544,1127.286128,-0.347978,-321.670456,127.286128,0.904222
2.0,1000,15,1515,2.425142,1084.064486,954.473963,0.425142,84.064486,-45.526037,0.909239
2.0,1000,15,1516,1.631075,754.224297,1171.499457,-0.368925,-245.775703,171.499457,0.890520
2.0,1000,15,1517,1.735856,689.906755,1326.036590,-0.264144,-310.093245,326.036590,0.905912
2.0,1000,15,1518,4.462187,1326.578246,618.890759,2.462187,326.578246,-381.109241,0.941204
2.0,1000,15,1519,1.991047,976.236730,1130.049504,-0.008953,-23.763270,130.049504,0.871028
2.0,1000,15,1520,3.090917,1301.546507,757.324995,1.090917,301.546507,-242.675005,0.905529
2.0,1000,15,1521,1.351494,602.847673,1353.067320,-0.648506,-397.152327,353.067320,0.868442
2.0,1000,15,1522,1.688603,1045.825080,988.910812,-0.311397,45.825080,-11.089188,0.876373
2.0,1000,15,1523,1.831176,750.073578,1325.933822,-0.168824,-249.926422,325.933822,0.888561
2.0,1000,15,1524,0.000000,0.000000,0.000000,-2.000000,-1000.000000,-1000.000000,0.000000
2.0,1000,15,1525,1.418573,1145.728299,1043.552500,-0.581427,145.728299,43.552500,0.830285
2.0,1000,15,1526,2.795593,1223.489974,813.168575,0.795593,223.489974,-186.831425,0.937028
2.0,1000,15,1527,1.671435,823.323002,1089.179604,-0.328565,-176.676998,89.179604,0.906886
2.0,1000,15,1528,0.000000,0.000000,0.000000,-2.000000,-1000.000000,-1000.000000,0.000000
2.0,1000,15,1529,2.982522,1267.662115,790.765904,0.982522,267.662115,-209.234096,0.906278
2.0,1000,15,1530,5.794170,2170.577164,0.000166,3.794170,1170.577164,-999.999834,0.938711
2.0,1000,15,1531,5.134492,2298.402121,0.000067,3.134492,1298.402121,-999.999933,0.960970
2.0,1000,15,1532,0.000000,0.000000,0.000000,-2.000000,-1000.000000,-1000.000000,0.000000
2.0,1000,15,1533,0.000000,0.000000,0.000000,-2.000000,-1000.000000,-1000.000000,0.000000
2.0,1000,15,1534,2.717245,1206.881889,909.794716,0.717245,206.881889,-90.205284,0.931450
2.0,1000,15,1535,2.225474,1161.891579,1048.524951,0.225474,161.891579,48.524951,0.933508
2.0,1000,15,1536,1.616639,972.830898,1017.801174,-0.383361,-27.169102,17.801174,0.820181
2.0,1000,15,1537,4.880021,1760.904674,346.566200,2.880021,760.904674,-653.433800,0.949234
2.0,1000,15,1538,1.334136,698.734923,1083.659564,-0.665864,-301.265077,83.659564,0.857073
2.0,1000,15,1539,0.000000,0.000000,0.000000,-2.000000,-1000.000000,-1000.000000,0.000000
2.0,1000,15,1540,0.000000,0.000000,0.000000,-2.000000,-1000.000000,-1000.000000,0.000000
2.0,1000,15,1541,0.000000,0.000000,0.000000,-2.000000,-1000.000000,-1000.000000,0.000000
2.0,1000,15,1542,0.000000,0.000000,0.000000,-2.000000,-1000.000000,-1000.000000,0.000000
2.0,1000,15,1543,1.552063,884.022459,1197.680963,-0.447937,-115.977541,197.680963,0.828156
2.0,1000,15,1544,1.846014,733.258666,1248.240990,-0.153986,-266.741334,248.240990,0.918974
2.0,1000,15,1545,1.598365,633.022457,1323.091213,-0.401635,-366.977543,323.091213,0.871478
2.0,1000,15,1546,1.482593,802.360092,1237.900334,-0.517407,-197.639908,237.900334,0.881450
2.0,1000,15,1547,2.171454,1029.706506,1088.323259,0.171454,29.706506,88.323259,0.921859
2.0,1000,15,1548,1.593431,901.418041,1245.025371,-0.406569,-98.581959,245.025371,0.884283
2.0,1000,15,1549,1.885758,831.720994,1097.883403,-0.114242,-168.279006,97.883403,0.859142
2.0,1000,15,1550,0.000000,0.000000,0.000000,-2.000000,-1000.000000,-1000.000000,0.000000
2.0,1000,15,1551,1.915189,823.735612,1212.717557,-0.084811,-176.264388,212.717557,0.863290
2.0,1000,15,1552,0.000000,0.000000,0.000000,-2.000000,-1000.000000,-1000.000000,0.000000
2.0,1000,15,1553,1.411040,841.768397,1111.266550,-0.588960,-158.231603,111.266550,0.773704
2.0,1000,15,1554,2.186391,1219.168630,895.136657,0.186391,219.168630,-104.863343,0.910239
2.0,1000,15,1555,1.870250,706.546838,1078.322925,-0.129750,-293.453162,78.322925,0.904774
2.0,1000,15,1556,0.000000,0.000000,0.000000,-2.000000,-1000.000000,-1000.000000,0.000000
2.0,1000,15,1557,0.000000,0.000000,0.000000,-2.000000,-1000.000000,-1000.000000,0.000000
2.0,1000,15,1558,1.927341,917.755928,1056.596411,-0.072659,-82.244072,56.596411,0.883940
2.0,1000,15,1559,1.457182,839.999052,1084.784526,-0.542818,-160.000948,84.784526,0.867301
2.0,1000,15,1560,2.062315,1121.437996,954.783470,0.062315,121.437996,-45.216530,0.891999
2.0,1000,15,1561,1.335221,875.588579,1157.732503,-0.664779,-124.411421,157.732503,0.819137
2.0,1000,15,1562,1.352775,574.108963,1200.779673,-0.647225,-425.891037,200.779673,0.839772
2.0,1000,15,1563,1.317503,542.002663,1130.053778,-0.682497,-457.997337,130.053778,0.857737
2.0,1000,15,1564,0.000000,0.000000,0.000000,-2.000000,-1000.000000,-1000.000000,0.000000
2.0,1000,15,1565,0.000000,0.000000,0.000000,-2.000000,-1000.000000,-1000.000000,0.000000
2.0,1000,15,1566,4.879455,1974.524761,0.000152,2.879455,974.524761,-999.999848,0.872435
2.0,1000,15,1567,2.010525,934.302660,917.192097,0.010525,-65.697340,-82.807903,0.927472
2.0,1000,15,1568,3.067921,1865.305292,542.646433,1.067921,865.305292,-457.353567,0.935432
2.0,1000,15,1569,1.381806,640.693417,1234.588145,-0.618194,-359.306583,234.588145,0.837748
2.0,1000,15,1570,0.000000,0.000000,0.000000,-2.000000,-1000.000000,-1000.000000,0.000000
2.0,1000,15,1571,2.856386,1253.516106,786.538014,0.856386,253.516106,-213.461986,0.849569
2.0,1000,15,1572,3.480994,1358.860993,665.653288,1.480994,358.860993,-334.346712,0.901753
2.0,1000,15,1573,1.517454,685.282146,1260.350031,-0.482546,-314.717854,260.350031,0.889188
2.0,1000,15,1574,1.942542,856.391271,1260.389105,-0.057458,-143.608729,260.389105,0.908105
2.0,1000,15,1575,2.584873,1064.759894,1051.169301,0.584873,64.759894,51.169301,0.932614
2.0,1000,15,1576,2.813502,1308.412826,932.969984,0.813502,308.412826,-67.030016,0.858502
2.0,1000,15,1577,1.612738,1119.147663,1082.993685,-0.387262,119.147663,82.993685,0.853691
2.0,1000,15,1578,5.495471,2279.666661,0.000073,3.495471,1279.666661,-999.999927,0.977868
2.0,1000,15,1579,0.000000,0.000000,0.000000,-2.000000,-1000.000000,-1000.000000,0.000000
2.0,1000,15,1580,1.364191,842.281657,1233.006503,-0.635809,-157.718343,233.006503,0.818684
2.0,1000,15,1581,3.655862,1903.758745,382.283765,1.655862,903.758745,-617.716235,0.919430
2.0,1000,15,1582,1.465285,567.470380,1408.638718,-0.534715,-432.529620,408.638718,0.888013
2.0,1000,15,1583,2.003289,907.116574,1015.676142,0.003289,-92.883426,15.676142,0.885151
2.0,1000,15,1584,2.241024,1258.677702,976.152203,0.241024,258.677702,-23.847797,0.798803
2.0,1000,15,1585,2.686313,872.279893,886.404378,0.686313,-127.720107,-113.595622,0.929031
2.0,1000,15,1586,1.875719,909.702966,1087.619982,-0.124281,-90.297034,87.619982,0.917133
2.0,1000,15,1587,2.909758,1075.609362,807.054502,0.909758,75.609362,-192.945498,0.928083
2.0,1000,15,1588,6.491762,1950.268246,0.000037,4.491762,950.268246,-999.999963,0.934355
2.0,1000,15,1589,0.000000,0.000000,0.000000,-2.000000,-1000.000000,-1000.000000,0.000000
2.0,1000,15,1590,1.415845,864.611847,1067.666837,-0.584155,-135.388153,67.666837,0.838641
2.0,1000,15,1591,1.299175,763.839307,1185.906443,-0.700825,-236.160693,185.906443,0.836197
2.0,1000,15,1592,3.366743,965.068781,909.876715,1.366743,-34.931219,-90.123285,0.816118
2.0,1000,15,1593,1.174106,684.786129,1207.829590,-0.825894,-315.213871,207.829590,0.746716
2.0,1000,15,1594,1.827504,752.175769,1467.872900,-0.172496,-247.824231,467.872900,0.908209
2.0,1000,15,1595,1.204715,664.946865,1200.461812,-0.795285,-335.053135,200.461812,0.783650
2.0,1000,15,1596,2.358436,917.370346,1004.971730,0.358436,-82.629654,4.971730,0.933582
2.0,1000,15,1597,2.702145,920.581829,1066.542257,0.702145,-79.418171,66.542257,0.914599
2.0,1000,15,1598,6.973841,1986.408043,0.000000,4.973841,986.408043,-1000.000000,0.940577
2.0,1000,15,1599,1.794401,908.706715,1027.430526,-0.205599,-91.293285,27.430526,0.916178
2.0,1000,15,1600,0.000000,0.000000,0.000000,-2.000000,-1000.000000,-1000.000000,0.000000
2.0,1000,15,1601,0.000000,0.000000,0.000000,-2.000000,-1000.000000,-1000.000000,0.000000
2.0,1000,15,1602,2.270229,1138.839111,1043.675206,0.270229,138.839111,43.675206,0.941314
2.0,1000,15,1603,2.058278,677.581264,1076.171496,0.058278,-322.418736,76.171496,0.914100
2.0,1000,15,1604,5.614765,2168.125394,0.000238,3.614765,1168.125394,-999.999762,0.951110
2.0,1000,15,1605,2.745088,1219.917935,896.310509,0.745088,219.917935,-103.689491,0.902385
2.0,1000,15,1606,6.753419,2256.997477,0.000000,4.753419,1256.997477,-1000.000000,0.848914
2.0,1000,15,1607,1.608895,803.818574,1096.492309,-0.391105,-196.181426,96.492309,0.861928
2.0,1000,15,1608,0.000000,0.000000,0.000000,-2.000000,-1000.000000,-1000.000000,0.000000
2.0,1000,15,1609,0.000000,0.000000,0.000000,-2.000000,-1000.000000,-1000.000000,0.000000
2.0,1000,15,1610,6.068068,1998.672083,0.000054,4.068068,998.672083,-999.999946,0.962241
2.0,1000,15,1611,1.181466,613.892828,1048.343665,-0.818534,-386.107172,48.343665,0.767463
2.0,1000,15,1612,1.599201,763.406595,1135.371513,-0.400799,-236.593405,135.371513,0.901385
2.0,1000,15,1613,2.453142,898.502253,1089.808746,0.453142,-101.497747,89.808746,0.877506
2.0,1000,15,1614,3.695585,1608.197365,728.394644,1.695585,608.197365,-271.605356,0.961687
2.0,1000,15,1615,0.000000,0.000000,0.000000,-2.000000,-1000.000000,-1000.000000,0.000000
2.0,1000,15,1616,0.000000,0.000000,0.000000,-2.000000,-1000.000000,-1000.000000,0.000000
2.0,1000,15,1617,0.000000,0.000000,0.000000,-2.000000,-1000.000000,-1000.000000,0.000000
2.0,1000,15,1618,1.629097,885.956385,1059.430900,-0.370903,-114.043615,59.430900,0.893638
2.0,1000,15,1619,0.000000,0.000000,0.000000,-2.000000,-1000.000000,-1000.000000,0.000000
2.0,1000,15,1620,4.359809,2067.912767,0.000000,2.359809,1067.912767,-1000.000000,0.888182
2.0,1000,15,1621,1.280826,730.054959,1146.457233,-0.719174,-269.945041,146.457233,0.795111
2.0,1000,15,1622,0.000000,0.000000,0.000000,-2.000000,-1000.000000,-1000.000000,0.000000
2.0,1000,15,1623,4.963273,2146.451504,0.000477,2.963273,1146.451504,-999.999523,0.942235
2.0,1000,15,1624,0.000000,0.000000,0.000000,-2.000000,-1000.000000,-1000.000000,0.000000
2.0,1000,15,1625,2.788870,1431.244008,763.156614,0.788870,431.244008,-236.843386,0.938418
2.0,1000,15,1626,3.094143,886.032907,1129.492360,1.094143,-113.967093,129.492360,0.930661
2.0,1000,15,1627,2.588122,1188.827346,903.050534,0.588122,188.827346,-96.949466,0.915407
2.0,1000,15,1628,2.426431,1252.316735,947.161299,0.426431,252.316735,-52.838701,0.925008
2.0,1000,15,1629,0.000000,0.000000,0.000000,-2.000000,-1000.000000,-1000.000000,0.000000
2.0,1000,15,1630,2.211748,1150.181748,799.286401,0.211748,150.181748,-200.713599,0.873511
2.0,1000,15,1631,1.603116,937.447752,984.261109,-0.396884,-62.552248,-15.738891,0.883830
2.0,1000,15,1632,1.690339,879.912427,1080.984959,-0.309661,-120.087573,80.984959,0.861396
2.0,1000,15,1633,2.198873,1262.731503,828.864837,0.198873,262.731503,-171.135163,0.881661
2.0,1000,15,1634,1.555331,1209.103320,984.037402,-0.444669,209.103320,-15.962598,0.819674
2.0,1000,15,1635,3.441019,1248.742054,756.428992,1.441019,248.742054,-243.571008,0.931263
2.0,1000,15,1636,1.190829,609.614217,1230.598940,-0.809171,-390.385783,230.598940,0.800915
2.0,1000,15,1637,2.508586,1123.642635,999.348689,0.508586,123.642635,-0.651311,0.922212
2.0,1000,15,1638,1.464721,924.476901,1166.177319,-0.535279,-75.523099,166.177319,0.849834
2.0,1000,15,1639,1.826410,802.515435,1058.921864,-0.173590,-197.484565,58.921864,0.881452
2.0,1000,15,1640,1.471040,702.862469,1262.711116,-0.528960,-297.137531,262.711116,0.889471
2.0,1000,15,1641,1.378708,898.847987,1282.676606,-0.621292,-101.152013,282.676606,0.854010
2.0,1000,15,1642,1.426625,972.560687,1059.146580,-0.573375,-27.439313,59.146580,0.804088
2.0,1000,15,1643,3.299036,1624.159851,547.839804,1.299036,624.159851,-452.160196,0.887344
2.0,1000,15,1644,1.584539,765.762123,1103.257426,-0.415461,-234.237877,103.257426,0.847385
2.0,1000,15,1645,0.000000,0.000000,0.000000,-2.000000,-1000.000000,-1000.000000,0.000000
2.0,1000,15,1646,0.000000,0.000000,0.000000,-2.000000,-1000.000000,-1000.000000,0.000000
2.0,1000,15,1647,2.535845,971.943799,965.081202,0.535845,-28.056201,-34.918798,0.925710
2.0,1000,15,1648,1.708429,1117.815690,955.945427,-0.291571,117.815690,-44.054573,0.891321
2.0,1000,15,1649,1.534390,611.031481,1247.315463,-0.465610,-388.968519,247.315463,0.889613
2.0,1000,15,1650,6.808300,2006.048104,0.000071,4.808300,1006.048104,-999.999929,0.940726
2.0,1000,15,1651,6.021745,2045.579579,0.000029,4.021745,1045.579579,-999.999971,0.936340
2.0,1000,15,1652,4.976211,2322.431329,0.000000,2.976211,1322.431329,-1000.000000,0.916661
2.0,1000,15,1653,1.235258,992.660063,1061.657046,-0.764742,-7.339937,61.657046,0.710590
2.0,1000,15,1654,1.672223,733.751328,1220.503466,-0.327777,-266.248672,220.503466,0.904298
2.0,1000,15,1655,0.000000,0.000000,0.000000,-2.000000,-1000.000000,-1000.000000,0.000000
2.0,1000,15,1656,0.000000,0.000000,0.000000,-2.000000,-1000.000000,-1000.000000,0.000000
2.0,1000,15,1657,4.460002,2095.568836,0.000032,2.460002,1095.568836,-999.999968,0.928850
2.0,1000,15,1658,1.327174,449.133327,1348.659129,-0.672826,-550.866673,348.659129,0.801110
2.0,1000,15,1659,0.000000,0.000000,0.000000,-2.000000,-1000.000000,-1000.000000,0.000000
2.0,1000,15,1660,1.534173,545.815964,1311.948603,-0.465827,-454.184036,311.948603,0.847989
2.0,1000,15,1661,1.308985,663.200490,1310.356784,-0.691015,-336.799510,310.356784,0.805334
2.0,1000,15,1662,0.000000,0.000000,0.000000,-2.000000,-1000.000000,-1000.000000,0.000000
2.0,1000,15,1663,1.399164,786.941817,1291.738751,-0.600836,-213.058183,291.738751,0.798214
2.0,1000,15,1664,1.655924,1064.248540,992.065379,-0.344076,64.248540,-7.934621,0.887250
2.0,1000,15,1665,0.000000,0.000000,0.000000,-2.000000,-1000.000000,-1000.000000,0.000000
2.0,1000,15,1666,3.100907,1262.102355,712.069176,1.100907,262.102355,-287.930824,0.948321
2.0,1000,15,1667,2.608954,1052.476983,920.514988,0.608954,52.476983,-79.485012,0.939060
2.0,1000,15,1668,7.266710,1879.763766,0.000000,5.266710,879.763766,-1000.000000,0.867067
2.0,1000,15,1669,2.825781,1243.406830,749.505524,0.825781,243.406830,-250.494476,0.943748
2.0,1000,15,1670,2.056099,685.188018,1149.780029,0.056099,-314.811982,149.780029,0.922379
2.0,1000,15,1671,1.173700,595.717514,1419.219612,-0.826300,-404.282486,419.219612,0.758575
2.0,1000,15,1672,5.305988,1992.927453,0.000065,3.305988,992.927453,-999.999935,0.938311
2.0,1000,15,1673,1.085985,476.475951,1389.408370,-0.914015,-523.524049,389.408370,0.628822
2.0,1000,15,1674,0.000000,0.000000,0.000000,-2.000000,-1000.000000,-1000.000000,0.000000
2.0,1000,15,1675,1.647895,683.029280,1213.473752,-0.352105,-316.970720,213.473752,0.909043
2.0,1000,15,1676,1.430503,635.656599,1280.381219,-0.569497,-364.343401,280.381219,0.853023
2.0,1000,15,1677,1.282262,589.438914,1200.071471,-0.717738,-410.561086,200.071471,0.827823
2.0,1000,15,1678,4.292610,1361.753611,546.790132,2.292610,361.753611,-453.209868,0.936833
2.0,1000,15,1679,1.739719,815.324854,1155.231189,-0.260281,-184.675146,155.231189,0.897533
2.0,1000,15,1680,0.000000,0.000000,0.000000,-2.000000,-1000.000000,-1000.000000,0.000000
2.0,1000,15,1681,0.000000,0.000000,0.000000,-2.000000,-1000.000000,-1000.000000,0.000000
2.0,1000,15,1682,1.890972,716.760480,1043.277703,-0.109028,-283.239520,43.277703,0.893465
2.0,1000,15,1683,4.724818,1952.559805,0.000163,2.724818,952.559805,-999.999837,0.924490
2.0,1000,15,1684,2.052070,730.766975,1012.445261,0.052070,-269.233025,12.445261,0.904802
2.0,1000,15,1685,1.579285,783.741566,1150.715236,-0.420715,-216.258434,150.715236,0.896748
2.0,1000,15,1686,0.000000,0.000000,0.000000,-2.000000,-1000.000000,-1000.000000,0.000000
2.0,1000,15,1687,2.237800,1219.466675,969.933623,0.237800,219.466675,-30.066377,0.929591
2.0,1000,15,1688,1.331473,737.458154,1134.746494,-0.668527,-262.541846,134.746494,0.849273
2.0,1000,15,1689,2.799738,1453.121665,863.453280,0.799738,453.121665,-136.546720,0.898348
2.0,1000,15,1690,0.000000,0.000000,0.000000,-2.000000,-1000.000000,-1000.000000,0.000000
2.0,1000,15,1691,1.914046,880.672572,1062.469450,-0.085954,-119.327428,62.469450,0.863195
2.0,1000,15,1692,1.481370,724.305936,1133.704357,-0.518630,-275.694064,133.704357,0.829734
2.0,1000,15,1693,3.989970,1220.865704,779.689208,1.989970,220.865704,-220.310792,0.954223
2.0,1000,15,1694,2.219450,710.886284,1211.581481,0.219450,-289.113716,211.581481,0.890298
2.0,1000,15,1695,1.316409,723.273150,1241.749040,-0.683591,-276.726850,241.749040,0.849901
2.0,1000,15,1696,6.367182,1899.695771,0.000091,4.367182,899.695771,-999.999909,0.941994
2.0,1000,15,1697,1.669307,858.385850,1154.689546,-0.330693,-141.614150,154.689546,0.848308
2.0,1000,15,1698,1.573431,750.680313,1118.395746,-0.426569,-249.319687,118.395746,0.878184
2.0,1000,15,1699,0.000000,0.000000,0.000000,-2.000000,-1000.000000,-1000.000000,0.000000
2.0,1000,15,1700,3.324965,1504.908020,580.119274,1.324965,504.908020,-419.880726,0.944838
2.0,1000,15,1701,0.000000,0.000000,0.000000,-2.000000,-1000.000000,-1000.000000,0.000000
2.0,1000,15,1702,2.221498,805.445858,922.847744,0.221498,-194.554142,-77.152256,0.850582
2.0,1000,15,1703,0.000000,0.000000,0.000000,-2.000000,-1000.000000,-1000.000000,0.000000
2.0,1000,15,1704,0.000000,0.000000,0.000000,-2.000000,-1000.000000,-1000.000000,0.000000
2.0,1000,15,1705,0.000000,0.000000,0.000000,-2.000000,-1000.000000,-1000.000000,0.000000
2.0,1000,15,1706,0.000000,0.000000,0.000000,-2.000000,-1000.000000,-1000.000000,0.000000
2.0,1000,15,1707,5.368993,2037.676580,0.000193,3.368993,1037.676580,-999.999807,0.945316
2.0,1000,15,1708,7.935025,1909.836552,0.000000,5.935025,909.836552,-1000.000000,0.844940
2.0,1000,15,1709,1.295677,660.541528,1143.796710,-0.704323,-339.458472,143.796710,0.809312
2.0,1000,15,1710,0.000000,0.000000,0.000000,-2.000000,-1000.000000,-1000.000000,0.000000
2.0,1000,15,1711,6.686548,1953.329767,0.000000,4.686548,953.329767,-1000.000000,0.812771
2.0,1000,15,1712,1.649837,511.090681,1444.977899,-0.350163,-488.909319,444.977899,0.888514
2.0,1000,15,1713,2.346615,1405.029019,853.640264,0.346615,405.029019,-146.359736,0.928786
2.0,1000,15,1714,2.260737,1080.440426,1016.415164,0.260737,80.440426,16.415164,0.909717
2.0,1000,15,1715,6.216703,1928.417562,0.000226,4.216703,928.417562,-999.999774,0.892239
2.0,1000,15,1716,0.000000,0.000000,0.000000,-2.000000,-1000.000000,-1000.000000,0.000000
2.0,1000,15,1717,5.059062,1943.214203,0.000072,3.059062,943.214203,-999.999928,0.950072
2.0,1000,15,1718,1.677396,579.175995,1218.557632,-0.322604,-420.824005,218.557632,0.881255
2.0,1000,15,1719,2.100466,790.163400,1085.484581,0.100466,-209.836600,85.484581,0.890359
2.0,1000,15,1720,2.794279,1134.478931,839.356754,0.794279,134.478931,-160.643246,0.765637
2.0,1000,15,1721,3.548281,1368.905376,797.370976,1.548281,368.905376,-202.629024,0.955819
2.0,1000,15,1722,0.000000,0.000000,0.000000,-2.000000,-1000.000000,-1000.000000,0.000000
2.0,1000,15,1723,1.549834,738.404186,1158.686429,-0.450166,-261.595814,158.686429,0.857946
2.0,1000,15,1724,1.323633,694.077005,1390.478205,-0.676367,-305.922995,390.478205,0.802007
2.0,1000,15,1725,1.311470,681.153596,1134.202238,-0.688530,-318.846404,134.202238,0.845229
2.0,1000,15,1726,1.404300,851.837037,1205.630907,-0.595700,-148.162963,205.630907,0.877935
2.0,1000,15,1727,1.242752,733.705352,1405.448417,-0.757248,-266.294648,405.448417,0.789466
2.0,1000,15,1728,2.662214,1307.452648,781.871341,0.662214,307.452648,-218.128659,0.934186
2.0,1000,15,1729,6.451086,2141.209355,0.000000,4.451086,1141.209355,-1000.000000,0.881052
2.0,1000,15,1730,3.706854,1535.110102,452.611448,1.706854,535.110102,-547.388552,0.946907
2.0,1000,15,1731,2.375939,842.512655,931.278825,0.375939,-157.487345,-68.721175,0.937231
2.0,1000,15,1732,2.213744,1462.350689,772.617109,0.213744,462.350689,-227.382891,0.893401
2.0,1000,15,1733,1.292193,619.172427,1258.110490,-0.707807,-380.827573,258.110490,0.836088
2.0,1000,15,1734,2.695886,1239.864271,828.109153,0.695886,239.864271,-171.890847,0.927058
2.0,1000,15,1735,2.875570,989.500517,869.367033,0.875570,-10.499483,-130.632967,0.932409
2.0,1000,15,1736,3.342573,1266.882383,805.746698,1.342573,266.882383,-194.253302,0.900596
2.0,1000,15,1737,1.234584,744.122600,1247.892120,-0.765416,-255.877400,247.892120,0.791205
2.0,1000,15,1738,1.502806,644.220815,1099.334603,-0.497194,-355.779185,99.334603,0.889629
2.0,1000,15,1739,2.255325,779.526328,1137.835598,0.255325,-220.473672,137.835598,0.935721
2.0,1000,15,1740,1.143003,603.720617,1086.350041,-0.856997,-396.279383,86.350041,0.746542
2.0,1000,15,1741,0.000000,0.000000,0.000000,-2.000000,-1000.000000,-1000.000000,0.000000
2.0,1000,15,1742,2.418859,1105.248984,809.008127,0.418859,105.248984,-190.991873,0.924089
2.0,1000,15,1743,1.647109,997.132676,945.316388,-0.352891,-2.867324,-54.683612,0.858165
2.0,1000,15,1744,1.854641,934.546044,1062.138829,-0.145359,-65.453956,62.138829,0.911923
2.0,1000,15,1745,2.063942,757.880267,1127.241820,0.063942,-242.119733,127.241820,0.915576
2.0,1000,15,1746,1.896200,1075.232441,985.604784,-0.103800,75.232441,-14.395216,0.897925
2.0,1000,15,1747,7.629634,2038.972178,0.000000,5.629634,1038.972178,-1000.000000,0.925107
2.0,1000,15,1748,5.722226,2079.223056,0.000049,3.722226,1079.223056,-999.999951,0.974056
2.0,1000,15,1749,1.665536,821.472975,1227.444391,-0.334464,-178.527025,227.444391,0.893695
2.0,1000,15,1750,1.229363,632.348407,1449.258152,-0.770637,-367.651593,449.258152,0.818629
2.0,1000,15,1751,0.000000,0.000000,0.000000,-2.000000,-1000.000000,-1000.000000,0.000000
2.0,1000,15,1752,2.158093,723.364461,1057.498453,0.158093,-276.635539,57.498453,0.858566
2.0,1000,15,1753,1.762646,783.256771,1154.589961,-0.237354,-216.743229,154.589961,0.827654
2.0,1000,15,1754,0.000000,0.000000,0.000000,-2.000000,-1000.000000,-1000.000000,0.000000
2.0,1000,15,1755,1.351571,786.229559,1360.881715,-0.648429,-213.770441,360.881715,0.849565
2.0,1000,15,1756,0.000000,0.000000,0.000000,-2.000000,-1000.000000,-1000.000000,0.000000
2.0,1000,15,1757,2.768805,875.863096,850.790700,0.768805,-124.136904,-149.209300,0.928773
2.0,1000,15,1758,2.200796,970.924833,1024.396172,0.200796,-29.075167,24.396172,0.933548
2.0,1000,15,1759,0.000000,0.000000,0.000000,-2.000000,-1000.000000,-1000.000000,0.000000
2.0,1000,15,1760,2.764590,1500.393234,817.716932,0.764590,500.393234,-182.283068,0.932910
2.0,1000,15,1761,2.219115,884.969863,1051.712546,0.219115,-115.030137,51.712546,0.917572
2.0,1000,15,1762,1.275597,892.072973,1093.798864,-0.724403,-107.927027,93.798864,0.810993
2.0,1000,15,1763,0.000000,0.000000,0.000000,-2.000000,-1000.000000,-1000.000000,0.000000
2.0,1000,15,1764,1.615964,1156.351572,1060.989362,-0.384036,156.351572,60.989362,0.903164
2.0,1000,15,1765,8.084974,1712.489754,0.000083,6.084974,712.489754,-999.999917,0.939964
2.0,1000,15,1766,4.640909,1838.673402,140.796420,2.640909,838.673402,-859.203580,0.922716
2.0,1000,15,1767,1.460572,715.978980,1314.956835,-0.539428,-284.021020,314.956835,0.882253
2.0,1000,15,1768,1.273374,749.440096,1303.263287,-0.726626,-250.559904,303.263287,0.795808
2.0,1000,15,1769,1.298681,459.441095,1414.358608,-0.701319,-540.558905,414.358608,0.839260
2.0,1000,15,1770,1.866893,732.831650,1149.808846,-0.133107,-267.168350,149.808846,0.844726
2.0,1000,15,1771,0.000000,0.000000,0.000000,-2.000000,-1000.000000,-1000.000000,0.000000
2.0,1000,15,1772,8.644846,2195.888548,0.000102,6.644846,1195.888548,-999.999898,0.942043
2.0,1000,15,1773,0.000000,0.000000,0.000000,-2.000000,-1000.000000,-1000.000000,0.000000
2.0,1000,15,1774,1.690229,954.785002,1239.138300,-0.309771,-45.214998,239.138300,0.904660
2.0,1000,15,1775,6.343303,1913.539049,0.000071,4.343303,913.539049,-999.999929,0.957903
2.0,1000,15,1776,4.999376,1757.057069,309.559242,2.999376,757.057069,-690.440758,0.966151
2.0,1000,15,1777,1.935868,511.371307,1540.800391,-0.064132,-488.628693,540.800391,0.912137
2.0,1000,15,1778,1.280897,929.167054,1176.151958,-0.719103,-70.832946,176.151958,0.794999
2.0,1000,15,1779,0.000000,0.000000,0.000000,-2.000000,-1000.000000,-1000.000000,0.000000
2.0,1000,15,1780,0.000000,0.000000,0.000000,-2.000000,-1000.000000,-1000.000000,0.000000
2.0,1000,15,1781,2.129788,1192.150260,914.301979,0.129788,192.150260,-85.698021,0.919140
2.0,1000,15,1782,0.000000,0.000000,0.000000,-2.000000,-1000.000000,-1000.000000,0.000000
2.0,1000,15,1783,3.541558,1452.779881,800.277995,1.541558,452.779881,-199.722005,0.935000
2.0,1000,15,1784,6.063605,2034.348057,0.000029,4.063605,1034.348057,-999.999971,0.944278
2.0,1000,15,1785,6.201906,2139.256814,0.000052,4.201906,1139.256814,-999.999948,0.962370
2.0,1000,15,1786,1.454773,765.637739,1515.546406,-0.545227,-234.362261,515.546406,0.883691
2.0,1000,15,1787,0.000000,0.000000,0.000000,-2.000000,-1000.000000,-1000.000000,0.000000
2.0,1000,15,1788,0.000000,0.000000,0.000000,-2.000000,-1000.000000,-1000.000000,0.000000
2.0,1000,15,1789,3.265072,1485.170350,651.090148,1.265072,485.170350,-348.909852,0.940023
2.0,1000,15,1790,0.000000,0.000000,0.000000,-2.000000,-1000.000000,-1000.000000,0.000000
2.0,1000,15,1791,1.444063,813.496228,1124.230173,-0.555937,-186.503772,124.230173,0.883000
2.0,1000,15,1792,2.017516,895.085416,954.924436,0.017516,-104.914584,-45.075564,0.829350
2.0,1000,15,1793,1.345531,693.660011,1272.971070,-0.654469,-306.339989,272.971070,0.846249
2.0,1000,15,1794,2.287008,1120.902590,1046.052266,0.287008,120.902590,46.052266,0.904029
2.0,1000,15,1795,0.000000,0.000000,0.000000,-2.000000,-1000.000000,-1000.000000,0.000000
2.0,1000,15,1796,5.006108,2188.187282,0.000000,3.006108,1188.187282,-1000.000000,0.924366
2.0,1000,15,1797,1.405138,721.041035,1107.373643,-0.594862,-278.958965,107.373643,0.865523
2.0,1000,15,1798,0.000000,0.000000,0.000000,-2.000000,-1000.000000,-1000.000000,0.000000
2.0,1000,15,1799,1.569473,750.630195,1084.153289,-0.430527,-249.369805,84.153289,0.897419
2.0,1000,15,1800,1.975399,909.159484,1125.828254,-0.024601,-90.840516,125.828254,0.856275
2.0,1000,15,1801,0.000000,0.000000,0.000000,-2.000000,-1000.000000,-1000.000000,0.000000
2.0,1000,15,1802,0.000000,0.000000,0.000000,-2.000000,-1000.000000,-1000.000000,0.000000
2.0,1000,15,1803,0.000000,0.000000,0.000000,-2.000000,-1000.000000,-1000.000000,0.000000
2.0,1000,15,1804,1.286754,880.976679,1002.786451,-0.713246,-119.023321,2.786451,0.775707
2.0,1000,15,1805,1.821546,836.235137,1330.479397,-0.178454,-163.764863,330.479397,0.914690
2.0,1000,15,1806,2.019582,1115.742837,944.239527,0.019582,115.742837,-55.760473,0.899527
2.0,1000,15,1807,2.236135,981.478737,1039.120906,0.236135,-18.521263,39.120906,0.913372
2.0,1000,15,1808,4.714760,2161.168158,0.000145,2.714760,1161.168158,-999.999855,0.954816
2.0,1000,15,1809,2.836468,1540.020932,645.074525,0.836468,540.020932,-354.925475,0.927003
2.0,1000,15,1810,1.531681,747.143446,1181.489356,-0.468319,-252.856554,181.489356,0.877163
2.0,1000,15,1811,1.734396,954.456214,1176.847376,-0.265604,-45.543786,176.847376,0.906586
2.0,1000,15,1812,2.557902,913.399560,1049.239775,0.557902,-86.600440,49.239775,0.896786
2.0,1000,15,1813,0.000000,0.000000,0.000000,-2.000000,-1000.000000,-1000.000000,0.000000
2.0,1000,15,1814,0.000000,0.000000,0.000000,-2.000000,-1000.000000,-1000.000000,0.000000
2.0,1000,15,1815,1.786042,945.282990,1322.102858,-0.213958,-54.717010,322.102858,0.889552
2.0,1000,15,1816,2.744056,1216.692865,877.080261,0.744056,216.692865,-122.919739,0.891034
2.0,1000,15,1817,0.000000,0.000000,0.000000,-2.000000,-1000.000000,-1000.000000,0.000000
2.0,1000,15,1818,1.982521,771.517888,1103.430798,-0.017479,-228.482112,103.430798,0.861358
2.0,1000,15,1819,1.236696,869.947680,1135.217180,-0.763304,-130.052320,135.217180,0.818035
2.0,1000,15,1820,1.846018,700.737034,1214.625342,-0.153982,-299.262966,214.625342,0.901554
2.0,1000,15,1821,0.000000,0.000000,0.000000,-2.000000,-1000.000000,-1000.000000,0.000000
2.0,1000,15,1822,2.066357,1147.748747,1032.467800,0.066357,147.748747,32.467800,0.914639
2.0,1000,15,1823,1.241438,668.655695,1263.448267,-0.758562,-331.344305,263.448267,0.826583
2.0,1000,15,1824,1.647844,802.038979,1075.087437,-0.352156,-197.961021,75.087437,0.911404
2.0,1000,15,1825,2.243804,927.071896,940.887310,0.243804,-72.928104,-59.112690,0.915529
2.0,1000,15,1826,1.908494,1112.127615,985.598487,-0.091506,112.127615,-14.401513,0.906405
2.0,1000,15,1827,1.552491,511.184843,1481.855135,-0.447509,-488.815157,481.855135,0.832795
2.0,1000,15,1828,0.000000,0.000000,0.000000,-2.000000,-1000.000000,-1000.000000,0.000000
2.0,1000,15,1829,1.396394,705.415140,1084.287681,-0.603606,-294.584860,84.287681,0.812598
2.0,1000,15,1830,3.152571,1116.280426,765.628791,1.152571,116.280426,-234.371209,0.942264
2.0,1000,15,1831,2.445963,562.992697,1363.142607,0.445963,-437.007303,363.142607,0.910487
2.0,1000,15,1832,2.275641,980.562202,926.760947,0.275641,-19.437798,-73.239053,0.935531
2.0,1000,15,1833,0.000000,0.000000,0.000000,-2.000000,-1000.000000,-1000.000000,0.000000
2.0,1000,15,1834,1.650429,514.314728,1401.730664,-0.349571,-485.685272,401.730664,0.886149
2.0,1000,15,1835,0.000000,0.000000,0.000000,-2.000000,-1000.000000,-1000.000000,0.000000
2.0,1000,15,1836,1.622709,530.255569,1308.314817,-0.377291,-469.744431,308.314817,0.894083
2.0,1000,15,1837,0.000000,0.000000,0.000000,-2.000000,-1000.000000,-1000.000000,0.000000
2.0,1000,15,1838,0.000000,0.000000,0.000000,-2.000000,-1000.000000,-1000.000000,0.000000
2.0,1000,15,1839,5.334019,2323.621247,0.000000,3.334019,1323.621247,-1000.000000,0.886507
2.0,1000,15,1840,1.783839,721.622444,1103.756967,-0.216161,-278.377556,103.756967,0.877630
2.0,1000,15,1841,1.737109,1011.223674,942.476332,-0.262891,11.223674,-57.523668,0.832399
2.0,1000,15,1842,1.176387,637.858688,1312.789174,-0.823613,-362.141312,312.789174,0.776070
2.0,1000,15,1843,1.845950,762.138488,1073.684032,-0.154050,-237.861512,73.684032,0.849212
2.0,1000,15,1844,1.646113,889.244777,1100.543627,-0.353887,-110.755223,100.543627,0.821017
2.0,1000,15,1845,6.092970,2259.765625,0.000041,4.092970,1259.765625,-999.999959,0.910463
2.0,1000,15,1846,1.777882,841.831979,1132.606270,-0.222118,-158.168021,132.606270,0.909705
2.0,1000,15,1847,6.096583,1952.501272,0.000270,4.096583,952.501272,-999.999730,0.926747
2.0,1000,15,1848,1.118180,633.892785,1217.522768,-0.881820,-366.107215,217.522768,0.689615
2.0,1000,15,1849,1.198227,649.668071,1240.218730,-0.801773,-350.331929,240.218730,0.793121
2.0,1000,15,1850,1.099894,888.359073,1065.439835,-0.900106,-111.640927,65.439835,0.702535
2.0,1000,15,1851,1.581647,632.291884,1316.286702,-0.418353,-367.708116,316.286702,0.857909
2.0,1000,15,1852,1.532868,717.981440,1238.747350,-0.467132,-282.018560,238.747350,0.873301
2.0,1000,15,1853,1.419287,521.519129,1308.838876,-0.580713,-478.480871,308.838876,0.870174
2.0,1000,15,1854,1.408719,862.914115,1184.261587,-0.591281,-137.085885,184.261587,0.843833
2.0,1000,15,1855,5.917931,2033.185517,0.000294,3.917931,1033.185517,-999.999706,0.928825
2.0,1000,15,1856,5.467488,2010.335547,0.000062,3.467488,1010.335547,-999.999938,0.952724
2.0,1000,15,1857,0.000000,0.000000,0.000000,-2.000000,-1000.000000,-1000.000000,0.000000
2.0,1000,15,1858,1.948612,819.555376,1251.135906,-0.051388,-180.444624,251.135906,0.916434
2.0,1000,15,1859,3.410276,1751.717899,338.951713,1.410276,751.717899,-661.048287,0.917787
2.0,1000,15,1860,1.965941,952.470736,1029.267902,-0.034059,-47.529264,29.267902,0.910622
2.0,1000,15,1861,4.957910,2339.669543,0.000000,2.957910,1339.669543,-1000.000000,0.885152
2.0,1000,15,1862,1.544792,852.024035,1174.907114,-0.455208,-147.975965,174.907114,0.871489
2.0,1000,15,1863,1.650382,848.043444,1188.855509,-0.349618,-151.956556,188.855509,0.866709
2.0,1000,15,1864,1.905305,999.213591,926.859949,-0.094695,-0.786409,-73.140051,0.898231
2.0,1000,15,1865,2.398515,829.912207,1182.146273,0.398515,-170.087793,182.146273,0.912662
2.0,1000,15,1866,2.145282,939.381460,1026.301725,0.145282,-60.618540,26.301725,0.897661
2.0,1000,15,1867,1.935152,1083.997820,964.507698,-0.064848,83.997820,-35.492302,0.906807
2.0,1000,15,1868,1.432316,562.743295,1211.477975,-0.567684,-437.256705,211.477975,0.798357
2.0,1000,15,1869,1.403551,824.260106,1079.559864,-0.596449,-175.739894,79.559864,0.862276
2.0,1000,15,1870,1.885776,804.568508,1129.161056,-0.114224,-195.431492,129.161056,0.879022
2.0,1000,15,1871,1.689301,600.694577,1109.541304,-0.310699,-399.305423,109.541304,0.902217
2.0,1000,15,1872,1.214799,624.820488,1273.782945,-0.785201,-375.179512,273.782945,0.715742
2.0,1000,15,1873,1.372252,723.468551,1178.354457,-0.627748,-276.531449,178.354457,0.839214
2.0,1000,15,1874,1.535512,905.104161,1125.173901,-0.464488,-94.895839,125.173901,0.877707
2.0,1000,15,1875,3.457986,1331.331756,677.390346,1.457986,331.331756,-322.609654,0.942531
2.0,1000,15,1876,1.372492,959.544320,1028.025235,-0.627508,-40.455680,28.025235,0.857771
2.0,1000,15,1877,6.897781,1848.900127,0.000143,4.897781,848.900127,-999.999857,0.913959
2.0,1000,15,1878,2.013043,814.794578,1214.139676,0.013043,-185.205422,214.139676,0.897460
2.0,1000,15,1879,5.613223,2167.572473,0.000000,3.613223,1167.572473,-1000.000000,0.929154
2.0,1000,15,1880,3.675290,1455.759436,704.991259,1.675290,455.759436,-295.008741,0.892108
2.0,1000,15,1881,2.128678,1075.363155,933.084532,0.128678,75.363155,-66.915468,0.926019
2.0,1000,15,1882,1.774727,947.840703,1317.915994,-0.225273,-52.159297,317.915994,0.875627
2.0,1000,15,1883,1.611824,1048.547999,1112.352054,-0.388176,48.547999,112.352054,0.826232
2.0,1000,15,1884,0.000000,0.000000,0.000000,-2.000000,-1000.000000,-1000.000000,0.000000
2.0,1000,15,1885,1.573024,1010.671481,1114.574040,-0.426976,10.671481,114.574040,0.872247
2.0,1000,15,1886,3.777139,1082.282877,714.110312,1.777139,82.282877,-285.889688,0.891379
2.0,1000,15,1887,1.257939,766.693763,1267.357178,-0.742061,-233.306237,267.357178,0.839628
2.0,1000,15,1888,2.209103,879.426556,1168.712275,0.209103,-120.573444,168.712275,0.912719
2.0,1000,15,1889,0.000000,0.000000,0.000000,-2.000000,-1000.000000,-1000.000000,0.000000
2.0,1000,15,1890,0.000000,0.000000,0.000000,-2.000000,-1000.000000,-1000.000000,0.000000
2.0,1000,15,1891,1.370668,949.629729,1131.323479,-0.629332,-50.370271,131.323479,0.876973
2.0,1000,15,1892,0.000000,0.000000,0.000000,-2.000000,-1000.000000,-1000.000000,0.000000
2.0,1000,15,1893,6.026875,2195.252436,0.000028,4.026875,1195.252436,-999.999972,0.914719
2.0,1000,15,1894,2.659366,934.177083,962.874963,0.659366,-65.822917,-37.125037,0.941773
2.0,1000,15,1895,4.349138,2011.074049,0.000113,2.349138,1011.074049,-999.999887,0.952857
2.0,1000,15,1896,0.000000,0.000000,0.000000,-2.000000,-1000.000000,-1000.000000,0.000000
2.0,1000,15,1897,5.806663,1975.329008,0.000231,3.806663,975.329008,-999.999769,0.894347
2.0,1000,15,1898,0.000000,0.000000,0.000000,-2.000000,-1000.000000,-1000.000000,0.000000
2.0,1000,15,1899,2.130719,870.770411,1125.393029,0.130719,-129.229589,125.393029,0.905824
2.0,1000,15,1900,3.569617,1264.111082,930.352400,1.569617,264.111082,-69.647600,0.898073
2.0,1000,15,1901,1.617511,879.966465,1126.095500,-0.382489,-120.033535,126.095500,0.872680
2.0,1000,15,1902,2.303660,1254.282741,886.539033,0.303660,254.282741,-113.460967,0.931742
2.0,1000,15,1903,2.010503,1036.679289,950.660210,0.010503,36.679289,-49.339790,0.897083
2.0,1000,15,1904,2.879308,1046.139657,981.591964,0.879308,46.139657,-18.408036,0.923761
2.0,1000,15,1905,2.720338,1010.976279,919.170068,0.720338,10.976279,-80.829932,0.942823
2.0,1000,15,1906,2.150447,734.724777,1045.297343,0.150447,-265.275223,45.297343,0.881479
2.0,1000,15,1907,0.000000,0.000000,0.000000,-2.000000,-1000.000000,-1000.000000,0.000000
2.0,1000,15,1908,1.556467,731.083801,1228.393866,-0.443533,-268.916199,228.393866,0.826508
2.0,1000,15,1909,1.452664,778.699197,1129.325592,-0.547336,-221.300803,129.325592,0.862943
2.0,1000,15,1910,3.979313,1464.766561,668.492346,1.979313,464.766561,-331.507654,0.957826
2.0,1000,15,1911,0.000000,0.000000,0.000000,-2.000000,-1000.000000,-1000.000000,0.000000
2.0,1000,15,1912,0.000000,0.000000,0.000000,-2.000000,-1000.000000,-1000.000000,0.000000
2.0,1000,15,1913,1.451544,648.923307,1189.560381,-0.548456,-351.076693,189.560381,0.851096
2.0,1000,15,1914,1.537778,657.088122,1149.058758,-0.462222,-342.911878,149.058758,0.880315
2.0,1000,15,1915,1.813168,852.825455,1198.572831,-0.186832,-147.174545,198.572831,0.863728
2.0,1000,15,1916,1.429578,771.440401,1246.058316,-0.570422,-228.559599,246.058316,0.848981
2.0,1000,15,1917,0.000000,0.000000,0.000000,-2.000000,-1000.000000,-1000.000000,0.000000
2.0,1000,15,1918,2.145393,1012.164736,1001.869675,0.145393,12.164736,1.869675,0.861671
2.0,1000,15,1919,1.746880,760.999570,1058.382533,-0.253120,-239.000430,58.382533,0.858497
2.0,1000,15,1920,1.408963,846.922142,1172.987359,-0.591037,-153.077858,172.987359,0.882000
2.0,1000,15,1921,0.000000,0.000000,0.000000,-2.000000,-1000.000000,-1000.000000,0.000000
2.0,1000,15,1922,0.000000,0.000000,0.000000,-2.000000,-1000.000000,-1000.000000,0.000000
2.0,1000,15,1923,2.261588,1150.067886,887.952832,0.261588,150.067886,-112.047168,0.907158
2.0,1000,15,1924,5.874165,2184.621786,0.000066,3.874165,1184.621786,-999.999934,0.970705
2.0,1000,15,1925,2.331741,868.604715,1169.275987,0.331741,-131.395285,169.275987,0.905507
2.0,1000,15,1926,5.640937,2334.192875,0.000000,3.640937,1334.192875,-1000.000000,0.845085
2.0,1000,15,1927,0.000000,0.000000,0.000000,-2.000000,-1000.000000,-1000.000000,0.000000
2.0,1000,15,1928,2.542837,922.943337,896.347891,0.542837,-77.056663,-103.652109,0.911840
2.0,1000,15,1929,1.621555,650.370629,1187.091752,-0.378445,-349.629371,187.091752,0.866758
2.0,1000,15,1930,2.461792,1160.479768,822.529286,0.461792,160.479768,-177.470714,0.910164
2.0,1000,15,1931,1.560183,718.715776,1107.438101,-0.439817,-281.284224,107.438101,0.906020
2.0,1000,15,1932,1.798198,1100.230138,950.500636,-0.201802,100.230138,-49.499364,0.867928
2.0,1000,15,1933,0.000000,0.000000,0.000000,-2.000000,-1000.000000,-1000.000000,0.000000
2.0,1000,15,1934,2.115260,1312.241861,881.965206,0.115260,312.241861,-118.034794,0.848488
2.0,1000,15,1935,1.324869,703.054530,1261.763741,-0.675131,-296.945470,261.763741,0.852885
2.0,1000,15,1936,1.819962,1088.468467,1067.296948,-0.180038,88.468467,67.296948,0.835810
2.0,1000,15,1937,0.000000,0.000000,0.000000,-2.000000,-1000.000000,-1000.000000,0.000000
2.0,1000,15,1938,6.453079,1893.659377,111.964686,4.453079,893.659377,-888.035314,0.909119
2.0,1000,15,1939,3.962347,1149.399394,804.071670,1.962347,149.399394,-195.928330,0.898395
2.0,1000,15,1940,1.330965,743.006929,1244.844728,-0.669035,-256.993071,244.844728,0.859512
2.0,1000,15,1941,1.442076,888.845293,1089.408489,-0.557924,-111.154707,89.408489,0.842799
2.0,1000,15,1942,0.000000,0.000000,0.000000,-2.000000,-1000.000000,-1000.000000,0.000000
2.0,1000,15,1943,1.710669,837.111229,1099.668816,-0.289331,-162.888771,99.668816,0.909007
2.0,1000,15,1944,2.031010,604.580503,1204.367900,0.031010,-395.419497,204.367900,0.893721
2.0,1000,15,1945,0.000000,0.000000,0.000000,-2.000000,-1000.000000,-1000.000000,0.000000
2.0,1000,15,1946,3.512106,1202.951853,758.000631,1.512106,202.951853,-241.999369,0.959210
2.0,1000,15,1947,2.574142,1191.610923,876.330682,0.574142,191.610923,-123.669318,0.892666
2.0,1000,15,1948,6.014345,2085.439589,0.000000,4.014345,1085.439589,-1000.000000,0.879938
2.0,1000,15,1949,1.757867,876.752524,1103.944730,-0.242133,-123.247476,103.944730,0.918267
2.0,1000,15,1950,1.643197,487.205297,1362.541934,-0.356803,-512.794703,362.541934,0.880601
2.0,1000,15,1951,1.431888,597.907839,1309.235624,-0.568112,-402.092161,309.235624,0.877743
2.0,1000,15,1952,1.360461,988.262306,1079.852460,-0.639539,-11.737694,79.852460,0.806919
2.0,1000,15,1953,1.795699,852.257226,1151.670162,-0.204301,-147.742774,151.670162,0.893014
2.0,1000,15,1954,2.727520,1003.711324,963.592085,0.727520,3.711324,-36.407915,0.941078
2.0,1000,15,1955,0.000000,0.000000,0.000000,-2.000000,-1000.000000,-1000.000000,0.000000
2.0,1000,15,1956,1.181034,696.209233,1233.498744,-0.818966,-303.790767,233.498744,0.787375
2.0,1000,15,1957,0.000000,0.000000,0.000000,-2.000000,-1000.000000,-1000.000000,0.000000
2.0,1000,15,1958,2.202359,955.447080,880.523703,0.202359,-44.552920,-119.476297,0.892718
2.0,1000,15,1959,1.618495,989.998295,1020.414734,-0.381505,-10.001705,20.414734,0.891127
2.0,1000,15,1960,1.413739,743.437476,1261.194332,-0.586261,-256.562524,261.194332,0.887844
2.0,1000,15,1961,1.507215,881.034250,1064.202974,-0.492785,-118.965750,64.202974,0.852395
2.0,1000,15,1962,0.000000,0.000000,0.000000,-2.000000,-1000.000000,-1000.000000,0.000000
2.0,1000,15,1963,1.398678,562.764655,1417.346378,-0.601322,-437.235345,417.346378,0.879432
2.0,1000,15,1964,1.897434,1011.772997,1054.591561,-0.102566,11.772997,54.591561,0.909166
2.0,1000,15,1965,0.000000,0.000000,0.000000,-2.000000,-1000.000000,-1000.000000,0.000000
2.0,1000,15,1966,1.159491,510.904671,1567.204119,-0.840509,-489.095329,567.204119,0.758076
2.0,1000,15,1967,1.711166,766.335468,1124.327378,-0.288834,-233.664532,124.327378,0.889574
2.0,1000,15,1968,1.261774,686.796460,1195.110578,-0.738226,-313.203540,195.110578,0.812339
2.0,1000,15,1969,1.424331,895.748961,1250.076018,-0.575669,-104.251039,250.076018,0.873819
2.0,1000,15,1970,0.000000,0.000000,0.000000,-2.000000,-1000.000000,-1000.000000,0.000000
2.0,1000,15,1971,2.304039,1047.739974,1185.059717,0.304039,47.739974,185.059717,0.928574
2.0,1000,15,1972,0.000000,0.000000,0.000000,-2.000000,-1000.000000,-1000.000000,0.000000
2.0,1000,15,1973,1.402522,422.077420,1417.631980,-0.597478,-577.922580,417.631980,0.860130
2.0,1000,15,1974,1.566698,591.715961,1324.311765,-0.433302,-408.284039,324.311765,0.891748
2.0,1000,15,1975,1.319953,756.602086,1109.821417,-0.680047,-243.397914,109.821417,0.825928
2.0,1000,15,1976,1.700788,621.862708,1242.012453,-0.299212,-378.137292,242.012453,0.889943
2.0,1000,15,1977,2.613999,1319.073574,780.645885,0.613999,319.073574,-219.354115,0.950287
2.0,1000,15,1978,2.031409,924.815750,968.141225,0.031409,-75.184250,-31.858775,0.901543
2.0,1000,15,1979,2.068053,1025.175110,934.696541,0.068053,25.175110,-65.303459,0.910870
2.0,1000,15,1980,0.000000,0.000000,0.000000,-2.000000,-1000.000000,-1000.000000,0.000000
2.0,1000,15,1981,1.508659,828.973165,1204.816700,-0.491341,-171.026835,204.816700,0.882811
2.0,1000,15,1982,1.644190,912.887016,1140.965060,-0.355810,-87.112984,140.965060,0.875354
2.0,1000,15,1983,0.000000,0.000000,0.000000,-2.000000,-1000.000000,-1000.000000,0.000000
2.0,1000,15,1984,0.000000,0.000000,0.000000,-2.000000,-1000.000000,-1000.000000,0.000000
2.0,1000,15,1985,8.273684,1879.325950,0.000076,6.273684,879.325950,-999.999924,0.933253
2.0,1000,15,1986,2.788935,1064.021244,819.979487,0.788935,64.021244,-180.020513,0.944379
2.0,1000,15,1987,2.305304,1170.438440,982.556935,0.305304,170.438440,-17.443065,0.939153
2.0,1000,15,1988,1.437761,771.689450,1167.087840,-0.562239,-228.310550,167.087840,0.879654
2.0,1000,15,1989,0.000000,0.000000,0.000000,-2.000000,-1000.000000,-1000.000000,0.000000
2.0,1000,15,1990,0.000000,0.000000,0.000000,-2.000000,-1000.000000,-1000.000000,0.000000
2.0,1000,15,1991,1.451284,881.507346,1101.940961,-0.548716,-118.492654,101.940961,0.843157
2.0,1000,15,1992,1.135615,466.612547,1235.988984,-0.864385,-533.387453,235.988984,0.742121
2.0,1000,15,1993,1.924727,1044.557319,1009.374588,-0.075273,44.557319,9.374588,0.866547
2.0,1000,15,1994,1.762084,894.912480,975.127939,-0.237916,-105.087520,-24.872061,0.917942
2.0,1000,15,1995,3.826984,1552.023951,381.067288,1.826984,552.023951,-618.932712,0.906201
2.0,1000,15,1996,2.567521,1110.932969,831.289063,0.567521,110.932969,-168.710937,0.898619
2.0,1000,15,1997,0.000000,0.000000,0.000000,-2.000000,-1000.000000,-1000.000000,0.000000
2.0,1000,15,1998,1.152399,539.199841,1194.399254,-0.847601,-460.800159,194.399254,0.688667
2.0,1000,15,1999,0.000000,0.000000,0.000000,-2.000000,-1000.000000,-1000.000000,0.000000
2.0,1000,15,2000,2.337254,699.547063,1241.001989,0.337254,-300.452937,241.001989,0.907088
2.0,1000,15,2001,0.000000,0.000000,0.000000,-2.000000,-1000.000000,-1000.000000,0.000000
2.0,1000,15,2002,5.749341,2223.433451,0.000029,3.749341,1223.433451,-999.999971,0.952040
2.0,1000,15,2003,3.281392,1297.721151,720.863611,1.281392,297.721151,-279.136389,0.872809
2.0,1000,15,2004,0.000000,0.000000,0.000000,-2.000000,-1000.000000,-1000.000000,0.000000
2.0,1000,15,2005,2.613560,1176.986974,828.668355,0.613560,176.986974,-171.331645,0.925472
2.0,1000,15,2006,1.368332,588.647400,1395.584570,-0.631668,-411.352600,395.584570,0.863298
2.0,1000,15,2007,2.077681,1011.871560,954.376496,0.077681,11.871560,-45.623504,0.902459
2.0,1000,15,2008,1.257208,674.134969,1262.437678,-0.742792,-325.865031,262.437678,0.796750
2.0,1000,15,2009,1.577494,826.396982,1231.759042,-0.422506,-173.603018,231.759042,0.901136
2.0,1000,15,2010,6.221591,2065.703728,0.000000,4.221591,1065.703728,-1000.000000,0.926533
2.0,1000,15,2011,0.000000,0.000000,0.000000,-2.000000,-1000.000000,-1000.000000,0.000000
2.0,1000,15,2012,1.601060,820.429266,1145.155675,-0.398940,-179.570734,145.155675,0.883936
2.0,1000,15,2013,7.478317,1998.252080,0.000000,5.478317,998.252080,-1000.000000,0.808757
2.0,1000,15,2014,2.000475,849.939250,975.998559,0.000475,-150.060750,-24.001441,0.919030
2.0,1000,15,2015,5.613443,2222.919374,0.000063,3.613443,1222.919374,-999.999937,0.953105
2.0,1000,15,2016,2.811701,1160.096587,888.469528,0.811701,160.096587,-111.530472,0.932431
2.0,1000,15,2017,2.133664,1133.058176,985.145116,0.133664,133.058176,-14.854884,0.929745
2.0,1000,15,2018,0.000000,0.000000,0.000000,-2.000000,-1000.000000,-1000.000000,0.000000
2.0,1000,15,2019,2.056693,915.038562,1201.106418,0.056693,-84.961438,201.106418,0.844547
2.0,1000,15,2020,1.978046,795.520771,1147.854331,-0.021954,-204.479229,147.854331,0.911918
2.0,1000,15,2021,7.944590,1993.037022,0.000000,5.944590,993.037022,-1000.000000,0.912737
2.0,1000,15,2022,2.377461,869.680400,1171.961762,0.377461,-130.319600,171.961762,0.899528
2.0,1000,15,2023,1.604686,1184.425761,1057.661375,-0.395314,184.425761,57.661375,0.874861
2.0,1000,15,2024,3.087243,1194.466541,917.849802,1.087243,194.466541,-82.150198,0.924154
2.0,1000,15,2025,2.934507,1345.759767,914.083085,0.934507,345.759767,-85.916915,0.919588
2.0,1000,15,2026,1.447967,593.118736,1318.300498,-0.552033,-406.881264,318.300498,0.868905
2.0,1000,15,2027,1.627216,800.572464,1128.621907,-0.372784,-199.427536,128.621907,0.869027
2.0,1000,15,2028,1.568322,872.492635,1015.667642,-0.431678,-127.507365,15.667642,0.875482
2.0,1000,15,2029,0.000000,0.000000,0.000000,-2.000000,-1000.000000,-1000.000000,0.000000
2.0,1000,15,2030,0.000000,0.000000,0.000000,-2.000000,-1000.000000,-1000.000000,0.000000
2.0,1000,15,2031,8.304636,2041.024366,0.000298,6.304636,1041.024366,-999.999702,0.691846
2.0,1000,15,2032,2.541546,1285.123438,883.641823,0.541546,285.123438,-116.358177,0.851253
2.0,1000,15,2033,1.502202,997.336889,1113.129833,-0.497798,-2.663111,113.129833,0.832011
2.0,1000,15,2034,1.210732,526.803041,1474.635091,-0.789268,-473.196959,474.635091,0.804416
2.0,1000,15,2035,2.334308,857.393277,1074.814309,0.334308,-142.606723,74.814309,0.935510
2.0,1000,15,2036,1.415963,674.484105,1202.079039,-0.584037,-325.515895,202.079039,0.845877
2.0,1000,15,2037,1.597455,826.226764,1479.362547,-0.402545,-173.773236,479.362547,0.869019
2.0,1000,15,2038,0.000000,0.000000,0.000000,-2.000000,-1000.000000,-1000.000000,0.000000
2.0,1000,15,2039,1.615933,579.565381,1293.880976,-0.384067,-420.434619,293.880976,0.876486
2.0,1000,15,2040,2.358368,945.933918,1061.964915,0.358368,-54.066082,61.964915,0.923148
2.0,1000,15,2041,1.472539,657.470252,1497.705705,-0.527461,-342.529748,497.705705,0.881466
2.0,1000,15,2042,1.873286,1028.201904,972.258418,-0.126714,28.201904,-27.741582,0.906967
2.0,1000,15,2043,1.768793,960.782925,1187.670970,-0.231207,-39.217075,187.670970,0.897432
2.0,1000,15,2044,0.000000,0.000000,0.000000,-2.000000,-1000.000000,-1000.000000,0.000000
2.0,1000,15,2045,1.953151,829.963700,1137.218836,-0.046849,-170.036300,137.218836,0.889789
2.0,1000,15,2046,0.000000,0.000000,0.000000,-2.000000,-1000.000000,-1000.000000,0.000000
2.0,1000,15,2047,5.512047,2086.088921,0.000187,3.512047,1086.088921,-999.999813,0.928353
2.0,1000,15,2048,1.529848,874.632785,1101.059553,-0.470152,-125.367215,101.059553,0.843205
2.0,1000,15,2049,0.000000,0.000000,0.000000,-2.000000,-1000.000000,-1000.000000,0.000000
2.0,1000,15,2050,1.431799,764.896201,1202.797253,-0.568201,-235.103799,202.797253,0.867605
2.0,1000,15,2051,0.000000,0.000000,0.000000,-2.000000,-1000.000000,-1000.000000,0.000000
2.0,1000,15,2052,1.443485,751.469291,998.575769,-0.556515,-248.530709,-1.424231,0.861295
2.0,1000,15,2053,0.000000,0.000000,0.000000,-2.000000,-1000.000000,-1000.000000,0.000000
2.0,1000,15,2054,1.627501,863.677510,1194.776671,-0.372499,-136.322490,194.776671,0.870481
2.0,1000,15,2055,1.812052,747.019900,1047.932494,-0.187948,-252.980100,47.932494,0.882552
2.0,1000,15,2056,0.000000,0.000000,0.000000,-2.000000,-1000.000000,-1000.000000,0.000000
2.0,1000,15,2057,5.231332,1454.976210,496.224978,3.231332,454.976210,-503.775022,0.913566
2.0,1000,15,2058,1.429943,778.353230,1159.796270,-0.570057,-221.646770,159.796270,0.867939
2.0,1000,15,2059,1.931337,866.504142,1018.069365,-0.068663,-133.495858,18.069365,0.823750
2.0,1000,15,2060,2.014266,602.153951,1212.520851,0.014266,-397.846049,212.520851,0.803219
2.0,1000,15,2061,2.533211,1159.581360,843.362724,0.533211,159.581360,-156.637276,0.948789
2.0,1000,15,2062,0.000000,0.000000,0.000000,-2.000000,-1000.000000,-1000.000000,0.000000
2.0,1000,15,2063,1.612808,722.286080,1131.915983,-0.387192,-277.713920,131.915983,0.892284
2.0,1000,15,2064,2.612711,883.199020,898.391598,0.612711,-116.800980,-101.608402,0.915347
2.0,1000,15,2065,1.118551,929.319751,1115.615561,-0.881449,-70.680249,115.615561,0.701351
2.0,1000,15,2066,0.000000,0.000000,0.000000,-2.000000,-1000.000000,-1000.000000,0.000000
2.0,1000,15,2067,1.605667,752.190845,1330.093304,-0.394333,-247.809155,330.093304,0.875273
2.0,1000,15,2068,5.523861,2074.605739,0.000040,3.523861,1074.605739,-999.999960,0.907970
2.0,1000,15,2069,7.427914,1948.621687,0.000312,5.427914,948.621687,-999.999688,0.878558
2.0,1000,15,2070,0.000000,0.000000,0.000000,-2.000000,-1000.000000,-1000.000000,0.000000
2.0,1000,15,2071,0.000000,0.000000,0.000000,-2.000000,-1000.000000,-1000.000000,0.000000
2.0,1000,15,2072,1.512972,729.056566,1303.842662,-0.487028,-270.943434,303.842662,0.858897
2.0,1000,15,2073,0.000000,0.000000,0.000000,-2.000000,-1000.000000,-1000.000000,0.000000
2.0,1000,15,2074,2.017599,578.130525,1245.076565,0.017599,-421.869475,245.076565,0.876983
2.0,1000,15,2075,1.707713,615.142550,1374.826723,-0.292287,-384.857450,374.826723,0.903959
2.0,1000,15,2076,5.855979,2078.788515,0.000055,3.855979,1078.788515,-999.999945,0.895163
2.0,1000,15,2077,1.659642,737.336541,1249.552943,-0.340358,-262.663459,249.552943,0.858984
2.0,1000,15,2078,0.000000,0.000000,0.000000,-2.000000,-1000.000000,-1000.000000,0.000000
2.0,1000,15,2079,2.453624,1192.988966,998.257954,0.453624,192.988966,-1.742046,0.920336
2.0,1000,15,2080,0.000000,0.000000,0.000000,-2.000000,-1000.000000,-1000.000000,0.000000
2.0,1000,15,2081,1.605169,867.024995,1211.203131,-0.394831,-132.975005,211.203131,0.895370
2.0,1000,15,2082,6.077870,2049.628523,0.000263,4.077870,1049.628523,-999.999737,0.928808
2.0,1000,15,2083,2.432524,903.463269,1012.520125,0.432524,-96.536731,12.520125,0.927944
2.0,1000,15,2084,2.522777,731.191841,1024.183217,0.522777,-268.808159,24.183217,0.937353
2.0,1000,15,2085,1.265813,671.384628,1322.369819,-0.734187,-328.615372,322.369819,0.828191
2.0,1000,15,2086,1.587400,715.201471,1184.568532,-0.412600,-284.798529,184.568532,0.906526
2.0,1000,15,2087,1.346425,651.778168,1240.523550,-0.653575,-348.221832,240.523550,0.853551
2.0,1000,15,2088,1.195914,562.513597,1311.451954,-0.804086,-437.486403,311.451954,0.743024
2.0,1000,15,2089,0.000000,0.000000,0.000000,-2.000000,-1000.000000,-1000.000000,0.000000
2.0,1000,15,2090,1.730791,643.844421,1285.604861,-0.269209,-356.155579,285.604861,0.899450
2.0,1000,15,2091,1.984589,1160.768512,875.326011,-0.015411,160.768512,-124.673989,0.857799
2.0,1000,15,2092,1.136260,756.385665,1182.227874,-0.863740,-243.614335,182.227874,0.751249
2.0,1000,15,2093,0.000000,0.000000,0.000000,-2.000000,-1000.000000,-1000.000000,0.000000
2.0,1000,15,2094,2.826059,1268.984500,892.774212,0.826059,268.984500,-107.225788,0.907190
2.0,1000,15,2095,3.534926,1546.350807,583.344935,1.534926,546.350807,-416.655065,0.946913
2.0,1000,15,2096,1.197107,464.490728,1259.924970,-0.802893,-535.509272,259.924970,0.739172
2.0,1000,15,2097,1.375166,876.759073,1150.697310,-0.624834,-123.240927,150.697310,0.813720
2.0,1000,15,2098,1.560447,922.688023,1130.687409,-0.439553,-77.311977,130.687409,0.896705
2.0,1000,15,2099,1.571586,807.064401,1086.371155,-0.428414,-192.935599,86.371155,0.814333
2.0,1000,15,2100,0.000000,0.000000,0.000000,-2.000000,-1000.000000,-1000.000000,0.000000
2.0,1000,15,2101,2.345641,1100.839739,914.419695,0.345641,100.839739,-85.580305,0.838296
2.0,1000,15,2102,0.000000,0.000000,0.000000,-2.000000,-1000.000000,-1000.000000,0.000000
2.0,1000,15,2103,0.000000,0.000000,0.000000,-2.000000,-1000.000000,-1000.000000,0.000000
2.0,1000,15,2104,0.000000,0.000000,0.000000,-2.000000,-1000.000000,-1000.000000,0.000000
2.0,1000,15,2105,0.000000,0.000000,0.000000,-2.000000,-1000.000000,-1000.000000,0.000000
2.0,1000,15,2106,3.047129,1277.201934,887.903046,1.047129,277.201934,-112.096954,0.918505
2.0,1000,15,2107,2.500080,990.124314,930.167950,0.500080,-9.875686,-69.832050,0.893790
2.0,1000,15,2108,1.714453,947.992437,1050.023709,-0.285547,-52.007563,50.023709,0.892614
2.0,1000,15,2109,1.378926,902.316446,1039.142678,-0.621074,-97.683554,39.142678,0.849095
2.0,1000,15,2110,1.850321,929.462203,1119.426076,-0.149679,-70.537797,119.426076,0.907167
2.0,1000,15,2111,0.000000,0.000000,0.000000,-2.000000,-1000.000000,-1000.000000,0.000000
2.0,1000,15,2112,2.759529,1275.446491,681.231458,0.759529,275.446491,-318.768542,0.910141
2.0,1000,15,2113,0.000000,0.000000,0.000000,-2.000000,-1000.000000,-1000.000000,0.000000
2.0,1000,15,2114,2.206798,1143.891279,1083.424508,0.206798,143.891279,83.424508,0.925795
2.0,1000,15,2115,0.000000,0.000000,0.000000,-2.000000,-1000.000000,-1000.000000,0.000000
2.0,1000,15,2116,1.747155,694.188532,1019.232776,-0.252845,-305.811468,19.232776,0.882813
2.0,1000,15,2117,0.000000,0.000000,0.000000,-2.000000,-1000.000000,-1000.000000,0.000000
2.0,1000,15,2118,6.876995,1963.471397,0.000098,4.876995,963.471397,-999.999902,0.972593
2.0,1000,15,2119,0.000000,0.000000,0.000000,-2.000000,-1000.000000,-1000.000000,0.000000
2.0,1000,15,2120,4.879415,2173.671385,0.000082,2.879415,1173.671385,-999.999918,0.956379
2.0,1000,15,2121,1.843475,562.963925,1331.390777,-0.156525,-437.036075,331.390777,0.893344
2.0,1000,15,2122,2.214530,1007.632510,1058.367341,0.214530,7.632510,58.367341,0.907353
2.0,1000,15,2123,5.470791,1971.855868,0.000021,3.470791,971.855868,-999.999979,0.879267
2.0,1000,15,2124,2.426140,1349.742836,774.249449,0.426140,349.742836,-225.750551,0.931197
2.0,1000,15,2125,2.461241,1285.555168,880.825194,0.461241,285.555168,-119.174806,0.924752
2.0,1000,15,2126,0.000000,0.000000,0.000000,-2.000000,-1000.000000,-1000.000000,0.000000
2.0,1000,15,2127,1.715801,857.763058,1145.281039,-0.284199,-142.236942,145.281039,0.906576
2.0,1000,15,2128,2.387075,594.225253,1143.572855,0.387075,-405.774747,143.572855,0.925171
2.0,1000,15,2129,5.707509,2365.051713,0.000081,3.707509,1365.051713,-999.999919,0.946278
2.0,1000,15,2130,1.448454,825.208438,1288.120402,-0.551546,-174.791562,288.120402,0.859843
2.0,1000,15,2131,2.663255,1400.108418,887.782004,0.663255,400.108418,-112.217996,0.875132
2.0,1000,15,2132,6.535495,2195.667592,0.000000,4.535495,1195.667592,-1000.000000,0.907577
2.0,1000,15,2133,6.861343,1889.472135,0.000063,4.861343,889.472135,-999.999937,0.970452
2.0,1000,15,2134,2.146778,925.534515,1233.990137,0.146778,-74.465485,233.990137,0.904281
2.0,1000,15,2135,1.816915,883.282719,1036.189379,-0.183085,-116.717281,36.189379,0.917362
2.0,1000,15,2136,1.504701,722.899993,1080.318603,-0.495299,-277.100007,80.318603,0.861927
2.0,1000,15,2137,2.343908,995.153932,774.201352,0.343908,-4.846068,-225.798648,0.887139
2.0,1000,15,2138,1.360209,888.446145,1109.696984,-0.639791,-111.553855,109.696984,0.814179
2.0,1000,15,2139,2.298276,990.215105,969.380153,0.298276,-9.784895,-30.619847,0.944777
2.0,1000,15,2140,0.000000,0.000000,0.000000,-2.000000,-1000.000000,-1000.000000,0.000000
2.0,1000,15,2141,1.129921,730.745718,1191.354391,-0.870079,-269.254282,191.354391,0.692655
2.0,1000,15,2142,0.000000,0.000000,0.000000,-2.000000,-1000.000000,-1000.000000,0.000000
2.0,1000,15,2143,2.979364,1206.664290,720.653756,0.979364,206.664290,-279.346244,0.951857
2.0,1000,15,2144,1.362803,440.412669,1444.318762,-0.637197,-559.587331,444.318762,0.855547
2.0,1000,15,2145,0.000000,0.000000,0.000000,-2.000000,-1000.000000,-1000.000000,0.000000
2.0,1000,15,2146,5.405656,2080.214941,0.000000,3.405656,1080.214941,-1000.000000,0.914160
2.0,1000,15,2147,1.316280,779.555785,1137.924664,-0.683720,-220.444215,137.924664,0.798060
2.0,1000,15,2148,1.770218,966.003692,1243.101655,-0.229782,-33.996308,243.101655,0.859639
2.0,1000,15,2149,0.000000,0.000000,0.000000,-2.000000,-1000.000000,-1000.000000,0.000000
2.0,1000,15,2150,0.000000,0.000000,0.000000,-2.000000,-1000.000000,-1000.000000,0.000000
2.0,1000,15,2151,0.000000,0.000000,0.000000,-2.000000,-1000.000000,-1000.000000,0.000000
2.0,1000,15,2152,2.186306,1214.192104,865.274633,0.186306,214.192104,-134.725367,0.881367
2.0,1000,15,2153,1.764987,1098.441959,1045.331648,-0.235013,98.441959,45.331648,0.858243
2.0,1000,15,2154,0.000000,0.000000,0.000000,-2.000000,-1000.000000,-1000.000000,0.000000
2.0,1000,15,2155,2.086014,1369.445243,1081.496423,0.086014,369.445243,81.496423,0.921950
2.0,1000,15,2156,6.636752,1970.669367,0.000015,4.636752,970.669367,-999.999985,0.943836
2.0,1000,15,2157,7.935940,1971.378470,0.000000,5.935940,971.378470,-1000.000000,0.935118
2.0,1000,15,2158,2.151189,1037.651656,1041.232504,0.151189,37.651656,41.232504,0.917088
2.0,1000,15,2159,1.642239,941.585453,1121.195296,-0.357761,-58.414547,121.195296,0.890245
2.0,1000,15,2160,2.121258,954.127092,1065.371884,0.121258,-45.872908,65.371884,0.931566
2.0,1000,15,2161,1.724918,871.013318,1142.742658,-0.275082,-128.986682,142.742658,0.915107
2.0,1000,15,2162,1.383291,954.015937,1180.096628,-0.616709,-45.984063,180.096628,0.833385
2.0,1000,15,2163,1.657544,824.252371,1043.253616,-0.342456,-175.747629,43.253616,0.883137
2.0,1000,15,2164,0.000000,0.000000,0.000000,-2.000000,-1000.000000,-1000.000000,0.000000
2.0,1000,15,2165,0.000000,0.000000,0.000000,-2.000000,-1000.000000,-1000.000000,0.000000
2.0,1000,15,2166,1.996865,948.278923,1209.524848,-0.003135,-51.721077,209.524848,0.889305
2.0,1000,15,2167,0.000000,0.000000,0.000000,-2.000000,-1000.000000,-1000.000000,0.000000
2.0,1000,15,2168,1.139596,589.075935,1125.161182,-0.860404,-410.924065,125.161182,0.744688
2.0,1000,15,2169,1.772367,795.023690,1163.354453,-0.227633,-204.976310,163.354453,0.896560
2.0,1000,15,2170,1.911817,1020.028593,999.809562,-0.088183,20.028593,-0.190438,0.898941
2.0,1000,15,2171,3.034692,1085.305582,1028.349289,1.034692,85.305582,28.349289,0.914713
2.0,1000,15,2172,0.000000,0.000000,0.000000,-2.000000,-1000.000000,-1000.000000,0.000000
2.0,1000,15,2173,2.855309,1168.593059,775.390508,0.855309,168.593059,-224.609492,0.926369
2.0,1000,15,2174,5.551363,2032.222424,0.000059,3.551363,1032.222424,-999.999941,0.952525
2.0,1000,15,2175,1.236810,655.360666,1046.697942,-0.763190,-344.639334,46.697942,0.823404
2.0,1000,15,2176,1.742449,794.252809,1121.240400,-0.257551,-205.747191,121.240400,0.906622
2.0,1000,15,2177,1.289488,636.006868,1146.230011,-0.710512,-363.993132,146.230011,0.836491
2.0,1000,15,2178,5.416077,2175.757155,0.000055,3.416077,1175.757155,-999.999945,0.907326
2.0,1000,15,2179,4.197153,1946.574746,0.000050,2.197153,946.574746,-999.999950,0.892550
2.0,1000,15,2180,1.655645,656.179009,1305.105146,-0.344355,-343.820991,305.105146,0.867289
2.0,1000,15,2181,2.566803,1109.077414,925.956037,0.566803,109.077414,-74.043963,0.917980
2.0,1000,15,2182,0.000000,0.000000,0.000000,-2.000000,-1000.000000,-1000.000000,0.000000
2.0,1000,15,2183,0.000000,0.000000,0.000000,-2.000000,-1000.000000,-1000.000000,0.000000
2.0,1000,15,2184,0.000000,0.000000,0.000000,-2.000000,-1000.000000,-1000.000000,0.000000
2.0,1000,15,2185,0.000000,0.000000,0.000000,-2.000000,-1000.000000,-1000.000000,0.000000
2.0,1000,15,2186,0.000000,0.000000,0.000000,-2.000000,-1000.000000,-1000.000000,0.000000
2.0,1000,15,2187,2.190616,1323.875506,902.844443,0.190616,323.875506,-97.155557,0.917395
2.0,1000,15,2188,1.688026,869.083749,1139.278236,-0.311974,-130.916251,139.278236,0.915785
2.0,1000,15,2189,0.000000,0.000000,0.000000,-2.000000,-1000.000000,-1000.000000,0.000000
2.0,1000,15,2190,6.316443,1998.399388,0.000032,4.316443,998.399388,-999.999968,0.967319
2.0,1000,15,2191,1.621133,957.400491,1047.709725,-0.378867,-42.599509,47.709725,0.891460
2.0,1000,15,2192,3.262132,1247.710297,816.304814,1.262132,247.710297,-183.695186,0.934828
2.0,1000,15,2193,2.297528,862.714120,1032.150308,0.297528,-137.285880,32.150308,0.926599
2.0,1000,15,2194,1.428869,542.749228,1361.210645,-0.571131,-457.250772,361.210645,0.860444
2.0,1000,15,2195,1.673521,982.035059,1102.715236,-0.326479,-17.964941,102.715236,0.883183
2.0,1000,15,2196,1.451119,781.105961,1349.129179,-0.548881,-218.894039,349.129179,0.848464
2.0,1000,15,2197,1.952789,1065.813716,1043.157994,-0.047211,65.813716,43.157994,0.927901
2.0,1000,15,2198,1.192751,761.206311,1135.599548,-0.807249,-238.793689,135.599548,0.800047
2.0,1000,15,2199,0.000000,0.000000,0.000000,-2.000000,-1000.000000,-1000.000000,0.000000
2.0,1000,15,2200,1.510109,726.136422,1197.076760,-0.489891,-273.863578,197.076760,0.889088
2.0,1000,15,2201,2.192380,1115.980356,943.185888,0.192380,115.980356,-56.814112,0.898231
2.0,1000,15,2202,2.623691,1129.119440,815.363733,0.623691,129.119440,-184.636267,0.913773
2.0,1000,15,2203,1.733716,995.636807,1116.442038,-0.266284,-4.363193,116.442038,0.914324
2.0,1000,15,2204,1.243999,783.636958,1285.576775,-0.756001,-216.363042,285.576775,0.820195
2.0,1000,15,2205,0.000000,0.000000,0.000000,-2.000000,-1000.000000,-1000.000000,0.000000
2.0,1000,15,2206,1.835218,1023.744805,1035.927667,-0.164782,23.744805,35.927667,0.878394
2.0,1000,15,2207,2.247840,901.119050,916.621414,0.247840,-98.880950,-83.378586,0.922677
2.0,1000,15,2208,0.000000,0.000000,0.000000,-2.000000,-1000.000000,-1000.000000,0.000000
2.0,1000,15,2209,2.175524,902.981705,1117.056875,0.175524,-97.018295,117.056875,0.909798
2.0,1000,15,2210,0.000000,0.000000,0.000000,-2.000000,-1000.000000,-1000.000000,0.000000
2.0,1000,15,2211,2.045271,1152.726185,964.703004,0.045271,152.726185,-35.296996,0.914950
2.0,1000,15,2212,1.530446,863.734874,1010.423078,-0.469554,-136.265126,10.423078,0.902466
2.0,1000,15,2213,0.000000,0.000000,0.000000,-2.000000,-1000.000000,-1000.000000,0.000000
2.0,1000,15,2214,1.630145,712.408490,1122.675029,-0.369855,-287.591510,122.675029,0.854337
2.0,1000,15,2215,1.393597,766.502115,1247.813149,-0.606403,-233.497885,247.813149,0.872277
2.0,1000,15,2216,1.966034,1190.539471,926.202076,-0.033966,190.539471,-73.797924,0.886484
2.0,1000,15,2217,0.000000,0.000000,0.000000,-2.000000,-1000.000000,-1000.000000,0.000000
2.0,1000,15,2218,0.000000,0.000000,0.000000,-2.000000,-1000.000000,-1000.000000,0.000000
2.0,1000,15,2219,1.337281,765.111849,1168.566637,-0.662719,-234.888151,168.566637,0.836383
2.0,1000,15,2220,1.911536,667.381526,1117.331729,-0.088464,-332.618474,117.331729,0.882843
2.0,1000,15,2221,4.321982,1414.162497,595.596427,2.321982,414.162497,-404.403573,0.955898
2.0,1000,15,2222,2.561736,1053.196675,929.075902,0.561736,53.196675,-70.924098,0.924001
2.0,1000,15,2223,2.047921,839.763154,1115.075660,0.047921,-160.236846,115.075660,0.848719
2.0,1000,15,2224,1.322683,823.031842,1335.861366,-0.677317,-176.968158,335.861366,0.810756
2.0,1000,15,2225,1.567512,736.857100,1203.310613,-0.432488,-263.142900,203.310613,0.901570
2.0,1000,15,2226,0.000000,0.000000,0.000000,-2.000000,-1000.000000,-1000.000000,0.000000
2.0,1000,15,2227,0.000000,0.000000,0.000000,-2.000000,-1000.000000,-1000.000000,0.000000
2.0,1000,15,2228,0.000000,0.000000,0.000000,-2.000000,-1000.000000,-1000.000000,0.000000
2.0,1000,15,2229,5.944429,1811.281844,0.000078,3.944429,811.281844,-999.999922,0.960729
2.0,1000,15,2230,1.182434,663.430127,1376.916943,-0.817566,-336.569873,376.916943,0.777577
2.0,1000,15,2231,1.345975,634.832820,1450.581508,-0.654025,-365.167180,450.581508,0.818451
2.0,1000,15,2232,1.874138,964.319330,1290.962745,-0.125862,-35.680670,290.962745,0.897646
2.0,1000,15,2233,0.000000,0.000000,0.000000,-2.000000,-1000.000000,-1000.000000,0.000000
2.0,1000,15,2234,3.249899,1258.234594,935.027253,1.249899,258.234594,-64.972747,0.885179
2.0,1000,15,2235,1.904658,801.027172,1167.521980,-0.095342,-198.972828,167.521980,0.871519
2.0,1000,15,2236,2.006104,1073.319214,1127.981330,0.006104,73.319214,127.981330,0.903116
2.0,1000,15,2237,2.483715,749.271441,989.102065,0.483715,-250.728559,-10.897935,0.940787
2.0,1000,15,2238,1.343309,881.688481,1226.940323,-0.656691,-118.311519,226.940323,0.784142
2.0,1000,15,2239,1.765378,764.538445,1243.088288,-0.234622,-235.461555,243.088288,0.898842
2.0,1000,15,2240,1.706540,816.882699,1050.724540,-0.293460,-183.117301,50.724540,0.909431
2.0,1000,15,2241,6.904482,1958.725851,0.000084,4.904482,958.725851,-999.999916,0.965903
2.0,1000,15,2242,0.000000,0.000000,0.000000,-2.000000,-1000.000000,-1000.000000,0.000000
2.0,1000,15,2243,0.000000,0.000000,0.000000,-2.000000,-1000.000000,-1000.000000,0.000000
2.0,1000,15,2244,1.958143,721.472963,1163.189102,-0.041857,-278.527037,163.189102,0.913866
2.0,1000,15,2245,4.229479,1372.647928,554.735146,2.229479,372.647928,-445.264854,0.951707
2.0,1000,15,2246,4.675731,2161.783761,0.000018,2.675731,1161.783761,-999.999982,0.935406
2.0,1000,15,2247,2.232679,959.817705,1109.211946,0.232679,-40.182295,109.211946,0.914825
2.0,1000,15,2248,1.499910,773.176694,1086.301198,-0.500090,-226.823306,86.301198,0.842658
2.0,1000,15,2249,2.434855,914.937721,1259.624398,0.434855,-85.062279,259.624398,0.897199
2.0,1000,15,2250,0.000000,0.000000,0.000000,-2.000000,-1000.000000,-1000.000000,0.000000
2.0,1000,15,2251,0.000000,0.000000,0.000000,-2.000000,-1000.000000,-1000.000000,0.000000
2.0,1000,15,2252,0.000000,0.000000,0.000000,-2.000000,-1000.000000,-1000.000000,0.000000
2.0,1000,15,2253,1.944061,868.365950,1222.498146,-0.055939,-131.634050,222.498146,0.901988
2.0,1000,15,2254,4.455758,2206.214873,0.000089,2.455758,1206.214873,-999.999911,0.939333
2.0,1000,15,2255,1.289562,810.268300,1100.812882,-0.710438,-189.731700,100.812882,0.821262
2.0,1000,15,2256,2.140978,780.332491,1043.831562,0.140978,-219.667509,43.831562,0.931152
2.0,1000,15,2257,6.656829,1845.282010,0.000060,4.656829,845.282010,-999.999940,0.954364
2.0,1000,15,2258,2.202562,1014.463141,982.029821,0.202562,14.463141,-17.970179,0.872708
2.0,1000,15,2259,1.920364,782.207580,1159.740564,-0.079636,-217.792420,159.740564,0.919518
2.0,1000,15,2260,2.301686,952.373611,871.393634,0.301686,-47.626389,-128.606366,0.920815
2.0,1000,15,2261,7.668764,1897.407944,0.000000,5.668764,897.407944,-1000.000000,0.880250
2.0,1000,15,2262,7.088054,2022.029868,0.000029,5.088054,1022.029868,-999.999971,0.957400
2.0,1000,15,2263,1.332188,732.603172,1122.801822,-0.667812,-267.396828,122.801822,0.796646
2.0,1000,15,2264,2.138468,1083.467021,990.642078,0.138468,83.467021,-9.357922,0.881089
2.0,1000,15,2265,1.866225,830.836357,1043.928659,-0.133775,-169.163643,43.928659,0.902053
2.0,1000,15,2266,5.560843,2159.852110,0.000056,3.560843,1159.852110,-999.999944,0.892858
2.0,1000,15,2267,1.709114,1117.136908,1153.026004,-0.290886,117.136908,153.026004,0.911588
2.0,1000,15,2268,1.703058,1059.282668,1052.903535,-0.296942,59.282668,52.903535,0.838659
2.0,1000,15,2269,4.121339,1777.368786,299.406801,2.121339,777.368786,-700.593199,0.920804
2.0,1000,15,2270,3.472080,1292.897209,789.320539,1.472080,292.897209,-210.679461,0.949757
2.0,1000,15,2271,2.808799,682.693356,1135.546849,0.808799,-317.306644,135.546849,0.755584
2.0,1000,15,2272,1.942794,849.930479,1088.888194,-0.057206,-150.069521,88.888194,0.785741
2.0,1000,15,2273,1.111308,538.555952,1801.906527,-0.888692,-461.444048,801.906527,0.699379
2.0,1000,15,2274,2.043986,976.831872,1044.547652,0.043986,-23.168128,44.547652,0.878255
2.0,1000,15,2275,3.485752,1285.388840,722.896134,1.485752,285.388840,-277.103866,0.928020
2.0,1000,15,2276,3.901414,1271.106315,855.878555,1.901414,271.106315,-144.121445,0.787657
2.0,1000,15,2277,1.320474,801.899488,1188.797593,-0.679526,-198.100512,188.797593,0.854797
2.0,1000,15,2278,1.196436,717.539924,1115.660914,-0.803564,-282.460076,115.660914,0.783677
2.0,1000,15,2279,0.000000,0.000000,0.000000,-2.000000,-1000.000000,-1000.000000,0.000000
2.0,1000,15,2280,2.653736,1288.429602,865.585394,0.653736,288.429602,-134.414606,0.832743
2.0,1000,15,2281,0.000000,0.000000,0.000000,-2.000000,-1000.000000,-1000.000000,0.000000
2.0,1000,15,2282,0.000000,0.000000,0.000000,-2.000000,-1000.000000,-1000.000000,0.000000
2.0,1000,15,2283,2.059081,917.508405,1047.980578,0.059081,-82.491595,47.980578,0.866019
2.0,1000,15,2284,7.151851,1743.781590,0.000166,5.151851,743.781590,-999.999834,0.911388
2.0,1000,15,2285,5.478150,2229.098070,0.000000,3.478150,1229.098070,-1000.000000,0.825612
2.0,1000,15,2286,5.536539,2162.640828,0.000021,3.536539,1162.640828,-999.999979,0.931814
2.0,1000,15,2287,2.699944,1105.446818,863.808789,0.699944,105.446818,-136.191211,0.924995
2.0,1000,15,2288,0.000000,0.000000,0.000000,-2.000000,-1000.000000,-1000.000000,0.000000
2.0,1000,15,2289,2.903188,1415.344569,832.525060,0.903188,415.344569,-167.474940,0.930505
2.0,1000,15,2290,2.110273,904.817489,993.291030,0.110273,-95.182511,-6.708970,0.887596
2.0,1000,15,2291,2.357411,930.777842,1034.510441,0.357411,-69.222158,34.510441,0.910066
2.0,1000,15,2292,1.720030,833.454889,1099.564684,-0.279970,-166.545111,99.564684,0.851420
2.0,1000,15,2293,2.219581,1114.737493,875.707812,0.219581,114.737493,-124.292188,0.916457
2.0,1000,15,2294,2.264555,1471.894220,700.808000,0.264555,471.894220,-299.192000,0.891740
2.0,1000,15,2295,1.894505,990.239954,973.705757,-0.105495,-9.760046,-26.294243,0.844257
2.0,1000,15,2296,2.107532,554.313014,1095.319684,0.107532,-445.686986,95.319684,0.916982
2.0,1000,15,2297,1.607531,853.797619,1463.062921,-0.392469,-146.202381,463.062921,0.852803
2.0,1000,15,2298,1.542532,580.406324,1447.674937,-0.457468,-419.593676,447.674937,0.892880
2.0,1000,15,2299,1.914610,920.779358,986.492459,-0.085390,-79.220642,-13.507541,0.888032
2.0,1000,15,2300,1.542307,712.641989,1237.321676,-0.457693,-287.358011,237.321676,0.842492
2.0,1000,15,2301,1.929907,1072.365233,1093.822126,-0.070093,72.365233,93.822126,0.899574
2.0,1000,15,2302,0.000000,0.000000,0.000000,-2.000000,-1000.000000,-1000.000000,0.000000
2.0,1000,15,2303,2.065265,794.698551,1114.140606,0.065265,-205.301449,114.140606,0.909527
2.0,1000,15,2304,1.576080,513.315242,1358.672130,-0.423920,-486.684758,358.672130,0.890632
2.0,1000,15,2305,0.000000,0.000000,0.000000,-2.000000,-1000.000000,-1000.000000,0.000000
2.0,1000,15,2306,4.679837,2004.965954,0.000034,2.679837,1004.965954,-999.999966,0.923672
2.0,1000,15,2307,1.910475,1203.143231,910.416913,-0.089525,203.143231,-89.583087,0.881784
2.0,1000,15,2308,3.054962,1430.076095,696.755663,1.054962,430.076095,-303.244337,0.927329
2.0,1000,15,2309,1.319104,530.665371,1130.463940,-0.680896,-469.334629,130.463940,0.856094
2.0,1000,15,2310,2.125240,609.145319,1249.061093,0.125240,-390.854681,249.061093,0.922786
2.0,1000,15,2311,0.000000,0.000000,0.000000,-2.000000,-1000.000000,-1000.000000,0.000000
2.0,1000,15,2312,5.014493,2218.944602,0.000202,3.014493,1218.944602,-999.999798,0.884155
2.0,1000,15,2313,1.359464,618.708141,1272.975469,-0.640536,-381.291859,272.975469,0.793843
2.0,1000,15,2314,1.447891,724.550686,1196.792803,-0.552109,-275.449314,196.792803,0.855767
2.0,1000,15,2315,0.000000,0.000000,0.000000,-2.000000,-1000.000000,-1000.000000,0.000000
2.0,1000,15,2316,0.000000,0.000000,0.000000,-2.000000,-1000.000000,-1000.000000,0.000000
2.0,1000,15,2317,1.904755,936.804103,1059.817679,-0.095245,-63.195897,59.817679,0.732205
2.0,1000,15,2318,1.251914,982.173480,1133.773735,-0.748086,-17.826520,133.773735,0.733523
2.0,1000,15,2319,1.916552,998.499254,902.728391,-0.083448,-1.500746,-97.271609,0.879370
2.0,1000,15,2320,1.572723,600.382689,1267.783246,-0.427277,-399.617311,267.783246,0.901047
2.0,1000,15,2321,1.310375,659.813702,1286.718943,-0.689625,-340.186298,286.718943,0.846831
2.0,1000,15,2322,1.409842,681.793519,1161.711540,-0.590158,-318.206481,161.711540,0.825726
2.0,1000,15,2323,1.845169,780.025338,1091.549333,-0.154831,-219.974662,91.549333,0.917540
2.0,1000,15,2324,0.000000,0.000000,0.000000,-2.000000,-1000.000000,-1000.000000,0.000000
2.0,1000,15,2325,1.651294,876.026064,1170.357382,-0.348706,-123.973936,170.357382,0.904555
2.0,1000,15,2326,0.000000,0.000000,0.000000,-2.000000,-1000.000000,-1000.000000,0.000000
2.0,1000,15,2327,0.000000,0.000000,0.000000,-2.000000,-1000.000000,-1000.000000,0.000000
2.0,1000,15,2328,1.091159,435.417874,1279.231997,-0.908841,-564.582126,279.231997,0.667415
2.0,1000,15,2329,1.764611,980.996308,1073.712726,-0.235389,-19.003692,73.712726,0.914037
2.0,1000,15,2330,1.328828,744.377046,1211.287379,-0.671172,-255.622954,211.287379,0.830561
2.0,1000,15,2331,0.000000,0.000000,0.000000,-2.000000,-1000.000000,-1000.000000,0.000000
2.0,1000,15,2332,5.203245,1782.006384,0.000067,3.203245,782.006384,-999.999933,0.895693
2.0,1000,15,2333,1.769497,838.579293,1106.035414,-0.230503,-161.420707,106.035414,0.866402
2.0,1000,15,2334,1.799718,944.395888,1065.383884,-0.200282,-55.604112,65.383884,0.872059
2.0,1000,15,2335,1.975749,976.084390,1115.708562,-0.024251,-23.915610,115.708562,0.899741
2.0,1000,15,2336,8.377688,2114.453196,0.000101,6.377688,1114.453196,-999.999899,0.975544
2.0,1000,15,2337,1.921872,811.979613,1223.754813,-0.078128,-188.020387,223.754813,0.800674
2.0,1000,15,2338,1.690943,985.904175,1027.189393,-0.309057,-14.095825,27.189393,0.891086
2.0,1000,15,2339,1.727788,865.325192,1046.056195,-0.272212,-134.674808,46.056195,0.908845
2.0,1000,15,2340,2.090405,901.359209,1034.415352,0.090405,-98.640791,34.415352,0.907743
2.0,1000,15,2341,5.060577,2407.460911,0.000117,3.060577,1407.460911,-999.999883,0.912989
2.0,1000,15,2342,0.000000,0.000000,0.000000,-2.000000,-1000.000000,-1000.000000,0.000000
2.0,1000,15,2343,2.218268,1079.688069,879.283088,0.218268,79.688069,-120.716912,0.877570
2.0,1000,15,2344,5.137087,2156.650778,0.000000,3.137087,1156.650778,-1000.000000,0.878390
2.0,1000,15,2345,0.000000,0.000000,0.000000,-2.000000,-1000.000000,-1000.000000,0.000000
2.0,1000,15,2346,0.000000,0.000000,0.000000,-2.000000,-1000.000000,-1000.000000,0.000000
2.0,1000,15,2347,5.433442,2030.986497,0.000055,3.433442,1030.986497,-999.999945,0.955727
2.0,1000,15,2348,0.000000,0.000000,0.000000,-2.000000,-1000.000000,-1000.000000,0.000000
2.0,1000,15,2349,3.249909,1285.997483,766.833824,1.249909,285.997483,-233.166176,0.935034
2.0,1000,15,2350,0.000000,0.000000,0.000000,-2.000000,-1000.000000,-1000.000000,0.000000
2.0,1000,15,2351,1.654656,742.923311,1056.065390,-0.345344,-257.076689,56.065390,0.878592
2.0,1000,15,2352,1.587790,902.232995,1135.627722,-0.412210,-97.767005,135.627722,0.904763
2.0,1000,15,2353,2.358067,1131.150432,929.437098,0.358067,131.150432,-70.562902,0.921656
2.0,1000,15,2354,2.300754,1110.930083,930.931394,0.300754,110.930083,-69.068606,0.935266
2.0,1000,15,2355,1.356446,544.527412,1442.719770,-0.643554,-455.472588,442.719770,0.858811
2.0,1000,15,2356,2.561396,1303.035624,1135.033676,0.561396,303.035624,135.033676,0.941434
2.0,1000,15,2357,0.000000,0.000000,0.000000,-2.000000,-1000.000000,-1000.000000,0.000000
2.0,1000,15,2358,5.910675,2156.867835,0.000043,3.910675,1156.867835,-999.999957,0.889521
2.0,1000,15,2359,1.381229,682.602823,1278.020106,-0.618771,-317.397177,278.020106,0.846363
2.0,1000,15,2360,2.186687,934.838038,1060.957941,0.186687,-65.161962,60.957941,0.874933
2.0,1000,15,2361,1.070718,602.742218,1343.970661,-0.929282,-397.257782,343.970661,0.604617
2.0,1000,15,2362,1.306875,556.341189,1574.231119,-0.693125,-443.658811,574.231119,0.812275
2.0,1000,15,2363,5.632564,1940.155022,0.000136,3.632564,940.155022,-999.999864,0.920321
2.0,1000,15,2364,3.376965,1805.462427,546.227125,1.376965,805.462427,-453.772875,0.944935
2.0,1000,15,2365,1.770863,859.397724,1156.415479,-0.229137,-140.602276,156.415479,0.878414
2.0,1000,15,2366,1.440001,809.284772,1362.250088,-0.559999,-190.715228,362.250088,0.823871
2.0,1000,15,2367,0.000000,0.000000,0.000000,-2.000000,-1000.000000,-1000.000000,0.000000
2.0,1000,15,2368,1.680982,863.971276,1192.854511,-0.319018,-136.028724,192.854511,0.830565
2.0,1000,15,2369,5.709894,2107.489013,0.000055,3.709894,1107.489013,-999.999945,0.966835
2.0,1000,15,2370,1.596389,724.603750,1012.345060,-0.403611,-275.396250,12.345060,0.878834
2.0,1000,15,2371,1.299968,907.766349,1109.102528,-0.700032,-92.233651,109.102528,0.827386
2.0,1000,15,2372,0.000000,0.000000,0.000000,-2.000000,-1000.000000,-1000.000000,0.000000
2.0,1000,15,2373,2.224689,851.442427,1134.849899,0.224689,-148.557573,134.849899,0.901457
2.0,1000,15,2374,1.459331,671.383769,1053.618498,-0.540669,-328.616231,53.618498,0.837812
2.0,1000,15,2375,2.824797,1321.063668,713.381712,0.824797,321.063668,-286.618288,0.922940
2.0,1000,15,2376,2.197906,854.312783,1150.594569,0.197906,-145.687217,150.594569,0.895907
2.0,1000,15,2377,7.528970,2136.817333,0.000192,5.528970,1136.817333,-999.999808,0.909857
2.0,1000,15,2378,0.000000,0.000000,0.000000,-2.000000,-1000.000000,-1000.000000,0.000000
2.0,1000,15,2379,1.358121,689.829296,1241.127523,-0.641879,-310.170704,241.127523,0.828590
2.0,1000,15,2380,1.380293,839.162399,1008.836504,-0.619707,-160.837601,8.836504,0.846056
2.0,1000,15,2381,1.515228,790.660407,1228.607806,-0.484772,-209.339593,228.607806,0.868354
2.0,1000,15,2382,2.029069,1000.584231,960.419197,0.029069,0.584231,-39.580803,0.907745
2.0,1000,15,2383,2.145803,996.738436,1042.558459,0.145803,-3.261564,42.558459,0.920287
2.0,1000,15,2384,1.517976,1010.866102,1045.831806,-0.482024,10.866102,45.831806,0.888710
2.0,1000,15,2385,0.000000,0.000000,0.000000,-2.000000,-1000.000000,-1000.000000,0.000000
2.0,1000,15,2386,1.434530,948.685793,1076.119703,-0.565470,-51.314207,76.119703,0.876654
2.0,1000,15,2387,1.723113,1097.191322,1040.535166,-0.276887,97.191322,40.535166,0.901820
2.0,1000,15,2388,1.796011,824.690929,1202.247710,-0.203989,-175.309071,202.247710,0.823618
2.0,1000,15,2389,1.664864,712.039624,1258.535846,-0.335136,-287.960376,258.535846,0.882589
2.0,1000,15,2390,1.268919,577.000966,1374.095379,-0.731081,-422.999034,374.095379,0.834609
2.0,1000,15,2391,4.105152,1328.109434,563.667355,2.105152,328.109434,-436.332645,0.928093
2.0,1000,15,2392,1.291590,547.630254,1170.355334,-0.708410,-452.369746,170.355334,0.856669
2.0,1000,15,2393,1.877277,589.741164,1260.820013,-0.122723,-410.258836,260.820013,0.889576
2.0,1000,15,2394,4.234881,1936.320895,342.703240,2.234881,936.320895,-657.296760,0.926932
2.0,1000,15,2395,1.753972,1024.519323,1192.936492,-0.246028,24.519323,192.936492,0.914841
2.0,1000,15,2396,1.734133,740.467112,1153.968203,-0.265867,-259.532888,153.968203,0.903128
2.0,1000,15,2397,1.180405,695.486885,1067.511530,-0.819595,-304.513115,67.511530,0.746150
2.0,1000,15,2398,0.000000,0.000000,0.000000,-2.000000,-1000.000000,-1000.000000,0.000000
2.0,1000,15,2399,0.000000,0.000000,0.000000,-2.000000,-1000.000000,-1000.000000,0.000000
2.0,1000,15,2400,1.191267,590.671275,1212.687905,-0.808733,-409.328725,212.687905,0.787957
2.0,1000,15,2401,0.000000,0.000000,0.000000,-2.000000,-1000.000000,-1000.000000,0.000000
2.0,1000,15,2402,2.025300,1299.549402,1123.375111,0.025300,299.549402,123.375111,0.898406
2.0,1000,15,2403,1.493291,652.663860,1314.345093,-0.506709,-347.336140,314.345093,0.881347
2.0,1000,15,2404,1.109050,557.761188,1306.562602,-0.890950,-442.238812,306.562602,0.720772
2.0,1000,15,2405,2.969607,965.185393,882.834590,0.969607,-34.814607,-117.165410,0.922457
2.0,1000,15,2406,1.904598,918.004703,982.629667,-0.095402,-81.995297,-17.370333,0.897939
2.0,1000,15,2407,2.464345,1013.643362,1022.569885,0.464345,13.643362,22.569885,0.923029
2.0,1000,15,2408,1.387061,555.759706,1273.004901,-0.612939,-444.240294,273.004901,0.865364
2.0,1000,15,2409,5.020633,2031.032406,0.000022,3.020633,1031.032406,-999.999978,0.955146
2.0,1000,15,2410,0.000000,0.000000,0.000000,-2.000000,-1000.000000,-1000.000000,0.000000
2.0,1000,15,2411,1.497366,711.419093,1335.642393,-0.502634,-288.580907,335.642393,0.882070
2.0,1000,15,2412,1.725044,538.641417,1187.474120,-0.274956,-461.358583,187.474120,0.890287
2.0,1000,15,2413,1.381588,736.782531,1106.183330,-0.618412,-263.217469,106.183330,0.826592
2.0,1000,15,2414,1.535560,884.866991,1124.484181,-0.464440,-115.133009,124.484181,0.852296
2.0,1000,15,2415,4.613956,2078.611342,0.000022,2.613956,1078.611342,-999.999978,0.873599
2.0,1000,15,2416,1.791292,878.703138,1288.601854,-0.208708,-121.296862,288.601854,0.905911
2.0,1000,15,2417,1.414978,746.757208,1173.825949,-0.585022,-253.242792,173.825949,0.880532
2.0,1000,15,2418,1.929433,958.819024,1169.219010,-0.070567,-41.180976,169.219010,0.899891
2.0,1000,15,2419,1.770217,938.702207,991.113175,-0.229783,-61.297793,-8.886825,0.883471
2.0,1000,15,2420,6.305708,2056.223500,0.000029,4.305708,1056.223500,-999.999971,0.945064
2.0,1000,15,2421,5.098904,1962.253420,0.000170,3.098904,962.253420,-999.999830,0.940106
2.0,1000,15,2422,2.357953,891.482132,1013.673289,0.357953,-108.517868,13.673289,0.935065
2.0,1000,15,2423,1.454075,1120.532311,1170.987654,-0.545925,120.532311,170.987654,0.876319
2.0,1000,15,2424,0.000000,0.000000,0.000000,-2.000000,-1000.000000,-1000.000000,0.000000
2.0,1000,15,2425,1.496852,674.279123,1356.008139,-0.503148,-325.720877,356.008139,0.894610
2.0,1000,15,2426,1.146987,531.703932,1445.641662,-0.853013,-468.296068,445.641662,0.709885
2.0,1000,15,2427,4.670227,2183.336672,0.000000,2.670227,1183.336672,-1000.000000,0.924195
2.0,1000,15,2428,0.000000,0.000000,0.000000,-2.000000,-1000.000000,-1000.000000,0.000000
2.0,1000,15,2429,2.246648,1068.893360,1090.101636,0.246648,68.893360,90.101636,0.933889
2.0,1000,15,2430,1.791496,760.163837,1127.185080,-0.208504,-239.836163,127.185080,0.879021
2.0,1000,15,2431,1.404524,805.766848,1193.530777,-0.595476,-194.233152,193.530777,0.833974
2.0,1000,15,2432,2.170125,758.846182,1297.807946,0.170125,-241.153818,297.807946,0.931413
2.0,1000,15,2433,0.000000,0.000000,0.000000,-2.000000,-1000.000000,-1000.000000,0.000000
2.0,1000,15,2434,6.574948,1964.326628,0.000000,4.574948,964.326628,-1000.000000,0.835937
2.0,1000,15,2435,1.373464,780.413813,1107.773158,-0.626536,-219.586187,107.773158,0.771849
2.0,1000,15,2436,1.854859,1146.091579,943.392769,-0.145141,146.091579,-56.607231,0.832691
2.0,1000,15,2437,2.468262,1047.285296,920.312626,0.468262,47.285296,-79.687374,0.941615
2.0,1000,15,2438,2.238891,1454.726629,946.437199,0.238891,454.726629,-53.562801,0.882157
2.0,1000,15,2439,1.156403,616.567636,1254.098404,-0.843597,-383.432364,254.098404,0.759217
2.0,1000,15,2440,1.139427,476.634705,1310.703447,-0.860573,-523.365295,310.703447,0.751064
2.0,1000,15,2441,1.630340,972.662331,1023.166210,-0.369660,-27.337669,23.166210,0.868688
2.0,1000,15,2442,0.000000,0.000000,0.000000,-2.000000,-1000.000000,-1000.000000,0.000000
2.0,1000,15,2443,3.099432,1001.752170,992.143587,1.099432,1.752170,-7.856413,0.945839
2.0,1000,15,2444,0.000000,0.000000,0.000000,-2.000000,-1000.000000,-1000.000000,0.000000
2.0,1000,15,2445,1.511214,827.271230,1109.493926,-0.488786,-172.728770,109.493926,0.861553
2.0,1000,15,2446,2.221594,919.536301,966.323282,0.221594,-80.463699,-33.676718,0.929807
2.0,1000,15,2447,1.448505,571.923836,1317.815888,-0.551495,-428.076164,317.815888,0.864478
2.0,1000,15,2448,0.000000,0.000000,0.000000,-2.000000,-1000.000000,-1000.000000,0.000000
2.0,1000,15,2449,1.457224,660.185282,1119.035201,-0.542776,-339.814718,119.035201,0.869667
2.0,1000,15,2450,2.018809,1171.540635,925.733626,0.018809,171.540635,-74.266374,0.893113
2.0,1000,15,2451,7.991749,2054.049171,0.000000,5.991749,1054.049171,-1000.000000,0.842352
2.0,1000,15,2452,1.770380,811.934540,1062.166572,-0.229620,-188.065460,62.166572,0.905344
2.0,1000,15,2453,0.000000,0.000000,0.000000,-2.000000,-1000.000000,-1000.000000,0.000000
2.0,1000,15,2454,2.106830,873.491598,967.395682,0.106830,-126.508402,-32.604318,0.914472
2.0,1000,15,2455,1.913232,953.535380,1244.714752,-0.086768,-46.464620,244.714752,0.895894
2.0,1000,15,2456,1.890357,1005.189370,950.323491,-0.109643,5.189370,-49.676509,0.905643
2.0,1000,15,2457,1.186461,781.394444,1218.401552,-0.813539,-218.605556,218.401552,0.744667
2.0,1000,15,2458,2.447435,1134.699141,910.168565,0.447435,134.699141,-89.831435,0.912737
2.0,1000,15,2459,2.212050,1134.021468,930.325915,0.212050,134.021468,-69.674085,0.895418
2.0,1000,15,2460,10.830671,2185.791837,0.000000,8.830671,1185.791837,-1000.000000,0.931759
2.0,1000,15,2461,1.878888,1147.078809,1004.203666,-0.121112,147.078809,4.203666,0.909039
2.0,1000,15,2462,0.000000,0.000000,0.000000,-2.000000,-1000.000000,-1000.000000,0.000000
2.0,1000,15,2463,0.000000,0.000000,0.000000,-2.000000,-1000.000000,-1000.000000,0.000000
2.0,1000,15,2464,1.482918,545.257216,1153.401074,-0.517082,-454.742784,153.401074,0.878655
2.0,1000,15,2465,0.000000,0.000000,0.000000,-2.000000,-1000.000000,-1000.000000,0.000000
2.0,1000,15,2466,0.000000,0.000000,0.000000,-2.000000,-1000.000000,-1000.000000,0.000000
2.0,1000,15,2467,0.000000,0.000000,0.000000,-2.000000,-1000.000000,-1000.000000,0.000000
2.0,1000,15,2468,2.858564,1229.755583,861.931030,0.858564,229.755583,-138.068970,0.938615
2.0,1000,15,2469,1.714571,711.724298,1064.119891,-0.285429,-288.275702,64.119891,0.893545
2.0,1000,15,2470,2.186619,1236.362364,923.264412,0.186619,236.362364,-76.735588,0.935257
2.0,1000,15,2471,2.406381,1105.751694,988.799061,0.406381,105.751694,-11.200939,0.810109
2.0,1000,15,2472,6.725633,1918.683365,0.000079,4.725633,918.683365,-999.999921,0.947075
2.0,1000,15,2473,1.246527,564.191086,1375.027865,-0.753473,-435.808914,375.027865,0.759635
2.0,1000,15,2474,1.601228,785.394904,1186.167697,-0.398772,-214.605096,186.167697,0.889128
2.0,1000,15,2475,1.934657,928.272849,1092.487236,-0.065343,-71.727151,92.487236,0.910227
2.0,1000,15,2476,0.000000,0.000000,0.000000,-2.000000,-1000.000000,-1000.000000,0.000000
2.0,1000,15,2477,9.133569,1868.573496,0.000000,7.133569,868.573496,-1000.000000,0.920914
2.0,1000,15,2478,1.472136,935.576228,1057.708645,-0.527864,-64.423772,57.708645,0.748573
2.0,1000,15,2479,3.097568,1366.170016,761.250349,1.097568,366.170016,-238.749651,0.952337
2.0,1000,15,2480,1.755995,1032.579534,1161.444641,-0.244005,32.579534,161.444641,0.911649
2.0,1000,15,2481,1.898230,967.089467,1019.118391,-0.101770,-32.910533,19.118391,0.868014
2.0,1000,15,2482,3.413601,1204.981251,698.781236,1.413601,204.981251,-301.218764,0.948774
2.0,1000,15,2483,5.624132,2100.149308,0.000054,3.624132,1100.149308,-999.999946,0.959747
2.0,1000,15,2484,1.580901,806.483453,1209.827603,-0.419099,-193.516547,209.827603,0.885141
2.0,1000,15,2485,1.554861,757.284182,1000.800074,-0.445139,-242.715818,0.800074,0.904122
2.0,1000,15,2486,1.818324,843.219490,1287.843909,-0.181676,-156.780510,287.843909,0.897912
2.0,1000,15,2487,1.899939,896.743710,1033.132209,-0.100061,-103.256290,33.132209,0.912185
2.0,1000,15,2488,5.514023,1994.977829,0.000041,3.514023,994.977829,-999.999959,0.943677
2.0,1000,15,2489,1.099434,575.816250,1248.957752,-0.900566,-424.183750,248.957752,0.683384
2.0,1000,15,2490,0.000000,0.000000,0.000000,-2.000000,-1000.000000,-1000.000000,0.000000
2.0,1000,15,2491,1.361445,656.984398,1091.838567,-0.638555,-343.015602,91.838567,0.858919
2.0,1000,15,2492,0.000000,0.000000,0.000000,-2.000000,-1000.000000,-1000.000000,0.000000
2.0,1000,15,2493,1.697358,834.090448,1236.901367,-0.302642,-165.909552,236.901367,0.906300
2.0,1000,15,2494,1.392596,501.378156,1272.670864,-0.607404,-498.621844,272.670864,0.846826
2.0,1000,15,2495,2.085694,882.932854,900.547108,0.085694,-117.067146,-99.452892,0.900441
2.0,1000,15,2496,1.554408,435.237880,1533.351523,-0.445592,-564.762120,533.351523,0.861453
2.0,1000,15,2497,1.512075,781.037935,1015.873201,-0.487925,-218.962065,15.873201,0.893081
2.0,1000,15,2498,6.458608,1968.320370,0.000096,4.458608,968.320370,-999.999904,0.895936
2.0,1000,15,2499,0.000000,0.000000,0.000000,-2.000000,-1000.000000,-1000.000000,0.000000
2.0,1000,15,2500,1.513160,633.031553,1373.081349,-0.486840,-366.968447,373.081349,0.861159
2.0,1000,15,2501,1.515203,643.211298,1115.650257,-0.484797,-356.788702,115.650257,0.891943
2.0,1000,15,2502,1.152739,786.280081,1311.288207,-0.847261,-213.719919,311.288207,0.719881
2.0,1000,15,2503,4.542835,2307.345084,0.000172,2.542835,1307.345084,-999.999828,0.891684
2.0,1000,15,2504,0.000000,0.000000,0.000000,-2.000000,-1000.000000,-1000.000000,0.000000
2.0,1000,15,2505,1.889824,955.936235,1074.605168,-0.110176,-44.063765,74.605168,0.893309
2.0,1000,15,2506,2.012744,961.661311,1044.386786,0.012744,-38.338689,44.386786,0.890541
2.0,1000,15,2507,1.468155,628.664459,1160.336161,-0.531845,-371.335541,160.336161,0.819704
2.0,1000,15,2508,5.240744,2221.912550,0.000000,3.240744,1221.912550,-1000.000000,0.782724
2.0,1000,15,2509,2.155785,878.072914,1210.009157,0.155785,-121.927086,210.009157,0.929718
2.0,1000,15,2510,2.198288,739.036437,1008.839382,0.198288,-260.963563,8.839382,0.905871
2.0,1000,15,2511,1.408215,865.330389,1093.092037,-0.591785,-134.669611,93.092037,0.872370
2.0,1000,15,2512,5.330695,2249.795755,0.000076,3.330695,1249.795755,-999.999924,0.968593
2.0,1000,15,2513,0.000000,0.000000,0.000000,-2.000000,-1000.000000,-1000.000000,0.000000
2.0,1000,15,2514,0.000000,0.000000,0.000000,-2.000000,-1000.000000,-1000.000000,0.000000
2.0,1000,15,2515,2.257631,1046.659948,863.822164,0.257631,46.659948,-136.177836,0.891596
2.0,1000,15,2516,1.253471,883.131501,1097.023263,-0.746529,-116.868499,97.023263,0.750253
2.0,1000,15,2517,1.289333,854.033749,1080.101921,-0.710667,-145.966251,80.101921,0.790297
2.0,1000,15,2518,1.116636,620.439582,1274.584428,-0.883364,-379.560418,274.584428,0.716489
2.0,1000,15,2519,9.327113,1760.091299,0.000000,7.327113,760.091299,-1000.000000,0.839837
2.0,1000,15,2520,3.258849,1313.758958,777.822373,1.258849,313.758958,-222.177627,0.818009
2.0,1000,15,2521,1.396039,559.611131,1351.648930,-0.603961,-440.388869,351.648930,0.851625
2.0,1000,15,2522,2.296223,1120.520042,1024.285353,0.296223,120.520042,24.285353,0.929484
2.0,1000,15,2523,1.465942,766.208902,1112.477458,-0.534058,-233.791098,112.477458,0.844991
2.0,1000,15,2524,0.000000,0.000000,0.000000,-2.000000,-1000.000000,-1000.000000,0.000000
2.0,1000,15,2525,0.000000,0.000000,0.000000,-2.000000,-1000.000000,-1000.000000,0.000000
2.0,1000,15,2526,1.177885,526.015325,1124.276630,-0.822115,-473.984675,124.276630,0.781490
2.0,1000,15,2527,1.382309,703.625734,1255.736246,-0.617691,-296.374266,255.736246,0.828871
2.0,1000,15,2528,1.276242,616.268056,1460.905490,-0.723758,-383.731944,460.905490,0.817842
2.0,1000,15,2529,1.702448,766.060914,1252.166558,-0.297552,-233.939086,252.166558,0.901664
2.0,1000,15,2530,1.220103,449.844406,1317.861360,-0.779897,-550.155594,317.861360,0.789790
2.0,1000,15,2531,5.659640,1827.747263,0.000058,3.659640,827.747263,-999.999942,0.932333
2.0,1000,15,2532,0.000000,0.000000,0.000000,-2.000000,-1000.000000,-1000.000000,0.000000
2.0,1000,15,2533,1.106236,789.340441,1162.316517,-0.893764,-210.659559,162.316517,0.706755
2.0,1000,15,2534,1.469684,882.132405,1126.147365,-0.530316,-117.867595,126.147365,0.870916
2.0,1000,15,2535,6.266593,2352.108607,0.000000,4.266593,1352.108607,-1000.000000,0.895759
2.0,1000,15,2536,0.000000,0.000000,0.000000,-2.000000,-1000.000000,-1000.000000,0.000000
2.0,1000,15,2537,0.000000,0.000000,0.000000,-2.000000,-1000.000000,-1000.000000,0.000000
2.0,1000,15,2538,0.000000,0.000000,0.000000,-2.000000,-1000.000000,-1000.000000,0.000000
2.0,1000,15,2539,1.742282,763.914665,1162.114516,-0.257718,-236.085335,162.114516,0.898478
2.0,1000,15,2540,2.238480,928.995189,1177.143964,0.238480,-71.004811,177.143964,0.909701
2.0,1000,15,2541,1.752209,820.235920,1093.026740,-0.247791,-179.764080,93.026740,0.850481
2.0,1000,15,2542,6.670423,1866.364042,0.000090,4.670423,866.364042,-999.999910,0.939614
2.0,1000,15,2543,1.511543,741.043812,1079.531042,-0.488457,-258.956188,79.531042,0.851969
2.0,1000,15,2544,0.000000,0.000000,0.000000,-2.000000,-1000.000000,-1000.000000,0.000000
2.0,1000,15,2545,0.000000,0.000000,0.000000,-2.000000,-1000.000000,-1000.000000,0.000000
2.0,1000,15,2546,0.000000,0.000000,0.000000,-2.000000,-1000.000000,-1000.000000,0.000000
2.0,1000,15,2547,1.472258,948.231392,1211.897454,-0.527742,-51.768608,211.897454,0.850489
2.0,1000,15,2548,2.297784,1212.423951,854.270105,0.297784,212.423951,-145.729895,0.908189
2.0,1000,15,2549,0.000000,0.000000,0.000000,-2.000000,-1000.000000,-1000.000000,0.000000
2.0,1000,15,2550,0.000000,0.000000,0.000000,-2.000000,-1000.000000,-1000.000000,0.000000
2.0,1000,15,2551,1.674209,904.863088,1033.838274,-0.325791,-95.136912,33.838274,0.906379
2.0,1000,15,2552,1.814010,911.359937,960.342524,-0.185990,-88.640063,-39.657476,0.873315
2.0,1000,15,2553,1.612152,834.442291,1086.945132,-0.387848,-165.557709,86.945132,0.855448
2.0,1000,15,2554,1.504795,900.753725,1034.890335,-0.495205,-99.246275,34.890335,0.872825
2.0,1000,15,2555,2.403637,988.199439,1001.361529,0.403637,-11.800561,1.361529,0.914121
2.0,1000,15,2556,2.587422,1320.271850,916.514453,0.587422,320.271850,-83.485547,0.891195
2.0,1000,15,2557,1.669237,652.891879,1155.611247,-0.330763,-347.108121,155.611247,0.867599
2.0,1000,15,2558,3.011523,1106.969087,816.166762,1.011523,106.969087,-183.833238,0.816349
2.0,1000,15,2559,1.867579,930.918018,1100.043952,-0.132421,-69.081982,100.043952,0.928647
2.0,1000,15,2560,6.975155,2079.961448,0.000104,4.975155,1079.961448,-999.999896,0.933268
2.0,1000,15,2561,1.344213,629.877249,1302.111090,-0.655787,-370.122751,302.111090,0.858743
2.0,1000,15,2562,2.280496,1460.005672,770.421468,0.280496,460.005672,-229.578532,0.924497
2.0,1000,15,2563,1.932147,639.748482,1391.891206,-0.067853,-360.251518,391.891206,0.873640
2.0,1000,15,2564,3.059082,1079.153699,1037.641793,1.059082,79.153699,37.641793,0.937360
2.0,1000,15,2565,1.647362,713.422889,1188.907519,-0.352638,-286.577111,188.907519,0.890640
2.0,1000,15,2566,1.157105,754.557203,1231.347324,-0.842895,-245.442797,231.347324,0.746647
2.0,1000,15,2567,6.768674,2046.835185,0.000010,4.768674,1046.835185,-999.999990,0.928840
2.0,1000,15,2568,0.000000,0.000000,0.000000,-2.000000,-1000.000000,-1000.000000,0.000000
2.0,1000,15,2569,1.385317,921.923708,1169.268060,-0.614683,-78.076292,169.268060,0.823983
2.0,1000,15,2570,0.000000,0.000000,0.000000,-2.000000,-1000.000000,-1000.000000,0.000000
2.0,1000,15,2571,0.000000,0.000000,0.000000,-2.000000,-1000.000000,-1000.000000,0.000000
2.0,1000,15,2572,1.806705,854.838332,1161.151318,-0.193295,-145.161668,161.151318,0.922943
2.0,1000,15,2573,1.349555,793.728458,1226.066460,-0.650445,-206.271542,226.066460,0.850670
2.0,1000,15,2574,7.371469,2185.665579,0.000029,5.371469,1185.665579,-999.999971,0.933722
2.0,1000,15,2575,5.376374,2039.507080,0.000205,3.376374,1039.507080,-999.999795,0.931956
2.0,1000,15,2576,0.000000,0.000000,0.000000,-2.000000,-1000.000000,-1000.000000,0.000000
2.0,1000,15,2577,0.000000,0.000000,0.000000,-2.000000,-1000.000000,-1000.000000,0.000000
2.0,1000,15,2578,6.148939,1973.764073,0.000040,4.148939,973.764073,-999.999960,0.957275
2.0,1000,15,2579,0.000000,0.000000,0.000000,-2.000000,-1000.000000,-1000.000000,0.000000
2.0,1000,15,2580,1.399836,681.753151,1262.464260,-0.600164,-318.246849,262.464260,0.877283
2.0,1000,15,2581,1.560688,858.583677,1179.356507,-0.439312,-141.416323,179.356507,0.811665
2.0,1000,15,2582,2.659294,832.168736,1000.767819,0.659294,-167.831264,0.767819,0.880298
2.0,1000,15,2583,5.997558,2028.502683,0.000201,3.997558,1028.502683,-999.999799,0.939732
2.0,1000,15,2584,2.093946,1351.913070,888.166801,0.093946,351.913070,-111.833199,0.891878
2.0,1000,15,2585,1.569470,674.463587,1153.162389,-0.430530,-325.536413,153.162389,0.882725
2.0,1000,15,2586,0.000000,0.000000,0.000000,-2.000000,-1000.000000,-1000.000000,0.000000
2.0,1000,15,2587,4.510538,2198.140084,0.000184,2.510538,1198.140084,-999.999816,0.910670
2.0,1000,15,2588,4.078723,1255.426773,845.557036,2.078723,255.426773,-154.442964,0.958439
2.0,1000,15,2589,2.103938,824.602946,1136.745024,0.103938,-175.397054,136.745024,0.880665
2.0,1000,15,2590,1.885953,798.479689,1164.059262,-0.114047,-201.520311,164.059262,0.901390
2.0,1000,15,2591,4.108584,1550.959468,586.981215,2.108584,550.959468,-413.018785,0.938997
2.0,1000,15,2592,0.000000,0.000000,0.000000,-2.000000,-1000.000000,-1000.000000,0.000000
2.0,1000,15,2593,1.720606,770.199796,1035.329949,-0.279394,-229.800204,35.329949,0.877984
2.0,1000,15,2594,1.260595,564.904989,1274.717719,-0.739405,-435.095011,274.717719,0.800916
2.0,1000,15,2595,1.414135,857.380048,1055.860151,-0.585865,-142.619952,55.860151,0.845001
2.0,1000,15,2596,1.689847,984.396989,1208.073673,-0.310153,-15.603011,208.073673,0.869993
2.0,1000,15,2597,0.000000,0.000000,0.000000,-2.000000,-1000.000000,-1000.000000,0.000000
2.0,1000,15,2598,1.233956,726.397136,1269.876760,-0.766044,-273.602864,269.876760,0.827902
2.0,1000,15,2599,1.543784,952.683324,999.102529,-0.456216,-47.316676,-0.897471,0.831770
2.0,1000,15,2600,6.110738,1921.715202,0.000043,4.110738,921.715202,-999.999957,0.945811
2.0,1000,15,2601,0.000000,0.000000,0.000000,-2.000000,-1000.000000,-1000.000000,0.000000
2.0,1000,15,2602,1.396345,857.341777,1205.039964,-0.603655,-142.658223,205.039964,0.871899
2.0,1000,15,2603,1.305637,989.301280,1141.107454,-0.694363,-10.698720,141.107454,0.827129
2.0,1000,15,2604,1.306909,746.568321,1195.412789,-0.693091,-253.431679,195.412789,0.823346
2.0,1000,15,2605,3.476164,1343.368230,651.171028,1.476164,343.368230,-348.828972,0.908814
2.0,1000,15,2606,1.380240,697.473189,1458.788795,-0.619760,-302.526811,458.788795,0.835671
2.0,1000,15,2607,1.737462,862.090298,1110.787969,-0.262538,-137.909702,110.787969,0.874991
2.0,1000,15,2608,1.142857,525.225970,1619.240060,-0.857143,-474.774030,619.240060,0.733625
2.0,1000,15,2609,0.000000,0.000000,0.000000,-2.000000,-1000.000000,-1000.000000,0.000000
2.0,1000,15,2610,1.177160,805.914437,1150.745870,-0.822840,-194.085563,150.745870,0.741092
2.0,1000,15,2611,1.567289,740.787018,1313.771193,-0.432711,-259.212982,313.771193,0.896739
2.0,1000,15,2612,1.356952,809.997418,1101.373168,-0.643048,-190.002582,101.373168,0.803329
2.0,1000,15,2613,0.000000,0.000000,0.000000,-2.000000,-1000.000000,-1000.000000,0.000000
2.0,1000,15,2614,2.528395,976.216413,964.615469,0.528395,-23.783587,-35.384531,0.900775
2.0,1000,15,2615,0.000000,0.000000,0.000000,-2.000000,-1000.000000,-1000.000000,0.000000
2.0,1000,15,2616,0.000000,0.000000,0.000000,-2.000000,-1000.000000,-1000.000000,0.000000
2.0,1000,15,2617,0.000000,0.000000,0.000000,-2.000000,-1000.000000,-1000.000000,0.000000
2.0,1000,15,2618,5.210398,2048.164922,0.000151,3.210398,1048.164922,-999.999849,0.935518
2.0,1000,15,2619,1.810236,865.557672,1275.553686,-0.189764,-134.442328,275.553686,0.869330
2.0,1000,15,2620,0.000000,0.000000,0.000000,-2.000000,-1000.000000,-1000.000000,0.000000
2.0,1000,15,2621,1.653779,664.712128,1287.862629,-0.346221,-335.287872,287.862629,0.901458
2.0,1000,15,2622,0.000000,0.000000,0.000000,-2.000000,-1000.000000,-1000.000000,0.000000
2.0,1000,15,2623,1.470885,488.542574,1559.184914,-0.529115,-511.457426,559.184914,0.876527
2.0,1000,15,2624,1.304672,529.732562,1334.498344,-0.695328,-470.267438,334.498344,0.817977
2.0,1000,15,2625,2.682573,1324.701520,869.165278,0.682573,324.701520,-130.834722,0.897994
2.0,1000,15,2626,2.172509,895.215609,1008.221080,0.172509,-104.784391,8.221080,0.905970
2.0,1000,15,2627,0.000000,0.000000,0.000000,-2.000000,-1000.000000,-1000.000000,0.000000
2.0,1000,15,2628,1.723611,726.924104,1128.127491,-0.276389,-273.075896,128.127491,0.888637
2.0,1000,15,2629,5.212168,2114.206916,0.000065,3.212168,1114.206916,-999.999935,0.961496
2.0,1000,15,2630,1.596731,784.591713,1139.291835,-0.403269,-215.408287,139.291835,0.900708
2.0,1000,15,2631,4.800501,2220.816700,0.000062,2.800501,1220.816700,-999.999938,0.959894
2.0,1000,15,2632,5.476255,2141.091041,0.000000,3.476255,1141.091041,-1000.000000,0.905318
2.0,1000,15,2633,1.612726,733.235876,1242.097042,-0.387274,-266.764124,242.097042,0.878906
2.0,1000,15,2634,1.981555,601.686028,1130.463412,-0.018445,-398.313972,130.463412,0.929624
2.0,1000,15,2635,1.498067,834.145435,1358.340142,-0.501933,-165.854565,358.340142,0.845190
2.0,1000,15,2636,1.910800,674.518579,1106.666015,-0.089200,-325.481421,106.666015,0.892244
2.0,1000,15,2637,1.381665,885.491410,1162.921773,-0.618335,-114.508590,162.921773,0.865228
2.0,1000,15,2638,3.438493,1342.227188,666.550518,1.438493,342.227188,-333.449482,0.916676
2.0,1000,15,2639,1.313153,593.303930,1324.606198,-0.686847,-406.696070,324.606198,0.826818
2.0,1000,15,2640,0.000000,0.000000,0.000000,-2.000000,-1000.000000,-1000.000000,0.000000
2.0,1000,15,2641,1.445361,570.038671,1331.954026,-0.554639,-429.961329,331.954026,0.858466
2.0,1000,15,2642,0.000000,0.000000,0.000000,-2.000000,-1000.000000,-1000.000000,0.000000
2.0,1000,15,2643,0.000000,0.000000,0.000000,-2.000000,-1000.000000,-1000.000000,0.000000
2.0,1000,15,2644,6.090135,2066.020247,0.000000,4.090135,1066.020247,-1000.000000,0.913545
2.0,1000,15,2645,2.322976,813.124431,1230.913166,0.322976,-186.875569,230.913166,0.899709
2.0,1000,15,2646,1.724386,647.071879,1179.357390,-0.275614,-352.928121,179.357390,0.912770
2.0,1000,15,2647,6.895451,1905.569894,0.000043,4.895451,905.569894,-999.999957,0.940311
2.0,1000,15,2648,1.326447,881.962375,1191.537556,-0.673553,-118.037625,191.537556,0.830577
2.0,1000,15,2649,1.541394,718.079115,1390.664603,-0.458606,-281.920885,390.664603,0.870892
2.0,1000,15,2650,1.383266,729.020826,1118.530351,-0.616734,-270.979174,118.530351,0.862958
2.0,1000,15,2651,1.721215,791.144886,1137.508868,-0.278785,-208.855114,137.508868,0.913813
2.0,1000,15,2652,1.442457,581.170421,1036.406299,-0.557543,-418.829579,36.406299,0.847723
2.0,1000,15,2653,0.000000,0.000000,0.000000,-2.000000,-1000.000000,-1000.000000,0.000000
2.0,1000,15,2654,1.389243,871.633814,1172.590433,-0.610757,-128.366186,172.590433,0.865364
2.0,1000,15,2655,1.400776,990.793130,1075.395173,-0.599224,-9.206870,75.395173,0.834874
2.0,1000,15,2656,0.000000,0.000000,0.000000,-2.000000,-1000.000000,-1000.000000,0.000000
2.0,1000,15,2657,1.649538,885.592085,1216.938863,-0.350462,-114.407915,216.938863,0.912898
2.0,1000,15,2658,2.488518,1129.171827,904.264957,0.488518,129.171827,-95.735043,0.923304
2.0,1000,15,2659,1.920142,983.205640,969.632436,-0.079858,-16.794360,-30.367564,0.912590
2.0,1000,15,2660,0.000000,0.000000,0.000000,-2.000000,-1000.000000,-1000.000000,0.000000
2.0,1000,15,2661,2.602210,1002.978998,920.926379,0.602210,2.978998,-79.073621,0.896302
2.0,1000,15,2662,0.000000,0.000000,0.000000,-2.000000,-1000.000000,-1000.000000,0.000000
2.0,1000,15,2663,2.172873,723.171450,1298.576317,0.172873,-276.828550,298.576317,0.907198
2.0,1000,15,2664,1.296714,811.228781,1234.187720,-0.703286,-188.771219,234.187720,0.853204
2.0,1000,15,2665,2.667589,995.464520,985.970828,0.667589,-4.535480,-14.029172,0.911391
2.0,1000,15,2666,1.276712,530.514103,1446.385504,-0.723288,-469.485897,446.385504,0.779099
2.0,1000,15,2667,2.796945,1112.583534,990.782440,0.796945,112.583534,-9.217560,0.933163
2.0,1000,15,2668,1.210118,595.987362,1203.460035,-0.789882,-404.012638,203.460035,0.711720
2.0,1000,15,2669,1.265447,668.667910,1374.541793,-0.734553,-331.332090,374.541793,0.801251
2.0,1000,15,2670,0.000000,0.000000,0.000000,-2.000000,-1000.000000,-1000.000000,0.000000
2.0,1000,15,2671,0.000000,0.000000,0.000000,-2.000000,-1000.000000,-1000.000000,0.000000
2.0,1000,15,2672,1.781435,894.559546,1130.363971,-0.218565,-105.440454,130.363971,0.905790
2.0,1000,15,2673,1.921392,649.970562,981.458517,-0.078608,-350.029438,-18.541483,0.874434
2.0,1000,15,2674,0.000000,0.000000,0.000000,-2.000000,-1000.000000,-1000.000000,0.000000
2.0,1000,15,2675,1.643308,721.725294,1140.894378,-0.356692,-278.274706,140.894378,0.889443
2.0,1000,15,2676,6.121482,2049.002892,0.000017,4.121482,1049.002892,-999.999983,0.896715
2.0,1000,15,2677,0.000000,0.000000,0.000000,-2.000000,-1000.000000,-1000.000000,0.000000
2.0,1000,15,2678,0.000000,0.000000,0.000000,-2.000000,-1000.000000,-1000.000000,0.000000
2.0,1000,15,2679,1.906853,800.319124,1051.189701,-0.093147,-199.680876,51.189701,0.878047
2.0,1000,15,2680,2.438631,1044.141566,951.545203,0.438631,44.141566,-48.454797,0.913817
2.0,1000,15,2681,6.075294,1964.680886,0.000073,4.075294,964.680886,-999.999927,0.968322
2.0,1000,15,2682,2.321394,1156.996014,964.115371,0.321394,156.996014,-35.884629,0.924029
2.0,1000,15,2683,3.915265,1721.688693,516.728001,1.915265,721.688693,-483.271999,0.909762
2.0,1000,15,2684,3.032556,1019.414550,960.561508,1.032556,19.414550,-39.438492,0.917683
2.0,1000,15,2685,3.055866,1177.277521,822.011124,1.055866,177.277521,-177.988876,0.923086
2.0,1000,15,2686,2.588363,929.569033,927.071537,0.588363,-70.430967,-72.928463,0.919103
2.0,1000,15,2687,4.597136,2034.153382,0.000143,2.597136,1034.153382,-999.999857,0.874653
2.0,1000,15,2688,1.183091,596.145268,1193.302019,-0.816909,-403.854732,193.302019,0.776027
2.0,1000,15,2689,0.000000,0.000000,0.000000,-2.000000,-1000.000000,-1000.000000,0.000000
2.0,1000,15,2690,1.405941,744.432804,1269.988312,-0.594059,-255.567196,269.988312,0.857837
2.0,1000,15,2691,2.274684,1396.627029,923.013741,0.274684,396.627029,-76.986259,0.914318
2.0,1000,15,2692,0.000000,0.000000,0.000000,-2.000000,-1000.000000,-1000.000000,0.000000
2.0,1000,15,2693,2.060241,798.561858,990.134387,0.060241,-201.438142,-9.865613,0.907214
2.0,1000,15,2694,0.000000,0.000000,0.000000,-2.000000,-1000.000000,-1000.000000,0.000000
2.0,1000,15,2695,0.000000,0.000000,0.000000,-2.000000,-1000.000000,-1000.000000,0.000000
2.0,1000,15,2696,2.898501,828.170992,1194.848664,0.898501,-171.829008,194.848664,0.949597
2.0,1000,15,2697,0.000000,0.000000,0.000000,-2.000000,-1000.000000,-1000.000000,0.000000
2.0,1000,15,2698,5.071015,2226.593596,0.000086,3.071015,1226.593596,-999.999914,0.952635
2.0,1000,15,2699,5.672981,2174.054938,0.000056,3.672981,1174.054938,-999.999944,0.956299
2.0,1000,15,2700,1.242163,849.905505,1041.658078,-0.757837,-150.094495,41.658078,0.832003
2.0,1000,15,2701,2.011716,1333.074642,861.147469,0.011716,333.074642,-138.852531,0.933197
2.0,1000,15,2702,5.127983,1862.995627,0.000000,3.127983,862.995627,-1000.000000,0.880318
2.0,1000,15,2703,0.000000,0.000000,0.000000,-2.000000,-1000.000000,-1000.000000,0.000000
2.0,1000,15,2704,1.655339,923.776549,1386.628924,-0.344661,-76.223451,386.628924,0.908896
2.0,1000,15,2705,1.968545,826.818591,1106.180266,-0.031455,-173.181409,106.180266,0.921685
2.0,1000,15,2706,1.393113,687.355032,1095.982027,-0.606887,-312.644968,95.982027,0.812505
2.0,1000,15,2707,1.583891,772.458398,1174.768796,-0.416109,-227.541602,174.768796,0.886412
2.0,1000,15,2708,2.797069,1089.719947,894.795768,0.797069,89.719947,-105.204232,0.936331
2.0,1000,15,2709,2.004933,1249.473368,914.750250,0.004933,249.473368,-85.249750,0.924824
2.0,1000,15,2710,0.000000,0.000000,0.000000,-2.000000,-1000.000000,-1000.000000,0.000000
2.0,1000,15,2711,3.361021,1685.320677,568.930584,1.361021,685.320677,-431.069416,0.926750
2.0,1000,15,2712,1.279194,532.819697,1172.137058,-0.720806,-467.180303,172.137058,0.799261
2.0,1000,15,2713,0.000000,0.000000,0.000000,-2.000000,-1000.000000,-1000.000000,0.000000
2.0,1000,15,2714,1.461579,814.204846,1229.424365,-0.538421,-185.795154,229.424365,0.839567
2.0,1000,15,2715,1.817371,652.037183,1109.260789,-0.182629,-347.962817,109.260789,0.852176
2.0,1000,15,2716,1.321677,485.556234,1408.064336,-0.678323,-514.443766,408.064336,0.834875
2.0,1000,15,2717,1.600470,846.890636,1068.169781,-0.399530,-153.109364,68.169781,0.894226
2.0,1000,15,2718,1.225351,795.935646,1094.851140,-0.774649,-204.064354,94.851140,0.765694
2.0,1000,15,2719,6.235065,2250.649891,0.000056,4.235065,1250.649891,-999.999944,0.972020
2.0,1000,15,2720,1.969000,773.675867,1035.528686,-0.031000,-226.324133,35.528686,0.906287
2.0,1000,15,2721,1.330648,529.721860,1451.806909,-0.669352,-470.278140,451.806909,0.845362
2.0,1000,15,2722,3.785587,1334.244453,716.554685,1.785587,334.244453,-283.445315,0.824367
2.0,1000,15,2723,0.000000,0.000000,0.000000,-2.000000,-1000.000000,-1000.000000,0.000000
2.0,1000,15,2724,0.000000,0.000000,0.000000,-2.000000,-1000.000000,-1000.000000,0.000000
2.0,1000,15,2725,1.815498,731.097367,1128.888610,-0.184502,-268.902633,128.888610,0.914898
2.0,1000,15,2726,0.000000,0.000000,0.000000,-2.000000,-1000.000000,-1000.000000,0.000000
2.0,1000,15,2727,0.000000,0.000000,0.000000,-2.000000,-1000.000000,-1000.000000,0.000000
2.0,1000,15,2728,2.433309,1013.828015,811.901198,0.433309,13.828015,-188.098802,0.914742
2.0,1000,15,2729,1.843067,899.934236,1057.456167,-0.156933,-100.065764,57.456167,0.879357
2.0,1000,15,2730,3.039957,1128.423335,749.460446,1.039957,128.423335,-250.539554,0.939948
2.0,1000,15,2731,0.000000,0.000000,0.000000,-2.000000,-1000.000000,-1000.000000,0.000000
2.0,1000,15,2732,4.562786,2160.697965,0.000124,2.562786,1160.697965,-999.999876,0.903347
2.0,1000,15,2733,6.505254,1946.397440,0.000059,4.505254,946.397440,-999.999941,0.868091
2.0,1000,15,2734,1.371110,758.793713,1107.023930,-0.628890,-241.206287,107.023930,0.856661
2.0,1000,15,2735,1.258237,814.364941,1182.230772,-0.741763,-185.635059,182.230772,0.794979
2.0,1000,15,2736,6.546917,1867.663457,0.000021,4.546917,867.663457,-999.999979,0.951709
2.0,1000,15,2737,8.315074,2006.793014,0.000049,6.315074,1006.793014,-999.999951,0.832485
2.0,1000,15,2738,1.631375,850.828342,991.862173,-0.368625,-149.171658,-8.137827,0.888536
2.0,1000,15,2739,1.232171,368.196297,1353.199356,-0.767829,-631.803703,353.199356,0.786564
2.0,1000,15,2740,1.316677,603.549512,1368.480526,-0.683323,-396.450488,368.480526,0.821502
2.0,1000,15,2741,0.000000,0.000000,0.000000,-2.000000,-1000.000000,-1000.000000,0.000000
2.0,1000,15,2742,1.666630,774.071740,1193.290385,-0.333370,-225.928260,193.290385,0.882027
2.0,1000,15,2743,1.161905,387.026562,1176.991817,-0.838095,-612.973438,176.991817,0.755514
2.0,1000,15,2744,1.557760,876.794341,1264.886891,-0.442240,-123.205659,264.886891,0.862951
2.0,1000,15,2745,5.472535,1987.659535,0.000057,3.472535,987.659535,-999.999943,0.934008
2.0,1000,15,2746,1.752808,781.314793,1207.858659,-0.247192,-218.685207,207.858659,0.901296
2.0,1000,15,2747,5.692719,2226.346614,0.000068,3.692719,1226.346614,-999.999932,0.961055
2.0,1000,15,2748,4.536887,1237.289627,633.872747,2.536887,237.289627,-366.127253,0.930254
2.0,1000,15,2749,1.375765,649.109359,1125.468459,-0.624235,-350.890641,125.468459,0.855807
2.0,1000,15,2750,2.128106,556.124918,1459.898289,0.128106,-443.875082,459.898289,0.927587
2.0,1000,15,2751,0.000000,0.000000,0.000000,-2.000000,-1000.000000,-1000.000000,0.000000
2.0,1000,15,2752,0.000000,0.000000,0.000000,-2.000000,-1000.000000,-1000.000000,0.000000
2.0,1000,15,2753,1.530435,741.954530,1085.271064,-0.469565,-258.045470,85.271064,0.850694
2.0,1000,15,2754,2.276523,1167.649858,950.409226,0.276523,167.649858,-49.590774,0.921889
2.0,1000,15,2755,4.855558,2167.896040,0.000014,2.855558,1167.896040,-999.999986,0.933574
2.0,1000,15,2756,1.574459,983.144736,1120.410932,-0.425541,-16.855264,120.410932,0.879864
2.0,1000,15,2757,1.819546,783.116911,989.946835,-0.180454,-216.883089,-10.053165,0.909748
2.0,1000,15,2758,1.208151,671.518344,1226.489521,-0.791849,-328.481656,226.489521,0.737154
2.0,1000,15,2759,1.884799,887.230745,1013.073624,-0.115201,-112.769255,13.073624,0.878141
2.0,1000,15,2760,1.317828,503.691351,1336.076705,-0.682172,-496.308649,336.076705,0.857840
2.0,1000,15,2761,0.000000,0.000000,0.000000,-2.000000,-1000.000000,-1000.000000,0.000000
2.0,1000,15,2762,4.961907,2149.984177,0.000083,2.961907,1149.984177,-999.999917,0.918876
2.0,1000,15,2763,1.134811,631.253529,1291.075351,-0.865189,-368.746471,291.075351,0.752353
2.0,1000,15,2764,2.698205,1117.632312,956.360752,0.698205,117.632312,-43.639248,0.935086
2.0,1000,15,2765,1.489929,961.113193,1043.907172,-0.510071,-38.886807,43.907172,0.862821
2.0,1000,15,2766,2.124134,978.885032,1088.331923,0.124134,-21.114968,88.331923,0.893782
2.0,1000,15,2767,4.594403,2159.162932,0.000060,2.594403,1159.162932,-999.999940,0.938061
2.0,1000,15,2768,1.459149,800.114967,1349.727175,-0.540851,-199.885033,349.727175,0.895098
2.0,1000,15,2769,1.159507,535.978626,1595.727332,-0.840493,-464.021374,595.727332,0.743841
2.0,1000,15,2770,1.184626,729.279532,1260.022634,-0.815374,-270.720468,260.022634,0.782161
2.0,1000,15,2771,2.360542,957.469656,1089.535606,0.360542,-42.530344,89.535606,0.878500
2.0,1000,15,2772,1.947816,885.434436,1171.903998,-0.052184,-114.565564,171.903998,0.872211
2.0,1000,15,2773,0.000000,0.000000,0.000000,-2.000000,-1000.000000,-1000.000000,0.000000
2.0,1000,15,2774,2.795447,1132.039467,1033.345215,0.795447,132.039467,33.345215,0.851244
2.0,1000,15,2775,6.193530,1994.210511,0.000000,4.193530,994.210511,-1000.000000,0.911528
2.0,1000,15,2776,3.665403,1582.605889,522.724508,1.665403,582.605889,-477.275492,0.931411
2.0,1000,15,2777,3.419322,1672.590134,385.250885,1.419322,672.590134,-614.749115,0.925601
2.0,1000,15,2778,2.168620,824.281517,1223.636412,0.168620,-175.718483,223.636412,0.849126
2.0,1000,15,2779,6.535044,2160.568077,0.000078,4.535044,1160.568077,-999.999922,0.973743
2.0,1000,15,2780,0.000000,0.000000,0.000000,-2.000000,-1000.000000,-1000.000000,0.000000
2.0,1000,15,2781,0.000000,0.000000,0.000000,-2.000000,-1000.000000,-1000.000000,0.000000
2.0,1000,15,2782,1.691079,809.814708,1155.629035,-0.308921,-190.185292,155.629035,0.908393
2.0,1000,15,2783,1.420180,766.027160,1092.408599,-0.579820,-233.972840,92.408599,0.874079
2.0,1000,15,2784,1.544462,884.635587,1066.144520,-0.455538,-115.364413,66.144520,0.836790
2.0,1000,15,2785,0.000000,0.000000,0.000000,-2.000000,-1000.000000,-1000.000000,0.000000
2.0,1000,15,2786,1.862851,748.557144,1073.199062,-0.137149,-251.442856,73.199062,0.891873
2.0,1000,15,2787,1.269856,790.782198,1072.599765,-0.730144,-209.217802,72.599765,0.838737
2.0,1000,15,2788,2.166060,1395.952166,851.603016,0.166060,395.952166,-148.396984,0.937474
2.0,1000,15,2789,0.000000,0.000000,0.000000,-2.000000,-1000.000000,-1000.000000,0.000000
2.0,1000,15,2790,1.189470,960.370715,998.599965,-0.810530,-39.629285,-1.400035,0.789817
2.0,1000,15,2791,4.899548,2213.843853,0.000071,2.899548,1213.843853,-999.999929,0.943271
2.0,1000,15,2792,3.186511,1129.241535,779.369858,1.186511,129.241535,-220.630142,0.916807
2.0,1000,15,2793,5.832505,1790.750012,0.000055,3.832505,790.750012,-999.999945,0.965783
2.0,1000,15,2794,1.762740,729.816251,1206.500061,-0.237260,-270.183749,206.500061,0.898530
2.0,1000,15,2795,1.859384,910.821215,1043.505199,-0.140616,-89.178785,43.505199,0.906968
2.0,1000,15,2796,2.301966,778.676100,1125.047409,0.301966,-221.323900,125.047409,0.925341
2.0,1000,15,2797,1.983150,1039.224157,1029.039898,-0.016850,39.224157,29.039898,0.917066
2.0,1000,15,2798,0.000000,0.000000,0.000000,-2.000000,-1000.000000,-1000.000000,0.000000
2.0,1000,15,2799,1.651079,616.706612,1124.941335,-0.348921,-383.293388,124.941335,0.866649
2.0,1000,15,2800,1.817362,855.153224,1205.838993,-0.182638,-144.846776,205.838993,0.872817
2.0,1000,15,2801,1.446599,994.314325,1108.250486,-0.553401,-5.685675,108.250486,0.877084
2.0,1000,15,2802,1.301624,765.215647,1212.894397,-0.698376,-234.784353,212.894397,0.833317
2.0,1000,15,2803,1.605781,751.202670,1246.407645,-0.394219,-248.797330,246.407645,0.873220
2.0,1000,15,2804,1.697810,979.547797,947.539857,-0.302190,-20.452203,-52.460143,0.883448
2.0,1000,15,2805,6.291691,1929.677041,0.000103,4.291691,929.677041,-999.999897,0.931175
2.0,1000,15,2806,5.515765,2056.529784,0.000047,3.515765,1056.529784,-999.999953,0.906357
2.0,1000,15,2807,1.245053,581.413041,1329.006486,-0.754947,-418.586959,329.006486,0.836410
2.0,1000,15,2808,6.397216,2055.851547,0.000294,4.397216,1055.851547,-999.999706,0.902353
2.0,1000,15,2809,1.954756,1082.182737,1107.578666,-0.045244,82.182737,107.578666,0.912113
2.0,1000,15,2810,3.181005,1225.188931,877.014831,1.181005,225.188931,-122.985169,0.941602
2.0,1000,15,2811,2.974808,1247.778096,895.747805,0.974808,247.778096,-104.252195,0.925291
2.0,1000,15,2812,0.000000,0.000000,0.000000,-2.000000,-1000.000000,-1000.000000,0.000000
2.0,1000,15,2813,1.169505,656.230862,1221.912486,-0.830495,-343.769138,221.912486,0.781883
2.0,1000,15,2814,1.240837,669.156844,1271.969134,-0.759163,-330.843156,271.969134,0.807092
2.0,1000,15,2815,0.000000,0.000000,0.000000,-2.000000,-1000.000000,-1000.000000,0.000000
2.0,1000,15,2816,1.228131,723.597722,1226.801273,-0.771869,-276.402278,226.801273,0.802853
2.0,1000,15,2817,1.159792,703.632941,1241.996223,-0.840208,-296.367059,241.996223,0.771879
2.0,1000,15,2818,0.000000,0.000000,0.000000,-2.000000,-1000.000000,-1000.000000,0.000000
2.0,1000,15,2819,1.168830,545.339267,1370.672219,-0.831170,-454.660733,370.672219,0.692743
2.0,1000,15,2820,2.062722,845.869829,1111.945070,0.062722,-154.130171,111.945070,0.907267
2.0,1000,15,2821,0.000000,0.000000,0.000000,-2.000000,-1000.000000,-1000.000000,0.000000
2.0,1000,15,2822,2.554908,1084.524232,1041.631071,0.554908,84.524232,41.631071,0.893744
2.0,1000,15,2823,2.881738,1581.668635,630.188166,0.881738,581.668635,-369.811834,0.933503
2.0,1000,15,2824,5.595140,2089.369304,0.000083,3.595140,1089.369304,-999.999917,0.952839
2.0,1000,15,2825,1.802600,1252.534665,1017.688475,-0.197400,252.534665,17.688475,0.878943
2.0,1000,15,2826,4.540096,2056.408416,0.000012,2.540096,1056.408416,-999.999988,0.862072
2.0,1000,15,2827,2.191635,977.908938,1013.474430,0.191635,-22.091062,13.474430,0.881062
2.0,1000,15,2828,1.121289,588.145757,1277.390768,-0.878711,-411.854243,277.390768,0.710504
2.0,1000,15,2829,6.155227,2107.581867,0.000067,4.155227,1107.581867,-999.999933,0.952481
2.0,1000,15,2830,2.709438,1258.952499,887.509995,0.709438,258.952499,-112.490005,0.930033
2.0,1000,15,2831,0.000000,0.000000,0.000000,-2.000000,-1000.000000,-1000.000000,0.000000
2.0,1000,15,2832,1.502644,713.514758,1086.537906,-0.497356,-286.485242,86.537906,0.870155
2.0,1000,15,2833,2.296323,982.124461,1160.096425,0.296323,-17.875539,160.096425,0.874259
2.0,1000,15,2834,1.336680,546.904860,1277.400627,-0.663320,-453.095140,277.400627,0.776779
2.0,1000,15,2835,3.054993,1500.275224,724.225274,1.054993,500.275224,-275.774726,0.923042
2.0,1000,15,2836,4.213118,1281.888946,852.296763,2.213118,281.888946,-147.703237,0.965467
2.0,1000,15,2837,2.636317,1249.717514,789.863863,0.636317,249.717514,-210.136137,0.940032
2.0,1000,15,2838,1.786441,872.990246,1089.210528,-0.213559,-127.009754,89.210528,0.888540
2.0,1000,15,2839,1.758431,956.663222,992.125529,-0.241569,-43.336778,-7.874471,0.904491
2.0,1000,15,2840,1.110175,525.217269,1212.526282,-0.889825,-474.782731,212.526282,0.678934
2.0,1000,15,2841,1.933402,881.782047,1096.545697,-0.066598,-118.217953,96.545697,0.869835
2.0,1000,15,2842,0.000000,0.000000,0.000000,-2.000000,-1000.000000,-1000.000000,0.000000
2.0,1000,15,2843,0.000000,0.000000,0.000000,-2.000000,-1000.000000,-1000.000000,0.000000
2.0,1000,15,2844,1.722095,991.161816,990.474214,-0.277905,-8.838184,-9.525786,0.899767
2.0,1000,15,2845,1.202732,704.542967,1139.119383,-0.797268,-295.457033,139.119383,0.741509
2.0,1000,15,2846,1.144127,785.261987,1110.729573,-0.855873,-214.738013,110.729573,0.757130
2.0,1000,15,2847,2.383703,966.338034,877.066273,0.383703,-33.661966,-122.933727,0.915154
2.0,1000,15,2848,1.145494,692.208491,1307.860656,-0.854506,-307.791509,307.860656,0.719177
2.0,1000,15,2849,1.533708,835.106976,1233.456872,-0.466292,-164.893024,233.456872,0.893870
2.0,1000,15,2850,1.841349,596.727364,1174.057948,-0.158651,-403.272636,174.057948,0.907911
2.0,1000,15,2851,0.000000,0.000000,0.000000,-2.000000,-1000.000000,-1000.000000,0.000000
2.0,1000,15,2852,0.000000,0.000000,0.000000,-2.000000,-1000.000000,-1000.000000,0.000000
2.0,1000,15,2853,0.000000,0.000000,0.000000,-2.000000,-1000.000000,-1000.000000,0.000000
2.0,1000,15,2854,1.661352,945.688388,1239.712318,-0.338648,-54.311612,239.712318,0.899646
2.0,1000,15,2855,1.223676,650.226871,1191.981305,-0.776324,-349.773129,191.981305,0.815120
2.0,1000,15,2856,2.466727,1243.686406,741.418377,0.466727,243.686406,-258.581623,0.918943
2.0,1000,15,2857,1.242121,610.411945,1032.194081,-0.757879,-389.588055,32.194081,0.811379
2.0,1000,15,2858,3.109892,1122.888515,896.807270,1.109892,122.888515,-103.192730,0.861333
2.0,1000,15,2859,5.400809,2059.797537,0.000078,3.400809,1059.797537,-999.999922,0.945963
2.0,1000,15,2860,1.513849,1116.747818,966.544201,-0.486151,116.747818,-33.455799,0.822219
2.0,1000,15,2861,0.000000,0.000000,0.000000,-2.000000,-1000.000000,-1000.000000,0.000000
2.0,1000,15,2862,2.269823,981.213143,927.047485,0.269823,-18.786857,-72.952515,0.903923
2.0,1000,15,2863,1.110696,597.944704,1332.336007,-0.889304,-402.055296,332.336007,0.717338
2.0,1000,15,2864,2.092710,792.116038,1038.985899,0.092710,-207.883962,38.985899,0.891910
2.0,1000,15,2865,1.845941,853.043244,1140.896605,-0.154059,-146.956756,140.896605,0.916551
2.0,1000,15,2866,7.106812,1888.401696,0.000000,5.106812,888.401696,-1000.000000,0.844805
2.0,1000,15,2867,7.058278,2094.815215,0.000097,5.058278,1094.815215,-999.999903,0.958703
2.0,1000,15,2868,1.410371,806.529831,1184.201486,-0.589629,-193.470169,184.201486,0.868495
2.0,1000,15,2869,7.116921,2221.086368,0.000000,5.116921,1221.086368,-1000.000000,0.816341
2.0,1000,15,2870,7.149344,2242.206116,0.000035,5.149344,1242.206116,-999.999965,0.946365
2.0,1000,15,2871,1.718842,634.240539,1105.898110,-0.281158,-365.759461,105.898110,0.897023
2.0,1000,15,2872,4.889722,2154.323387,0.000066,2.889722,1154.323387,-999.999934,0.965303
2.0,1000,15,2873,0.000000,0.000000,0.000000,-2.000000,-1000.000000,-1000.000000,0.000000
2.0,1000,15,2874,1.497192,584.056501,1678.204805,-0.502808,-415.943499,678.204805,0.868772
2.0,1000,15,2875,1.953954,835.455027,1137.817724,-0.046046,-164.544973,137.817724,0.889888
2.0,1000,15,2876,1.567317,722.094030,1252.296184,-0.432683,-277.905970,252.296184,0.873903
2.0,1000,15,2877,1.531421,942.337548,1048.012288,-0.468579,-57.662452,48.012288,0.894851
2.0,1000,15,2878,1.209487,559.035896,1547.002181,-0.790513,-440.964104,547.002181,0.688526
2.0,1000,15,2879,0.000000,0.000000,0.000000,-2.000000,-1000.000000,-1000.000000,0.000000
2.0,1000,15,2880,1.911580,982.439183,1131.702081,-0.088420,-17.560817,131.702081,0.915181
2.0,1000,15,2881,2.228175,1037.111439,1098.080792,0.228175,37.111439,98.080792,0.916150
2.0,1000,15,2882,1.971563,1225.141210,930.796906,-0.028437,225.141210,-69.203094,0.888103
2.0,1000,15,2883,3.228975,985.266538,788.682603,1.228975,-14.733462,-211.317397,0.868992
2.0,1000,15,2884,0.000000,0.000000,0.000000,-2.000000,-1000.000000,-1000.000000,0.000000
2.0,1000,15,2885,0.000000,0.000000,0.000000,-2.000000,-1000.000000,-1000.000000,0.000000
2.0,1000,15,2886,3.027358,1165.079099,928.995192,1.027358,165.079099,-71.004808,0.932412
2.0,1000,15,2887,1.331479,821.529841,1234.067368,-0.668521,-178.470159,234.067368,0.843709
2.0,1000,15,2888,1.734773,1012.916967,1111.547280,-0.265227,12.916967,111.547280,0.908074
2.0,1000,15,2889,2.840114,1426.474295,696.444581,0.840114,426.474295,-303.555419,0.922117
2.0,1000,15,2890,0.000000,0.000000,0.000000,-2.000000,-1000.000000,-1000.000000,0.000000
2.0,1000,15,2891,1.171365,656.722207,1191.340624,-0.828635,-343.277793,191.340624,0.786263
2.0,1000,15,2892,2.949140,1360.977515,847.798573,0.949140,360.977515,-152.201427,0.912275
2.0,1000,15,2893,6.848362,2098.118579,0.000000,4.848362,1098.118579,-1000.000000,0.934980
2.0,1000,15,2894,1.435462,873.864013,1222.192374,-0.564538,-126.135987,222.192374,0.880834
2.0,1000,15,2895,2.372341,1414.417133,790.362904,0.372341,414.417133,-209.637096,0.909194
2.0,1000,15,2896,0.000000,0.000000,0.000000,-2.000000,-1000.000000,-1000.000000,0.000000
2.0,1000,15,2897,1.236330,952.597473,1103.419209,-0.763670,-47.402527,103.419209,0.748448
2.0,1000,15,2898,1.774824,680.870958,1418.626248,-0.225176,-319.129042,418.626248,0.914981
2.0,1000,15,2899,1.826022,584.862309,1068.104288,-0.173978,-415.137691,68.104288,0.920470
2.0,1000,15,2900,2.085229,956.817508,974.514269,0.085229,-43.182492,-25.485731,0.921624
2.0,1000,15,2901,0.000000,0.000000,0.000000,-2.000000,-1000.000000,-1000.000000,0.000000
2.0,1000,15,2902,1.194406,671.113316,1111.676414,-0.805594,-328.886684,111.676414,0.765380
2.0,1000,15,2903,0.000000,0.000000,0.000000,-2.000000,-1000.000000,-1000.000000,0.000000
2.0,1000,15,2904,1.547634,916.848179,1035.663649,-0.452366,-83.151821,35.663649,0.898360
2.0,1000,15,2905,4.511749,2114.526404,0.000058,2.511749,1114.526404,-999.999942,0.928049
2.0,1000,15,2906,2.116204,1162.721277,1032.742115,0.116204,162.721277,32.742115,0.895578
2.0,1000,15,2907,3.155285,1439.441967,726.727984,1.155285,439.441967,-273.272016,0.941749
2.0,1000,15,2908,2.026305,1242.145591,889.753773,0.026305,242.145591,-110.246227,0.893131
2.0,1000,15,2909,1.378498,610.358513,1210.844321,-0.621502,-389.641487,210.844321,0.847207
2.0,1000,15,2910,1.853747,894.186112,1004.560171,-0.146253,-105.813888,4.560171,0.850486
2.0,1000,15,2911,2.155553,644.675142,1144.942779,0.155553,-355.324858,144.942779,0.925721
2.0,1000,15,2912,1.213458,754.634291,1156.341489,-0.786542,-245.365709,156.341489,0.778751
2.0,1000,15,2913,2.567325,1119.648764,894.533986,0.567325,119.648764,-105.466014,0.938131
2.0,1000,15,2914,2.046306,765.426791,1127.087309,0.046306,-234.573209,127.087309,0.933868
2.0,1000,15,2915,1.703965,985.791184,1051.176443,-0.296035,-14.208816,51.176443,0.888432
2.0,1000,15,2916,2.470939,869.843368,1222.225015,0.470939,-130.156632,222.225015,0.893981
2.0,1000,15,2917,2.048573,821.096304,1159.590793,0.048573,-178.903696,159.590793,0.912168
2.0,1000,15,2918,1.574602,1213.296536,1059.557695,-0.425398,213.296536,59.557695,0.887340
2.0,1000,15,2919,0.000000,0.000000,0.000000,-2.000000,-1000.000000,-1000.000000,0.000000
2.0,1000,15,2920,2.151799,1069.402634,1023.067801,0.151799,69.402634,23.067801,0.908199
2.0,1000,15,2921,5.264710,2062.977911,0.000022,3.264710,1062.977911,-999.999978,0.820989
2.0,1000,15,2922,1.715565,750.318162,1280.856584,-0.284435,-249.681838,280.856584,0.892293
2.0,1000,15,2923,2.367010,1016.453536,1005.580100,0.367010,16.453536,5.580100,0.916069
2.0,1000,15,2924,3.201326,1444.769116,638.991566,1.201326,444.769116,-361.008434,0.846379
2.0,1000,15,2925,1.653000,699.332183,1118.537534,-0.347000,-300.667817,118.537534,0.862272
2.0,1000,15,2926,5.515108,2078.936333,0.000064,3.515108,1078.936333,-999.999936,0.963011
2.0,1000,15,2927,0.000000,0.000000,0.000000,-2.000000,-1000.000000,-1000.000000,0.000000
2.0,1000,15,2928,2.157339,1109.051383,945.132718,0.157339,109.051383,-54.867282,0.912124
2.0,1000,15,2929,1.504553,621.407541,1134.482855,-0.495447,-378.592459,134.482855,0.893638
2.0,1000,15,2930,1.312873,701.786113,1148.899469,-0.687127,-298.213887,148.899469,0.810879
2.0,1000,15,2931,2.234613,901.010776,1102.020461,0.234613,-98.989224,102.020461,0.925631
2.0,1000,15,2932,0.000000,0.000000,0.000000,-2.000000,-1000.000000,-1000.000000,0.000000
2.0,1000,15,2933,1.965897,1040.423760,1310.202532,-0.034103,40.423760,310.202532,0.821283
2.0,1000,15,2934,1.623713,876.877599,1230.366560,-0.376287,-123.122401,230.366560,0.867910
2.0,1000,15,2935,2.146852,1183.978425,962.638653,0.146852,183.978425,-37.361347,0.898798
2.0,1000,15,2936,2.208992,938.417216,1041.130761,0.208992,-61.582784,41.130761,0.913677
2.0,1000,15,2937,0.000000,0.000000,0.000000,-2.000000,-1000.000000,-1000.000000,0.000000
2.0,1000,15,2938,2.341729,1027.948639,1033.233887,0.341729,27.948639,33.233887,0.920380
2.0,1000,15,2939,0.000000,0.000000,0.000000,-2.000000,-1000.000000,-1000.000000,0.000000
2.0,1000,15,2940,2.218915,930.516369,1164.690668,0.218915,-69.483631,164.690668,0.928500
2.0,1000,15,2941,0.000000,0.000000,0.000000,-2.000000,-1000.000000,-1000.000000,0.000000
2.0,1000,15,2942,3.767149,1091.076064,767.044546,1.767149,91.076064,-232.955454,0.925885
2.0,1000,15,2943,1.459589,711.022691,1116.331968,-0.540411,-288.977309,116.331968,0.880911
2.0,1000,15,2944,1.657909,785.580113,1157.299251,-0.342091,-214.419887,157.299251,0.903122
2.0,1000,15,2945,1.509008,869.375072,1152.918114,-0.490992,-130.624928,152.918114,0.882841
2.0,1000,15,2946,3.983242,1391.958674,631.682500,1.983242,391.958674,-368.317500,0.911309
2.0,1000,15,2947,0.000000,0.000000,0.000000,-2.000000,-1000.000000,-1000.000000,0.000000
2.0,1000,15,2948,2.662474,1178.127712,853.371405,0.662474,178.127712,-146.628595,0.913621
2.0,1000,15,2949,4.843334,2129.452930,0.000041,2.843334,1129.452930,-999.999959,0.957728
2.0,1000,15,2950,6.664530,2070.817423,0.000076,4.664530,1070.817423,-999.999924,0.926785
2.0,1000,15,2951,1.376059,772.000505,1282.740164,-0.623941,-227.999495,282.740164,0.832754
2.0,1000,15,2952,6.419800,1898.144496,0.000017,4.419800,898.144496,-999.999983,0.945114
2.0,1000,15,2953,0.000000,0.000000,0.000000,-2.000000,-1000.000000,-1000.000000,0.000000
2.0,1000,15,2954,2.926036,1129.758849,842.489308,0.926036,129.758849,-157.510692,0.911433
2.0,1000,15,2955,7.275666,2240.280903,0.000000,5.275666,1240.280903,-1000.000000,0.589737
2.0,1000,15,2956,0.000000,0.000000,0.000000,-2.000000,-1000.000000,-1000.000000,0.000000
2.0,1000,15,2957,1.527954,937.564620,1165.773567,-0.472046,-62.435380,165.773567,0.866100
2.0,1000,15,2958,1.352996,867.745382,1075.123542,-0.647004,-132.254618,75.123542,0.840015
2.0,1000,15,2959,1.321213,692.900134,1141.678435,-0.678787,-307.099866,141.678435,0.806997
2.0,1000,15,2960,1.660698,900.497641,1004.741658,-0.339302,-99.502359,4.741658,0.881389
2.0,1000,15,2961,0.000000,0.000000,0.000000,-2.000000,-1000.000000,-1000.000000,0.000000
2.0,1000,15,2962,7.131864,1969.178966,0.000060,5.131864,969.178966,-999.999940,0.911577
2.0,1000,15,2963,0.000000,0.000000,0.000000,-2.000000,-1000.000000,-1000.000000,0.000000
2.0,1000,15,2964,1.519984,739.260620,1212.078977,-0.480016,-260.739380,212.078977,0.879309
2.0,1000,15,2965,0.000000,0.000000,0.000000,-2.000000,-1000.000000,-1000.000000,0.000000
2.0,1000,15,2966,1.602216,809.283865,1154.577877,-0.397784,-190.716135,154.577877,0.864028
2.0,1000,15,2967,2.452544,867.888853,1068.389668,0.452544,-132.111147,68.389668,0.922301
2.0,1000,15,2968,2.744065,1000.317604,945.307931,0.744065,0.317604,-54.692069,0.929703
2.0,1000,15,2969,2.531862,1032.949083,990.641564,0.531862,32.949083,-9.358436,0.914402
2.0,1000,15,2970,2.384843,983.224228,960.183675,0.384843,-16.775772,-39.816325,0.914570
2.0,1000,15,2971,0.000000,0.000000,0.000000,-2.000000,-1000.000000,-1000.000000,0.000000
2.0,1000,15,2972,5.797786,1986.210051,0.000076,3.797786,986.210051,-999.999924,0.957724
2.0,1000,15,2973,0.000000,0.000000,0.000000,-2.000000,-1000.000000,-1000.000000,0.000000
2.0,1000,15,2974,2.139125,836.706865,1058.446705,0.139125,-163.293135,58.446705,0.911495
2.0,1000,15,2975,1.805422,796.903397,1053.956804,-0.194578,-203.096603,53.956804,0.884283
2.0,1000,15,2976,0.000000,0.000000,0.000000,-2.000000,-1000.000000,-1000.000000,0.000000
2.0,1000,15,2977,2.283613,900.569031,1081.925638,0.283613,-99.430969,81.925638,0.922484
2.0,1000,15,2978,0.000000,0.000000,0.000000,-2.000000,-1000.000000,-1000.000000,0.000000
2.0,1000,15,2979,4.903494,1618.291179,325.302880,2.903494,618.291179,-674.697120,0.850194
2.0,1000,15,2980,3.472058,920.446177,1100.686571,1.472058,-79.553823,100.686571,0.939722
2.0,1000,15,2981,1.693840,785.498573,1156.282763,-0.306160,-214.501427,156.282763,0.907709
2.0,1000,15,2982,1.544045,731.906673,1214.316070,-0.455955,-268.093327,214.316070,0.878512
2.0,1000,15,2983,2.594743,921.413509,1105.898730,0.594743,-78.586491,105.898730,0.936309
2.0,1000,15,2984,2.027164,946.170932,1055.970636,0.027164,-53.829068,55.970636,0.901359
2.0,1000,15,2985,1.560938,631.037708,1240.552480,-0.439062,-368.962292,240.552480,0.897634
2.0,1000,15,2986,6.775043,2070.737536,0.000114,4.775043,1070.737536,-999.999886,0.971793
2.0,1000,15,2987,1.836622,881.391677,1050.748345,-0.163378,-118.608323,50.748345,0.872602
2.0,1000,15,2988,6.238497,2125.282368,0.000308,4.238497,1125.282368,-999.999692,0.920474
2.0,1000,15,2989,7.760160,1874.718880,0.000021,5.760160,874.718880,-999.999979,0.956672
2.0,1000,15,2990,8.288427,1991.336801,0.000075,6.288427,991.336801,-999.999925,0.914565
2.0,1000,15,2991,0.000000,0.000000,0.000000,-2.000000,-1000.000000,-1000.000000,0.000000
2.0,1000,15,2992,2.066769,908.287324,1054.915892,0.066769,-91.712676,54.915892,0.926484
2.0,1000,15,2993,1.809122,928.134972,1018.093546,-0.190878,-71.865028,18.093546,0.926750
2.0,1000,15,2994,1.617470,751.239987,1153.642806,-0.382530,-248.760013,153.642806,0.867940
2.0,1000,15,2995,0.000000,0.000000,0.000000,-2.000000,-1000.000000,-1000.000000,0.000000
2.0,1000,15,2996,1.675827,928.628193,1139.334615,-0.324173,-71.371807,139.334615,0.828579
2.0,1000,15,2997,2.791593,1197.018686,856.767265,0.791593,197.018686,-143.232735,0.908663
2.0,1000,15,2998,1.339049,690.985122,1047.951112,-0.660951,-309.014878,47.951112,0.815511
2.0,1000,15,2999,6.590237,1997.542353,0.000139,4.590237,997.542353,-999.999861,0.952074
2.0,1000,15,3000,2.243248,753.961515,1109.359184,0.243248,-246.038485,109.359184,0.853335
2.0,1000,15,3001,4.020879,1338.874431,664.217787,2.020879,338.874431,-335.782213,0.904118
2.0,1000,15,3002,0.000000,0.000000,0.000000,-2.000000,-1000.000000,-1000.000000,0.000000
2.0,1000,15,3003,1.417782,771.013994,1161.520727,-0.582218,-228.986006,161.520727,0.872530
2.0,1000,15,3004,2.928924,1433.062875,683.730339,0.928924,433.062875,-316.269661,0.904436
2.0,1000,15,3005,0.000000,0.000000,0.000000,-2.000000,-1000.000000,-1000.000000,0.000000
2.0,1000,15,3006,6.328960,2113.583438,0.000162,4.328960,1113.583438,-999.999838,0.928354
2.0,1000,15,3007,0.000000,0.000000,0.000000,-2.000000,-1000.000000,-1000.000000,0.000000
2.0,1000,15,3008,2.495664,1005.964684,1006.063142,0.495664,5.964684,6.063142,0.943156
2.0,1000,15,3009,0.000000,0.000000,0.000000,-2.000000,-1000.000000,-1000.000000,0.000000
2.0,1000,15,3010,5.534415,1956.832687,0.000066,3.534415,956.832687,-999.999934,0.949496
2.0,1000,15,3011,2.148521,928.069532,1211.018993,0.148521,-71.930468,211.018993,0.792137
2.0,1000,15,3012,5.654580,2094.709005,0.000078,3.654580,1094.709005,-999.999922,0.918496
2.0,1000,15,3013,1.358499,620.082618,1170.552962,-0.641501,-379.917382,170.552962,0.806024
2.0,1000,15,3014,1.342378,502.096000,1192.002265,-0.657622,-497.904000,192.002265,0.825316
2.0,1000,15,3015,0.000000,0.000000,0.000000,-2.000000,-1000.000000,-1000.000000,0.000000
2.0,1000,15,3016,2.352810,736.603817,1264.872332,0.352810,-263.396183,264.872332,0.824839
2.0,1000,15,3017,1.881346,942.886733,1317.103887,-0.118654,-57.113267,317.103887,0.925435
2.0,1000,15,3018,0.000000,0.000000,0.000000,-2.000000,-1000.000000,-1000.000000,0.000000
2.0,1000,15,3019,0.000000,0.000000,0.000000,-2.000000,-1000.000000,-1000.000000,0.000000
2.0,1000,15,3020,1.428014,719.408217,1073.959093,-0.571986,-280.591783,73.959093,0.791682
2.0,1000,15,3021,0.000000,0.000000,0.000000,-2.000000,-1000.000000,-1000.000000,0.000000
2.0,1000,15,3022,7.613914,2055.313277,0.000000,5.613914,1055.313277,-1000.000000,0.926942
2.0,1000,15,3023,2.203441,1178.036466,989.498243,0.203441,178.036466,-10.501757,0.904082
2.0,1000,15,3024,1.460794,869.777482,1092.477797,-0.539206,-130.222518,92.477797,0.860998
2.0,1000,15,3025,0.000000,0.000000,0.000000,-2.000000,-1000.000000,-1000.000000,0.000000
2.0,1000,15,3026,1.367082,793.401273,1256.601341,-0.632918,-206.598727,256.601341,0.828821
2.0,1000,15,3027,1.953412,1143.977043,1091.540005,-0.046588,143.977043,91.540005,0.865736
2.0,1000,15,3028,1.933621,698.485026,1082.096920,-0.066379,-301.514974,82.096920,0.914761
2.0,1000,15,3029,1.502650,877.585755,1102.725240,-0.497350,-122.414245,102.725240,0.883091
2.0,1000,15,3030,1.279275,884.930439,1317.750277,-0.720725,-115.069561,317.750277,0.827525
2.0,1000,15,3031,7.735330,1908.170343,0.000000,5.735330,908.170343,-1000.000000,0.670249
2.0,1000,15,3032,0.000000,0.000000,0.000000,-2.000000,-1000.000000,-1000.000000,0.000000
2.0,1000,15,3033,3.974253,1638.216335,386.564736,1.974253,638.216335,-613.435264,0.912657
2.0,1000,15,3034,1.649360,602.019652,1398.229874,-0.350640,-397.980348,398.229874,0.862874
2.0,1000,15,3035,1.337472,695.154767,1194.963480,-0.662528,-304.845233,194.963480,0.846563
2.0,1000,15,3036,0.000000,0.000000,0.000000,-2.000000,-1000.000000,-1000.000000,0.000000
2.0,1000,15,3037,1.628378,859.541238,1367.376094,-0.371622,-140.458762,367.376094,0.851378
2.0,1000,15,3038,1.562602,1175.332010,1041.383501,-0.437398,175.332010,41.383501,0.890220
2.0,1000,15,3039,0.000000,0.000000,0.000000,-2.000000,-1000.000000,-1000.000000,0.000000
2.0,1000,15,3040,1.897977,1099.922811,1027.801905,-0.102023,99.922811,27.801905,0.893424
2.0,1000,15,3041,0.000000,0.000000,0.000000,-2.000000,-1000.000000,-1000.000000,0.000000
2.0,1000,15,3042,2.036641,1001.102892,1007.047860,0.036641,1.102892,7.047860,0.922816
2.0,1000,15,3043,2.491523,1097.745930,879.355419,0.491523,97.745930,-120.644581,0.949233
2.0,1000,15,3044,1.581089,649.621239,1131.771124,-0.418911,-350.378761,131.771124,0.863816
2.0,1000,15,3045,0.000000,0.000000,0.000000,-2.000000,-1000.000000,-1000.000000,0.000000
2.0,1000,15,3046,1.657945,839.594685,1079.455994,-0.342055,-160.405315,79.455994,0.899682
2.0,1000,15,3047,1.694276,968.338244,1046.528442,-0.305724,-31.661756,46.528442,0.892224
2.0,1000,15,3048,0.000000,0.000000,0.000000,-2.000000,-1000.000000,-1000.000000,0.000000
2.0,1000,15,3049,2.595629,1387.998156,692.004158,0.595629,387.998156,-307.995842,0.920552
2.0,1000,15,3050,2.216283,1172.687036,853.793275,0.216283,172.687036,-146.206725,0.937233
2.0,1000,15,3051,6.215299,1987.321885,0.000081,4.215299,987.321885,-999.999919,0.935405
2.0,1000,15,3052,2.756884,1027.812162,812.272323,0.756884,27.812162,-187.727677,0.939911
2.0,1000,15,3053,1.737531,586.363703,1127.264922,-0.262469,-413.636297,127.264922,0.885357
2.0,1000,15,3054,2.026302,848.134498,1116.372547,0.026302,-151.865502,116.372547,0.899652
2.0,1000,15,3055,1.962355,940.317918,1130.505189,-0.037645,-59.682082,130.505189,0.908054
2.0,1000,15,3056,5.215832,1967.094489,0.000144,3.215832,967.094489,-999.999856,0.890002
2.0,1000,15,3057,0.000000,0.000000,0.000000,-2.000000,-1000.000000,-1000.000000,0.000000
2.0,1000,15,3058,2.345346,1006.930491,935.804393,0.345346,6.930491,-64.195607,0.913835
2.0,1000,15,3059,1.470640,729.921750,1208.322944,-0.529360,-270.078250,208.322944,0.827517
2.0,1000,15,3060,1.252490,592.866347,1189.584780,-0.747510,-407.133653,189.584780,0.809743
2.0,1000,15,3061,1.879942,857.802253,1059.502464,-0.120058,-142.197747,59.502464,0.897717
2.0,1000,15,3062,1.741900,1007.457917,940.873046,-0.258100,7.457917,-59.126954,0.909038
2.0,1000,15,3063,1.608860,891.353088,993.821473,-0.391140,-108.646912,-6.178527,0.855228
2.0,1000,15,3064,2.721582,1073.337103,897.330685,0.721582,73.337103,-102.669315,0.921074
2.0,1000,15,3065,1.866448,605.650578,1461.545494,-0.133552,-394.349422,461.545494,0.891651
2.0,1000,15,3066,1.262473,793.790770,1092.630351,-0.737527,-206.209230,92.630351,0.829132
2.0,1000,15,3067,1.358643,618.821618,1375.736460,-0.641357,-381.178382,375.736460,0.858394
2.0,1000,15,3068,1.266473,633.069384,1102.204827,-0.733527,-366.930616,102.204827,0.840140
2.0,1000,15,3069,1.318491,711.409681,1267.841021,-0.681509,-288.590319,267.841021,0.867097
2.0,1000,15,3070,1.393730,742.482256,1147.376301,-0.606270,-257.517744,147.376301,0.865224
2.0,1000,15,3071,1.255748,741.913411,1052.032134,-0.744252,-258.086589,52.032134,0.797992
2.0,1000,15,3072,0.000000,0.000000,0.000000,-2.000000,-1000.000000,-1000.000000,0.000000
2.0,1000,15,3073,6.050327,2122.758938,0.000138,4.050327,1122.758938,-999.999862,0.901549
2.0,1000,15,3074,1.217581,732.635693,1162.450349,-0.782419,-267.364307,162.450349,0.806916
2.0,1000,15,3075,1.316223,499.860732,1332.108948,-0.683777,-500.139268,332.108948,0.839867
2.0,1000,15,3076,0.000000,0.000000,0.000000,-2.000000,-1000.000000,-1000.000000,0.000000
2.0,1000,15,3077,1.615650,872.868997,1232.819893,-0.384350,-127.131003,232.819893,0.878487
2.0,1000,15,3078,2.126877,940.993709,1173.838492,0.126877,-59.006291,173.838492,0.911327
2.0,1000,15,3079,2.289914,1368.766229,809.734508,0.289914,368.766229,-190.265492,0.886294
2.0,1000,15,3080,3.575847,1609.797110,526.232437,1.575847,609.797110,-473.767563,0.953607
2.0,1000,15,3081,1.624857,654.788596,1263.577723,-0.375143,-345.211404,263.577723,0.831560
2.0,1000,15,3082,7.226160,1744.417860,0.000141,5.226160,744.417860,-999.999859,0.951981
2.0,1000,15,3083,2.949196,1096.247868,806.982975,0.949196,96.247868,-193.017025,0.909086
2.0,1000,15,3084,1.565921,924.813140,1064.732255,-0.434079,-75.186860,64.732255,0.902545
2.0,1000,15,3085,6.061402,2023.446247,0.000000,4.061402,1023.446247,-1000.000000,0.814970
2.0,1000,15,3086,2.761980,1149.001734,877.877268,0.761980,149.001734,-122.122732,0.934185
2.0,1000,15,3087,0.000000,0.000000,0.000000,-2.000000,-1000.000000,-1000.000000,0.000000
2.0,1000,15,3088,7.667589,2028.985723,0.000136,5.667589,1028.985723,-999.999864,0.932970
2.0,1000,15,3089,3.391042,991.150194,919.425551,1.391042,-8.849806,-80.574449,0.940390
2.0,1000,15,3090,0.000000,0.000000,0.000000,-2.000000,-1000.000000,-1000.000000,0.000000
2.0,1000,15,3091,2.501637,903.310925,997.138159,0.501637,-96.689075,-2.861841,0.934635
2.0,1000,15,3092,1.713651,741.211211,1046.275326,-0.286349,-258.788789,46.275326,0.889577
2.0,1000,15,3093,1.436652,666.616727,1356.910218,-0.563348,-333.383273,356.910218,0.857465
2.0,1000,15,3094,1.443720,713.541830,1223.493006,-0.556280,-286.458170,223.493006,0.885773
2.0,1000,15,3095,2.733674,1336.280401,875.834621,0.733674,336.280401,-124.165379,0.935074
2.0,1000,15,3096,0.000000,0.000000,0.000000,-2.000000,-1000.000000,-1000.000000,0.000000
2.0,1000,15,3097,6.326282,2275.611595,0.000000,4.326282,1275.611595,-1000.000000,0.909348
2.0,1000,15,3098,1.230585,727.457607,1173.703315,-0.769415,-272.542393,173.703315,0.761357
2.0,1000,15,3099,1.288357,709.611176,1206.179325,-0.711643,-290.388824,206.179325,0.789052
2.0,1000,15,3100,0.000000,0.000000,0.000000,-2.000000,-1000.000000,-1000.000000,0.000000
2.0,1000,15,3101,0.000000,0.000000,0.000000,-2.000000,-1000.000000,-1000.000000,0.000000
2.0,1000,15,3102,7.157295,1882.846633,0.000141,5.157295,882.846633,-999.999859,0.938830
2.0,1000,15,3103,0.000000,0.000000,0.000000,-2.000000,-1000.000000,-1000.000000,0.000000
2.0,1000,15,3104,2.375123,884.362596,1014.115857,0.375123,-115.637404,14.115857,0.891982
2.0,1000,15,3105,1.134370,733.184952,1063.770529,-0.865630,-266.815048,63.770529,0.704440
2.0,1000,15,3106,4.682354,2216.442341,0.000017,2.682354,1216.442341,-999.999983,0.940606
2.0,1000,15,3107,4.694513,1724.062819,480.528581,2.694513,724.062819,-519.471419,0.871465
2.0,1000,15,3108,0.000000,0.000000,0.000000,-2.000000,-1000.000000,-1000.000000,0.000000
2.0,1000,15,3109,5.469440,2126.628843,0.000026,3.469440,1126.628843,-999.999974,0.878302
2.0,1000,15,3110,0.000000,0.000000,0.000000,-2.000000,-1000.000000,-1000.000000,0.000000
2.0,1000,15,3111,0.000000,0.000000,0.000000,-2.000000,-1000.000000,-1000.000000,0.000000
2.0,1000,15,3112,1.270727,746.695830,1232.810418,-0.729273,-253.304170,232.810418,0.779106
2.0,1000,15,3113,2.100652,888.154520,1002.003628,0.100652,-111.845480,2.003628,0.914169
2.0,1000,15,3114,1.982496,1084.920656,1014.382643,-0.017504,84.920656,14.382643,0.918760
2.0,1000,15,3115,1.715896,1010.189002,1168.980590,-0.284104,10.189002,168.980590,0.915704
2.0,1000,15,3116,2.501813,1012.360459,902.943546,0.501813,12.360459,-97.056454,0.942332
2.0,1000,15,3117,5.391591,1586.727369,202.359096,3.391591,586.727369,-797.640904,0.899521
2.0,1000,15,3118,1.570987,1046.579055,1238.392192,-0.429013,46.579055,238.392192,0.878475
2.0,1000,15,3119,1.911273,769.842565,1224.669683,-0.088727,-230.157435,224.669683,0.901507
2.0,1000,15,3120,1.393548,817.124942,1351.411651,-0.606452,-182.875058,351.411651,0.856176
2.0,1000,15,3121,0.000000,0.000000,0.000000,-2.000000,-1000.000000,-1000.000000,0.000000
2.0,1000,15,3122,0.000000,0.000000,0.000000,-2.000000,-1000.000000,-1000.000000,0.000000
2.0,1000,15,3123,1.158696,772.282209,1224.696809,-0.841304,-227.717791,224.696809,0.762174
2.0,1000,15,3124,1.344860,786.476847,1210.965124,-0.655140,-213.523153,210.965124,0.808941
2.0,1000,15,3125,2.637882,1047.299770,857.475722,0.637882,47.299770,-142.524278,0.949194
2.0,1000,15,3126,1.223384,931.681235,1012.547600,-0.776616,-68.318765,12.547600,0.799572
2.0,1000,15,3127,1.450668,832.403921,1287.954795,-0.549332,-167.596079,287.954795,0.879461
2.0,1000,15,3128,1.509500,800.113016,1092.771862,-0.490500,-199.886984,92.771862,0.844397
2.0,1000,15,3129,4.028619,1784.215780,265.146433,2.028619,784.215780,-734.853567,0.926877
2.0,1000,15,3130,0.000000,0.000000,0.000000,-2.000000,-1000.000000,-1000.000000,0.000000
2.0,1000,15,3131,3.118422,1478.102120,757.603062,1.118422,478.102120,-242.396938,0.926275
2.0,1000,15,3132,2.552749,1445.598102,739.893683,0.552749,445.598102,-260.106317,0.938093
2.0,1000,15,3133,1.587815,724.447466,1098.398161,-0.412185,-275.552534,98.398161,0.856280
2.0,1000,15,3134,2.200407,1149.443338,1070.550439,0.200407,149.443338,70.550439,0.904866
2.0,1000,15,3135,1.423925,856.923649,1106.811540,-0.576075,-143.076351,106.811540,0.880780
2.0,1000,15,3136,1.867274,940.720976,984.727214,-0.132726,-59.279024,-15.272786,0.914685
2.0,1000,15,3137,3.285826,1146.708502,899.900409,1.285826,146.708502,-100.099591,0.921226
2.0,1000,15,3138,0.000000,0.000000,0.000000,-2.000000,-1000.000000,-1000.000000,0.000000
2.0,1000,15,3139,1.547218,922.334316,1070.336827,-0.452782,-77.665684,70.336827,0.881274
2.0,1000,15,3140,2.117626,954.791819,1158.144541,0.117626,-45.208181,158.144541,0.917334
2.0,1000,15,3141,6.438152,1900.066193,0.000000,4.438152,900.066193,-1000.000000,0.941517
2.0,1000,15,3142,2.489844,802.577013,1003.532370,0.489844,-197.422987,3.532370,0.951428
2.0,1000,15,3143,4.077807,2252.315570,0.000044,2.077807,1252.315570,-999.999956,0.883952
2.0,1000,15,3144,0.000000,0.000000,0.000000,-2.000000,-1000.000000,-1000.000000,0.000000
2.0,1000,15,3145,1.358143,633.933856,1195.928773,-0.641857,-366.066144,195.928773,0.839761
2.0,1000,15,3146,3.072920,1067.535539,941.461999,1.072920,67.535539,-58.538001,0.958369
2.0,1000,15,3147,1.741995,1122.870205,886.317139,-0.258005,122.870205,-113.682861,0.858557
2.0,1000,15,3148,4.381878,1012.112213,987.308887,2.381878,12.112213,-12.691113,0.941428
2.0,1000,15,3149,3.261641,1063.375879,950.823429,1.261641,63.375879,-49.176571,0.862416
2.0,1000,15,3150,1.549283,827.709713,1139.160787,-0.450717,-172.290287,139.160787,0.828491
2.0,1000,15,3151,2.630381,1128.778903,796.111592,0.630381,128.778903,-203.888408,0.936272
2.0,1000,15,3152,0.000000,0.000000,0.000000,-2.000000,-1000.000000,-1000.000000,0.000000
2.0,1000,15,3153,2.621964,1091.603127,1105.375886,0.621964,91.603127,105.375886,0.921623
2.0,1000,15,3154,3.583140,911.676808,907.295618,1.583140,-88.323192,-92.704382,0.943664
2.0,1000,15,3155,0.000000,0.000000,0.000000,-2.000000,-1000.000000,-1000.000000,0.000000
2.0,1000,15,3156,0.000000,0.000000,0.000000,-2.000000,-1000.000000,-1000.000000,0.000000
2.0,1000,15,3157,1.543028,806.376831,1203.563396,-0.456972,-193.623169,203.563396,0.877381
2.0,1000,15,3158,1.476136,692.620105,1289.104490,-0.523864,-307.379895,289.104490,0.826037
2.0,1000,15,3159,1.429225,626.627320,1291.632887,-0.570775,-373.372680,291.632887,0.869430
2.0,1000,15,3160,0.000000,0.000000,0.000000,-2.000000,-1000.000000,-1000.000000,0.000000
2.0,1000,15,3161,1.419526,664.857538,1095.081024,-0.580474,-335.142462,95.081024,0.874219
2.0,1000,15,3162,0.000000,0.000000,0.000000,-2.000000,-1000.000000,-1000.000000,0.000000
2.0,1000,15,3163,5.722424,2283.846682,0.000044,3.722424,1283.846682,-999.999956,0.896239
2.0,1000,15,3164,2.464062,1106.237891,868.692263,0.464062,106.237891,-131.307737,0.929832
2.0,1000,15,3165,0.000000,0.000000,0.000000,-2.000000,-1000.000000,-1000.000000,0.000000
2.0,1000,15,3166,2.272078,812.138365,1327.407555,0.272078,-187.861635,327.407555,0.932280
2.0,1000,15,3167,1.238977,645.769887,1216.675122,-0.761023,-354.230113,216.675122,0.798748
2.0,1000,15,3168,1.218927,697.028623,1117.337477,-0.781073,-302.971377,117.337477,0.727922
2.0,1000,15,3169,2.185129,1082.310171,878.863296,0.185129,82.310171,-121.136704,0.919633
2.0,1000,15,3170,0.000000,0.000000,0.000000,-2.000000,-1000.000000,-1000.000000,0.000000
2.0,1000,15,3171,1.444881,545.835170,1205.095976,-0.555119,-454.164830,205.095976,0.870726
2.0,1000,15,3172,2.101602,1128.824114,1081.673271,0.101602,128.824114,81.673271,0.900761
2.0,1000,15,3173,0.000000,0.000000,0.000000,-2.000000,-1000.000000,-1000.000000,0.000000
2.0,1000,15,3174,5.052024,1940.066953,275.222481,3.052024,940.066953,-724.777519,0.917520
2.0,1000,15,3175,1.939748,843.566421,1107.973960,-0.060252,-156.433579,107.973960,0.860381
2.0,1000,15,3176,2.052337,948.180420,912.046936,0.052337,-51.819580,-87.953064,0.912703
2.0,1000,15,3177,5.142688,1995.660196,0.000065,3.142688,995.660196,-999.999935,0.889931
2.0,1000,15,3178,2.180596,1384.953139,887.004573,0.180596,384.953139,-112.995427,0.827406
2.0,1000,15,3179,2.977987,1339.311068,801.340357,0.977987,339.311068,-198.659643,0.932809
2.0,1000,15,3180,3.316340,1500.984538,680.614549,1.316340,500.984538,-319.385451,0.937618
2.0,1000,15,3181,1.989323,917.776842,1071.303218,-0.010677,-82.223158,71.303218,0.879154
2.0,1000,15,3182,3.641742,1285.184300,829.997984,1.641742,285.184300,-170.002016,0.944746
2.0,1000,15,3183,2.280104,807.863416,984.968957,0.280104,-192.136584,-15.031043,0.938554
2.0,1000,15,3184,2.224317,1338.126345,987.573378,0.224317,338.126345,-12.426622,0.899579
2.0,1000,15,3185,1.241469,645.698390,1147.743482,-0.758531,-354.301610,147.743482,0.738313
2.0,1000,15,3186,0.000000,0.000000,0.000000,-2.000000,-1000.000000,-1000.000000,0.000000
2.0,1000,15,3187,2.052520,1002.526838,959.129137,0.052520,2.526838,-40.870863,0.922783
2.0,1000,15,3188,1.784831,863.678865,1162.423889,-0.215169,-136.321135,162.423889,0.893851
2.0,1000,15,3189,5.252838,2033.687035,0.000063,3.252838,1033.687035,-999.999937,0.908720
2.0,1000,15,3190,5.405077,2123.514287,0.000174,3.405077,1123.514287,-999.999826,0.902410
2.0,1000,15,3191,0.000000,0.000000,0.000000,-2.000000,-1000.000000,-1000.000000,0.000000
2.0,1000,15,3192,0.000000,0.000000,0.000000,-2.000000,-1000.000000,-1000.000000,0.000000
2.0,1000,15,3193,1.470610,779.181552,1020.606266,-0.529390,-220.818448,20.606266,0.854932
2.0,1000,15,3194,1.733586,772.048120,1070.935001,-0.266414,-227.951880,70.935001,0.915691
2.0,1000,15,3195,1.442899,520.809856,1502.355069,-0.557101,-479.190144,502.355069,0.859245
2.0,1000,15,3196,0.000000,0.000000,0.000000,-2.000000,-1000.000000,-1000.000000,0.000000
2.0,1000,15,3197,2.606148,1189.558670,803.006259,0.606148,189.558670,-196.993741,0.905589
2.0,1000,15,3198,5.655679,1867.400368,0.000087,3.655679,867.400368,-999.999913,0.941492
2.0,1000,15,3199,1.778775,1016.337819,1118.462876,-0.221225,16.337819,118.462876,0.921438
2.0,1000,15,3200,1.842808,1124.879602,924.319134,-0.157192,124.879602,-75.680866,0.894768
2.0,1000,15,3201,1.156325,868.851929,1254.042192,-0.843675,-131.148071,254.042192,0.739459
2.0,1000,15,3202,1.364896,546.618014,1310.218918,-0.635104,-453.381986,310.218918,0.853263
2.0,1000,15,3203,1.923869,1125.335252,1079.035997,-0.076131,125.335252,79.035997,0.930600
2.0,1000,15,3204,1.979202,693.956296,1307.625082,-0.020798,-306.043704,307.625082,0.863419
2.0,1000,15,3205,1.941221,750.892747,1249.797029,-0.058779,-249.107253,249.797029,0.895507
2.0,1000,15,3206,0.000000,0.000000,0.000000,-2.000000,-1000.000000,-1000.000000,0.000000
2.0,1000,15,3207,2.581527,1065.115664,803.269509,0.581527,65.115664,-196.730491,0.890237
2.0,1000,15,3208,5.351822,2059.702967,0.000000,3.351822,1059.702967,-1000.000000,0.899076
2.0,1000,15,3209,1.717598,958.175943,1138.663109,-0.282402,-41.824057,138.663109,0.912167
2.0,1000,15,3210,1.589320,632.217088,1487.359150,-0.410680,-367.782912,487.359150,0.823684
2.0,1000,15,3211,2.216388,1104.045189,1009.645098,0.216388,104.045189,9.645098,0.916732
2.0,1000,15,3212,1.239179,820.904510,1255.141243,-0.760821,-179.095490,255.141243,0.766974
2.0,1000,15,3213,4.968227,2193.312179,0.000023,2.968227,1193.312179,-999.999977,0.843629
2.0,1000,15,3214,5.792412,2139.300969,0.000000,3.792412,1139.300969,-1000.000000,0.882512
2.0,1000,15,3215,5.905426,1966.138639,0.000118,3.905426,966.138639,-999.999882,0.942155
2.0,1000,15,3216,0.000000,0.000000,0.000000,-2.000000,-1000.000000,-1000.000000,0.000000
2.0,1000,15,3217,1.600233,981.981646,1011.016947,-0.399767,-18.018354,11.016947,0.899566
2.0,1000,15,3218,1.857619,630.236738,1125.820689,-0.142381,-369.763262,125.820689,0.875411
2.0,1000,15,3219,0.000000,0.000000,0.000000,-2.000000,-1000.000000,-1000.000000,0.000000
2.0,1000,15,3220,4.232071,2149.619980,0.000011,2.232071,1149.619980,-999.999989,0.891305
2.0,1000,15,3221,2.806913,1113.900946,804.549369,0.806913,113.900946,-195.450631,0.943462
2.0,1000,15,3222,4.167071,2226.961084,0.000040,2.167071,1226.961084,-999.999960,0.954810
2.0,1000,15,3223,0.000000,0.000000,0.000000,-2.000000,-1000.000000,-1000.000000,0.000000
2.0,1000,15,3224,1.551568,656.453760,1284.716983,-0.448432,-343.546240,284.716983,0.845623
2.0,1000,15,3225,4.498404,2226.586174,0.000031,2.498404,1226.586174,-999.999969,0.930397
2.0,1000,15,3226,1.686213,856.835822,1082.418299,-0.313787,-143.164178,82.418299,0.883789
2.0,1000,15,3227,1.300296,686.585975,1188.656309,-0.699704,-313.414025,188.656309,0.850439
2.0,1000,15,3228,1.648811,641.580176,1182.196761,-0.351189,-358.419824,182.196761,0.897004
2.0,1000,15,3229,6.457101,2086.413454,0.000065,4.457101,1086.413454,-999.999935,0.909371
2.0,1000,15,3230,6.664161,2178.510134,0.000079,4.664161,1178.510134,-999.999921,0.892012
2.0,1000,15,3231,1.552344,862.495525,1149.646825,-0.447656,-137.504475,149.646825,0.900112
2.0,1000,15,3232,1.325731,757.400101,1171.461498,-0.674269,-242.599899,171.461498,0.857898
2.0,1000,15,3233,0.000000,0.000000,0.000000,-2.000000,-1000.000000,-1000.000000,0.000000
2.0,1000,15,3234,1.881963,796.353548,1074.543752,-0.118037,-203.646452,74.543752,0.843788
2.0,1000,15,3235,1.201882,618.618921,1337.397133,-0.798118,-381.381079,337.397133,0.736304
2.0,1000,15,3236,7.713812,2001.053992,0.000081,5.713812,1001.053992,-999.999919,0.898810
2.0,1000,15,3237,1.145718,548.001915,1198.324559,-0.854282,-451.998085,198.324559,0.733548
2.0,1000,15,3238,0.000000,0.000000,0.000000,-2.000000,-1000.000000,-1000.000000,0.000000
2.0,1000,15,3239,2.090674,798.411890,991.389480,0.090674,-201.588110,-8.610520,0.932674
2.0,1000,15,3240,1.945391,783.342083,1187.897333,-0.054609,-216.657917,187.897333,0.903653
2.0,1000,15,3241,2.562451,1200.684705,787.727292,0.562451,200.684705,-212.272708,0.939174
2.0,1000,15,3242,0.000000,0.000000,0.000000,-2.000000,-1000.000000,-1000.000000,0.000000
2.0,1000,15,3243,6.029534,1976.193273,0.000054,4.029534,976.193273,-999.999946,0.943883
2.0,1000,15,3244,0.000000,0.000000,0.000000,-2.000000,-1000.000000,-1000.000000,0.000000
2.0,1000,15,3245,2.110287,903.083212,1211.585896,0.110287,-96.916788,211.585896,0.809079
2.0,1000,15,3246,0.000000,0.000000,0.000000,-2.000000,-1000.000000,-1000.000000,0.000000
2.0,1000,15,3247,5.900936,2373.679092,0.000104,3.900936,1373.679092,-999.999896,0.945834
2.0,1000,15,3248,0.000000,0.000000,0.000000,-2.000000,-1000.000000,-1000.000000,0.000000
2.0,1000,15,3249,3.724867,1344.990907,656.959555,1.724867,344.990907,-343.040445,0.945080
2.0,1000,15,3250,2.047837,1128.090527,993.353367,0.047837,128.090527,-6.646633,0.910299
2.0,1000,15,3251,2.881484,1370.326701,745.060216,0.881484,370.326701,-254.939784,0.947473
2.0,1000,15,3252,7.280494,2225.297796,0.000245,5.280494,1225.297796,-999.999755,0.875203
2.0,1000,15,3253,2.185682,1132.752449,849.401889,0.185682,132.752449,-150.598111,0.903045
2.0,1000,15,3254,2.052910,1061.419537,990.417086,0.052910,61.419537,-9.582914,0.883837
2.0,1000,15,3255,1.919931,979.193692,1031.165968,-0.080069,-20.806308,31.165968,0.909059
2.0,1000,15,3256,2.871621,1249.779596,675.874957,0.871621,249.779596,-324.125043,0.913760
2.0,1000,15,3257,1.875187,1021.450830,983.817024,-0.124813,21.450830,-16.182976,0.924639
2.0,1000,15,3258,0.000000,0.000000,0.000000,-2.000000,-1000.000000,-1000.000000,0.000000
2.0,1000,15,3259,1.231169,619.851228,1147.550369,-0.768831,-380.148772,147.550369,0.823535
2.0,1000,15,3260,0.000000,0.000000,0.000000,-2.000000,-1000.000000,-1000.000000,0.000000
2.0,1000,15,3261,2.022536,842.839012,1155.929786,0.022536,-157.160988,155.929786,0.905099
2.0,1000,15,3262,1.453537,817.068436,1180.660786,-0.546463,-182.931564,180.660786,0.867305
2.0,1000,15,3263,1.608894,831.990362,1078.316421,-0.391106,-168.009638,78.316421,0.879510
2.0,1000,15,3264,2.826293,823.700427,983.187882,0.826293,-176.299573,-16.812118,0.840212
2.0,1000,15,3265,1.413723,554.943295,1357.381115,-0.586277,-445.056705,357.381115,0.851603
2.0,1000,15,3266,1.621136,856.474627,1281.760972,-0.378864,-143.525373,281.760972,0.867254
2.0,1000,15,3267,1.385970,792.327130,1307.609375,-0.614030,-207.672870,307.609375,0.783352
2.0,1000,15,3268,1.893295,999.609055,922.852545,-0.106705,-0.390945,-77.147455,0.903185
2.0,1000,15,3269,1.580979,911.197149,1055.225382,-0.419021,-88.802851,55.225382,0.896428
2.0,1000,15,3270,1.407203,674.070946,1180.887258,-0.592797,-325.929054,180.887258,0.852327
2.0,1000,15,3271,2.245140,1038.306487,1249.395908,0.245140,38.306487,249.395908,0.903984
2.0,1000,15,3272,1.860928,526.132144,1439.201730,-0.139072,-473.867856,439.201730,0.927241
2.0,1000,15,3273,3.154806,779.426467,1241.857073,1.154806,-220.573533,241.857073,0.933909
2.0,1000,15,3274,2.410886,1105.793173,840.421824,0.410886,105.793173,-159.578176,0.923875
2.0,1000,15,3275,1.502262,606.103354,1283.080216,-0.497738,-393.896646,283.080216,0.896999
2.0,1000,15,3276,2.271129,1343.452537,938.652550,0.271129,343.452537,-61.347450,0.910606
2.0,1000,15,3277,1.744148,742.464531,1259.588201,-0.255852,-257.535469,259.588201,0.870473
2.0,1000,15,3278,4.451964,2277.644080,0.000014,2.451964,1277.644080,-999.999986,0.927766
2.0,1000,15,3279,4.183964,1536.092369,545.846820,2.183964,536.092369,-454.153180,0.927138
2.0,1000,15,3280,0.000000,0.000000,0.000000,-2.000000,-1000.000000,-1000.000000,0.000000
2.0,1000,15,3281,4.072994,1360.672406,480.921278,2.072994,360.672406,-519.078722,0.927674
2.0,1000,15,3282,0.000000,0.000000,0.000000,-2.000000,-1000.000000,-1000.000000,0.000000
2.0,1000,15,3283,1.965836,1213.727581,973.394190,-0.034164,213.727581,-26.605810,0.926551
2.0,1000,15,3284,2.457754,1051.130010,931.674694,0.457754,51.130010,-68.325306,0.928237
2.0,1000,15,3285,2.961032,1014.108615,818.559274,0.961032,14.108615,-181.440726,0.932476
2.0,1000,15,3286,1.780413,931.088039,1077.572767,-0.219587,-68.911961,77.572767,0.916280
2.0,1000,15,3287,0.000000,0.000000,0.000000,-2.000000,-1000.000000,-1000.000000,0.000000
2.0,1000,15,3288,5.929642,2226.947058,0.000072,3.929642,1226.947058,-999.999928,0.973046
2.0,1000,15,3289,5.204943,2002.487416,0.000246,3.204943,1002.487416,-999.999754,0.923113
2.0,1000,15,3290,1.879813,1090.176524,1045.368932,-0.120187,90.176524,45.368932,0.879833
2.0,1000,15,3291,0.000000,0.000000,0.000000,-2.000000,-1000.000000,-1000.000000,0.000000
2.0,1000,15,3292,2.164078,964.982936,929.475250,0.164078,-35.017064,-70.524750,0.862598
2.0,1000,15,3293,1.693212,976.710265,1025.926936,-0.306788,-23.289735,25.926936,0.865131
2.0,1000,15,3294,1.457777,875.248979,1229.666091,-0.542223,-124.751021,229.666091,0.881157
2.0,1000,15,3295,1.497846,1252.370249,978.052434,-0.502154,252.370249,-21.947566,0.881006
2.0,1000,15,3296,1.319376,787.964541,1173.266409,-0.680624,-212.035459,173.266409,0.839698
2.0,1000,15,3297,1.462767,600.149717,1325.323475,-0.537233,-399.850283,325.323475,0.844656
2.0,1000,15,3298,1.324186,660.715457,1189.884640,-0.675814,-339.284543,189.884640,0.856698
2.0,1000,15,3299,1.603127,997.170238,1028.861519,-0.396873,-2.829762,28.861519,0.770274
2.0,1000,15,3300,0.000000,0.000000,0.000000,-2.000000,-1000.000000,-1000.000000,0.000000
2.0,1000,15,3301,3.182146,1526.966374,570.049777,1.182146,526.966374,-429.950223,0.934064
2.0,1000,15,3302,0.000000,0.000000,0.000000,-2.000000,-1000.000000,-1000.000000,0.000000
2.0,1000,15,3303,1.348914,908.222276,1105.381385,-0.651086,-91.777724,105.381385,0.863289
2.0,1000,15,3304,0.000000,0.000000,0.000000,-2.000000,-1000.000000,-1000.000000,0.000000
2.0,1000,15,3305,4.871798,2324.978576,0.000048,2.871798,1324.978576,-999.999952,0.945356
2.0,1000,15,3306,3.115052,1188.632564,702.022632,1.115052,188.632564,-297.977368,0.932125
2.0,1000,15,3307,1.235745,834.023857,1120.026926,-0.764255,-165.976143,120.026926,0.790027
2.0,1000,15,3308,6.318237,2008.106909,0.000000,4.318237,1008.106909,-1000.000000,0.930812
2.0,1000,15,3309,1.252781,719.310211,1012.330537,-0.747219,-280.689789,12.330537,0.836246
2.0,1000,15,3310,2.116006,935.570350,1188.365829,0.116006,-64.429650,188.365829,0.903965
2.0,1000,15,3311,1.807898,1103.354072,1049.643334,-0.192102,103.354072,49.643334,0.890560
2.0,1000,15,3312,1.113669,688.188682,1075.907950,-0.886331,-311.811318,75.907950,0.703867
2.0,1000,15,3313,1.588217,857.918487,1116.253375,-0.411783,-142.081513,116.253375,0.901426
2.0,1000,15,3314,1.238647,613.271132,1244.372838,-0.761353,-386.728868,244.372838,0.808706
2.0,1000,15,3315,1.206535,662.448565,1267.715224,-0.793465,-337.551435,267.715224,0.782508
2.0,1000,15,3316,0.000000,0.000000,0.000000,-2.000000,-1000.000000,-1000.000000,0.000000
2.0,1000,15,3317,0.000000,0.000000,0.000000,-2.000000,-1000.000000,-1000.000000,0.000000
2.0,1000,15,3318,1.206189,803.016266,1189.587211,-0.793811,-196.983734,189.587211,0.745847
2.0,1000,15,3319,3.253097,1110.920694,833.099323,1.253097,110.920694,-166.900677,0.766221
2.0,1000,15,3320,1.922290,1059.368448,908.570890,-0.077710,59.368448,-91.429110,0.913859
2.0,1000,15,3321,0.000000,0.000000,0.000000,-2.000000,-1000.000000,-1000.000000,0.000000
2.0,1000,15,3322,1.377180,664.363728,1241.332910,-0.622820,-335.636272,241.332910,0.834639
2.0,1000,15,3323,1.633859,850.175287,1055.697927,-0.366141,-149.824713,55.697927,0.830108
2.0,1000,15,3324,2.308020,990.814591,943.971297,0.308020,-9.185409,-56.028703,0.914735
2.0,1000,15,3325,0.000000,0.000000,0.000000,-2.000000,-1000.000000,-1000.000000,0.000000
2.0,1000,15,3326,1.392505,852.469869,1041.917119,-0.607495,-147.530131,41.917119,0.806129
2.0,1000,15,3327,0.000000,0.000000,0.000000,-2.000000,-1000.000000,-1000.000000,0.000000
2.0,1000,15,3328,3.355533,1605.747762,569.129708,1.355533,605.747762,-430.870292,0.950005
2.0,1000,15,3329,0.000000,0.000000,0.000000,-2.000000,-1000.000000,-1000.000000,0.000000
2.0,1000,15,3330,2.535775,1024.617007,1289.603181,0.535775,24.617007,289.603181,0.940595
2.0,1000,15,3331,2.518768,1193.684153,723.428306,0.518768,193.684153,-276.571694,0.883435
2.0,1000,15,3332,0.000000,0.000000,0.000000,-2.000000,-1000.000000,-1000.000000,0.000000
2.0,1000,15,3333,2.801827,1603.856983,564.407695,0.801827,603.856983,-435.592305,0.930593
2.0,1000,15,3334,2.599075,908.261050,1025.641362,0.599075,-91.738950,25.641362,0.925648
2.0,1000,15,3335,5.475135,1879.569624,0.000057,3.475135,879.569624,-999.999943,0.973381
2.0,1000,15,3336,1.759301,991.169382,1148.402874,-0.240699,-8.830618,148.402874,0.903517
2.0,1000,15,3337,1.392091,464.975830,1272.156810,-0.607909,-535.024170,272.156810,0.864022
2.0,1000,15,3338,1.219980,513.215143,1404.330652,-0.780020,-486.784857,404.330652,0.801229
2.0,1000,15,3339,1.266753,783.007849,1135.875897,-0.733247,-216.992151,135.875897,0.801257
2.0,1000,15,3340,1.758786,626.041173,1357.370134,-0.241214,-373.958827,357.370134,0.902110
2.0,1000,15,3341,5.052489,2072.587974,0.000020,3.052489,1072.587974,-999.999980,0.937373
2.0,1000,15,3342,5.849037,2181.937464,0.000000,3.849037,1181.937464,-1000.000000,0.810920
2.0,1000,15,3343,1.380092,789.924317,1166.343462,-0.619908,-210.075683,166.343462,0.848560
2.0,1000,15,3344,2.718522,1273.900367,823.796885,0.718522,273.900367,-176.203115,0.889898
2.0,1000,15,3345,2.414420,1339.674741,802.146457,0.414420,339.674741,-197.853543,0.925142
2.0,1000,15,3346,2.432858,923.558714,1084.411683,0.432858,-76.441286,84.411683,0.928289
2.0,1000,15,3347,1.589088,950.069421,1107.126435,-0.410912,-49.930579,107.126435,0.869866
2.0,1000,15,3348,1.459864,662.631478,1258.049015,-0.540136,-337.368522,258.049015,0.866675
2.0,1000,15,3349,0.000000,0.000000,0.000000,-2.000000,-1000.000000,-1000.000000,0.000000
2.0,1000,15,3350,5.709381,1818.274408,0.000090,3.709381,818.274408,-999.999910,0.921686
2.0,1000,15,3351,0.000000,0.000000,0.000000,-2.000000,-1000.000000,-1000.000000,0.000000
2.0,1000,15,3352,2.850441,927.458587,1235.446627,0.850441,-72.541413,235.446627,0.941637
2.0,1000,15,3353,2.104496,872.924185,1027.226358,0.104496,-127.075815,27.226358,0.926810
2.0,1000,15,3354,5.477989,2199.302099,0.000228,3.477989,1199.302099,-999.999772,0.916643
2.0,1000,15,3355,0.000000,0.000000,0.000000,-2.000000,-1000.000000,-1000.000000,0.000000
2.0,1000,15,3356,0.000000,0.000000,0.000000,-2.000000,-1000.000000,-1000.000000,0.000000
2.0,1000,15,3357,0.000000,0.000000,0.000000,-2.000000,-1000.000000,-1000.000000,0.000000
2.0,1000,15,3358,2.874632,1287.176593,740.082650,0.874632,287.176593,-259.917350,0.895022
2.0,1000,15,3359,2.212477,1122.216937,935.443124,0.212477,122.216937,-64.556876,0.926926
2.0,1000,15,3360,2.546562,1038.417868,952.423301,0.546562,38.417868,-47.576699,0.920979
2.0,1000,15,3361,1.724031,768.640350,1173.136770,-0.275969,-231.359650,173.136770,0.897273
2.0,1000,15,3362,3.451856,905.921466,942.909801,1.451856,-94.078534,-57.090199,0.943728
2.0,1000,15,3363,3.316515,1025.037407,988.733084,1.316515,25.037407,-11.266916,0.949684
2.0,1000,15,3364,0.000000,0.000000,0.000000,-2.000000,-1000.000000,-1000.000000,0.000000
2.0,1000,15,3365,1.711435,1002.254137,1091.282388,-0.288565,2.254137,91.282388,0.900975
2.0,1000,15,3366,1.206666,704.006659,1297.465188,-0.793334,-295.993341,297.465188,0.745349
2.0,1000,15,3367,1.579737,672.689154,992.652695,-0.420263,-327.310846,-7.347305,0.878545
2.0,1000,15,3368,0.000000,0.000000,0.000000,-2.000000,-1000.000000,-1000.000000,0.000000
2.0,1000,15,3369,0.000000,0.000000,0.000000,-2.000000,-1000.000000,-1000.000000,0.000000
2.0,1000,15,3370,4.655706,1576.004164,548.257655,2.655706,576.004164,-451.742345,0.906125
2.0,1000,15,3371,1.545906,1020.977532,1198.109784,-0.454094,20.977532,198.109784,0.893222
2.0,1000,15,3372,1.746852,942.050042,1098.934541,-0.253148,-57.949958,98.934541,0.891227
2.0,1000,15,3373,2.340663,939.191556,1076.338256,0.340663,-60.808444,76.338256,0.928951
2.0,1000,15,3374,1.558714,761.322170,1206.286136,-0.441286,-238.677830,206.286136,0.896699
2.0,1000,15,3375,5.367223,2122.380667,0.000064,3.367223,1122.380667,-999.999936,0.960109
2.0,1000,15,3376,1.230542,870.060965,1341.482208,-0.769458,-129.939035,341.482208,0.814346
2.0,1000,15,3377,2.976425,1425.804151,621.787916,0.976425,425.804151,-378.212084,0.894012
2.0,1000,15,3378,6.773753,2044.675934,0.000177,4.773753,1044.675934,-999.999823,0.760080
2.0,1000,15,3379,1.174887,622.855708,1394.144499,-0.825113,-377.144292,394.144499,0.791008
2.0,1000,15,3380,4.061437,1931.548992,0.000156,2.061437,931.548992,-999.999844,0.876630
2.0,1000,15,3381,0.000000,0.000000,0.000000,-2.000000,-1000.000000,-1000.000000,0.000000
2.0,1000,15,3382,0.000000,0.000000,0.000000,-2.000000,-1000.000000,-1000.000000,0.000000
2.0,1000,15,3383,1.527769,1059.440023,1066.639007,-0.472231,59.440023,66.639007,0.871524
2.0,1000,15,3384,1.327234,747.526133,1237.802892,-0.672766,-252.473867,237.802892,0.815427
2.0,1000,15,3385,6.146435,2219.705568,0.000000,4.146435,1219.705568,-1000.000000,0.864486
2.0,1000,15,3386,2.442447,1187.237465,931.086141,0.442447,187.237465,-68.913859,0.938040
2.0,1000,15,3387,1.416303,895.633573,1076.488738,-0.583697,-104.366427,76.488738,0.876973
2.0,1000,15,3388,1.886947,814.287931,1248.791425,-0.113053,-185.712069,248.791425,0.874430
2.0,1000,15,3389,1.381868,582.182239,1300.312279,-0.618132,-417.817761,300.312279,0.851351
2.0,1000,15,3390,2.782951,1077.478099,956.176452,0.782951,77.478099,-43.823548,0.907742
2.0,1000,15,3391,0.000000,0.000000,0.000000,-2.000000,-1000.000000,-1000.000000,0.000000
2.0,1000,15,3392,2.174261,1294.917591,899.659252,0.174261,294.917591,-100.340748,0.938274
2.0,1000,15,3393,0.000000,0.000000,0.000000,-2.000000,-1000.000000,-1000.000000,0.000000
2.0,1000,15,3394,1.126833,753.182510,1125.520968,-0.873167,-246.817490,125.520968,0.713640
2.0,1000,15,3395,0.000000,0.000000,0.000000,-2.000000,-1000.000000,-1000.000000,0.000000
2.0,1000,15,3396,1.800542,795.750019,1102.532705,-0.199458,-204.249981,102.532705,0.913697
2.0,1000,15,3397,0.000000,0.000000,0.000000,-2.000000,-1000.000000,-1000.000000,0.000000
2.0,1000,15,3398,1.373986,852.496222,1089.628894,-0.626014,-147.503778,89.628894,0.871781
2.0,1000,15,3399,1.708518,814.327388,1193.557043,-0.291482,-185.672612,193.557043,0.897060
2.0,1000,15,3400,0.000000,0.000000,0.000000,-2.000000,-1000.000000,-1000.000000,0.000000
2.0,1000,15,3401,1.321382,619.704123,1256.996544,-0.678618,-380.295877,256.996544,0.853741
2.0,1000,15,3402,1.332805,843.058447,1024.759975,-0.667195,-156.941553,24.759975,0.845309
2.0,1000,15,3403,0.000000,0.000000,0.000000,-2.000000,-1000.000000,-1000.000000,0.000000
2.0,1000,15,3404,1.776551,918.778746,1007.951272,-0.223449,-81.221254,7.951272,0.870873
2.0,1000,15,3405,1.777617,808.296559,989.144206,-0.222383,-191.703441,-10.855794,0.875671
2.0,1000,15,3406,1.527974,726.645093,1182.765429,-0.472026,-273.354907,182.765429,0.846077
2.0,1000,15,3407,1.667949,975.628964,1063.644814,-0.332051,-24.371036,63.644814,0.855506
2.0,1000,15,3408,1.169318,608.751180,1157.498522,-0.830682,-391.248820,157.498522,0.777243
2.0,1000,15,3409,0.000000,0.000000,0.000000,-2.000000,-1000.000000,-1000.000000,0.000000
2.0,1000,15,3410,0.000000,0.000000,0.000000,-2.000000,-1000.000000,-1000.000000,0.000000
2.0,1000,15,3411,2.078199,951.381744,1250.542612,0.078199,-48.618256,250.542612,0.918691
2.0,1000,15,3412,2.099584,744.295899,1027.467324,0.099584,-255.704101,27.467324,0.933228
2.0,1000,15,3413,2.690798,1105.453465,1063.248268,0.690798,105.453465,63.248268,0.919906
2.0,1000,15,3414,1.200044,443.007898,1589.835304,-0.799956,-556.992102,589.835304,0.763090
2.0,1000,15,3415,2.566667,837.309507,902.996545,0.566667,-162.690493,-97.003455,0.932272
2.0,1000,15,3416,1.752756,871.680452,1083.685548,-0.247244,-128.319548,83.685548,0.875341
2.0,1000,15,3417,1.641957,805.857348,1090.275332,-0.358043,-194.142652,90.275332,0.900352
2.0,1000,15,3418,2.085467,789.749358,1168.706596,0.085467,-210.250642,168.706596,0.893523
2.0,1000,15,3419,3.145794,1248.934865,663.061274,1.145794,248.934865,-336.938726,0.937336
2.0,1000,15,3420,1.528955,612.863473,1277.452592,-0.471045,-387.136527,277.452592,0.859129
2.0,1000,15,3421,1.884211,1105.842305,987.936688,-0.115789,105.842305,-12.063312,0.920704
2.0,1000,15,3422,1.516762,608.202192,1520.981275,-0.483238,-391.797808,520.981275,0.883021
2.0,1000,15,3423,1.097588,519.910486,1312.700189,-0.902412,-480.089514,312.700189,0.671986
2.0,1000,15,3424,1.257151,406.029754,1386.639209,-0.742849,-593.970246,386.639209,0.775858
2.0,1000,15,3425,1.948718,648.790314,1353.797309,-0.051282,-351.209686,353.797309,0.899515
2.0,1000,15,3426,2.617155,1053.360065,972.916500,0.617155,53.360065,-27.083500,0.869055
2.0,1000,15,3427,2.026277,1034.094413,1056.610291,0.026277,34.094413,56.610291,0.919954
2.0,1000,15,3428,6.670711,2053.284883,0.000036,4.670711,1053.284883,-999.999964,0.974406
2.0,1000,15,3429,7.745214,1964.659896,0.000000,5.745214,964.659896,-1000.000000,0.906716
2.0,1000,15,3430,1.568380,601.346836,1092.355081,-0.431620,-398.653164,92.355081,0.897853
2.0,1000,15,3431,1.985713,860.901286,978.693566,-0.014287,-139.098714,-21.306434,0.894169
2.0,1000,15,3432,4.712626,1631.944606,467.079929,2.712626,631.944606,-532.920071,0.912728
2.0,1000,15,3433,2.990203,1194.331168,856.898917,0.990203,194.331168,-143.101083,0.951038
2.0,1000,15,3434,3.350056,1559.858217,580.967909,1.350056,559.858217,-419.032091,0.908540
2.0,1000,15,3435,3.534439,1187.504058,624.559756,1.534439,187.504058,-375.440244,0.938506
2.0,1000,15,3436,1.943446,952.434974,1121.993803,-0.056554,-47.565026,121.993803,0.918043
2.0,1000,15,3437,0.000000,0.000000,0.000000,-2.000000,-1000.000000,-1000.000000,0.000000
2.0,1000,15,3438,2.299742,782.582159,1051.270468,0.299742,-217.417841,51.270468,0.898832
2.0,1000,15,3439,1.882796,999.091193,1007.864686,-0.117204,-0.908807,7.864686,0.895262
2.0,1000,15,3440,1.346035,841.544036,1221.909642,-0.653965,-158.455964,221.909642,0.851452
2.0,1000,15,3441,0.000000,0.000000,0.000000,-2.000000,-1000.000000,-1000.000000,0.000000
2.0,1000,15,3442,1.307109,744.224657,1171.599088,-0.692891,-255.775343,171.599088,0.825811
2.0,1000,15,3443,1.710894,811.422498,1077.931326,-0.289106,-188.577502,77.931326,0.906897
2.0,1000,15,3444,6.314717,1822.966052,0.000069,4.314717,822.966052,-999.999931,0.962018
2.0,1000,15,3445,0.000000,0.000000,0.000000,-2.000000,-1000.000000,-1000.000000,0.000000
2.0,1000,15,3446,5.815826,2260.116058,0.000000,3.815826,1260.116058,-1000.000000,0.897937
2.0,1000,15,3447,2.103661,770.999224,1215.293676,0.103661,-229.000776,215.293676,0.892247
2.0,1000,15,3448,1.589731,598.312393,1294.357314,-0.410269,-401.687607,294.357314,0.876965
2.0,1000,15,3449,1.633976,696.283475,1035.468015,-0.366024,-303.716525,35.468015,0.884393
2.0,1000,15,3450,5.436963,2118.933236,0.000063,3.436963,1118.933236,-999.999937,0.905740
2.0,1000,15,3451,1.810122,878.007020,1026.826880,-0.189878,-121.992980,26.826880,0.912223
2.0,1000,15,3452,1.731213,1076.182791,1111.010987,-0.268787,76.182791,111.010987,0.914948
2.0,1000,15,3453,2.153900,919.547366,942.434364,0.153900,-80.452634,-57.565636,0.935785
2.0,1000,15,3454,2.390216,891.663486,1052.372223,0.390216,-108.336514,52.372223,0.917299
2.0,1000,15,3455,2.735561,1000.150779,1005.647502,0.735561,0.150779,5.647502,0.917027
2.0,1000,15,3456,2.460450,1088.848802,981.913128,0.460450,88.848802,-18.086872,0.931194
2.0,1000,15,3457,1.398477,952.042535,1044.301622,-0.601523,-47.957465,44.301622,0.793680
2.0,1000,15,3458,2.595947,1201.518659,962.579162,0.595947,201.518659,-37.420838,0.916878
2.0,1000,15,3459,1.593499,864.081329,1194.363593,-0.406501,-135.918671,194.363593,0.892316
2.0,1000,15,3460,2.107849,900.493084,1193.438953,0.107849,-99.506916,193.438953,0.880799
2.0,1000,15,3461,1.801904,995.618205,1170.208263,-0.198096,-4.381795,170.208263,0.889666
2.0,1000,15,3462,1.775334,662.611921,1083.190639,-0.224666,-337.388079,83.190639,0.914804
2.0,1000,15,3463,0.000000,0.000000,0.000000,-2.000000,-1000.000000,-1000.000000,0.000000
2.0,1000,15,3464,1.626561,923.088030,1147.516186,-0.373439,-76.911970,147.516186,0.899014
2.0,1000,15,3465,6.959123,2390.348111,0.000298,4.959123,1390.348111,-999.999702,0.788923
2.0,1000,15,3466,1.676185,852.558897,1355.922873,-0.323815,-147.441103,355.922873,0.885039
2.0,1000,15,3467,0.000000,0.000000,0.000000,-2.000000,-1000.000000,-1000.000000,0.000000
2.0,1000,15,3468,2.602799,831.997485,1011.559526,0.602799,-168.002515,11.559526,0.927760
2.0,1000,15,3469,1.301642,637.943922,1157.816636,-0.698358,-362.056078,157.816636,0.847230
2.0,1000,15,3470,4.822845,2131.816862,0.000081,2.822845,1131.816862,-999.999919,0.981413
2.0,1000,15,3471,0.000000,0.000000,0.000000,-2.000000,-1000.000000,-1000.000000,0.000000
2.0,1000,15,3472,1.981955,751.806856,1138.148885,-0.018045,-248.193144,138.148885,0.916960
2.0,1000,15,3473,5.482506,1799.270236,0.000068,3.482506,799.270236,-999.999932,0.958226
2.0,1000,15,3474,5.876972,1993.390699,0.000136,3.876972,993.390699,-999.999864,0.947144
2.0,1000,15,3475,1.795535,683.315384,1286.568229,-0.204465,-316.684616,286.568229,0.918460
2.0,1000,15,3476,4.214337,1372.049743,691.536337,2.214337,372.049743,-308.463663,0.901237
2.0,1000,15,3477,3.378229,1523.283771,486.981885,1.378229,523.283771,-513.018115,0.920278
2.0,1000,15,3478,1.386153,886.162942,1205.194767,-0.613847,-113.837058,205.194767,0.826359
2.0,1000,15,3479,1.571522,673.983335,1093.290045,-0.428478,-326.016665,93.290045,0.874188
2.0,1000,15,3480,6.952409,1913.173000,0.000049,4.952409,913.173000,-999.999951,0.974089
2.0,1000,15,3481,2.183491,899.842022,1027.736494,0.183491,-100.157978,27.736494,0.921868
2.0,1000,15,3482,0.000000,0.000000,0.000000,-2.000000,-1000.000000,-1000.000000,0.000000
2.0,1000,15,3483,5.892786,1933.882456,0.000050,3.892786,933.882456,-999.999950,0.976217
2.0,1000,15,3484,2.205660,1107.980835,874.337070,0.205660,107.980835,-125.662930,0.926205
2.0,1000,15,3485,5.056162,1268.162813,675.612710,3.056162,268.162813,-324.387290,0.951747
2.0,1000,15,3486,1.139217,702.712221,1166.851167,-0.860783,-297.287779,166.851167,0.701287
2.0,1000,15,3487,0.000000,0.000000,0.000000,-2.000000,-1000.000000,-1000.000000,0.000000
2.0,1000,15,3488,1.880248,676.644280,1121.723809,-0.119752,-323.355720,121.723809,0.903553
2.0,1000,15,3489,1.405274,650.160298,1103.820957,-0.594726,-349.839702,103.820957,0.878244
2.0,1000,15,3490,6.967158,2091.116420,0.000059,4.967158,1091.116420,-999.999941,0.964752
2.0,1000,15,3491,2.390703,875.589623,969.356116,0.390703,-124.410377,-30.643884,0.911616
2.0,1000,15,3492,1.341104,528.958715,1339.376798,-0.658896,-471.041285,339.376798,0.832942
2.0,1000,15,3493,1.239313,624.616435,1281.517921,-0.760687,-375.383565,281.517921,0.819518
2.0,1000,15,3494,9.617155,1991.849590,0.000000,7.617155,991.849590,-1000.000000,0.892837
2.0,1000,15,3495,1.411759,831.162492,1121.392150,-0.588241,-168.837508,121.392150,0.875141
2.0,1000,15,3496,1.498060,810.486704,1271.782532,-0.501940,-189.513296,271.782532,0.877256
2.0,1000,15,3497,0.000000,0.000000,0.000000,-2.000000,-1000.000000,-1000.000000,0.000000
2.0,1000,15,3498,2.028557,708.280441,1378.128112,0.028557,-291.719559,378.128112,0.876767
2.0,1000,15,3499,0.000000,0.000000,0.000000,-2.000000,-1000.000000,-1000.000000,0.000000
2.0,1000,15,3500,1.364079,618.364494,1144.443612,-0.635921,-381.635506,144.443612,0.842154
2.0,1000,15,3501,0.000000,0.000000,0.000000,-2.000000,-1000.000000,-1000.000000,0.000000
2.0,1000,15,3502,1.891384,727.705346,1261.139299,-0.108616,-272.294654,261.139299,0.923980
2.0,1000,15,3503,6.685364,1907.666865,0.000077,4.685364,907.666865,-999.999923,0.843569
2.0,1000,15,3504,1.499740,399.528546,1377.867343,-0.500260,-600.471454,377.867343,0.834113
2.0,1000,15,3505,2.762238,1057.520129,1106.186157,0.762238,57.520129,106.186157,0.942430
2.0,1000,15,3506,1.969202,869.854639,978.145355,-0.030798,-130.145361,-21.854645,0.920312
2.0,1000,15,3507,0.000000,0.000000,0.000000,-2.000000,-1000.000000,-1000.000000,0.000000
2.0,1000,15,3508,1.417427,698.236821,1322.697848,-0.582573,-301.763179,322.697848,0.812365
2.0,1000,15,3509,0.000000,0.000000,0.000000,-2.000000,-1000.000000,-1000.000000,0.000000
2.0,1000,15,3510,1.806541,974.985432,1017.268198,-0.193459,-25.014568,17.268198,0.820787
2.0,1000,15,3511,5.130585,2212.981956,0.000000,3.130585,1212.981956,-1000.000000,0.921070
2.0,1000,15,3512,2.282194,956.191653,1137.340255,0.282194,-43.808347,137.340255,0.862319
2.0,1000,15,3513,3.209418,844.371590,922.763472,1.209418,-155.628410,-77.236528,0.925186
2.0,1000,15,3514,1.112865,691.827864,1262.203952,-0.887135,-308.172136,262.203952,0.727353
2.0,1000,15,3515,4.473820,2158.026877,0.000184,2.473820,1158.026877,-999.999816,0.955156
2.0,1000,15,3516,0.000000,0.000000,0.000000,-2.000000,-1000.000000,-1000.000000,0.000000
2.0,1000,15,3517,1.762335,669.575984,1254.419547,-0.237665,-330.424016,254.419547,0.892770
2.0,1000,15,3518,1.829951,986.953948,985.096854,-0.170049,-13.046052,-14.903146,0.897651
2.0,1000,15,3519,1.609693,915.313613,1042.460812,-0.390307,-84.686387,42.460812,0.874881
2.0,1000,15,3520,1.265958,741.302198,1166.122108,-0.734042,-258.697802,166.122108,0.825201
2.0,1000,15,3521,1.823210,1255.170011,945.941804,-0.176790,255.170011,-54.058196,0.862432
2.0,1000,15,3522,0.000000,0.000000,0.000000,-2.000000,-1000.000000,-1000.000000,0.000000
2.0,1000,15,3523,3.380704,1160.106099,806.931542,1.380704,160.106099,-193.068458,0.928849
2.0,1000,15,3524,1.656437,956.402539,1229.190594,-0.343563,-43.597461,229.190594,0.903675
2.0,1000,15,3525,1.377379,668.641016,1320.719095,-0.622621,-331.358984,320.719095,0.832624
2.0,1000,15,3526,2.102893,982.696668,942.575697,0.102893,-17.303332,-57.424303,0.889217
2.0,1000,15,3527,1.185288,726.465136,1330.678376,-0.814712,-273.534864,330.678376,0.786641
2.0,1000,15,3528,0.000000,0.000000,0.000000,-2.000000,-1000.000000,-1000.000000,0.000000
2.0,1000,15,3529,2.093402,1002.019310,1040.370608,0.093402,2.019310,40.370608,0.887285
2.0,1000,15,3530,6.249106,1995.749829,0.000029,4.249106,995.749829,-999.999971,0.885553
2.0,1000,15,3531,0.000000,0.000000,0.000000,-2.000000,-1000.000000,-1000.000000,0.000000
2.0,1000,15,3532,0.000000,0.000000,0.000000,-2.000000,-1000.000000,-1000.000000,0.000000
2.0,1000,15,3533,2.360262,907.711136,1091.331228,0.360262,-92.288864,91.331228,0.856159
2.0,1000,15,3534,1.637601,711.191884,1246.107479,-0.362399,-288.808116,246.107479,0.849143
2.0,1000,15,3535,2.310278,1019.085027,859.340730,0.310278,19.085027,-140.659270,0.914314
2.0,1000,15,3536,2.266832,1388.543423,842.119247,0.266832,388.543423,-157.880753,0.933818
2.0,1000,15,3537,2.743599,1164.055030,895.332124,0.743599,164.055030,-104.667876,0.907161
2.0,1000,15,3538,1.316228,778.629618,1295.281215,-0.683772,-221.370382,295.281215,0.799873
2.0,1000,15,3539,7.158697,1943.836907,0.000041,5.158697,943.836907,-999.999959,0.944144
2.0,1000,15,3540,1.265131,706.285255,1096.226486,-0.734869,-293.714745,96.226486,0.831352
2.0,1000,15,3541,1.385162,651.749429,1143.969082,-0.614838,-348.250571,143.969082,0.859175
2.0,1000,15,3542,2.369089,953.786440,949.071919,0.369089,-46.213560,-50.928081,0.845887
2.0,1000,15,3543,2.377082,838.734386,913.341229,0.377082,-161.265614,-86.658771,0.882600
2.0,1000,15,3544,1.936612,636.786780,1204.710916,-0.063388,-363.213220,204.710916,0.911606
2.0,1000,15,3545,0.000000,0.000000,0.000000,-2.000000,-1000.000000,-1000.000000,0.000000
2.0,1000,15,3546,7.132103,2042.824111,0.000048,5.132103,1042.824111,-999.999952,0.924295
2.0,1000,15,3547,1.477513,794.512023,1285.006177,-0.522487,-205.487977,285.006177,0.840370
2.0,1000,15,3548,1.590228,892.930339,1036.816200,-0.409772,-107.069661,36.816200,0.830737
2.0,1000,15,3549,11.160705,2059.652000,0.000032,9.160705,1059.652000,-999.999968,0.915392
2.0,1000,15,3550,5.302058,2137.762206,0.000113,3.302058,1137.762206,-999.999887,0.935039
2.0,1000,15,3551,0.000000,0.000000,0.000000,-2.000000,-1000.000000,-1000.000000,0.000000
2.0,1000,15,3552,0.000000,0.000000,0.000000,-2.000000,-1000.000000,-1000.000000,0.000000
2.0,1000,15,3553,1.597523,727.263823,1011.505596,-0.402477,-272.736177,11.505596,0.860759
2.0,1000,15,3554,0.000000,0.000000,0.000000,-2.000000,-1000.000000,-1000.000000,0.000000
2.0,1000,15,3555,1.475630,756.118738,1160.821332,-0.524370,-243.881262,160.821332,0.818604
2.0,1000,15,3556,3.239777,1539.389159,553.326469,1.239777,539.389159,-446.673531,0.934617
2.0,1000,15,3557,1.474069,822.956860,1016.793769,-0.525931,-177.043140,16.793769,0.869148
2.0,1000,15,3558,1.527783,923.239771,1159.973415,-0.472217,-76.760229,159.973415,0.847944
2.0,1000,15,3559,1.810529,888.116740,1078.429333,-0.189471,-111.883260,78.429333,0.909352
2.0,1000,15,3560,0.000000,0.000000,0.000000,-2.000000,-1000.000000,-1000.000000,0.000000
2.0,1000,15,3561,0.000000,0.000000,0.000000,-2.000000,-1000.000000,-1000.000000,0.000000
2.0,1000,15,3562,1.600153,841.529339,1219.848704,-0.399847,-158.470661,219.848704,0.891839
2.0,1000,15,3563,1.735730,746.575296,1396.696011,-0.264270,-253.424704,396.696011,0.900821
2.0,1000,15,3564,1.441230,1103.115427,1139.251024,-0.558770,103.115427,139.251024,0.844163
2.0,1000,15,3565,1.508430,508.360283,1135.351315,-0.491570,-491.639717,135.351315,0.885757
2.0,1000,15,3566,3.736904,2225.585137,0.000054,1.736904,1225.585137,-999.999946,0.922382
2.0,1000,15,3567,3.326168,1177.722633,804.747785,1.326168,177.722633,-195.252215,0.899262
2.0,1000,15,3568,1.376948,674.670482,1078.300610,-0.623052,-325.329518,78.300610,0.861735
2.0,1000,15,3569,1.688541,868.087606,1141.959191,-0.311459,-131.912394,141.959191,0.848677
2.0,1000,15,3570,3.137950,1784.497709,536.193362,1.137950,784.497709,-463.806638,0.899538
2.0,1000,15,3571,1.247405,561.332937,1316.909589,-0.752595,-438.667063,316.909589,0.819164
2.0,1000,15,3572,0.000000,0.000000,0.000000,-2.000000,-1000.000000,-1000.000000,0.000000
2.0,1000,15,3573,2.492683,1411.754754,856.484608,0.492683,411.754754,-143.515392,0.915586
2.0,1000,15,3574,2.372288,940.367939,1111.681740,0.372288,-59.632061,111.681740,0.923831
2.0,1000,15,3575,3.239167,1406.195803,619.927836,1.239167,406.195803,-380.072164,0.923952
2.0,1000,15,3576,1.731570,778.707083,1092.493097,-0.268430,-221.292917,92.493097,0.905352
2.0,1000,15,3577,1.364458,742.933174,1121.439314,-0.635542,-257.066826,121.439314,0.835757
2.0,1000,15,3578,1.213580,713.942426,1313.628911,-0.786420,-286.057574,313.628911,0.777988
2.0,1000,15,3579,1.790131,1047.679695,1079.492502,-0.209869,47.679695,79.492502,0.916349
2.0,1000,15,3580,0.000000,0.000000,0.000000,-2.000000,-1000.000000,-1000.000000,0.000000
2.0,1000,15,3581,2.050605,746.438149,1048.018676,0.050605,-253.561851,48.018676,0.927904
2.0,1000,15,3582,5.912849,1959.704641,0.000257,3.912849,959.704641,-999.999743,0.901296
2.0,1000,15,3583,1.270010,768.478354,1108.022764,-0.729990,-231.521646,108.022764,0.840599
2.0,1000,15,3584,2.221824,1047.291920,1045.906947,0.221824,47.291920,45.906947,0.908204
2.0,1000,15,3585,1.369899,665.928484,1207.511689,-0.630101,-334.071516,207.511689,0.812794
2.0,1000,15,3586,1.442617,789.363084,1170.521432,-0.557383,-210.636916,170.521432,0.887745
2.0,1000,15,3587,1.582345,883.531542,1151.754924,-0.417655,-116.468458,151.754924,0.892801
2.0,1000,15,3588,1.472623,736.212307,1316.391060,-0.527377,-263.787693,316.391060,0.822251
2.0,1000,15,3589,0.000000,0.000000,0.000000,-2.000000,-1000.000000,-1000.000000,0.000000
2.0,1000,15,3590,1.485712,905.990040,1033.452270,-0.514288,-94.009960,33.452270,0.874769
2.0,1000,15,3591,4.371712,2131.214017,0.000011,2.371712,1131.214017,-999.999989,0.910560
2.0,1000,15,3592,1.725996,818.101020,1204.415295,-0.274004,-181.898980,204.415295,0.882051
2.0,1000,15,3593,1.314945,760.933299,1061.911254,-0.685055,-239.066701,61.911254,0.854577
2.0,1000,15,3594,0.000000,0.000000,0.000000,-2.000000,-1000.000000,-1000.000000,0.000000
2.0,1000,15,3595,1.185145,753.408554,1166.396871,-0.814855,-246.591446,166.396871,0.718477
2.0,1000,15,3596,1.360910,712.108018,1148.424572,-0.639090,-287.891982,148.424572,0.856021
2.0,1000,15,3597,1.632375,758.807564,1036.298643,-0.367625,-241.192436,36.298643,0.903384
2.0,1000,15,3598,7.189153,1885.455381,0.000090,5.189153,885.455381,-999.999910,0.862892
2.0,1000,15,3599,0.000000,0.000000,0.000000,-2.000000,-1000.000000,-1000.000000,0.000000
2.0,1000,15,3600,2.426588,1224.894106,896.228030,0.426588,224.894106,-103.771970,0.919770
2.0,1000,15,3601,0.000000,0.000000,0.000000,-2.000000,-1000.000000,-1000.000000,0.000000
2.0,1000,15,3602,5.134384,2045.332042,0.000047,3.134384,1045.332042,-999.999953,0.934867
2.0,1000,15,3603,5.874239,2252.819485,0.000067,3.874239,1252.819485,-999.999933,0.953608
2.0,1000,15,3604,1.746351,891.673903,1057.258492,-0.253649,-108.326097,57.258492,0.886792
2.0,1000,15,3605,0.000000,0.000000,0.000000,-2.000000,-1000.000000,-1000.000000,0.000000
2.0,1000,15,3606,0.000000,0.000000,0.000000,-2.000000,-1000.000000,-1000.000000,0.000000
2.0,1000,15,3607,1.486124,679.501977,1224.282923,-0.513876,-320.498023,224.282923,0.875020
2.0,1000,15,3608,1.626272,631.287572,1355.961312,-0.373728,-368.712428,355.961312,0.895143
2.0,1000,15,3609,0.000000,0.000000,0.000000,-2.000000,-1000.000000,-1000.000000,0.000000
2.0,1000,15,3610,0.000000,0.000000,0.000000,-2.000000,-1000.000000,-1000.000000,0.000000
2.0,1000,15,3611,1.982828,1001.969324,995.915037,-0.017172,1.969324,-4.084963,0.899826
2.0,1000,15,3612,0.000000,0.000000,0.000000,-2.000000,-1000.000000,-1000.000000,0.000000
2.0,1000,15,3613,5.068361,2256.713359,0.000059,3.068361,1256.713359,-999.999941,0.945012
2.0,1000,15,3614,1.554166,504.201246,1250.728356,-0.445834,-495.798754,250.728356,0.858814
2.0,1000,15,3615,1.219902,752.060969,1217.767229,-0.780098,-247.939031,217.767229,0.818281
2.0,1000,15,3616,1.992260,1128.364197,1022.494299,-0.007740,128.364197,22.494299,0.899970
2.0,1000,15,3617,1.186313,940.256128,1191.874573,-0.813687,-59.743872,191.874573,0.784781
2.0,1000,15,3618,1.803204,711.404969,1206.293266,-0.196796,-288.595031,206.293266,0.903484
2.0,1000,15,3619,0.000000,0.000000,0.000000,-2.000000,-1000.000000,-1000.000000,0.000000
2.0,1000,15,3620,4.549741,2178.122074,0.000052,2.549741,1178.122074,-999.999948,0.939049
2.0,1000,15,3621,2.453317,951.413412,940.299059,0.453317,-48.586588,-59.700941,0.938431
2.0,1000,15,3622,2.702193,1163.196490,947.941100,0.702193,163.196490,-52.058900,0.924456
2.0,1000,15,3623,1.491057,505.745384,1258.938676,-0.508943,-494.254616,258.938676,0.859843
2.0,1000,15,3624,2.135109,753.620083,1147.746352,0.135109,-246.379917,147.746352,0.881382
2.0,1000,15,3625,9.661966,2030.401470,0.000000,7.661966,1030.401470,-1000.000000,0.899988
2.0,1000,15,3626,7.783283,1969.349013,0.000051,5.783283,969.349013,-999.999949,0.921965
2.0,1000,15,3627,1.810346,1176.569623,1039.443474,-0.189654,176.569623,39.443474,0.903871
2.0,1000,15,3628,1.698811,678.745441,1119.898344,-0.301189,-321.254559,119.898344,0.904257
2.0,1000,15,3629,1.372263,702.672174,1114.716424,-0.627737,-297.327826,114.716424,0.841089
2.0,1000,15,3630,1.930942,844.735781,968.311284,-0.069058,-155.264219,-31.688716,0.874197
2.0,1000,15,3631,6.502230,2112.725567,0.000084,4.502230,1112.725567,-999.999916,0.902719
2.0,1000,15,3632,6.163504,2028.124446,0.000029,4.163504,1028.124446,-999.999971,0.828546
2.0,1000,15,3633,1.712331,796.730976,1188.888582,-0.287669,-203.269024,188.888582,0.915343
2.0,1000,15,3634,6.154815,2139.600572,0.000000,4.154815,1139.600572,-1000.000000,0.943467
2.0,1000,15,3635,0.000000,0.000000,0.000000,-2.000000,-1000.000000,-1000.000000,0.000000
2.0,1000,15,3636,0.000000,0.000000,0.000000,-2.000000,-1000.000000,-1000.000000,0.000000
2.0,1000,15,3637,1.187701,487.906215,1266.424018,-0.812299,-512.093785,266.424018,0.781123
2.0,1000,15,3638,5.118301,1992.520194,246.703898,3.118301,992.520194,-753.296102,0.926625
2.0,1000,15,3639,2.003796,763.006850,1160.714119,0.003796,-236.993150,160.714119,0.878283
2.0,1000,15,3640,0.000000,0.000000,0.000000,-2.000000,-1000.000000,-1000.000000,0.000000
2.0,1000,15,3641,0.000000,0.000000,0.000000,-2.000000,-1000.000000,-1000.000000,0.000000
2.0,1000,15,3642,0.000000,0.000000,0.000000,-2.000000,-1000.000000,-1000.000000,0.000000
2.0,1000,15,3643,1.244136,739.123197,1279.201875,-0.755864,-260.876803,279.201875,0.806196
2.0,1000,15,3644,1.543131,532.283991,1337.366187,-0.456869,-467.716009,337.366187,0.879722
2.0,1000,15,3645,2.522086,1280.922305,890.324239,0.522086,280.922305,-109.675761,0.935069
2.0,1000,15,3646,5.089238,2321.560175,0.000000,3.089238,1321.560175,-1000.000000,0.936070
2.0,1000,15,3647,1.982644,700.155038,1159.869379,-0.017356,-299.844962,159.869379,0.900282
2.0,1000,15,3648,1.999067,927.790825,884.613664,-0.000933,-72.209175,-115.386336,0.903710
2.0,1000,15,3649,5.492941,2092.677590,0.000047,3.492941,1092.677590,-999.999953,0.903634
2.0,1000,15,3650,2.185085,871.740542,936.224307,0.185085,-128.259458,-63.775693,0.876164
2.0,1000,15,3651,2.234486,1400.257712,976.484927,0.234486,400.257712,-23.515073,0.904549
2.0,1000,15,3652,3.370486,1358.645336,614.386217,1.370486,358.645336,-385.613783,0.894176
2.0,1000,15,3653,1.640947,738.931001,1322.418931,-0.359053,-261.068999,322.418931,0.863048
2.0,1000,15,3654,1.645714,917.099537,1076.525851,-0.354286,-82.900463,76.525851,0.882779
2.0,1000,15,3655,5.646024,2023.929453,0.000067,3.646024,1023.929453,-999.999933,0.956446
2.0,1000,15,3656,0.000000,0.000000,0.000000,-2.000000,-1000.000000,-1000.000000,0.000000
2.0,1000,15,3657,1.486075,792.808591,1132.646927,-0.513925,-207.191409,132.646927,0.864346
2.0,1000,15,3658,1.845638,771.079050,1160.674997,-0.154362,-228.920950,160.674997,0.882092
2.0,1000,15,3659,1.712035,606.475228,1606.173507,-0.287965,-393.524772,606.173507,0.915369
2.0,1000,15,3660,0.000000,0.000000,0.000000,-2.000000,-1000.000000,-1000.000000,0.000000
2.0,1000,15,3661,2.369359,1035.902000,1010.301203,0.369359,35.902000,10.301203,0.925509
2.0,1000,15,3662,0.000000,0.000000,0.000000,-2.000000,-1000.000000,-1000.000000,0.000000
2.0,1000,15,3663,0.000000,0.000000,0.000000,-2.000000,-1000.000000,-1000.000000,0.000000
2.0,1000,15,3664,0.000000,0.000000,0.000000,-2.000000,-1000.000000,-1000.000000,0.000000
2.0,1000,15,3665,6.411045,1973.223909,0.000000,4.411045,973.223909,-1000.000000,0.895860
2.0,1000,15,3666,1.761314,909.623024,1260.728224,-0.238686,-90.376976,260.728224,0.913721
2.0,1000,15,3667,1.286474,730.518514,1156.016281,-0.713526,-269.481486,156.016281,0.822915
2.0,1000,15,3668,0.000000,0.000000,0.000000,-2.000000,-1000.000000,-1000.000000,0.000000
2.0,1000,15,3669,1.391811,706.838470,1152.683443,-0.608189,-293.161530,152.683443,0.851067
2.0,1000,15,3670,1.619500,592.172832,1187.531421,-0.380500,-407.827168,187.531421,0.893372
2.0,1000,15,3671,4.991690,1856.489200,422.394650,2.991690,856.489200,-577.605350,0.935747
2.0,1000,15,3672,1.514637,957.391345,1031.017385,-0.485363,-42.608655,31.017385,0.842618
2.0,1000,15,3673,2.024277,860.358830,1042.369205,0.024277,-139.641170,42.369205,0.836993
2.0,1000,15,3674,1.392396,688.503616,1319.523047,-0.607604,-311.496384,319.523047,0.872607
2.0,1000,15,3675,1.786550,816.636516,1131.843442,-0.213450,-183.363484,131.843442,0.895238
2.0,1000,15,3676,1.369722,727.387105,1189.485356,-0.630278,-272.612895,189.485356,0.827800
2.0,1000,15,3677,2.694945,910.861732,1043.373916,0.694945,-89.138268,43.373916,0.919138
2.0,1000,15,3678,5.310668,2126.197731,0.000022,3.310668,1126.197731,-999.999978,0.895700
2.0,1000,15,3679,0.000000,0.000000,0.000000,-2.000000,-1000.000000,-1000.000000,0.000000
2.0,1000,15,3680,5.776075,2196.244134,0.000025,3.776075,1196.244134,-999.999975,0.932276
2.0,1000,15,3681,1.396574,755.123938,1232.767324,-0.603426,-244.876062,232.767324,0.861104
2.0,1000,15,3682,1.547973,977.044492,1051.338792,-0.452027,-22.955508,51.338792,0.858965
2.0,1000,15,3683,1.803220,668.650625,1240.229407,-0.196780,-331.349375,240.229407,0.849757
2.0,1000,15,3684,0.000000,0.000000,0.000000,-2.000000,-1000.000000,-1000.000000,0.000000
2.0,1000,15,3685,1.901287,810.223577,1054.799845,-0.098713,-189.776423,54.799845,0.895440
2.0,1000,15,3686,0.000000,0.000000,0.000000,-2.000000,-1000.000000,-1000.000000,0.000000
2.0,1000,15,3687,0.000000,0.000000,0.000000,-2.000000,-1000.000000,-1000.000000,0.000000
2.0,1000,15,3688,2.778835,666.773925,1098.144380,0.778835,-333.226075,98.144380,0.881795
2.0,1000,15,3689,0.000000,0.000000,0.000000,-2.000000,-1000.000000,-1000.000000,0.000000
2.0,1000,15,3690,6.070879,2101.800395,0.000000,4.070879,1101.800395,-1000.000000,0.924694
2.0,1000,15,3691,1.438025,566.046224,1200.331974,-0.561975,-433.953776,200.331974,0.829012
2.0,1000,15,3692,0.000000,0.000000,0.000000,-2.000000,-1000.000000,-1000.000000,0.000000
2.0,1000,15,3693,2.042804,826.215188,983.888634,0.042804,-173.784812,-16.111366,0.912063
2.0,1000,15,3694,1.737324,757.537927,1238.425785,-0.262676,-242.462073,238.425785,0.903449
2.0,1000,15,3695,1.486625,564.253034,1030.351980,-0.513375,-435.746966,30.351980,0.871923
2.0,1000,15,3696,2.481350,613.066067,1389.075927,0.481350,-386.933933,389.075927,0.936695
2.0,1000,15,3697,2.214493,1374.359140,895.709500,0.214493,374.359140,-104.290500,0.880493
2.0,1000,15,3698,0.000000,0.000000,0.000000,-2.000000,-1000.000000,-1000.000000,0.000000
2.0,1000,15,3699,1.508538,646.499547,1107.070372,-0.491462,-353.500453,107.070372,0.876143
2.0,1000,15,3700,1.631728,1012.241552,1021.922752,-0.368272,12.241552,21.922752,0.891827
2.0,1000,15,3701,2.394490,1026.088598,957.960014,0.394490,26.088598,-42.039986,0.910563
2.0,1000,15,3702,1.667865,544.845738,1350.023057,-0.332135,-455.154262,350.023057,0.884153
2.0,1000,15,3703,0.000000,0.000000,0.000000,-2.000000,-1000.000000,-1000.000000,0.000000
2.0,1000,15,3704,2.048019,891.380944,1084.032195,0.048019,-108.619056,84.032195,0.934037
2.0,1000,15,3705,1.119734,595.549143,1106.303556,-0.880266,-404.450857,106.303556,0.699499
2.0,1000,15,3706,1.246279,631.003571,1314.077658,-0.753721,-368.996429,314.077658,0.755824
2.0,1000,15,3707,0.000000,0.000000,0.000000,-2.000000,-1000.000000,-1000.000000,0.000000
2.0,1000,15,3708,2.202415,851.434029,1189.267214,0.202415,-148.565971,189.267214,0.935717
2.0,1000,15,3709,1.773704,952.459279,1022.471334,-0.226296,-47.540721,22.471334,0.903803
2.0,1000,15,3710,3.284713,961.930055,1082.941130,1.284713,-38.069945,82.941130,0.907327
2.0,1000,15,3711,2.571572,1515.969861,782.458477,0.571572,515.969861,-217.541523,0.928449
2.0,1000,15,3712,1.607438,697.076940,1112.439794,-0.392562,-302.923060,112.439794,0.833091
2.0,1000,15,3713,1.219044,770.077004,1126.872885,-0.780956,-229.922996,126.872885,0.799251
2.0,1000,15,3714,0.000000,0.000000,0.000000,-2.000000,-1000.000000,-1000.000000,0.000000
2.0,1000,15,3715,1.414775,984.347546,1085.125654,-0.585225,-15.652454,85.125654,0.853433
2.0,1000,15,3716,3.869784,1448.322985,669.740327,1.869784,448.322985,-330.259673,0.797302
2.0,1000,15,3717,0.000000,0.000000,0.000000,-2.000000,-1000.000000,-1000.000000,0.000000
2.0,1000,15,3718,1.817675,1115.060591,1114.336602,-0.182325,115.060591,114.336602,0.908652
2.0,1000,15,3719,10.024667,1996.970320,0.000073,8.024667,996.970320,-999.999927,0.974568
2.0,1000,15,3720,6.443228,1956.931728,0.000069,4.443228,956.931728,-999.999931,0.923093
2.0,1000,15,3721,0.000000,0.000000,0.000000,-2.000000,-1000.000000,-1000.000000,0.000000
2.0,1000,15,3722,0.000000,0.000000,0.000000,-2.000000,-1000.000000,-1000.000000,0.000000
2.0,1000,15,3723,1.387920,729.695374,1176.905747,-0.612080,-270.304626,176.905747,0.856017
2.0,1000,15,3724,0.000000,0.000000,0.000000,-2.000000,-1000.000000,-1000.000000,0.000000
2.0,1000,15,3725,1.839537,824.821372,1048.416909,-0.160463,-175.178628,48.416909,0.883130
2.0,1000,15,3726,0.000000,0.000000,0.000000,-2.000000,-1000.000000,-1000.000000,0.000000
2.0,1000,15,3727,1.176974,712.592474,1276.886899,-0.823026,-287.407526,276.886899,0.779935
2.0,1000,15,3728,4.785151,2167.912506,0.000034,2.785151,1167.912506,-999.999966,0.945256
2.0,1000,15,3729,1.191080,749.409327,1295.093807,-0.808920,-250.590673,295.093807,0.799445
2.0,1000,15,3730,1.333102,712.263876,1055.415502,-0.666898,-287.736124,55.415502,0.815722
2.0,1000,15,3731,1.852098,717.457107,1154.423359,-0.147902,-282.542893,154.423359,0.901385
2.0,1000,15,3732,0.000000,0.000000,0.000000,-2.000000,-1000.000000,-1000.000000,0.000000
2.0,1000,15,3733,0.000000,0.000000,0.000000,-2.000000,-1000.000000,-1000.000000,0.000000
2.0,1000,15,3734,1.645025,919.201227,1103.374308,-0.354975,-80.798773,103.374308,0.908997
2.0,1000,15,3735,1.464754,622.978100,1344.287855,-0.535246,-377.021900,344.287855,0.854394
2.0,1000,15,3736,5.190224,2060.143352,0.000061,3.190224,1060.143352,-999.999939,0.930766
2.0,1000,15,3737,1.799284,1460.103722,945.198218,-0.200716,460.103722,-54.801782,0.900691
2.0,1000,15,3738,1.900543,844.612638,1160.712840,-0.099457,-155.387362,160.712840,0.914434
2.0,1000,15,3739,0.000000,0.000000,0.000000,-2.000000,-1000.000000,-1000.000000,0.000000
2.0,1000,15,3740,0.000000,0.000000,0.000000,-2.000000,-1000.000000,-1000.000000,0.000000
2.0,1000,15,3741,1.831892,740.740775,1244.565516,-0.168108,-259.259225,244.565516,0.900200
2.0,1000,15,3742,1.863281,676.389136,1022.886292,-0.136719,-323.610864,22.886292,0.863887
2.0,1000,15,3743,2.874081,1238.222167,799.161526,0.874081,238.222167,-200.838474,0.940578
2.0,1000,15,3744,1.297864,390.835763,1516.562199,-0.702136,-609.164237,516.562199,0.849431
2.0,1000,15,3745,1.293283,706.962193,1318.347060,-0.706717,-293.037807,318.347060,0.836333
2.0,1000,15,3746,0.000000,0.000000,0.000000,-2.000000,-1000.000000,-1000.000000,0.000000
2.0,1000,15,3747,0.000000,0.000000,0.000000,-2.000000,-1000.000000,-1000.000000,0.000000
2.0,1000,15,3748,2.720963,685.391653,1111.769216,0.720963,-314.608347,111.769216,0.949849
2.0,1000,15,3749,0.000000,0.000000,0.000000,-2.000000,-1000.000000,-1000.000000,0.000000
2.0,1000,15,3750,0.000000,0.000000,0.000000,-2.000000,-1000.000000,-1000.000000,0.000000
2.0,1000,15,3751,1.147866,845.318388,1123.421486,-0.852134,-154.681612,123.421486,0.748942
2.0,1000,15,3752,0.000000,0.000000,0.000000,-2.000000,-1000.000000,-1000.000000,0.000000
2.0,1000,15,3753,2.182356,868.547712,1125.484494,0.182356,-131.452288,125.484494,0.918159
2.0,1000,15,3754,2.129556,997.040675,1070.011721,0.129556,-2.959325,70.011721,0.917064
2.0,1000,15,3755,4.261612,1737.613452,321.188573,2.261612,737.613452,-678.811427,0.918532
2.0,1000,15,3756,2.986068,1485.997678,671.298824,0.986068,485.997678,-328.701176,0.930102
2.0,1000,15,3757,1.927119,810.856641,1050.699923,-0.072881,-189.143359,50.699923,0.912138
2.0,1000,15,3758,1.390870,584.055215,1300.194904,-0.609130,-415.944785,300.194904,0.829240
2.0,1000,15,3759,1.847655,955.560995,964.910022,-0.152345,-44.439005,-35.089978,0.871325
2.0,1000,15,3760,2.454003,1183.207616,839.228465,0.454003,183.207616,-160.771535,0.892802
2.0,1000,15,3761,1.223507,460.923453,1381.927681,-0.776493,-539.076547,381.927681,0.797255
2.0,1000,15,3762,2.214896,1035.871175,945.360221,0.214896,35.871175,-54.639779,0.857386
2.0,1000,15,3763,0.000000,0.000000,0.000000,-2.000000,-1000.000000,-1000.000000,0.000000
2.0,1000,15,3764,2.266773,726.760982,1292.964311,0.266773,-273.239018,292.964311,0.913955
2.0,1000,15,3765,1.602608,850.583593,1122.290162,-0.397392,-149.416407,122.290162,0.824376
2.0,1000,15,3766,6.144477,2148.263528,0.000083,4.144477,1148.263528,-999.999917,0.933995
2.0,1000,15,3767,0.000000,0.000000,0.000000,-2.000000,-1000.000000,-1000.000000,0.000000
2.0,1000,15,3768,3.718724,1151.260569,767.919027,1.718724,151.260569,-232.080973,0.940387
2.0,1000,15,3769,6.817528,2097.406608,0.000067,4.817528,1097.406608,-999.999933,0.957647
2.0,1000,15,3770,6.751556,2172.347077,0.000089,4.751556,1172.347077,-999.999911,0.966169
2.0,1000,15,3771,0.000000,0.000000,0.000000,-2.000000,-1000.000000,-1000.000000,0.000000
2.0,1000,15,3772,2.010858,709.949981,1356.673656,0.010858,-290.050019,356.673656,0.868687
2.0,1000,15,3773,0.000000,0.000000,0.000000,-2.000000,-1000.000000,-1000.000000,0.000000
2.0,1000,15,3774,1.211396,871.029278,1163.366225,-0.788604,-128.970722,163.366225,0.804839
2.0,1000,15,3775,1.961299,940.640967,1072.021614,-0.038701,-59.359033,72.021614,0.899269
2.0,1000,15,3776,3.877093,1425.430377,793.253666,1.877093,425.430377,-206.746334,0.943770
2.0,1000,15,3777,1.831312,771.161616,1268.777333,-0.168688,-228.838384,268.777333,0.915295
2.0,1000,15,3778,2.693922,943.034875,947.660661,0.693922,-56.965125,-52.339339,0.938456
2.0,1000,15,3779,2.685030,936.179895,841.094915,0.685030,-63.820105,-158.905085,0.940037
2.0,1000,15,3780,2.473555,780.774775,1278.229498,0.473555,-219.225225,278.229498,0.897231
2.0,1000,15,3781,0.000000,0.000000,0.000000,-2.000000,-1000.000000,-1000.000000,0.000000
2.0,1000,15,3782,1.725236,797.895311,1107.067756,-0.274764,-202.104689,107.067756,0.744826
2.0,1000,15,3783,0.000000,0.000000,0.000000,-2.000000,-1000.000000,-1000.000000,0.000000
2.0,1000,15,3784,1.441412,656.409512,1225.040570,-0.558588,-343.590488,225.040570,0.866155
2.0,1000,15,3785,5.618973,2056.568280,0.000000,3.618973,1056.568280,-1000.000000,0.890403
2.0,1000,15,3786,2.227944,1221.896790,881.017581,0.227944,221.896790,-118.982419,0.910919
2.0,1000,15,3787,2.063438,768.218689,1193.655229,0.063438,-231.781311,193.655229,0.898326
2.0,1000,15,3788,0.000000,0.000000,0.000000,-2.000000,-1000.000000,-1000.000000,0.000000
2.0,1000,15,3789,1.436741,718.157336,1296.031964,-0.563259,-281.842664,296.031964,0.859469
2.0,1000,15,3790,2.143923,1041.967585,1090.861739,0.143923,41.967585,90.861739,0.899586
2.0,1000,15,3791,1.810783,633.942943,1164.414503,-0.189217,-366.057057,164.414503,0.915628
2.0,1000,15,3792,0.000000,0.000000,0.000000,-2.000000,-1000.000000,-1000.000000,0.000000
2.0,1000,15,3793,2.019828,878.845344,1017.210042,0.019828,-121.154656,17.210042,0.841278
2.0,1000,15,3794,0.000000,0.000000,0.000000,-2.000000,-1000.000000,-1000.000000,0.000000
2.0,1000,15,3795,1.467542,850.029151,1279.782872,-0.532458,-149.970849,279.782872,0.885247
2.0,1000,15,3796,0.000000,0.000000,0.000000,-2.000000,-1000.000000,-1000.000000,0.000000
2.0,1000,15,3797,5.911691,2037.853453,0.000063,3.911691,1037.853453,-999.999937,0.930940
2.0,1000,15,3798,1.693365,604.793277,1262.039045,-0.306635,-395.206723,262.039045,0.909669
2.0,1000,15,3799,1.270554,308.510308,1393.130148,-0.729446,-691.489692,393.130148,0.840105
2.0,1000,15,3800,0.000000,0.000000,0.000000,-2.000000,-1000.000000,-1000.000000,0.000000
2.0,1000,15,3801,6.866831,1714.515832,0.000055,4.866831,714.515832,-999.999945,0.933631
2.0,1000,15,3802,0.000000,0.000000,0.000000,-2.000000,-1000.000000,-1000.000000,0.000000
2.0,1000,15,3803,1.994830,851.491724,1088.748712,-0.005170,-148.508276,88.748712,0.906956
2.0,1000,15,3804,1.173434,619.584507,1240.443081,-0.826566,-380.415493,240.443081,0.779222
2.0,1000,15,3805,0.000000,0.000000,0.000000,-2.000000,-1000.000000,-1000.000000,0.000000
2.0,1000,15,3806,2.329060,931.220344,993.353341,0.329060,-68.779656,-6.646659,0.905809
2.0,1000,15,3807,1.216055,637.364555,1124.124012,-0.783945,-362.635445,124.124012,0.806818
2.0,1000,15,3808,1.136357,712.322657,1231.092435,-0.863643,-287.677343,231.092435,0.745720
2.0,1000,15,3809,1.385919,499.157809,1353.863224,-0.614081,-500.842191,353.863224,0.841647
2.0,1000,15,3810,1.769317,753.053909,1055.148089,-0.230683,-246.946091,55.148089,0.904628
2.0,1000,15,3811,1.535855,891.953743,1184.654220,-0.464145,-108.046257,184.654220,0.877127
2.0,1000,15,3812,1.900653,574.696730,1314.807116,-0.099347,-425.303270,314.807116,0.864146
2.0,1000,15,3813,2.175321,822.213238,1174.695080,0.175321,-177.786762,174.695080,0.916903
2.0,1000,15,3814,1.607731,674.103364,1094.173021,-0.392269,-325.896636,94.173021,0.893687
2.0,1000,15,3815,0.000000,0.000000,0.000000,-2.000000,-1000.000000,-1000.000000,0.000000
2.0,1000,15,3816,1.767787,589.804203,1230.621746,-0.232213,-410.195797,230.621746,0.804602
2.0,1000,15,3817,0.000000,0.000000,0.000000,-2.000000,-1000.000000,-1000.000000,0.000000
2.0,1000,15,3818,2.297008,996.590574,1139.080760,0.297008,-3.409426,139.080760,0.909225
2.0,1000,15,3819,1.669181,900.769312,1100.874820,-0.330819,-99.230688,100.874820,0.880728
2.0,1000,15,3820,5.698310,2311.324487,0.000145,3.698310,1311.324487,-999.999855,0.937893
2.0,1000,15,3821,2.658877,1425.147326,777.127147,0.658877,425.147326,-222.872853,0.882070
2.0,1000,15,3822,0.000000,0.000000,0.000000,-2.000000,-1000.000000,-1000.000000,0.000000
2.0,1000,15,3823,3.967229,1507.043929,476.995058,1.967229,507.043929,-523.004942,0.907624
2.0,1000,15,3824,1.866929,1309.608475,1034.237321,-0.133071,309.608475,34.237321,0.876781
2.0,1000,15,3825,1.976407,494.475015,1408.708550,-0.023593,-505.524985,408.708550,0.922345
2.0,1000,15,3826,0.000000,0.000000,0.000000,-2.000000,-1000.000000,-1000.000000,0.000000
2.0,1000,15,3827,1.767614,418.640800,1507.984497,-0.232386,-581.359200,507.984497,0.899612
2.0,1000,15,3828,7.589445,2102.809192,0.000101,5.589445,1102.809192,-999.999899,0.814989
2.0,1000,15,3829,1.348126,950.307463,1126.747899,-0.651874,-49.692537,126.747899,0.855011
2.0,1000,15,3830,2.935576,1195.481055,805.790295,0.935576,195.481055,-194.209705,0.936933
2.0,1000,15,3831,1.642139,686.438546,1126.857430,-0.357861,-313.561454,126.857430,0.879898
2.0,1000,15,3832,0.000000,0.000000,0.000000,-2.000000,-1000.000000,-1000.000000,0.000000
2.0,1000,15,3833,1.250371,558.828962,1281.632199,-0.749629,-441.171038,281.632199,0.795296
2.0,1000,15,3834,1.323170,546.167593,1234.833931,-0.676830,-453.832407,234.833931,0.855905
2.0,1000,15,3835,1.839566,863.310552,1112.787217,-0.160434,-136.689448,112.787217,0.889170
2.0,1000,15,3836,0.000000,0.000000,0.000000,-2.000000,-1000.000000,-1000.000000,0.000000
2.0,1000,15,3837,2.174773,993.369258,947.643717,0.174773,-6.630742,-52.356283,0.928221
2.0,1000,15,3838,2.259043,844.217587,1030.049651,0.259043,-155.782413,30.049651,0.924887
2.0,1000,15,3839,2.777439,1287.305955,837.369038,0.777439,287.305955,-162.630962,0.936489
2.0,1000,15,3840,1.366469,842.693270,1087.961253,-0.633531,-157.306730,87.961253,0.852251
2.0,1000,15,3841,1.249044,716.759738,1348.177100,-0.750956,-283.240262,348.177100,0.829215
2.0,1000,15,3842,1.790814,1064.048027,1077.826805,-0.209186,64.048027,77.826805,0.911614
2.0,1000,15,3843,1.636067,769.258258,1124.809999,-0.363933,-230.741742,124.809999,0.899323
2.0,1000,15,3844,3.284490,1183.827649,804.503163,1.284490,183.827649,-195.496837,0.871784
2.0,1000,15,3845,1.424974,825.327990,1145.131333,-0.575026,-174.672010,145.131333,0.827346
2.0,1000,15,3846,2.307526,848.339874,910.233944,0.307526,-151.660126,-89.766056,0.905270
2.0,1000,15,3847,1.887000,679.166375,1182.879534,-0.113000,-320.833625,182.879534,0.917772
2.0,1000,15,3848,1.201355,360.231740,1371.608409,-0.798645,-639.768260,371.608409,0.801431
2.0,1000,15,3849,1.609046,937.044372,1020.807546,-0.390954,-62.955628,20.807546,0.874687
2.0,1000,15,3850,2.037880,1197.000018,974.229655,0.037880,197.000018,-25.770345,0.913693
2.0,1000,15,3851,0.000000,0.000000,0.000000,-2.000000,-1000.000000,-1000.000000,0.000000
2.0,1000,15,3852,1.539225,423.455323,1248.044466,-0.460775,-576.544677,248.044466,0.888855
2.0,1000,15,3853,2.956644,1057.084555,969.138583,0.956644,57.084555,-30.861417,0.952218
2.0,1000,15,3854,6.774388,2034.463273,0.000000,4.774388,1034.463273,-1000.000000,0.926915
2.0,1000,15,3855,1.243598,580.835966,1141.239836,-0.756402,-419.164034,141.239836,0.750441
2.0,1000,15,3856,5.231057,1985.969656,0.000069,3.231057,985.969656,-999.999931,0.975363
2.0,1000,15,3857,2.059308,804.789183,1259.191303,0.059308,-195.210817,259.191303,0.880895
2.0,1000,15,3858,4.220650,1270.781037,718.728072,2.220650,270.781037,-281.271928,0.952614
2.0,1000,15,3859,2.783082,1169.500755,877.956353,0.783082,169.500755,-122.043647,0.926160
2.0,1000,15,3860,2.435839,1120.176317,782.969178,0.435839,120.176317,-217.030822,0.939927
2.0,1000,15,3861,0.000000,0.000000,0.000000,-2.000000,-1000.000000,-1000.000000,0.000000
2.0,1000,15,3862,2.440989,1170.182666,841.515102,0.440989,170.182666,-158.484898,0.922007
2.0,1000,15,3863,0.000000,0.000000,0.000000,-2.000000,-1000.000000,-1000.000000,0.000000
2.0,1000,15,3864,0.000000,0.000000,0.000000,-2.000000,-1000.000000,-1000.000000,0.000000
2.0,1000,15,3865,2.233346,1089.810355,1091.522499,0.233346,89.810355,91.522499,0.904206
2.0,1000,15,3866,1.676893,1008.806709,986.253811,-0.323107,8.806709,-13.746189,0.899630
2.0,1000,15,3867,0.000000,0.000000,0.000000,-2.000000,-1000.000000,-1000.000000,0.000000
2.0,1000,15,3868,0.000000,0.000000,0.000000,-2.000000,-1000.000000,-1000.000000,0.000000
2.0,1000,15,3869,1.475742,771.505199,1337.530770,-0.524258,-228.494801,337.530770,0.898852
2.0,1000,15,3870,1.589789,956.392248,1286.419409,-0.410211,-43.607752,286.419409,0.878979
2.0,1000,15,3871,2.055647,836.163406,1063.058046,0.055647,-163.836594,63.058046,0.926312
2.0,1000,15,3872,0.000000,0.000000,0.000000,-2.000000,-1000.000000,-1000.000000,0.000000
2.0,1000,15,3873,1.841096,1053.007408,959.974028,-0.158904,53.007408,-40.025972,0.866853
2.0,1000,15,3874,1.807997,667.744709,1429.289471,-0.192003,-332.255291,429.289471,0.884192
2.0,1000,15,3875,0.000000,0.000000,0.000000,-2.000000,-1000.000000,-1000.000000,0.000000
2.0,1000,15,3876,1.176857,608.001374,1376.034066,-0.823143,-391.998626,376.034066,0.774860
2.0,1000,15,3877,1.242229,537.201623,1211.903382,-0.757771,-462.798377,211.903382,0.759082
2.0,1000,15,3878,1.789483,940.036382,1058.167812,-0.210517,-59.963618,58.167812,0.846881
2.0,1000,15,3879,1.318207,800.319512,1203.604338,-0.681793,-199.680488,203.604338,0.839685
2.0,1000,15,3880,1.756636,796.899979,1249.530176,-0.243364,-203.100021,249.530176,0.886453
2.0,1000,15,3881,1.477794,623.674760,1214.618977,-0.522206,-376.325240,214.618977,0.877578
2.0,1000,15,3882,0.000000,0.000000,0.000000,-2.000000,-1000.000000,-1000.000000,0.000000
2.0,1000,15,3883,1.395698,837.433030,1109.926429,-0.604302,-162.566970,109.926429,0.854490
2.0,1000,15,3884,1.185247,675.046459,1133.768291,-0.814753,-324.953541,133.768291,0.764037
2.0,1000,15,3885,0.000000,0.000000,0.000000,-2.000000,-1000.000000,-1000.000000,0.000000
2.0,1000,15,3886,0.000000,0.000000,0.000000,-2.000000,-1000.000000,-1000.000000,0.000000
2.0,1000,15,3887,1.217827,696.698411,1312.688133,-0.782173,-303.301589,312.688133,0.809560
2.0,1000,15,3888,1.112850,411.776959,1472.960737,-0.887150,-588.223041,472.960737,0.674884
2.0,1000,15,3889,0.000000,0.000000,0.000000,-2.000000,-1000.000000,-1000.000000,0.000000
2.0,1000,15,3890,1.487629,626.512557,1439.897840,-0.512371,-373.487443,439.897840,0.839550
2.0,1000,15,3891,0.000000,0.000000,0.000000,-2.000000,-1000.000000,-1000.000000,0.000000
2.0,1000,15,3892,7.190392,2305.984420,0.000139,5.190392,1305.984420,-999.999861,0.906069
2.0,1000,15,3893,1.178202,599.947940,1240.674710,-0.821798,-400.052060,240.674710,0.777356
2.0,1000,15,3894,2.189510,1202.789767,843.235585,0.189510,202.789767,-156.764415,0.912445
2.0,1000,15,3895,1.729208,797.778303,1198.125235,-0.270792,-202.221697,198.125235,0.921044
2.0,1000,15,3896,5.628436,2023.408913,0.000073,3.628436,1023.408913,-999.999927,0.961794
2.0,1000,15,3897,4.160995,1680.479423,336.561745,2.160995,680.479423,-663.438255,0.922975
2.0,1000,15,3898,1.624786,796.919535,1065.354992,-0.375214,-203.080465,65.354992,0.855417
2.0,1000,15,3899,0.000000,0.000000,0.000000,-2.000000,-1000.000000,-1000.000000,0.000000
2.0,1000,15,3900,0.000000,0.000000,0.000000,-2.000000,-1000.000000,-1000.000000,0.000000
2.0,1000,15,3901,1.267740,820.777818,1134.574600,-0.732260,-179.222182,134.574600,0.819448
2.0,1000,15,3902,0.000000,0.000000,0.000000,-2.000000,-1000.000000,-1000.000000,0.000000
2.0,1000,15,3903,1.879550,593.945331,1290.974113,-0.120450,-406.054669,290.974113,0.874065
2.0,1000,15,3904,0.000000,0.000000,0.000000,-2.000000,-1000.000000,-1000.000000,0.000000
2.0,1000,15,3905,0.000000,0.000000,0.000000,-2.000000,-1000.000000,-1000.000000,0.000000
2.0,1000,15,3906,1.522647,820.219781,1337.590110,-0.477353,-179.780219,337.590110,0.846148
2.0,1000,15,3907,0.000000,0.000000,0.000000,-2.000000,-1000.000000,-1000.000000,0.000000
2.0,1000,15,3908,1.849293,843.708760,1185.022646,-0.150707,-156.291240,185.022646,0.757478
2.0,1000,15,3909,2.816373,1276.931111,768.700946,0.816373,276.931111,-231.299054,0.923398
2.0,1000,15,3910,1.481780,677.535829,1058.834020,-0.518220,-322.464171,58.834020,0.879467
2.0,1000,15,3911,2.768630,1108.803139,1072.287719,0.768630,108.803139,72.287719,0.789408
2.0,1000,15,3912,1.727154,781.822681,1115.225290,-0.272846,-218.177319,115.225290,0.900583
2.0,1000,15,3913,3.531523,1201.999646,866.453825,1.531523,201.999646,-133.546175,0.928472
2.0,1000,15,3914,2.167098,709.545840,1246.813960,0.167098,-290.454160,246.813960,0.922148
2.0,1000,15,3915,6.586608,2128.448068,0.000084,4.586608,1128.448068,-999.999916,0.858207
2.0,1000,15,3916,2.477990,1405.367761,789.463291,0.477990,405.367761,-210.536709,0.907215
2.0,1000,15,3917,3.486944,1882.008697,368.730521,1.486944,882.008697,-631.269479,0.930676
2.0,1000,15,3918,3.954577,1574.674589,498.568275,1.954577,574.674589,-501.431725,0.941103
2.0,1000,15,3919,5.743545,1937.310492,0.000018,3.743545,937.310492,-999.999982,0.918787
2.0,1000,15,3920,0.000000,0.000000,0.000000,-2.000000,-1000.000000,-1000.000000,0.000000
2.0,1000,15,3921,1.627457,1070.364813,1171.019863,-0.372543,70.364813,171.019863,0.902749
2.0,1000,15,3922,2.551075,1144.715799,790.092575,0.551075,144.715799,-209.907425,0.889010
2.0,1000,15,3923,2.450885,1481.023876,732.144266,0.450885,481.023876,-267.855734,0.941599
2.0,1000,15,3924,1.821862,986.138357,977.499668,-0.178138,-13.861643,-22.500332,0.852120
2.0,1000,15,3925,2.250725,968.946537,1051.408556,0.250725,-31.053463,51.408556,0.901190
2.0,1000,15,3926,1.671816,793.236469,1154.101615,-0.328184,-206.763531,154.101615,0.916496
2.0,1000,15,3927,1.728414,1223.683756,1083.196279,-0.271586,223.683756,83.196279,0.880319
2.0,1000,15,3928,0.000000,0.000000,0.000000,-2.000000,-1000.000000,-1000.000000,0.000000
2.0,1000,15,3929,1.893479,1101.110207,908.325210,-0.106521,101.110207,-91.674790,0.878119
2.0,1000,15,3930,1.212194,776.893180,1176.602969,-0.787806,-223.106820,176.602969,0.807801
2.0,1000,15,3931,1.869024,900.192718,992.169467,-0.130976,-99.807282,-7.830533,0.858962
2.0,1000,15,3932,1.710872,1038.313840,1021.367409,-0.289128,38.313840,21.367409,0.875209
2.0,1000,15,3933,1.733982,939.959099,1003.996505,-0.266018,-60.040901,3.996505,0.841942
2.0,1000,15,3934,1.321507,865.536986,1186.227669,-0.678493,-134.463014,186.227669,0.847859
2.0,1000,15,3935,1.935909,730.884624,1040.548718,-0.064091,-269.115376,40.548718,0.903832
2.0,1000,15,3936,5.559487,2072.548784,0.000086,3.559487,1072.548784,-999.999914,0.942223
2.0,1000,15,3937,1.258981,666.017404,1139.778945,-0.741019,-333.982596,139.778945,0.838916
2.0,1000,15,3938,2.244565,1064.003244,894.768815,0.244565,64.003244,-105.231185,0.918573
2.0,1000,15,3939,1.909734,865.750186,1275.629874,-0.090266,-134.249814,275.629874,0.899805
2.0,1000,15,3940,7.127547,2296.138557,0.000000,5.127547,1296.138557,-1000.000000,0.900548
2.0,1000,15,3941,6.491188,2003.584648,0.000098,4.491188,1003.584648,-999.999902,0.964354
2.0,1000,15,3942,0.000000,0.000000,0.000000,-2.000000,-1000.000000,-1000.000000,0.000000
2.0,1000,15,3943,2.944585,1184.259866,715.738415,0.944585,184.259866,-284.261585,0.951175
2.0,1000,15,3944,1.737244,842.643896,1114.580201,-0.262756,-157.356104,114.580201,0.892556
2.0,1000,15,3945,1.380890,667.246517,1534.060385,-0.619110,-332.753483,534.060385,0.868324
2.0,1000,15,3946,1.768163,648.586231,1338.082920,-0.231837,-351.413769,338.082920,0.914962
2.0,1000,15,3947,2.209542,1044.508059,943.779577,0.209542,44.508059,-56.220423,0.917472
2.0,1000,15,3948,2.573514,1265.394964,848.489741,0.573514,265.394964,-151.510259,0.938679
2.0,1000,15,3949,5.761284,2184.383233,0.000000,3.761284,1184.383233,-1000.000000,0.896239
2.0,1000,15,3950,0.000000,0.000000,0.000000,-2.000000,-1000.000000,-1000.000000,0.000000
2.0,1000,15,3951,2.037984,856.141298,1001.777911,0.037984,-143.858702,1.777911,0.912800
2.0,1000,15,3952,2.135190,1059.342622,1089.903959,0.135190,59.342622,89.903959,0.924173
2.0,1000,15,3953,1.994085,1017.112847,974.088753,-0.005915,17.112847,-25.911247,0.924081
2.0,1000,15,3954,1.598169,756.373752,1120.715975,-0.401831,-243.626248,120.715975,0.851229
2.0,1000,15,3955,3.116489,1468.643075,597.457306,1.116489,468.643075,-402.542694,0.949345
2.0,1000,15,3956,1.852307,495.794505,1466.872280,-0.147693,-504.205495,466.872280,0.898229
2.0,1000,15,3957,0.000000,0.000000,0.000000,-2.000000,-1000.000000,-1000.000000,0.000000
2.0,1000,15,3958,0.000000,0.000000,0.000000,-2.000000,-1000.000000,-1000.000000,0.000000
2.0,1000,15,3959,0.000000,0.000000,0.000000,-2.000000,-1000.000000,-1000.000000,0.000000
2.0,1000,15,3960,3.295067,1293.313864,781.896050,1.295067,293.313864,-218.103950,0.950603
2.0,1000,15,3961,1.291159,635.217014,1375.397439,-0.708841,-364.782986,375.397439,0.812552
2.0,1000,15,3962,1.811834,745.820523,1020.242514,-0.188166,-254.179477,20.242514,0.875057
2.0,1000,15,3963,2.474369,974.086497,1058.315390,0.474369,-25.913503,58.315390,0.929840
2.0,1000,15,3964,1.900168,812.924494,1114.106571,-0.099832,-187.075506,114.106571,0.878717
2.0,1000,15,3965,0.000000,0.000000,0.000000,-2.000000,-1000.000000,-1000.000000,0.000000
2.0,1000,15,3966,0.000000,0.000000,0.000000,-2.000000,-1000.000000,-1000.000000,0.000000
2.0,1000,15,3967,1.193571,752.149920,1149.080619,-0.806429,-247.850080,149.080619,0.771185
2.0,1000,15,3968,1.446338,941.322381,1181.306921,-0.553662,-58.677619,181.306921,0.888709
2.0,1000,15,3969,7.348284,1905.276642,0.000064,5.348284,905.276642,-999.999936,0.926919
2.0,1000,15,3970,6.785720,2282.169657,0.000045,4.785720,1282.169657,-999.999955,0.929718
2.0,1000,15,3971,6.590001,1757.287308,0.000151,4.590001,757.287308,-999.999849,0.963448
2.0,1000,15,3972,3.831010,902.678093,806.279583,1.831010,-97.321907,-193.720417,0.950477
2.0,1000,15,3973,2.462657,1508.720220,900.807377,0.462657,508.720220,-99.192623,0.876377
2.0,1000,15,3974,1.503157,849.312417,1215.428446,-0.496843,-150.687583,215.428446,0.882914
2.0,1000,15,3975,1.493277,667.623050,1360.526006,-0.506723,-332.376950,360.526006,0.886571
2.0,1000,15,3976,1.786819,964.348389,1093.182828,-0.213181,-35.651611,93.182828,0.874590
2.0,1000,15,3977,2.165784,1046.343178,896.602122,0.165784,46.343178,-103.397878,0.872460
2.0,1000,15,3978,1.606301,886.038004,996.286686,-0.393699,-113.961996,-3.713314,0.902219
2.0,1000,15,3979,4.615543,1367.952774,568.604120,2.615543,367.952774,-431.395880,0.956993
2.0,1000,15,3980,0.000000,0.000000,0.000000,-2.000000,-1000.000000,-1000.000000,0.000000
2.0,1000,15,3981,1.196185,751.731302,1311.943941,-0.803815,-248.268698,311.943941,0.787652
2.0,1000,15,3982,0.000000,0.000000,0.000000,-2.000000,-1000.000000,-1000.000000,0.000000
2.0,1000,15,3983,5.682305,1962.973504,0.000000,3.682305,962.973504,-1000.000000,0.916887
2.0,1000,15,3984,1.422180,672.127928,1383.639095,-0.577820,-327.872072,383.639095,0.879308
2.0,1000,15,3985,1.598238,1188.629015,1067.265562,-0.401762,188.629015,67.265562,0.815340
2.0,1000,15,3986,1.361795,647.138135,1160.829631,-0.638205,-352.861865,160.829631,0.837580
2.0,1000,15,3987,6.336791,2149.462980,0.000150,4.336791,1149.462980,-999.999850,0.903599
2.0,1000,15,3988,2.500875,883.633391,1023.819436,0.500875,-116.366609,23.819436,0.905381
2.0,1000,15,3989,1.254603,599.601184,1287.223916,-0.745397,-400.398816,287.223916,0.797129
2.0,1000,15,3990,1.305493,829.828298,1537.358407,-0.694507,-170.171702,537.358407,0.808337
2.0,1000,15,3991,1.484377,907.201719,1006.077569,-0.515623,-92.798281,6.077569,0.839067
2.0,1000,15,3992,1.329911,752.352374,1086.256870,-0.670089,-247.647626,86.256870,0.851011
2.0,1000,15,3993,2.985279,1041.100385,831.361870,0.985279,41.100385,-168.638130,0.891778
2.0,1000,15,3994,1.612662,1230.606918,1073.503665,-0.387338,230.606918,73.503665,0.811718
2.0,1000,15,3995,4.595573,2004.411607,0.000048,2.595573,1004.411607,-999.999952,0.908617
2.0,1000,15,3996,1.842881,1037.978205,1054.044623,-0.157119,37.978205,54.044623,0.885973
2.0,1000,15,3997,1.111634,647.844182,1219.896876,-0.888366,-352.155818,219.896876,0.709683
2.0,1000,15,3998,3.267148,1584.827232,556.897782,1.267148,584.827232,-443.102218,0.936135
2.0,1000,15,3999,1.203381,620.751963,1269.312535,-0.796619,-379.248037,269.312535,0.805122
2.0,1000,15,4000,4.731283,2327.206530,0.000086,2.731283,1327.206530,-999.999914,0.905559
2.0,1000,15,4001,1.373354,687.665826,1167.781323,-0.626646,-312.334174,167.781323,0.870892
2.0,1000,15,4002,2.379281,985.308385,857.389518,0.379281,-14.691615,-142.610482,0.865306
2.0,1000,15,4003,1.421804,725.696252,1144.752142,-0.578196,-274.303748,144.752142,0.870762
2.0,1000,15,4004,2.753901,976.104547,1111.094162,0.753901,-23.895453,111.094162,0.828664
2.0,1000,15,4005,0.000000,0.000000,0.000000,-2.000000,-1000.000000,-1000.000000,0.000000
2.0,1000,15,4006,7.524302,1945.221096,0.000139,5.524302,945.221096,-999.999861,0.909981
2.0,1000,15,4007,5.301647,2072.486996,0.000166,3.301647,1072.486996,-999.999834,0.916209
2.0,1000,15,4008,1.303107,779.696200,1193.954681,-0.696893,-220.303800,193.954681,0.846395
2.0,1000,15,4009,3.580602,1590.384803,633.608946,1.580602,590.384803,-366.391054,0.913906
2.0,1000,15,4010,5.038626,2012.588258,0.000067,3.038626,1012.588258,-999.999933,0.910300
2.0,1000,15,4011,0.000000,0.000000,0.000000,-2.000000,-1000.000000,-1000.000000,0.000000
2.0,1000,15,4012,0.000000,0.000000,0.000000,-2.000000,-1000.000000,-1000.000000,0.000000
2.0,1000,15,4013,3.474045,1474.260245,681.844008,1.474045,474.260245,-318.155992,0.922940
2.0,1000,15,4014,2.224190,1014.591986,1029.046747,0.224190,14.591986,29.046747,0.931763
2.0,1000,15,4015,0.000000,0.000000,0.000000,-2.000000,-1000.000000,-1000.000000,0.000000
2.0,1000,15,4016,1.112839,680.951542,1354.338035,-0.887161,-319.048458,354.338035,0.699075
2.0,1000,15,4017,2.601149,1114.936846,894.988508,0.601149,114.936846,-105.011492,0.839411
2.0,1000,15,4018,2.007629,833.034253,1027.924972,0.007629,-166.965747,27.924972,0.910012
2.0,1000,15,4019,0.000000,0.000000,0.000000,-2.000000,-1000.000000,-1000.000000,0.000000
2.0,1000,15,4020,0.000000,0.000000,0.000000,-2.000000,-1000.000000,-1000.000000,0.000000
2.0,1000,15,4021,1.835087,751.720374,1273.898558,-0.164913,-248.279626,273.898558,0.918308
2.0,1000,15,4022,1.580653,807.229239,1137.885407,-0.419347,-192.770761,137.885407,0.802508
2.0,1000,15,4023,6.322344,1958.674040,0.000096,4.322344,958.674040,-999.999904,0.958760
2.0,1000,15,4024,1.936670,784.019084,1088.849507,-0.063330,-215.980916,88.849507,0.913445
2.0,1000,15,4025,1.553911,788.578274,1211.811339,-0.446089,-211.421726,211.811339,0.856112
2.0,1000,15,4026,1.702362,855.819158,1207.543617,-0.297638,-144.180842,207.543617,0.916793
2.0,1000,15,4027,1.708635,1220.053809,944.890183,-0.291365,220.053809,-55.109817,0.902040
2.0,1000,15,4028,0.000000,0.000000,0.000000,-2.000000,-1000.000000,-1000.000000,0.000000
2.0,1000,15,4029,1.571754,609.231219,1261.972559,-0.428246,-390.768781,261.972559,0.826093
2.0,1000,15,4030,1.668104,931.970997,1064.762013,-0.331896,-68.029003,64.762013,0.909813
2.0,1000,15,4031,1.853617,701.402231,1124.676508,-0.146383,-298.597769,124.676508,0.919807
2.0,1000,15,4032,1.496294,847.372823,1122.765534,-0.503706,-152.627177,122.765534,0.881125
2.0,1000,15,4033,1.258481,437.232375,1453.639657,-0.741519,-562.767625,453.639657,0.798789
2.0,1000,15,4034,1.444750,694.429935,1157.318603,-0.555250,-305.570065,157.318603,0.830188
2.0,1000,15,4035,1.515455,620.686798,1277.439092,-0.484545,-379.313202,277.439092,0.880526
2.0,1000,15,4036,2.300759,1022.185165,984.376218,0.300759,22.185165,-15.623782,0.872552
2.0,1000,15,4037,2.331024,975.279067,963.433237,0.331024,-24.720933,-36.566763,0.934277
2.0,1000,15,4038,2.939099,1415.631944,709.528278,0.939099,415.631944,-290.471722,0.914790
2.0,1000,15,4039,0.000000,0.000000,0.000000,-2.000000,-1000.000000,-1000.000000,0.000000
2.0,1000,15,4040,0.000000,0.000000,0.000000,-2.000000,-1000.000000,-1000.000000,0.000000
2.0,1000,15,4041,1.729350,951.650736,1015.138006,-0.270650,-48.349264,15.138006,0.881210
2.0,1000,15,4042,1.320346,860.848410,1189.298765,-0.679654,-139.151590,189.298765,0.777469
2.0,1000,15,4043,1.900972,977.380311,985.848899,-0.099028,-22.619689,-14.151101,0.920440
2.0,1000,15,4044,1.725548,877.393763,1144.088125,-0.274452,-122.606237,144.088125,0.905897
2.0,1000,15,4045,2.613596,1054.093697,954.807408,0.613596,54.093697,-45.192592,0.937043
2.0,1000,15,4046,5.214219,2045.094166,0.000057,3.214219,1045.094166,-999.999943,0.961720
2.0,1000,15,4047,2.032932,772.008747,1247.257772,0.032932,-227.991253,247.257772,0.864125
2.0,1000,15,4048,1.797726,1112.609549,1013.284583,-0.202274,112.609549,13.284583,0.856544
2.0,1000,15,4049,3.915892,1731.186094,493.205467,1.915892,731.186094,-506.794533,0.943655
2.0,1000,15,4050,1.791531,876.504243,1093.256515,-0.208469,-123.495757,93.256515,0.888582
2.0,1000,15,4051,1.429938,457.913232,1218.639593,-0.570062,-542.086768,218.639593,0.863053
2.0,1000,15,4052,1.327639,796.711456,1210.381254,-0.672361,-203.288544,210.381254,0.857498
2.0,1000,15,4053,2.602281,811.312675,1143.897177,0.602281,-188.687325,143.897177,0.933237
2.0,1000,15,4054,0.000000,0.000000,0.000000,-2.000000,-1000.000000,-1000.000000,0.000000
2.0,1000,15,4055,0.000000,0.000000,0.000000,-2.000000,-1000.000000,-1000.000000,0.000000
2.0,1000,15,4056,2.163785,726.398148,1202.005303,0.163785,-273.601852,202.005303,0.903218
2.0,1000,15,4057,1.191028,698.977841,1196.121999,-0.808972,-301.022159,196.121999,0.756581
2.0,1000,15,4058,1.262520,835.355491,1135.964633,-0.737480,-164.644509,135.964633,0.735631
2.0,1000,15,4059,1.255674,562.925274,1182.972291,-0.744326,-437.074726,182.972291,0.828193
2.0,1000,15,4060,1.603716,720.747451,1104.144676,-0.396284,-279.252549,104.144676,0.868773
2.0,1000,15,4061,1.880622,888.174026,1062.209207,-0.119378,-111.825974,62.209207,0.860369
2.0,1000,15,4062,1.361058,845.895239,1164.867439,-0.638942,-154.104761,164.867439,0.832350
2.0,1000,15,4063,2.853486,1240.100000,725.514418,0.853486,240.100000,-274.485582,0.922164
2.0,1000,15,4064,2.748912,909.539295,1072.393274,0.748912,-90.460705,72.393274,0.928823
2.0,1000,15,4065,2.582456,1220.991385,927.290119,0.582456,220.991385,-72.709881,0.931783
2.0,1000,15,4066,2.677659,1263.040462,784.664247,0.677659,263.040462,-215.335753,0.914545
2.0,1000,15,4067,1.626729,775.927557,1372.966135,-0.373271,-224.072443,372.966135,0.877150
2.0,1000,15,4068,0.000000,0.000000,0.000000,-2.000000,-1000.000000,-1000.000000,0.000000
2.0,1000,15,4069,0.000000,0.000000,0.000000,-2.000000,-1000.000000,-1000.000000,0.000000
2.0,1000,15,4070,0.000000,0.000000,0.000000,-2.000000,-1000.000000,-1000.000000,0.000000
2.0,1000,15,4071,2.559523,764.848689,1086.214678,0.559523,-235.151311,86.214678,0.908499
2.0,1000,15,4072,0.000000,0.000000,0.000000,-2.000000,-1000.000000,-1000.000000,0.000000
2.0,1000,15,4073,1.730734,816.885821,1129.780724,-0.269266,-183.114179,129.780724,0.907153
2.0,1000,15,4074,2.553259,1205.447295,904.118981,0.553259,205.447295,-95.881019,0.944093
2.0,1000,15,4075,1.282614,729.716790,1471.758202,-0.717386,-270.283210,471.758202,0.830986
2.0,1000,15,4076,1.600811,916.900812,1113.977222,-0.399189,-83.099188,113.977222,0.902099
2.0,1000,15,4077,1.496396,586.815167,1234.953186,-0.503604,-413.184833,234.953186,0.855361
2.0,1000,15,4078,0.000000,0.000000,0.000000,-2.000000,-1000.000000,-1000.000000,0.000000
2.0,1000,15,4079,3.331799,1912.942572,253.982756,1.331799,912.942572,-746.017244,0.885450
2.0,1000,15,4080,5.669386,2128.187670,0.000000,3.669386,1128.187670,-1000.000000,0.872272
2.0,1000,15,4081,0.000000,0.000000,0.000000,-2.000000,-1000.000000,-1000.000000,0.000000
2.0,1000,15,4082,0.000000,0.000000,0.000000,-2.000000,-1000.000000,-1000.000000,0.000000
2.0,1000,15,4083,1.856554,750.025371,1412.086857,-0.143446,-249.974629,412.086857,0.911950
2.0,1000,15,4084,5.693588,2253.664594,0.000000,3.693588,1253.664594,-1000.000000,0.865096
2.0,1000,15,4085,0.000000,0.000000,0.000000,-2.000000,-1000.000000,-1000.000000,0.000000
2.0,1000,15,4086,1.383654,466.529137,1488.480351,-0.616346,-533.470863,488.480351,0.855269
2.0,1000,15,4087,0.000000,0.000000,0.000000,-2.000000,-1000.000000,-1000.000000,0.000000
2.0,1000,15,4088,7.311534,2032.833538,0.000064,5.311534,1032.833538,-999.999936,0.876125
2.0,1000,15,4089,2.026008,977.878297,883.835871,0.026008,-22.121703,-116.164129,0.922968
2.0,1000,15,4090,0.000000,0.000000,0.000000,-2.000000,-1000.000000,-1000.000000,0.000000
2.0,1000,15,4091,1.296694,775.354252,1259.186800,-0.703306,-224.645748,259.186800,0.825334
2.0,1000,15,4092,2.120609,808.003492,1120.019003,0.120609,-191.996508,120.019003,0.930444
2.0,1000,15,4093,1.844921,667.042628,1421.275793,-0.155079,-332.957372,421.275793,0.898432
2.0,1000,15,4094,1.813360,1008.886165,1034.822866,-0.186640,8.886165,34.822866,0.872658
2.0,1000,15,4095,1.533286,1028.552872,1005.402224,-0.466714,28.552872,5.402224,0.834221
2.0,1000,15,4096,3.138348,1500.300088,721.910020,1.138348,500.300088,-278.089980,0.892725
2.0,1000,15,4097,0.000000,0.000000,0.000000,-2.000000,-1000.000000,-1000.000000,0.000000
2.0,1000,15,4098,1.355551,666.069361,1294.760458,-0.644449,-333.930639,294.760458,0.840582
2.0,1000,15,4099,3.017579,1588.289221,612.552393,1.017579,588.289221,-387.447607,0.941628
2.0,1000,15,4100,1.446137,673.930716,1222.435237,-0.553863,-326.069284,222.435237,0.878513
2.0,1000,15,4101,0.000000,0.000000,0.000000,-2.000000,-1000.000000,-1000.000000,0.000000
2.0,1000,15,4102,0.000000,0.000000,0.000000,-2.000000,-1000.000000,-1000.000000,0.000000
2.0,1000,15,4103,1.437249,721.801982,1109.135443,-0.562751,-278.198018,109.135443,0.876464
2.0,1000,15,4104,2.015654,684.962525,1074.655120,0.015654,-315.037475,74.655120,0.849752
2.0,1000,15,4105,0.000000,0.000000,0.000000,-2.000000,-1000.000000,-1000.000000,0.000000
2.0,1000,15,4106,2.260454,859.529600,1127.695191,0.260454,-140.470400,127.695191,0.883916
2.0,1000,15,4107,0.000000,0.000000,0.000000,-2.000000,-1000.000000,-1000.000000,0.000000
2.0,1000,15,4108,1.800467,741.135350,1067.375314,-0.199533,-258.864650,67.375314,0.881827
2.0,1000,15,4109,1.690385,825.734348,1249.216713,-0.309615,-174.265652,249.216713,0.884014
2.0,1000,15,4110,1.757395,722.796400,1056.309914,-0.242605,-277.203600,56.309914,0.871817
2.0,1000,15,4111,2.806049,1179.356430,784.900602,0.806049,179.356430,-215.099398,0.928329
2.0,1000,15,4112,4.359793,2228.733258,0.000017,2.359793,1228.733258,-999.999983,0.925365
2.0,1000,15,4113,6.260645,2133.651596,0.000190,4.260645,1133.651596,-999.999810,0.924302
2.0,1000,15,4114,5.688320,2147.556248,0.000054,3.688320,1147.556248,-999.999946,0.959628
2.0,1000,15,4115,1.571036,951.971644,1075.817444,-0.428964,-48.028356,75.817444,0.875864
2.0,1000,15,4116,1.260112,667.548361,1083.440908,-0.739888,-332.451639,83.440908,0.804786
2.0,1000,15,4117,1.918961,773.290680,1030.546095,-0.081039,-226.709320,30.546095,0.922520
2.0,1000,15,4118,1.652409,664.163254,1252.872259,-0.347591,-335.836746,252.872259,0.848301
2.0,1000,15,4119,0.000000,0.000000,0.000000,-2.000000,-1000.000000,-1000.000000,0.000000
2.0,1000,15,4120,1.412300,676.930131,1274.186514,-0.587700,-323.069869,274.186514,0.867249
2.0,1000,15,4121,1.209166,611.761785,1236.987035,-0.790834,-388.238215,236.987035,0.809287
2.0,1000,15,4122,7.011970,2051.714179,0.000076,5.011970,1051.714179,-999.999924,0.927873
2.0,1000,15,4123,0.000000,0.000000,0.000000,-2.000000,-1000.000000,-1000.000000,0.000000
2.0,1000,15,4124,1.238673,459.010142,1381.807267,-0.761327,-540.989858,381.807267,0.817604
2.0,1000,15,4125,1.254100,609.839257,1307.759065,-0.745900,-390.160743,307.759065,0.835371
2.0,1000,15,4126,6.213109,2027.521027,0.000019,4.213109,1027.521027,-999.999981,0.938193
2.0,1000,15,4127,0.000000,0.000000,0.000000,-2.000000,-1000.000000,-1000.000000,0.000000
2.0,1000,15,4128,2.417660,1195.339983,858.559173,0.417660,195.339983,-141.440827,0.888018
2.0,1000,15,4129,2.326251,906.465839,1101.081103,0.326251,-93.534161,101.081103,0.900313
2.0,1000,15,4130,1.803783,605.397296,1298.660714,-0.196217,-394.602704,298.660714,0.910289
2.0,1000,15,4131,1.723060,805.293444,1147.178189,-0.276940,-194.706556,147.178189,0.897144
2.0,1000,15,4132,1.882951,704.257586,1169.023812,-0.117049,-295.742414,169.023812,0.869671
2.0,1000,15,4133,1.630718,983.926807,1010.832019,-0.369282,-16.073193,10.832019,0.904107
2.0,1000,15,4134,0.000000,0.000000,0.000000,-2.000000,-1000.000000,-1000.000000,0.000000
2.0,1000,15,4135,2.549569,1120.573273,786.882368,0.549569,120.573273,-213.117632,0.934303
2.0,1000,15,4136,0.000000,0.000000,0.000000,-2.000000,-1000.000000,-1000.000000,0.000000
2.0,1000,15,4137,0.000000,0.000000,0.000000,-2.000000,-1000.000000,-1000.000000,0.000000
2.0,1000,15,4138,1.473706,758.611532,1107.458091,-0.526294,-241.388468,107.458091,0.851066
2.0,1000,15,4139,1.797465,898.421855,1176.660446,-0.202535,-101.578145,176.660446,0.920900
2.0,1000,15,4140,4.006723,1519.938949,545.025350,2.006723,519.938949,-454.974650,0.896544
2.0,1000,15,4141,2.119207,1051.644877,1257.729688,0.119207,51.644877,257.729688,0.909457
2.0,1000,15,4142,4.565670,1969.035135,0.000041,2.565670,969.035135,-999.999959,0.891579
2.0,1000,15,4143,1.417507,668.360081,1370.136703,-0.582493,-331.639919,370.136703,0.813112
2.0,1000,15,4144,2.104380,814.628995,1079.319230,0.104380,-185.371005,79.319230,0.884602
2.0,1000,15,4145,1.585663,817.524130,1280.063243,-0.414337,-182.475870,280.063243,0.842998
2.0,1000,15,4146,1.281291,461.328643,1254.385616,-0.718709,-538.671357,254.385616,0.772553
2.0,1000,15,4147,1.491186,700.530127,1303.240518,-0.508814,-299.469873,303.240518,0.880181
2.0,1000,15,4148,1.494746,666.401475,1198.235954,-0.505254,-333.598525,198.235954,0.843169
2.0,1000,15,4149,1.440045,806.057158,1343.569993,-0.559955,-193.942842,343.569993,0.890556
2.0,1000,15,4150,1.674984,687.156719,999.649965,-0.325016,-312.843281,-0.350035,0.880480
2.0,1000,15,4151,1.212381,901.512796,1092.009180,-0.787619,-98.487204,92.009180,0.814038
2.0,1000,15,4152,0.000000,0.000000,0.000000,-2.000000,-1000.000000,-1000.000000,0.000000
2.0,1000,15,4153,5.891005,2252.446766,0.000070,3.891005,1252.446766,-999.999930,0.969791
2.0,1000,15,4154,2.045167,994.922472,1026.583841,0.045167,-5.077528,26.583841,0.907714
2.0,1000,15,4155,1.688253,1004.236527,1107.918277,-0.311747,4.236527,107.918277,0.894602
2.0,1000,15,4156,1.614323,920.414031,1309.798747,-0.385677,-79.585969,309.798747,0.889617
2.0,1000,15,4157,5.304767,1943.063960,0.000000,3.304767,943.063960,-1000.000000,0.915485
2.0,1000,15,4158,1.497763,695.308160,1016.548102,-0.502237,-304.691840,16.548102,0.887938
2.0,1000,15,4159,1.392531,722.963460,1200.008178,-0.607469,-277.036540,200.008178,0.863654
2.0,1000,15,4160,0.000000,0.000000,0.000000,-2.000000,-1000.000000,-1000.000000,0.000000
2.0,1000,15,4161,5.003623,2127.244073,0.000173,3.003623,1127.244073,-999.999827,0.921671
2.0,1000,15,4162,0.000000,0.000000,0.000000,-2.000000,-1000.000000,-1000.000000,0.000000
2.0,1000,15,4163,1.378881,840.021889,1118.354941,-0.621119,-159.978111,118.354941,0.851460
2.0,1000,15,4164,0.000000,0.000000,0.000000,-2.000000,-1000.000000,-1000.000000,0.000000
2.0,1000,15,4165,5.456501,1990.600344,0.000000,3.456501,990.600344,-1000.000000,0.902829
2.0,1000,15,4166,0.000000,0.000000,0.000000,-2.000000,-1000.000000,-1000.000000,0.000000
2.0,1000,15,4167,6.211530,1895.518736,0.000195,4.211530,895.518736,-999.999805,0.940485
2.0,1000,15,4168,0.000000,0.000000,0.000000,-2.000000,-1000.000000,-1000.000000,0.000000
2.0,1000,15,4169,2.562220,1085.214672,1071.955281,0.562220,85.214672,71.955281,0.926967
2.0,1000,15,4170,6.105743,2051.678047,0.000047,4.105743,1051.678047,-999.999953,0.972333
2.0,1000,15,4171,1.437807,729.433339,1473.334401,-0.562193,-270.566661,473.334401,0.866046
2.0,1000,15,4172,1.530357,795.948601,1164.872599,-0.469643,-204.051399,164.872599,0.877100
2.0,1000,15,4173,6.726540,2094.882476,0.000052,4.726540,1094.882476,-999.999948,0.952324
2.0,1000,15,4174,2.005529,856.911965,1149.157135,0.005529,-143.088035,149.157135,0.921185
2.0,1000,15,4175,3.176204,1262.203576,713.972045,1.176204,262.203576,-286.027955,0.951973
2.0,1000,15,4176,1.872662,972.018983,1080.456052,-0.127338,-27.981017,80.456052,0.862278
2.0,1000,15,4177,3.069834,1293.400655,927.011078,1.069834,293.400655,-72.988922,0.897936
2.0,1000,15,4178,0.000000,0.000000,0.000000,-2.000000,-1000.000000,-1000.000000,0.000000
2.0,1000,15,4179,1.601979,731.482907,1072.551367,-0.398021,-268.517093,72.551367,0.905512
2.0,1000,15,4180,3.074304,1638.149353,525.485771,1.074304,638.149353,-474.514229,0.945408
2.0,1000,15,4181,4.890724,2177.696894,0.000082,2.890724,1177.696894,-999.999918,0.951699
2.0,1000,15,4182,1.279822,564.562228,1138.422784,-0.720178,-435.437772,138.422784,0.782874
2.0,1000,15,4183,1.591247,892.248050,1021.912337,-0.408753,-107.751950,21.912337,0.898851
2.0,1000,15,4184,1.976141,1041.129539,966.875346,-0.023859,41.129539,-33.124654,0.873524
2.0,1000,15,4185,1.901528,962.979146,1013.892281,-0.098472,-37.020854,13.892281,0.926396
2.0,1000,15,4186,0.000000,0.000000,0.000000,-2.000000,-1000.000000,-1000.000000,0.000000
2.0,1000,15,4187,0.000000,0.000000,0.000000,-2.000000,-1000.000000,-1000.000000,0.000000
2.0,1000,15,4188,1.279791,644.205717,1241.999071,-0.720209,-355.794283,241.999071,0.841684
2.0,1000,15,4189,1.223956,905.510938,1152.004674,-0.776044,-94.489062,152.004674,0.822780
2.0,1000,15,4190,2.031320,750.401122,1088.186026,0.031320,-249.598878,88.186026,0.864860
2.0,1000,15,4191,1.595263,538.854850,1381.365452,-0.404737,-461.145150,381.365452,0.878015
2.0,1000,15,4192,2.360598,1233.923839,878.101076,0.360598,233.923839,-121.898924,0.926952
2.0,1000,15,4193,2.200256,997.084615,1017.443013,0.200256,-2.915385,17.443013,0.918980
2.0,1000,15,4194,6.400619,1968.639099,0.000000,4.400619,968.639099,-1000.000000,0.872382
2.0,1000,15,4195,1.508440,753.131974,1100.533689,-0.491560,-246.868026,100.533689,0.860759
2.0,1000,15,4196,1.532621,665.907968,1317.397148,-0.467379,-334.092032,317.397148,0.896223
2.0,1000,15,4197,0.000000,0.000000,0.000000,-2.000000,-1000.000000,-1000.000000,0.000000
2.0,1000,15,4198,2.200399,1106.235606,928.161379,0.200399,106.235606,-71.838621,0.936624
2.0,1000,15,4199,6.657581,2071.326980,0.000050,4.657581,1071.326980,-999.999950,0.894356
2.0,1000,15,4200,1.719566,962.286403,1333.462963,-0.280434,-37.713597,333.462963,0.899605
2.0,1000,15,4201,1.663763,868.428192,1036.049722,-0.336237,-131.571808,36.049722,0.907222
2.0,1000,15,4202,0.000000,0.000000,0.000000,-2.000000,-1000.000000,-1000.000000,0.000000
2.0,1000,15,4203,1.856663,798.183603,1066.357969,-0.143337,-201.816397,66.357969,0.903953
2.0,1000,15,4204,5.525187,2156.591272,0.000078,3.525187,1156.591272,-999.999922,0.919912
2.0,1000,15,4205,0.000000,0.000000,0.000000,-2.000000,-1000.000000,-1000.000000,0.000000
2.0,1000,15,4206,1.418861,754.474859,1295.770768,-0.581139,-245.525141,295.770768,0.888352
2.0,1000,15,4207,1.509028,1038.142577,1068.588771,-0.490972,38.142577,68.588771,0.878768
2.0,1000,15,4208,2.204809,1083.758852,1050.932286,0.204809,83.758852,50.932286,0.915358
2.0,1000,15,4209,2.196594,956.701133,1080.577454,0.196594,-43.298867,80.577454,0.876322
2.0,1000,15,4210,5.212764,2037.377616,0.000248,3.212764,1037.377616,-999.999752,0.927348
2.0,1000,15,4211,1.304709,608.932268,1419.540638,-0.695291,-391.067732,419.540638,0.815566
2.0,1000,15,4212,1.420946,725.825975,1160.165660,-0.579054,-274.174025,160.165660,0.823856
2.0,1000,15,4213,0.000000,0.000000,0.000000,-2.000000,-1000.000000,-1000.000000,0.000000
2.0,1000,15,4214,1.373497,637.318286,1314.012754,-0.626503,-362.681714,314.012754,0.844834
2.0,1000,15,4215,0.000000,0.000000,0.000000,-2.000000,-1000.000000,-1000.000000,0.000000
2.0,1000,15,4216,2.225702,991.058457,1191.392983,0.225702,-8.941543,191.392983,0.910222
2.0,1000,15,4217,0.000000,0.000000,0.000000,-2.000000,-1000.000000,-1000.000000,0.000000
2.0,1000,15,4218,0.000000,0.000000,0.000000,-2.000000,-1000.000000,-1000.000000,0.000000
2.0,1000,15,4219,1.275102,921.451068,1101.635593,-0.724898,-78.548932,101.635593,0.782062
2.0,1000,15,4220,1.427822,951.453019,1098.016405,-0.572178,-48.546981,98.016405,0.861939
2.0,1000,15,4221,0.000000,0.000000,0.000000,-2.000000,-1000.000000,-1000.000000,0.000000
2.0,1000,15,4222,2.295093,808.494784,1160.376468,0.295093,-191.505216,160.376468,0.931924
2.0,1000,15,4223,1.738413,835.068373,1092.991886,-0.261587,-164.931627,92.991886,0.902816
2.0,1000,15,4224,1.206705,731.862048,1163.748722,-0.793295,-268.137952,163.748722,0.776127
2.0,1000,15,4225,3.550836,1101.248728,860.011181,1.550836,101.248728,-139.988819,0.892731
2.0,1000,15,4226,0.000000,0.000000,0.000000,-2.000000,-1000.000000,-1000.000000,0.000000
2.0,1000,15,4227,1.661500,780.704972,1091.006116,-0.338500,-219.295028,91.006116,0.880120
2.0,1000,15,4228,0.000000,0.000000,0.000000,-2.000000,-1000.000000,-1000.000000,0.000000
2.0,1000,15,4229,1.181640,688.691032,1337.732368,-0.818360,-311.308968,337.732368,0.776191
2.0,1000,15,4230,1.396871,918.297033,1100.928390,-0.603129,-81.702967,100.928390,0.829258
2.0,1000,15,4231,0.000000,0.000000,0.000000,-2.000000,-1000.000000,-1000.000000,0.000000
2.0,1000,15,4232,1.632314,810.852984,1014.190298,-0.367686,-189.147016,14.190298,0.883666
2.0,1000,15,4233,1.213128,754.036529,1186.197414,-0.786872,-245.963471,186.197414,0.767388
2.0,1000,15,4234,1.296908,611.194179,1137.734604,-0.703092,-388.805821,137.734604,0.830256
2.0,1000,15,4235,1.687886,857.245156,994.446633,-0.312114,-142.754844,-5.553367,0.899988
2.0,1000,15,4236,1.583938,762.398591,1212.118329,-0.416062,-237.601409,212.118329,0.877403
2.0,1000,15,4237,1.718282,876.436336,1108.628185,-0.281718,-123.563664,108.628185,0.867735
2.0,1000,15,4238,2.229086,1082.604650,950.172025,0.229086,82.604650,-49.827975,0.931085
2.0,1000,15,4239,1.390361,955.562528,1093.274754,-0.609639,-44.437472,93.274754,0.853271
2.0,1000,15,4240,1.638590,683.790116,1332.971284,-0.361410,-316.209884,332.971284,0.872566
2.0,1000,15,4241,2.171809,980.928569,902.708943,0.171809,-19.071431,-97.291057,0.913746
2.0,1000,15,4242,0.000000,0.000000,0.000000,-2.000000,-1000.000000,-1000.000000,0.000000
2.0,1000,15,4243,0.000000,0.000000,0.000000,-2.000000,-1000.000000,-1000.000000,0.000000
2.0,1000,15,4244,1.524593,487.101692,1431.042104,-0.475407,-512.898308,431.042104,0.833254
2.0,1000,15,4245,1.528186,623.944270,1271.593142,-0.471814,-376.055730,271.593142,0.781870
2.0,1000,15,4246,3.321481,1295.991832,964.962305,1.321481,295.991832,-35.037695,0.937705
2.0,1000,15,4247,6.183881,2072.465413,0.000067,4.183881,1072.465413,-999.999933,0.961653
2.0,1000,15,4248,3.851055,1168.226121,679.331082,1.851055,168.226121,-320.668918,0.913938
2.0,1000,15,4249,1.120030,518.099275,1465.964760,-0.879970,-481.900725,465.964760,0.716934
2.0,1000,15,4250,0.000000,0.000000,0.000000,-2.000000,-1000.000000,-1000.000000,0.000000
2.0,1000,15,4251,6.010929,1907.549085,0.000086,4.010929,907.549085,-999.999914,0.970400
2.0,1000,15,4252,2.049268,851.337249,1075.571946,0.049268,-148.662751,75.571946,0.925368
2.0,1000,15,4253,1.152082,525.442430,1282.033745,-0.847918,-474.557570,282.033745,0.733749
2.0,1000,15,4254,1.295413,719.841104,1071.718892,-0.704587,-280.158896,71.718892,0.833184
2.0,1000,15,4255,1.859126,1042.138586,951.813290,-0.140874,42.138586,-48.186710,0.913952
2.0,1000,15,4256,0.000000,0.000000,0.000000,-2.000000,-1000.000000,-1000.000000,0.000000
2.0,1000,15,4257,7.097631,1777.547189,0.000068,5.097631,777.547189,-999.999932,0.920071
2.0,1000,15,4258,0.000000,0.000000,0.000000,-2.000000,-1000.000000,-1000.000000,0.000000
2.0,1000,15,4259,3.404489,1270.102915,726.256823,1.404489,270.102915,-273.743177,0.901716
2.0,1000,15,4260,1.681827,876.013558,1054.160057,-0.318173,-123.986442,54.160057,0.899724
2.0,1000,15,4261,1.826184,821.905494,1182.036547,-0.173816,-178.094506,182.036547,0.883625
2.0,1000,15,4262,5.615530,1996.578760,0.000075,3.615530,996.578760,-999.999925,0.978090
2.0,1000,15,4263,1.674016,770.676074,1176.733367,-0.325984,-229.323926,176.733367,0.888491
2.0,1000,15,4264,7.441828,1985.106411,0.000000,5.441828,985.106411,-1000.000000,0.946220
2.0,1000,15,4265,1.549498,963.078598,1026.353353,-0.450502,-36.921402,26.353353,0.800202
2.0,1000,15,4266,1.956224,1103.868872,956.783719,-0.043776,103.868872,-43.216281,0.921643
2.0,1000,15,4267,0.000000,0.000000,0.000000,-2.000000,-1000.000000,-1000.000000,0.000000
2.0,1000,15,4268,2.314910,1129.742936,880.810749,0.314910,129.742936,-119.189251,0.887845
2.0,1000,15,4269,1.237147,688.514388,1303.508068,-0.762853,-311.485612,303.508068,0.783399
2.0,1000,15,4270,5.920763,2136.145638,0.000064,3.920763,1136.145638,-999.999936,0.963413
2.0,1000,15,4271,1.352673,857.283703,966.254142,-0.647327,-142.716297,-33.745858,0.820712
2.0,1000,15,4272,1.547070,642.327035,1259.208917,-0.452930,-357.672965,259.208917,0.858740
2.0,1000,15,4273,1.097156,547.386399,1153.152037,-0.902844,-452.613601,153.152037,0.677507
2.0,1000,15,4274,0.000000,0.000000,0.000000,-2.000000,-1000.000000,-1000.000000,0.000000
2.0,1000,15,4275,2.457402,1032.582879,855.231133,0.457402,32.582879,-144.768867,0.936733
2.0,1000,15,4276,2.079536,1027.067497,953.566335,0.079536,27.067497,-46.433665,0.916276
2.0,1000,15,4277,5.782739,2268.181606,0.000131,3.782739,1268.181606,-999.999869,0.912260
2.0,1000,15,4278,1.295647,789.848063,1412.363731,-0.704353,-210.151937,412.363731,0.851367
2.0,1000,15,4279,1.816567,517.389259,1113.278175,-0.183433,-482.610741,113.278175,0.908323
2.0,1000,15,4280,5.003626,2467.568919,0.000047,3.003626,1467.568919,-999.999953,0.968135
2.0,1000,15,4281,1.207507,589.381596,1369.467879,-0.792493,-410.618404,369.467879,0.805746
2.0,1000,15,4282,5.353161,2149.552105,0.000065,3.353161,1149.552105,-999.999935,0.957383
2.0,1000,15,4283,1.338714,848.605528,1068.061127,-0.661286,-151.394472,68.061127,0.868532
2.0,1000,15,4284,6.536596,2296.461999,0.000048,4.536596,1296.461999,-999.999952,0.967754
2.0,1000,15,4285,0.000000,0.000000,0.000000,-2.000000,-1000.000000,-1000.000000,0.000000
2.0,1000,15,4286,1.364207,603.799426,1252.197205,-0.635793,-396.200574,252.197205,0.858271
2.0,1000,15,4287,0.000000,0.000000,0.000000,-2.000000,-1000.000000,-1000.000000,0.000000
2.0,1000,15,4288,1.466040,608.223936,1301.114411,-0.533960,-391.776064,301.114411,0.873941
2.0,1000,15,4289,5.694811,2112.484544,0.000027,3.694811,1112.484544,-999.999973,0.891881
2.0,1000,15,4290,0.000000,0.000000,0.000000,-2.000000,-1000.000000,-1000.000000,0.000000
2.0,1000,15,4291,0.000000,0.000000,0.000000,-2.000000,-1000.000000,-1000.000000,0.000000
2.0,1000,15,4292,1.379232,733.270746,1060.620468,-0.620768,-266.729254,60.620468,0.861481
2.0,1000,15,4293,1.257673,637.783462,1245.682329,-0.742327,-362.216538,245.682329,0.819519
2.0,1000,15,4294,2.549781,1342.350147,791.396540,0.549781,342.350147,-208.603460,0.916584
2.0,1000,15,4295,5.839741,2277.963510,0.000285,3.839741,1277.963510,-999.999715,0.947565
2.0,1000,15,4296,2.016476,708.358797,1174.709555,0.016476,-291.641203,174.709555,0.918556
2.0,1000,15,4297,1.321929,734.059203,1307.157148,-0.678071,-265.940797,307.157148,0.844442
2.0,1000,15,4298,1.460007,1004.847943,1030.404660,-0.539993,4.847943,30.404660,0.881257
2.0,1000,15,4299,0.000000,0.000000,0.000000,-2.000000,-1000.000000,-1000.000000,0.000000
2.0,1000,15,4300,1.337753,714.339817,1367.199499,-0.662247,-285.660183,367.199499,0.858843
2.0,1000,15,4301,3.158802,960.095194,965.989867,1.158802,-39.904806,-34.010133,0.782460
2.0,1000,15,4302,2.495664,1145.651626,868.344709,0.495664,145.651626,-131.655291,0.906784
2.0,1000,15,4303,2.603482,1180.374019,858.759892,0.603482,180.374019,-141.240108,0.885732
2.0,1000,15,4304,2.698567,1219.457343,796.412986,0.698567,219.457343,-203.587014,0.924959
2.0,1000,15,4305,5.059049,1422.750233,512.776289,3.059049,422.750233,-487.223711,0.952812
2.0,1000,15,4306,1.623825,1007.065867,1017.233311,-0.376175,7.065867,17.233311,0.875357
2.0,1000,15,4307,1.286538,739.945527,1087.952864,-0.713462,-260.054473,87.952864,0.829055
2.0,1000,15,4308,2.050635,1051.526263,988.503360,0.050635,51.526263,-11.496640,0.913558
2.0,1000,15,4309,2.316581,1155.715845,1194.573066,0.316581,155.715845,194.573066,0.929516
2.0,1000,15,4310,2.706496,1125.772312,765.857051,0.706496,125.772312,-234.142949,0.946766
2.0,1000,15,4311,0.000000,0.000000,0.000000,-2.000000,-1000.000000,-1000.000000,0.000000
2.0,1000,15,4312,1.382432,688.286566,1144.185748,-0.617568,-311.713434,144.185748,0.850289
2.0,1000,15,4313,0.000000,0.000000,0.000000,-2.000000,-1000.000000,-1000.000000,0.000000
2.0,1000,15,4314,1.937008,805.383440,1075.922022,-0.062992,-194.616560,75.922022,0.893244
2.0,1000,15,4315,3.132357,1024.594678,1014.351136,1.132357,24.594678,14.351136,0.949150
2.0,1000,15,4316,1.858188,794.337740,1239.645746,-0.141812,-205.662260,239.645746,0.917466
2.0,1000,15,4317,6.385794,1911.326183,0.000073,4.385794,911.326183,-999.999927,0.934461
2.0,1000,15,4318,2.059925,995.637510,1146.212964,0.059925,-4.362490,146.212964,0.929796
2.0,1000,15,4319,0.000000,0.000000,0.000000,-2.000000,-1000.000000,-1000.000000,0.000000
2.0,1000,15,4320,0.000000,0.000000,0.000000,-2.000000,-1000.000000,-1000.000000,0.000000
2.0,1000,15,4321,2.374411,1097.136905,892.866331,0.374411,97.136905,-107.133669,0.916990
2.0,1000,15,4322,0.000000,0.000000,0.000000,-2.000000,-1000.000000,-1000.000000,0.000000
2.0,1000,15,4323,1.789324,910.371492,1183.496948,-0.210676,-89.628508,183.496948,0.902753
2.0,1000,15,4324,1.704381,838.552612,1321.663609,-0.295619,-161.447388,321.663609,0.914408
2.0,1000,15,4325,0.000000,0.000000,0.000000,-2.000000,-1000.000000,-1000.000000,0.000000
2.0,1000,15,4326,4.963298,1991.281410,0.000081,2.963298,991.281410,-999.999919,0.954358
2.0,1000,15,4327,1.503934,746.436333,1031.895268,-0.496066,-253.563667,31.895268,0.861815
2.0,1000,15,4328,1.824112,778.809321,1243.746605,-0.175888,-221.190679,243.746605,0.868051
2.0,1000,15,4329,1.101974,551.892468,1271.161169,-0.898026,-448.107532,271.161169,0.642712
2.0,1000,15,4330,2.512303,1077.757883,1027.684973,0.512303,77.757883,27.684973,0.913240
2.0,1000,15,4331,1.252270,814.294608,1148.296446,-0.747730,-185.705392,148.296446,0.820881
2.0,1000,15,4332,0.000000,0.000000,0.000000,-2.000000,-1000.000000,-1000.000000,0.000000
2.0,1000,15,4333,1.778951,1164.286363,1067.263910,-0.221049,164.286363,67.263910,0.884862
2.0,1000,15,4334,0.000000,0.000000,0.000000,-2.000000,-1000.000000,-1000.000000,0.000000
2.0,1000,15,4335,1.273709,815.669970,1241.118304,-0.726291,-184.330030,241.118304,0.842010
2.0,1000,15,4336,0.000000,0.000000,0.000000,-2.000000,-1000.000000,-1000.000000,0.000000
2.0,1000,15,4337,1.956348,731.976787,1270.887747,-0.043652,-268.023213,270.887747,0.901709
2.0,1000,15,4338,1.963326,915.518800,1136.442465,-0.036674,-84.481200,136.442465,0.884497
2.0,1000,15,4339,1.336759,531.350759,1360.111361,-0.663241,-468.649241,360.111361,0.792611
2.0,1000,15,4340,1.231409,751.988935,1303.309995,-0.768591,-248.011065,303.309995,0.813041
2.0,1000,15,4341,1.386114,647.073913,1201.288856,-0.613886,-352.926087,201.288856,0.805000
2.0,1000,15,4342,1.418270,772.502718,1182.614327,-0.581730,-227.497282,182.614327,0.871578
2.0,1000,15,4343,1.556446,800.603036,1052.757071,-0.443554,-199.396964,52.757071,0.893885
2.0,1000,15,4344,1.551227,735.862589,1155.392742,-0.448773,-264.137411,155.392742,0.783336
2.0,1000,15,4345,2.165450,785.379443,1135.739466,0.165450,-214.620557,135.739466,0.942080
2.0,1000,15,4346,5.526456,2069.955690,0.000026,3.526456,1069.955690,-999.999974,0.950646
2.0,1000,15,4347,2.719407,1672.297277,631.445175,0.719407,672.297277,-368.554825,0.938770
2.0,1000,15,4348,0.000000,0.000000,0.000000,-2.000000,-1000.000000,-1000.000000,0.000000
2.0,1000,15,4349,1.501633,1021.753857,1039.724171,-0.498367,21.753857,39.724171,0.880511
2.0,1000,15,4350,1.533718,585.882804,1308.982455,-0.466282,-414.117196,308.982455,0.884280
2.0,1000,15,4351,4.567867,2193.606505,0.000145,2.567867,1193.606505,-999.999855,0.941275
2.0,1000,15,4352,0.000000,0.000000,0.000000,-2.000000,-1000.000000,-1000.000000,0.000000
2.0,1000,15,4353,0.000000,0.000000,0.000000,-2.000000,-1000.000000,-1000.000000,0.000000
2.0,1000,15,4354,1.523315,603.104546,1269.536411,-0.476685,-396.895454,269.536411,0.904577
2.0,1000,15,4355,0.000000,0.000000,0.000000,-2.000000,-1000.000000,-1000.000000,0.000000
2.0,1000,15,4356,1.765168,762.467284,1066.086640,-0.234832,-237.532716,66.086640,0.921796
2.0,1000,15,4357,2.694829,1142.506303,792.736175,0.694829,142.506303,-207.263825,0.936997
2.0,1000,15,4358,1.614162,967.675428,1048.093704,-0.385838,-32.324572,48.093704,0.866593
2.0,1000,15,4359,4.124079,1516.031591,563.423806,2.124079,516.031591,-436.576194,0.938316
2.0,1000,15,4360,1.368494,885.447134,1257.784075,-0.631506,-114.552866,257.784075,0.796233
2.0,1000,15,4361,1.721707,792.948841,1084.326971,-0.278293,-207.051159,84.326971,0.906215
2.0,1000,15,4362,1.119555,636.364797,1111.208887,-0.880445,-363.635203,111.208887,0.712859
2.0,1000,15,4363,0.000000,0.000000,0.000000,-2.000000,-1000.000000,-1000.000000,0.000000
2.0,1000,15,4364,1.305925,627.223834,1239.275416,-0.694075,-372.776166,239.275416,0.850471
2.0,1000,15,4365,1.844789,598.342430,1357.000643,-0.155211,-401.657570,357.000643,0.903908
2.0,1000,15,4366,1.293555,902.285269,1214.667309,-0.706445,-97.714731,214.667309,0.826431
2.0,1000,15,4367,1.317625,735.284503,1221.990624,-0.682375,-264.715497,221.990624,0.814469
2.0,1000,15,4368,0.000000,0.000000,0.000000,-2.000000,-1000.000000,-1000.000000,0.000000
2.0,1000,15,4369,1.796559,938.096890,965.356467,-0.203441,-61.903110,-34.643533,0.838101
2.0,1000,15,4370,1.303001,575.024740,1180.316930,-0.696999,-424.975260,180.316930,0.772928
2.0,1000,15,4371,5.844288,2100.901421,0.000118,3.844288,1100.901421,-999.999882,0.948793
2.0,1000,15,4372,1.316050,863.829042,1305.885197,-0.683950,-136.170958,305.885197,0.808221
2.0,1000,15,4373,1.596686,711.488080,1266.749078,-0.403314,-288.511920,266.749078,0.857200
2.0,1000,15,4374,2.233500,987.572676,1032.925008,0.233500,-12.427324,32.925008,0.922822
2.0,1000,15,4375,1.107185,584.652186,1271.532550,-0.892815,-415.347814,271.532550,0.668208
2.0,1000,15,4376,1.522797,851.805196,1230.303101,-0.477203,-148.194804,230.303101,0.875285
2.0,1000,15,4377,0.000000,0.000000,0.000000,-2.000000,-1000.000000,-1000.000000,0.000000
2.0,1000,15,4378,1.515676,745.825392,1165.863080,-0.484324,-254.174608,165.863080,0.859524
2.0,1000,15,4379,1.983281,494.436771,1481.327577,-0.016719,-505.563229,481.327577,0.922343
2.0,1000,15,4380,1.228159,682.996710,1141.103586,-0.771841,-317.003290,141.103586,0.816057
2.0,1000,15,4381,1.930850,507.315376,1311.242204,-0.069150,-492.684624,311.242204,0.880135
2.0,1000,15,4382,1.221743,973.744612,1041.117102,-0.778257,-26.255388,41.117102,0.774991
2.0,1000,15,4383,0.000000,0.000000,0.000000,-2.000000,-1000.000000,-1000.000000,0.000000
2.0,1000,15,4384,1.990781,787.133198,1140.485825,-0.009219,-212.866802,140.485825,0.920559
2.0,1000,15,4385,1.573049,801.934797,1121.149724,-0.426951,-198.065203,121.149724,0.897667
2.0,1000,15,4386,5.863206,2131.807445,0.000080,3.863206,1131.807445,-999.999920,0.968891
2.0,1000,15,4387,2.520523,939.363907,1007.905427,0.520523,-60.636093,7.905427,0.912663
2.0,1000,15,4388,2.121369,832.055322,1038.879985,0.121369,-167.944678,38.879985,0.883456
2.0,1000,15,4389,1.639817,1002.550942,1216.806299,-0.360183,2.550942,216.806299,0.880443
2.0,1000,15,4390,1.681722,833.881748,1151.693813,-0.318278,-166.118252,151.693813,0.901661
2.0,1000,15,4391,0.000000,0.000000,0.000000,-2.000000,-1000.000000,-1000.000000,0.000000
2.0,1000,15,4392,0.000000,0.000000,0.000000,-2.000000,-1000.000000,-1000.000000,0.000000
2.0,1000,15,4393,2.967261,1368.551050,605.329590,0.967261,368.551050,-394.670410,0.925958
2.0,1000,15,4394,1.336519,631.801499,1367.708994,-0.663481,-368.198501,367.708994,0.841063
2.0,1000,15,4395,1.725950,1072.968793,1064.674288,-0.274050,72.968793,64.674288,0.908822
2.0,1000,15,4396,2.899949,1280.711225,699.122189,0.899949,280.711225,-300.877811,0.946685
2.0,1000,15,4397,1.270558,729.383136,1293.734628,-0.729442,-270.616864,293.734628,0.774068
2.0,1000,15,4398,5.212824,2109.536649,0.000021,3.212824,1109.536649,-999.999979,0.922374
2.0,1000,15,4399,2.761557,1214.592729,930.425456,0.761557,214.592729,-69.574544,0.905541
2.0,1000,15,4400,2.118110,818.530406,1251.565428,0.118110,-181.469594,251.565428,0.919749
2.0,1000,15,4401,1.450147,763.824485,1257.275616,-0.549853,-236.175515,257.275616,0.813937
2.0,1000,15,4402,2.340444,975.395204,927.107686,0.340444,-24.604796,-72.892314,0.936183
2.0,1000,15,4403,1.500124,691.035708,1232.786597,-0.499876,-308.964292,232.786597,0.856443
2.0,1000,15,4404,1.939026,903.664233,1072.085837,-0.060974,-96.335767,72.085837,0.914235
2.0,1000,15,4405,2.007611,962.468616,1009.339995,0.007611,-37.531384,9.339995,0.871634
2.0,1000,15,4406,1.308657,754.567799,1132.413449,-0.691343,-245.432201,132.413449,0.839073
2.0,1000,15,4407,0.000000,0.000000,0.000000,-2.000000,-1000.000000,-1000.000000,0.000000
2.0,1000,15,4408,3.543626,1539.902742,663.776009,1.543626,539.902742,-336.223991,0.855244
2.0,1000,15,4409,1.340532,625.962239,1243.111520,-0.659468,-374.037761,243.111520,0.860602
2.0,1000,15,4410,1.513378,846.999417,1069.451317,-0.486622,-153.000583,69.451317,0.808510
2.0,1000,15,4411,1.864816,809.155785,1105.801213,-0.135184,-190.844215,105.801213,0.903066
2.0,1000,15,4412,1.315677,896.593865,1142.152541,-0.684323,-103.406135,142.152541,0.820332
2.0,1000,15,4413,0.000000,0.000000,0.000000,-2.000000,-1000.000000,-1000.000000,0.000000
2.0,1000,15,4414,3.962738,2106.612934,0.000044,1.962738,1106.612934,-999.999956,0.902043
2.0,1000,15,4415,1.912978,1106.082088,937.674156,-0.087022,106.082088,-62.325844,0.926549
2.0,1000,15,4416,1.851881,745.310207,1342.749401,-0.148119,-254.689793,342.749401,0.883575
2.0,1000,15,4417,1.855715,676.478400,1147.371417,-0.144285,-323.521600,147.371417,0.897578
2.0,1000,15,4418,2.503702,972.787221,1018.954148,0.503702,-27.212779,18.954148,0.920194
2.0,1000,15,4419,0.000000,0.000000,0.000000,-2.000000,-1000.000000,-1000.000000,0.000000
2.0,1000,15,4420,2.034210,982.987251,972.237054,0.034210,-17.012749,-27.762946,0.885024
2.0,1000,15,4421,6.987267,2043.869770,0.000163,4.987267,1043.869770,-999.999837,0.916729
2.0,1000,15,4422,2.850144,938.101212,1240.019167,0.850144,-61.898788,240.019167,0.920907
2.0,1000,15,4423,2.233189,757.944440,1064.081995,0.233189,-242.055560,64.081995,0.891090
2.0,1000,15,4424,2.532031,1128.478372,842.506985,0.532031,128.478372,-157.493015,0.942446
2.0,1000,15,4425,5.719714,2111.092094,0.000030,3.719714,1111.092094,-999.999970,0.944981
2.0,1000,15,4426,1.398066,727.206145,1094.508251,-0.601934,-272.793855,94.508251,0.869392
2.0,1000,15,4427,2.306369,1172.560857,884.847281,0.306369,172.560857,-115.152719,0.909232
2.0,1000,15,4428,2.004704,883.288247,999.821294,0.004704,-116.711753,-0.178706,0.927690
2.0,1000,15,4429,2.224021,717.817892,1445.612716,0.224021,-282.182108,445.612716,0.897920
2.0,1000,15,4430,2.607620,984.979001,1144.943189,0.607620,-15.020999,144.943189,0.882555
2.0,1000,15,4431,1.884319,738.943121,1082.029566,-0.115681,-261.056879,82.029566,0.904044
2.0,1000,15,4432,1.611216,847.570355,1106.440044,-0.388784,-152.429645,106.440044,0.892443
2.0,1000,15,4433,2.398540,813.910846,1075.574148,0.398540,-186.089154,75.574148,0.906459
2.0,1000,15,4434,1.748050,942.273582,1109.930475,-0.251950,-57.726418,109.930475,0.907417
2.0,1000,15,4435,4.711444,2317.487242,0.000000,2.711444,1317.487242,-1000.000000,0.837907
2.0,1000,15,4436,2.544966,1076.955337,883.697814,0.544966,76.955337,-116.302186,0.909439
2.0,1000,15,4437,1.651144,877.339314,1025.599633,-0.348856,-122.660686,25.599633,0.881286
2.0,1000,15,4438,1.502327,794.598006,1280.893411,-0.497673,-205.401994,280.893411,0.855091
2.0,1000,15,4439,1.705174,750.795056,1333.194858,-0.294826,-249.204944,333.194858,0.898582
2.0,1000,15,4440,2.435721,1270.344258,858.434746,0.435721,270.344258,-141.565254,0.927585
2.0,1000,15,4441,1.427813,734.619464,1178.727446,-0.572187,-265.380536,178.727446,0.838273
2.0,1000,15,4442,0.000000,0.000000,0.000000,-2.000000,-1000.000000,-1000.000000,0.000000
2.0,1000,15,4443,1.189597,453.804933,1430.248376,-0.810403,-546.195067,430.248376,0.791762
2.0,1000,15,4444,2.325913,1002.560842,1010.168489,0.325913,2.560842,10.168489,0.875388
2.0,1000,15,4445,0.000000,0.000000,0.000000,-2.000000,-1000.000000,-1000.000000,0.000000
2.0,1000,15,4446,1.604980,1066.116789,1101.158820,-0.395020,66.116789,101.158820,0.889002
2.0,1000,15,4447,1.328004,847.713052,1113.108035,-0.671996,-152.286948,113.108035,0.840387
2.0,1000,15,4448,1.612776,952.892648,1133.095624,-0.387224,-47.107352,133.095624,0.883549
2.0,1000,15,4449,1.866695,1095.678292,1325.887662,-0.133305,95.678292,325.887662,0.848320
2.0,1000,15,4450,4.062269,1330.886089,796.568272,2.062269,330.886089,-203.431728,0.846205
2.0,1000,15,4451,2.087014,837.769058,1172.689881,0.087014,-162.230942,172.689881,0.856046
2.0,1000,15,4452,0.000000,0.000000,0.000000,-2.000000,-1000.000000,-1000.000000,0.000000
2.0,1000,15,4453,1.290622,752.704855,1192.079459,-0.709378,-247.295145,192.079459,0.844930
2.0,1000,15,4454,4.114676,1133.588299,774.098211,2.114676,133.588299,-225.901789,0.831243
2.0,1000,15,4455,1.686704,1142.342640,1094.985576,-0.313296,142.342640,94.985576,0.911880
2.0,1000,15,4456,4.955864,1694.670961,256.945924,2.955864,694.670961,-743.054076,0.929104
2.0,1000,15,4457,2.171971,999.748963,1021.481159,0.171971,-0.251037,21.481159,0.908592
2.0,1000,15,4458,1.321598,605.830938,1245.861269,-0.678402,-394.169062,245.861269,0.829684
2.0,1000,15,4459,0.000000,0.000000,0.000000,-2.000000,-1000.000000,-1000.000000,0.000000
2.0,1000,15,4460,1.340307,898.820078,1137.694960,-0.659693,-101.179922,137.694960,0.832125
2.0,1000,15,4461,0.000000,0.000000,0.000000,-2.000000,-1000.000000,-1000.000000,0.000000
2.0,1000,15,4462,1.468411,726.350071,1403.197120,-0.531589,-273.649929,403.197120,0.831211
2.0,1000,15,4463,1.979358,997.294715,954.240106,-0.020642,-2.705285,-45.759894,0.934635
2.0,1000,15,4464,1.256884,715.299573,1144.533047,-0.743116,-284.700427,144.533047,0.827633
2.0,1000,15,4465,4.846526,1566.037028,632.053799,2.846526,566.037028,-367.946201,0.917222
2.0,1000,15,4466,0.000000,0.000000,0.000000,-2.000000,-1000.000000,-1000.000000,0.000000
2.0,1000,15,4467,0.000000,0.000000,0.000000,-2.000000,-1000.000000,-1000.000000,0.000000
2.0,1000,15,4468,3.515409,1647.935737,513.927428,1.515409,647.935737,-486.072572,0.939197
2.0,1000,15,4469,5.270458,2038.322793,0.000065,3.270458,1038.322793,-999.999935,0.945690
2.0,1000,15,4470,0.000000,0.000000,0.000000,-2.000000,-1000.000000,-1000.000000,0.000000
2.0,1000,15,4471,0.000000,0.000000,0.000000,-2.000000,-1000.000000,-1000.000000,0.000000
2.0,1000,15,4472,0.000000,0.000000,0.000000,-2.000000,-1000.000000,-1000.000000,0.000000
2.0,1000,15,4473,1.949226,687.517960,1408.415779,-0.050774,-312.482040,408.415779,0.921444
2.0,1000,15,4474,0.000000,0.000000,0.000000,-2.000000,-1000.000000,-1000.000000,0.000000
2.0,1000,15,4475,0.000000,0.000000,0.000000,-2.000000,-1000.000000,-1000.000000,0.000000
2.0,1000,15,4476,3.129769,836.581056,848.670784,1.129769,-163.418944,-151.329216,0.885947
2.0,1000,15,4477,1.833946,769.859214,1133.387459,-0.166054,-230.140786,133.387459,0.914863
2.0,1000,15,4478,0.000000,0.000000,0.000000,-2.000000,-1000.000000,-1000.000000,0.000000
2.0,1000,15,4479,1.212894,658.986135,1152.271198,-0.787106,-341.013865,152.271198,0.785568
2.0,1000,15,4480,2.279173,982.183400,967.812859,0.279173,-17.816600,-32.187141,0.921176
2.0,1000,15,4481,1.594658,893.701984,1209.686019,-0.405342,-106.298016,209.686019,0.904166
2.0,1000,15,4482,3.826867,1829.509995,366.836314,1.826867,829.509995,-633.163686,0.926216
2.0,1000,15,4483,7.218822,1915.798264,0.000000,5.218822,915.798264,-1000.000000,0.907747
2.0,1000,15,4484,0.000000,0.000000,0.000000,-2.000000,-1000.000000,-1000.000000,0.000000
2.0,1000,15,4485,1.509739,593.012876,1253.690841,-0.490261,-406.987124,253.690841,0.897736
2.0,1000,15,4486,1.728037,953.879666,1064.237526,-0.271963,-46.120334,64.237526,0.918078
2.0,1000,15,4487,1.440693,610.632455,1258.309155,-0.559307,-389.367545,258.309155,0.853803
2.0,1000,15,4488,5.655127,1961.624519,0.000061,3.655127,961.624519,-999.999939,0.969515
2.0,1000,15,4489,1.367793,687.382111,1209.754189,-0.632207,-312.617889,209.754189,0.832509
2.0,1000,15,4490,2.087857,1086.936186,1003.774649,0.087857,86.936186,3.774649,0.904342
2.0,1000,15,4491,1.579186,807.339130,1117.789855,-0.420814,-192.660870,117.789855,0.896791
2.0,1000,15,4492,1.341862,651.433178,1256.371718,-0.658138,-348.566822,256.371718,0.861918
2.0,1000,15,4493,0.000000,0.000000,0.000000,-2.000000,-1000.000000,-1000.000000,0.000000
2.0,1000,15,4494,1.898266,934.123954,964.954129,-0.101734,-65.876046,-35.045871,0.903795
2.0,1000,15,4495,1.584209,1017.882189,1152.784259,-0.415791,17.882189,152.784259,0.797165
2.0,1000,15,4496,0.000000,0.000000,0.000000,-2.000000,-1000.000000,-1000.000000,0.000000
2.0,1000,15,4497,1.369544,606.563503,1294.056004,-0.630456,-393.436497,294.056004,0.840467
2.0,1000,15,4498,2.254992,1044.125305,1014.322863,0.254992,44.125305,14.322863,0.923438
2.0,1000,15,4499,0.000000,0.000000,0.000000,-2.000000,-1000.000000,-1000.000000,0.000000
2.0,1000,15,4500,6.107480,1968.794239,0.000242,4.107480,968.794239,-999.999758,0.787397
2.0,1000,15,4501,1.250358,688.393328,1122.815172,-0.749642,-311.606672,122.815172,0.808106
2.0,1000,15,4502,2.642233,995.199345,847.649280,0.642233,-4.800655,-152.350720,0.885670
2.0,1000,15,4503,0.000000,0.000000,0.000000,-2.000000,-1000.000000,-1000.000000,0.000000
2.0,1000,15,4504,1.829703,879.150116,1077.774863,-0.170297,-120.849884,77.774863,0.893331
2.0,1000,15,4505,5.356373,2177.690703,0.000000,3.356373,1177.690703,-1000.000000,0.900185
2.0,1000,15,4506,1.625435,876.032945,1159.059798,-0.374565,-123.967055,159.059798,0.850346
2.0,1000,15,4507,1.708592,963.883531,986.552451,-0.291408,-36.116469,-13.447549,0.880018
2.0,1000,15,4508,1.870531,1014.827482,1061.285021,-0.129469,14.827482,61.285021,0.882996
2.0,1000,15,4509,3.066108,1361.782745,680.680266,1.066108,361.782745,-319.319734,0.924261
2.0,1000,15,4510,2.369589,1102.663738,1005.751716,0.369589,102.663738,5.751716,0.921947
2.0,1000,15,4511,0.000000,0.000000,0.000000,-2.000000,-1000.000000,-1000.000000,0.000000
2.0,1000,15,4512,2.364234,917.543508,1005.350386,0.364234,-82.456492,5.350386,0.820610
2.0,1000,15,4513,1.509275,946.126918,1079.222639,-0.490725,-53.873082,79.222639,0.890357
2.0,1000,15,4514,5.186029,2285.983028,0.000000,3.186029,1285.983028,-1000.000000,0.907299
2.0,1000,15,4515,0.000000,0.000000,0.000000,-2.000000,-1000.000000,-1000.000000,0.000000
2.0,1000,15,4516,1.773444,921.100216,971.780599,-0.226556,-78.899784,-28.219401,0.911446
2.0,1000,15,4517,0.000000,0.000000,0.000000,-2.000000,-1000.000000,-1000.000000,0.000000
2.0,1000,15,4518,1.416844,697.405077,1473.855435,-0.583156,-302.594923,473.855435,0.852275
2.0,1000,15,4519,0.000000,0.000000,0.000000,-2.000000,-1000.000000,-1000.000000,0.000000
2.0,1000,15,4520,1.097914,689.978499,1293.358467,-0.902086,-310.021501,293.358467,0.671012
2.0,1000,15,4521,1.355148,551.442469,1392.304557,-0.644852,-448.557531,392.304557,0.858227
2.0,1000,15,4522,0.000000,0.000000,0.000000,-2.000000,-1000.000000,-1000.000000,0.000000
2.0,1000,15,4523,3.556978,1520.691783,707.668399,1.556978,520.691783,-292.331601,0.945213
2.0,1000,15,4524,1.421793,894.223185,1168.183985,-0.578207,-105.776815,168.183985,0.852131
2.0,1000,15,4525,0.000000,0.000000,0.000000,-2.000000,-1000.000000,-1000.000000,0.000000
2.0,1000,15,4526,0.000000,0.000000,0.000000,-2.000000,-1000.000000,-1000.000000,0.000000
2.0,1000,15,4527,1.552997,1056.965638,947.529525,-0.447003,56.965638,-52.470475,0.872121
2.0,1000,15,4528,2.933575,850.753651,954.793585,0.933575,-149.246349,-45.206415,0.940656
2.0,1000,15,4529,2.048048,969.951338,963.080746,0.048048,-30.048662,-36.919254,0.917671
2.0,1000,15,4530,1.549812,1076.185876,1098.185384,-0.450188,76.185876,98.185384,0.899557
2.0,1000,15,4531,5.802688,1912.785748,0.000054,3.802688,912.785748,-999.999946,0.958072
2.0,1000,15,4532,1.572058,913.702003,1062.836655,-0.427942,-86.297997,62.836655,0.892550
2.0,1000,15,4533,2.002981,741.722798,1001.064232,0.002981,-258.277202,1.064232,0.913941
2.0,1000,15,4534,2.206104,1006.092022,1034.550893,0.206104,6.092022,34.550893,0.936736
2.0,1000,15,4535,0.000000,0.000000,0.000000,-2.000000,-1000.000000,-1000.000000,0.000000
2.0,1000,15,4536,1.635429,817.640803,1016.672922,-0.364571,-182.359197,16.672922,0.882805
2.0,1000,15,4537,5.266927,2148.917407,0.000109,3.266927,1148.917407,-999.999891,0.935561
2.0,1000,15,4538,1.351545,608.137744,1257.805624,-0.648455,-391.862256,257.805624,0.835628
2.0,1000,15,4539,6.162184,2048.584274,0.000090,4.162184,1048.584274,-999.999910,0.872543
2.0,1000,15,4540,2.547719,1217.624956,960.464413,0.547719,217.624956,-39.535587,0.856898
2.0,1000,15,4541,1.475338,821.205708,1177.845041,-0.524662,-178.794292,177.845041,0.856556
2.0,1000,15,4542,0.000000,0.000000,0.000000,-2.000000,-1000.000000,-1000.000000,0.000000
2.0,1000,15,4543,1.767413,1053.366147,1065.656983,-0.232587,53.366147,65.656983,0.917055
2.0,1000,15,4544,5.988312,1948.174841,0.000160,3.988312,948.174841,-999.999840,0.935870
2.0,1000,15,4545,1.314489,866.956667,1435.431367,-0.685511,-133.043333,435.431367,0.810972
2.0,1000,15,4546,2.849019,1105.223510,967.022708,0.849019,105.223510,-32.977292,0.913728
2.0,1000,15,4547,1.153504,540.462020,1213.899605,-0.846496,-459.537980,213.899605,0.759886
2.0,1000,15,4548,2.008997,976.986087,993.093230,0.008997,-23.013913,-6.906770,0.920418
2.0,1000,15,4549,0.000000,0.000000,0.000000,-2.000000,-1000.000000,-1000.000000,0.000000
2.0,1000,15,4550,2.712375,1151.601686,738.736109,0.712375,151.601686,-261.263891,0.927937
2.0,1000,15,4551,1.639485,843.455020,1067.357578,-0.360515,-156.544980,67.357578,0.837035
2.0,1000,15,4552,3.015507,1469.544667,634.803243,1.015507,469.544667,-365.196757,0.924690
2.0,1000,15,4553,1.905575,977.572760,1077.862198,-0.094425,-22.427240,77.862198,0.908116
2.0,1000,15,4554,1.384722,803.741823,1121.934621,-0.615278,-196.258177,121.934621,0.839699
2.0,1000,15,4555,6.948046,2134.059906,0.000087,4.948046,1134.059906,-999.999913,0.871424
2.0,1000,15,4556,1.855899,790.787881,1063.972093,-0.144101,-209.212119,63.972093,0.893766
2.0,1000,15,4557,2.720254,1500.970585,789.830115,0.720254,500.970585,-210.169885,0.911484
2.0,1000,15,4558,5.967714,2069.346126,0.000000,3.967714,1069.346126,-1000.000000,0.891093
2.0,1000,15,4559,1.505814,654.518025,1240.774778,-0.494186,-345.481975,240.774778,0.856586
2.0,1000,15,4560,2.336680,1370.807068,847.130595,0.336680,370.807068,-152.869405,0.927482
2.0,1000,15,4561,3.219736,1195.133164,936.039262,1.219736,195.133164,-63.960738,0.905343
2.0,1000,15,4562,1.945466,953.683489,1102.462069,-0.054534,-46.316511,102.462069,0.923190
2.0,1000,15,4563,1.346571,798.558629,1118.668310,-0.653429,-201.441371,118.668310,0.856585
2.0,1000,15,4564,1.583126,664.831755,1150.347397,-0.416874,-335.168245,150.347397,0.830644
2.0,1000,15,4565,0.000000,0.000000,0.000000,-2.000000,-1000.000000,-1000.000000,0.000000
2.0,1000,15,4566,0.000000,0.000000,0.000000,-2.000000,-1000.000000,-1000.000000,0.000000
2.0,1000,15,4567,1.606957,851.496496,1073.000774,-0.393043,-148.503504,73.000774,0.881377
2.0,1000,15,4568,2.005868,700.347348,1287.445106,0.005868,-299.652652,287.445106,0.893821
2.0,1000,15,4569,1.342809,775.963354,1256.249168,-0.657191,-224.036646,256.249168,0.798371
2.0,1000,15,4570,7.636024,2211.791036,0.000282,5.636024,1211.791036,-999.999718,0.738120
2.0,1000,15,4571,3.977147,1835.697842,307.903029,1.977147,835.697842,-692.096971,0.931953
2.0,1000,15,4572,2.036950,997.788642,1193.785877,0.036950,-2.211358,193.785877,0.921969
2.0,1000,15,4573,1.713274,876.858290,1157.568063,-0.286726,-123.141710,157.568063,0.835436
2.0,1000,15,4574,3.283264,1142.952068,731.414657,1.283264,142.952068,-268.585343,0.896201
2.0,1000,15,4575,1.421075,999.534117,999.632852,-0.578925,-0.465883,-0.367148,0.875864
2.0,1000,15,4576,2.337480,895.653521,1085.224660,0.337480,-104.346479,85.224660,0.936210
2.0,1000,15,4577,5.113334,2119.672575,0.000163,3.113334,1119.672575,-999.999837,0.943167
2.0,1000,15,4578,1.721421,1008.438988,1257.184307,-0.278579,8.438988,257.184307,0.840429
2.0,1000,15,4579,1.990267,889.332227,1095.682163,-0.009733,-110.667773,95.682163,0.912121
2.0,1000,15,4580,1.675101,772.485981,1286.445488,-0.324899,-227.514019,286.445488,0.845252
2.0,1000,15,4581,0.000000,0.000000,0.000000,-2.000000,-1000.000000,-1000.000000,0.000000
2.0,1000,15,4582,0.000000,0.000000,0.000000,-2.000000,-1000.000000,-1000.000000,0.000000
2.0,1000,15,4583,1.585257,796.562120,1130.764884,-0.414743,-203.437880,130.764884,0.874632
2.0,1000,15,4584,2.145798,859.628013,1146.705996,0.145798,-140.371987,146.705996,0.894944
2.0,1000,15,4585,4.780466,2220.817631,0.000069,2.780466,1220.817631,-999.999931,0.950107
2.0,1000,15,4586,0.000000,0.000000,0.000000,-2.000000,-1000.000000,-1000.000000,0.000000
2.0,1000,15,4587,1.415199,773.792944,1157.181968,-0.584801,-226.207056,157.181968,0.859928
2.0,1000,15,4588,4.573303,1818.188352,367.251007,2.573303,818.188352,-632.748993,0.824191
2.0,1000,15,4589,1.404931,671.373931,1177.419374,-0.595069,-328.626069,177.419374,0.825236
2.0,1000,15,4590,0.000000,0.000000,0.000000,-2.000000,-1000.000000,-1000.000000,0.000000
2.0,1000,15,4591,2.432376,1194.474538,890.726270,0.432376,194.474538,-109.273730,0.908662
2.0,1000,15,4592,1.423692,726.492600,1159.991753,-0.576308,-273.507400,159.991753,0.884893
2.0,1000,15,4593,0.000000,0.000000,0.000000,-2.000000,-1000.000000,-1000.000000,0.000000
2.0,1000,15,4594,2.333696,719.242415,1226.816805,0.333696,-280.757585,226.816805,0.887917
2.0,1000,15,4595,1.746064,751.724758,1309.034393,-0.253936,-248.275242,309.034393,0.875903
2.0,1000,15,4596,1.379260,749.639590,1064.551119,-0.620740,-250.360410,64.551119,0.781831
2.0,1000,15,4597,0.000000,0.000000,0.000000,-2.000000,-1000.000000,-1000.000000,0.000000
2.0,1000,15,4598,0.000000,0.000000,0.000000,-2.000000,-1000.000000,-1000.000000,0.000000
2.0,1000,15,4599,1.858261,811.182508,1032.330416,-0.141739,-188.817492,32.330416,0.913049
2.0,1000,15,4600,1.563623,845.760154,1229.677696,-0.436377,-154.239846,229.677696,0.828919
2.0,1000,15,4601,2.131974,905.685026,1165.319506,0.131974,-94.314974,165.319506,0.920061
2.0,1000,15,4602,6.344489,1859.256844,0.000086,4.344489,859.256844,-999.999914,0.940906
2.0,1000,15,4603,1.218089,529.471144,1267.858787,-0.781911,-470.528856,267.858787,0.806256
2.0,1000,15,4604,0.000000,0.000000,0.000000,-2.000000,-1000.000000,-1000.000000,0.000000
2.0,1000,15,4605,1.363942,700.290499,1150.239352,-0.636058,-299.709501,150.239352,0.842538
2.0,1000,15,4606,0.000000,0.000000,0.000000,-2.000000,-1000.000000,-1000.000000,0.000000
2.0,1000,15,4607,2.673418,778.807433,1202.725337,0.673418,-221.192567,202.725337,0.908195
2.0,1000,15,4608,1.426940,739.145316,1257.207172,-0.573060,-260.854684,257.207172,0.852107
2.0,1000,15,4609,1.692266,577.123756,1380.660852,-0.307734,-422.876244,380.660852,0.855865
2.0,1000,15,4610,0.000000,0.000000,0.000000,-2.000000,-1000.000000,-1000.000000,0.000000
2.0,1000,15,4611,0.000000,0.000000,0.000000,-2.000000,-1000.000000,-1000.000000,0.000000
2.0,1000,15,4612,2.643464,1262.817009,771.452710,0.643464,262.817009,-228.547290,0.860506
2.0,1000,15,4613,1.650073,765.274481,1190.104720,-0.349927,-234.725519,190.104720,0.903503
2.0,1000,15,4614,3.091892,1335.807198,801.803512,1.091892,335.807198,-198.196488,0.902703
2.0,1000,15,4615,0.000000,0.000000,0.000000,-2.000000,-1000.000000,-1000.000000,0.000000
2.0,1000,15,4616,1.516813,813.695495,1160.693157,-0.483187,-186.304505,160.693157,0.842742
2.0,1000,15,4617,0.000000,0.000000,0.000000,-2.000000,-1000.000000,-1000.000000,0.000000
2.0,1000,15,4618,0.000000,0.000000,0.000000,-2.000000,-1000.000000,-1000.000000,0.000000
2.0,1000,15,4619,6.049299,1861.451611,0.000073,4.049299,861.451611,-999.999927,0.968662
2.0,1000,15,4620,0.000000,0.000000,0.000000,-2.000000,-1000.000000,-1000.000000,0.000000
2.0,1000,15,4621,0.000000,0.000000,0.000000,-2.000000,-1000.000000,-1000.000000,0.000000
2.0,1000,15,4622,2.250592,870.822873,1104.711395,0.250592,-129.177127,104.711395,0.897959
2.0,1000,15,4623,1.544438,753.166930,1157.920498,-0.455562,-246.833070,157.920498,0.858498
2.0,1000,15,4624,1.231269,590.680945,1355.745233,-0.768731,-409.319055,355.745233,0.807614
2.0,1000,15,4625,2.443364,1131.833701,936.864296,0.443364,131.833701,-63.135704,0.907395
2.0,1000,15,4626,0.000000,0.000000,0.000000,-2.000000,-1000.000000,-1000.000000,0.000000
2.0,1000,15,4627,7.881231,2014.059911,0.000086,5.881231,1014.059911,-999.999914,0.941573
2.0,1000,15,4628,0.000000,0.000000,0.000000,-2.000000,-1000.000000,-1000.000000,0.000000
2.0,1000,15,4629,2.073827,1024.514879,1217.908353,0.073827,24.514879,217.908353,0.932791
2.0,1000,15,4630,1.409137,540.298345,1272.020665,-0.590863,-459.701655,272.020665,0.836459
2.0,1000,15,4631,1.172577,631.650003,1460.235334,-0.827423,-368.349997,460.235334,0.755376
2.0,1000,15,4632,1.502960,637.830500,1183.658736,-0.497040,-362.169500,183.658736,0.866364
2.0,1000,15,4633,1.627182,759.450456,1028.462757,-0.372818,-240.549544,28.462757,0.907908
2.0,1000,15,4634,1.600056,831.867745,1093.241275,-0.399944,-168.132255,93.241275,0.838684
2.0,1000,15,4635,1.815455,933.221317,978.769724,-0.184545,-66.778683,-21.230276,0.876532
2.0,1000,15,4636,2.896822,1099.851879,826.102645,0.896822,99.851879,-173.897355,0.918653
2.0,1000,15,4637,1.486573,739.630082,1083.195527,-0.513427,-260.369918,83.195527,0.880428
2.0,1000,15,4638,1.173117,702.573518,1180.016136,-0.826883,-297.426482,180.016136,0.758638
2.0,1000,15,4639,1.985891,915.297954,936.027670,-0.014109,-84.702046,-63.972330,0.930501
2.0,1000,15,4640,2.044948,1107.972406,1019.701708,0.044948,107.972406,19.701708,0.897097
2.0,1000,15,4641,0.000000,0.000000,0.000000,-2.000000,-1000.000000,-1000.000000,0.000000
2.0,1000,15,4642,1.774985,899.424657,996.119970,-0.225015,-100.575343,-3.880030,0.908896
2.0,1000,15,4643,2.028542,735.015135,1013.868341,0.028542,-264.984865,13.868341,0.891593
2.0,1000,15,4644,6.126323,2199.952388,0.000082,4.126323,1199.952388,-999.999918,0.936843
2.0,1000,15,4645,7.595877,2358.604893,0.000092,5.595877,1358.604893,-999.999908,0.800226
2.0,1000,15,4646,2.688477,998.809246,909.921285,0.688477,-1.190754,-90.078715,0.945574
2.0,1000,15,4647,1.898061,848.276943,1000.060787,-0.101939,-151.723057,0.060787,0.929582
2.0,1000,15,4648,1.766632,916.278768,1076.768825,-0.233368,-83.721232,76.768825,0.922914
2.0,1000,15,4649,0.000000,0.000000,0.000000,-2.000000,-1000.000000,-1000.000000,0.000000
2.0,1000,15,4650,2.332503,1008.771340,1013.507908,0.332503,8.771340,13.507908,0.904296
2.0,1000,15,4651,0.000000,0.000000,0.000000,-2.000000,-1000.000000,-1000.000000,0.000000
2.0,1000,15,4652,0.000000,0.000000,0.000000,-2.000000,-1000.000000,-1000.000000,0.000000
2.0,1000,15,4653,0.000000,0.000000,0.000000,-2.000000,-1000.000000,-1000.000000,0.000000
2.0,1000,15,4654,1.306212,647.301823,1346.747978,-0.693788,-352.698177,346.747978,0.845921
2.0,1000,15,4655,2.249043,1218.728635,936.122201,0.249043,218.728635,-63.877799,0.911604
2.0,1000,15,4656,5.380130,1884.554665,0.000033,3.380130,884.554665,-999.999967,0.874200
2.0,1000,15,4657,1.622015,891.970749,1211.539586,-0.377985,-108.029251,211.539586,0.910919
2.0,1000,15,4658,6.222823,1967.855350,0.000174,4.222823,967.855350,-999.999826,0.936042
2.0,1000,15,4659,1.937360,1157.678267,1037.778108,-0.062640,157.678267,37.778108,0.902059
2.0,1000,15,4660,1.708706,747.633736,1234.360206,-0.291294,-252.366264,234.360206,0.910536
2.0,1000,15,4661,1.506467,884.449990,1021.012778,-0.493533,-115.550010,21.012778,0.872963
2.0,1000,15,4662,1.339601,506.466880,1260.266148,-0.660399,-493.533120,260.266148,0.847727
2.0,1000,15,4663,0.000000,0.000000,0.000000,-2.000000,-1000.000000,-1000.000000,0.000000
2.0,1000,15,4664,2.196264,818.100834,1087.615658,0.196264,-181.899166,87.615658,0.927210
2.0,1000,15,4665,1.870561,857.899171,1049.134243,-0.129439,-142.100829,49.134243,0.917287
2.0,1000,15,4666,0.000000,0.000000,0.000000,-2.000000,-1000.000000,-1000.000000,0.000000
2.0,1000,15,4667,0.000000,0.000000,0.000000,-2.000000,-1000.000000,-1000.000000,0.000000
2.0,1000,15,4668,1.615024,1069.790698,1050.899934,-0.384976,69.790698,50.899934,0.892268
2.0,1000,15,4669,1.646738,722.762215,1471.226690,-0.353262,-277.237785,471.226690,0.880647
2.0,1000,15,4670,2.065927,1006.204136,1059.933369,0.065927,6.204136,59.933369,0.905659
2.0,1000,15,4671,1.264190,835.735794,1226.408211,-0.735810,-164.264206,226.408211,0.829595
2.0,1000,15,4672,1.991556,744.666758,1022.531897,-0.008444,-255.333242,22.531897,0.908630
2.0,1000,15,4673,1.781215,958.949954,1192.494113,-0.218785,-41.050046,192.494113,0.910479
2.0,1000,15,4674,1.765763,379.031570,1288.321290,-0.234237,-620.968430,288.321290,0.904159
2.0,1000,15,4675,0.000000,0.000000,0.000000,-2.000000,-1000.000000,-1000.000000,0.000000
2.0,1000,15,4676,1.321021,536.222658,1438.592432,-0.678979,-463.777342,438.592432,0.815279
2.0,1000,15,4677,2.101987,901.319818,971.301065,0.101987,-98.680182,-28.698935,0.907852
2.0,1000,15,4678,5.986261,2086.295987,0.000091,3.986261,1086.295987,-999.999909,0.849087
2.0,1000,15,4679,2.254727,722.889695,1205.848138,0.254727,-277.110305,205.848138,0.901590
2.0,1000,15,4680,0.000000,0.000000,0.000000,-2.000000,-1000.000000,-1000.000000,0.000000
2.0,1000,15,4681,1.912740,962.125390,1065.562733,-0.087260,-37.874610,65.562733,0.921379
2.0,1000,15,4682,1.932768,751.577397,1188.942740,-0.067232,-248.422603,188.942740,0.923121
2.0,1000,15,4683,1.182087,578.818430,1345.834479,-0.817913,-421.181570,345.834479,0.768196
2.0,1000,15,4684,1.128930,656.837088,1296.477217,-0.871070,-343.162912,296.477217,0.731000
2.0,1000,15,4685,0.000000,0.000000,0.000000,-2.000000,-1000.000000,-1000.000000,0.000000
2.0,1000,15,4686,6.520691,2067.099958,0.000048,4.520691,1067.099958,-999.999952,0.947598
2.0,1000,15,4687,1.426113,671.248716,1082.313950,-0.573887,-328.751284,82.313950,0.835362
2.0,1000,15,4688,1.555008,727.691829,1144.065819,-0.444992,-272.308171,144.065819,0.759681
2.0,1000,15,4689,2.658085,901.007583,978.760525,0.658085,-98.992417,-21.239475,0.893530
2.0,1000,15,4690,1.874670,1012.706303,949.738027,-0.125330,12.706303,-50.261973,0.896546
2.0,1000,15,4691,0.000000,0.000000,0.000000,-2.000000,-1000.000000,-1000.000000,0.000000
2.0,1000,15,4692,1.511251,857.153109,1127.925362,-0.488749,-142.846891,127.925362,0.866052
2.0,1000,15,4693,1.594334,687.181904,1321.886738,-0.405666,-312.818096,321.886738,0.897469
2.0,1000,15,4694,1.650218,678.189904,1043.053191,-0.349782,-321.810096,43.053191,0.866418
2.0,1000,15,4695,0.000000,0.000000,0.000000,-2.000000,-1000.000000,-1000.000000,0.000000
2.0,1000,15,4696,0.000000,0.000000,0.000000,-2.000000,-1000.000000,-1000.000000,0.000000
2.0,1000,15,4697,1.721912,974.434587,1159.324745,-0.278088,-25.565413,159.324745,0.867893
2.0,1000,15,4698,6.016540,2058.950625,0.000019,4.016540,1058.950625,-999.999981,0.973088
2.0,1000,15,4699,2.820458,1527.237036,1012.232984,0.820458,527.237036,12.232984,0.890489
2.0,1000,15,4700,2.654242,1335.696880,854.711027,0.654242,335.696880,-145.288973,0.929861
2.0,1000,15,4701,6.319678,1828.476147,0.000039,4.319678,828.476147,-999.999961,0.972717
2.0,1000,15,4702,1.539716,620.350651,1242.750156,-0.460284,-379.649349,242.750156,0.893465
2.0,1000,15,4703,1.231739,842.675856,1196.627204,-0.768261,-157.324144,196.627204,0.793355
2.0,1000,15,4704,3.180136,1190.261048,782.526691,1.180136,190.261048,-217.473309,0.939168
2.0,1000,15,4705,1.741191,897.007136,982.706185,-0.258809,-102.992864,-17.293815,0.880198
2.0,1000,15,4706,0.000000,0.000000,0.000000,-2.000000,-1000.000000,-1000.000000,0.000000
2.0,1000,15,4707,2.234224,1095.238878,896.913337,0.234224,95.238878,-103.086663,0.932189
2.0,1000,15,4708,2.803710,1180.575374,847.840223,0.803710,180.575374,-152.159777,0.928746
2.0,1000,15,4709,1.679448,659.422719,1222.964684,-0.320552,-340.577281,222.964684,0.830079
2.0,1000,15,4710,2.078936,721.278017,1067.125933,0.078936,-278.721983,67.125933,0.896450
2.0,1000,15,4711,0.000000,0.000000,0.000000,-2.000000,-1000.000000,-1000.000000,0.000000
2.0,1000,15,4712,1.434943,628.533124,1092.268953,-0.565057,-371.466876,92.268953,0.836749
2.0,1000,15,4713,3.058764,1070.388226,1018.033205,1.058764,70.388226,18.033205,0.923230
2.0,1000,15,4714,1.567357,878.611660,1095.484109,-0.432643,-121.388340,95.484109,0.873636
2.0,1000,15,4715,4.446323,1799.878600,278.711514,2.446323,799.878600,-721.288486,0.927321
2.0,1000,15,4716,1.311433,619.992535,1133.066817,-0.688567,-380.007465,133.066817,0.825459
2.0,1000,15,4717,1.519017,904.807129,1065.597667,-0.480983,-95.192871,65.597667,0.821262
2.0,1000,15,4718,2.494902,961.306350,897.081803,0.494902,-38.693650,-102.918197,0.908555
2.0,1000,15,4719,1.374490,631.090759,1410.810273,-0.625510,-368.909241,410.810273,0.817632
2.0,1000,15,4720,0.000000,0.000000,0.000000,-2.000000,-1000.000000,-1000.000000,0.000000
2.0,1000,15,4721,1.398122,855.281697,1164.591691,-0.601878,-144.718303,164.591691,0.880721
2.0,1000,15,4722,2.474900,914.231353,865.031782,0.474900,-85.768647,-134.968218,0.912219
2.0,1000,15,4723,0.000000,0.000000,0.000000,-2.000000,-1000.000000,-1000.000000,0.000000
2.0,1000,15,4724,2.095447,1143.584583,917.709699,0.095447,143.584583,-82.290301,0.940043
2.0,1000,15,4725,2.140836,1104.633558,921.100661,0.140836,104.633558,-78.899339,0.938400
2.0,1000,15,4726,1.565499,647.142806,1202.151799,-0.434501,-352.857194,202.151799,0.886667
2.0,1000,15,4727,0.000000,0.000000,0.000000,-2.000000,-1000.000000,-1000.000000,0.000000
2.0,1000,15,4728,2.574617,1267.147711,1013.713560,0.574617,267.147711,13.713560,0.899254
2.0,1000,15,4729,2.364157,836.541005,1003.636345,0.364157,-163.458995,3.636345,0.875029
2.0,1000,15,4730,1.184954,806.575728,1170.088461,-0.815046,-193.424272,170.088461,0.731851
2.0,1000,15,4731,2.073874,931.694650,1053.321522,0.073874,-68.305350,53.321522,0.876272
2.0,1000,15,4732,1.770045,1184.844942,945.689515,-0.229955,184.844942,-54.310485,0.902011
2.0,1000,15,4733,1.647253,1083.017892,1000.500338,-0.352747,83.017892,0.500338,0.889591
2.0,1000,15,4734,2.600971,980.992752,1004.254862,0.600971,-19.007248,4.254862,0.916282
2.0,1000,15,4735,0.000000,0.000000,0.000000,-2.000000,-1000.000000,-1000.000000,0.000000
2.0,1000,15,4736,1.329478,722.063280,1290.441988,-0.670522,-277.936720,290.441988,0.808249
2.0,1000,15,4737,1.475123,747.590669,1166.357617,-0.524877,-252.409331,166.357617,0.895637
2.0,1000,15,4738,1.755912,791.832885,1015.861841,-0.244088,-208.167115,15.861841,0.883842
2.0,1000,15,4739,1.727725,686.462140,1214.413589,-0.272275,-313.537860,214.413589,0.879310
2.0,1000,15,4740,3.298910,1663.245783,521.119179,1.298910,663.245783,-478.880821,0.926383
2.0,1000,15,4741,3.381284,1301.448520,649.459722,1.381284,301.448520,-350.540278,0.932347
2.0,1000,15,4742,1.558836,844.155950,1102.106718,-0.441164,-155.844050,102.106718,0.812392
2.0,1000,15,4743,5.494532,2002.860310,0.000021,3.494532,1002.860310,-999.999979,0.960185
2.0,1000,15,4744,3.223790,1241.675988,942.024886,1.223790,241.675988,-57.975114,0.948274
2.0,1000,15,4745,1.569402,861.933595,1066.128724,-0.430598,-138.066405,66.128724,0.852384
2.0,1000,15,4746,0.000000,0.000000,0.000000,-2.000000,-1000.000000,-1000.000000,0.000000
2.0,1000,15,4747,1.135300,572.857320,1232.566365,-0.864700,-427.142680,232.566365,0.723695
2.0,1000,15,4748,0.000000,0.000000,0.000000,-2.000000,-1000.000000,-1000.000000,0.000000
2.0,1000,15,4749,0.000000,0.000000,0.000000,-2.000000,-1000.000000,-1000.000000,0.000000
2.0,1000,15,4750,4.587753,1619.110200,393.795800,2.587753,619.110200,-606.204200,0.900051
2.0,1000,15,4751,0.000000,0.000000,0.000000,-2.000000,-1000.000000,-1000.000000,0.000000
2.0,1000,15,4752,1.911979,913.709600,1049.708682,-0.088021,-86.290400,49.708682,0.888228
2.0,1000,15,4753,1.929036,594.583451,1071.580320,-0.070964,-405.416549,71.580320,0.913652
2.0,1000,15,4754,1.891061,933.086891,1061.788892,-0.108939,-66.913109,61.788892,0.887210
2.0,1000,15,4755,0.000000,0.000000,0.000000,-2.000000,-1000.000000,-1000.000000,0.000000
2.0,1000,15,4756,1.860541,849.811944,1059.962036,-0.139459,-150.188056,59.962036,0.856941
2.0,1000,15,4757,5.726526,2098.523867,0.000300,3.726526,1098.523867,-999.999700,0.914609
2.0,1000,15,4758,7.396975,1942.835155,0.000058,5.396975,942.835155,-999.999942,0.914295
2.0,1000,15,4759,0.000000,0.000000,0.000000,-2.000000,-1000.000000,-1000.000000,0.000000
2.0,1000,15,4760,2.346218,1030.717506,962.155857,0.346218,30.717506,-37.844143,0.925830
2.0,1000,15,4761,1.924078,705.930323,1136.199597,-0.075922,-294.069677,136.199597,0.863442
2.0,1000,15,4762,1.211667,686.419005,1334.815267,-0.788333,-313.580995,334.815267,0.729437
2.0,1000,15,4763,1.890877,941.760577,974.074870,-0.109123,-58.239423,-25.925130,0.907120
2.0,1000,15,4764,2.235220,1110.337534,855.667689,0.235220,110.337534,-144.332311,0.903742
2.0,1000,15,4765,1.155541,749.124959,1201.499311,-0.844459,-250.875041,201.499311,0.756174
2.0,1000,15,4766,6.390355,2071.626801,0.000000,4.390355,1071.626801,-1000.000000,0.920241
2.0,1000,15,4767,5.149713,2024.875414,0.000071,3.149713,1024.875414,-999.999929,0.927967
2.0,1000,15,4768,3.145610,1253.313694,902.573233,1.145610,253.313694,-97.426767,0.871128
2.0,1000,15,4769,1.463595,599.253884,1308.316276,-0.536405,-400.746116,308.316276,0.867544
2.0,1000,15,4770,0.000000,0.000000,0.000000,-2.000000,-1000.000000,-1000.000000,0.000000
2.0,1000,15,4771,2.233577,1064.496364,1021.011717,0.233577,64.496364,21.011717,0.917182
2.0,1000,15,4772,1.608633,899.296681,1175.992395,-0.391367,-100.703319,175.992395,0.855535
2.0,1000,15,4773,2.287882,749.167514,1160.302938,0.287882,-250.832486,160.302938,0.888365
2.0,1000,15,4774,0.000000,0.000000,0.000000,-2.000000,-1000.000000,-1000.000000,0.000000
2.0,1000,15,4775,1.917537,835.520556,1097.496635,-0.082463,-164.479444,97.496635,0.846090
2.0,1000,15,4776,2.175336,1052.397816,954.107196,0.175336,52.397816,-45.892804,0.834760
2.0,1000,15,4777,1.678941,962.857944,1012.141359,-0.321059,-37.142056,12.141359,0.869364
2.0,1000,15,4778,0.000000,0.000000,0.000000,-2.000000,-1000.000000,-1000.000000,0.000000
2.0,1000,15,4779,2.703889,1385.417778,610.749179,0.703889,385.417778,-389.250821,0.872341
2.0,1000,15,4780,0.000000,0.000000,0.000000,-2.000000,-1000.000000,-1000.000000,0.000000
2.0,1000,15,4781,0.000000,0.000000,0.000000,-2.000000,-1000.000000,-1000.000000,0.000000
2.0,1000,15,4782,1.527068,890.544355,1098.784842,-0.472932,-109.455645,98.784842,0.891051
2.0,1000,15,4783,1.237581,483.445195,1180.922711,-0.762419,-516.554805,180.922711,0.806121
2.0,1000,15,4784,0.000000,0.000000,0.000000,-2.000000,-1000.000000,-1000.000000,0.000000
2.0,1000,15,4785,2.080835,1045.229853,1122.745274,0.080835,45.229853,122.745274,0.896325
2.0,1000,15,4786,1.771358,817.339123,1230.211642,-0.228642,-182.660877,230.211642,0.830661
2.0,1000,15,4787,0.000000,0.000000,0.000000,-2.000000,-1000.000000,-1000.000000,0.000000
2.0,1000,15,4788,7.528173,2092.435100,0.000068,5.528173,1092.435100,-999.999932,0.963924
2.0,1000,15,4789,1.171040,505.761751,1293.935833,-0.828960,-494.238249,293.935833,0.715239
2.0,1000,15,4790,0.000000,0.000000,0.000000,-2.000000,-1000.000000,-1000.000000,0.000000
2.0,1000,15,4791,5.314884,1957.782569,0.000063,3.314884,957.782569,-999.999937,0.808722
2.0,1000,15,4792,1.181681,710.745252,1170.734158,-0.818319,-289.254748,170.734158,0.797966
2.0,1000,15,4793,1.698808,774.486884,1106.385746,-0.301192,-225.513116,106.385746,0.867592
2.0,1000,15,4794,3.543736,1907.085437,470.719699,1.543736,907.085437,-529.280301,0.927760
2.0,1000,15,4795,2.382720,673.624266,1204.385321,0.382720,-326.375734,204.385321,0.939158
2.0,1000,15,4796,0.000000,0.000000,0.000000,-2.000000,-1000.000000,-1000.000000,0.000000
2.0,1000,15,4797,1.918901,640.910486,1260.856338,-0.081099,-359.089514,260.856338,0.905941
2.0,1000,15,4798,1.657360,822.670415,1004.827426,-0.342640,-177.329585,4.827426,0.873907
2.0,1000,15,4799,0.000000,0.000000,0.000000,-2.000000,-1000.000000,-1000.000000,0.000000
2.0,1000,15,4800,1.952274,1102.676630,948.047109,-0.047726,102.676630,-51.952891,0.923709
2.0,1000,15,4801,0.000000,0.000000,0.000000,-2.000000,-1000.000000,-1000.000000,0.000000
2.0,1000,15,4802,0.000000,0.000000,0.000000,-2.000000,-1000.000000,-1000.000000,0.000000
2.0,1000,15,4803,1.908480,1200.718857,970.883286,-0.091520,200.718857,-29.116714,0.871510
2.0,1000,15,4804,1.442276,1027.673586,1104.986604,-0.557724,27.673586,104.986604,0.880527
2.0,1000,15,4805,2.182171,562.777985,1255.160008,0.182171,-437.222015,255.160008,0.917279
2.0,1000,15,4806,1.741033,730.345070,1084.903660,-0.258967,-269.654930,84.903660,0.915767
2.0,1000,15,4807,1.384816,631.484412,1140.288472,-0.615184,-368.515588,140.288472,0.857151
2.0,1000,15,4808,1.402440,784.958397,985.673860,-0.597560,-215.041603,-14.326140,0.863648
2.0,1000,15,4809,1.886439,788.532652,1186.527893,-0.113561,-211.467348,186.527893,0.896880
2.0,1000,15,4810,1.442851,783.158998,1081.534209,-0.557149,-216.841002,81.534209,0.865091
2.0,1000,15,4811,1.300356,655.579384,1531.780819,-0.699644,-344.420616,531.780819,0.796509
2.0,1000,15,4812,1.350701,560.479891,1302.576406,-0.649299,-439.520109,302.576406,0.843734
2.0,1000,15,4813,0.000000,0.000000,0.000000,-2.000000,-1000.000000,-1000.000000,0.000000
2.0,1000,15,4814,1.949032,1018.637821,1089.473581,-0.050968,18.637821,89.473581,0.912703
2.0,1000,15,4815,1.514956,665.796197,1145.451746,-0.485044,-334.203803,145.451746,0.883034
2.0,1000,15,4816,1.615641,1049.464920,1081.325670,-0.384359,49.464920,81.325670,0.902604
2.0,1000,15,4817,1.884826,945.453222,1063.569393,-0.115174,-54.546778,63.569393,0.829899
2.0,1000,15,4818,5.380782,2212.982131,0.000000,3.380782,1212.982131,-1000.000000,0.849671
2.0,1000,15,4819,4.784087,1952.215488,227.309420,2.784087,952.215488,-772.690580,0.935105
2.0,1000,15,4820,0.000000,0.000000,0.000000,-2.000000,-1000.000000,-1000.000000,0.000000
2.0,1000,15,4821,5.324476,2054.440447,0.000053,3.324476,1054.440447,-999.999947,0.896460
2.0,1000,15,4822,0.000000,0.000000,0.000000,-2.000000,-1000.000000,-1000.000000,0.000000
2.0,1000,15,4823,5.019541,1822.369594,0.000070,3.019541,822.369594,-999.999930,0.930496
2.0,1000,15,4824,1.545688,830.233604,1082.169316,-0.454312,-169.766396,82.169316,0.859331
2.0,1000,15,4825,1.455201,655.577056,1269.182315,-0.544799,-344.422944,269.182315,0.870968
2.0,1000,15,4826,1.282019,583.185086,1133.095878,-0.717981,-416.814914,133.095878,0.795410
2.0,1000,15,4827,1.252814,739.948330,1064.276440,-0.747186,-260.051670,64.276440,0.752476
2.0,1000,15,4828,6.623288,1924.368026,0.000036,4.623288,924.368026,-999.999964,0.933689
2.0,1000,15,4829,1.982743,1131.211715,1063.408293,-0.017257,131.211715,63.408293,0.909027
2.0,1000,15,4830,2.124248,1118.264645,1133.964076,0.124248,118.264645,133.964076,0.932546
2.0,1000,15,4831,1.100477,672.955791,1215.904370,-0.899523,-327.044209,215.904370,0.675593
2.0,1000,15,4832,1.643087,679.597694,1164.736767,-0.356913,-320.402306,164.736767,0.908600
2.0,1000,15,4833,1.364238,815.939315,1285.141961,-0.635762,-184.060685,285.141961,0.793028
2.0,1000,15,4834,1.244279,595.201712,1234.291467,-0.755721,-404.798288,234.291467,0.828683
2.0,1000,15,4835,2.321303,907.661645,883.986288,0.321303,-92.338355,-116.013712,0.924773
2.0,1000,15,4836,0.000000,0.000000,0.000000,-2.000000,-1000.000000,-1000.000000,0.000000
2.0,1000,15,4837,5.849881,2067.045221,0.000050,3.849881,1067.045221,-999.999950,0.892212
2.0,1000,15,4838,5.594285,2030.718446,0.000065,3.594285,1030.718446,-999.999935,0.974692
2.0,1000,15,4839,1.699405,899.742185,990.097442,-0.300595,-100.257815,-9.902558,0.867780
2.0,1000,15,4840,1.497065,729.603509,1261.699345,-0.502935,-270.396491,261.699345,0.863960
2.0,1000,15,4841,1.307994,635.777320,1252.573170,-0.692006,-364.222680,252.573170,0.847166
2.0,1000,15,4842,1.271701,510.526543,1361.349070,-0.728299,-489.473457,361.349070,0.805248
2.0,1000,15,4843,1.504153,934.386851,1156.368832,-0.495847,-65.613149,156.368832,0.872679
2.0,1000,15,4844,1.381121,707.176889,1244.830693,-0.618879,-292.823111,244.830693,0.871105
2.0,1000,15,4845,0.000000,0.000000,0.000000,-2.000000,-1000.000000,-1000.000000,0.000000
2.0,1000,15,4846,0.000000,0.000000,0.000000,-2.000000,-1000.000000,-1000.000000,0.000000
2.0,1000,15,4847,1.808346,530.766421,1259.585657,-0.191654,-469.233579,259.585657,0.922852
2.0,1000,15,4848,6.187180,1932.887734,0.000000,4.187180,932.887734,-1000.000000,0.892937
2.0,1000,15,4849,1.260616,565.713204,1620.654277,-0.739384,-434.286796,620.654277,0.825036
2.0,1000,15,4850,6.677664,2141.194284,0.000000,4.677664,1141.194284,-1000.000000,0.777542
2.0,1000,15,4851,1.310815,450.128810,1514.022644,-0.689185,-549.871190,514.022644,0.851251
2.0,1000,15,4852,5.004627,2131.922416,0.000000,3.004627,1131.922416,-1000.000000,0.884007
2.0,1000,15,4853,1.470091,694.974484,1262.019090,-0.529909,-305.025516,262.019090,0.887850
2.0,1000,15,4854,7.248432,2059.684246,0.000000,5.248432,1059.684246,-1000.000000,0.905883
2.0,1000,15,4855,2.424882,1161.909161,761.626679,0.424882,161.909161,-238.373321,0.876183
2.0,1000,15,4856,5.899924,2252.170657,0.000000,3.899924,1252.170657,-1000.000000,0.885455
2.0,1000,15,4857,0.000000,0.000000,0.000000,-2.000000,-1000.000000,-1000.000000,0.000000
2.0,1000,15,4858,1.520979,763.959867,1165.425179,-0.479021,-236.040133,165.425179,0.878489
2.0,1000,15,4859,2.004221,1092.940834,946.778355,0.004221,92.940834,-53.221645,0.840101
2.0,1000,15,4860,2.052257,923.346898,960.329542,0.052257,-76.653102,-39.670458,0.900693
2.0,1000,15,4861,1.259294,515.157410,1342.975557,-0.740706,-484.842590,342.975557,0.824934
2.0,1000,15,4862,6.350744,1896.098655,0.000089,4.350744,896.098655,-999.999911,0.915334
2.0,1000,15,4863,2.072825,688.294176,1311.924637,0.072825,-311.705824,311.924637,0.893437
2.0,1000,15,4864,0.000000,0.000000,0.000000,-2.000000,-1000.000000,-1000.000000,0.000000
2.0,1000,15,4865,1.235617,639.303476,1300.843067,-0.764383,-360.696524,300.843067,0.792015
2.0,1000,15,4866,3.856559,1266.672390,822.647391,1.856559,266.672390,-177.352609,0.930130
2.0,1000,15,4867,2.384138,892.697785,974.964427,0.384138,-107.302215,-25.035573,0.921429
2.0,1000,15,4868,1.922258,825.796881,1013.203281,-0.077742,-174.203119,13.203281,0.872093
2.0,1000,15,4869,1.709910,553.016539,1244.883846,-0.290090,-446.983461,244.883846,0.890534
2.0,1000,15,4870,1.246037,620.129724,1417.774490,-0.753963,-379.870276,417.774490,0.805176
2.0,1000,15,4871,3.144463,950.072394,1088.077552,1.144463,-49.927606,88.077552,0.932012
2.0,1000,15,4872,0.000000,0.000000,0.000000,-2.000000,-1000.000000,-1000.000000,0.000000
2.0,1000,15,4873,3.280298,1253.316162,672.219177,1.280298,253.316162,-327.780823,0.915252
2.0,1000,15,4874,0.000000,0.000000,0.000000,-2.000000,-1000.000000,-1000.000000,0.000000
2.0,1000,15,4875,3.237514,1667.154581,611.960736,1.237514,667.154581,-388.039264,0.938828
2.0,1000,15,4876,1.842560,1133.617442,961.580404,-0.157440,133.617442,-38.419596,0.842186
2.0,1000,15,4877,1.967740,969.551641,1012.670081,-0.032260,-30.448359,12.670081,0.917780
2.0,1000,15,4878,3.267924,892.997490,1110.107837,1.267924,-107.002510,110.107837,0.930354
2.0,1000,15,4879,0.000000,0.000000,0.000000,-2.000000,-1000.000000,-1000.000000,0.000000
2.0,1000,15,4880,4.863398,2157.387278,0.000032,2.863398,1157.387278,-999.999968,0.942576
2.0,1000,15,4881,1.608564,944.912242,962.514742,-0.391436,-55.087758,-37.485258,0.893888
2.0,1000,15,4882,1.735134,729.542809,1333.876126,-0.264866,-270.457191,333.876126,0.872907
2.0,1000,15,4883,1.870002,626.933598,1078.884191,-0.129998,-373.066402,78.884191,0.917571
2.0,1000,15,4884,2.282294,1045.170477,901.206327,0.282294,45.170477,-98.793673,0.857940
2.0,1000,15,4885,1.704072,793.382004,1069.144900,-0.295928,-206.617996,69.144900,0.887146
2.0,1000,15,4886,6.691960,1826.506188,0.000153,4.691960,826.506188,-999.999847,0.926698
2.0,1000,15,4887,2.117507,912.985691,1019.244682,0.117507,-87.014309,19.244682,0.898682
2.0,1000,15,4888,1.655120,917.063614,1411.477834,-0.344880,-82.936386,411.477834,0.823330
2.0,1000,15,4889,6.346354,2022.337066,0.000054,4.346354,1022.337066,-999.999946,0.974465
2.0,1000,15,4890,3.494437,1666.076618,397.970996,1.494437,666.076618,-602.029004,0.935664
2.0,1000,15,4891,1.467763,573.513660,1411.446864,-0.532237,-426.486340,411.446864,0.880007
2.0,1000,15,4892,1.306243,676.683441,1123.270888,-0.693757,-323.316559,123.270888,0.852420
2.0,1000,15,4893,0.000000,0.000000,0.000000,-2.000000,-1000.000000,-1000.000000,0.000000
2.0,1000,15,4894,1.461639,660.691811,1132.143228,-0.538361,-339.308189,132.143228,0.891168
2.0,1000,15,4895,1.699458,683.599216,1276.630919,-0.300542,-316.400784,276.630919,0.812867
2.0,1000,15,4896,1.623824,983.134488,1068.182094,-0.376176,-16.865512,68.182094,0.901487
2.0,1000,15,4897,2.630525,1096.254789,817.934893,0.630525,96.254789,-182.065107,0.941338
2.0,1000,15,4898,1.146009,484.147867,1526.422492,-0.853991,-515.852133,526.422492,0.754680
2.0,1000,15,4899,1.910530,1090.344561,993.540225,-0.089470,90.344561,-6.459775,0.874307
2.0,1000,15,4900,5.139849,2078.818091,0.000020,3.139849,1078.818091,-999.999980,0.885874
2.0,1000,15,4901,2.520168,1012.273195,956.151173,0.520168,12.273195,-43.848827,0.931433
2.0,1000,15,4902,0.000000,0.000000,0.000000,-2.000000,-1000.000000,-1000.000000,0.000000
2.0,1000,15,4903,1.273948,660.747903,1232.888470,-0.726052,-339.252097,232.888470,0.831240
2.0,1000,15,4904,6.364051,2143.819879,0.000000,4.364051,1143.819879,-1000.000000,0.860519
2.0,1000,15,4905,1.624100,1001.185369,1129.506153,-0.375900,1.185369,129.506153,0.874216
2.0,1000,15,4906,2.528181,1352.540783,714.108399,0.528181,352.540783,-285.891601,0.895715
2.0,1000,15,4907,0.000000,0.000000,0.000000,-2.000000,-1000.000000,-1000.000000,0.000000
2.0,1000,15,4908,1.382956,795.577499,1098.629621,-0.617044,-204.422501,98.629621,0.871067
2.0,1000,15,4909,2.674418,1164.186097,906.112167,0.674418,164.186097,-93.887833,0.935779
2.0,1000,15,4910,1.937017,558.252661,1397.361911,-0.062983,-441.747339,397.361911,0.911223
2.0,1000,15,4911,1.962165,1040.494678,996.022390,-0.037835,40.494678,-3.977610,0.927101
2.0,1000,15,4912,1.395470,786.398235,1180.527686,-0.604530,-213.601765,180.527686,0.871892
2.0,1000,15,4913,1.120082,762.745631,1238.577721,-0.879918,-237.254369,238.577721,0.700830
2.0,1000,15,4914,0.000000,0.000000,0.000000,-2.000000,-1000.000000,-1000.000000,0.000000
2.0,1000,15,4915,0.000000,0.000000,0.000000,-2.000000,-1000.000000,-1000.000000,0.000000
2.0,1000,15,4916,1.771123,521.411990,1338.931270,-0.228877,-478.588010,338.931270,0.920283
2.0,1000,15,4917,0.000000,0.000000,0.000000,-2.000000,-1000.000000,-1000.000000,0.000000
2.0,1000,15,4918,0.000000,0.000000,0.000000,-2.000000,-1000.000000,-1000.000000,0.000000
2.0,1000,15,4919,1.946592,899.342600,1097.347977,-0.053408,-100.657400,97.347977,0.924419
2.0,1000,15,4920,3.333751,1057.333045,972.582772,1.333751,57.333045,-27.417228,0.952411
2.0,1000,15,4921,1.279598,596.496933,1351.377568,-0.720402,-403.503067,351.377568,0.804524
2.0,1000,15,4922,5.001566,2221.688479,0.000032,3.001566,1221.688479,-999.999968,0.940122
2.0,1000,15,4923,1.498466,795.495709,1295.542583,-0.501534,-204.504291,295.542583,0.874151
2.0,1000,15,4924,1.863558,985.616638,945.610785,-0.136442,-14.383362,-54.389215,0.925924
2.0,1000,15,4925,1.312298,808.682949,1300.022419,-0.687702,-191.317051,300.022419,0.813704
2.0,1000,15,4926,2.787596,1371.428683,666.622065,0.787596,371.428683,-333.377935,0.929581
2.0,1000,15,4927,2.675417,1361.140788,740.420914,0.675417,361.140788,-259.579086,0.941032
2.0,1000,15,4928,0.000000,0.000000,0.000000,-2.000000,-1000.000000,-1000.000000,0.000000
2.0,1000,15,4929,0.000000,0.000000,0.000000,-2.000000,-1000.000000,-1000.000000,0.000000
2.0,1000,15,4930,5.897156,2103.181583,0.000019,3.897156,1103.181583,-999.999981,0.957272
2.0,1000,15,4931,1.186634,669.439043,1369.498462,-0.813366,-330.560957,369.498462,0.783976
2.0,1000,15,4932,1.640422,965.120902,1050.669231,-0.359578,-34.879098,50.669231,0.891676
2.0,1000,15,4933,0.000000,0.000000,0.000000,-2.000000,-1000.000000,-1000.000000,0.000000
2.0,1000,15,4934,5.818634,2132.907708,0.000084,3.818634,1132.907708,-999.999916,0.955470
2.0,1000,15,4935,2.992654,931.395399,927.096333,0.992654,-68.604601,-72.903667,0.931157
2.0,1000,15,4936,1.839068,880.712455,1078.128035,-0.160932,-119.287545,78.128035,0.920822
2.0,1000,15,4937,1.351008,591.787410,1241.691847,-0.648992,-408.212590,241.691847,0.838795
2.0,1000,15,4938,2.616225,685.313448,1285.330994,0.616225,-314.686552,285.330994,0.895954
2.0,1000,15,4939,5.365762,2143.300696,0.000202,3.365762,1143.300696,-999.999798,0.938966
2.0,1000,15,4940,1.502969,550.614235,1351.181745,-0.497031,-449.385765,351.181745,0.883744
2.0,1000,15,4941,3.019543,970.962591,964.887142,1.019543,-29.037409,-35.112858,0.902738
2.0,1000,15,4942,1.232613,877.121556,1080.766250,-0.767387,-122.878444,80.766250,0.798675
2.0,1000,15,4943,1.513872,708.770910,1278.519271,-0.486128,-291.229090,278.519271,0.889364
2.0,1000,15,4944,1.370372,737.509857,1188.320999,-0.629628,-262.490143,188.320999,0.869990
2.0,1000,15,4945,2.202040,816.079133,999.028558,0.202040,-183.920867,-0.971442,0.895702
2.0,1000,15,4946,1.334202,751.127392,1059.349143,-0.665798,-248.872608,59.349143,0.776707
2.0,1000,15,4947,0.000000,0.000000,0.000000,-2.000000,-1000.000000,-1000.000000,0.000000
2.0,1000,15,4948,1.684248,879.047451,974.076439,-0.315752,-120.952549,-25.923561,0.875546
2.0,1000,15,4949,1.278956,836.187380,1266.304351,-0.721044,-163.812620,266.304351,0.832757
2.0,1000,15,4950,1.520400,1145.158233,957.233921,-0.479600,145.158233,-42.766079,0.880995
2.0,1000,15,4951,6.790093,2181.856615,0.000045,4.790093,1181.856615,-999.999955,0.927688
2.0,1000,15,4952,4.537637,2066.285768,0.000000,2.537637,1066.285768,-1000.000000,0.837843
2.0,1000,15,4953,0.000000,0.000000,0.000000,-2.000000,-1000.000000,-1000.000000,0.000000
2.0,1000,15,4954,1.448021,688.345103,1231.681039,-0.551979,-311.654897,231.681039,0.849264
2.0,1000,15,4955,0.000000,0.000000,0.000000,-2.000000,-1000.000000,-1000.000000,0.000000
2.0,1000,15,4956,2.115017,961.235907,995.205359,0.115017,-38.764093,-4.794641,0.912222
2.0,1000,15,4957,0.000000,0.000000,0.000000,-2.000000,-1000.000000,-1000.000000,0.000000
2.0,1000,15,4958,0.000000,0.000000,0.000000,-2.000000,-1000.000000,-1000.000000,0.000000
2.0,1000,15,4959,1.583155,716.501120,1213.881048,-0.416845,-283.498880,213.881048,0.897880
2.0,1000,15,4960,1.162800,791.138905,1383.698234,-0.837200,-208.861095,383.698234,0.768003
2.0,1000,15,4961,2.041382,869.158124,1064.569627,0.041382,-130.841876,64.569627,0.915135
2.0,1000,15,4962,3.057426,1361.362401,682.666891,1.057426,361.362401,-317.333109,0.936437
2.0,1000,15,4963,1.115574,654.747127,1129.525650,-0.884426,-345.252873,129.525650,0.703294
2.0,1000,15,4964,0.000000,0.000000,0.000000,-2.000000,-1000.000000,-1000.000000,0.000000
2.0,1000,15,4965,4.042387,1323.794092,868.425961,2.042387,323.794092,-131.574039,0.927726
2.0,1000,15,4966,1.533263,794.776504,1149.978006,-0.466737,-205.223496,149.978006,0.860001
2.0,1000,15,4967,2.386146,1078.435794,925.744234,0.386146,78.435794,-74.255766,0.916921
2.0,1000,15,4968,1.764689,707.029047,1097.973910,-0.235311,-292.970953,97.973910,0.895538
2.0,1000,15,4969,2.638679,977.891573,1047.345579,0.638679,-22.108427,47.345579,0.884728
2.0,1000,15,4970,1.261233,906.943453,1162.558676,-0.738767,-93.056547,162.558676,0.819938
2.0,1000,15,4971,3.663076,1119.915297,723.055810,1.663076,119.915297,-276.944190,0.958707
2.0,1000,15,4972,3.121964,1445.509296,657.737834,1.121964,445.509296,-342.262166,0.896059
2.0,1000,15,4973,3.150445,965.046305,852.936457,1.150445,-34.953695,-147.063543,0.934306
2.0,1000,15,4974,1.531602,907.441528,1126.902692,-0.468398,-92.558472,126.902692,0.870804
2.0,1000,15,4975,0.000000,0.000000,0.000000,-2.000000,-1000.000000,-1000.000000,0.000000
2.0,1000,15,4976,1.513674,747.953635,1040.974107,-0.486326,-252.046365,40.974107,0.888998
2.0,1000,15,4977,1.275221,877.101952,1349.312182,-0.724779,-122.898048,349.312182,0.830490
2.0,1000,15,4978,1.777415,727.771412,1073.698802,-0.222585,-272.228588,73.698802,0.828829
2.0,1000,15,4979,0.000000,0.000000,0.000000,-2.000000,-1000.000000,-1000.000000,0.000000
2.0,1000,15,4980,1.707795,776.489550,1252.209514,-0.292205,-223.510450,252.209514,0.904900
2.0,1000,15,4981,5.019117,2155.165635,0.000066,3.019117,1155.165635,-999.999934,0.944965
2.0,1000,15,4982,1.629857,717.941219,1267.169944,-0.370143,-282.058781,267.169944,0.883955
2.0,1000,15,4983,1.603552,801.823884,1093.829982,-0.396448,-198.176116,93.829982,0.880134
2.0,1000,15,4984,0.000000,0.000000,0.000000,-2.000000,-1000.000000,-1000.000000,0.000000
2.0,1000,15,4985,4.655281,2263.476212,0.000078,2.655281,1263.476212,-999.999922,0.969211
2.0,1000,15,4986,2.792602,809.156204,1257.011554,0.792602,-190.843796,257.011554,0.882791
2.0,1000,15,4987,1.587409,707.869533,1099.120574,-0.412591,-292.130467,99.120574,0.887310
2.0,1000,15,4988,1.986504,812.367910,947.339751,-0.013496,-187.632090,-52.660249,0.915745
2.0,1000,15,4989,1.405498,749.566869,1079.577279,-0.594502,-250.433131,79.577279,0.869309
2.0,1000,15,4990,0.000000,0.000000,0.000000,-2.000000,-1000.000000,-1000.000000,0.000000
2.0,1000,15,4991,1.364541,674.728892,1369.578898,-0.635459,-325.271108,369.578898,0.848380
2.0,1000,15,4992,4.744617,2212.108183,0.000087,2.744617,1212.108183,-999.999913,0.952963
2.0,1000,15,4993,0.000000,0.000000,0.000000,-2.000000,-1000.000000,-1000.000000,0.000000
2.0,1000,15,4994,1.392616,638.931627,1136.087219,-0.607384,-361.068373,136.087219,0.867501
2.0,1000,15,4995,2.162779,918.809114,1059.332540,0.162779,-81.190886,59.332540,0.909287
2.0,1000,15,4996,0.000000,0.000000,0.000000,-2.000000,-1000.000000,-1000.000000,0.000000
2.0,1000,15,4997,0.000000,0.000000,0.000000,-2.000000,-1000.000000,-1000.000000,0.000000
2.0,1000,15,4998,1.886705,1063.914873,975.434019,-0.113295,63.914873,-24.565981,0.923057
2.0,1000,15,4999,1.212703,748.389838,1218.136083,-0.787297,-251.610162,218.136083,0.717002
2.0,1000,15,5000,0.000000,0.000000,0.000000,-2.000000,-1000.000000,-1000.000000,0.000000
