beta,eta,gamma,n,repeat_id,method_id,method_variant,beta_hat,eta_hat,gamma_hat,r_squared,converged,time,status,beta_error,eta_error,gamma_error,beta_rel_error,eta_rel_error,gamma_rel_error,extra,block,sample_sha256
2.0,1000.0,1000.0,15,0,paper_mle,MLE,,,,,False,0.0186177999712526,failure,,,,,,,"{""solution_info"": {""status"": ""root_outside_author_shape_domain"", ""estimate"": null, ""candidates"": [{""beta"": 1.000093905803759, ""eta"": 563.0484348260574, ""gamma"": 1341.0929192647718, ""log_gap"": -12.555568845904874, ""log_likelihood"": -6.383926234569591, ""objective"": 5.049403128194455e-29, ""local_maximum"": false, ""in_shape_domain"": false, ""low_shape_author_excluded"": true}], ""shape_bounds"": [1.01, 15], ""location_lower"": -1038.4475471268006, ""location_upper"": 1341.0963444807755, ""log_gap_step"": 0.025, ""grid_points"": 681, ""extrema_checks"": 1, ""weights"": {""J1"": 1.0, ""J2"": 1.0}, ""selection"": ""highest likelihood among finite stationary maxima"", ""no_boundary_or_nonzero_residual_substitution"": true}}",4,bccf3d3ea57aa30bc645f0d3b89679aa7831bf4cac0e8d0810b635584375d5a2
2.0,1000.0,1000.0,15,0,paper_cw,MMLE-I,,,,,False,0.0003058000002056,failure,,,,,,,"{""solution_info"": {""status"": ""no_root_after_dense_search"", ""estimate"": null, ""reused_verified_profile"": true}}",4,bccf3d3ea57aa30bc645f0d3b89679aa7831bf4cac0e8d0810b635584375d5a2
2.0,1000.0,1000.0,15,0,paper_wmle,WMLE,3.740250921951141,1065.2337107931696,941.2552629914404,0.0,True,0.2477486000279896,success,1.7402509219511408,65.23371079316962,-58.74473700855947,0.8701254609755704,0.0652337107931696,-0.0587447370085594,"{""solution_info"": {""status"": ""ok"", ""estimate"": {""beta"": 3.740250921951141, ""eta"": 1065.2337107931696, ""gamma"": 941.2552629914405, ""log_gap"": -0.916687856994561, ""log_likelihood"": -2.130106037788975, ""objective"": 6.179344685822491e-27, ""local_maximum"": true, ""in_shape_domain"": true, ""low_shape_author_excluded"": false}, ""candidates"": [{""beta"": 3.740250921951141, ""eta"": 1065.2337107931696, ""gamma"": 941.2552629914405, ""log_gap"": -0.916687856994561, ""log_likelihood"": -2.130106037788975, ""objective"": 6.179344685822491e-27, ""local_maximum"": true, ""in_shape_domain"": true, ""low_shape_author_excluded"": false}], ""shape_bounds"": [0.1, 15], ""location_lower"": -1038.4475471268006, ""location_upper"": 1341.0963444807755, ""log_gap_step"": 0.025, ""grid_points"": 724, ""extrema_checks"": 12, ""weights"": {""J1"": 0.978, ""J2"": 0.901}, ""selection"": ""root nearest original (beta=2,gamma=.9*xmin) heuristic"", ""no_boundary_or_nonzero_residual_substitution"": true}}",4,bccf3d3ea57aa30bc645f0d3b89679aa7831bf4cac0e8d0810b635584375d5a2
2.0,1000.0,1000.0,15,1,paper_mle,MLE,2.3098545448592422,1180.4833468018107,876.8631281741297,0.0,True,0.0417178000207059,success,0.3098545448592422,180.48334680181077,-123.13687182587034,0.1549272724296211,0.1804833468018107,-0.1231368718258703,"{""solution_info"": {""status"": ""ok"", ""estimate"": {""beta"": 2.3098545448592422, ""eta"": 1180.4833468018107, ""gamma"": 876.8631281741297, ""log_gap"": -1.3589243445157553, ""log_likelihood"": -10.093595006715503, ""objective"": 6.162975822039155e-32, ""local_maximum"": true, ""in_shape_domain"": true, ""low_shape_author_excluded"": false}, ""candidates"": [{""beta"": 1.001523787787279, ""eta"": 788.9598007941834, ""gamma"": 1133.7198062548807, ""log_gap"": -9.429417438985515, ""log_likelihood"": -11.43908535740434, ""objective"": 1.7333369499485123e-33, ""local_maximum"": false, ""in_shape_domain"": false, ""low_shape_author_excluded"": true}, {""beta"": 2.3098545448592422, ""eta"": 1180.4833468018107, ""gamma"": 876.8631281741297, ""log_gap"": -1.3589243445157553, ""log_likelihood"": -10.093595006715503, ""objective"": 6.162975822039155e-32, ""local_maximum"": true, ""in_shape_domain"": true, ""low_shape_author_excluded"": false}], ""shape_bounds"": [1.01, 15], ""location_lower"": -3096.9977677655925, ""location_upper"": 1133.8000322359744, ""log_gap_step"": 0.025, ""grid_points"": 704, ""extrema_checks"": 2, ""weights"": {""J1"": 1.0, ""J2"": 1.0}, ""selection"": ""highest likelihood among finite stationary maxima"", ""no_boundary_or_nonzero_residual_substitution"": true}}",4,f1084c7b261ef6dfbf3516b306af0f63b8b43a81cdccf17debe511f8458edabd
2.0,1000.0,1000.0,15,1,paper_cw,MMLE-I,4.522864937821163,2151.021320183905,-39.737792122661816,0.0,True,0.0003064999473281,success,2.522864937821163,1151.0213201839051,-1039.737792122662,1.2614324689105816,1.151021320183905,-1.0397377921226618,"{""solution_info"": {""status"": ""ok"", ""estimate"": {""log_gap"": 0.16002305309278697, ""beta"": 4.522864937821163, ""eta"": 2151.021320183905, ""gamma"": -39.737792122661816, ""objective"": 4.930380657631324e-32, ""raw_gap"": 1173.5379243586362}, ""reused_verified_profile"": true}}",4,f1084c7b261ef6dfbf3516b306af0f63b8b43a81cdccf17debe511f8458edabd
2.0,1000.0,1000.0,15,1,paper_wmle,WMLE,2.169992272635962,1184.838339433371,871.7037837340378,0.0,True,0.3110063000349328,success,0.1699922726359619,184.83833943337092,-128.29621626596224,0.0849961363179809,0.1848383394333709,-0.1282962162659622,"{""solution_info"": {""status"": ""ok"", ""estimate"": {""beta"": 2.169992272635962, ""eta"": 1184.838339433371, ""gamma"": 871.7037837340378, ""log_gap"": -1.3390431004478898, ""log_likelihood"": -10.149109464831039, ""objective"": 6.409494854920721e-31, ""local_maximum"": true, ""in_shape_domain"": true, ""low_shape_author_excluded"": false}, ""candidates"": [{""beta"": 2.169992272635962, ""eta"": 1184.838339433371, ""gamma"": 871.7037837340378, ""log_gap"": -1.3390431004478898, ""log_likelihood"": -10.149109464831039, ""objective"": 6.409494854920721e-31, ""local_maximum"": true, ""in_shape_domain"": true, ""low_shape_author_excluded"": false}], ""shape_bounds"": [0.1, 15], ""location_lower"": -3096.9977677655925, ""location_upper"": 1133.8000322359744, ""log_gap_step"": 0.025, ""grid_points"": 748, ""extrema_checks"": 18, ""weights"": {""J1"": 0.978, ""J2"": 0.901}, ""selection"": ""root nearest original (beta=2,gamma=.9*xmin) heuristic"", ""no_boundary_or_nonzero_residual_substitution"": true}}",4,f1084c7b261ef6dfbf3516b306af0f63b8b43a81cdccf17debe511f8458edabd
2.0,1000.0,1000.0,15,2,paper_mle,MLE,2.033675619362552,995.3140339173156,1111.06575012454,0.0,True,0.0533685999689623,success,0.033675619362552,-4.685966082684445,111.06575012454005,0.016837809681276,-0.0046859660826844,0.11106575012454,"{""solution_info"": {""status"": ""ok"", ""estimate"": {""beta"": 2.033675619362552, ""eta"": 995.3140339173156, ""gamma"": 1111.06575012454, ""log_gap"": -1.8029822392517156, ""log_likelihood"": -8.956231320104198, ""objective"": 4.5606021083089745e-31, ""local_maximum"": true, ""in_shape_domain"": true, ""low_shape_author_excluded"": false}, ""candidates"": [{""beta"": 1.001958802551693, ""eta"": 717.9532524673169, ""gamma"": 1275.7783831531171, ""log_gap"": -9.271910570197747, ""log_likelihood"": -10.022629310553473, ""objective"": 1.232595164407831e-32, ""local_maximum"": false, ""in_shape_domain"": false, ""low_shape_author_excluded"": true}, {""beta"": 2.033675619362552, ""eta"": 995.3140339173156, ""gamma"": 1111.06575012454, ""log_gap"": -1.8029822392517156, ""log_likelihood"": -8.956231320104198, ""objective"": 4.5606021083089745e-31, ""local_maximum"": true, ""in_shape_domain"": true, ""low_shape_author_excluded"": false}], ""shape_bounds"": [1.01, 15], ""location_lower"": -2703.321696029296, ""location_upper"": 1275.8723118468122, ""log_gap_step"": 0.025, ""grid_points"": 701, ""extrema_checks"": 2, ""weights"": {""J1"": 1.0, ""J2"": 1.0}, ""selection"": ""highest likelihood among finite stationary maxima"", ""no_boundary_or_nonzero_residual_substitution"": true}}",4,b86d6444a1f551ff569450b16609aa525c54a6ec203ce1d65cd53edbe92e08e1
2.0,1000.0,1000.0,15,2,paper_cw,MMLE-I,4.22796168597454,1868.145466260608,298.8413341849857,0.0,True,0.0032116000074893,success,2.22796168597454,868.1454662606079,-701.1586658150143,1.11398084298727,0.868145466260608,-0.7011586658150143,"{""solution_info"": {""status"": ""ok"", ""estimate"": {""log_gap"": -0.023236818170103438, ""beta"": 4.22796168597454, ""eta"": 1868.145466260608, ""gamma"": 298.8413341849857, ""objective"": 5.093083219333157e-29, ""raw_gap"": 977.0310776618267}, ""reused_verified_profile"": true}}",4,b86d6444a1f551ff569450b16609aa525c54a6ec203ce1d65cd53edbe92e08e1
2.0,1000.0,1000.0,15,2,paper_wmle,WMLE,2.000500757956199,1035.0997748253185,1075.8494993852937,0.0,True,0.323938499961514,success,0.0005007579561988,35.09977482531826,75.84949938529371,0.0002503789780994,0.0350997748253182,0.0758494993852937,"{""solution_info"": {""status"": ""ok"", ""estimate"": {""beta"": 2.000500757956199, ""eta"": 1035.0997748253183, ""gamma"": 1075.8494993852937, ""log_gap"": -1.6093233566882668, ""log_likelihood"": -9.016863824923396, ""objective"": 4.0429121392576855e-30, ""local_maximum"": true, ""in_shape_domain"": true, ""low_shape_author_excluded"": false}, ""candidates"": [{""beta"": 2.000500757956199, ""eta"": 1035.0997748253183, ""gamma"": 1075.8494993852937, ""log_gap"": -1.6093233566882668, ""log_likelihood"": -9.016863824923396, ""objective"": 4.0429121392576855e-30, ""local_maximum"": true, ""in_shape_domain"": true, ""low_shape_author_excluded"": false}], ""shape_bounds"": [0.1, 15], ""location_lower"": -2703.321696029296, ""location_upper"": 1275.8723118468122, ""log_gap_step"": 0.025, ""grid_points"": 745, ""extrema_checks"": 18, ""weights"": {""J1"": 0.978, ""J2"": 0.901}, ""selection"": ""root nearest original (beta=2,gamma=.9*xmin) heuristic"", ""no_boundary_or_nonzero_residual_substitution"": true}}",4,b86d6444a1f551ff569450b16609aa525c54a6ec203ce1d65cd53edbe92e08e1
2.0,1000.0,1000.0,15,3,paper_mle,MLE,1.807099169826493,1093.7982005963822,932.7627915481336,0.0,True,0.0280127000296488,success,-0.1929008301735069,93.79820059638224,-67.23720845186654,-0.0964504150867534,0.0937982005963822,-0.0672372084518665,"{""solution_info"": {""status"": ""ok"", ""estimate"": {""beta"": 1.807099169826493, ""eta"": 1093.7982005963822, ""gamma"": 932.7627915481335, ""log_gap"": -2.1964718740814693, ""log_likelihood"": -11.535055629438803, ""objective"": 2.742524240807424e-31, ""local_maximum"": true, ""in_shape_domain"": true, ""low_shape_author_excluded"": false}, ""candidates"": [{""beta"": 1.0008102608251104, ""eta"": 863.0591783204659, ""gamma"": 1043.9109069326892, ""log_gap"": -9.972603893709495, ""log_likelihood"": -12.788100263971149, ""objective"": 3.155636213878486e-30, ""local_maximum"": false, ""in_shape_domain"": false, ""low_shape_author_excluded"": true}, {""beta"": 1.807099169826493, ""eta"": 1093.7982005963822, ""gamma"": 932.7627915481335, ""log_gap"": -2.1964718740814693, ""log_likelihood"": -11.535055629438803, ""objective"": 2.742524240807424e-31, ""local_maximum"": true, ""in_shape_domain"": true, ""low_shape_author_excluded"": false}], ""shape_bounds"": [1.01, 15], ""location_lower"": -3784.216351693996, ""location_upper"": 1043.9574678377928, ""log_gap_step"": 0.025, ""grid_points"": 709, ""extrema_checks"": 2, ""weights"": {""J1"": 1.0, ""J2"": 1.0}, ""selection"": ""highest likelihood among finite stationary maxima"", ""no_boundary_or_nonzero_residual_substitution"": true}}",4,0f4a665de354aae337160eb80365b78001f3bb85e15e4702d9893ae92b8aa0dc
2.0,1000.0,1000.0,15,3,paper_cw,MMLE-I,3.698582492324828,2036.6007515901197,73.19710678337299,0.0,True,0.0002990000066347,success,1.6985824923248276,1036.6007515901194,-926.802893216627,0.8492912461624138,1.0366007515901194,-0.926802893216627,"{""solution_info"": {""status"": ""ok"", ""estimate"": {""log_gap"": -0.029675534168398215, ""beta"": 3.6985824923248276, ""eta"": 2036.6007515901194, ""gamma"": 73.19710678337299, ""objective"": 1.1364527415840201e-28, ""raw_gap"": 970.7604610544198}, ""reused_verified_profile"": true}}",4,0f4a665de354aae337160eb80365b78001f3bb85e15e4702d9893ae92b8aa0dc
2.0,1000.0,1000.0,15,3,paper_wmle,WMLE,1.808003292965788,1149.8196310007008,885.7727770266202,0.0,True,0.2198382000206038,success,-0.1919967070342123,149.81963100070084,-114.22722297337975,-0.0959983535171061,0.1498196310007008,-0.1142272229733797,"{""solution_info"": {""status"": ""ok"", ""estimate"": {""beta"": 1.8080032929657877, ""eta"": 1149.8196310007008, ""gamma"": 885.7727770266202, ""log_gap"": -1.8439913672640853, ""log_likelihood"": -11.607156320464783, ""objective"": 5.965760595733902e-30, ""local_maximum"": true, ""in_shape_domain"": true, ""low_shape_author_excluded"": false}, ""candidates"": [{""beta"": 1.8080032929657877, ""eta"": 1149.8196310007008, ""gamma"": 885.7727770266202, ""log_gap"": -1.8439913672640853, ""log_likelihood"": -11.607156320464783, ""objective"": 5.965760595733902e-30, ""local_maximum"": true, ""in_shape_domain"": true, ""low_shape_author_excluded"": false}], ""shape_bounds"": [0.1, 15], ""location_lower"": -3784.216351693996, ""location_upper"": 1043.9574678377928, ""log_gap_step"": 0.025, ""grid_points"": 753, ""extrema_checks"": 10, ""weights"": {""J1"": 0.978, ""J2"": 0.901}, ""selection"": ""root nearest original (beta=2,gamma=.9*xmin) heuristic"", ""no_boundary_or_nonzero_residual_substitution"": true}}",4,0f4a665de354aae337160eb80365b78001f3bb85e15e4702d9893ae92b8aa0dc
2.0,1000.0,1000.0,15,4,paper_mle,MLE,2.391405332185922,903.8404612480496,986.8621955573348,0.0,True,0.045581700047478,success,0.3914053321859221,-96.15953875195044,-13.137804442665242,0.195702666092961,-0.0961595387519504,-0.0131378044426652,"{""solution_info"": {""status"": ""ok"", ""estimate"": {""beta"": 2.391405332185922, ""eta"": 903.8404612480496, ""gamma"": 986.8621955573348, ""log_gap"": -1.7295282750924053, ""log_likelihood"": -5.586020794627421, ""objective"": 5.546678239835239e-31, ""local_maximum"": true, ""in_shape_domain"": true, ""low_shape_author_excluded"": false}, ""candidates"": [{""beta"": 1.0002893031665772, ""eta"": 623.8652302912598, ""gamma"": 1164.2182185064714, ""log_gap"": -11.327590053835298, ""log_likelihood"": -7.921837009997325, ""objective"": 3.2758142424082495e-30, ""local_maximum"": false, ""in_shape_domain"": false, ""low_shape_author_excluded"": true}, {""beta"": 2.391405332185922, ""eta"": 903.8404612480496, ""gamma"": 986.8621955573348, ""log_gap"": -1.7295282750924053, ""log_likelihood"": -5.586020794627421, ""objective"": 5.546678239835239e-31, ""local_maximum"": true, ""in_shape_domain"": true, ""low_shape_author_excluded"": false}], ""shape_bounds"": [1.01, 15], ""location_lower"": -1923.9161363064457, ""location_upper"": 1164.230154727278, ""log_gap_step"": 0.025, ""grid_points"": 691, ""extrema_checks"": 2, ""weights"": {""J1"": 1.0, ""J2"": 1.0}, ""selection"": ""highest likelihood among finite stationary maxima"", ""no_boundary_or_nonzero_residual_substitution"": true}}",4,c16392164504940358ae931ab555a7dd67d428b82277fde5e652354fc6dc730d
2.0,1000.0,1000.0,15,4,paper_cw,MMLE-I,5.667961570324765,2017.0453056830709,-79.51574703991015,0.0,True,0.0003395000239834,success,3.667961570324765,1017.0453056830708,-1079.51574703991,1.8339807851623824,1.0170453056830708,-1.0795157470399102,"{""solution_info"": {""status"": ""ok"", ""estimate"": {""log_gap"": 0.21812779482595132, ""beta"": 5.667961570324765, ""eta"": 2017.0453056830709, ""gamma"": -79.51574703991015, ""objective"": 4.437342591868191e-31, ""raw_gap"": 1243.746001767188}, ""reused_verified_profile"": true}}",4,c16392164504940358ae931ab555a7dd67d428b82277fde5e652354fc6dc730d
2.0,1000.0,1000.0,15,4,paper_wmle,WMLE,2.23466469076014,901.559486198658,987.9738512536796,0.0,True,0.2622189999674447,success,0.2346646907601401,-98.44051380134192,-12.026148746320471,0.11733234538007,-0.0984405138013419,-0.0120261487463204,"{""solution_info"": {""status"": ""ok"", ""estimate"": {""beta"": 2.23466469076014, ""eta"": 901.5594861986581, ""gamma"": 987.9738512536795, ""log_gap"": -1.7358155061846439, ""log_likelihood"": -5.639565321201653, ""objective"": 2.465190328815662e-31, ""local_maximum"": true, ""in_shape_domain"": true, ""low_shape_author_excluded"": false}, ""candidates"": [{""beta"": 2.23466469076014, ""eta"": 901.5594861986581, ""gamma"": 987.9738512536795, ""log_gap"": -1.7358155061846439, ""log_likelihood"": -5.639565321201653, ""objective"": 2.465190328815662e-31, ""local_maximum"": true, ""in_shape_domain"": true, ""low_shape_author_excluded"": false}], ""shape_bounds"": [0.1, 15], ""location_lower"": -1923.9161363064457, ""location_upper"": 1164.230154727278, ""log_gap_step"": 0.025, ""grid_points"": 734, ""extrema_checks"": 16, ""weights"": {""J1"": 0.978, ""J2"": 0.901}, ""selection"": ""root nearest original (beta=2,gamma=.9*xmin) heuristic"", ""no_boundary_or_nonzero_residual_substitution"": true}}",4,c16392164504940358ae931ab555a7dd67d428b82277fde5e652354fc6dc730d
2.0,1000.0,1000.0,15,5,paper_mle,MLE,,,,,False,0.0465339999645948,failure,,,,,,,"{""solution_info"": {""status"": ""no_stationary_root_in_paper_location_domain"", ""estimate"": null, ""candidates"": [], ""shape_bounds"": [1.01, 15], ""location_lower"": -4240.3383036903915, ""location_upper"": 1292.3918712957718, ""log_gap_step"": 0.025, ""grid_points"": 715, ""extrema_checks"": 2, ""weights"": {""J1"": 1.0, ""J2"": 1.0}, ""selection"": ""highest likelihood among finite stationary maxima"", ""no_boundary_or_nonzero_residual_substitution"": true}}",4,e37d8eed77a302162f1f3229a60508f7080a80f5c7f83d1b8a965fe4d587a25f
2.0,1000.0,1000.0,15,5,paper_cw,MMLE-I,1.3805457039061184,900.8815237367093,1168.638155905353,0.0,True,0.000322799955029,success,-0.6194542960938816,-99.11847626329086,168.63815590535296,-0.3097271480469408,-0.0991184762632908,0.1686381559053529,"{""solution_info"": {""status"": ""ok"", ""estimate"": {""log_gap"": -2.0894610465708876, ""beta"": 1.3805457039061184, ""eta"": 900.8815237367091, ""gamma"": 1168.638155905353, ""objective"": 4.437342591868191e-31, ""raw_gap"": 123.75381539041894}, ""reused_verified_profile"": true}}",4,e37d8eed77a302162f1f3229a60508f7080a80f5c7f83d1b8a965fe4d587a25f
2.0,1000.0,1000.0,15,5,paper_wmle,WMLE,1.1012982159064046,791.0169998978462,1238.7561096775753,0.0,True,0.1824026000103913,success,-0.8987017840935954,-208.98300010215385,238.7561096775753,-0.4493508920467977,-0.2089830001021538,0.2387561096775753,"{""solution_info"": {""status"": ""ok"", ""estimate"": {""beta"": 1.1012982159064046, ""eta"": 791.0169998978462, ""gamma"": 1238.7561096775753, ""log_gap"": -2.925537374585284, ""log_likelihood"": -10.469277498654973, ""objective"": 2.572011956143902e-25, ""local_maximum"": true, ""in_shape_domain"": true, ""low_shape_author_excluded"": false}, ""candidates"": [{""beta"": 1.1012982159064046, ""eta"": 791.0169998978462, ""gamma"": 1238.7561096775753, ""log_gap"": -2.925537374585284, ""log_likelihood"": -10.469277498654973, ""objective"": 2.572011956143902e-25, ""local_maximum"": true, ""in_shape_domain"": true, ""low_shape_author_excluded"": false}], ""shape_bounds"": [0.1, 15], ""location_lower"": -4240.3383036903915, ""location_upper"": 1292.3918712957718, ""log_gap_step"": 0.025, ""grid_points"": 760, ""extrema_checks"": 6, ""weights"": {""J1"": 0.978, ""J2"": 0.901}, ""selection"": ""root nearest original (beta=2,gamma=.9*xmin) heuristic"", ""no_boundary_or_nonzero_residual_substitution"": true}}",4,e37d8eed77a302162f1f3229a60508f7080a80f5c7f83d1b8a965fe4d587a25f
2.0,1000.0,1000.0,15,6,paper_mle,MLE,1.119085211481086,618.5756623852214,1182.5231838422396,0.0,True,0.0484529000241309,success,-0.8809147885189139,-381.42433761477855,182.52318384223963,-0.4404573942594569,-0.3814243376147785,0.1825231838422396,"{""solution_info"": {""status"": ""ok"", ""estimate"": {""beta"": 1.119085211481086, ""eta"": 618.5756623852214, ""gamma"": 1182.5231838422396, ""log_gap"": -5.1097702224915125, ""log_likelihood"": -7.135784189721206, ""objective"": 3.171043653433584e-30, ""local_maximum"": true, ""in_shape_domain"": true, ""low_shape_author_excluded"": false}, ""candidates"": [{""beta"": 1.0407889833004544, ""eta"": 600.418150449967, ""gamma"": 1186.8073969664204, ""log_gap"": -6.346280126524313, ""log_likelihood"": -7.141757685055398, ""objective"": 7.896312771987667e-31, ""local_maximum"": false, ""in_shape_domain"": true, ""low_shape_author_excluded"": false}, {""beta"": 1.119085211481086, ""eta"": 618.5756623852214, ""gamma"": 1182.5231838422396, ""log_gap"": -5.1097702224915125, ""log_likelihood"": -7.135784189721206, ""objective"": 3.171043653433584e-30, ""local_maximum"": true, ""in_shape_domain"": true, ""low_shape_author_excluded"": false}], ""shape_bounds"": [1.01, 15], ""location_lower"": -2985.3905638168126, ""location_upper"": 1188.5605538812922, ""log_gap_step"": 0.025, ""grid_points"": 703, ""extrema_checks"": 2, ""weights"": {""J1"": 1.0, ""J2"": 1.0}, ""selection"": ""highest likelihood among finite stationary maxima"", ""no_boundary_or_nonzero_residual_substitution"": true}}",4,48f77b2e8f01158797b898df72320cfed9bb4aa702eaff46b00b6125bbf6005f
2.0,1000.0,1000.0,15,6,paper_cw,MMLE-I,1.8136332160019493,889.855468534618,992.1892749927476,0.0,True,0.0003031000378541,success,-0.1863667839980505,-110.144531465382,-7.810725007252358,-0.0931833919990252,-0.1101445314653819,-0.0078107250072523,"{""solution_info"": {""status"": ""ok"", ""estimate"": {""log_gap"": -1.6277476223546248, ""beta"": 1.8136332160019495, ""eta"": 889.855468534618, ""gamma"": 992.1892749927476, ""objective"": 2.0510383535746307e-29, ""raw_gap"": 196.37137888854457}, ""reused_verified_profile"": true}}",4,48f77b2e8f01158797b898df72320cfed9bb4aa702eaff46b00b6125bbf6005f
2.0,1000.0,1000.0,15,6,paper_wmle,WMLE,1.312865934996737,711.0497444991662,1129.818867533082,0.0,True,0.2562745999894105,success,-0.6871340650032627,-288.9502555008338,129.81886753308208,-0.3435670325016313,-0.2889502555008338,0.129818867533082,"{""solution_info"": {""status"": ""ok"", ""estimate"": {""beta"": 1.3128659349967373, ""eta"": 711.0497444991662, ""gamma"": 1129.818867533082, ""log_gap"": -2.834603942570729, ""log_likelihood"": -7.432382488516488, ""objective"": 3.3526588471893e-30, ""local_maximum"": true, ""in_shape_domain"": true, ""low_shape_author_excluded"": false}, ""candidates"": [{""beta"": 1.3128659349967373, ""eta"": 711.0497444991662, ""gamma"": 1129.818867533082, ""log_gap"": -2.834603942570729, ""log_likelihood"": -7.432382488516488, ""objective"": 3.3526588471893e-30, ""local_maximum"": true, ""in_shape_domain"": true, ""low_shape_author_excluded"": false}], ""shape_bounds"": [0.1, 15], ""location_lower"": -2985.3905638168126, ""location_upper"": 1188.5605538812922, ""log_gap_step"": 0.025, ""grid_points"": 747, ""extrema_checks"": 6, ""weights"": {""J1"": 0.978, ""J2"": 0.901}, ""selection"": ""root nearest original (beta=2,gamma=.9*xmin) heuristic"", ""no_boundary_or_nonzero_residual_substitution"": true}}",4,48f77b2e8f01158797b898df72320cfed9bb4aa702eaff46b00b6125bbf6005f
2.0,1000.0,1000.0,15,7,paper_mle,MLE,2.1626126412696904,1017.6003660064,996.8042654186112,0.0,True,0.0354611999937333,success,0.1626126412696904,17.600366006400122,-3.1957345813889333,0.0813063206348452,0.0176003660064001,-0.0031957345813889,"{""solution_info"": {""status"": ""ok"", ""estimate"": {""beta"": 2.1626126412696904, ""eta"": 1017.6003660064001, ""gamma"": 996.8042654186111, ""log_gap"": -1.929413037985473, ""log_likelihood"": -8.413152828159593, ""objective"": 7.896312771987667e-31, ""local_maximum"": true, ""in_shape_domain"": true, ""low_shape_author_excluded"": false}, ""candidates"": [{""beta"": 1.0001811225468902, ""eta"": 756.626850117963, ""gamma"": 1142.0285476811391, ""log_gap"": -11.603100912474025, ""log_likelihood"": -10.816209097421298, ""objective"": 2.7733391199176196e-32, ""local_maximum"": false, ""in_shape_domain"": false, ""low_shape_author_excluded"": true}, {""beta"": 2.1626126412696904, ""eta"": 1017.6003660064001, ""gamma"": 996.8042654186111, ""log_gap"": -1.929413037985473, ""log_likelihood"": -8.413152828159593, ""objective"": 7.896312771987667e-31, ""local_maximum"": true, ""in_shape_domain"": true, ""low_shape_author_excluded"": false}], ""shape_bounds"": [1.01, 15], ""location_lower"": -2639.4833776690048, ""location_upper"": 1142.037585389663, ""log_gap_step"": 0.025, ""grid_points"": 699, ""extrema_checks"": 2, ""weights"": {""J1"": 1.0, ""J2"": 1.0}, ""selection"": ""highest likelihood among finite stationary maxima"", ""no_boundary_or_nonzero_residual_substitution"": true}}",4,b4871ffb17d5e1412f1792fead46704b7b1aeb10d544ed4a49d460eb883fe62e
2.0,1000.0,1000.0,15,7,paper_cw,MMLE-I,4.648362023816332,2093.930512353868,-19.194788287538955,0.0,True,0.0002962000435218,success,2.648362023816332,1093.930512353868,-1019.1947882875388,1.3241810119081658,1.0939305123538678,-1.019194788287539,"{""solution_info"": {""status"": ""ok"", ""estimate"": {""log_gap"": 0.14948191839666808, ""beta"": 4.648362023816332, ""eta"": 2093.930512353868, ""gamma"": -19.194788287538955, ""objective"": 3.6978841008366455e-26, ""raw_gap"": 1161.232473677202}, ""reused_verified_profile"": true}}",4,b4871ffb17d5e1412f1792fead46704b7b1aeb10d544ed4a49d460eb883fe62e
2.0,1000.0,1000.0,15,7,paper_wmle,WMLE,2.0698000504366902,1033.3853208550863,982.1087775406083,0.0,True,0.1746814000071026,success,0.0698000504366902,33.38532085508632,-17.891222459391656,0.0349000252183451,0.0333853208550863,-0.0178912224593916,"{""solution_info"": {""status"": ""ok"", ""estimate"": {""beta"": 2.0698000504366902, ""eta"": 1033.3853208550863, ""gamma"": 982.1087775406083, ""log_gap"": -1.8330258884337405, ""log_likelihood"": -8.467026611925593, ""objective"": 3.944304526105059e-30, ""local_maximum"": true, ""in_shape_domain"": true, ""low_shape_author_excluded"": false}, ""candidates"": [{""beta"": 2.0698000504366902, ""eta"": 1033.3853208550863, ""gamma"": 982.1087775406083, ""log_gap"": -1.8330258884337405, ""log_likelihood"": -8.467026611925593, ""objective"": 3.944304526105059e-30, ""local_maximum"": true, ""in_shape_domain"": true, ""low_shape_author_excluded"": false}], ""shape_bounds"": [0.1, 15], ""location_lower"": -2639.4833776690048, ""location_upper"": 1142.037585389663, ""log_gap_step"": 0.025, ""grid_points"": 742, ""extrema_checks"": 6, ""weights"": {""J1"": 0.978, ""J2"": 0.901}, ""selection"": ""root nearest original (beta=2,gamma=.9*xmin) heuristic"", ""no_boundary_or_nonzero_residual_substitution"": true}}",4,b4871ffb17d5e1412f1792fead46704b7b1aeb10d544ed4a49d460eb883fe62e
2.0,1000.0,1000.0,15,8,paper_mle,MLE,,,,,False,0.017926600005012,failure,,,,,,,"{""solution_info"": {""status"": ""no_stationary_root_in_paper_location_domain"", ""estimate"": null, ""candidates"": [], ""shape_bounds"": [1.01, 15], ""location_lower"": -3318.431410854894, ""location_upper"": 1175.8703516235869, ""log_gap_step"": 0.025, ""grid_points"": 706, ""extrema_checks"": 2, ""weights"": {""J1"": 1.0, ""J2"": 1.0}, ""selection"": ""highest likelihood among finite stationary maxima"", ""no_boundary_or_nonzero_residual_substitution"": true}}",4,d9fe838c5ccaf2852d9e34754c36becf4991bc83daffdf9f39b91204b622143b
2.0,1000.0,1000.0,15,8,paper_cw,MMLE-I,1.751280569097226,935.8196656762308,980.1726042186176,0.0,True,0.0003131999983452,success,-0.248719430902774,-64.18033432376933,-19.827395781382503,-0.124359715451387,-0.0641803343237693,-0.0198273957813825,"{""solution_info"": {""status"": ""ok"", ""estimate"": {""log_gap"": -1.6311834041042217, ""beta"": 1.751280569097226, ""eta"": 935.8196656762307, ""gamma"": 980.1726042186175, ""objective"": 2.0165256889712114e-29, ""raw_gap"": 195.69784740496942}, ""reused_verified_profile"": true}}",4,d9fe838c5ccaf2852d9e34754c36becf4991bc83daffdf9f39b91204b622143b
2.0,1000.0,1000.0,15,8,paper_wmle,WMLE,1.2439215356656237,750.7370980391654,1117.189001756975,0.0,True,0.147447099967394,success,-0.7560784643343765,-249.2629019608346,117.1890017569749,-0.3780392321671882,-0.2492629019608346,0.1171890017569749,"{""solution_info"": {""status"": ""ok"", ""estimate"": {""beta"": 1.2439215356656235, ""eta"": 750.7370980391654, ""gamma"": 1117.189001756975, ""log_gap"": -2.8356316179926226, ""log_likelihood"": -8.74041812853229, ""objective"": 3.1554436208840472e-30, ""local_maximum"": true, ""in_shape_domain"": true, ""low_shape_author_excluded"": false}, ""candidates"": [{""beta"": 1.2439215356656235, ""eta"": 750.7370980391654, ""gamma"": 1117.189001756975, ""log_gap"": -2.8356316179926226, ""log_likelihood"": -8.74041812853229, ""objective"": 3.1554436208840472e-30, ""local_maximum"": true, ""in_shape_domain"": true, ""low_shape_author_excluded"": false}], ""shape_bounds"": [0.1, 15], ""location_lower"": -3318.431410854894, ""location_upper"": 1175.8703516235869, ""log_gap_step"": 0.025, ""grid_points"": 751, ""extrema_checks"": 6, ""weights"": {""J1"": 0.978, ""J2"": 0.901}, ""selection"": ""root nearest original (beta=2,gamma=.9*xmin) heuristic"", ""no_boundary_or_nonzero_residual_substitution"": true}}",4,d9fe838c5ccaf2852d9e34754c36becf4991bc83daffdf9f39b91204b622143b
2.0,1000.0,1000.0,15,9,paper_mle,MLE,2.282707239186068,1092.4461698332054,877.9063770007738,0.0,True,0.0453634000150486,success,0.2827072391860676,92.44616983320545,-122.09362299922624,0.1413536195930338,0.0924461698332054,-0.1220936229992262,"{""solution_info"": {""status"": ""ok"", ""estimate"": {""beta"": 2.2827072391860677, ""eta"": 1092.4461698332054, ""gamma"": 877.9063770007738, ""log_gap"": -1.694315843806583, ""log_likelihood"": -8.90622266485357, ""objective"": 1.5986759282369567e-29, ""local_maximum"": true, ""in_shape_domain"": true, ""low_shape_author_excluded"": false}, ""candidates"": [{""beta"": 1.0002060414834273, ""eta"": 785.0881029963517, ""gamma"": 1061.6204733020263, ""log_gap"": -11.437237963157243, ""log_likelihood"": -11.370024115726368, ""objective"": 8.241824604010737e-29, ""local_maximum"": false, ""in_shape_domain"": false, ""low_shape_author_excluded"": true}, {""beta"": 2.2827072391860677, ""eta"": 1092.4461698332054, ""gamma"": 877.9063770007738, ""log_gap"": -1.694315843806583, ""log_likelihood"": -8.90622266485357, ""objective"": 1.5986759282369567e-29, ""local_maximum"": true, ""in_shape_domain"": true, ""low_shape_author_excluded"": false}], ""shape_bounds"": [1.01, 15], ""location_lower"": -2795.6517104376394, ""location_upper"": 1061.631159556556, ""log_gap_step"": 0.025, ""grid_points"": 700, ""extrema_checks"": 2, ""weights"": {""J1"": 1.0, ""J2"": 1.0}, ""selection"": ""highest likelihood among finite stationary maxima"", ""no_boundary_or_nonzero_residual_substitution"": true}}",4,ef0c6dbdecd4f1f814a3612fef1ed5bcf64dd89398e851edd456ddd5aab3b20d
2.0,1000.0,1000.0,15,9,paper_cw,MMLE-I,4.778371563256684,2211.948941682945,-184.8863099595912,0.0,True,0.0003060000017285,success,2.778371563256684,1211.9489416829451,-1184.8863099595912,1.389185781628342,1.2119489416829452,-1.1848863099595912,"{""solution_info"": {""status"": ""ok"", ""estimate"": {""log_gap"": 0.22035371896128012, ""beta"": 4.778371563256684, ""eta"": 2211.948941682945, ""gamma"": -184.88630995959122, ""objective"": 0.0, ""raw_gap"": 1246.5175695161472}, ""reused_verified_profile"": true}}",4,ef0c6dbdecd4f1f814a3612fef1ed5bcf64dd89398e851edd456ddd5aab3b20d
2.0,1000.0,1000.0,15,9,paper_wmle,WMLE,2.16760504058712,1102.5853113111275,868.0084730263219,0.0,True,0.2431227999622933,success,0.1676050405871199,102.58531131112773,-131.9915269736781,0.0838025202935599,0.1025853113111277,-0.1319915269736781,"{""solution_info"": {""status"": ""ok"", ""estimate"": {""beta"": 2.16760504058712, ""eta"": 1102.5853113111277, ""gamma"": 868.0084730263219, ""log_gap"": -1.6418434120458423, ""log_likelihood"": -8.958802823654427, ""objective"": 5.539775706914555e-28, ""local_maximum"": true, ""in_shape_domain"": true, ""low_shape_author_excluded"": false}, ""candidates"": [{""beta"": 2.16760504058712, ""eta"": 1102.5853113111277, ""gamma"": 868.0084730263219, ""log_gap"": -1.6418434120458423, ""log_likelihood"": -8.958802823654427, ""objective"": 5.539775706914555e-28, ""local_maximum"": true, ""in_shape_domain"": true, ""low_shape_author_excluded"": false}], ""shape_bounds"": [0.1, 15], ""location_lower"": -2795.6517104376394, ""location_upper"": 1061.631159556556, ""log_gap_step"": 0.025, ""grid_points"": 743, ""extrema_checks"": 10, ""weights"": {""J1"": 0.978, ""J2"": 0.901}, ""selection"": ""root nearest original (beta=2,gamma=.9*xmin) heuristic"", ""no_boundary_or_nonzero_residual_substitution"": true}}",4,ef0c6dbdecd4f1f814a3612fef1ed5bcf64dd89398e851edd456ddd5aab3b20d
2.0,1000.0,1000.0,15,10,paper_mle,MLE,2.19960441870066,950.9588242892972,1305.9021206202665,0.0,True,0.0452568999608047,success,0.1996044187006593,-49.04117571070287,305.9021206202665,0.0998022093503296,-0.0490411757107028,0.3059021206202665,"{""solution_info"": {""status"": ""ok"", ""estimate"": {""beta"": 2.1996044187006594, ""eta"": 950.9588242892971, ""gamma"": 1305.9021206202665, ""log_gap"": -1.6820312879944115, ""log_likelihood"": -7.3820587513002955, ""objective"": 6.162975822039155e-32, ""local_maximum"": true, ""in_shape_domain"": true, ""low_shape_author_excluded"": false}, ""candidates"": [{""beta"": 1.0017590669959064, ""eta"": 656.5569627753665, ""gamma"": 1491.8206739205825, ""log_gap"": -9.46875157238171, ""log_likelihood"": -8.682651360244334, ""objective"": 3.350983288137683e-29, ""local_maximum"": false, ""in_shape_domain"": false, ""low_shape_author_excluded"": true}, {""beta"": 2.1996044187006594, ""eta"": 950.9588242892971, ""gamma"": 1305.9021206202665, ""log_gap"": -1.6820312879944115, ""log_likelihood"": -7.3820587513002955, ""objective"": 6.162975822039155e-32, ""local_maximum"": true, ""in_shape_domain"": true, ""low_shape_author_excluded"": false}], ""shape_bounds"": [1.01, 15], ""location_lower"": -2058.488010196991, ""location_upper"": 1491.8978016811768, ""log_gap_step"": 0.025, ""grid_points"": 697, ""extrema_checks"": 2, ""weights"": {""J1"": 1.0, ""J2"": 1.0}, ""selection"": ""highest likelihood among finite stationary maxima"", ""no_boundary_or_nonzero_residual_substitution"": true}}",4,68463d53ebb2e43d2270dc101d8282cffd4d14286fc2bc22ef3a5400026f3b29
2.0,1000.0,1000.0,15,10,paper_cw,MMLE-I,4.28591050948129,1719.867061222046,584.4980672184194,0.0,True,0.000365599989891,success,2.2859105094812904,719.867061222046,-415.5019327815807,1.1429552547406452,0.719867061222046,-0.4155019327815806,"{""solution_info"": {""status"": ""ok"", ""estimate"": {""log_gap"": -0.09717209418257727, ""beta"": 4.28591050948129, ""eta"": 1719.867061222046, ""gamma"": 584.4980672184194, ""objective"": 1.34106353887572e-29, ""raw_gap"": 907.3998344627576}, ""reused_verified_profile"": true}}",4,68463d53ebb2e43d2270dc101d8282cffd4d14286fc2bc22ef3a5400026f3b29
2.0,1000.0,1000.0,15,10,paper_wmle,WMLE,2.109229673886209,969.7401264953286,1288.4099124597444,0.0,True,0.4095106999739073,success,0.109229673886209,-30.25987350467142,288.4099124597444,0.0546148369431045,-0.0302598735046714,0.2884099124597444,"{""solution_info"": {""status"": ""ok"", ""estimate"": {""beta"": 2.109229673886209, ""eta"": 969.7401264953286, ""gamma"": 1288.4099124597444, ""log_gap"": -1.5921482968661984, ""log_likelihood"": -7.438527471191775, ""objective"": 3.944304526105059e-31, ""local_maximum"": true, ""in_shape_domain"": true, ""low_shape_author_excluded"": false}, ""candidates"": [{""beta"": 2.109229673886209, ""eta"": 969.7401264953286, ""gamma"": 1288.4099124597444, ""log_gap"": -1.5921482968661984, ""log_likelihood"": -7.438527471191775, ""objective"": 3.944304526105059e-31, ""local_maximum"": true, ""in_shape_domain"": true, ""low_shape_author_excluded"": false}], ""shape_bounds"": [0.1, 15], ""location_lower"": -2058.488010196991, ""location_upper"": 1491.8978016811768, ""log_gap_step"": 0.025, ""grid_points"": 741, ""extrema_checks"": 18, ""weights"": {""J1"": 0.978, ""J2"": 0.901}, ""selection"": ""root nearest original (beta=2,gamma=.9*xmin) heuristic"", ""no_boundary_or_nonzero_residual_substitution"": true}}",4,68463d53ebb2e43d2270dc101d8282cffd4d14286fc2bc22ef3a5400026f3b29
2.0,1000.0,1000.0,15,11,paper_mle,MLE,1.5063811265511304,857.0003792923932,1083.8583051099154,0.0,True,0.0309743999969214,success,-0.4936188734488695,-142.99962070760682,83.85830510991536,-0.2468094367244347,-0.1429996207076068,0.0838583051099153,"{""solution_info"": {""status"": ""ok"", ""estimate"": {""beta"": 1.5063811265511304, ""eta"": 857.0003792923932, ""gamma"": 1083.8583051099154, ""log_gap"": -2.8907498716244295, ""log_likelihood"": -9.671578680125261, ""objective"": 1.1093356479670479e-31, ""local_maximum"": true, ""in_shape_domain"": true, ""low_shape_author_excluded"": false}, ""candidates"": [{""beta"": 1.0050451434006116, ""eta"": 723.0749888730965, ""gamma"": 1139.1476692182187, ""log_gap"": -8.313480808791626, ""log_likelihood"": -10.115743383895452, ""objective"": 3.158525108795067e-30, ""local_maximum"": false, ""in_shape_domain"": false, ""low_shape_author_excluded"": true}, {""beta"": 1.5063811265511304, ""eta"": 857.0003792923932, ""gamma"": 1083.8583051099154, ""log_gap"": -2.8907498716244295, ""log_likelihood"": -9.671578680125261, ""objective"": 1.1093356479670479e-31, ""local_maximum"": true, ""in_shape_domain"": true, ""low_shape_author_excluded"": false}], ""shape_bounds"": [1.01, 15], ""location_lower"": -3268.6061208103933, ""location_upper"": 1139.392758318122, ""log_gap_step"": 0.025, ""grid_points"": 706, ""extrema_checks"": 2, ""weights"": {""J1"": 1.0, ""J2"": 1.0}, ""selection"": ""highest likelihood among finite stationary maxima"", ""no_boundary_or_nonzero_residual_substitution"": true}}",4,e394e24c176d43bf0455264f64b98051d13943748422bd2fe745fd396ed0e56c
2.0,1000.0,1000.0,15,11,paper_cw,MMLE-I,2.7083832186280983,1381.722194273949,637.0764263647818,0.0,True,0.0003089000238105,success,0.7083832186280983,381.722194273949,-362.9235736352182,0.3541916093140491,0.381722194273949,-0.3629235736352182,"{""solution_info"": {""status"": ""ok"", ""estimate"": {""log_gap"": -0.6885250153362845, ""beta"": 2.7083832186280983, ""eta"": 1381.722194273949, ""gamma"": 637.0764263647818, ""objective"": 3.818210040786138e-28, ""raw_gap"": 502.3164319533403}, ""reused_verified_profile"": true}}",4,e394e24c176d43bf0455264f64b98051d13943748422bd2fe745fd396ed0e56c
2.0,1000.0,1000.0,15,11,paper_wmle,WMLE,1.6222414263084604,946.1360804660508,1016.2444082151962,0.0,True,0.2800461999722756,success,-0.3777585736915396,-53.86391953394912,16.244408215196245,-0.1888792868457698,-0.0538639195339491,0.0162444082151962,"{""solution_info"": {""status"": ""ok"", ""estimate"": {""beta"": 1.6222414263084604, ""eta"": 946.1360804660509, ""gamma"": 1016.2444082151962, ""log_gap"": -2.0943647399359087, ""log_likelihood"": -9.792304794112347, ""objective"": 1.9721522630525295e-31, ""local_maximum"": true, ""in_shape_domain"": true, ""low_shape_author_excluded"": false}, ""candidates"": [{""beta"": 1.6222414263084604, ""eta"": 946.1360804660509, ""gamma"": 1016.2444082151962, ""log_gap"": -2.0943647399359087, ""log_likelihood"": -9.792304794112347, ""objective"": 1.9721522630525295e-31, ""local_maximum"": true, ""in_shape_domain"": true, ""low_shape_author_excluded"": false}], ""shape_bounds"": [0.1, 15], ""location_lower"": -3268.6061208103933, ""location_upper"": 1139.392758318122, ""log_gap_step"": 0.025, ""grid_points"": 750, ""extrema_checks"": 8, ""weights"": {""J1"": 0.978, ""J2"": 0.901}, ""selection"": ""root nearest original (beta=2,gamma=.9*xmin) heuristic"", ""no_boundary_or_nonzero_residual_substitution"": true}}",4,e394e24c176d43bf0455264f64b98051d13943748422bd2fe745fd396ed0e56c
2.0,1000.0,1000.0,15,12,paper_mle,MLE,2.472762958350935,721.606483499481,1498.995301838337,0.0,True,0.0580635000369511,success,0.4727629583509349,-278.393516500519,498.9953018383367,0.2363814791754674,-0.278393516500519,0.4989953018383367,"{""solution_info"": {""status"": ""ok"", ""estimate"": {""beta"": 2.472762958350935, ""eta"": 721.606483499481, ""gamma"": 1498.9953018383367, ""log_gap"": -1.9975887672385941, ""log_likelihood"": -1.7741031502186342, ""objective"": 1.9721522630525295e-31, ""local_maximum"": true, ""in_shape_domain"": true, ""low_shape_author_excluded"": false}, ""candidates"": [{""beta"": 1.0001232293079212, ""eta"": 504.25031019397005, ""gamma"": 1634.6531606487094, ""log_gap"": -12.394082197184156, ""log_likelihood"": -4.72943631677952, ""objective"": 1.1436235565459571e-27, ""local_maximum"": false, ""in_shape_domain"": false, ""low_shape_author_excluded"": true}, {""beta"": 2.472762958350935, ""eta"": 721.606483499481, ""gamma"": 1498.9953018383367, ""log_gap"": -1.9975887672385941, ""log_likelihood"": -1.7741031502186342, ""objective"": 1.9721522630525295e-31, ""local_maximum"": true, ""in_shape_domain"": true, ""low_shape_author_excluded"": false}], ""shape_bounds"": [1.01, 15], ""location_lower"": -738.031376246195, ""location_upper"": 1634.6572036826726, ""log_gap_step"": 0.025, ""grid_points"": 681, ""extrema_checks"": 2, ""weights"": {""J1"": 1.0, ""J2"": 1.0}, ""selection"": ""highest likelihood among finite stationary maxima"", ""no_boundary_or_nonzero_residual_substitution"": true}}",4,221b19ef6ecbfc783e3e50fd11dbaea1c43acdb2d041dcb38415bd43a7190832
2.0,1000.0,1000.0,15,12,paper_cw,MMLE-I,7.20093269856158,1977.500843328797,283.0977932408596,0.0,True,0.0003269000444561,success,5.20093269856158,977.5008433287968,-716.9022067591404,2.60046634928079,0.9775008433287968,-0.7169022067591404,"{""solution_info"": {""status"": ""ok"", ""estimate"": {""log_gap"": 0.3012591186482708, ""beta"": 7.20093269856158, ""eta"": 1977.500843328797, ""gamma"": 283.0977932408596, ""objective"": 2.0165256889712114e-29, ""raw_gap"": 1351.559510441813}, ""reused_verified_profile"": true}}",4,221b19ef6ecbfc783e3e50fd11dbaea1c43acdb2d041dcb38415bd43a7190832
2.0,1000.0,1000.0,15,12,paper_wmle,WMLE,2.300778046612463,716.8073148670576,1502.5488142844397,0.0,True,0.2266933000064455,success,0.300778046612463,-283.1926851329424,502.54881428443946,0.1503890233062315,-0.2831926851329424,0.5025488142844394,"{""solution_info"": {""status"": ""ok"", ""estimate"": {""beta"": 2.300778046612463, ""eta"": 716.8073148670576, ""gamma"": 1502.5488142844395, ""log_gap"": -2.024131804581341, ""log_likelihood"": -1.8272571433879872, ""objective"": 2.465190328815662e-31, ""local_maximum"": true, ""in_shape_domain"": true, ""low_shape_author_excluded"": false}, ""candidates"": [{""beta"": 2.300778046612463, ""eta"": 716.8073148670576, ""gamma"": 1502.5488142844395, ""log_gap"": -2.024131804581341, ""log_likelihood"": -1.8272571433879872, ""objective"": 2.465190328815662e-31, ""local_maximum"": true, ""in_shape_domain"": true, ""low_shape_author_excluded"": false}], ""shape_bounds"": [0.1, 15], ""location_lower"": -738.031376246195, ""location_upper"": 1634.6572036826726, ""log_gap_step"": 0.025, ""grid_points"": 724, ""extrema_checks"": 12, ""weights"": {""J1"": 0.978, ""J2"": 0.901}, ""selection"": ""root nearest original (beta=2,gamma=.9*xmin) heuristic"", ""no_boundary_or_nonzero_residual_substitution"": true}}",4,221b19ef6ecbfc783e3e50fd11dbaea1c43acdb2d041dcb38415bd43a7190832
2.0,1000.0,1000.0,15,13,paper_mle,MLE,2.223104138513111,899.5172664674412,1162.408210473139,0.0,True,0.0446173999807797,success,0.2231041385131109,-100.48273353255875,162.40821047313898,0.1115520692565554,-0.1004827335325587,0.1624082104731389,"{""solution_info"": {""status"": ""ok"", ""estimate"": {""beta"": 2.223104138513111, ""eta"": 899.5172664674412, ""gamma"": 1162.408210473139, ""log_gap"": -1.866202378892486, ""log_likelihood"": -6.252428396779454, ""objective"": 9.119262879234007e-28, ""local_maximum"": true, ""in_shape_domain"": true, ""low_shape_author_excluded"": false}, ""candidates"": [{""beta"": 1.0003918093734867, ""eta"": 643.5975932808192, ""gamma"": 1317.1014686770911, ""log_gap"": -10.992961482214703, ""log_likelihood"": -8.388605568451936, ""objective"": 9.321500930834222e-32, ""local_maximum"": false, ""in_shape_domain"": false, ""low_shape_author_excluded"": true}, {""beta"": 2.223104138513111, ""eta"": 899.5172664674412, ""gamma"": 1162.408210473139, ""log_gap"": -1.866202378892486, ""log_likelihood"": -6.252428396779454, ""objective"": 9.119262879234007e-28, ""local_maximum"": true, ""in_shape_domain"": true, ""low_shape_author_excluded"": false}], ""shape_bounds"": [1.01, 15], ""location_lower"": -1932.997287946014, ""location_upper"": 1317.1181883477789, ""log_gap_step"": 0.025, ""grid_points"": 693, ""extrema_checks"": 2, ""weights"": {""J1"": 1.0, ""J2"": 1.0}, ""selection"": ""highest likelihood among finite stationary maxima"", ""no_boundary_or_nonzero_residual_substitution"": true}}",4,1773edf6095825ada51b9f01cad8c5128408d2496f12b20616643d16decb0bec
2.0,1000.0,1000.0,15,13,paper_cw,MMLE-I,4.12942811535746,1626.6724588259776,479.43319512626726,0.0,True,0.0002926000161096,success,2.1294281153574603,626.6724588259776,-520.5668048737327,1.0647140576787302,0.6266724588259777,-0.5205668048737327,"{""solution_info"": {""status"": ""ok"", ""estimate"": {""log_gap"": -0.17711303286967192, ""beta"": 4.12942811535746, ""eta"": 1626.6724588259776, ""gamma"": 479.43319512626726, ""objective"": 3.2047474274603605e-30, ""raw_gap"": 837.6850932215117}, ""reused_verified_profile"": true}}",4,1773edf6095825ada51b9f01cad8c5128408d2496f12b20616643d16decb0bec
2.0,1000.0,1000.0,15,13,paper_wmle,WMLE,2.1311398927006104,914.2199880454824,1148.8209306827607,0.0,True,0.1843865000410005,success,0.1311398927006104,-85.78001195451748,148.82093068276072,0.0655699463503052,-0.0857800119545174,0.1488209306827607,"{""solution_info"": {""status"": ""ok"", ""estimate"": {""beta"": 2.1311398927006104, ""eta"": 914.2199880454825, ""gamma"": 1148.8209306827607, ""log_gap"": -1.782022878057062, ""log_likelihood"": -6.30500566768945, ""objective"": 3.8095375012093644e-26, ""local_maximum"": true, ""in_shape_domain"": true, ""low_shape_author_excluded"": false}, ""candidates"": [{""beta"": 2.1311398927006104, ""eta"": 914.2199880454825, ""gamma"": 1148.8209306827607, ""log_gap"": -1.782022878057062, ""log_likelihood"": -6.30500566768945, ""objective"": 3.8095375012093644e-26, ""local_maximum"": true, ""in_shape_domain"": true, ""low_shape_author_excluded"": false}], ""shape_bounds"": [0.1, 15], ""location_lower"": -1932.997287946014, ""location_upper"": 1317.1181883477789, ""log_gap_step"": 0.025, ""grid_points"": 736, ""extrema_checks"": 6, ""weights"": {""J1"": 0.978, ""J2"": 0.901}, ""selection"": ""root nearest original (beta=2,gamma=.9*xmin) heuristic"", ""no_boundary_or_nonzero_residual_substitution"": true}}",4,1773edf6095825ada51b9f01cad8c5128408d2496f12b20616643d16decb0bec
2.0,1000.0,1000.0,15,14,paper_mle,MLE,2.37251383905419,969.5658358427556,909.259889630212,0.0,True,0.0286466000252403,success,0.3725138390541902,-30.434164157244368,-90.740110369788,0.1862569195270951,-0.0304341641572443,-0.090740110369788,"{""solution_info"": {""status"": ""ok"", ""estimate"": {""beta"": 2.37251383905419, ""eta"": 969.5658358427556, ""gamma"": 909.259889630212, ""log_gap"": -1.6761222427871363, ""log_likelihood"": -6.802333887438293, ""objective"": 1.0970096963229695e-30, ""local_maximum"": true, ""in_shape_domain"": true, ""low_shape_author_excluded"": false}, ""candidates"": [{""beta"": 1.0002949034509998, ""eta"": 671.2142993610863, ""gamma"": 1096.3447815999612, ""log_gap"": -11.235281200674104, ""log_likelihood"": -9.019111963287683, ""objective"": 3.1554436208840472e-30, ""local_maximum"": false, ""in_shape_domain"": false, ""low_shape_author_excluded"": true}, {""beta"": 2.37251383905419, ""eta"": 969.5658358427556, ""gamma"": 909.259889630212, ""log_gap"": -1.6761222427871363, ""log_likelihood"": -6.802333887438293, ""objective"": 1.0970096963229695e-30, ""local_maximum"": true, ""in_shape_domain"": true, ""low_shape_author_excluded"": false}], ""shape_bounds"": [1.01, 15], ""location_lower"": -2273.284683232621, ""location_upper"": 1096.3578817653276, ""log_gap_step"": 0.025, ""grid_points"": 695, ""extrema_checks"": 2, ""weights"": {""J1"": 1.0, ""J2"": 1.0}, ""selection"": ""highest likelihood among finite stationary maxima"", ""no_boundary_or_nonzero_residual_substitution"": true}}",4,b39b6f9c6fd6d21a354b9c461d4a7e3e4e6d4120b1fb83160b0c5999d38e35df
2.0,1000.0,1000.0,15,14,paper_cw,MMLE-I,6.712885502890085,2499.790309017189,-565.5447718823348,0.0,True,0.0003021999727934,success,4.712885502890085,1499.790309017189,-1565.5447718823348,2.3564427514450426,1.499790309017189,-1.5655447718823348,"{""solution_info"": {""status"": ""ok"", ""estimate"": {""log_gap"": 0.5079631830773778, ""beta"": 6.712885502890085, ""eta"": 2499.790309017189, ""gamma"": -565.5447718823348, ""objective"": 7.14905195356542e-30, ""raw_gap"": 1661.9027536476624}, ""reused_verified_profile"": true}}",4,b39b6f9c6fd6d21a354b9c461d4a7e3e4e6d4120b1fb83160b0c5999d38e35df
2.0,1000.0,1000.0,15,14,paper_wmle,WMLE,2.203813467521869,964.4000892387438,912.6577828409002,0.0,True,0.2587645999738015,success,0.2038134675218694,-35.59991076125618,-87.34221715909985,0.1019067337609347,-0.0355999107612561,-0.0873422171590998,"{""solution_info"": {""status"": ""ok"", ""estimate"": {""beta"": 2.2038134675218695, ""eta"": 964.4000892387438, ""gamma"": 912.6577828409002, ""log_gap"": -1.6944502038850646, ""log_likelihood"": -6.857893100144567, ""objective"": 6.015064402310215e-30, ""local_maximum"": true, ""in_shape_domain"": true, ""low_shape_author_excluded"": false}, ""candidates"": [{""beta"": 2.2038134675218695, ""eta"": 964.4000892387438, ""gamma"": 912.6577828409002, ""log_gap"": -1.6944502038850646, ""log_likelihood"": -6.857893100144567, ""objective"": 6.015064402310215e-30, ""local_maximum"": true, ""in_shape_domain"": true, ""low_shape_author_excluded"": false}], ""shape_bounds"": [0.1, 15], ""location_lower"": -2273.284683232621, ""location_upper"": 1096.3578817653276, ""log_gap_step"": 0.025, ""grid_points"": 738, ""extrema_checks"": 16, ""weights"": {""J1"": 0.978, ""J2"": 0.901}, ""selection"": ""root nearest original (beta=2,gamma=.9*xmin) heuristic"", ""no_boundary_or_nonzero_residual_substitution"": true}}",4,b39b6f9c6fd6d21a354b9c461d4a7e3e4e6d4120b1fb83160b0c5999d38e35df
2.0,1000.0,1000.0,15,15,paper_mle,MLE,4.640874486298987,1433.9278124977247,610.5974769854051,0.0,True,0.0440683999913744,success,2.640874486298987,433.9278124977248,-389.40252301459486,1.3204372431494935,0.4339278124977247,-0.3894025230145949,"{""solution_info"": {""status"": ""ok"", ""estimate"": {""beta"": 4.640874486298987, ""eta"": 1433.9278124977247, ""gamma"": 610.5974769854051, ""log_gap"": -0.4882167298992877, ""log_likelihood"": -4.223038691805025, ""objective"": 1.0378451284313937e-29, ""local_maximum"": true, ""in_shape_domain"": true, ""low_shape_author_excluded"": false}, ""candidates"": [{""beta"": 1.0000443282441454, ""eta"": 697.02379282602, ""gamma"": 1224.315264233418, ""log_gap"": -13.092834035315715, ""log_likelihood"": -9.585871055392397, ""objective"": 3.528303658117416e-30, ""local_maximum"": false, ""in_shape_domain"": false, ""low_shape_author_excluded"": true}, {""beta"": 4.640874486298987, ""eta"": 1433.9278124977247, ""gamma"": 610.5974769854051, ""log_gap"": -0.4882167298992877, ""log_likelihood"": -4.223038691805025, ""objective"": 1.0378451284313937e-29, ""local_maximum"": true, ""in_shape_domain"": true, ""low_shape_author_excluded"": false}], ""shape_bounds"": [1.01, 15], ""location_lower"": -1428.4898728474018, ""location_upper"": 1224.317224172731, ""log_gap_step"": 0.025, ""grid_points"": 685, ""extrema_checks"": 2, ""weights"": {""J1"": 1.0, ""J2"": 1.0}, ""selection"": ""highest likelihood among finite stationary maxima"", ""no_boundary_or_nonzero_residual_substitution"": true}}",4,5e36bd4af4f0ca4c3b9bf5ef9e7a7eb3ab785dfd341234cba95b2b710ce53f13
2.0,1000.0,1000.0,15,15,paper_cw,MMLE-I,,,,,False,0.0002819999936036,failure,,,,,,,"{""solution_info"": {""status"": ""no_root_after_dense_search"", ""estimate"": null, ""reused_verified_profile"": true}}",4,5e36bd4af4f0ca4c3b9bf5ef9e7a7eb3ab785dfd341234cba95b2b710ce53f13
2.0,1000.0,1000.0,15,15,paper_wmle,WMLE,3.633957305246741,1217.4532047091795,819.1775655767948,0.0,True,0.2116183000034652,success,1.6339573052467409,217.45320470917957,-180.8224344232052,0.8169786526233704,0.2174532047091795,-0.1808224344232052,"{""solution_info"": {""status"": ""ok"", ""estimate"": {""beta"": 3.633957305246741, ""eta"": 1217.4532047091795, ""gamma"": 819.1775655767948, ""log_gap"": -0.9035231884500972, ""log_likelihood"": -4.308866670952252, ""objective"": 2.465190328815662e-30, ""local_maximum"": true, ""in_shape_domain"": true, ""low_shape_author_excluded"": false}, ""candidates"": [{""beta"": 3.633957305246741, ""eta"": 1217.4532047091795, ""gamma"": 819.1775655767948, ""log_gap"": -0.9035231884500972, ""log_likelihood"": -4.308866670952252, ""objective"": 2.465190328815662e-30, ""local_maximum"": true, ""in_shape_domain"": true, ""low_shape_author_excluded"": false}], ""shape_bounds"": [0.1, 15], ""location_lower"": -1428.4898728474018, ""location_upper"": 1224.317224172731, ""log_gap_step"": 0.025, ""grid_points"": 728, ""extrema_checks"": 8, ""weights"": {""J1"": 0.978, ""J2"": 0.901}, ""selection"": ""root nearest original (beta=2,gamma=.9*xmin) heuristic"", ""no_boundary_or_nonzero_residual_substitution"": true}}",4,5e36bd4af4f0ca4c3b9bf5ef9e7a7eb3ab785dfd341234cba95b2b710ce53f13
2.0,1000.0,1000.0,15,16,paper_mle,MLE,1.833980845372732,814.6510763363171,1092.1172712872958,0.0,True,0.0514109000214375,success,-0.1660191546272678,-185.34892366368285,92.1172712872958,-0.0830095773136339,-0.1853489236636828,0.0921172712872958,"{""solution_info"": {""status"": ""ok"", ""estimate"": {""beta"": 1.8339808453727322, ""eta"": 814.6510763363171, ""gamma"": 1092.1172712872958, ""log_gap"": -2.5268753114996643, ""log_likelihood"": -6.824217810959151, ""objective"": 7.888609052210118e-31, ""local_maximum"": true, ""in_shape_domain"": true, ""low_shape_author_excluded"": false}, ""candidates"": [{""beta"": 1.0004113235235657, ""eta"": 645.200913863336, ""gamma"": 1172.007890574326, ""log_gap"": -10.941950924825775, ""log_likelihood"": -8.425773022897337, ""objective"": 2.4087991000440036e-29, ""local_maximum"": false, ""in_shape_domain"": false, ""low_shape_author_excluded"": true}, {""beta"": 1.8339808453727322, ""eta"": 814.6510763363171, ""gamma"": 1092.1172712872958, ""log_gap"": -2.5268753114996643, ""log_likelihood"": -6.824217810959151, ""objective"": 7.888609052210118e-31, ""local_maximum"": true, ""in_shape_domain"": true, ""low_shape_author_excluded"": false}], ""shape_bounds"": [1.01, 15], ""location_lower"": -2388.1150418231564, ""location_upper"": 1172.0254904857122, ""log_gap_step"": 0.025, ""grid_points"": 697, ""extrema_checks"": 2, ""weights"": {""J1"": 1.0, ""J2"": 1.0}, ""selection"": ""highest likelihood among finite stationary maxima"", ""no_boundary_or_nonzero_residual_substitution"": true}}",4,9d3f868614560007c83f761e2b8ee5cd1b8ecbc3ff9b2c68f513c604467d3e82
2.0,1000.0,1000.0,15,16,paper_cw,MMLE-I,3.243753382611808,1383.5940668958517,577.6048805362535,0.0,True,0.0003132999991066,success,1.243753382611808,383.5940668958517,-422.3951194637465,0.621876691305904,0.3835940668958517,-0.4223951194637464,"{""solution_info"": {""status"": ""ok"", ""estimate"": {""log_gap"": -0.5201679444132421, ""beta"": 3.243753382611808, ""eta"": 1383.5940668958517, ""gamma"": 577.6048805362535, ""objective"": 8.458561056232299e-28, ""raw_gap"": 594.4207099494587}, ""reused_verified_profile"": true}}",4,9d3f868614560007c83f761e2b8ee5cd1b8ecbc3ff9b2c68f513c604467d3e82
2.0,1000.0,1000.0,15,16,paper_wmle,WMLE,1.806680819099746,845.4545813933591,1066.133986496835,0.0,True,0.1544269999722018,success,-0.1933191809002539,-154.54541860664085,66.13398649683495,-0.0966595904501269,-0.1545454186066408,0.0661339864968349,"{""solution_info"": {""status"": ""ok"", ""estimate"": {""beta"": 1.806680819099746, ""eta"": 845.4545813933591, ""gamma"": 1066.133986496835, ""log_gap"": -2.2453393119646585, ""log_likelihood"": -6.890154279545612, ""objective"": 4.190823558986625e-30, ""local_maximum"": true, ""in_shape_domain"": true, ""low_shape_author_excluded"": false}, ""candidates"": [{""beta"": 1.806680819099746, ""eta"": 845.4545813933591, ""gamma"": 1066.133986496835, ""log_gap"": -2.2453393119646585, ""log_likelihood"": -6.890154279545612, ""objective"": 4.190823558986625e-30, ""local_maximum"": true, ""in_shape_domain"": true, ""low_shape_author_excluded"": false}], ""shape_bounds"": [0.1, 15], ""location_lower"": -2388.1150418231564, ""location_upper"": 1172.0254904857122, ""log_gap_step"": 0.025, ""grid_points"": 740, ""extrema_checks"": 4, ""weights"": {""J1"": 0.978, ""J2"": 0.901}, ""selection"": ""root nearest original (beta=2,gamma=.9*xmin) heuristic"", ""no_boundary_or_nonzero_residual_substitution"": true}}",4,9d3f868614560007c83f761e2b8ee5cd1b8ecbc3ff9b2c68f513c604467d3e82
2.0,1000.0,1000.0,15,17,paper_mle,MLE,,,,,False,0.0332345999777317,failure,,,,,,,"{""solution_info"": {""status"": ""no_stationary_root_in_paper_location_domain"", ""estimate"": null, ""candidates"": [], ""shape_bounds"": [1.01, 15], ""location_lower"": -3151.8211523798605, ""location_upper"": 1441.7555899147148, ""log_gap_step"": 0.025, ""grid_points"": 707, ""extrema_checks"": 2, ""weights"": {""J1"": 1.0, ""J2"": 1.0}, ""selection"": ""highest likelihood among finite stationary maxima"", ""no_boundary_or_nonzero_residual_substitution"": true}}",4,3cef8021f94cabce351c6694f11d9148b84df7e1baa81fd2e118def0eec38346
2.0,1000.0,1000.0,15,17,paper_cw,MMLE-I,1.0658240967596546,553.6282723106826,1399.4360943712525,0.0,True,0.0003010000218637,success,-0.9341759032403454,-446.37172768931737,399.43609437125247,-0.4670879516201727,-0.4463717276893174,0.3994360943712525,"{""solution_info"": {""status"": ""ok"", ""estimate"": {""log_gap"": -3.162505048579313, ""beta"": 1.0658240967596546, ""eta"": 553.6282723106826, ""gamma"": 1399.4360943712525, ""objective"": 1.2929923274638147e-29, ""raw_gap"": 42.31959554346239}, ""reused_verified_profile"": true}}",4,3cef8021f94cabce351c6694f11d9148b84df7e1baa81fd2e118def0eec38346
2.0,1000.0,1000.0,15,17,paper_wmle,WMLE,0.8627689860424365,488.9423004331552,1430.2196488884128,0.0,True,0.1547225000103935,success,-1.1372310139575634,-511.05769956684486,430.2196488884129,-0.5686155069787817,-0.5110576995668449,0.4302196488884128,"{""solution_info"": {""status"": ""ok"", ""estimate"": {""beta"": 0.8627689860424365, ""eta"": 488.94230043315514, ""gamma"": 1430.2196488884128, ""log_gap"": -4.462279142074341, ""log_likelihood"": -4.842682396293741, ""objective"": 1.0614920229262987e-24, ""local_maximum"": true, ""in_shape_domain"": true, ""low_shape_author_excluded"": true}, ""candidates"": [{""beta"": 0.8627689860424365, ""eta"": 488.94230043315514, ""gamma"": 1430.2196488884128, ""log_gap"": -4.462279142074341, ""log_likelihood"": -4.842682396293741, ""objective"": 1.0614920229262987e-24, ""local_maximum"": true, ""in_shape_domain"": true, ""low_shape_author_excluded"": true}], ""shape_bounds"": [0.1, 15], ""location_lower"": -3151.8211523798605, ""location_upper"": 1441.7555899147148, ""log_gap_step"": 0.025, ""grid_points"": 752, ""extrema_checks"": 4, ""weights"": {""J1"": 0.978, ""J2"": 0.901}, ""selection"": ""root nearest original (beta=2,gamma=.9*xmin) heuristic"", ""no_boundary_or_nonzero_residual_substitution"": true}}",4,3cef8021f94cabce351c6694f11d9148b84df7e1baa81fd2e118def0eec38346
2.0,1000.0,1000.0,15,18,paper_mle,MLE,,,,,False,0.0365380000439472,failure,,,,,,,"{""solution_info"": {""status"": ""no_stationary_root_in_paper_location_domain"", ""estimate"": null, ""candidates"": [], ""shape_bounds"": [1.01, 15], ""location_lower"": -4150.063449174152, ""location_upper"": 1354.358510710248, ""log_gap_step"": 0.025, ""grid_points"": 714, ""extrema_checks"": 2, ""weights"": {""J1"": 1.0, ""J2"": 1.0}, ""selection"": ""highest likelihood among finite stationary maxima"", ""no_boundary_or_nonzero_residual_substitution"": true}}",4,fedd38f1690741701e7067c44d9be9e948169809f73b879158da18c115a60ace
2.0,1000.0,1000.0,15,18,paper_cw,MMLE-I,0.944502876432558,527.3029739601141,1325.3887407334753,0.0,True,0.0003192000440321,success,-1.055497123567442,-472.69702603988594,325.3887407334753,-0.527748561783721,-0.4726970260398859,0.3253887407334753,"{""solution_info"": {""status"": ""ok"", ""estimate"": {""log_gap"": -3.541498955413478, ""beta"": 0.9445028764325581, ""eta"": 527.3029739601141, ""gamma"": 1325.3887407334753, ""objective"": 2.5637979419682884e-30, ""raw_gap"": 28.969869976772767}, ""reused_verified_profile"": true}}",4,fedd38f1690741701e7067c44d9be9e948169809f73b879158da18c115a60ace
2.0,1000.0,1000.0,15,18,paper_wmle,WMLE,0.8017992464985448,483.22198333778846,1342.7700726987089,0.0,True,0.1722674000193365,success,-1.1982007535014552,-516.7780166622115,342.7700726987089,-0.5991003767507276,-0.5167780166622115,0.3427700726987088,"{""solution_info"": {""status"": ""ok"", ""estimate"": {""beta"": 0.8017992464985448, ""eta"": 483.22198333778846, ""gamma"": 1342.7700726987089, ""log_gap"": -4.45773877181837, ""log_likelihood"": -5.053777790047683, ""objective"": 3.9236363703882685e-26, ""local_maximum"": true, ""in_shape_domain"": true, ""low_shape_author_excluded"": true}, ""candidates"": [{""beta"": 0.8017992464985448, ""eta"": 483.22198333778846, ""gamma"": 1342.7700726987089, ""log_gap"": -4.45773877181837, ""log_likelihood"": -5.053777790047683, ""objective"": 3.9236363703882685e-26, ""local_maximum"": true, ""in_shape_domain"": true, ""low_shape_author_excluded"": true}], ""shape_bounds"": [0.1, 15], ""location_lower"": -4150.063449174152, ""location_upper"": 1354.358510710248, ""log_gap_step"": 0.025, ""grid_points"": 759, ""extrema_checks"": 4, ""weights"": {""J1"": 0.978, ""J2"": 0.901}, ""selection"": ""root nearest original (beta=2,gamma=.9*xmin) heuristic"", ""no_boundary_or_nonzero_residual_substitution"": true}}",4,fedd38f1690741701e7067c44d9be9e948169809f73b879158da18c115a60ace
2.0,1000.0,1000.0,15,19,paper_mle,MLE,1.8964504675421936,999.05882345793,937.0134362844018,0.0,True,0.0419443999999202,success,-0.1035495324578064,-0.9411765420701386,-62.98656371559821,-0.0517747662289032,-0.0009411765420701,-0.0629865637155982,"{""solution_info"": {""status"": ""ok"", ""estimate"": {""beta"": 1.8964504675421936, ""eta"": 999.0588234579299, ""gamma"": 937.0134362844018, ""log_gap"": -2.1843446641693034, ""log_likelihood"": -9.603612181420512, ""objective"": 1.9259299443872359e-32, ""local_maximum"": true, ""in_shape_domain"": true, ""low_shape_author_excluded"": false}, ""candidates"": [{""beta"": 1.0004941311055238, ""eta"": 775.5289439553181, ""gamma"": 1049.5393438010178, ""log_gap"": -10.574443408168476, ""log_likelihood"": -11.185242084737432, ""objective"": 3.156213992861802e-30, ""local_maximum"": false, ""in_shape_domain"": false, ""low_shape_author_excluded"": true}, {""beta"": 1.8964504675421936, ""eta"": 999.0588234579299, ""gamma"": 937.0134362844018, ""log_gap"": -2.1843446641693034, ""log_likelihood"": -9.603612181420512, ""objective"": 1.9259299443872359e-32, ""local_maximum"": true, ""in_shape_domain"": true, ""low_shape_author_excluded"": false}], ""shape_bounds"": [1.01, 15], ""location_lower"": -3169.4513651036073, ""location_upper"": 1049.5648047856153, ""log_gap_step"": 0.025, ""grid_points"": 704, ""extrema_checks"": 2, ""weights"": {""J1"": 1.0, ""J2"": 1.0}, ""selection"": ""highest likelihood among finite stationary maxima"", ""no_boundary_or_nonzero_residual_substitution"": true}}",4,b46119fe3cd419a7c4a55ad1a718447923a19194e66d4c17def5f527de006133
2.0,1000.0,1000.0,15,19,paper_cw,MMLE-I,3.5631304945635365,1774.902507052307,227.0425178254064,0.0,True,0.0003229000139981,success,1.5631304945635365,774.9025070523071,-772.9574821745936,0.7815652472817682,0.7749025070523071,-0.7729574821745936,"{""solution_info"": {""status"": ""ok"", ""estimate"": {""log_gap"": -0.19537957852431456, ""beta"": 3.5631304945635365, ""eta"": 1774.902507052307, ""gamma"": 227.0425178254064, ""objective"": 5.36425415550288e-29, ""raw_gap"": 822.5223869602089}, ""reused_verified_profile"": true}}",4,b46119fe3cd419a7c4a55ad1a718447923a19194e66d4c17def5f527de006133
2.0,1000.0,1000.0,15,19,paper_wmle,WMLE,1.865612752674005,1036.694179830583,904.7173623938712,0.0,True,0.1744597000069916,success,-0.134387247325995,36.694179830582925,-95.28263760612867,-0.0671936236629975,0.0366941798305829,-0.0952826376061286,"{""solution_info"": {""status"": ""ok"", ""estimate"": {""beta"": 1.865612752674005, ""eta"": 1036.694179830583, ""gamma"": 904.7173623938713, ""log_gap"": -1.9320735214847953, ""log_likelihood"": -9.667186662964259, ""objective"": 1.2308202273710837e-27, ""local_maximum"": true, ""in_shape_domain"": true, ""low_shape_author_excluded"": false}, ""candidates"": [{""beta"": 1.865612752674005, ""eta"": 1036.694179830583, ""gamma"": 904.7173623938713, ""log_gap"": -1.9320735214847953, ""log_likelihood"": -9.667186662964259, ""objective"": 1.2308202273710837e-27, ""local_maximum"": true, ""in_shape_domain"": true, ""low_shape_author_excluded"": false}], ""shape_bounds"": [0.1, 15], ""location_lower"": -3169.4513651036073, ""location_upper"": 1049.5648047856153, ""log_gap_step"": 0.025, ""grid_points"": 748, ""extrema_checks"": 8, ""weights"": {""J1"": 0.978, ""J2"": 0.901}, ""selection"": ""root nearest original (beta=2,gamma=.9*xmin) heuristic"", ""no_boundary_or_nonzero_residual_substitution"": true}}",4,b46119fe3cd419a7c4a55ad1a718447923a19194e66d4c17def5f527de006133
2.0,1000.0,1000.0,15,20,paper_mle,MLE,,,,,False,0.0353097000042907,failure,,,,,,,"{""solution_info"": {""status"": ""no_stationary_root_in_paper_location_domain"", ""estimate"": null, ""candidates"": [], ""shape_bounds"": [1.01, 15], ""location_lower"": -3979.072803498785, ""location_upper"": 1190.3150673265236, ""log_gap_step"": 0.025, ""grid_points"": 712, ""extrema_checks"": 2, ""weights"": {""J1"": 1.0, ""J2"": 1.0}, ""selection"": ""highest likelihood among finite stationary maxima"", ""no_boundary_or_nonzero_residual_substitution"": true}}",4,4805e25bec7b87c6bf2adc3ec3c192110683e229bc06d1a636219f9b30818375
2.0,1000.0,1000.0,15,20,paper_cw,MMLE-I,1.2427780047790502,785.964659972558,1103.6738293038288,0.0,True,0.0003198999911546,success,-0.7572219952209498,-214.035340027442,103.67382930382882,-0.3786109976104749,-0.2140353400274419,0.1036738293038288,"{""solution_info"": {""status"": ""ok"", ""estimate"": {""log_gap"": -2.4459782329334105, ""beta"": 1.2427780047790502, ""eta"": 785.964659972558, ""gamma"": 1103.6738293038288, ""objective"": 1.9721522630525295e-31, ""raw_gap"": 86.64133802269484}, ""reused_verified_profile"": true}}",4,4805e25bec7b87c6bf2adc3ec3c192110683e229bc06d1a636219f9b30818375
2.0,1000.0,1000.0,15,20,paper_wmle,WMLE,1.0092643553250236,707.8289730828425,1147.4883353722091,0.0,True,0.2018428000155836,success,-0.9907356446749764,-292.1710269171575,147.48833537220912,-0.4953678223374882,-0.2921710269171575,0.1474883353722091,"{""solution_info"": {""status"": ""ok"", ""estimate"": {""beta"": 1.0092643553250236, ""eta"": 707.8289730828425, ""gamma"": 1147.4883353722091, ""log_gap"": -3.150590458002954, ""log_likelihood"": -9.426453068943282, ""objective"": 8.592667410119871e-28, ""local_maximum"": true, ""in_shape_domain"": true, ""low_shape_author_excluded"": true}, ""candidates"": [{""beta"": 1.0092643553250236, ""eta"": 707.8289730828425, ""gamma"": 1147.4883353722091, ""log_gap"": -3.150590458002954, ""log_likelihood"": -9.426453068943282, ""objective"": 8.592667410119871e-28, ""local_maximum"": true, ""in_shape_domain"": true, ""low_shape_author_excluded"": true}], ""shape_bounds"": [0.1, 15], ""location_lower"": -3979.072803498785, ""location_upper"": 1190.3150673265236, ""log_gap_step"": 0.025, ""grid_points"": 757, ""extrema_checks"": 8, ""weights"": {""J1"": 0.978, ""J2"": 0.901}, ""selection"": ""root nearest original (beta=2,gamma=.9*xmin) heuristic"", ""no_boundary_or_nonzero_residual_substitution"": true}}",4,4805e25bec7b87c6bf2adc3ec3c192110683e229bc06d1a636219f9b30818375
2.0,1000.0,1000.0,15,21,paper_mle,MLE,1.5920674593089772,643.6066426178397,1160.735561139148,0.0,True,0.0594022999866865,success,-0.4079325406910228,-356.3933573821603,160.7355611391481,-0.2039662703455114,-0.3563933573821602,0.1607355611391481,"{""solution_info"": {""status"": ""ok"", ""estimate"": {""beta"": 1.5920674593089772, ""eta"": 643.6066426178397, ""gamma"": 1160.735561139148, ""log_gap"": -3.2317741445823436, ""log_likelihood"": -4.5948476149318545, ""objective"": 9.375426969277064e-31, ""local_maximum"": true, ""in_shape_domain"": true, ""low_shape_author_excluded"": false}, ""candidates"": [{""beta"": 1.0005997862596485, ""eta"": 539.4031254379809, ""gamma"": 1200.201359568443, ""log_gap"": -10.743657618918467, ""log_likelihood"": -5.738539488916674, ""objective"": 1.4164824162375398e-26, ""local_maximum"": false, ""in_shape_domain"": false, ""low_shape_author_excluded"": true}, {""beta"": 1.5920674593089772, ""eta"": 643.6066426178397, ""gamma"": 1160.735561139148, ""log_gap"": -3.2317741445823436, ""log_likelihood"": -4.5948476149318545, ""objective"": 9.375426969277064e-31, ""local_maximum"": true, ""in_shape_domain"": true, ""low_shape_author_excluded"": false}], ""shape_bounds"": [1.01, 15], ""location_lower"": -2121.614137334248, ""location_upper"": 1200.222841423954, ""log_gap_step"": 0.025, ""grid_points"": 694, ""extrema_checks"": 2, ""weights"": {""J1"": 1.0, ""J2"": 1.0}, ""selection"": ""highest likelihood among finite stationary maxima"", ""no_boundary_or_nonzero_residual_substitution"": true}}",4,0e710cd71b153721dc328e3842a78aaaa772d658e0ff38232c4f71e411003378
2.0,1000.0,1000.0,15,21,paper_cw,MMLE-I,2.288752412463424,924.974559100229,920.89344676628,0.0,True,0.0003198999911546,success,0.288752412463424,-75.02544089977096,-79.10655323371998,0.144376206231712,-0.0750254408997709,-0.0791065532337199,"{""solution_info"": {""status"": ""ok"", ""estimate"": {""log_gap"": -1.2753632095382197, ""beta"": 2.288752412463424, ""eta"": 924.974559100229, ""gamma"": 920.89344676628, ""objective"": 4.930380657631324e-32, ""raw_gap"": 279.329494657674}, ""reused_verified_profile"": true}}",4,0e710cd71b153721dc328e3842a78aaaa772d658e0ff38232c4f71e411003378
2.0,1000.0,1000.0,15,21,paper_wmle,WMLE,1.588422444690102,672.9979633008344,1137.9767395030287,0.0,True,0.1408485000138171,success,-0.4115775553098981,-327.0020366991656,137.97673950302874,-0.205788777654949,-0.3270020366991656,0.1379767395030287,"{""solution_info"": {""status"": ""ok"", ""estimate"": {""beta"": 1.5884224446901019, ""eta"": 672.9979633008344, ""gamma"": 1137.9767395030287, ""log_gap"": -2.776657758817175, ""log_likelihood"": -4.679413392125763, ""objective"": 4.273831447738506e-26, ""local_maximum"": true, ""in_shape_domain"": true, ""low_shape_author_excluded"": false}, ""candidates"": [{""beta"": 1.5884224446901019, ""eta"": 672.9979633008344, ""gamma"": 1137.9767395030287, ""log_gap"": -2.776657758817175, ""log_likelihood"": -4.679413392125763, ""objective"": 4.273831447738506e-26, ""local_maximum"": true, ""in_shape_domain"": true, ""low_shape_author_excluded"": false}], ""shape_bounds"": [0.1, 15], ""location_lower"": -2121.614137334248, ""location_upper"": 1200.222841423954, ""log_gap_step"": 0.025, ""grid_points"": 737, ""extrema_checks"": 2, ""weights"": {""J1"": 0.978, ""J2"": 0.901}, ""selection"": ""root nearest original (beta=2,gamma=.9*xmin) heuristic"", ""no_boundary_or_nonzero_residual_substitution"": true}}",4,0e710cd71b153721dc328e3842a78aaaa772d658e0ff38232c4f71e411003378
2.0,1000.0,1000.0,15,22,paper_mle,MLE,2.09404420673249,1141.3671261704608,1057.5877504190553,0.0,True,0.0514009000035002,success,0.09404420673249,141.36712617046078,57.58775041905528,0.047022103366245,0.1413671261704607,0.0575877504190552,"{""solution_info"": {""status"": ""ok"", ""estimate"": {""beta"": 2.09404420673249, ""eta"": 1141.3671261704608, ""gamma"": 1057.5877504190553, ""log_gap"": -1.895478326255631, ""log_likelihood"": -10.436324210903058, ""objective"": 1.8708662976448426e-26, ""local_maximum"": true, ""in_shape_domain"": true, ""low_shape_author_excluded"": false}, ""candidates"": [{""beta"": 1.0001841524649415, ""eta"": 862.8436312936212, ""gamma"": 1207.823606599643, ""log_gap"": -11.455142256555726, ""log_likelihood"": -12.786650338690674, ""objective"": 3.162376968683841e-30, ""local_maximum"": false, ""in_shape_domain"": false, ""low_shape_author_excluded"": true}, {""beta"": 2.09404420673249, ""eta"": 1141.3671261704608, ""gamma"": 1057.5877504190553, ""log_gap"": -1.895478326255631, ""log_likelihood"": -10.436324210903058, ""objective"": 1.8708662976448426e-26, ""local_maximum"": true, ""in_shape_domain"": true, ""low_shape_author_excluded"": false}], ""shape_bounds"": [1.01, 15], ""location_lower"": -3135.2788157697664, ""location_upper"": 1207.8341014524763, ""log_gap_step"": 0.025, ""grid_points"": 705, ""extrema_checks"": 2, ""weights"": {""J1"": 1.0, ""J2"": 1.0}, ""selection"": ""highest likelihood among finite stationary maxima"", ""no_boundary_or_nonzero_residual_substitution"": true}}",4,ac2216ab8b3f904c23fc9304a512fb1afd0387f8f14c69e14ad834c36a822a2c
2.0,1000.0,1000.0,15,22,paper_cw,MMLE-I,3.848194236038122,2068.705925866472,192.95167302008664,0.0,True,0.000309900031425,success,1.8481942360381216,1068.7059258664715,-807.0483269799133,0.9240971180190608,1.0687059258664715,-0.8070483269799134,"{""solution_info"": {""status"": ""ok"", ""estimate"": {""log_gap"": 0.01477287026128552, ""beta"": 3.848194236038122, ""eta"": 2068.7059258664717, ""gamma"": 192.95167302008664, ""objective"": 3.6939521222621845e-27, ""raw_gap"": 1014.8825284323897}, ""reused_verified_profile"": true}}",4,ac2216ab8b3f904c23fc9304a512fb1afd0387f8f14c69e14ad834c36a822a2c
2.0,1000.0,1000.0,15,22,paper_wmle,WMLE,2.0196026204003146,1164.7590614989751,1036.5942778711224,0.0,True,0.2289818000281229,success,0.0196026204003145,164.75906149897514,36.59427787112236,0.0098013102001572,0.1647590614989751,0.0365942778711223,"{""solution_info"": {""status"": ""ok"", ""estimate"": {""beta"": 2.0196026204003146, ""eta"": 1164.7590614989751, ""gamma"": 1036.5942778711224, ""log_gap"": -1.7646896439718196, ""log_likelihood"": -10.490094676015866, ""objective"": 7.888609052210118e-31, ""local_maximum"": true, ""in_shape_domain"": true, ""low_shape_author_excluded"": false}, ""candidates"": [{""beta"": 2.0196026204003146, ""eta"": 1164.7590614989751, ""gamma"": 1036.5942778711224, ""log_gap"": -1.7646896439718196, ""log_likelihood"": -10.490094676015866, ""objective"": 7.888609052210118e-31, ""local_maximum"": true, ""in_shape_domain"": true, ""low_shape_author_excluded"": false}], ""shape_bounds"": [0.1, 15], ""location_lower"": -3135.2788157697664, ""location_upper"": 1207.8341014524763, ""log_gap_step"": 0.025, ""grid_points"": 748, ""extrema_checks"": 8, ""weights"": {""J1"": 0.978, ""J2"": 0.901}, ""selection"": ""root nearest original (beta=2,gamma=.9*xmin) heuristic"", ""no_boundary_or_nonzero_residual_substitution"": true}}",4,ac2216ab8b3f904c23fc9304a512fb1afd0387f8f14c69e14ad834c36a822a2c
2.0,1000.0,1000.0,15,23,paper_mle,MLE,1.602796376535167,491.6180578663468,1319.6097566286494,0.0,True,0.0523950000060722,success,-0.397203623464833,-508.3819421336532,319.6097566286494,-0.1986018117324165,-0.5083819421336532,0.3196097566286494,"{""solution_info"": {""status"": ""ok"", ""estimate"": {""beta"": 1.602796376535167, ""eta"": 491.6180578663468, ""gamma"": 1319.6097566286494, ""log_gap"": -3.4303266948569666, ""log_likelihood"": -0.6269178885760684, ""objective"": 3.774822690998982e-32, ""local_maximum"": true, ""in_shape_domain"": true, ""low_shape_author_excluded"": false}, ""candidates"": [{""beta"": 1.000990583660421, ""eta"": 409.52478873665245, ""gamma"": 1351.9590455605685, ""log_gap"": -10.516976512704431, ""log_likelihood"": -1.6050173545131496, ""objective"": 5.773552787284056e-29, ""local_maximum"": false, ""in_shape_domain"": false, ""low_shape_author_excluded"": true}, {""beta"": 1.602796376535167, ""eta"": 491.6180578663468, ""gamma"": 1319.6097566286494, ""log_gap"": -3.4303266948569666, ""log_likelihood"": -0.6269178885760684, ""objective"": 3.774822690998982e-32, ""local_maximum"": true, ""in_shape_domain"": true, ""low_shape_author_excluded"": false}], ""shape_bounds"": [1.01, 15], ""location_lower"": -1102.9751024265006, ""location_upper"": 1351.9860184827062, ""log_gap_step"": 0.025, ""grid_points"": 682, ""extrema_checks"": 2, ""weights"": {""J1"": 1.0, ""J2"": 1.0}, ""selection"": ""highest likelihood among finite stationary maxima"", ""no_boundary_or_nonzero_residual_substitution"": true}}",4,aaa25f622b5f400e41f0e7bc62d4ebbc9ec11230dd9fdb05c08fc28ea88197ec
2.0,1000.0,1000.0,15,23,paper_cw,MMLE-I,2.647844345858566,770.8822813919562,1078.1457178603582,0.0,True,0.0003064000047743,success,0.6478443458585659,-229.1177186080438,78.14571786035822,0.3239221729292829,-0.2291177186080437,0.0781457178603582,"{""solution_info"": {""status"": ""ok"", ""estimate"": {""log_gap"": -1.295209821781625, ""beta"": 2.647844345858566, ""eta"": 770.8822813919562, ""gamma"": 1078.1457178603582, ""objective"": 8.340231920449147e-28, ""raw_gap"": 273.840400622348}, ""reused_verified_profile"": true}}",4,aaa25f622b5f400e41f0e7bc62d4ebbc9ec11230dd9fdb05c08fc28ea88197ec
2.0,1000.0,1000.0,15,23,paper_wmle,WMLE,1.614146562485563,518.1259010458103,1298.8593706907209,0.0,True,0.1658657999942079,success,-0.3858534375144369,-481.87409895418966,298.8593706907209,-0.1929267187572184,-0.4818740989541896,0.2988593706907209,"{""solution_info"": {""status"": ""ok"", ""estimate"": {""beta"": 1.614146562485563, ""eta"": 518.1259010458103, ""gamma"": 1298.8593706907209, ""log_gap"": -2.9350747526648915, ""log_likelihood"": -0.7161610218342034, ""objective"": 9.860761315262648e-31, ""local_maximum"": true, ""in_shape_domain"": true, ""low_shape_author_excluded"": false}, ""candidates"": [{""beta"": 1.614146562485563, ""eta"": 518.1259010458103, ""gamma"": 1298.8593706907209, ""log_gap"": -2.9350747526648915, ""log_likelihood"": -0.7161610218342034, ""objective"": 9.860761315262648e-31, ""local_maximum"": true, ""in_shape_domain"": true, ""low_shape_author_excluded"": false}], ""shape_bounds"": [0.1, 15], ""location_lower"": -1102.9751024265006, ""location_upper"": 1351.9860184827062, ""log_gap_step"": 0.025, ""grid_points"": 725, ""extrema_checks"": 6, ""weights"": {""J1"": 0.978, ""J2"": 0.901}, ""selection"": ""root nearest original (beta=2,gamma=.9*xmin) heuristic"", ""no_boundary_or_nonzero_residual_substitution"": true}}",4,aaa25f622b5f400e41f0e7bc62d4ebbc9ec11230dd9fdb05c08fc28ea88197ec
2.0,1000.0,1000.0,15,24,paper_mle,MLE,2.702502222925004,1265.7532117411522,802.8823077959471,0.0,True,0.0226535000256262,success,0.7025022229250037,265.7532117411522,-197.1176922040529,0.3512511114625019,0.2657532117411522,-0.1971176922040529,"{""solution_info"": {""status"": ""ok"", ""estimate"": {""beta"": 2.7025022229250037, ""eta"": 1265.7532117411522, ""gamma"": 802.8823077959471, ""log_gap"": -1.2038419243853868, ""log_likelihood"": -9.241369654256875, ""objective"": 2.742524240807424e-31, ""local_maximum"": true, ""in_shape_domain"": true, ""low_shape_author_excluded"": false}, ""candidates"": [{""beta"": 1.0001724506977596, ""eta"": 824.3198830335174, ""gamma"": 1102.9120957601779, ""log_gap"": -11.56647525281863, ""log_likelihood"": -12.101577322337748, ""objective"": 6.192657021746886e-26, ""local_maximum"": false, ""in_shape_domain"": false, ""low_shape_author_excluded"": true}, {""beta"": 2.7025022229250037, ""eta"": 1265.7532117411522, ""gamma"": 802.8823077959471, ""log_gap"": -1.2038419243853868, ""log_likelihood"": -9.241369654256875, ""objective"": 2.742524240807424e-31, ""local_maximum"": true, ""in_shape_domain"": true, ""low_shape_author_excluded"": false}], ""shape_bounds"": [1.01, 15], ""location_lower"": -2785.9510098131645, ""location_upper"": 1102.9214743476577, ""log_gap_step"": 0.025, ""grid_points"": 701, ""extrema_checks"": 2, ""weights"": {""J1"": 1.0, ""J2"": 1.0}, ""selection"": ""highest likelihood among finite stationary maxima"", ""no_boundary_or_nonzero_residual_substitution"": true}}",4,6930a6af6e1e1e013ae5c07038e4733d6c1fcf88995ef03bb928c6d621318095
2.0,1000.0,1000.0,15,24,paper_cw,MMLE-I,8.794269713571085,3835.3940640106334,-1705.5758205304014,0.0,True,0.0002960999845527,success,6.794269713571085,2835.394064010633,-2705.5758205304014,3.3971348567855424,2.835394064010633,-2.705575820530401,"{""solution_info"": {""status"": ""ok"", ""estimate"": {""log_gap"": 1.0326496054051095, ""beta"": 8.794269713571085, ""eta"": 3835.3940640106334, ""gamma"": -1705.5758205304014, ""objective"": 8.38164711797325e-31, ""raw_gap"": 2808.4973948780594}, ""reused_verified_profile"": true}}",4,6930a6af6e1e1e013ae5c07038e4733d6c1fcf88995ef03bb928c6d621318095
2.0,1000.0,1000.0,15,24,paper_wmle,WMLE,2.429469013177208,1223.8605366426686,839.742776012411,0.0,True,0.2501997999497689,success,0.4294690131772078,223.86053664266865,-160.257223987589,0.2147345065886039,0.2238605366426686,-0.160257223987589,"{""solution_info"": {""status"": ""ok"", ""estimate"": {""beta"": 2.429469013177208, ""eta"": 1223.8605366426686, ""gamma"": 839.742776012411, ""log_gap"": -1.33492163621309, ""log_likelihood"": -9.298660635050656, ""objective"": 3.3526588471893e-30, ""local_maximum"": true, ""in_shape_domain"": true, ""low_shape_author_excluded"": false}, ""candidates"": [{""beta"": 2.429469013177208, ""eta"": 1223.8605366426686, ""gamma"": 839.742776012411, ""log_gap"": -1.33492163621309, ""log_likelihood"": -9.298660635050656, ""objective"": 3.3526588471893e-30, ""local_maximum"": true, ""in_shape_domain"": true, ""low_shape_author_excluded"": false}], ""shape_bounds"": [0.1, 15], ""location_lower"": -2785.9510098131645, ""location_upper"": 1102.9214743476577, ""log_gap_step"": 0.025, ""grid_points"": 744, ""extrema_checks"": 16, ""weights"": {""J1"": 0.978, ""J2"": 0.901}, ""selection"": ""root nearest original (beta=2,gamma=.9*xmin) heuristic"", ""no_boundary_or_nonzero_residual_substitution"": true}}",4,6930a6af6e1e1e013ae5c07038e4733d6c1fcf88995ef03bb928c6d621318095
2.0,1000.0,1000.0,15,25,paper_mle,MLE,,,,,False,0.0454979999922215,failure,,,,,,,"{""solution_info"": {""status"": ""no_stationary_root_in_paper_location_domain"", ""estimate"": null, ""candidates"": [], ""shape_bounds"": [1.01, 15], ""location_lower"": -4049.176614251719, ""location_upper"": 1400.4160780648754, ""log_gap_step"": 0.025, ""grid_points"": 714, ""extrema_checks"": 2, ""weights"": {""J1"": 1.0, ""J2"": 1.0}, ""selection"": ""highest likelihood among finite stationary maxima"", ""no_boundary_or_nonzero_residual_substitution"": true}}",4,32a0e09968dddb8e61545bc5e1ea95b373d0f35212e2597e8285c3b1b96c3643
2.0,1000.0,1000.0,15,25,paper_cw,MMLE-I,1.0744521127657791,675.3469738925791,1347.7153677688962,0.0,True,0.0003303000121377,success,-0.9255478872342208,-324.65302610742094,347.71536776889616,-0.4627739436171103,-0.3246530261074209,0.3477153677688961,"{""solution_info"": {""status"": ""ok"", ""estimate"": {""log_gap"": -2.9431244479177443, ""beta"": 1.0744521127657793, ""eta"": 675.3469738925791, ""gamma"": 1347.7153677688962, ""objective"": 8.38164711797325e-31, ""raw_gap"": 52.70081029597925}, ""reused_verified_profile"": true}}",4,32a0e09968dddb8e61545bc5e1ea95b373d0f35212e2597e8285c3b1b96c3643
2.0,1000.0,1000.0,15,25,paper_wmle,WMLE,0.8675490817068546,592.6962967079961,1388.1342549019942,0.0,True,0.1647446999559179,success,-1.1324509182931457,-407.3037032920039,388.13425490199415,-0.5662254591465727,-0.4073037032920039,0.3881342549019941,"{""solution_info"": {""status"": ""ok"", ""estimate"": {""beta"": 0.8675490817068546, ""eta"": 592.6962967079961, ""gamma"": 1388.1342549019942, ""log_gap"": -4.399626759169948, ""log_likelihood"": -7.713137302491315, ""objective"": 5.127595883936577e-29, ""local_maximum"": true, ""in_shape_domain"": true, ""low_shape_author_excluded"": true}, ""candidates"": [{""beta"": 0.8675490817068546, ""eta"": 592.6962967079961, ""gamma"": 1388.1342549019942, ""log_gap"": -4.399626759169948, ""log_likelihood"": -7.713137302491315, ""objective"": 5.127595883936577e-29, ""local_maximum"": true, ""in_shape_domain"": true, ""low_shape_author_excluded"": true}], ""shape_bounds"": [0.1, 15], ""location_lower"": -4049.176614251719, ""location_upper"": 1400.4160780648754, ""log_gap_step"": 0.025, ""grid_points"": 759, ""extrema_checks"": 4, ""weights"": {""J1"": 0.978, ""J2"": 0.901}, ""selection"": ""root nearest original (beta=2,gamma=.9*xmin) heuristic"", ""no_boundary_or_nonzero_residual_substitution"": true}}",4,32a0e09968dddb8e61545bc5e1ea95b373d0f35212e2597e8285c3b1b96c3643
2.0,1000.0,1000.0,15,26,paper_mle,MLE,2.3049587024139577,917.9613595043116,1171.9952096729423,0.0,True,0.0450405000010505,success,0.3049587024139577,-82.03864049568847,171.99520967294234,0.1524793512069788,-0.0820386404956884,0.1719952096729423,"{""solution_info"": {""status"": ""ok"", ""estimate"": {""beta"": 2.3049587024139577, ""eta"": 917.9613595043115, ""gamma"": 1171.9952096729423, ""log_gap"": -1.7263795067259242, ""log_likelihood"": -6.273784944513402, ""objective"": 1.2449211160519093e-30, ""local_maximum"": true, ""in_shape_domain"": true, ""low_shape_author_excluded"": false}, ""candidates"": [{""beta"": 1.0005060736815516, ""eta"": 635.7529704761847, ""gamma"": 1349.9011780217368, ""log_gap"": -10.749228585913219, ""log_likelihood"": -8.204233733131131, ""objective"": 3.164880677611545e-30, ""local_maximum"": false, ""in_shape_domain"": false, ""low_shape_author_excluded"": true}, {""beta"": 2.3049587024139577, ""eta"": 917.9613595043115, ""gamma"": 1171.9952096729423, ""log_gap"": -1.7263795067259242, ""log_likelihood"": -6.273784944513402, ""objective"": 1.2449211160519093e-30, ""local_maximum"": true, ""in_shape_domain"": true, ""low_shape_author_excluded"": false}], ""shape_bounds"": [1.01, 15], ""location_lower"": -1904.0128981310556, ""location_upper"": 1349.9225399797258, ""log_gap_step"": 0.025, ""grid_points"": 693, ""extrema_checks"": 2, ""weights"": {""J1"": 1.0, ""J2"": 1.0}, ""selection"": ""highest likelihood among finite stationary maxima"", ""no_boundary_or_nonzero_residual_substitution"": true}}",4,b75ba1c22bb9aa883fbb3b9e0879bf12408a2bd0a26f37e1c7ce82b303b204b6
2.0,1000.0,1000.0,15,26,paper_cw,MMLE-I,4.754113296991024,1792.3159686603135,342.8357430221991,0.0,True,0.0003010000218637,success,2.754113296991024,792.3159686603135,-657.164256977801,1.377056648495512,0.7923159686603135,-0.657164256977801,"{""solution_info"": {""status"": ""ok"", ""estimate"": {""log_gap"": 0.007061902920583112, ""beta"": 4.754113296991024, ""eta"": 1792.3159686603135, ""gamma"": 342.8357430221991, ""objective"": 5.344774221524579e-26, ""raw_gap"": 1007.0868969575268}, ""reused_verified_profile"": true}}",4,b75ba1c22bb9aa883fbb3b9e0879bf12408a2bd0a26f37e1c7ce82b303b204b6
2.0,1000.0,1000.0,15,26,paper_wmle,WMLE,2.1779057207139707,924.2216003357828,1165.5573652412788,0.0,True,0.3000087999971583,success,0.1779057207139707,-75.77839966421709,165.55736524127883,0.0889528603569853,-0.0757783996642171,0.1655573652412788,"{""solution_info"": {""status"": ""ok"", ""estimate"": {""beta"": 2.1779057207139707, ""eta"": 924.2216003357829, ""gamma"": 1165.5573652412788, ""log_gap"": -1.690836300460538, ""log_likelihood"": -6.327797501243531, ""objective"": 1.8242408433235898e-30, ""local_maximum"": true, ""in_shape_domain"": true, ""low_shape_author_excluded"": false}, ""candidates"": [{""beta"": 2.1779057207139707, ""eta"": 924.2216003357829, ""gamma"": 1165.5573652412788, ""log_gap"": -1.690836300460538, ""log_likelihood"": -6.327797501243531, ""objective"": 1.8242408433235898e-30, ""local_maximum"": true, ""in_shape_domain"": true, ""low_shape_author_excluded"": false}], ""shape_bounds"": [0.1, 15], ""location_lower"": -1904.0128981310556, ""location_upper"": 1349.9225399797258, ""log_gap_step"": 0.025, ""grid_points"": 736, ""extrema_checks"": 16, ""weights"": {""J1"": 0.978, ""J2"": 0.901}, ""selection"": ""root nearest original (beta=2,gamma=.9*xmin) heuristic"", ""no_boundary_or_nonzero_residual_substitution"": true}}",4,b75ba1c22bb9aa883fbb3b9e0879bf12408a2bd0a26f37e1c7ce82b303b204b6
2.0,1000.0,1000.0,15,27,paper_mle,MLE,2.0425587692585463,760.4340079324386,1109.0157799166402,0.0,True,0.050635699997656,success,0.0425587692585462,-239.5659920675614,109.0157799166402,0.0212793846292731,-0.2395659920675614,0.1090157799166402,"{""solution_info"": {""status"": ""ok"", ""estimate"": {""beta"": 2.0425587692585463, ""eta"": 760.4340079324386, ""gamma"": 1109.0157799166402, ""log_gap"": -1.9655398349702986, ""log_likelihood"": -4.856944920201938, ""objective"": 2.0029671421627253e-31, ""local_maximum"": true, ""in_shape_domain"": true, ""low_shape_author_excluded"": false}, ""candidates"": [{""beta"": 1.0129529542212519, ""eta"": 536.3239996806278, ""gamma"": 1248.6048501982746, ""log_gap"": -7.618708645183647, ""log_likelihood"": -5.60383461462939, ""objective"": 7.890534982154505e-31, ""local_maximum"": false, ""in_shape_domain"": true, ""low_shape_author_excluded"": false}, {""beta"": 2.0425587692585463, ""eta"": 760.4340079324386, ""gamma"": 1109.0157799166402, ""log_gap"": -1.9655398349702986, ""log_likelihood"": -4.856944920201938, ""objective"": 2.0029671421627253e-31, ""local_maximum"": true, ""in_shape_domain"": true, ""low_shape_author_excluded"": false}], ""shape_bounds"": [1.01, 15], ""location_lower"": -1790.155600990434, ""location_upper"": 1249.0959259021329, ""log_gap_step"": 0.025, ""grid_points"": 691, ""extrema_checks"": 2, ""weights"": {""J1"": 1.0, ""J2"": 1.0}, ""selection"": ""highest likelihood among finite stationary maxima"", ""no_boundary_or_nonzero_residual_substitution"": true}}",4,9b1167fca67d1076bc861b622aa9e82cd9053c4286b9fd19d1225bd40e365658
2.0,1000.0,1000.0,15,27,paper_cw,MMLE-I,3.673182093785025,1255.3042208993045,653.8041793641949,0.0,True,0.0003091999678872,success,1.6731820937850248,255.30422089930423,-346.19582063580515,0.8365910468925124,0.2553042208993042,-0.3461958206358052,"{""solution_info"": {""status"": ""ok"", ""estimate"": {""log_gap"": -0.5187034953084284, ""beta"": 3.673182093785025, ""eta"": 1255.3042208993043, ""gamma"": 653.8041793641949, ""objective"": 3.3526588471893e-30, ""raw_gap"": 595.291846537938}, ""reused_verified_profile"": true}}",4,9b1167fca67d1076bc861b622aa9e82cd9053c4286b9fd19d1225bd40e365658
2.0,1000.0,1000.0,15,27,paper_wmle,WMLE,2.005784768131306,789.6858737753136,1083.0828353091545,0.0,True,0.2951968999695964,success,0.0057847681313059,-210.31412622468645,83.08283530915446,0.0028923840656529,-0.2103141262246864,0.0830828353091544,"{""solution_info"": {""status"": ""ok"", ""estimate"": {""beta"": 2.005784768131306, ""eta"": 789.6858737753136, ""gamma"": 1083.0828353091545, ""log_gap"": -1.7956880323789985, ""log_likelihood"": -4.916993685770523, ""objective"": 4.930380657631324e-31, ""local_maximum"": true, ""in_shape_domain"": true, ""low_shape_author_excluded"": false}, ""candidates"": [{""beta"": 2.005784768131306, ""eta"": 789.6858737753136, ""gamma"": 1083.0828353091545, ""log_gap"": -1.7956880323789985, ""log_likelihood"": -4.916993685770523, ""objective"": 4.930380657631324e-31, ""local_maximum"": true, ""in_shape_domain"": true, ""low_shape_author_excluded"": false}], ""shape_bounds"": [0.1, 15], ""location_lower"": -1790.155600990434, ""location_upper"": 1249.0959259021329, ""log_gap_step"": 0.025, ""grid_points"": 735, ""extrema_checks"": 18, ""weights"": {""J1"": 0.978, ""J2"": 0.901}, ""selection"": ""root nearest original (beta=2,gamma=.9*xmin) heuristic"", ""no_boundary_or_nonzero_residual_substitution"": true}}",4,9b1167fca67d1076bc861b622aa9e82cd9053c4286b9fd19d1225bd40e365658
2.0,1000.0,1000.0,15,28,paper_mle,MLE,,,,,False,0.0320986000006087,failure,,,,,,,"{""solution_info"": {""status"": ""no_stationary_root_in_paper_location_domain"", ""estimate"": null, ""candidates"": [], ""shape_bounds"": [1.01, 15], ""location_lower"": -4591.729406147239, ""location_upper"": 1271.6588889185925, ""log_gap_step"": 0.025, ""grid_points"": 717, ""extrema_checks"": 2, ""weights"": {""J1"": 1.0, ""J2"": 1.0}, ""selection"": ""highest likelihood among finite stationary maxima"", ""no_boundary_or_nonzero_residual_substitution"": true}}",4,0b498bc42088b50dea13332370f9a633b40545983d663db7c7fc9329c36a0b12
2.0,1000.0,1000.0,15,28,paper_cw,MMLE-I,1.2110619879167597,818.8619432473462,1186.456441904866,0.0,True,0.0023802000214345,success,-0.7889380120832403,-181.13805675265385,186.4564419048661,-0.3944690060416201,-0.1811380567526538,0.1864564419048661,"{""solution_info"": {""status"": ""ok"", ""estimate"": {""log_gap"": -2.462723951066395, ""beta"": 1.2110619879167597, ""eta"": 818.8619432473462, ""gamma"": 1186.456441904866, ""objective"": 4.930380657631324e-32, ""raw_gap"": 85.20254701372635}, ""reused_verified_profile"": true}}",4,0b498bc42088b50dea13332370f9a633b40545983d663db7c7fc9329c36a0b12
2.0,1000.0,1000.0,15,28,paper_wmle,WMLE,0.9702272791974854,718.8457076712168,1242.4305087737057,0.0,True,0.2097692999523133,success,-1.0297727208025145,-281.1542923287832,242.4305087737057,-0.5148863604012572,-0.2811542923287832,0.2424305087737057,"{""solution_info"": {""status"": ""ok"", ""estimate"": {""beta"": 0.9702272791974854, ""eta"": 718.8457076712168, ""gamma"": 1242.4305087737057, ""log_gap"": -3.532611697622517, ""log_likelihood"": -9.9188342261352, ""objective"": 3.6155861868994634e-25, ""local_maximum"": true, ""in_shape_domain"": true, ""low_shape_author_excluded"": true}, ""candidates"": [{""beta"": 0.9702272791974854, ""eta"": 718.8457076712168, ""gamma"": 1242.4305087737057, ""log_gap"": -3.532611697622517, ""log_likelihood"": -9.9188342261352, ""objective"": 3.6155861868994634e-25, ""local_maximum"": true, ""in_shape_domain"": true, ""low_shape_author_excluded"": true}], ""shape_bounds"": [0.1, 15], ""location_lower"": -4591.729406147239, ""location_upper"": 1271.6588889185925, ""log_gap_step"": 0.025, ""grid_points"": 762, ""extrema_checks"": 4, ""weights"": {""J1"": 0.978, ""J2"": 0.901}, ""selection"": ""root nearest original (beta=2,gamma=.9*xmin) heuristic"", ""no_boundary_or_nonzero_residual_substitution"": true}}",4,0b498bc42088b50dea13332370f9a633b40545983d663db7c7fc9329c36a0b12
2.0,1000.0,1000.0,15,29,paper_mle,MLE,1.9620386958136795,915.3207055272036,1107.3790163023343,0.0,True,0.0251394000370055,success,-0.0379613041863204,-84.67929447279653,107.37901630233456,-0.0189806520931602,-0.0846792944727965,0.1073790163023345,"{""solution_info"": {""status"": ""ok"", ""estimate"": {""beta"": 1.9620386958136795, ""eta"": 915.3207055272035, ""gamma"": 1107.3790163023345, ""log_gap"": -2.2080701422159446, ""log_likelihood"": -7.975434778938756, ""objective"": 8.82075914529354e-31, ""local_maximum"": true, ""in_shape_domain"": true, ""low_shape_author_excluded"": false}, ""candidates"": [{""beta"": 1.0004043892117154, ""eta"": 701.907408305368, ""gamma"": 1217.2726453822306, ""log_gap"": -10.874736211285903, ""log_likelihood"": -9.689395841694878, ""objective"": 3.217843751082194e-30, ""local_maximum"": false, ""in_shape_domain"": false, ""low_shape_author_excluded"": true}, {""beta"": 1.9620386958136795, ""eta"": 915.3207055272035, ""gamma"": 1107.3790163023345, ""log_gap"": -2.2080701422159446, ""log_likelihood"": -7.975434778938756, ""objective"": 8.82075914529354e-31, ""local_maximum"": true, ""in_shape_domain"": true, ""low_shape_author_excluded"": false}], ""shape_bounds"": [1.01, 15], ""location_lower"": -2538.792959155649, ""location_upper"": 1217.2914758816382, ""log_gap_step"": 0.025, ""grid_points"": 699, ""extrema_checks"": 2, ""weights"": {""J1"": 1.0, ""J2"": 1.0}, ""selection"": ""highest likelihood among finite stationary maxima"", ""no_boundary_or_nonzero_residual_substitution"": true}}",4,0ddd0ff2aa656a8b7960378e6e06ad19a73816f8cc4334787276a64d2a846b8c
2.0,1000.0,1000.0,15,29,paper_cw,MMLE-I,4.379603519898349,1871.265745734288,216.4160987645518,0.0,True,0.0003333000349812,success,2.3796035198983487,871.265745734288,-783.5839012354481,1.1898017599491744,0.8712657457342879,-0.7835839012354482,"{""solution_info"": {""status"": ""ok"", ""estimate"": {""log_gap"": 0.0008750941105211198, ""beta"": 4.379603519898349, ""eta"": 1871.265745734288, ""gamma"": 216.4160987645518, ""objective"": 1.1364527415840201e-28, ""raw_gap"": 1000.8754771170865}, ""reused_verified_profile"": true}}",4,0ddd0ff2aa656a8b7960378e6e06ad19a73816f8cc4334787276a64d2a846b8c
2.0,1000.0,1000.0,15,29,paper_wmle,WMLE,1.911897927688117,943.7686180915854,1082.359943329441,0.0,True,0.2482002999749966,success,-0.088102072311883,-56.23138190841462,82.35994332944097,-0.0440510361559415,-0.0562313819084146,0.0823599433294409,"{""solution_info"": {""status"": ""ok"", ""estimate"": {""beta"": 1.911897927688117, ""eta"": 943.7686180915854, ""gamma"": 1082.359943329441, ""log_gap"": -2.00298705435971, ""log_likelihood"": -8.036639462352184, ""objective"": 2.465190328815662e-31, ""local_maximum"": true, ""in_shape_domain"": true, ""low_shape_author_excluded"": false}, ""candidates"": [{""beta"": 1.911897927688117, ""eta"": 943.7686180915854, ""gamma"": 1082.359943329441, ""log_gap"": -2.00298705435971, ""log_likelihood"": -8.036639462352184, ""objective"": 2.465190328815662e-31, ""local_maximum"": true, ""in_shape_domain"": true, ""low_shape_author_excluded"": false}], ""shape_bounds"": [0.1, 15], ""location_lower"": -2538.792959155649, ""location_upper"": 1217.2914758816382, ""log_gap_step"": 0.025, ""grid_points"": 742, ""extrema_checks"": 12, ""weights"": {""J1"": 0.978, ""J2"": 0.901}, ""selection"": ""root nearest original (beta=2,gamma=.9*xmin) heuristic"", ""no_boundary_or_nonzero_residual_substitution"": true}}",4,0ddd0ff2aa656a8b7960378e6e06ad19a73816f8cc4334787276a64d2a846b8c
2.0,1000.0,1000.0,15,30,paper_mle,MLE,1.41310519159296,850.6560618046691,1017.6224759187118,0.0,True,0.0565378000028431,success,-0.58689480840704,-149.3439381953309,17.622475918711757,-0.29344740420352,-0.1493439381953309,0.0176224759187117,"{""solution_info"": {""status"": ""ok"", ""estimate"": {""beta"": 1.41310519159296, ""eta"": 850.6560618046691, ""gamma"": 1017.6224759187118, ""log_gap"": -3.184524390029598, ""log_likelihood"": -10.085090739517108, ""objective"": 4.080660366167675e-30, ""local_maximum"": true, ""in_shape_domain"": true, ""low_shape_author_excluded"": false}, ""candidates"": [{""beta"": 1.0058620038700155, ""eta"": 738.7681746716892, ""gamma"": 1058.7288879452567, ""log_gap"": -8.140407564765226, ""log_likelihood"": -10.433882882126966, ""objective"": 2.1333294882384085e-27, ""local_maximum"": false, ""in_shape_domain"": false, ""low_shape_author_excluded"": true}, {""beta"": 1.41310519159296, ""eta"": 850.6560618046691, ""gamma"": 1017.6224759187118, ""log_gap"": -3.184524390029598, ""log_likelihood"": -10.085090739517108, ""objective"": 4.080660366167675e-30, ""local_maximum"": true, ""in_shape_domain"": true, ""low_shape_author_excluded"": false}], ""shape_bounds"": [1.01, 15], ""location_lower"": -3657.5467396722906, ""location_upper"": 1059.0203063066645, ""log_gap_step"": 0.025, ""grid_points"": 708, ""extrema_checks"": 2, ""weights"": {""J1"": 1.0, ""J2"": 1.0}, ""selection"": ""highest likelihood among finite stationary maxima"", ""no_boundary_or_nonzero_residual_substitution"": true}}",4,4a6c5f599903628385824a02e308d2871520f7292eeb53d5b7414dad9ab6cca6
2.0,1000.0,1000.0,15,30,paper_cw,MMLE-I,2.263918987595454,1261.407914302373,683.0631924089968,0.0,True,0.0003202999942004,success,0.2639189875954546,261.407914302373,-316.93680759100323,0.1319594937977273,0.261407914302373,-0.3169368075910032,"{""solution_info"": {""status"": ""ok"", ""estimate"": {""log_gap"": -0.978279934892489, ""beta"": 2.2639189875954546, ""eta"": 1261.407914302373, ""gamma"": 683.0631924089968, ""objective"": 2.8411318539600503e-29, ""raw_gap"": 375.95721389766777}, ""reused_verified_profile"": true}}",4,4a6c5f599903628385824a02e308d2871520f7292eeb53d5b7414dad9ab6cca6
2.0,1000.0,1000.0,15,30,paper_wmle,WMLE,1.519080389504309,937.0419315543792,955.2513863505808,0.0,True,0.1503246999927796,success,-0.480919610495691,-62.95806844562094,-44.7486136494191,-0.2404598052478455,-0.0629580684456209,-0.0447486136494191,"{""solution_info"": {""status"": ""ok"", ""estimate"": {""beta"": 1.519080389504309, ""eta"": 937.0419315543791, ""gamma"": 955.2513863505809, ""log_gap"": -2.265587811795366, ""log_likelihood"": -10.229460580606617, ""objective"": 1.3586156940168876e-27, ""local_maximum"": true, ""in_shape_domain"": true, ""low_shape_author_excluded"": false}, ""candidates"": [{""beta"": 1.519080389504309, ""eta"": 937.0419315543791, ""gamma"": 955.2513863505809, ""log_gap"": -2.265587811795366, ""log_likelihood"": -10.229460580606617, ""objective"": 1.3586156940168876e-27, ""local_maximum"": true, ""in_shape_domain"": true, ""low_shape_author_excluded"": false}], ""shape_bounds"": [0.1, 15], ""location_lower"": -3657.5467396722906, ""location_upper"": 1059.0203063066645, ""log_gap_step"": 0.025, ""grid_points"": 752, ""extrema_checks"": 4, ""weights"": {""J1"": 0.978, ""J2"": 0.901}, ""selection"": ""root nearest original (beta=2,gamma=.9*xmin) heuristic"", ""no_boundary_or_nonzero_residual_substitution"": true}}",4,4a6c5f599903628385824a02e308d2871520f7292eeb53d5b7414dad9ab6cca6
2.0,1000.0,1000.0,15,31,paper_mle,MLE,1.6618994000019207,590.8476947161861,1441.8137888836825,0.0,True,0.0412112000049091,success,-0.3381005999980793,-409.1523052838139,441.8137888836823,-0.1690502999990396,-0.4091523052838139,0.4418137888836823,"{""solution_info"": {""status"": ""ok"", ""estimate"": {""beta"": 1.6618994000019207, ""eta"": 590.8476947161861, ""gamma"": 1441.8137888836823, ""log_gap"": -3.0721361052999288, ""log_likelihood"": -3.073274805656993, ""objective"": 3.0814879110195774e-31, ""local_maximum"": true, ""in_shape_domain"": true, ""low_shape_author_excluded"": false}, ""candidates"": [{""beta"": 1.0010760480352092, ""eta"": 483.44793126535524, ""gamma"": 1488.1011659192575, ""log_gap"": -10.268103077505298, ""log_likelihood"": -4.093945249884735, ""objective"": 2.8533229905080215e-29, ""local_maximum"": false, ""in_shape_domain"": false, ""low_shape_author_excluded"": true}, {""beta"": 1.6618994000019207, ""eta"": 590.8476947161861, ""gamma"": 1441.8137888836823, ""log_gap"": -3.0721361052999288, ""log_likelihood"": -3.073274805656993, ""objective"": 3.0814879110195774e-31, ""local_maximum"": true, ""in_shape_domain"": true, ""low_shape_author_excluded"": false}], ""shape_bounds"": [1.01, 15], ""location_lower"": -1340.9710332904247, ""location_upper"": 1488.1357890994311, ""log_gap_step"": 0.025, ""grid_points"": 688, ""extrema_checks"": 2, ""weights"": {""J1"": 1.0, ""J2"": 1.0}, ""selection"": ""highest likelihood among finite stationary maxima"", ""no_boundary_or_nonzero_residual_substitution"": true}}",4,3e6282a1e42c30c8291eef1259e5d6eee1399e1b67cb65747a4cf37b5defd3c3
2.0,1000.0,1000.0,15,31,paper_cw,MMLE-I,2.815797436260428,945.322917197004,1130.9450743537018,0.0,True,0.0014882000396028,success,0.8157974362604281,-54.67708280299598,130.94507435370178,0.407898718130214,-0.0546770828029959,0.1309450743537017,"{""solution_info"": {""status"": ""ok"", ""estimate"": {""log_gap"": -1.0294851449080409, ""beta"": 2.815797436260428, ""eta"": 945.322917197004, ""gamma"": 1130.9450743537018, ""objective"": 8.552041073500989e-27, ""raw_gap"": 357.1908147457294}, ""reused_verified_profile"": true}}",4,3e6282a1e42c30c8291eef1259e5d6eee1399e1b67cb65747a4cf37b5defd3c3
2.0,1000.0,1000.0,15,31,paper_wmle,WMLE,1.6832923533703412,625.9197551791622,1413.7384834610834,0.0,True,0.1862837999942712,success,-0.3167076466296588,-374.0802448208378,413.7384834610834,-0.1583538233148294,-0.3740802448208378,0.4137384834610834,"{""solution_info"": {""status"": ""ok"", ""estimate"": {""beta"": 1.6832923533703412, ""eta"": 625.9197551791622, ""gamma"": 1413.7384834610834, ""log_gap"": -2.5983342082033936, ""log_likelihood"": -3.1591462261627665, ""objective"": 3.549874073494553e-30, ""local_maximum"": true, ""in_shape_domain"": true, ""low_shape_author_excluded"": false}, ""candidates"": [{""beta"": 1.6832923533703412, ""eta"": 625.9197551791622, ""gamma"": 1413.7384834610834, ""log_gap"": -2.5983342082033936, ""log_likelihood"": -3.1591462261627665, ""objective"": 3.549874073494553e-30, ""local_maximum"": true, ""in_shape_domain"": true, ""low_shape_author_excluded"": false}], ""shape_bounds"": [0.1, 15], ""location_lower"": -1340.9710332904247, ""location_upper"": 1488.1357890994311, ""log_gap_step"": 0.025, ""grid_points"": 732, ""extrema_checks"": 6, ""weights"": {""J1"": 0.978, ""J2"": 0.901}, ""selection"": ""root nearest original (beta=2,gamma=.9*xmin) heuristic"", ""no_boundary_or_nonzero_residual_substitution"": true}}",4,3e6282a1e42c30c8291eef1259e5d6eee1399e1b67cb65747a4cf37b5defd3c3
2.0,1000.0,1000.0,15,32,paper_mle,MLE,1.4407160341676135,930.0639067340452,1048.7173748071125,0.0,True,0.0561200999654829,success,-0.5592839658323863,-69.93609326595481,48.717374807112265,-0.2796419829161931,-0.0699360932659548,0.0487173748071122,"{""solution_info"": {""status"": ""ok"", ""estimate"": {""beta"": 1.4407160341676137, ""eta"": 930.0639067340452, ""gamma"": 1048.7173748071123, ""log_gap"": -3.231520436672207, ""log_likelihood"": -11.116559697040525, ""objective"": 2.164745257491253e-31, ""local_maximum"": true, ""in_shape_domain"": true, ""low_shape_author_excluded"": false}, ""candidates"": [{""beta"": 1.0015326606746957, ""eta"": 806.6601486147676, ""gamma"": 1088.1322219685333, ""log_gap"": -9.402074224850658, ""log_likelihood"": -11.771135982068737, ""objective"": 1.9259299443872359e-32, ""local_maximum"": false, ""in_shape_domain"": false, ""low_shape_author_excluded"": true}, {""beta"": 1.4407160341676137, ""eta"": 930.0639067340452, ""gamma"": 1048.7173748071123, ""log_gap"": -3.231520436672207, ""log_likelihood"": -11.116559697040525, ""objective"": 2.164745257491253e-31, ""local_maximum"": true, ""in_shape_domain"": true, ""low_shape_author_excluded"": false}], ""shape_bounds"": [1.01, 15], ""location_lower"": -4208.008635855904, ""location_upper"": 1088.2146746236106, ""log_gap_step"": 0.025, ""grid_points"": 713, ""extrema_checks"": 2, ""weights"": {""J1"": 1.0, ""J2"": 1.0}, ""selection"": ""highest likelihood among finite stationary maxima"", ""no_boundary_or_nonzero_residual_substitution"": true}}",4,e4646caf41010ef97912ca9e7f6abd9f1b448d8d19462808ba3b92611ee4ff64
2.0,1000.0,1000.0,15,32,paper_cw,MMLE-I,2.139721228419936,1336.3735567054212,716.9394611051388,0.0,True,0.0003160000196658,success,0.1397212284199356,336.37355670542115,-283.0605388948612,0.0698606142099678,0.3363735567054211,-0.2830605388948612,"{""solution_info"": {""status"": ""ok"", ""estimate"": {""log_gap"": -0.9908114066281489, ""beta"": 2.1397212284199356, ""eta"": 1336.3735567054212, ""gamma"": 716.9394611051388, ""objective"": 5.061035745058554e-28, ""raw_gap"": 371.2753135184718}, ""reused_verified_profile"": true}}",4,e4646caf41010ef97912ca9e7f6abd9f1b448d8d19462808ba3b92611ee4ff64
2.0,1000.0,1000.0,15,32,paper_wmle,WMLE,1.456023493273679,980.7348361320684,1012.1371673010832,0.0,True,0.1770492999930866,success,-0.5439765067263209,-19.26516386793162,12.13716730108331,-0.2719882533631604,-0.0192651638679316,0.0121371673010833,"{""solution_info"": {""status"": ""ok"", ""estimate"": {""beta"": 1.456023493273679, ""eta"": 980.7348361320684, ""gamma"": 1012.1371673010833, ""log_gap"": -2.576001310733143, ""log_likelihood"": -11.226898671389929, ""objective"": 1.0507627257543877e-27, ""local_maximum"": true, ""in_shape_domain"": true, ""low_shape_author_excluded"": false}, ""candidates"": [{""beta"": 1.456023493273679, ""eta"": 980.7348361320684, ""gamma"": 1012.1371673010833, ""log_gap"": -2.576001310733143, ""log_likelihood"": -11.226898671389929, ""objective"": 1.0507627257543877e-27, ""local_maximum"": true, ""in_shape_domain"": true, ""low_shape_author_excluded"": false}], ""shape_bounds"": [0.1, 15], ""location_lower"": -4208.008635855904, ""location_upper"": 1088.2146746236106, ""log_gap_step"": 0.025, ""grid_points"": 757, ""extrema_checks"": 4, ""weights"": {""J1"": 0.978, ""J2"": 0.901}, ""selection"": ""root nearest original (beta=2,gamma=.9*xmin) heuristic"", ""no_boundary_or_nonzero_residual_substitution"": true}}",4,e4646caf41010ef97912ca9e7f6abd9f1b448d8d19462808ba3b92611ee4ff64
2.0,1000.0,1000.0,15,33,paper_mle,MLE,2.014198344019462,854.4146979895829,1252.9964180073466,0.0,True,0.0578242999617941,success,0.0141983440194626,-145.58530201041708,252.99641800734665,0.0070991720097313,-0.145585302010417,0.2529964180073466,"{""solution_info"": {""status"": ""ok"", ""estimate"": {""beta"": 2.0141983440194626, ""eta"": 854.4146979895829, ""gamma"": 1252.9964180073466, ""log_gap"": -2.30824308731666, ""log_likelihood"": -6.4634450837043005, ""objective"": 2.596153565033994e-31, ""local_maximum"": true, ""in_shape_domain"": true, ""low_shape_author_excluded"": false}, ""candidates"": [{""beta"": 1.000172010303974, ""eta"": 659.4924918809379, ""gamma"": 1352.424652352009, ""log_gap"": -11.792129773344259, ""log_likelihood"": -8.7552416426732, ""objective"": 1.6308967362065552e-29, ""local_maximum"": false, ""in_shape_domain"": false, ""low_shape_author_excluded"": true}, {""beta"": 2.0141983440194626, ""eta"": 854.4146979895829, ""gamma"": 1252.9964180073466, ""log_gap"": -2.30824308731666, ""log_likelihood"": -6.4634450837043005, ""objective"": 2.596153565033994e-31, ""local_maximum"": true, ""in_shape_domain"": true, ""low_shape_author_excluded"": false}], ""shape_bounds"": [1.01, 15], ""location_lower"": -2022.5276169947572, ""location_upper"": 1352.4321162055246, ""log_gap_step"": 0.025, ""grid_points"": 695, ""extrema_checks"": 2, ""weights"": {""J1"": 1.0, ""J2"": 1.0}, ""selection"": ""highest likelihood among finite stationary maxima"", ""no_boundary_or_nonzero_residual_substitution"": true}}",4,64f33db0dad51438b211834340ab18be4ce9238c49e28b8a84abba02bf5ca2af
2.0,1000.0,1000.0,15,33,paper_cw,MMLE-I,3.51604221963382,1483.6618095240622,671.9218910917617,0.0,True,0.0003150000120513,success,1.51604221963382,483.66180952406216,-328.0781089082383,0.7580211098169101,0.4836618095240622,-0.3280781089082383,"{""solution_info"": {""status"": ""ok"", ""estimate"": {""log_gap"": -0.3849122841713905, ""beta"": 3.51604221963382, ""eta"": 1483.6618095240622, ""gamma"": 671.9218910917617, ""objective"": 2.0960034251722284e-26, ""raw_gap"": 680.510325113763}, ""reused_verified_profile"": true}}",4,64f33db0dad51438b211834340ab18be4ce9238c49e28b8a84abba02bf5ca2af
2.0,1000.0,1000.0,15,33,paper_wmle,WMLE,1.950811198627091,874.1746660638859,1235.6220364909036,0.0,True,0.1855214000097476,success,-0.0491888013729089,-125.82533393611412,235.6220364909036,-0.0245944006864544,-0.1258253339361141,0.2356220364909036,"{""solution_info"": {""status"": ""ok"", ""estimate"": {""beta"": 1.950811198627091, ""eta"": 874.1746660638859, ""gamma"": 1235.6220364909036, ""log_gap"": -2.1472050572948618, ""log_likelihood"": -6.518247368750373, ""objective"": 7.888609052210118e-31, ""local_maximum"": true, ""in_shape_domain"": true, ""low_shape_author_excluded"": false}, ""candidates"": [{""beta"": 1.950811198627091, ""eta"": 874.1746660638859, ""gamma"": 1235.6220364909036, ""log_gap"": -2.1472050572948618, ""log_likelihood"": -6.518247368750373, ""objective"": 7.888609052210118e-31, ""local_maximum"": true, ""in_shape_domain"": true, ""low_shape_author_excluded"": false}], ""shape_bounds"": [0.1, 15], ""location_lower"": -2022.5276169947572, ""location_upper"": 1352.4321162055246, ""log_gap_step"": 0.025, ""grid_points"": 738, ""extrema_checks"": 4, ""weights"": {""J1"": 0.978, ""J2"": 0.901}, ""selection"": ""root nearest original (beta=2,gamma=.9*xmin) heuristic"", ""no_boundary_or_nonzero_residual_substitution"": true}}",4,64f33db0dad51438b211834340ab18be4ce9238c49e28b8a84abba02bf5ca2af
2.0,1000.0,1000.0,15,34,paper_mle,MLE,2.12575533894813,954.140222502872,1026.697230231263,0.0,True,0.0643328999867662,success,0.1257553389481298,-45.85977749712811,26.697230231262893,0.0628776694740649,-0.0458597774971281,0.0266972302312628,"{""solution_info"": {""status"": ""ok"", ""estimate"": {""beta"": 2.12575533894813, ""eta"": 954.1402225028719, ""gamma"": 1026.697230231263, ""log_gap"": -1.881856879024148, ""log_likelihood"": -7.721350506831531, ""objective"": 2.0954117794933126e-31, ""local_maximum"": true, ""in_shape_domain"": true, ""low_shape_author_excluded"": false}, ""candidates"": [{""beta"": 1.000527806624282, ""eta"": 693.6324508062899, ""gamma"": 1178.9798351116024, ""log_gap"": -10.620009304608685, ""log_likelihood"": -9.511128583198118, ""objective"": 2.0874191702241056e-29, ""local_maximum"": false, ""in_shape_domain"": false, ""low_shape_author_excluded"": true}, {""beta"": 2.12575533894813, ""eta"": 954.1402225028719, ""gamma"": 1026.697230231263, ""log_gap"": -1.881856879024148, ""log_likelihood"": -7.721350506831531, ""objective"": 2.0954117794933126e-31, ""local_maximum"": true, ""in_shape_domain"": true, ""low_shape_author_excluded"": false}], ""shape_bounds"": [1.01, 15], ""location_lower"": -2449.6570765690662, ""location_upper"": 1179.0041575240432, ""log_gap_step"": 0.025, ""grid_points"": 698, ""extrema_checks"": 2, ""weights"": {""J1"": 1.0, ""J2"": 1.0}, ""selection"": ""highest likelihood among finite stationary maxima"", ""no_boundary_or_nonzero_residual_substitution"": true}}",4,2ac723316fcc8bed982d1657787b24d98bdc2998264adc53057c2838ad92fcab
2.0,1000.0,1000.0,15,34,paper_cw,MMLE-I,4.236335856621202,1795.7565948372746,238.62808327282747,0.0,True,0.0003143000067211,success,2.236335856621202,795.7565948372746,-761.3719167271726,1.118167928310601,0.7957565948372747,-0.7613719167271725,"{""solution_info"": {""status"": ""ok"", ""estimate"": {""log_gap"": -0.061475298397263824, ""beta"": 4.236335856621202, ""eta"": 1795.7565948372746, ""gamma"": 238.62808327282747, ""objective"": 4.5162286823902926e-29, ""raw_gap"": 940.3761742512156}, ""reused_verified_profile"": true}}",4,2ac723316fcc8bed982d1657787b24d98bdc2998264adc53057c2838ad92fcab
2.0,1000.0,1000.0,15,34,paper_wmle,WMLE,2.049315988852563,975.5663638893996,1007.205554247642,0.0,True,0.2884458000189625,success,0.0493159888525629,-24.43363611060033,7.205554247641885,0.0246579944262814,-0.0244336361106003,0.0072055542476418,"{""solution_info"": {""status"": ""ok"", ""estimate"": {""beta"": 2.049315988852563, ""eta"": 975.5663638893997, ""gamma"": 1007.2055542476419, ""log_gap"": -1.761431817327747, ""log_likelihood"": -7.777196976108144, ""objective"": 1.9721522630525295e-31, ""local_maximum"": true, ""in_shape_domain"": true, ""low_shape_author_excluded"": false}, ""candidates"": [{""beta"": 2.049315988852563, ""eta"": 975.5663638893997, ""gamma"": 1007.2055542476419, ""log_gap"": -1.761431817327747, ""log_likelihood"": -7.777196976108144, ""objective"": 1.9721522630525295e-31, ""local_maximum"": true, ""in_shape_domain"": true, ""low_shape_author_excluded"": false}], ""shape_bounds"": [0.1, 15], ""location_lower"": -2449.6570765690662, ""location_upper"": 1179.0041575240432, ""log_gap_step"": 0.025, ""grid_points"": 742, ""extrema_checks"": 8, ""weights"": {""J1"": 0.978, ""J2"": 0.901}, ""selection"": ""root nearest original (beta=2,gamma=.9*xmin) heuristic"", ""no_boundary_or_nonzero_residual_substitution"": true}}",4,2ac723316fcc8bed982d1657787b24d98bdc2998264adc53057c2838ad92fcab
2.0,1000.0,1000.0,15,35,paper_mle,MLE,1.2477144108053866,621.3540546055743,1194.4069015847138,0.0,True,0.0759265000233426,success,-0.7522855891946134,-378.64594539442567,194.40690158471372,-0.3761427945973067,-0.3786459453944256,0.1944069015847137,"{""solution_info"": {""status"": ""ok"", ""estimate"": {""beta"": 1.2477144108053866, ""eta"": 621.3540546055743, ""gamma"": 1194.4069015847138, ""log_gap"": -4.340527307524758, ""log_likelihood"": -6.296245203217943, ""objective"": 3.1192361379295672e-30, ""local_maximum"": true, ""in_shape_domain"": true, ""low_shape_author_excluded"": false}, ""candidates"": [{""beta"": 1.005622948779908, ""eta"": 568.4619706470424, ""gamma"": 1207.2221665439397, ""log_gap"": -8.447710054598971, ""log_likelihood"": -6.501568357052269, ""objective"": 3.0814879110195774e-33, ""local_maximum"": false, ""in_shape_domain"": false, ""low_shape_author_excluded"": true}, {""beta"": 1.2477144108053866, ""eta"": 621.3540546055743, ""gamma"": 1194.4069015847138, ""log_gap"": -4.340527307524758, ""log_likelihood"": -6.296245203217943, ""objective"": 3.1192361379295672e-30, ""local_maximum"": true, ""in_shape_domain"": true, ""low_shape_author_excluded"": false}], ""shape_bounds"": [1.01, 15], ""location_lower"": -3001.943583970241, ""location_upper"": 1207.4364573408388, ""log_gap_step"": 0.025, ""grid_points"": 704, ""extrema_checks"": 2, ""weights"": {""J1"": 1.0, ""J2"": 1.0}, ""selection"": ""highest likelihood among finite stationary maxima"", ""no_boundary_or_nonzero_residual_substitution"": true}}",4,e8ee270f92a08b78183f5cd4dc989ed3198ccfc2e5cdf0663e118d269e216b35
2.0,1000.0,1000.0,15,35,paper_cw,MMLE-I,1.7348204602802002,836.2327563447171,1035.1414670492388,0.0,True,0.0003213000018149,success,-0.2651795397197998,-163.76724365528287,35.14146704923883,-0.1325897698598999,-0.1637672436552828,0.0351414670492388,"{""solution_info"": {""status"": ""ok"", ""estimate"": {""log_gap"": -1.758546630969742, ""beta"": 1.7348204602802002, ""eta"": 836.2327563447171, ""gamma"": 1035.1414670492388, ""objective"": 2.18054614142283e-25, ""raw_gap"": 172.29509029160013}, ""reused_verified_profile"": true}}",4,e8ee270f92a08b78183f5cd4dc989ed3198ccfc2e5cdf0663e118d269e216b35
2.0,1000.0,1000.0,15,35,paper_wmle,WMLE,1.286868928024065,662.6184216455988,1168.7688706007295,0.0,True,0.1680869000265374,success,-0.713131071975935,-337.3815783544012,168.76887060072954,-0.3565655359879675,-0.3373815783544012,0.1687688706007295,"{""solution_info"": {""status"": ""ok"", ""estimate"": {""beta"": 1.286868928024065, ""eta"": 662.6184216455988, ""gamma"": 1168.7688706007295, ""log_gap"": -3.2527509956821303, ""log_likelihood"": -6.462304519481808, ""objective"": 3.8648859544719337e-26, ""local_maximum"": true, ""in_shape_domain"": true, ""low_shape_author_excluded"": false}, ""candidates"": [{""beta"": 1.286868928024065, ""eta"": 662.6184216455988, ""gamma"": 1168.7688706007295, ""log_gap"": -3.2527509956821303, ""log_likelihood"": -6.462304519481808, ""objective"": 3.8648859544719337e-26, ""local_maximum"": true, ""in_shape_domain"": true, ""low_shape_author_excluded"": false}], ""shape_bounds"": [0.1, 15], ""location_lower"": -3001.943583970241, ""location_upper"": 1207.4364573408388, ""log_gap_step"": 0.025, ""grid_points"": 748, ""extrema_checks"": 4, ""weights"": {""J1"": 0.978, ""J2"": 0.901}, ""selection"": ""root nearest original (beta=2,gamma=.9*xmin) heuristic"", ""no_boundary_or_nonzero_residual_substitution"": true}}",4,e8ee270f92a08b78183f5cd4dc989ed3198ccfc2e5cdf0663e118d269e216b35
2.0,1000.0,1000.0,15,36,paper_mle,MLE,,,,,False,0.014160799968522,failure,,,,,,,"{""solution_info"": {""status"": ""root_outside_author_shape_domain"", ""estimate"": null, ""candidates"": [{""beta"": 1.0002975170201986, ""eta"": 763.2213958720112, ""gamma"": 1257.0629338089811, ""log_gap"": -11.09793774595974, ""log_likelihood"": -10.946060429234997, ""objective"": 7.891382391330036e-29, ""local_maximum"": false, ""in_shape_domain"": false, ""low_shape_author_excluded"": true}], ""shape_bounds"": [1.01, 15], ""location_lower"": -2162.097425384246, ""location_upper"": 1257.0779773304096, ""log_gap_step"": 0.025, ""grid_points"": 695, ""extrema_checks"": 1, ""weights"": {""J1"": 1.0, ""J2"": 1.0}, ""selection"": ""highest likelihood among finite stationary maxima"", ""no_boundary_or_nonzero_residual_substitution"": true}}",4,bfe418451ceaf8b3f6ffcffaf13b9955e03fbae1d4271d14b0d2f7b60b7bdbd3
2.0,1000.0,1000.0,15,36,paper_cw,MMLE-I,,,,,False,0.0002956000389531,failure,,,,,,,"{""solution_info"": {""status"": ""no_root_after_dense_search"", ""estimate"": null, ""reused_verified_profile"": true}}",4,bfe418451ceaf8b3f6ffcffaf13b9955e03fbae1d4271d14b0d2f7b60b7bdbd3
2.0,1000.0,1000.0,15,36,paper_wmle,WMLE,4.262279469350574,1674.2011792189512,495.9262954565309,0.0,True,0.12837990000844,success,2.262279469350574,674.2011792189512,-504.0737045434691,1.131139734675287,0.6742011792189512,-0.5040737045434691,"{""solution_info"": {""status"": ""ok"", ""estimate"": {""beta"": 4.262279469350574, ""eta"": 1674.2011792189512, ""gamma"": 495.9262954565309, ""log_gap"": -0.2729224904510671, ""log_likelihood"": -7.282360049666597, ""objective"": 7.888609052210118e-31, ""local_maximum"": true, ""in_shape_domain"": true, ""low_shape_author_excluded"": false}, ""candidates"": [{""beta"": 4.262279469350574, ""eta"": 1674.2011792189512, ""gamma"": 495.9262954565309, ""log_gap"": -0.2729224904510671, ""log_likelihood"": -7.282360049666597, ""objective"": 7.888609052210118e-31, ""local_maximum"": true, ""in_shape_domain"": true, ""low_shape_author_excluded"": false}], ""shape_bounds"": [0.1, 15], ""location_lower"": -2162.097425384246, ""location_upper"": 1257.0779773304096, ""log_gap_step"": 0.025, ""grid_points"": 738, ""extrema_checks"": 4, ""weights"": {""J1"": 0.978, ""J2"": 0.901}, ""selection"": ""root nearest original (beta=2,gamma=.9*xmin) heuristic"", ""no_boundary_or_nonzero_residual_substitution"": true}}",4,bfe418451ceaf8b3f6ffcffaf13b9955e03fbae1d4271d14b0d2f7b60b7bdbd3
2.0,1000.0,1000.0,15,37,paper_mle,MLE,1.836247755068728,849.027720386582,963.026128350484,0.0,True,0.0415298999869264,success,-0.1637522449312718,-150.97227961341798,-36.9738716495159,-0.0818761224656359,-0.1509722796134179,-0.0369738716495159,"{""solution_info"": {""status"": ""ok"", ""estimate"": {""beta"": 1.8362477550687282, ""eta"": 849.027720386582, ""gamma"": 963.0261283504841, ""log_gap"": -2.4365269278726944, ""log_likelihood"": -7.531608660743979, ""objective"": 3.0814879110195774e-31, ""local_maximum"": true, ""in_shape_domain"": true, ""low_shape_author_excluded"": false}, ""candidates"": [{""beta"": 1.0006024221899392, ""eta"": 667.8697696956493, ""gamma"": 1050.4633824739797, ""log_gap"": -10.525634067557109, ""log_likelihood"": -8.943037458326614, ""objective"": 1.2885434292922801e-29, ""local_maximum"": false, ""in_shape_domain"": false, ""low_shape_author_excluded"": true}, {""beta"": 1.8362477550687282, ""eta"": 849.027720386582, ""gamma"": 963.0261283504841, ""log_gap"": -2.4365269278726944, ""log_likelihood"": -7.531608660743979, ""objective"": 3.0814879110195774e-31, ""local_maximum"": true, ""in_shape_domain"": true, ""low_shape_author_excluded"": false}], ""shape_bounds"": [1.01, 15], ""location_lower"": -2650.6031972423757, ""location_upper"": 1050.4901220224892, ""log_gap_step"": 0.025, ""grid_points"": 699, ""extrema_checks"": 2, ""weights"": {""J1"": 1.0, ""J2"": 1.0}, ""selection"": ""highest likelihood among finite stationary maxima"", ""no_boundary_or_nonzero_residual_substitution"": true}}",4,b36053467d1dd6a6c674a983353ef6dc2d357305aaa937c4ddfdec26ee429d2c
2.0,1000.0,1000.0,15,37,paper_cw,MMLE-I,3.750858301061792,1591.6712559849127,283.9333140212845,0.0,True,0.0002928000176325,success,1.750858301061792,591.6712559849127,-716.0666859787154,0.875429150530896,0.5916712559849127,-0.7160666859787155,"{""solution_info"": {""status"": ""ok"", ""estimate"": {""log_gap"": -0.2658463394585639, ""beta"": 3.750858301061792, ""eta"": 1591.6712559849127, ""gamma"": 283.9333140212845, ""objective"": 5.566646281498646e-27, ""raw_gap"": 766.5569080012046}, ""reused_verified_profile"": true}}",4,b36053467d1dd6a6c674a983353ef6dc2d357305aaa937c4ddfdec26ee429d2c
2.0,1000.0,1000.0,15,37,paper_wmle,WMLE,1.818367015844116,885.5525358410226,932.1061776994386,0.0,True,0.1650200999574735,success,-0.1816329841558839,-114.44746415897735,-67.8938223005614,-0.0908164920779419,-0.1144474641589773,-0.0678938223005614,"{""solution_info"": {""status"": ""ok"", ""estimate"": {""beta"": 1.818367015844116, ""eta"": 885.5525358410226, ""gamma"": 932.1061776994386, ""log_gap"": -2.1338213263983272, ""log_likelihood"": -7.5998384143846645, ""objective"": 2.7462220263006473e-27, ""local_maximum"": true, ""in_shape_domain"": true, ""low_shape_author_excluded"": false}, ""candidates"": [{""beta"": 1.818367015844116, ""eta"": 885.5525358410226, ""gamma"": 932.1061776994386, ""log_gap"": -2.1338213263983272, ""log_likelihood"": -7.5998384143846645, ""objective"": 2.7462220263006473e-27, ""local_maximum"": true, ""in_shape_domain"": true, ""low_shape_author_excluded"": false}], ""shape_bounds"": [0.1, 15], ""location_lower"": -2650.6031972423757, ""location_upper"": 1050.4901220224892, ""log_gap_step"": 0.025, ""grid_points"": 742, ""extrema_checks"": 6, ""weights"": {""J1"": 0.978, ""J2"": 0.901}, ""selection"": ""root nearest original (beta=2,gamma=.9*xmin) heuristic"", ""no_boundary_or_nonzero_residual_substitution"": true}}",4,b36053467d1dd6a6c674a983353ef6dc2d357305aaa937c4ddfdec26ee429d2c
2.0,1000.0,1000.0,15,38,paper_mle,MLE,2.690614235731376,950.3424021520576,972.0827067648202,0.0,True,0.0255761000444181,success,0.6906142357313754,-49.657597847942384,-27.91729323517984,0.3453071178656877,-0.0496575978479423,-0.0279172932351798,"{""solution_info"": {""status"": ""ok"", ""estimate"": {""beta"": 2.6906142357313754, ""eta"": 950.3424021520576, ""gamma"": 972.0827067648202, ""log_gap"": -1.385030155446968, ""log_likelihood"": -5.1059765041624505, ""objective"": 4.930380657631324e-32, ""local_maximum"": true, ""in_shape_domain"": true, ""low_shape_author_excluded"": false}, ""candidates"": [{""beta"": 1.0004705971983752, ""eta"": 592.6749622349563, ""gamma"": 1222.380354307998, ""log_gap"": -10.89214812301824, ""log_likelihood"": -7.1518844578903815, ""objective"": 1.0181428651003122e-29, ""local_maximum"": false, ""in_shape_domain"": false, ""low_shape_author_excluded"": true}, {""beta"": 2.6906142357313754, ""eta"": 950.3424021520576, ""gamma"": 972.0827067648202, ""log_gap"": -1.385030155446968, ""log_likelihood"": -5.1059765041624505, ""objective"": 4.930380657631324e-32, ""local_maximum"": true, ""in_shape_domain"": true, ""low_shape_author_excluded"": false}], ""shape_bounds"": [1.01, 15], ""location_lower"": -1777.7164230791811, ""location_upper"": 1222.3988580442617, ""log_gap_step"": 0.025, ""grid_points"": 690, ""extrema_checks"": 2, ""weights"": {""J1"": 1.0, ""J2"": 1.0}, ""selection"": ""highest likelihood among finite stationary maxima"", ""no_boundary_or_nonzero_residual_substitution"": true}}",4,f46c4de1005a02ebcacda906c6624a84f6e5fe2bf78cba27f872e45a64d8df9f
2.0,1000.0,1000.0,15,38,paper_cw,MMLE-I,7.784116998899885,2502.430550302661,-537.4013205743094,0.0,True,0.0003162999637424,success,5.784116998899885,1502.4305503026608,-1537.4013205743097,2.8920584994499423,1.5024305503026607,-1.5374013205743096,"{""solution_info"": {""status"": ""ok"", ""estimate"": {""log_gap"": 0.5652003245533085, ""beta"": 7.784116998899885, ""eta"": 2502.430550302661, ""gamma"": -537.4013205743094, ""objective"": 1.9721522630525295e-31, ""raw_gap"": 1759.8002786185712}, ""reused_verified_profile"": true}}",4,f46c4de1005a02ebcacda906c6624a84f6e5fe2bf78cba27f872e45a64d8df9f
2.0,1000.0,1000.0,15,38,paper_wmle,WMLE,2.343465502247667,898.7520623718088,1017.7858431174074,0.0,True,0.3552179000107571,success,0.3434655022476671,-101.24793762819117,17.785843117407353,0.1717327511238335,-0.1012479376281911,0.0177858431174073,"{""solution_info"": {""status"": ""ok"", ""estimate"": {""beta"": 2.343465502247667, ""eta"": 898.7520623718088, ""gamma"": 1017.7858431174074, ""log_gap"": -1.5866343271921928, ""log_likelihood"": -5.167162725468723, ""objective"": 8.874685183736383e-31, ""local_maximum"": true, ""in_shape_domain"": true, ""low_shape_author_excluded"": false}, ""candidates"": [{""beta"": 2.343465502247667, ""eta"": 898.7520623718088, ""gamma"": 1017.7858431174074, ""log_gap"": -1.5866343271921928, ""log_likelihood"": -5.167162725468723, ""objective"": 8.874685183736383e-31, ""local_maximum"": true, ""in_shape_domain"": true, ""low_shape_author_excluded"": false}], ""shape_bounds"": [0.1, 15], ""location_lower"": -1777.7164230791811, ""location_upper"": 1222.3988580442617, ""log_gap_step"": 0.025, ""grid_points"": 733, ""extrema_checks"": 20, ""weights"": {""J1"": 0.978, ""J2"": 0.901}, ""selection"": ""root nearest original (beta=2,gamma=.9*xmin) heuristic"", ""no_boundary_or_nonzero_residual_substitution"": true}}",4,f46c4de1005a02ebcacda906c6624a84f6e5fe2bf78cba27f872e45a64d8df9f
2.0,1000.0,1000.0,15,39,paper_mle,MLE,1.145330298072919,947.926397019452,1147.3791858868017,0.0,True,0.0500740999705158,success,-0.854669701927081,-52.07360298054812,147.37918588680168,-0.4273348509635405,-0.0520736029805481,0.1473791858868016,"{""solution_info"": {""status"": ""ok"", ""estimate"": {""beta"": 1.145330298072919, ""eta"": 947.9263970194519, ""gamma"": 1147.3791858868017, ""log_gap"": -4.524655519530755, ""log_likelihood"": -13.324969792268574, ""objective"": 1.815169713285526e-29, ""local_maximum"": true, ""in_shape_domain"": true, ""low_shape_author_excluded"": false}, ""candidates"": [{""beta"": 1.01851534731499, ""eta"": 902.1966775830599, ""gamma"": 1157.0792566368439, ""log_gap"": -6.778151999064224, ""log_likelihood"": -13.36161652536871, ""objective"": 7.099748146989106e-30, ""local_maximum"": false, ""in_shape_domain"": true, ""low_shape_author_excluded"": false}, {""beta"": 1.145330298072919, ""eta"": 947.9263970194519, ""gamma"": 1147.3791858868017, ""log_gap"": -4.524655519530755, ""log_likelihood"": -13.324969792268574, ""objective"": 1.815169713285526e-29, ""local_maximum"": true, ""in_shape_domain"": true, ""low_shape_author_excluded"": false}], ""shape_bounds"": [1.01, 15], ""location_lower"": -5589.121353681415, ""location_upper"": 1158.2175333136852, ""log_gap_step"": 0.025, ""grid_points"": 723, ""extrema_checks"": 2, ""weights"": {""J1"": 1.0, ""J2"": 1.0}, ""selection"": ""highest likelihood among finite stationary maxima"", ""no_boundary_or_nonzero_residual_substitution"": true}}",4,1d47137d207aff55836f5a23613aa06ed3aaf95b24e35e44b9f48300abc934fe
2.0,1000.0,1000.0,15,39,paper_cw,MMLE-I,1.6566062579966654,1286.2984336404083,912.239537890394,0.0,True,0.0003093000268563,success,-0.3433937420033346,286.29843364040835,-87.76046210960601,-0.1716968710016673,0.2862984336404083,-0.087760462109606,"{""solution_info"": {""status"": ""ok"", ""estimate"": {""log_gap"": -1.4025127900090877, ""beta"": 1.6566062579966654, ""eta"": 1286.2984336404083, ""gamma"": 912.239537890394, ""objective"": 3.3526588471893e-30, ""raw_gap"": 245.97809542329136}, ""reused_verified_profile"": true}}",4,1d47137d207aff55836f5a23613aa06ed3aaf95b24e35e44b9f48300abc934fe
2.0,1000.0,1000.0,15,39,paper_wmle,WMLE,1.221686386038216,1029.2091058203157,1102.590385140579,0.0,True,0.1477234999765642,success,-0.7783136139617839,29.2091058203157,102.59038514057896,-0.3891568069808919,0.0292091058203157,0.1025903851405789,"{""solution_info"": {""status"": ""ok"", ""estimate"": {""beta"": 1.221686386038216, ""eta"": 1029.2091058203157, ""gamma"": 1102.590385140579, ""log_gap"": -2.8890821227172894, ""log_likelihood"": -13.548950610108143, ""objective"": 6.074800894358076e-26, ""local_maximum"": true, ""in_shape_domain"": true, ""low_shape_author_excluded"": false}, ""candidates"": [{""beta"": 1.221686386038216, ""eta"": 1029.2091058203157, ""gamma"": 1102.590385140579, ""log_gap"": -2.8890821227172894, ""log_likelihood"": -13.548950610108143, ""objective"": 6.074800894358076e-26, ""local_maximum"": true, ""in_shape_domain"": true, ""low_shape_author_excluded"": false}], ""shape_bounds"": [0.1, 15], ""location_lower"": -5589.121353681415, ""location_upper"": 1158.2175333136852, ""log_gap_step"": 0.025, ""grid_points"": 767, ""extrema_checks"": 4, ""weights"": {""J1"": 0.978, ""J2"": 0.901}, ""selection"": ""root nearest original (beta=2,gamma=.9*xmin) heuristic"", ""no_boundary_or_nonzero_residual_substitution"": true}}",4,1d47137d207aff55836f5a23613aa06ed3aaf95b24e35e44b9f48300abc934fe
2.0,1000.0,1000.0,15,40,paper_mle,MLE,2.081228775108779,761.4532568897423,1280.4371447940823,0.0,True,0.0252913000294938,success,0.0812287751087788,-238.5467431102577,280.4371447940823,0.0406143875543894,-0.2385467431102577,0.2804371447940823,"{""solution_info"": {""status"": ""ok"", ""estimate"": {""beta"": 2.081228775108779, ""eta"": 761.4532568897423, ""gamma"": 1280.4371447940823, ""log_gap"": -1.78933836181464, ""log_likelihood"": -4.764814776154074, ""objective"": 4.556768737347666e-27, ""local_maximum"": true, ""in_shape_domain"": true, ""low_shape_author_excluded"": false}, ""candidates"": [{""beta"": 1.123161931071581, ""eta"": 530.917472476492, ""gamma"": 1440.8539026195458, ""log_gap"": -5.0125497828622745, ""log_likelihood"": -4.898253847294409, ""objective"": 8.321943289697246e-31, ""local_maximum"": false, ""in_shape_domain"": true, ""low_shape_author_excluded"": false}, {""beta"": 2.081228775108779, ""eta"": 761.4532568897423, ""gamma"": 1280.4371447940823, ""log_gap"": -1.78933836181464, ""log_likelihood"": -4.764814776154074, ""objective"": 4.556768737347666e-27, ""local_maximum"": true, ""in_shape_domain"": true, ""low_shape_author_excluded"": false}], ""shape_bounds"": [1.01, 15], ""location_lower"": -1577.847587162778, ""location_upper"": 1447.5077182375367, ""log_gap_step"": 0.025, ""grid_points"": 691, ""extrema_checks"": 2, ""weights"": {""J1"": 1.0, ""J2"": 1.0}, ""selection"": ""highest likelihood among finite stationary maxima"", ""no_boundary_or_nonzero_residual_substitution"": true}}",4,070159e48a096fe8787fc29f69464916d8cfbdba6d707efa519a74088cd9056e
2.0,1000.0,1000.0,15,40,paper_cw,MMLE-I,3.3357795183432097,1117.265258382071,956.1885102569436,0.0,True,0.0002983000013045,success,1.3357795183432095,117.2652583820709,-43.81148974305631,0.6678897591716049,0.1172652583820709,-0.0438114897430563,"{""solution_info"": {""status"": ""ok"", ""estimate"": {""log_gap"": -0.7106610408024393, ""beta"": 3.3357795183432097, ""eta"": 1117.265258382071, ""gamma"": 956.1885102569437, ""objective"": 1.201755633394347e-26, ""raw_gap"": 491.31930798059295}, ""reused_verified_profile"": true}}",4,070159e48a096fe8787fc29f69464916d8cfbdba6d707efa519a74088cd9056e
2.0,1000.0,1000.0,15,40,paper_wmle,WMLE,2.062555073758811,797.1401951098151,1248.6587629890064,0.0,True,0.3372694000136107,success,0.0625550737588112,-202.85980489018493,248.6587629890064,0.0312775368794056,-0.2028598048901849,0.2486587629890063,"{""solution_info"": {""status"": ""ok"", ""estimate"": {""beta"": 2.062555073758811, ""eta"": 797.1401951098151, ""gamma"": 1248.6587629890064, ""log_gap"": -1.6152092584157596, ""log_likelihood"": -4.8247981843051555, ""objective"": 9.860761315262648e-32, ""local_maximum"": true, ""in_shape_domain"": true, ""low_shape_author_excluded"": false}, ""candidates"": [{""beta"": 2.062555073758811, ""eta"": 797.1401951098151, ""gamma"": 1248.6587629890064, ""log_gap"": -1.6152092584157596, ""log_likelihood"": -4.8247981843051555, ""objective"": 9.860761315262648e-32, ""local_maximum"": true, ""in_shape_domain"": true, ""low_shape_author_excluded"": false}], ""shape_bounds"": [0.1, 15], ""location_lower"": -1577.847587162778, ""location_upper"": 1447.5077182375367, ""log_gap_step"": 0.025, ""grid_points"": 736, ""extrema_checks"": 24, ""weights"": {""J1"": 0.978, ""J2"": 0.901}, ""selection"": ""root nearest original (beta=2,gamma=.9*xmin) heuristic"", ""no_boundary_or_nonzero_residual_substitution"": true}}",4,070159e48a096fe8787fc29f69464916d8cfbdba6d707efa519a74088cd9056e
2.0,1000.0,1000.0,15,41,paper_mle,MLE,1.460059830691,750.1042955256414,1117.078019784286,0.0,True,0.0485115000046789,success,-0.539940169309,-249.89570447435855,117.07801978428596,-0.2699700846545,-0.2498957044743585,0.1170780197842859,"{""solution_info"": {""status"": ""ok"", ""estimate"": {""beta"": 1.460059830691, ""eta"": 750.1042955256414, ""gamma"": 1117.078019784286, ""log_gap"": -3.3089071640091436, ""log_likelihood"": -7.886283802005264, ""objective"": 3.0814879110195774e-31, ""local_maximum"": true, ""in_shape_domain"": true, ""low_shape_author_excluded"": false}, ""candidates"": [{""beta"": 1.0025576039229582, ""eta"": 646.3513125821449, ""gamma"": 1153.5235860254863, ""log_gap"": -9.11017368709144, ""log_likelihood"": -8.443535949359207, ""objective"": 4.2011850620874285e-28, ""local_maximum"": false, ""in_shape_domain"": false, ""low_shape_author_excluded"": true}, {""beta"": 1.460059830691, ""eta"": 750.1042955256414, ""gamma"": 1117.078019784286, ""log_gap"": -3.3089071640091436, ""log_likelihood"": -7.886283802005264, ""objective"": 3.0814879110195774e-31, ""local_maximum"": true, ""in_shape_domain"": true, ""low_shape_author_excluded"": false}], ""shape_bounds"": [1.01, 15], ""location_lower"": -2896.98920767945, ""location_upper"": 1153.634021540358, ""log_gap_step"": 0.025, ""grid_points"": 702, ""extrema_checks"": 2, ""weights"": {""J1"": 1.0, ""J2"": 1.0}, ""selection"": ""highest likelihood among finite stationary maxima"", ""no_boundary_or_nonzero_residual_substitution"": true}}",4,7d2679e2b95ca6744263ba84a9f86eb294a7b02e1e44a199cac5e8939ced9114
2.0,1000.0,1000.0,15,41,paper_cw,MMLE-I,2.394829798293337,1143.3656589215084,789.5466122919228,0.0,True,0.0002907000016421,success,0.3948297982933368,143.36565892150838,-210.45338770807723,0.1974148991466684,0.1433656589215083,-0.2104533877080772,"{""solution_info"": {""status"": ""ok"", ""estimate"": {""log_gap"": -1.0103610302160813, ""beta"": 2.394829798293337, ""eta"": 1143.3656589215084, ""gamma"": 789.5466122919228, ""objective"": 7.223007663429889e-29, ""raw_gap"": 364.0875092484353}, ""reused_verified_profile"": true}}",4,7d2679e2b95ca6744263ba84a9f86eb294a7b02e1e44a199cac5e8939ced9114
2.0,1000.0,1000.0,15,41,paper_wmle,WMLE,1.5156381065488334,806.6162469277265,1075.507085931006,0.0,True,0.1728427999769337,success,-0.4843618934511666,-193.38375307227352,75.50708593100603,-0.2421809467255833,-0.1933837530722735,0.075507085931006,"{""solution_info"": {""status"": ""ok"", ""estimate"": {""beta"": 1.5156381065488334, ""eta"": 806.6162469277265, ""gamma"": 1075.507085931006, ""log_gap"": -2.5494191154653123, ""log_likelihood"": -8.008963998928014, ""objective"": 9.860761315262648e-31, ""local_maximum"": true, ""in_shape_domain"": true, ""low_shape_author_excluded"": false}, ""candidates"": [{""beta"": 1.5156381065488334, ""eta"": 806.6162469277265, ""gamma"": 1075.507085931006, ""log_gap"": -2.5494191154653123, ""log_likelihood"": -8.008963998928014, ""objective"": 9.860761315262648e-31, ""local_maximum"": true, ""in_shape_domain"": true, ""low_shape_author_excluded"": false}], ""shape_bounds"": [0.1, 15], ""location_lower"": -2896.98920767945, ""location_upper"": 1153.634021540358, ""log_gap_step"": 0.025, ""grid_points"": 746, ""extrema_checks"": 4, ""weights"": {""J1"": 0.978, ""J2"": 0.901}, ""selection"": ""root nearest original (beta=2,gamma=.9*xmin) heuristic"", ""no_boundary_or_nonzero_residual_substitution"": true}}",4,7d2679e2b95ca6744263ba84a9f86eb294a7b02e1e44a199cac5e8939ced9114
2.0,1000.0,1000.0,15,42,paper_mle,MLE,2.4022302249937253,955.052974682818,963.4015455182188,0.0,True,0.0383712000329978,success,0.4022302249937253,-44.94702531718213,-36.59845448178112,0.2011151124968626,-0.0449470253171821,-0.0365984544817811,"{""solution_info"": {""status"": ""ok"", ""estimate"": {""beta"": 2.4022302249937253, ""eta"": 955.0529746828179, ""gamma"": 963.4015455182189, ""log_gap"": -1.4319026216144148, ""log_likelihood"": -6.510660852482015, ""objective"": 7.703719777548943e-32, ""local_maximum"": true, ""in_shape_domain"": true, ""low_shape_author_excluded"": false}, ""candidates"": [{""beta"": 1.0034488157234656, ""eta"": 607.4730100529688, ""gamma"": 1202.1150901538526, ""log_gap"": -8.87033046454774, ""log_likelihood"": -7.510411031014157, ""objective"": 3.158525108795067e-30, ""local_maximum"": false, ""in_shape_domain"": false, ""low_shape_author_excluded"": true}, {""beta"": 2.4022302249937253, ""eta"": 955.0529746828179, ""gamma"": 963.4015455182189, ""log_gap"": -1.4319026216144148, ""log_likelihood"": -6.510660852482015, ""objective"": 7.703719777548943e-32, ""local_maximum"": true, ""in_shape_domain"": true, ""low_shape_author_excluded"": false}], ""shape_bounds"": [1.01, 15], ""location_lower"": -2140.1828290767135, ""location_upper"": 1202.2554863048576, ""log_gap_step"": 0.025, ""grid_points"": 694, ""extrema_checks"": 2, ""weights"": {""J1"": 1.0, ""J2"": 1.0}, ""selection"": ""highest likelihood among finite stationary maxima"", ""no_boundary_or_nonzero_residual_substitution"": true}}",4,79830be7bda081849f5b3ea2fc83f64cab158b66c0e1f613a12733ccab7a19bb
2.0,1000.0,1000.0,15,42,paper_cw,MMLE-I,4.410221250161877,1627.9971758735344,327.70511984065934,0.0,True,0.0043291999609209,success,2.410221250161877,627.9971758735344,-672.2948801593407,1.2051106250809385,0.6279971758735344,-0.6722948801593407,"{""solution_info"": {""status"": ""ok"", ""estimate"": {""log_gap"": -0.13404527725295842, ""beta"": 4.410221250161877, ""eta"": 1627.9971758735344, ""gamma"": 327.70511984065934, ""objective"": 5.335781207205059e-28, ""raw_gap"": 874.5504664641983}, ""reused_verified_profile"": true}}",4,79830be7bda081849f5b3ea2fc83f64cab158b66c0e1f613a12733ccab7a19bb
2.0,1000.0,1000.0,15,42,paper_wmle,WMLE,2.2046410730568216,941.9823093297452,973.9188262546592,0.0,True,0.3800031999708153,success,0.2046410730568215,-58.01769067025487,-26.081173745340838,0.1023205365284107,-0.0580176906702548,-0.0260811737453408,"{""solution_info"": {""status"": ""ok"", ""estimate"": {""beta"": 2.2046410730568216, ""eta"": 941.9823093297451, ""gamma"": 973.9188262546592, ""log_gap"": -1.4769337219815157, ""log_likelihood"": -6.567413345984017, ""objective"": 3.944304526105059e-31, ""local_maximum"": true, ""in_shape_domain"": true, ""low_shape_author_excluded"": false}, ""candidates"": [{""beta"": 2.2046410730568216, ""eta"": 941.9823093297451, ""gamma"": 973.9188262546592, ""log_gap"": -1.4769337219815157, ""log_likelihood"": -6.567413345984017, ""objective"": 3.944304526105059e-31, ""local_maximum"": true, ""in_shape_domain"": true, ""low_shape_author_excluded"": false}], ""shape_bounds"": [0.1, 15], ""location_lower"": -2140.1828290767135, ""location_upper"": 1202.2554863048576, ""log_gap_step"": 0.025, ""grid_points"": 738, ""extrema_checks"": 20, ""weights"": {""J1"": 0.978, ""J2"": 0.901}, ""selection"": ""root nearest original (beta=2,gamma=.9*xmin) heuristic"", ""no_boundary_or_nonzero_residual_substitution"": true}}",4,79830be7bda081849f5b3ea2fc83f64cab158b66c0e1f613a12733ccab7a19bb
2.0,1000.0,1000.0,15,43,paper_mle,MLE,,,,,False,0.0311233999673277,failure,,,,,,,"{""solution_info"": {""status"": ""no_stationary_root_in_paper_location_domain"", ""estimate"": null, ""candidates"": [], ""shape_bounds"": [1.01, 15], ""location_lower"": -2637.1461891527492, ""location_upper"": 1316.834556553372, ""log_gap_step"": 0.025, ""grid_points"": 701, ""extrema_checks"": 2, ""weights"": {""J1"": 1.0, ""J2"": 1.0}, ""selection"": ""highest likelihood among finite stationary maxima"", ""no_boundary_or_nonzero_residual_substitution"": true}}",4,5ef0d082c19ce0c899a5f6fd2db0d3d83f820df4dcb9879c625e79ffb11d32e7
2.0,1000.0,1000.0,15,43,paper_cw,MMLE-I,1.2198553444276063,572.941832650386,1256.2396749119976,0.0,True,0.0003022000310011,success,-0.7801446555723937,-427.058167349614,256.23967491199755,-0.3900723277861968,-0.427058167349614,0.2562396749119975,"{""solution_info"": {""status"": ""ok"", ""estimate"": {""log_gap"": -2.8035432005343432, ""beta"": 1.2198553444276063, ""eta"": 572.941832650386, ""gamma"": 1256.2396749119976, ""objective"": 4.437342591868191e-31, ""raw_gap"": 60.59498164137463}, ""reused_verified_profile"": true}}",4,5ef0d082c19ce0c899a5f6fd2db0d3d83f820df4dcb9879c625e79ffb11d32e7
2.0,1000.0,1000.0,15,43,paper_wmle,WMLE,0.9646219020617048,501.2322605748242,1295.9260510143235,0.0,True,0.1508212000480853,success,-1.0353780979382952,-498.7677394251758,295.92605101432355,-0.5176890489691476,-0.4987677394251758,0.2959260510143235,"{""solution_info"": {""status"": ""ok"", ""estimate"": {""beta"": 0.9646219020617048, ""eta"": 501.2322605748242, ""gamma"": 1295.9260510143235, ""log_gap"": -3.867594456476598, ""log_likelihood"": -4.543339183192069, ""objective"": 7.580953299173923e-26, ""local_maximum"": true, ""in_shape_domain"": true, ""low_shape_author_excluded"": true}, ""candidates"": [{""beta"": 0.9646219020617048, ""eta"": 501.2322605748242, ""gamma"": 1295.9260510143235, ""log_gap"": -3.867594456476598, ""log_likelihood"": -4.543339183192069, ""objective"": 7.580953299173923e-26, ""local_maximum"": true, ""in_shape_domain"": true, ""low_shape_author_excluded"": true}], ""shape_bounds"": [0.1, 15], ""location_lower"": -2637.1461891527492, ""location_upper"": 1316.834556553372, ""log_gap_step"": 0.025, ""grid_points"": 746, ""extrema_checks"": 4, ""weights"": {""J1"": 0.978, ""J2"": 0.901}, ""selection"": ""root nearest original (beta=2,gamma=.9*xmin) heuristic"", ""no_boundary_or_nonzero_residual_substitution"": true}}",4,5ef0d082c19ce0c899a5f6fd2db0d3d83f820df4dcb9879c625e79ffb11d32e7
2.0,1000.0,1000.0,15,44,paper_mle,MLE,1.832775380117656,635.2794988939281,1129.4971955411925,0.0,True,0.0207943000132218,success,-0.1672246198823443,-364.7205011060719,129.49719554119247,-0.0836123099411721,-0.3647205011060719,0.1294971955411924,"{""solution_info"": {""status"": ""ok"", ""estimate"": {""beta"": 1.8327753801176556, ""eta"": 635.2794988939281, ""gamma"": 1129.4971955411925, ""log_gap"": -2.324154822917776, ""log_likelihood"": -3.3519623513686607, ""objective"": 8.047182420111186e-27, ""local_maximum"": true, ""in_shape_domain"": true, ""low_shape_author_excluded"": false}, ""candidates"": [{""beta"": 1.0575375561291929, ""eta"": 478.28775696483007, ""gamma"": 1224.2365091346337, ""log_gap"": -5.767742053580073, ""log_likelihood"": -3.6786867024469743, ""objective"": 8.266091321310016e-31, ""local_maximum"": false, ""in_shape_domain"": true, ""low_shape_author_excluded"": false}, {""beta"": 1.8327753801176556, ""eta"": 635.2794988939281, ""gamma"": 1129.4971955411925, ""log_gap"": -2.324154822917776, ""log_likelihood"": -3.3519623513686607, ""objective"": 8.047182420111186e-27, ""local_maximum"": true, ""in_shape_domain"": true, ""low_shape_author_excluded"": false}], ""shape_bounds"": [1.01, 15], ""location_lower"": -1550.393384320503, ""location_upper"": 1227.363218852862, ""log_gap_step"": 0.025, ""grid_points"": 687, ""extrema_checks"": 2, ""weights"": {""J1"": 1.0, ""J2"": 1.0}, ""selection"": ""highest likelihood among finite stationary maxima"", ""no_boundary_or_nonzero_residual_substitution"": true}}",4,661ed4c4c345b7ea6d362f05ff17f09bb2c5cbcb8485a04c412219438bfb1d6b
2.0,1000.0,1000.0,15,44,paper_cw,MMLE-I,3.2942193403372144,1021.3410824796184,782.8579494621152,0.0,True,0.000302999978885,success,1.2942193403372144,21.341082479618308,-217.1420505378848,0.6471096701686072,0.0213410824796183,-0.2171420505378847,"{""solution_info"": {""status"": ""ok"", ""estimate"": {""log_gap"": -0.8107931444819079, ""beta"": 3.2942193403372144, ""eta"": 1021.3410824796183, ""gamma"": 782.8579494621152, ""objective"": 3.7594152514438844e-30, ""raw_gap"": 444.5053693907468}, ""reused_verified_profile"": true}}",4,661ed4c4c345b7ea6d362f05ff17f09bb2c5cbcb8485a04c412219438bfb1d6b
2.0,1000.0,1000.0,15,44,paper_wmle,WMLE,1.912261359840764,689.2492015228589,1083.9893126722734,0.0,True,0.2892571999691427,success,-0.0877386401592361,-310.7507984771411,83.9893126722734,-0.043869320079618,-0.3107507984771411,0.0839893126722734,"{""solution_info"": {""status"": ""ok"", ""estimate"": {""beta"": 1.9122613598407638, ""eta"": 689.2492015228589, ""gamma"": 1083.9893126722734, ""log_gap"": -1.9422986351654237, ""log_likelihood"": -3.4240740533791474, ""objective"": 1.9721522630525295e-31, ""local_maximum"": true, ""in_shape_domain"": true, ""low_shape_author_excluded"": false}, ""candidates"": [{""beta"": 1.9122613598407638, ""eta"": 689.2492015228589, ""gamma"": 1083.9893126722734, ""log_gap"": -1.9422986351654237, ""log_likelihood"": -3.4240740533791474, ""objective"": 1.9721522630525295e-31, ""local_maximum"": true, ""in_shape_domain"": true, ""low_shape_author_excluded"": false}], ""shape_bounds"": [0.1, 15], ""location_lower"": -1550.393384320503, ""location_upper"": 1227.363218852862, ""log_gap_step"": 0.025, ""grid_points"": 732, ""extrema_checks"": 22, ""weights"": {""J1"": 0.978, ""J2"": 0.901}, ""selection"": ""root nearest original (beta=2,gamma=.9*xmin) heuristic"", ""no_boundary_or_nonzero_residual_substitution"": true}}",4,661ed4c4c345b7ea6d362f05ff17f09bb2c5cbcb8485a04c412219438bfb1d6b
2.0,1000.0,1000.0,15,45,paper_mle,MLE,1.841978174618502,822.430387844409,980.4091516867664,0.0,True,0.042159900011029,success,-0.158021825381498,-177.56961215559102,-19.590848313233664,-0.079010912690749,-0.177569612155591,-0.0195908483132336,"{""solution_info"": {""status"": ""ok"", ""estimate"": {""beta"": 1.841978174618502, ""eta"": 822.430387844409, ""gamma"": 980.4091516867663, ""log_gap"": -2.3143985172237342, ""log_likelihood"": -7.070095498927109, ""objective"": 4.468157470978387e-31, ""local_maximum"": true, ""in_shape_domain"": true, ""low_shape_author_excluded"": false}, ""candidates"": [{""beta"": 1.0014122742616567, ""eta"": 633.884347414189, ""gamma"": 1079.1749669020112, ""log_gap"": -9.7246250561569, ""log_likelihood"": -8.156624782467638, ""objective"": 3.1554436208840472e-30, ""local_maximum"": false, ""in_shape_domain"": false, ""low_shape_author_excluded"": true}, {""beta"": 1.841978174618502, ""eta"": 822.430387844409, ""gamma"": 980.4091516867663, ""log_gap"": -2.3143985172237342, ""log_likelihood"": -7.070095498927109, ""objective"": 4.468157470978387e-31, ""local_maximum"": true, ""in_shape_domain"": true, ""low_shape_author_excluded"": false}], ""shape_bounds"": [1.01, 15], ""location_lower"": -2484.1283015986082, ""location_upper"": 1079.2346597169258, ""log_gap_step"": 0.025, ""grid_points"": 697, ""extrema_checks"": 2, ""weights"": {""J1"": 1.0, ""J2"": 1.0}, ""selection"": ""highest likelihood among finite stationary maxima"", ""no_boundary_or_nonzero_residual_substitution"": true}}",4,2d989794fad45806623982e94f84e0906ab9bb98c722e11ce02a19cb69316619
2.0,1000.0,1000.0,15,45,paper_cw,MMLE-I,3.3747006083773283,1399.003915729417,458.1635106542996,0.0,True,0.0021297999774105,success,1.3747006083773283,399.003915729417,-541.8364893457003,0.6873503041886642,0.399003915729417,-0.5418364893457003,"{""solution_info"": {""status"": ""ok"", ""estimate"": {""log_gap"": -0.47630947083990305, ""beta"": 3.3747006083773283, ""eta"": 1399.003915729417, ""gamma"": 458.1635106542996, ""objective"": 9.545216953174243e-29, ""raw_gap"": 621.0712490626262}, ""reused_verified_profile"": true}}",4,2d989794fad45806623982e94f84e0906ab9bb98c722e11ce02a19cb69316619
2.0,1000.0,1000.0,15,45,paper_wmle,WMLE,1.8563860264814105,869.6499776584079,940.5672971369167,0.0,True,0.2295072000124491,success,-0.1436139735185897,-130.35002234159208,-59.43270286308325,-0.0718069867592948,-0.130350022341592,-0.0594327028630832,"{""solution_info"": {""status"": ""ok"", ""estimate"": {""beta"": 1.8563860264814103, ""eta"": 869.6499776584079, ""gamma"": 940.5672971369167, ""log_gap"": -1.975676567645775, ""log_likelihood"": -7.140176562564569, ""objective"": 1.3869160789916914e-28, ""local_maximum"": true, ""in_shape_domain"": true, ""low_shape_author_excluded"": false}, ""candidates"": [{""beta"": 1.8563860264814103, ""eta"": 869.6499776584079, ""gamma"": 940.5672971369167, ""log_gap"": -1.975676567645775, ""log_likelihood"": -7.140176562564569, ""objective"": 1.3869160789916914e-28, ""local_maximum"": true, ""in_shape_domain"": true, ""low_shape_author_excluded"": false}], ""shape_bounds"": [0.1, 15], ""location_lower"": -2484.1283015986082, ""location_upper"": 1079.2346597169258, ""log_gap_step"": 0.025, ""grid_points"": 741, ""extrema_checks"": 12, ""weights"": {""J1"": 0.978, ""J2"": 0.901}, ""selection"": ""root nearest original (beta=2,gamma=.9*xmin) heuristic"", ""no_boundary_or_nonzero_residual_substitution"": true}}",4,2d989794fad45806623982e94f84e0906ab9bb98c722e11ce02a19cb69316619
2.0,1000.0,1000.0,15,46,paper_mle,MLE,,,,,False,0.0348189999931491,failure,,,,,,,"{""solution_info"": {""status"": ""no_stationary_root_in_paper_location_domain"", ""estimate"": null, ""candidates"": [], ""shape_bounds"": [1.01, 15], ""location_lower"": -4889.167593339252, ""location_upper"": 1137.267358599903, ""log_gap_step"": 0.025, ""grid_points"": 718, ""extrema_checks"": 2, ""weights"": {""J1"": 1.0, ""J2"": 1.0}, ""selection"": ""highest likelihood among finite stationary maxima"", ""no_boundary_or_nonzero_residual_substitution"": true}}",4,822d40beea9c585c444bf52d0de588fee66ec936616777ea09f7a6b863fc30ab
2.0,1000.0,1000.0,15,46,paper_cw,MMLE-I,1.675265025152191,1187.4647286047316,905.9665639457254,0.0,True,0.0030037999968044,success,-0.324734974847809,187.4647286047316,-94.0334360542746,-0.1623674874239045,0.1874647286047316,-0.0940334360542746,"{""solution_info"": {""status"": ""ok"", ""estimate"": {""log_gap"": -1.4640358418137132, ""beta"": 1.675265025152191, ""eta"": 1187.4647286047316, ""gamma"": 905.9665639457254, ""objective"": 7.099748146989106e-30, ""raw_gap"": 231.30089465417754}, ""reused_verified_profile"": true}}",4,822d40beea9c585c444bf52d0de588fee66ec936616777ea09f7a6b863fc30ab
2.0,1000.0,1000.0,15,46,paper_wmle,WMLE,1.2076203192999655,952.0602376176812,1077.855737709694,0.0,True,0.179026799974963,success,-0.7923796807000345,-47.93976238231892,77.85573770969404,-0.3961898403500172,-0.0479397623823189,0.077855737709694,"{""solution_info"": {""status"": ""ok"", ""estimate"": {""beta"": 1.2076203192999655, ""eta"": 952.0602376176811, ""gamma"": 1077.855737709694, ""log_gap"": -2.8232637506948537, ""log_likelihood"": -12.524053397799133, ""objective"": 1.7828256457994867e-28, ""local_maximum"": true, ""in_shape_domain"": true, ""low_shape_author_excluded"": false}, ""candidates"": [{""beta"": 1.2076203192999655, ""eta"": 952.0602376176811, ""gamma"": 1077.855737709694, ""log_gap"": -2.8232637506948537, ""log_likelihood"": -12.524053397799133, ""objective"": 1.7828256457994867e-28, ""local_maximum"": true, ""in_shape_domain"": true, ""low_shape_author_excluded"": false}], ""shape_bounds"": [0.1, 15], ""location_lower"": -4889.167593339252, ""location_upper"": 1137.267358599903, ""log_gap_step"": 0.025, ""grid_points"": 762, ""extrema_checks"": 4, ""weights"": {""J1"": 0.978, ""J2"": 0.901}, ""selection"": ""root nearest original (beta=2,gamma=.9*xmin) heuristic"", ""no_boundary_or_nonzero_residual_substitution"": true}}",4,822d40beea9c585c444bf52d0de588fee66ec936616777ea09f7a6b863fc30ab
2.0,1000.0,1000.0,15,47,paper_mle,MLE,2.8393870945412685,1152.499810695253,783.3657910699563,0.0,True,0.0219153999933041,success,0.8393870945412685,152.49981069525302,-216.63420893004368,0.4196935472706342,0.152499810695253,-0.2166342089300436,"{""solution_info"": {""status"": ""ok"", ""estimate"": {""beta"": 2.8393870945412685, ""eta"": 1152.499810695253, ""gamma"": 783.3657910699563, ""log_gap"": -1.149657078706478, ""log_likelihood"": -7.330458644180499, ""objective"": 5.238529448733282e-32, ""local_maximum"": true, ""in_shape_domain"": true, ""low_shape_author_excluded"": false}, ""candidates"": [{""beta"": 1.0002845691843967, ""eta"": 707.5693306997244, ""gamma"": 1100.0977330893554, ""log_gap"": -11.2182079667333, ""log_likelihood"": -9.810367231304594, ""objective"": 3.7443352199793323e-29, ""local_maximum"": false, ""in_shape_domain"": false, ""low_shape_author_excluded"": true}, {""beta"": 2.8393870945412685, ""eta"": 1152.499810695253, ""gamma"": 783.3657910699563, ""log_gap"": -1.149657078706478, ""log_likelihood"": -7.330458644180499, ""objective"": 5.238529448733282e-32, ""local_maximum"": true, ""in_shape_domain"": true, ""low_shape_author_excluded"": false}], ""shape_bounds"": [1.01, 15], ""location_lower"": -2350.9607039345724, ""location_upper"": 1100.1110605591225, ""log_gap_step"": 0.025, ""grid_points"": 696, ""extrema_checks"": 2, ""weights"": {""J1"": 1.0, ""J2"": 1.0}, ""selection"": ""highest likelihood among finite stationary maxima"", ""no_boundary_or_nonzero_residual_substitution"": true}}",4,c9850a799aa2ad53884938d6c826952c0f26c02faaae228875cca51a552d79fb
2.0,1000.0,1000.0,15,47,paper_cw,MMLE-I,9.599548932779127,3568.0766120950248,-1581.8418148373628,0.0,True,0.0003055999986827,success,7.599548932779129,2568.0766120950248,-2581.841814837363,3.799774466389565,2.568076612095025,-2.581841814837363,"{""solution_info"": {""status"": ""ok"", ""estimate"": {""log_gap"": 0.9865452512965598, ""beta"": 9.599548932779129, ""eta"": 3568.0766120950248, ""gamma"": -1581.8418148373628, ""objective"": 8.38164711797325e-31, ""raw_gap"": 2681.9529753964853}, ""reused_verified_profile"": true}}",4,c9850a799aa2ad53884938d6c826952c0f26c02faaae228875cca51a552d79fb
2.0,1000.0,1000.0,15,47,paper_wmle,WMLE,2.4439450548759525,1077.8974860076614,850.4494739358282,0.0,True,0.2798117999918759,success,0.4439450548759525,77.89748600766143,-149.55052606417178,0.2219725274379762,0.0778974860076614,-0.1495505260641717,"{""solution_info"": {""status"": ""ok"", ""estimate"": {""beta"": 2.4439450548759525, ""eta"": 1077.8974860076614, ""gamma"": 850.4494739358282, ""log_gap"": -1.3876485311011486, ""log_likelihood"": -7.393729614380223, ""objective"": 1.2818989709841442e-30, ""local_maximum"": true, ""in_shape_domain"": true, ""low_shape_author_excluded"": false}, ""candidates"": [{""beta"": 2.4439450548759525, ""eta"": 1077.8974860076614, ""gamma"": 850.4494739358282, ""log_gap"": -1.3876485311011486, ""log_likelihood"": -7.393729614380223, ""objective"": 1.2818989709841442e-30, ""local_maximum"": true, ""in_shape_domain"": true, ""low_shape_author_excluded"": false}], ""shape_bounds"": [0.1, 15], ""location_lower"": -2350.9607039345724, ""location_upper"": 1100.1110605591225, ""log_gap_step"": 0.025, ""grid_points"": 739, ""extrema_checks"": 18, ""weights"": {""J1"": 0.978, ""J2"": 0.901}, ""selection"": ""root nearest original (beta=2,gamma=.9*xmin) heuristic"", ""no_boundary_or_nonzero_residual_substitution"": true}}",4,c9850a799aa2ad53884938d6c826952c0f26c02faaae228875cca51a552d79fb
2.0,1000.0,1000.0,15,48,paper_mle,MLE,1.842247838248105,755.7876496498038,1031.3917620752236,0.0,True,0.0385793000459671,success,-0.1577521617518948,-244.21235035019615,31.3917620752236,-0.0788760808759474,-0.2442123503501961,0.0313917620752235,"{""solution_info"": {""status"": ""ok"", ""estimate"": {""beta"": 1.8422478382481051, ""eta"": 755.7876496498038, ""gamma"": 1031.3917620752236, ""log_gap"": -2.427599957462563, ""log_likelihood"": -5.673147892655045, ""objective"": 3.819196116917664e-28, ""local_maximum"": true, ""in_shape_domain"": true, ""low_shape_author_excluded"": false}, ""candidates"": [{""beta"": 1.0010722434430883, ""eta"": 585.3656859256702, ""gamma"": 1119.5982263331443, ""log_gap"": -10.079885276828481, ""log_likelihood"": -6.963581431886984, ""objective"": 3.156213992861802e-30, ""local_maximum"": false, ""in_shape_domain"": false, ""low_shape_author_excluded"": true}, {""beta"": 1.8422478382481051, ""eta"": 755.7876496498038, ""gamma"": 1031.3917620752236, ""log_gap"": -2.427599957462563, ""log_likelihood"": -5.673147892655045, ""objective"": 3.819196116917664e-28, ""local_maximum"": true, ""in_shape_domain"": true, ""low_shape_author_excluded"": false}], ""shape_bounds"": [1.01, 15], ""location_lower"": -2162.035792381001, ""location_upper"": 1119.6400405586899, ""log_gap_step"": 0.025, ""grid_points"": 694, ""extrema_checks"": 2, ""weights"": {""J1"": 1.0, ""J2"": 1.0}, ""selection"": ""highest likelihood among finite stationary maxima"", ""no_boundary_or_nonzero_residual_substitution"": true}}",4,f1ae2e43a524fd6df6f3577bd66e9e6aa14d352b1289bd1ffea3b204e30ac079
2.0,1000.0,1000.0,15,48,paper_cw,MMLE-I,2.966248460554373,1179.7349015598584,651.3195399516014,0.0,True,0.0003127999952994,success,0.9662484605543732,179.73490155985837,-348.6804600483986,0.4831242302771865,0.1797349015598583,-0.3486804600483986,"{""solution_info"": {""status"": ""ok"", ""estimate"": {""log_gap"": -0.7586021735678075, ""beta"": 2.966248460554373, ""eta"": 1179.7349015598584, ""gamma"": 651.3195399516014, ""objective"": 1.2671078290112502e-29, ""raw_gap"": 468.3206006070886}, ""reused_verified_profile"": true}}",4,f1ae2e43a524fd6df6f3577bd66e9e6aa14d352b1289bd1ffea3b204e30ac079
2.0,1000.0,1000.0,15,48,paper_wmle,WMLE,1.832120652877892,790.3713627849304,1002.3081970549188,0.0,True,0.1998772000079043,success,-0.1678793471221078,-209.6286372150696,2.3081970549187645,-0.0839396735610539,-0.2096286372150696,0.0023081970549187,"{""solution_info"": {""status"": ""ok"", ""estimate"": {""beta"": 1.8321206528778922, ""eta"": 790.3713627849304, ""gamma"": 1002.3081970549188, ""log_gap"": -2.142748237260618, ""log_likelihood"": -5.740122954920141, ""objective"": 7.65495831284497e-27, ""local_maximum"": true, ""in_shape_domain"": true, ""low_shape_author_excluded"": false}, ""candidates"": [{""beta"": 1.8321206528778922, ""eta"": 790.3713627849304, ""gamma"": 1002.3081970549188, ""log_gap"": -2.142748237260618, ""log_likelihood"": -5.740122954920141, ""objective"": 7.65495831284497e-27, ""local_maximum"": true, ""in_shape_domain"": true, ""low_shape_author_excluded"": false}], ""shape_bounds"": [0.1, 15], ""location_lower"": -2162.035792381001, ""location_upper"": 1119.6400405586899, ""log_gap_step"": 0.025, ""grid_points"": 738, ""extrema_checks"": 6, ""weights"": {""J1"": 0.978, ""J2"": 0.901}, ""selection"": ""root nearest original (beta=2,gamma=.9*xmin) heuristic"", ""no_boundary_or_nonzero_residual_substitution"": true}}",4,f1ae2e43a524fd6df6f3577bd66e9e6aa14d352b1289bd1ffea3b204e30ac079
2.0,1000.0,1000.0,15,49,paper_mle,MLE,2.0749030429013438,830.4284394828844,1010.4121006504612,0.0,True,0.0586395999998785,success,0.0749030429013433,-169.5715605171156,10.412100650461184,0.0374515214506716,-0.1695715605171155,0.0104121006504611,"{""solution_info"": {""status"": ""ok"", ""estimate"": {""beta"": 2.0749030429013433, ""eta"": 830.4284394828844, ""gamma"": 1010.4121006504612, ""log_gap"": -2.11815392151471, ""log_likelihood"": -5.928429161033867, ""objective"": 3.774822690998982e-32, ""local_maximum"": true, ""in_shape_domain"": true, ""low_shape_author_excluded"": false}, ""candidates"": [{""beta"": 1.000432248791555, ""eta"": 615.8901955426747, ""gamma"": 1130.6477657058847, ""log_gap"": -10.938791399436788, ""log_likelihood"": -7.728331110275337, ""objective"": 4.892170207534681e-29, ""local_maximum"": false, ""in_shape_domain"": false, ""low_shape_author_excluded"": true}, {""beta"": 2.0749030429013433, ""eta"": 830.4284394828844, ""gamma"": 1010.4121006504612, ""log_gap"": -2.11815392151471, ""log_likelihood"": -5.928429161033867, ""objective"": 3.774822690998982e-32, ""local_maximum"": true, ""in_shape_domain"": true, ""low_shape_author_excluded"": false}], ""shape_bounds"": [1.01, 15], ""location_lower"": -2101.1631922383867, ""location_upper"": 1130.6654216290287, ""log_gap_step"": 0.025, ""grid_points"": 693, ""extrema_checks"": 2, ""weights"": {""J1"": 1.0, ""J2"": 1.0}, ""selection"": ""highest likelihood among finite stationary maxima"", ""no_boundary_or_nonzero_residual_substitution"": true}}",4,32ce2dd04bc14f71ae86fa41dd3d5aaae02f99122f7ec84cfe874fd1b533f8c0
2.0,1000.0,1000.0,15,49,paper_cw,MMLE-I,4.3723378818533085,1634.122133967944,257.53833798156376,0.0,True,0.0043750000186264,success,2.3723378818533085,634.1221339679441,-742.4616620184363,1.1861689409266545,0.6341221339679441,-0.7424616620184363,"{""solution_info"": {""status"": ""ok"", ""estimate"": {""log_gap"": -0.13567404801774313, ""beta"": 4.3723378818533085, ""eta"": 1634.1221339679441, ""gamma"": 257.53833798156376, ""objective"": 5.226203497089203e-29, ""raw_gap"": 873.1271836474651}, ""reused_verified_profile"": true}}",4,32ce2dd04bc14f71ae86fa41dd3d5aaae02f99122f7ec84cfe874fd1b533f8c0
2.0,1000.0,1000.0,15,49,paper_wmle,WMLE,2.0070720440610192,851.6358768703794,991.305914457498,0.0,True,0.2796120999846607,success,0.0070720440610192,-148.36412312962057,-8.69408554250208,0.0035360220305096,-0.1483641231296205,-0.008694085542502,"{""solution_info"": {""status"": ""ok"", ""estimate"": {""beta"": 2.0070720440610192, ""eta"": 851.6358768703794, ""gamma"": 991.3059144574979, ""log_gap"": -1.9706975846855124, ""log_likelihood"": -5.985950745147022, ""objective"": 2.465190328815662e-30, ""local_maximum"": true, ""in_shape_domain"": true, ""low_shape_author_excluded"": false}, ""candidates"": [{""beta"": 2.0070720440610192, ""eta"": 851.6358768703794, ""gamma"": 991.3059144574979, ""log_gap"": -1.9706975846855124, ""log_likelihood"": -5.985950745147022, ""objective"": 2.465190328815662e-30, ""local_maximum"": true, ""in_shape_domain"": true, ""low_shape_author_excluded"": false}], ""shape_bounds"": [0.1, 15], ""location_lower"": -2101.1631922383867, ""location_upper"": 1130.6654216290287, ""log_gap_step"": 0.025, ""grid_points"": 736, ""extrema_checks"": 12, ""weights"": {""J1"": 0.978, ""J2"": 0.901}, ""selection"": ""root nearest original (beta=2,gamma=.9*xmin) heuristic"", ""no_boundary_or_nonzero_residual_substitution"": true}}",4,32ce2dd04bc14f71ae86fa41dd3d5aaae02f99122f7ec84cfe874fd1b533f8c0
2.0,1000.0,1000.0,15,50,paper_mle,MLE,1.3689088800353235,485.705565138032,1374.927014526614,0.0,True,0.0295793999684974,success,-0.6310911199646763,-514.294434861968,374.9270145266139,-0.3155455599823381,-0.514294434861968,0.3749270145266139,"{""solution_info"": {""status"": ""ok"", ""estimate"": {""beta"": 1.3689088800353237, ""eta"": 485.70556513803194, ""gamma"": 1374.927014526614, ""log_gap"": -3.812710159739012, ""log_likelihood"": -2.0257624461089865, ""objective"": 7.888609052210118e-31, ""local_maximum"": true, ""in_shape_domain"": true, ""low_shape_author_excluded"": false}, ""candidates"": [{""beta"": 1.0136021382878413, ""eta"": 427.7916512011102, ""gamma"": 1396.6169805612014, ""log_gap"": -7.82838268834858, ""log_likelihood"": -2.2035475742059365, ""objective"": 1.2626589308397157e-29, ""local_maximum"": false, ""in_shape_domain"": true, ""low_shape_author_excluded"": false}, {""beta"": 1.3689088800353237, ""eta"": 485.70556513803194, ""gamma"": 1374.927014526614, ""log_gap"": -3.812710159739012, ""log_likelihood"": -2.0257624461089865, ""objective"": 7.888609052210118e-31, ""local_maximum"": true, ""in_shape_domain"": true, ""low_shape_author_excluded"": false}], ""shape_bounds"": [1.01, 15], ""location_lower"": -1273.2941549808486, ""location_upper"": 1397.0151496461274, ""log_gap_step"": 0.025, ""grid_points"": 686, ""extrema_checks"": 2, ""weights"": {""J1"": 1.0, ""J2"": 1.0}, ""selection"": ""highest likelihood among finite stationary maxima"", ""no_boundary_or_nonzero_residual_substitution"": true}}",4,0c6e8974a2f8cb504da339133f047dce7fe1b735ee095a26303b6253f8a3f172
2.0,1000.0,1000.0,15,50,paper_cw,MMLE-I,2.453166480486141,764.9179773483077,1146.7193409525191,0.0,True,0.0003277999931015,success,0.4531664804861415,-235.08202265169237,146.71934095251913,0.2265832402430707,-0.2350820226516923,0.1467193409525191,"{""solution_info"": {""status"": ""ok"", ""estimate"": {""log_gap"": -1.3851114262888335, ""beta"": 2.4531664804861415, ""eta"": 764.9179773483077, ""gamma"": 1146.7193409525191, ""objective"": 1.2929923274638147e-29, ""raw_gap"": 250.29590869360823}, ""reused_verified_profile"": true}}",4,0c6e8974a2f8cb504da339133f047dce7fe1b735ee095a26303b6253f8a3f172
2.0,1000.0,1000.0,15,50,paper_wmle,WMLE,1.5794129174266034,559.6185337915248,1321.756332184245,0.0,True,0.2273534999694675,success,-0.4205870825733966,-440.3814662084752,321.7563321842447,-0.2102935412866983,-0.4403814662084752,0.3217563321842447,"{""solution_info"": {""status"": ""ok"", ""estimate"": {""beta"": 1.5794129174266034, ""eta"": 559.6185337915248, ""gamma"": 1321.7563321842447, ""log_gap"": -2.586820877897405, ""log_likelihood"": -2.1927687215381866, ""objective"": 3.3526588471893e-30, ""local_maximum"": true, ""in_shape_domain"": true, ""low_shape_author_excluded"": false}, ""candidates"": [{""beta"": 1.5794129174266034, ""eta"": 559.6185337915248, ""gamma"": 1321.7563321842447, ""log_gap"": -2.586820877897405, ""log_likelihood"": -2.1927687215381866, ""objective"": 3.3526588471893e-30, ""local_maximum"": true, ""in_shape_domain"": true, ""low_shape_author_excluded"": false}], ""shape_bounds"": [0.1, 15], ""location_lower"": -1273.2941549808486, ""location_upper"": 1397.0151496461274, ""log_gap_step"": 0.025, ""grid_points"": 730, ""extrema_checks"": 8, ""weights"": {""J1"": 0.978, ""J2"": 0.901}, ""selection"": ""root nearest original (beta=2,gamma=.9*xmin) heuristic"", ""no_boundary_or_nonzero_residual_substitution"": true}}",4,0c6e8974a2f8cb504da339133f047dce7fe1b735ee095a26303b6253f8a3f172
2.0,1000.0,1000.0,15,51,paper_mle,MLE,1.3019363043397802,726.3858858776839,1272.196501439491,0.0,True,0.0514844999997876,success,-0.6980636956602198,-273.6141141223161,272.19650143949093,-0.3490318478301099,-0.2736141141223161,0.2721965014394909,"{""solution_info"": {""status"": ""ok"", ""estimate"": {""beta"": 1.3019363043397802, ""eta"": 726.3858858776839, ""gamma"": 1272.196501439491, ""log_gap"": -3.8204181793319276, ""log_likelihood"": -8.404133717401399, ""objective"": 1.114150472828016e-30, ""local_maximum"": true, ""in_shape_domain"": true, ""low_shape_author_excluded"": false}, ""candidates"": [{""beta"": 1.008181950207187, ""eta"": 654.7265239154767, ""gamma"": 1293.753761968853, ""log_gap"": -7.925601195964781, ""log_likelihood"": -8.610614830781003, ""objective"": 4.970058589308392e-26, ""local_maximum"": false, ""in_shape_domain"": false, ""low_shape_author_excluded"": true}, {""beta"": 1.3019363043397802, ""eta"": 726.3858858776839, ""gamma"": 1272.196501439491, ""log_gap"": -3.8204181793319276, ""log_likelihood"": -8.404133717401399, ""objective"": 1.114150472828016e-30, ""local_maximum"": true, ""in_shape_domain"": true, ""low_shape_author_excluded"": false}], ""shape_bounds"": [1.01, 15], ""location_lower"": -3049.1435292566593, ""location_upper"": 1294.1150344976572, ""log_gap_step"": 0.025, ""grid_points"": 705, ""extrema_checks"": 2, ""weights"": {""J1"": 1.0, ""J2"": 1.0}, ""selection"": ""highest likelihood among finite stationary maxima"", ""no_boundary_or_nonzero_residual_substitution"": true}}",4,c30b574214dadd0d86f5237c1ce899ab8e06eff7b0cbb59a682606b6ff84054d
2.0,1000.0,1000.0,15,51,paper_cw,MMLE-I,2.0718367875172854,1060.5350486753832,1011.5828373658568,0.0,True,0.0003037999849766,success,0.0718367875172854,60.53504867538322,11.582837365856903,0.0359183937586427,0.0605350486753832,0.0115828373658569,"{""solution_info"": {""status"": ""ok"", ""estimate"": {""log_gap"": -1.263962408800108, ""beta"": 2.0718367875172854, ""eta"": 1060.5350486753832, ""gamma"": 1011.5828373658569, ""objective"": 5.29029844563841e-29, ""raw_gap"": 282.53229713180053}, ""reused_verified_profile"": true}}",4,c30b574214dadd0d86f5237c1ce899ab8e06eff7b0cbb59a682606b6ff84054d
2.0,1000.0,1000.0,15,51,paper_wmle,WMLE,1.4114234051540782,801.8078015713644,1221.675997817714,0.0,True,0.1658803999889642,success,-0.5885765948459218,-198.1921984286356,221.675997817714,-0.2942882974229609,-0.1981921984286356,0.221675997817714,"{""solution_info"": {""status"": ""ok"", ""estimate"": {""beta"": 1.4114234051540782, ""eta"": 801.8078015713644, ""gamma"": 1221.675997817714, ""log_gap"": -2.6250085637637373, ""log_likelihood"": -8.586821049939036, ""objective"": 1.0807394401527862e-27, ""local_maximum"": true, ""in_shape_domain"": true, ""low_shape_author_excluded"": false}, ""candidates"": [{""beta"": 1.4114234051540782, ""eta"": 801.8078015713644, ""gamma"": 1221.675997817714, ""log_gap"": -2.6250085637637373, ""log_likelihood"": -8.586821049939036, ""objective"": 1.0807394401527862e-27, ""local_maximum"": true, ""in_shape_domain"": true, ""low_shape_author_excluded"": false}], ""shape_bounds"": [0.1, 15], ""location_lower"": -3049.1435292566593, ""location_upper"": 1294.1150344976572, ""log_gap_step"": 0.025, ""grid_points"": 749, ""extrema_checks"": 6, ""weights"": {""J1"": 0.978, ""J2"": 0.901}, ""selection"": ""root nearest original (beta=2,gamma=.9*xmin) heuristic"", ""no_boundary_or_nonzero_residual_substitution"": true}}",4,c30b574214dadd0d86f5237c1ce899ab8e06eff7b0cbb59a682606b6ff84054d
2.0,1000.0,1000.0,15,52,paper_mle,MLE,2.038496562501724,877.8038902656681,1088.7420339284315,0.0,True,0.0220758999930694,success,0.0384965625017241,-122.19610973433193,88.74203392843151,0.019248281250862,-0.1221961097343319,0.0887420339284315,"{""solution_info"": {""status"": ""ok"", ""estimate"": {""beta"": 2.038496562501724, ""eta"": 877.8038902656681, ""gamma"": 1088.7420339284315, ""log_gap"": -2.0207092161302334, ""log_likelihood"": -7.022834868637143, ""objective"": 1.9721522630525295e-31, ""local_maximum"": true, ""in_shape_domain"": true, ""low_shape_author_excluded"": false}, ""candidates"": [{""beta"": 1.0008548768692014, ""eta"": 645.4944112593431, ""gamma"": 1221.2666258864579, ""log_gap"": -10.20933140599732, ""log_likelihood"": -8.431004472204126, ""objective"": 7.718819068312939e-29, ""local_maximum"": false, ""in_shape_domain"": false, ""low_shape_author_excluded"": true}, {""beta"": 2.038496562501724, ""eta"": 877.8038902656681, ""gamma"": 1088.7420339284315, ""log_gap"": -2.0207092161302334, ""log_likelihood"": -7.022834868637143, ""objective"": 1.9721522630525295e-31, ""local_maximum"": true, ""in_shape_domain"": true, ""low_shape_author_excluded"": false}], ""shape_bounds"": [1.01, 15], ""location_lower"": -2271.5727194124215, ""location_upper"": 1221.3033509670909, ""log_gap_step"": 0.025, ""grid_points"": 696, ""extrema_checks"": 2, ""weights"": {""J1"": 1.0, ""J2"": 1.0}, ""selection"": ""highest likelihood among finite stationary maxima"", ""no_boundary_or_nonzero_residual_substitution"": true}}",4,9df03d8fe145e9d543b4741d5bafd153d5a40989f05063a6f0aa74ebc502d2d9
2.0,1000.0,1000.0,15,52,paper_cw,MMLE-I,4.673745635500979,1810.4270685828171,214.0737153029864,0.0,True,0.0002957999822683,success,2.673745635500979,810.4270685828174,-785.9262846970137,1.3368728177504896,0.8104270685828173,-0.7859262846970136,"{""solution_info"": {""status"": ""ok"", ""estimate"": {""log_gap"": 0.007203726410002498, ""beta"": 4.673745635500979, ""eta"": 1810.4270685828174, ""gamma"": 214.07371530298636, ""objective"": 1.334284265471477e-28, ""raw_gap"": 1007.2297356641045}, ""reused_verified_profile"": true}}",4,9df03d8fe145e9d543b4741d5bafd153d5a40989f05063a6f0aa74ebc502d2d9
2.0,1000.0,1000.0,15,52,paper_wmle,WMLE,1.9876004551666864,906.6062128901626,1063.0620728812837,0.0,True,0.3046853999840095,success,-0.0123995448333136,-93.39378710983738,63.06207288128371,-0.0061997724166568,-0.0933937871098373,0.0630620728812837,"{""solution_info"": {""status"": ""ok"", ""estimate"": {""beta"": 1.9876004551666864, ""eta"": 906.6062128901626, ""gamma"": 1063.0620728812837, ""log_gap"": -1.8436337023121934, ""log_likelihood"": -7.082809044160933, ""objective"": 4.930380657631324e-32, ""local_maximum"": true, ""in_shape_domain"": true, ""low_shape_author_excluded"": false}, ""candidates"": [{""beta"": 1.9876004551666864, ""eta"": 906.6062128901626, ""gamma"": 1063.0620728812837, ""log_gap"": -1.8436337023121934, ""log_likelihood"": -7.082809044160933, ""objective"": 4.930380657631324e-32, ""local_maximum"": true, ""in_shape_domain"": true, ""low_shape_author_excluded"": false}], ""shape_bounds"": [0.1, 15], ""location_lower"": -2271.5727194124215, ""location_upper"": 1221.3033509670909, ""log_gap_step"": 0.025, ""grid_points"": 740, ""extrema_checks"": 16, ""weights"": {""J1"": 0.978, ""J2"": 0.901}, ""selection"": ""root nearest original (beta=2,gamma=.9*xmin) heuristic"", ""no_boundary_or_nonzero_residual_substitution"": true}}",4,9df03d8fe145e9d543b4741d5bafd153d5a40989f05063a6f0aa74ebc502d2d9
2.0,1000.0,1000.0,15,53,paper_mle,MLE,4.437924616629836,1275.100547138603,667.48168439445,0.0,True,0.0259385999524965,success,2.437924616629836,275.1005471386027,-332.51831560555,1.218962308314918,0.2751005471386026,-0.33251831560555,"{""solution_info"": {""status"": ""ok"", ""estimate"": {""beta"": 4.437924616629836, ""eta"": 1275.1005471386027, ""gamma"": 667.48168439445, ""log_gap"": -0.580087337808557, ""log_likelihood"": -3.151313987945512, ""objective"": 1.2449211160519093e-30, ""local_maximum"": true, ""in_shape_domain"": true, ""low_shape_author_excluded"": false}, ""candidates"": [{""beta"": 1.0000949215390085, ""eta"": 600.6587067492284, ""gamma"": 1227.32735141174, ""log_gap"": -12.480144525803071, ""log_likelihood"": -7.353844499993113, ""objective"": 5.053043135789347e-29, ""local_maximum"": false, ""in_shape_domain"": false, ""low_shape_author_excluded"": true}, {""beta"": 4.437924616629836, ""eta"": 1275.1005471386027, ""gamma"": 667.48168439445, ""log_gap"": -0.580087337808557, ""log_likelihood"": -3.151313987945512, ""objective"": 1.2449211160519093e-30, ""local_maximum"": true, ""in_shape_domain"": true, ""low_shape_author_excluded"": false}], ""shape_bounds"": [1.01, 15], ""location_lower"": -1304.960738303128, ""location_upper"": 1227.3310527988617, ""log_gap_step"": 0.025, ""grid_points"": 683, ""extrema_checks"": 2, ""weights"": {""J1"": 1.0, ""J2"": 1.0}, ""selection"": ""highest likelihood among finite stationary maxima"", ""no_boundary_or_nonzero_residual_substitution"": true}}",4,db22e550c307b42ff464fcfa5132cbc94f5ce2331743a4100e44cecf1a807c56
2.0,1000.0,1000.0,15,53,paper_cw,MMLE-I,,,,,False,0.0002916000084951,failure,,,,,,,"{""solution_info"": {""status"": ""no_root_after_dense_search"", ""estimate"": null, ""reused_verified_profile"": true}}",4,db22e550c307b42ff464fcfa5132cbc94f5ce2331743a4100e44cecf1a807c56
2.0,1000.0,1000.0,15,53,paper_wmle,WMLE,3.2223530204949125,1020.9385020993144,910.711924587464,0.0,True,0.2125360000063665,success,1.2223530204949125,20.93850209931429,-89.28807541253605,0.6111765102474562,0.0209385020993142,-0.089288075412536,"{""solution_info"": {""status"": ""ok"", ""estimate"": {""beta"": 3.2223530204949125, ""eta"": 1020.9385020993143, ""gamma"": 910.711924587464, ""log_gap"": -1.1500553999258647, ""log_likelihood"": -3.2531736311041595, ""objective"": 2.465190328815662e-31, ""local_maximum"": true, ""in_shape_domain"": true, ""low_shape_author_excluded"": false}, ""candidates"": [{""beta"": 3.2223530204949125, ""eta"": 1020.9385020993143, ""gamma"": 910.711924587464, ""log_gap"": -1.1500553999258647, ""log_likelihood"": -3.2531736311041595, ""objective"": 2.465190328815662e-31, ""local_maximum"": true, ""in_shape_domain"": true, ""low_shape_author_excluded"": false}], ""shape_bounds"": [0.1, 15], ""location_lower"": -1304.960738303128, ""location_upper"": 1227.3310527988617, ""log_gap_step"": 0.025, ""grid_points"": 726, ""extrema_checks"": 8, ""weights"": {""J1"": 0.978, ""J2"": 0.901}, ""selection"": ""root nearest original (beta=2,gamma=.9*xmin) heuristic"", ""no_boundary_or_nonzero_residual_substitution"": true}}",4,db22e550c307b42ff464fcfa5132cbc94f5ce2331743a4100e44cecf1a807c56
2.0,1000.0,1000.0,15,54,paper_mle,MLE,1.961603473953126,1073.0012379335603,1053.5677281246658,0.0,True,0.0223665999947115,success,-0.0383965260468739,73.00123793356033,53.56772812466579,-0.0191982630234369,0.0730012379335603,0.0535677281246657,"{""solution_info"": {""status"": ""ok"", ""estimate"": {""beta"": 1.961603473953126, ""eta"": 1073.0012379335603, ""gamma"": 1053.5677281246658, ""log_gap"": -1.831452301733085, ""log_likelihood"": -10.47044912709672, ""objective"": 3.818086781269697e-26, ""local_maximum"": true, ""in_shape_domain"": true, ""low_shape_author_excluded"": false}, ""candidates"": [{""beta"": 1.0018774140464333, ""eta"": 792.4669679988925, ""gamma"": 1213.6490424699264, ""log_gap"": -9.215819192073763, ""log_likelihood"": -11.504091295197517, ""objective"": 3.2533001213583627e-29, ""local_maximum"": false, ""in_shape_domain"": false, ""low_shape_author_excluded"": true}, {""beta"": 1.961603473953126, ""eta"": 1073.0012379335603, ""gamma"": 1053.5677281246658, ""log_gap"": -1.831452301733085, ""log_likelihood"": -10.47044912709672, ""objective"": 3.818086781269697e-26, ""local_maximum"": true, ""in_shape_domain"": true, ""low_shape_author_excluded"": false}], ""shape_bounds"": [1.01, 15], ""location_lower"": -3205.6877294765536, ""location_upper"": 1213.748396086053, ""log_gap_step"": 0.025, ""grid_points"": 706, ""extrema_checks"": 2, ""weights"": {""J1"": 1.0, ""J2"": 1.0}, ""selection"": ""highest likelihood among finite stationary maxima"", ""no_boundary_or_nonzero_residual_substitution"": true}}",4,7d7fe29c65a14bd08249ddcf92433d9d0b343f7986e6a00945d81f24d3151dd3
2.0,1000.0,1000.0,15,54,paper_cw,MMLE-I,4.183622066798634,2047.6019003946524,150.19401167583646,0.0,True,0.0003081000177189,success,2.183622066798634,1047.6019003946524,-849.8059883241635,1.091811033399317,1.0476019003946524,-0.8498059883241635,"{""solution_info"": {""status"": ""ok"", ""estimate"": {""log_gap"": 0.0616165855731643, ""beta"": 4.183622066798634, ""eta"": 2047.6019003946524, ""gamma"": 150.19401167583646, ""objective"": 4.5458109663360805e-28, ""raw_gap"": 1063.5544844102164}, ""reused_verified_profile"": true}}",4,7d7fe29c65a14bd08249ddcf92433d9d0b343f7986e6a00945d81f24d3151dd3
2.0,1000.0,1000.0,15,54,paper_wmle,WMLE,1.9511180740351044,1124.8308945588165,1008.4683261381512,0.0,True,0.3489377000369131,success,-0.0488819259648956,124.83089455881644,8.46832613815127,-0.0244409629824478,0.1248308945588164,0.0084683261381512,"{""solution_info"": {""status"": ""ok"", ""estimate"": {""beta"": 1.9511180740351044, ""eta"": 1124.8308945588165, ""gamma"": 1008.4683261381513, ""log_gap"": -1.583379550231766, ""log_likelihood"": -10.533805105123792, ""objective"": 8.739099715651521e-27, ""local_maximum"": true, ""in_shape_domain"": true, ""low_shape_author_excluded"": false}, ""candidates"": [{""beta"": 1.9511180740351044, ""eta"": 1124.8308945588165, ""gamma"": 1008.4683261381513, ""log_gap"": -1.583379550231766, ""log_likelihood"": -10.533805105123792, ""objective"": 8.739099715651521e-27, ""local_maximum"": true, ""in_shape_domain"": true, ""low_shape_author_excluded"": false}], ""shape_bounds"": [0.1, 15], ""location_lower"": -3205.6877294765536, ""location_upper"": 1213.748396086053, ""log_gap_step"": 0.025, ""grid_points"": 750, ""extrema_checks"": 20, ""weights"": {""J1"": 0.978, ""J2"": 0.901}, ""selection"": ""root nearest original (beta=2,gamma=.9*xmin) heuristic"", ""no_boundary_or_nonzero_residual_substitution"": true}}",4,7d7fe29c65a14bd08249ddcf92433d9d0b343f7986e6a00945d81f24d3151dd3
2.0,1000.0,1000.0,15,55,paper_mle,MLE,2.019279524975526,851.9151132122676,994.8276027753192,0.0,True,0.044012299971655,success,0.0192795249755262,-148.08488678773244,-5.172397224680935,0.0096397624877631,-0.1480848867877324,-0.0051723972246809,"{""solution_info"": {""status"": ""ok"", ""estimate"": {""beta"": 2.019279524975526, ""eta"": 851.9151132122676, ""gamma"": 994.8276027753191, ""log_gap"": -2.2369975946755565, ""log_likelihood"": -6.468410265297248, ""objective"": 1.8026704279464528e-30, ""local_maximum"": true, ""in_shape_domain"": true, ""low_shape_author_excluded"": false}, ""candidates"": [{""beta"": 1.0002618991339354, ""eta"": 649.5168824050515, ""gamma"": 1101.5948755155398, ""log_gap"": -11.38686286464908, ""log_likelihood"": -8.526322901907673, ""objective"": 9.653993476433234e-29, ""local_maximum"": false, ""in_shape_domain"": false, ""low_shape_author_excluded"": true}, {""beta"": 2.019279524975526, ""eta"": 851.9151132122676, ""gamma"": 994.8276027753191, ""log_gap"": -2.2369975946755565, ""log_likelihood"": -6.468410265297248, ""objective"": 1.8026704279464528e-30, ""local_maximum"": true, ""in_shape_domain"": true, ""low_shape_author_excluded"": false}], ""shape_bounds"": [1.01, 15], ""location_lower"": -2270.9380004488494, ""location_upper"": 1101.606119047309, ""log_gap_step"": 0.025, ""grid_points"": 695, ""extrema_checks"": 2, ""weights"": {""J1"": 1.0, ""J2"": 1.0}, ""selection"": ""highest likelihood among finite stationary maxima"", ""no_boundary_or_nonzero_residual_substitution"": true}}",4,334a4eb6e0be70503620beb362460d6530bb045a0a324d7c7ec4fa336f46ced0
2.0,1000.0,1000.0,15,55,paper_cw,MMLE-I,3.738173016443835,1531.1305975013863,366.0320105689843,0.0,True,0.0003141000051982,success,1.738173016443835,531.1305975013863,-633.9679894310157,0.8690865082219175,0.5311305975013864,-0.6339679894310156,"{""solution_info"": {""status"": ""ok"", ""estimate"": {""log_gap"": -0.30710384875038793, ""beta"": 3.738173016443835, ""eta"": 1531.1305975013863, ""gamma"": 366.0320105689843, ""objective"": 2.844829639453274e-29, ""raw_gap"": 735.5742084783247}, ""reused_verified_profile"": true}}",4,334a4eb6e0be70503620beb362460d6530bb045a0a324d7c7ec4fa336f46ced0
2.0,1000.0,1000.0,15,55,paper_wmle,WMLE,1.9582411920416725,873.5388385143929,975.725250068922,0.0,True,0.1878460000152699,success,-0.0417588079583275,-126.46116148560714,-24.274749931077963,-0.0208794039791637,-0.1264611614856071,-0.0242747499310779,"{""solution_info"": {""status"": ""ok"", ""estimate"": {""beta"": 1.9582411920416725, ""eta"": 873.5388385143929, ""gamma"": 975.725250068922, ""log_gap"": -2.0724185091798177, ""log_likelihood"": -6.52471947211386, ""objective"": 2.0199769554315534e-28, ""local_maximum"": true, ""in_shape_domain"": true, ""low_shape_author_excluded"": false}, ""candidates"": [{""beta"": 1.9582411920416725, ""eta"": 873.5388385143929, ""gamma"": 975.725250068922, ""log_gap"": -2.0724185091798177, ""log_likelihood"": -6.52471947211386, ""objective"": 2.0199769554315534e-28, ""local_maximum"": true, ""in_shape_domain"": true, ""low_shape_author_excluded"": false}], ""shape_bounds"": [0.1, 15], ""location_lower"": -2270.9380004488494, ""location_upper"": 1101.606119047309, ""log_gap_step"": 0.025, ""grid_points"": 738, ""extrema_checks"": 8, ""weights"": {""J1"": 0.978, ""J2"": 0.901}, ""selection"": ""root nearest original (beta=2,gamma=.9*xmin) heuristic"", ""no_boundary_or_nonzero_residual_substitution"": true}}",4,334a4eb6e0be70503620beb362460d6530bb045a0a324d7c7ec4fa336f46ced0
2.0,1000.0,1000.0,15,56,paper_mle,MLE,1.3483720744833656,744.3544168180123,1107.950263803261,0.0,True,0.0468159000156447,success,-0.6516279255166344,-255.6455831819877,107.95026380326068,-0.3258139627583172,-0.2556455831819877,0.1079502638032606,"{""solution_info"": {""status"": ""ok"", ""estimate"": {""beta"": 1.3483720744833656, ""eta"": 744.3544168180123, ""gamma"": 1107.9502638032607, ""log_gap"": -3.6491976641780672, ""log_likelihood"": -8.487674470677574, ""objective"": 2.0954117794933126e-31, ""local_maximum"": true, ""in_shape_domain"": true, ""low_shape_author_excluded"": false}, ""candidates"": [{""beta"": 1.005608043360398, ""eta"": 661.8701644318729, ""gamma"": 1133.7130386597876, ""log_gap"": -8.297190953109554, ""log_likelihood"": -8.785499763784301, ""objective"": 1.262200752105946e-27, ""local_maximum"": false, ""in_shape_domain"": false, ""low_shape_author_excluded"": true}, {""beta"": 1.3483720744833656, ""eta"": 744.3544168180123, ""gamma"": 1107.9502638032607, ""log_gap"": -3.6491976641780672, ""log_likelihood"": -8.487674470677574, ""objective"": 2.0954117794933126e-31, ""local_maximum"": true, ""in_shape_domain"": true, ""low_shape_author_excluded"": false}], ""shape_bounds"": [1.01, 15], ""location_lower"": -3142.444033812913, ""location_upper"": 1133.962154563726, ""log_gap_step"": 0.025, ""grid_points"": 704, ""extrema_checks"": 2, ""weights"": {""J1"": 1.0, ""J2"": 1.0}, ""selection"": ""highest likelihood among finite stationary maxima"", ""no_boundary_or_nonzero_residual_substitution"": true}}",4,e6fc65c5a0818b773d56b636164cf87d7d054603b046978af1c61bb1fb61ae34
2.0,1000.0,1000.0,15,56,paper_cw,MMLE-I,2.229139748109503,1120.5631126981978,806.2317195541738,0.0,True,0.0003643999807536,success,0.2291397481095032,120.56311269819776,-193.76828044582624,0.1145698740547516,0.1205631126981977,-0.1937682804458262,"{""solution_info"": {""status"": ""ok"", ""estimate"": {""log_gap"": -1.1155635478516188, ""beta"": 2.229139748109503, ""eta"": 1120.5631126981978, ""gamma"": 806.2317195541738, ""objective"": 6.394703712947827e-29, ""raw_gap"": 327.7305350095522}, ""reused_verified_profile"": true}}",4,e6fc65c5a0818b773d56b636164cf87d7d054603b046978af1c61bb1fb61ae34
2.0,1000.0,1000.0,15,56,paper_wmle,WMLE,1.440228172830844,814.0855334424587,1059.7844479132732,0.0,True,0.1812901999801397,success,-0.5597718271691561,-185.91446655754132,59.7844479132732,-0.279885913584578,-0.1859144665575413,0.0597844479132732,"{""solution_info"": {""status"": ""ok"", ""estimate"": {""beta"": 1.440228172830844, ""eta"": 814.0855334424587, ""gamma"": 1059.7844479132732, ""log_gap"": -2.6012902752945704, ""log_likelihood"": -8.648493569046739, ""objective"": 1.0452406994178406e-29, ""local_maximum"": true, ""in_shape_domain"": true, ""low_shape_author_excluded"": false}, ""candidates"": [{""beta"": 1.440228172830844, ""eta"": 814.0855334424587, ""gamma"": 1059.7844479132732, ""log_gap"": -2.6012902752945704, ""log_likelihood"": -8.648493569046739, ""objective"": 1.0452406994178406e-29, ""local_maximum"": true, ""in_shape_domain"": true, ""low_shape_author_excluded"": false}], ""shape_bounds"": [0.1, 15], ""location_lower"": -3142.444033812913, ""location_upper"": 1133.962154563726, ""log_gap_step"": 0.025, ""grid_points"": 748, ""extrema_checks"": 6, ""weights"": {""J1"": 0.978, ""J2"": 0.901}, ""selection"": ""root nearest original (beta=2,gamma=.9*xmin) heuristic"", ""no_boundary_or_nonzero_residual_substitution"": true}}",4,e6fc65c5a0818b773d56b636164cf87d7d054603b046978af1c61bb1fb61ae34
2.0,1000.0,1000.0,15,57,paper_mle,MLE,1.4637085692791914,796.9517328492203,1166.9916736547011,0.0,True,0.0531239000265486,success,-0.5362914307208086,-203.04826715077968,166.99167365470134,-0.2681457153604043,-0.2030482671507796,0.1669916736547013,"{""solution_info"": {""status"": ""ok"", ""estimate"": {""beta"": 1.4637085692791914, ""eta"": 796.9517328492203, ""gamma"": 1166.9916736547013, ""log_gap"": -3.011045185769052, ""log_likelihood"": -8.862024708213193, ""objective"": 7.588163980885709e-31, ""local_maximum"": true, ""in_shape_domain"": true, ""low_shape_author_excluded"": false}, ""candidates"": [{""beta"": 1.008946297115262, ""eta"": 679.293677141471, ""gamma"": 1215.8198243979778, ""log_gap"": -7.794399906412383, ""log_likelihood"": -9.161696633773921, ""objective"": 4.8148248609680896e-33, ""local_maximum"": false, ""in_shape_domain"": false, ""low_shape_author_excluded"": true}, {""beta"": 1.4637085692791914, ""eta"": 796.9517328492203, ""gamma"": 1166.9916736547013, ""log_gap"": -3.011045185769052, ""log_likelihood"": -8.862024708213193, ""objective"": 7.588163980885709e-31, ""local_maximum"": true, ""in_shape_domain"": true, ""low_shape_author_excluded"": false}], ""shape_bounds"": [1.01, 15], ""location_lower"": -2960.3817140483484, ""location_upper"": 1216.2317603680553, ""log_gap_step"": 0.025, ""grid_points"": 703, ""extrema_checks"": 2, ""weights"": {""J1"": 1.0, ""J2"": 1.0}, ""selection"": ""highest likelihood among finite stationary maxima"", ""no_boundary_or_nonzero_residual_substitution"": true}}",4,05bc2e26945ebba18ec35e9dfea1bac0928a8f8b106f339cbfe705625fe0035f
2.0,1000.0,1000.0,15,57,paper_cw,MMLE-I,2.5913723713511736,1259.429523058648,778.8226807943354,0.0,True,0.0003157999599352,success,0.5913723713511736,259.4295230586481,-221.17731920566465,0.2956861856755868,0.2594295230586481,-0.2211773192056646,"{""solution_info"": {""status"": ""ok"", ""estimate"": {""log_gap"": -0.8268861842799431, ""beta"": 2.5913723713511736, ""eta"": 1259.429523058648, ""gamma"": 778.8226807943354, ""objective"": 1.7828256457994867e-28, ""raw_gap"": 437.40917957371994}, ""reused_verified_profile"": true}}",4,05bc2e26945ebba18ec35e9dfea1bac0928a8f8b106f339cbfe705625fe0035f
2.0,1000.0,1000.0,15,57,paper_wmle,WMLE,1.6269122226970183,898.5295887983916,1090.8657846569156,0.0,True,0.2265163999982178,success,-0.3730877773029815,-101.4704112016084,90.8657846569156,-0.1865438886514907,-0.1014704112016083,0.0908657846569156,"{""solution_info"": {""status"": ""ok"", ""estimate"": {""beta"": 1.6269122226970185, ""eta"": 898.5295887983916, ""gamma"": 1090.8657846569156, ""log_gap"": -2.076517216002085, ""log_likelihood"": -8.99611916056833, ""objective"": 1.9721522630525295e-31, ""local_maximum"": true, ""in_shape_domain"": true, ""low_shape_author_excluded"": false}, ""candidates"": [{""beta"": 1.6269122226970185, ""eta"": 898.5295887983916, ""gamma"": 1090.8657846569156, ""log_gap"": -2.076517216002085, ""log_likelihood"": -8.99611916056833, ""objective"": 1.9721522630525295e-31, ""local_maximum"": true, ""in_shape_domain"": true, ""low_shape_author_excluded"": false}], ""shape_bounds"": [0.1, 15], ""location_lower"": -2960.3817140483484, ""location_upper"": 1216.2317603680553, ""log_gap_step"": 0.025, ""grid_points"": 747, ""extrema_checks"": 10, ""weights"": {""J1"": 0.978, ""J2"": 0.901}, ""selection"": ""root nearest original (beta=2,gamma=.9*xmin) heuristic"", ""no_boundary_or_nonzero_residual_substitution"": true}}",4,05bc2e26945ebba18ec35e9dfea1bac0928a8f8b106f339cbfe705625fe0035f
2.0,1000.0,1000.0,15,58,paper_mle,MLE,1.6495561977148885,870.2685399176012,1142.3770323314525,0.0,True,0.0456065000034868,success,-0.3504438022851117,-129.73146008239885,142.37703233145226,-0.1752219011425558,-0.1297314600823988,0.1423770323314522,"{""solution_info"": {""status"": ""ok"", ""estimate"": {""beta"": 1.6495561977148883, ""eta"": 870.2685399176012, ""gamma"": 1142.3770323314523, ""log_gap"": -2.462982589629055, ""log_likelihood"": -9.12781925257445, ""objective"": 5.353232597691537e-26, ""local_maximum"": true, ""in_shape_domain"": true, ""low_shape_author_excluded"": false}, ""candidates"": [{""beta"": 1.0060271687548958, ""eta"": 698.234703261991, ""gamma"": 1227.274236027463, ""log_gap"": -8.16897060795323, ""log_likelihood"": -9.587518424110922, ""objective"": 3.6484816866471796e-29, ""local_maximum"": false, ""in_shape_domain"": false, ""low_shape_author_excluded"": true}, {""beta"": 1.6495561977148883, ""eta"": 870.2685399176012, ""gamma"": 1142.3770323314523, ""log_gap"": -2.462982589629055, ""log_likelihood"": -9.12781925257445, ""objective"": 5.353232597691537e-26, ""local_maximum"": true, ""in_shape_domain"": true, ""low_shape_author_excluded"": false}], ""shape_bounds"": [1.01, 15], ""location_lower"": -2873.1854947613087, ""location_upper"": 1227.5574455304036, ""log_gap_step"": 0.025, ""grid_points"": 703, ""extrema_checks"": 2, ""weights"": {""J1"": 1.0, ""J2"": 1.0}, ""selection"": ""highest likelihood among finite stationary maxima"", ""no_boundary_or_nonzero_residual_substitution"": true}}",4,295d2facb90069f9b12c84131be1400c6a7ec2c1ead1524f91193185c97e717d
2.0,1000.0,1000.0,15,58,paper_cw,MMLE-I,3.252754023935504,1505.5696607631598,579.2196912824941,0.0,True,0.0003303999546915,success,1.2527540239355035,505.5696607631599,-420.78030871750593,0.6263770119677519,0.5055696607631599,-0.4207803087175059,"{""solution_info"": {""status"": ""ok"", ""estimate"": {""log_gap"": -0.4333433384889896, ""beta"": 3.2527540239355037, ""eta"": 1505.5696607631598, ""gamma"": 579.2196912824941, ""objective"": 2.8398992587956425e-29, ""raw_gap"": 648.3378542479097}, ""reused_verified_profile"": true}}",4,295d2facb90069f9b12c84131be1400c6a7ec2c1ead1524f91193185c97e717d
2.0,1000.0,1000.0,15,58,paper_wmle,WMLE,1.8217130080671595,980.7170501224252,1053.1991469432537,0.0,True,0.3801954999798909,success,-0.1782869919328404,-19.28294987757465,53.19914694325371,-0.0891434959664202,-0.0192829498775746,0.0531991469432537,"{""solution_info"": {""status"": ""ok"", ""estimate"": {""beta"": 1.8217130080671595, ""eta"": 980.7170501224253, ""gamma"": 1053.1991469432537, ""log_gap"": -1.7466423361737953, ""log_likelihood"": -9.221840065957792, ""objective"": 1.9721522630525295e-31, ""local_maximum"": true, ""in_shape_domain"": true, ""low_shape_author_excluded"": false}, ""candidates"": [{""beta"": 1.8217130080671595, ""eta"": 980.7170501224253, ""gamma"": 1053.1991469432537, ""log_gap"": -1.7466423361737953, ""log_likelihood"": -9.221840065957792, ""objective"": 1.9721522630525295e-31, ""local_maximum"": true, ""in_shape_domain"": true, ""low_shape_author_excluded"": false}], ""shape_bounds"": [0.1, 15], ""location_lower"": -2873.1854947613087, ""location_upper"": 1227.5574455304036, ""log_gap_step"": 0.025, ""grid_points"": 747, ""extrema_checks"": 22, ""weights"": {""J1"": 0.978, ""J2"": 0.901}, ""selection"": ""root nearest original (beta=2,gamma=.9*xmin) heuristic"", ""no_boundary_or_nonzero_residual_substitution"": true}}",4,295d2facb90069f9b12c84131be1400c6a7ec2c1ead1524f91193185c97e717d
2.0,1000.0,1000.0,15,59,paper_mle,MLE,1.5069892867187324,750.0820096460548,1306.5965646655725,0.0,True,0.0291467999923042,success,-0.4930107132812675,-249.91799035394524,306.5965646655725,-0.2465053566406337,-0.2499179903539452,0.3065965646655725,"{""solution_info"": {""status"": ""ok"", ""estimate"": {""beta"": 1.5069892867187324, ""eta"": 750.0820096460548, ""gamma"": 1306.5965646655725, ""log_gap"": -3.1409919851385766, ""log_likelihood"": -7.62192076307814, ""objective"": 1.509929076399593e-31, ""local_maximum"": true, ""in_shape_domain"": true, ""low_shape_author_excluded"": false}, ""candidates"": [{""beta"": 1.0025774636049638, ""eta"": 636.907620527958, ""gamma"": 1349.7266550154434, ""log_gap"": -9.116914250773954, ""log_likelihood"": -8.222819930522512, ""objective"": 1.0276473293758632e-28, ""local_maximum"": false, ""in_shape_domain"": false, ""low_shape_author_excluded"": true}, {""beta"": 1.5069892867187324, ""eta"": 750.0820096460548, ""gamma"": 1306.5965646655725, ""log_gap"": -3.1409919851385766, ""log_likelihood"": -7.62192076307814, ""objective"": 1.509929076399593e-31, ""local_maximum"": true, ""in_shape_domain"": true, ""low_shape_author_excluded"": false}], ""shape_bounds"": [1.01, 15], ""location_lower"": -2553.8833786427367, ""location_upper"": 1349.8363479641068, ""log_gap_step"": 0.025, ""grid_points"": 701, ""extrema_checks"": 2, ""weights"": {""J1"": 1.0, ""J2"": 1.0}, ""selection"": ""highest likelihood among finite stationary maxima"", ""no_boundary_or_nonzero_residual_substitution"": true}}",4,ae1ed8d96587cdb55396d868caea461d4ae22056e7ba3ac4d11f049823bfad33
2.0,1000.0,1000.0,15,59,paper_cw,MMLE-I,2.6082720027743167,1188.8954755030406,934.0852362223546,0.0,True,0.0003559000324457,success,0.6082720027743167,188.89547550304064,-65.91476377764536,0.3041360013871583,0.1888954755030406,-0.0659147637776453,"{""solution_info"": {""status"": ""ok"", ""estimate"": {""log_gap"": -0.8776682463210386, ""beta"": 2.6082720027743167, ""eta"": 1188.8954755030406, ""gamma"": 934.0852362223546, ""objective"": 3.944304526105059e-30, ""raw_gap"": 415.7512117417524}, ""reused_verified_profile"": true}}",4,ae1ed8d96587cdb55396d868caea461d4ae22056e7ba3ac4d11f049823bfad33
2.0,1000.0,1000.0,15,59,paper_wmle,WMLE,1.570698249446339,809.4122554307065,1261.8775689563756,0.0,True,0.1838262000237591,success,-0.4293017505536609,-190.58774456929348,261.8775689563756,-0.2146508752768304,-0.1905877445692934,0.2618775689563756,"{""solution_info"": {""status"": ""ok"", ""estimate"": {""beta"": 1.570698249446339, ""eta"": 809.4122554307065, ""gamma"": 1261.8775689563756, ""log_gap"": -2.4308858577181782, ""log_likelihood"": -7.735922654419787, ""objective"": 3.701729797749598e-27, ""local_maximum"": true, ""in_shape_domain"": true, ""low_shape_author_excluded"": false}, ""candidates"": [{""beta"": 1.570698249446339, ""eta"": 809.4122554307065, ""gamma"": 1261.8775689563756, ""log_gap"": -2.4308858577181782, ""log_likelihood"": -7.735922654419787, ""objective"": 3.701729797749598e-27, ""local_maximum"": true, ""in_shape_domain"": true, ""low_shape_author_excluded"": false}], ""shape_bounds"": [0.1, 15], ""location_lower"": -2553.8833786427367, ""location_upper"": 1349.8363479641068, ""log_gap_step"": 0.025, ""grid_points"": 745, ""extrema_checks"": 6, ""weights"": {""J1"": 0.978, ""J2"": 0.901}, ""selection"": ""root nearest original (beta=2,gamma=.9*xmin) heuristic"", ""no_boundary_or_nonzero_residual_substitution"": true}}",4,ae1ed8d96587cdb55396d868caea461d4ae22056e7ba3ac4d11f049823bfad33
2.0,1000.0,1000.0,15,60,paper_mle,MLE,4.900411438560676,1645.2663155363991,408.1634628428832,0.0,True,0.0242776999948546,success,2.900411438560676,645.2663155363991,-591.8365371571168,1.450205719280338,0.6452663155363991,-0.5918365371571168,"{""solution_info"": {""status"": ""ok"", ""estimate"": {""beta"": 4.900411438560676, ""eta"": 1645.2663155363991, ""gamma"": 408.1634628428832, ""log_gap"": -0.17957179120410446, ""log_likelihood"": -5.741257224754589, ""objective"": 1.0477058897466563e-30, ""local_maximum"": true, ""in_shape_domain"": true, ""low_shape_author_excluded"": false}, ""candidates"": [{""beta"": 1.0002519294675474, ""eta"": 669.0678711394922, ""gamma"": 1243.7801804935252, ""log_gap"": -11.395995969594905, ""log_likelihood"": -8.971248322411011, ""objective"": 2.8399061921434423e-27, ""local_maximum"": false, ""in_shape_domain"": false, ""low_shape_author_excluded"": true}, {""beta"": 4.900411438560676, ""eta"": 1645.2663155363991, ""gamma"": 408.1634628428832, ""log_gap"": -0.17957179120410446, ""log_likelihood"": -5.741257224754589, ""objective"": 1.0477058897466563e-30, ""local_maximum"": true, ""in_shape_domain"": true, ""low_shape_author_excluded"": false}], ""shape_bounds"": [1.01, 15], ""location_lower"": -1834.6521213708725, ""location_upper"": 1243.7913208952937, ""log_gap_step"": 0.025, ""grid_points"": 691, ""extrema_checks"": 2, ""weights"": {""J1"": 1.0, ""J2"": 1.0}, ""selection"": ""highest likelihood among finite stationary maxima"", ""no_boundary_or_nonzero_residual_substitution"": true}}",4,78f7077d362bfb54d8fcad402456bc91ea5a40d546aa37684f1982fb966b7165
2.0,1000.0,1000.0,15,60,paper_cw,MMLE-I,,,,,False,0.0016330000362358,failure,,,,,,,"{""solution_info"": {""status"": ""outside_declared_domain_root"", ""estimate"": null, ""reused_verified_profile"": true}}",4,78f7077d362bfb54d8fcad402456bc91ea5a40d546aa37684f1982fb966b7165
2.0,1000.0,1000.0,15,60,paper_wmle,WMLE,3.098480857266338,1171.0443663669594,863.8548877070913,0.0,True,0.2243055999861098,success,1.0984808572663378,171.04436636695937,-136.14511229290872,0.5492404286331689,0.1710443663669593,-0.1361451122929087,"{""solution_info"": {""status"": ""ok"", ""estimate"": {""beta"": 3.098480857266338, ""eta"": 1171.0443663669594, ""gamma"": 863.8548877070913, ""log_gap"": -0.9677510581365355, ""log_likelihood"": -5.86307178591122, ""objective"": 2.4158865222393487e-30, ""local_maximum"": true, ""in_shape_domain"": true, ""low_shape_author_excluded"": false}, ""candidates"": [{""beta"": 3.098480857266338, ""eta"": 1171.0443663669594, ""gamma"": 863.8548877070913, ""log_gap"": -0.9677510581365355, ""log_likelihood"": -5.86307178591122, ""objective"": 2.4158865222393487e-30, ""local_maximum"": true, ""in_shape_domain"": true, ""low_shape_author_excluded"": false}], ""shape_bounds"": [0.1, 15], ""location_lower"": -1834.6521213708725, ""location_upper"": 1243.7913208952937, ""log_gap_step"": 0.025, ""grid_points"": 734, ""extrema_checks"": 12, ""weights"": {""J1"": 0.978, ""J2"": 0.901}, ""selection"": ""root nearest original (beta=2,gamma=.9*xmin) heuristic"", ""no_boundary_or_nonzero_residual_substitution"": true}}",4,78f7077d362bfb54d8fcad402456bc91ea5a40d546aa37684f1982fb966b7165
2.0,1000.0,1000.0,15,61,paper_mle,MLE,,,,,False,0.0395631999708712,failure,,,,,,,"{""solution_info"": {""status"": ""no_stationary_root_in_paper_location_domain"", ""estimate"": null, ""candidates"": [], ""shape_bounds"": [1.01, 15], ""location_lower"": -2703.0783469037437, ""location_upper"": 1442.3501422676432, ""log_gap_step"": 0.025, ""grid_points"": 703, ""extrema_checks"": 2, ""weights"": {""J1"": 1.0, ""J2"": 1.0}, ""selection"": ""highest likelihood among finite stationary maxima"", ""no_boundary_or_nonzero_residual_substitution"": true}}",4,a037f899f578a8c3a4991813b0eeba945f7980fdb92f109d3efb43373627f3ff
2.0,1000.0,1000.0,15,61,paper_cw,MMLE-I,1.059104180678445,485.1375270078074,1405.866203411758,0.0,True,0.0009849999914877,success,-0.9408958193215552,-514.8624729921926,405.8662034117581,-0.4704479096607775,-0.5148624729921926,0.405866203411758,"{""solution_info"": {""status"": ""ok"", ""estimate"": {""log_gap"": -3.310880405653138, ""beta"": 1.059104180678445, ""eta"": 485.1375270078074, ""gamma"": 1405.866203411758, ""objective"": 3.5991778800708664e-30, ""raw_gap"": 36.4840388558852}, ""reused_verified_profile"": true}}",4,a037f899f578a8c3a4991813b0eeba945f7980fdb92f109d3efb43373627f3ff
2.0,1000.0,1000.0,15,61,paper_wmle,WMLE,0.8696038813340015,433.954928249312,1429.9564202702854,0.0,True,0.1435531000024639,success,-1.1303961186659983,-566.0450717506881,429.95642027028543,-0.5651980593329993,-0.5660450717506881,0.4299564202702854,"{""solution_info"": {""status"": ""ok"", ""estimate"": {""beta"": 0.8696038813340015, ""eta"": 433.954928249312, ""gamma"": 1429.9564202702854, ""log_gap"": -4.390557156546502, ""log_likelihood"": -3.0077909452130207, ""objective"": 2.9836869081425394e-25, ""local_maximum"": true, ""in_shape_domain"": true, ""low_shape_author_excluded"": true}, ""candidates"": [{""beta"": 0.8696038813340015, ""eta"": 433.954928249312, ""gamma"": 1429.9564202702854, ""log_gap"": -4.390557156546502, ""log_likelihood"": -3.0077909452130207, ""objective"": 2.9836869081425394e-25, ""local_maximum"": true, ""in_shape_domain"": true, ""low_shape_author_excluded"": true}], ""shape_bounds"": [0.1, 15], ""location_lower"": -2703.0783469037437, ""location_upper"": 1442.3501422676432, ""log_gap_step"": 0.025, ""grid_points"": 748, ""extrema_checks"": 4, ""weights"": {""J1"": 0.978, ""J2"": 0.901}, ""selection"": ""root nearest original (beta=2,gamma=.9*xmin) heuristic"", ""no_boundary_or_nonzero_residual_substitution"": true}}",4,a037f899f578a8c3a4991813b0eeba945f7980fdb92f109d3efb43373627f3ff
2.0,1000.0,1000.0,15,62,paper_mle,MLE,,,,,False,0.0375657000113278,failure,,,,,,,"{""solution_info"": {""status"": ""no_stationary_root_in_paper_location_domain"", ""estimate"": null, ""candidates"": [], ""shape_bounds"": [1.01, 15], ""location_lower"": -3342.4560575470964, ""location_upper"": 1228.5145863589612, ""log_gap_step"": 0.025, ""grid_points"": 707, ""extrema_checks"": 2, ""weights"": {""J1"": 1.0, ""J2"": 1.0}, ""selection"": ""highest likelihood among finite stationary maxima"", ""no_boundary_or_nonzero_residual_substitution"": true}}",4,a3c3d06e1fe30fd27bfc00273248d75b2c383c904c34c59e01b2699f8abc108e
2.0,1000.0,1000.0,15,62,paper_cw,MMLE-I,1.503308438477847,801.4613536506677,1099.043000516715,0.0,True,0.0003213000018149,success,-0.496691561522153,-198.53864634933237,99.04300051671498,-0.2483457807610765,-0.1985386463493323,0.0990430005167149,"{""solution_info"": {""status"": ""ok"", ""estimate"": {""log_gap"": -2.0442930638930377, ""beta"": 1.503308438477847, ""eta"": 801.4613536506677, ""gamma"": 1099.043000516715, ""objective"": 1.9721522630525295e-31, ""raw_gap"": 129.4716858422465}, ""reused_verified_profile"": true}}",4,a3c3d06e1fe30fd27bfc00273248d75b2c383c904c34c59e01b2699f8abc108e
2.0,1000.0,1000.0,15,62,paper_wmle,WMLE,1.11903764491673,658.0387019778665,1197.1379004926898,0.0,True,0.1510536999558098,success,-0.8809623550832701,-341.9612980221335,197.13790049268985,-0.440481177541635,-0.3419612980221335,0.1971379004926898,"{""solution_info"": {""status"": ""ok"", ""estimate"": {""beta"": 1.1190376449167299, ""eta"": 658.0387019778665, ""gamma"": 1197.1379004926898, ""log_gap"": -3.4616869631095506, ""log_likelihood"": -7.577580670423736, ""objective"": 3.5836077379540666e-25, ""local_maximum"": true, ""in_shape_domain"": true, ""low_shape_author_excluded"": false}, ""candidates"": [{""beta"": 1.1190376449167299, ""eta"": 658.0387019778665, ""gamma"": 1197.1379004926898, ""log_gap"": -3.4616869631095506, ""log_likelihood"": -7.577580670423736, ""objective"": 3.5836077379540666e-25, ""local_maximum"": true, ""in_shape_domain"": true, ""low_shape_author_excluded"": false}], ""shape_bounds"": [0.1, 15], ""location_lower"": -3342.4560575470964, ""location_upper"": 1228.5145863589612, ""log_gap_step"": 0.025, ""grid_points"": 751, ""extrema_checks"": 4, ""weights"": {""J1"": 0.978, ""J2"": 0.901}, ""selection"": ""root nearest original (beta=2,gamma=.9*xmin) heuristic"", ""no_boundary_or_nonzero_residual_substitution"": true}}",4,a3c3d06e1fe30fd27bfc00273248d75b2c383c904c34c59e01b2699f8abc108e
2.0,1000.0,1000.0,15,63,paper_mle,MLE,1.2322950612857726,593.18804736429,1374.742359165966,0.0,True,0.044821800023783,success,-0.7677049387142274,-406.81195263571,374.7423591659661,-0.3838524693571137,-0.4068119526357099,0.374742359165966,"{""solution_info"": {""status"": ""ok"", ""estimate"": {""beta"": 1.2322950612857726, ""eta"": 593.18804736429, ""gamma"": 1374.742359165966, ""log_gap"": -4.4058423930004595, ""log_likelihood"": -5.778190274147633, ""objective"": 1.1975432394199833e-29, ""local_maximum"": true, ""in_shape_domain"": true, ""low_shape_author_excluded"": false}, ""candidates"": [{""beta"": 1.0105377198953385, ""eta"": 547.1362622132386, ""gamma"": 1386.5585609029588, ""log_gap"": -7.850343148148974, ""log_likelihood"": -5.9049060574458, ""objective"": 7.919423931320314e-31, ""local_maximum"": false, ""in_shape_domain"": true, ""low_shape_author_excluded"": false}, {""beta"": 1.2322950612857726, ""eta"": 593.18804736429, ""gamma"": 1374.742359165966, ""log_gap"": -4.4058423930004595, ""log_likelihood"": -5.778190274147633, ""objective"": 1.1975432394199833e-29, ""local_maximum"": true, ""in_shape_domain"": true, ""low_shape_author_excluded"": false}], ""shape_bounds"": [1.01, 15], ""location_lower"": -2399.2337231298975, ""location_upper"": 1386.948079151489, ""log_gap_step"": 0.025, ""grid_points"": 699, ""extrema_checks"": 2, ""weights"": {""J1"": 1.0, ""J2"": 1.0}, ""selection"": ""highest likelihood among finite stationary maxima"", ""no_boundary_or_nonzero_residual_substitution"": true}}",4,e76b42137c8e8dbfb7f7347783c6826d933bd349501e832d320ebc2d62e1e307
2.0,1000.0,1000.0,15,63,paper_cw,MMLE-I,1.89627145683478,842.2989589167502,1188.4193708007722,0.0,True,0.0003348999889567,success,-0.1037285431652199,-157.70104108324983,188.41937080077216,-0.0518642715826099,-0.1577010410832498,0.1884193708007721,"{""solution_info"": {""status"": ""ok"", ""estimate"": {""log_gap"": -1.6168210591549534, ""beta"": 1.89627145683478, ""eta"": 842.2989589167502, ""gamma"": 1188.4193708007722, ""objective"": 2.0214560696288428e-30, ""raw_gap"": 198.52880835071684}, ""reused_verified_profile"": true}}",4,e76b42137c8e8dbfb7f7347783c6826d933bd349501e832d320ebc2d62e1e307
2.0,1000.0,1000.0,15,63,paper_wmle,WMLE,1.3213568350065834,648.3852615923847,1340.3321440489528,0.0,True,0.1912187000270933,success,-0.6786431649934166,-351.6147384076153,340.33214404895284,-0.3393215824967083,-0.3516147384076152,0.3403321440489528,"{""solution_info"": {""status"": ""ok"", ""estimate"": {""beta"": 1.3213568350065834, ""eta"": 648.3852615923847, ""gamma"": 1340.3321440489528, ""log_gap"": -3.0658106961268867, ""log_likelihood"": -5.979378732074412, ""objective"": 1.135959703518257e-28, ""local_maximum"": true, ""in_shape_domain"": true, ""low_shape_author_excluded"": false}, ""candidates"": [{""beta"": 1.3213568350065834, ""eta"": 648.3852615923847, ""gamma"": 1340.3321440489528, ""log_gap"": -3.0658106961268867, ""log_likelihood"": -5.979378732074412, ""objective"": 1.135959703518257e-28, ""local_maximum"": true, ""in_shape_domain"": true, ""low_shape_author_excluded"": false}], ""shape_bounds"": [0.1, 15], ""location_lower"": -2399.2337231298975, ""location_upper"": 1386.948079151489, ""log_gap_step"": 0.025, ""grid_points"": 743, ""extrema_checks"": 6, ""weights"": {""J1"": 0.978, ""J2"": 0.901}, ""selection"": ""root nearest original (beta=2,gamma=.9*xmin) heuristic"", ""no_boundary_or_nonzero_residual_substitution"": true}}",4,e76b42137c8e8dbfb7f7347783c6826d933bd349501e832d320ebc2d62e1e307
2.0,1000.0,1000.0,15,64,paper_mle,MLE,,,,,False,0.0419359999941661,failure,,,,,,,"{""solution_info"": {""status"": ""no_stationary_root_in_paper_location_domain"", ""estimate"": null, ""candidates"": [], ""shape_bounds"": [1.01, 15], ""location_lower"": -4379.67927840261, ""location_upper"": 1280.1205875155392, ""log_gap_step"": 0.025, ""grid_points"": 716, ""extrema_checks"": 2, ""weights"": {""J1"": 1.0, ""J2"": 1.0}, ""selection"": ""highest likelihood among finite stationary maxima"", ""no_boundary_or_nonzero_residual_substitution"": true}}",4,c6322301236552c82d14b1756f0dd7f3ba03f535f40158557e31471d8d2f5cde
2.0,1000.0,1000.0,15,64,paper_cw,MMLE-I,1.3825432206045614,943.841555211616,1150.0930720256008,0.0,True,0.0003037999849766,success,-0.6174567793954386,-56.15844478838392,150.0930720256008,-0.3087283896977193,-0.0561584447883839,0.1500930720256008,"{""solution_info"": {""status"": ""ok"", ""estimate"": {""log_gap"": -2.040008424240262, ""beta"": 1.3825432206045614, ""eta"": 943.8415552116161, ""gamma"": 1150.0930720256008, ""objective"": 7.888609052210118e-31, ""raw_gap"": 130.02761548993846}, ""reused_verified_profile"": true}}",4,c6322301236552c82d14b1756f0dd7f3ba03f535f40158557e31471d8d2f5cde
2.0,1000.0,1000.0,15,64,paper_wmle,WMLE,1.1071421609261254,837.2375078320443,1217.5256882082438,0.0,True,0.1870970000163652,success,-0.8928578390738746,-162.76249216795566,217.52568820824376,-0.4464289195369373,-0.1627624921679556,0.2175256882082437,"{""solution_info"": {""status"": ""ok"", ""estimate"": {""beta"": 1.1071421609261254, ""eta"": 837.2375078320443, ""gamma"": 1217.5256882082438, ""log_gap"": -2.77106988733696, ""log_likelihood"": -11.293753845141971, ""objective"": 3.3526588471893e-30, ""local_maximum"": true, ""in_shape_domain"": true, ""low_shape_author_excluded"": false}, ""candidates"": [{""beta"": 1.1071421609261254, ""eta"": 837.2375078320443, ""gamma"": 1217.5256882082438, ""log_gap"": -2.77106988733696, ""log_likelihood"": -11.293753845141971, ""objective"": 3.3526588471893e-30, ""local_maximum"": true, ""in_shape_domain"": true, ""low_shape_author_excluded"": false}], ""shape_bounds"": [0.1, 15], ""location_lower"": -4379.67927840261, ""location_upper"": 1280.1205875155392, ""log_gap_step"": 0.025, ""grid_points"": 761, ""extrema_checks"": 6, ""weights"": {""J1"": 0.978, ""J2"": 0.901}, ""selection"": ""root nearest original (beta=2,gamma=.9*xmin) heuristic"", ""no_boundary_or_nonzero_residual_substitution"": true}}",4,c6322301236552c82d14b1756f0dd7f3ba03f535f40158557e31471d8d2f5cde
2.0,1000.0,1000.0,15,65,paper_mle,MLE,,,,,False,0.0349952999968081,failure,,,,,,,"{""solution_info"": {""status"": ""no_stationary_root_in_paper_location_domain"", ""estimate"": null, ""candidates"": [], ""shape_bounds"": [1.01, 15], ""location_lower"": -2907.871048084779, ""location_upper"": 1258.022635787286, ""log_gap_step"": 0.025, ""grid_points"": 703, ""extrema_checks"": 2, ""weights"": {""J1"": 1.0, ""J2"": 1.0}, ""selection"": ""highest likelihood among finite stationary maxima"", ""no_boundary_or_nonzero_residual_substitution"": true}}",4,9522762c18cf3a5152dcc2b04b7c596ed02c50577723b48ad37a95989947e4f2
2.0,1000.0,1000.0,15,65,paper_cw,MMLE-I,1.1679915625822812,581.9681461027063,1202.3168250079607,0.0,True,0.0003090999671258,success,-0.8320084374177188,-418.0318538972937,202.3168250079607,-0.4160042187088594,-0.4180318538972937,0.2023168250079607,"{""solution_info"": {""status"": ""ok"", ""estimate"": {""log_gap"": -2.8876690195582886, ""beta"": 1.1679915625822812, ""eta"": 581.9681461027063, ""gamma"": 1202.3168250079607, ""objective"": 3.3526588471893e-30, ""raw_gap"": 55.7059107793252}, ""reused_verified_profile"": true}}",4,9522762c18cf3a5152dcc2b04b7c596ed02c50577723b48ad37a95989947e4f2
2.0,1000.0,1000.0,15,65,paper_wmle,WMLE,0.9175343247414812,507.6704258972538,1240.938270733173,0.0,True,0.1426795999868773,success,-1.082465675258519,-492.3295741027462,240.9382707331731,-0.5412328376292593,-0.4923295741027462,0.2409382707331731,"{""solution_info"": {""status"": ""ok"", ""estimate"": {""beta"": 0.9175343247414813, ""eta"": 507.6704258972538, ""gamma"": 1240.938270733173, ""log_gap"": -4.069585704755954, ""log_likelihood"": -5.035656544890562, ""objective"": 0.0, ""local_maximum"": true, ""in_shape_domain"": true, ""low_shape_author_excluded"": true}, ""candidates"": [{""beta"": 0.9175343247414813, ""eta"": 507.6704258972538, ""gamma"": 1240.938270733173, ""log_gap"": -4.069585704755954, ""log_likelihood"": -5.035656544890562, ""objective"": 0.0, ""local_maximum"": true, ""in_shape_domain"": true, ""low_shape_author_excluded"": true}], ""shape_bounds"": [0.1, 15], ""location_lower"": -2907.871048084779, ""location_upper"": 1258.022635787286, ""log_gap_step"": 0.025, ""grid_points"": 748, ""extrema_checks"": 4, ""weights"": {""J1"": 0.978, ""J2"": 0.901}, ""selection"": ""root nearest original (beta=2,gamma=.9*xmin) heuristic"", ""no_boundary_or_nonzero_residual_substitution"": true}}",4,9522762c18cf3a5152dcc2b04b7c596ed02c50577723b48ad37a95989947e4f2
2.0,1000.0,1000.0,15,66,paper_mle,MLE,1.895178712998092,592.2738651047399,1353.7101563658862,0.0,True,0.0437282000202685,success,-0.1048212870019078,-407.7261348952601,353.7101563658862,-0.0524106435009539,-0.4077261348952601,0.3537101563658861,"{""solution_info"": {""status"": ""ok"", ""estimate"": {""beta"": 1.8951787129980922, ""eta"": 592.2738651047399, ""gamma"": 1353.7101563658862, ""log_gap"": -2.750015544747725, ""log_likelihood"": -1.7277115003229877, ""objective"": 7.919423931320314e-31, ""local_maximum"": true, ""in_shape_domain"": true, ""low_shape_author_excluded"": false}, ""candidates"": [{""beta"": 1.000380022059597, ""eta"": 462.63852946958315, ""gamma"": 1417.6252984697574, ""log_gap"": -11.353755850945312, ""log_likelihood"": -3.436656838757214, ""objective"": 2.7733391199176196e-32, ""local_maximum"": false, ""in_shape_domain"": false, ""low_shape_author_excluded"": true}, {""beta"": 1.8951787129980922, ""eta"": 592.2738651047399, ""gamma"": 1353.7101563658862, ""log_gap"": -2.750015544747725, ""log_likelihood"": -1.7277115003229877, ""objective"": 7.919423931320314e-31, ""local_maximum"": true, ""in_shape_domain"": true, ""low_shape_author_excluded"": false}], ""shape_bounds"": [1.01, 15], ""location_lower"": -1083.1851963514634, ""location_upper"": 1417.6369238378422, ""log_gap_step"": 0.025, ""grid_points"": 683, ""extrema_checks"": 2, ""weights"": {""J1"": 1.0, ""J2"": 1.0}, ""selection"": ""highest likelihood among finite stationary maxima"", ""no_boundary_or_nonzero_residual_substitution"": true}}",4,25ccfb696f111279da897bfafe497c1714fd24c1c1a7d37073c8f99e0af41836
2.0,1000.0,1000.0,15,66,paper_cw,MMLE-I,3.4042283916427607,1023.4996946715578,960.0546510124768,0.0,True,0.0003060000017285,success,1.4042283916427607,23.49969467155779,-39.94534898752329,0.7021141958213803,0.0234996946715577,-0.0399453489875232,"{""solution_info"": {""status"": ""ok"", ""estimate"": {""log_gap"": -0.7817983605820876, ""beta"": 3.4042283916427607, ""eta"": 1023.4996946715578, ""gamma"": 960.0546510124767, ""objective"": 1.5274319277341841e-27, ""raw_gap"": 457.5823728253657}, ""reused_verified_profile"": true}}",4,25ccfb696f111279da897bfafe497c1714fd24c1c1a7d37073c8f99e0af41836
2.0,1000.0,1000.0,15,66,paper_wmle,WMLE,1.8584600987880395,612.7736768534581,1336.129452313842,0.0,True,0.173923599999398,success,-0.1415399012119604,-387.22632314654186,336.129452313842,-0.0707699506059802,-0.3872263231465419,0.3361294523138419,"{""solution_info"": {""status"": ""ok"", ""estimate"": {""beta"": 1.8584600987880395, ""eta"": 612.7736768534581, ""gamma"": 1336.129452313842, ""log_gap"": -2.5070593609154814, ""log_likelihood"": -1.7901788805878418, ""objective"": 6.5673163397715e-27, ""local_maximum"": true, ""in_shape_domain"": true, ""low_shape_author_excluded"": false}, ""candidates"": [{""beta"": 1.8584600987880395, ""eta"": 612.7736768534581, ""gamma"": 1336.129452313842, ""log_gap"": -2.5070593609154814, ""log_likelihood"": -1.7901788805878418, ""objective"": 6.5673163397715e-27, ""local_maximum"": true, ""in_shape_domain"": true, ""low_shape_author_excluded"": false}], ""shape_bounds"": [0.1, 15], ""location_lower"": -1083.1851963514634, ""location_upper"": 1417.6369238378422, ""log_gap_step"": 0.025, ""grid_points"": 726, ""extrema_checks"": 6, ""weights"": {""J1"": 0.978, ""J2"": 0.901}, ""selection"": ""root nearest original (beta=2,gamma=.9*xmin) heuristic"", ""no_boundary_or_nonzero_residual_substitution"": true}}",4,25ccfb696f111279da897bfafe497c1714fd24c1c1a7d37073c8f99e0af41836
2.0,1000.0,1000.0,15,67,paper_mle,MLE,,,,,False,0.0365296000381931,failure,,,,,,,"{""solution_info"": {""status"": ""no_stationary_root_in_paper_location_domain"", ""estimate"": null, ""candidates"": [], ""shape_bounds"": [1.01, 15], ""location_lower"": -2084.2551393617755, ""location_upper"": 1427.9904612821786, ""log_gap_step"": 0.025, ""grid_points"": 696, ""extrema_checks"": 2, ""weights"": {""J1"": 1.0, ""J2"": 1.0}, ""selection"": ""highest likelihood among finite stationary maxima"", ""no_boundary_or_nonzero_residual_substitution"": true}}",4,9686751f64f85dbfdba6f6149c9880b2de8276b0527f342e048edcb0e5919b81
2.0,1000.0,1000.0,15,67,paper_cw,MMLE-I,1.6597455763818845,683.4154104839478,1296.8918684355706,0.0,True,0.0003094000276178,success,-0.3402544236181155,-316.58458951605223,296.8918684355706,-0.1701272118090577,-0.3165845895160522,0.2968918684355706,"{""solution_info"": {""status"": ""ok"", ""estimate"": {""log_gap"": -2.0318048589211686, ""beta"": 1.6597455763818845, ""eta"": 683.4154104839478, ""gamma"": 1296.8918684355706, ""objective"": 1.232595164407831e-30, ""raw_gap"": 131.09869284660795}, ""reused_verified_profile"": true}}",4,9686751f64f85dbfdba6f6149c9880b2de8276b0527f342e048edcb0e5919b81
2.0,1000.0,1000.0,15,67,paper_wmle,WMLE,1.2083499399535915,550.9568396311594,1393.5042453218102,0.0,True,0.1579235999961383,success,-0.7916500600464085,-449.04316036884063,393.50424532181023,-0.3958250300232042,-0.4490431603688406,0.3935042453218102,"{""solution_info"": {""status"": ""ok"", ""estimate"": {""beta"": 1.2083499399535915, ""eta"": 550.9568396311594, ""gamma"": 1393.5042453218102, ""log_gap"": -3.367192672456715, ""log_likelihood"": -4.310034262010319, ""objective"": 9.860761315262648e-30, ""local_maximum"": true, ""in_shape_domain"": true, ""low_shape_author_excluded"": false}, ""candidates"": [{""beta"": 1.2083499399535915, ""eta"": 550.9568396311594, ""gamma"": 1393.5042453218102, ""log_gap"": -3.367192672456715, ""log_likelihood"": -4.310034262010319, ""objective"": 9.860761315262648e-30, ""local_maximum"": true, ""in_shape_domain"": true, ""low_shape_author_excluded"": false}], ""shape_bounds"": [0.1, 15], ""location_lower"": -2084.2551393617755, ""location_upper"": 1427.9904612821786, ""log_gap_step"": 0.025, ""grid_points"": 740, ""extrema_checks"": 4, ""weights"": {""J1"": 0.978, ""J2"": 0.901}, ""selection"": ""root nearest original (beta=2,gamma=.9*xmin) heuristic"", ""no_boundary_or_nonzero_residual_substitution"": true}}",4,9686751f64f85dbfdba6f6149c9880b2de8276b0527f342e048edcb0e5919b81
2.0,1000.0,1000.0,15,68,paper_mle,MLE,2.61024339537009,1122.1487119883727,1014.4907935274288,0.0,True,0.0408041999908164,success,0.6102433953700901,122.14871198837272,14.490793527428764,0.305121697685045,0.1221487119883727,0.0144907935274287,"{""solution_info"": {""status"": ""ok"", ""estimate"": {""beta"": 2.61024339537009, ""eta"": 1122.1487119883727, ""gamma"": 1014.4907935274288, ""log_gap"": -1.1837665753923348, ""log_likelihood"": -7.961688479182998, ""objective"": 5.700752635386218e-31, ""local_maximum"": true, ""in_shape_domain"": true, ""low_shape_author_excluded"": false}, ""candidates"": [{""beta"": 1.001405591615318, ""eta"": 688.88411396427, ""gamma"": 1320.5496413217484, ""log_gap"": -9.646070383099186, ""log_likelihood"": -9.404888188214773, ""objective"": 3.232480818659537e-30, ""local_maximum"": false, ""in_shape_domain"": false, ""low_shape_author_excluded"": true}, {""beta"": 2.61024339537009, ""eta"": 1122.1487119883727, ""gamma"": 1014.4907935274288, ""log_gap"": -1.1837665753923348, ""log_likelihood"": -7.961688479182998, ""objective"": 5.700752635386218e-31, ""local_maximum"": true, ""in_shape_domain"": true, ""low_shape_author_excluded"": false}], ""shape_bounds"": [1.01, 15], ""location_lower"": -2336.1619357493173, ""location_upper"": 1320.614220554658, ""log_gap_step"": 0.025, ""grid_points"": 698, ""extrema_checks"": 2, ""weights"": {""J1"": 1.0, ""J2"": 1.0}, ""selection"": ""highest likelihood among finite stationary maxima"", ""no_boundary_or_nonzero_residual_substitution"": true}}",4,24aac1919ca413979848bb0e502d9aad87465718f9e2b46192e38bec1dcedfd0
2.0,1000.0,1000.0,15,68,paper_cw,MMLE-I,5.695121727341156,2252.652261305658,-71.61769945790675,0.0,True,0.0003139000036753,success,3.695121727341156,1252.6522613056582,-1071.6176994579068,1.8475608636705776,1.252652261305658,-1.0716176994579067,"{""solution_info"": {""status"": ""ok"", ""estimate"": {""log_gap"": 0.33090822906599543, ""beta"": 5.695121727341156, ""eta"": 2252.652261305658, ""gamma"": -71.61769945790675, ""objective"": 3.2047474274603605e-30, ""raw_gap"": 1392.2320200125648}, ""reused_verified_profile"": true}}",4,24aac1919ca413979848bb0e502d9aad87465718f9e2b46192e38bec1dcedfd0
2.0,1000.0,1000.0,15,68,paper_wmle,WMLE,2.301524534454729,1071.9018827860837,1058.5626598927734,0.0,True,0.3971349999774247,success,0.301524534454729,71.90188278608366,58.56265989277336,0.1507622672273645,0.0719018827860836,0.0585626598927733,"{""solution_info"": {""status"": ""ok"", ""estimate"": {""beta"": 2.301524534454729, ""eta"": 1071.9018827860837, ""gamma"": 1058.5626598927734, ""log_gap"": -1.3392136165592894, ""log_likelihood"": -8.02105259652151, ""objective"": 1.3100021407326427e-27, ""local_maximum"": true, ""in_shape_domain"": true, ""low_shape_author_excluded"": false}, ""candidates"": [{""beta"": 2.301524534454729, ""eta"": 1071.9018827860837, ""gamma"": 1058.5626598927734, ""log_gap"": -1.3392136165592894, ""log_likelihood"": -8.02105259652151, ""objective"": 1.3100021407326427e-27, ""local_maximum"": true, ""in_shape_domain"": true, ""low_shape_author_excluded"": false}], ""shape_bounds"": [0.1, 15], ""location_lower"": -2336.1619357493173, ""location_upper"": 1320.614220554658, ""log_gap_step"": 0.025, ""grid_points"": 742, ""extrema_checks"": 18, ""weights"": {""J1"": 0.978, ""J2"": 0.901}, ""selection"": ""root nearest original (beta=2,gamma=.9*xmin) heuristic"", ""no_boundary_or_nonzero_residual_substitution"": true}}",4,24aac1919ca413979848bb0e502d9aad87465718f9e2b46192e38bec1dcedfd0
2.0,1000.0,1000.0,15,69,paper_mle,MLE,1.8569755248041069,1060.423251950135,942.1686291848844,0.0,True,0.0259195999824441,success,-0.1430244751958931,60.42325195013496,-57.83137081511552,-0.0715122375979465,0.0604232519501349,-0.0578313708151155,"{""solution_info"": {""status"": ""ok"", ""estimate"": {""beta"": 1.8569755248041069, ""eta"": 1060.423251950135, ""gamma"": 942.1686291848845, ""log_gap"": -1.7319103838828152, ""log_likelihood"": -10.917317889178689, ""objective"": 3.5745259767827097e-31, ""local_maximum"": true, ""in_shape_domain"": true, ""low_shape_author_excluded"": false}, ""candidates"": [{""beta"": 1.0698316474633094, ""eta"": 786.794129986426, ""gamma"": 1114.3897814825307, ""log_gap"": -5.354908947368384, ""log_likelihood"": -11.078497940789669, ""objective"": 7.936757300819799e-31, ""local_maximum"": false, ""in_shape_domain"": true, ""low_shape_author_excluded"": false}, {""beta"": 1.8569755248041069, ""eta"": 1060.423251950135, ""gamma"": 942.1686291848845, ""log_gap"": -1.7319103838828152, ""log_likelihood"": -10.917317889178689, ""objective"": 3.5745259767827097e-31, ""local_maximum"": true, ""in_shape_domain"": true, ""low_shape_author_excluded"": false}], ""shape_bounds"": [1.01, 15], ""location_lower"": -3464.2476004958453, ""location_upper"": 1119.114581175002, ""log_gap_step"": 0.025, ""grid_points"": 707, ""extrema_checks"": 2, ""weights"": {""J1"": 1.0, ""J2"": 1.0}, ""selection"": ""highest likelihood among finite stationary maxima"", ""no_boundary_or_nonzero_residual_substitution"": true}}",4,7918a1b7ce0a88de01ac32a4effd3b77a63313cf68493c696687dbf8f4b3bc9a
2.0,1000.0,1000.0,15,69,paper_cw,MMLE-I,3.0492191445558072,1585.8199897141044,473.56349632147686,0.0,True,0.0022951000137254,success,1.0492191445558072,585.8199897141044,-526.4365036785232,0.5246095722779036,0.5858199897141044,-0.5264365036785232,"{""solution_info"": {""status"": ""ok"", ""estimate"": {""log_gap"": -0.43765077694596843, ""beta"": 3.0492191445558072, ""eta"": 1585.8199897141044, ""gamma"": 473.56349632147686, ""objective"": 3.1677695725281255e-30, ""raw_gap"": 645.5511848535252}, ""reused_verified_profile"": true}}",4,7918a1b7ce0a88de01ac32a4effd3b77a63313cf68493c696687dbf8f4b3bc9a
2.0,1000.0,1000.0,15,69,paper_wmle,WMLE,1.9512644034243187,1157.2415022474345,860.0176272925572,0.0,True,0.3117394999717362,success,-0.0487355965756812,157.24150224743448,-139.98237270744278,-0.0243677982878406,0.1572415022474345,-0.1399823727074427,"{""solution_info"": {""status"": ""ok"", ""estimate"": {""beta"": 1.9512644034243187, ""eta"": 1157.2415022474345, ""gamma"": 860.0176272925572, ""log_gap"": -1.3505525620597882, ""log_likelihood"": -10.986535903080366, ""objective"": 2.465190328815662e-30, ""local_maximum"": true, ""in_shape_domain"": true, ""low_shape_author_excluded"": false}, ""candidates"": [{""beta"": 1.9512644034243187, ""eta"": 1157.2415022474345, ""gamma"": 860.0176272925572, ""log_gap"": -1.3505525620597882, ""log_likelihood"": -10.986535903080366, ""objective"": 2.465190328815662e-30, ""local_maximum"": true, ""in_shape_domain"": true, ""low_shape_author_excluded"": false}], ""shape_bounds"": [0.1, 15], ""location_lower"": -3464.2476004958453, ""location_upper"": 1119.114581175002, ""log_gap_step"": 0.025, ""grid_points"": 752, ""extrema_checks"": 20, ""weights"": {""J1"": 0.978, ""J2"": 0.901}, ""selection"": ""root nearest original (beta=2,gamma=.9*xmin) heuristic"", ""no_boundary_or_nonzero_residual_substitution"": true}}",4,7918a1b7ce0a88de01ac32a4effd3b77a63313cf68493c696687dbf8f4b3bc9a
2.0,1000.0,1000.0,15,70,paper_mle,MLE,1.5540664382480265,791.626397837993,1084.474691151201,0.0,True,0.045241400017403,success,-0.4459335617519737,-208.37360216200705,84.47469115120089,-0.2229667808759868,-0.208373602162007,0.0844746911512008,"{""solution_info"": {""status"": ""ok"", ""estimate"": {""beta"": 1.5540664382480263, ""eta"": 791.626397837993, ""gamma"": 1084.474691151201, ""log_gap"": -2.9109286536115215, ""log_likelihood"": -8.181151431623167, ""objective"": 4.198527278764174e-31, ""local_maximum"": true, ""in_shape_domain"": true, ""low_shape_author_excluded"": false}, ""candidates"": [{""beta"": 1.0029947483338317, ""eta"": 661.3019001146021, ""gamma"": 1138.7672863511455, ""log_gap"": -8.928406776204556, ""log_likelihood"": -8.785021211824525, ""objective"": 3.0814879110195774e-33, ""local_maximum"": false, ""in_shape_domain"": false, ""low_shape_author_excluded"": true}, {""beta"": 1.5540664382480263, ""eta"": 791.626397837993, ""gamma"": 1084.474691151201, ""log_gap"": -2.9109286536115215, ""log_likelihood"": -8.181151431623167, ""objective"": 4.198527278764174e-31, ""local_maximum"": true, ""in_shape_domain"": true, ""low_shape_author_excluded"": false}], ""shape_bounds"": [1.01, 15], ""location_lower"": -2838.601007350395, ""location_upper"": 1138.8997554197051, ""log_gap_step"": 0.025, ""grid_points"": 701, ""extrema_checks"": 2, ""weights"": {""J1"": 1.0, ""J2"": 1.0}, ""selection"": ""highest likelihood among finite stationary maxima"", ""no_boundary_or_nonzero_residual_substitution"": true}}",4,2a238ebecec8c073731b6fee7e766f99c4c7c88b71c637b47404893d2f3c669e
2.0,1000.0,1000.0,15,70,paper_cw,MMLE-I,2.7577759423906545,1277.7563668111488,665.8844470462034,0.0,True,0.0003775000222958,success,0.7577759423906545,277.75636681114884,-334.1155529537966,0.3788879711953272,0.2777563668111488,-0.3341155529537966,"{""solution_info"": {""status"": ""ok"", ""estimate"": {""log_gap"": -0.7486273151782868, ""beta"": 2.7577759423906545, ""eta"": 1277.7563668111488, ""gamma"": 665.8844470462034, ""objective"": 3.885139958213483e-29, ""raw_gap"": 473.01540837350177}, ""reused_verified_profile"": true}}",4,2a238ebecec8c073731b6fee7e766f99c4c7c88b71c637b47404893d2f3c669e
2.0,1000.0,1000.0,15,70,paper_wmle,WMLE,1.639067756979876,862.2066596982751,1029.9774847898875,0.0,True,0.1721440000110305,success,-0.360932243020124,-137.79334030172492,29.977484789887512,-0.180466121510062,-0.1377933403017249,0.0299774847898875,"{""solution_info"": {""status"": ""ok"", ""estimate"": {""beta"": 1.639067756979876, ""eta"": 862.2066596982751, ""gamma"": 1029.9774847898875, ""log_gap"": -2.2171198465418027, ""log_likelihood"": -8.28992801640253, ""objective"": 5.541747859177608e-28, ""local_maximum"": true, ""in_shape_domain"": true, ""low_shape_author_excluded"": false}, ""candidates"": [{""beta"": 1.639067756979876, ""eta"": 862.2066596982751, ""gamma"": 1029.9774847898875, ""log_gap"": -2.2171198465418027, ""log_likelihood"": -8.28992801640253, ""objective"": 5.541747859177608e-28, ""local_maximum"": true, ""in_shape_domain"": true, ""low_shape_author_excluded"": false}], ""shape_bounds"": [0.1, 15], ""location_lower"": -2838.601007350395, ""location_upper"": 1138.8997554197051, ""log_gap_step"": 0.025, ""grid_points"": 745, ""extrema_checks"": 6, ""weights"": {""J1"": 0.978, ""J2"": 0.901}, ""selection"": ""root nearest original (beta=2,gamma=.9*xmin) heuristic"", ""no_boundary_or_nonzero_residual_substitution"": true}}",4,2a238ebecec8c073731b6fee7e766f99c4c7c88b71c637b47404893d2f3c669e
2.0,1000.0,1000.0,15,71,paper_mle,MLE,,,,,False,0.0392441999865695,failure,,,,,,,"{""solution_info"": {""status"": ""no_stationary_root_in_paper_location_domain"", ""estimate"": null, ""candidates"": [], ""shape_bounds"": [1.01, 15], ""location_lower"": -2963.763240587232, ""location_upper"": 1294.0543487910675, ""log_gap_step"": 0.025, ""grid_points"": 704, ""extrema_checks"": 2, ""weights"": {""J1"": 1.0, ""J2"": 1.0}, ""selection"": ""highest likelihood among finite stationary maxima"", ""no_boundary_or_nonzero_residual_substitution"": true}}",4,6d8059196f1b5f6edab1024d364f63014d3508103fa1d2aab68616b76e136118
2.0,1000.0,1000.0,15,71,paper_cw,MMLE-I,1.6816193305514968,849.433123057103,1127.5712828783765,0.0,True,0.0003018000279553,success,-0.3183806694485032,-150.566876942897,127.57128287837644,-0.1591903347242516,-0.150566876942897,0.1275712828783764,"{""solution_info"": {""status"": ""ok"", ""estimate"": {""log_gap"": -1.7928610803026397, ""beta"": 1.6816193305514968, ""eta"": 849.433123057103, ""gamma"": 1127.5712828783765, ""objective"": 1.9721522630525295e-31, ""raw_gap"": 166.48316591269116}, ""reused_verified_profile"": true}}",4,6d8059196f1b5f6edab1024d364f63014d3508103fa1d2aab68616b76e136118
2.0,1000.0,1000.0,15,71,paper_wmle,WMLE,1.2041059491294364,683.0425968953153,1248.4363043228018,0.0,True,0.1666184000205248,success,-0.7958940508705636,-316.95740310468466,248.4363043228018,-0.3979470254352818,-0.3169574031046847,0.2484363043228017,"{""solution_info"": {""status"": ""ok"", ""estimate"": {""beta"": 1.2041059491294364, ""eta"": 683.0425968953153, ""gamma"": 1248.4363043228018, ""log_gap"": -3.0874497365991744, ""log_likelihood"": -7.583112078096423, ""objective"": 3.885139958213483e-29, ""local_maximum"": true, ""in_shape_domain"": true, ""low_shape_author_excluded"": false}, ""candidates"": [{""beta"": 1.2041059491294364, ""eta"": 683.0425968953153, ""gamma"": 1248.4363043228018, ""log_gap"": -3.0874497365991744, ""log_likelihood"": -7.583112078096423, ""objective"": 3.885139958213483e-29, ""local_maximum"": true, ""in_shape_domain"": true, ""low_shape_author_excluded"": false}], ""shape_bounds"": [0.1, 15], ""location_lower"": -2963.763240587232, ""location_upper"": 1294.0543487910675, ""log_gap_step"": 0.025, ""grid_points"": 748, ""extrema_checks"": 4, ""weights"": {""J1"": 0.978, ""J2"": 0.901}, ""selection"": ""root nearest original (beta=2,gamma=.9*xmin) heuristic"", ""no_boundary_or_nonzero_residual_substitution"": true}}",4,6d8059196f1b5f6edab1024d364f63014d3508103fa1d2aab68616b76e136118
2.0,1000.0,1000.0,15,72,paper_mle,MLE,1.8182543640251811,811.6518756962807,1273.1912599742118,0.0,True,0.0320369999972172,success,-0.1817456359748186,-188.3481243037193,273.1912599742118,-0.0908728179874093,-0.1883481243037192,0.2731912599742118,"{""solution_info"": {""status"": ""ok"", ""estimate"": {""beta"": 1.8182543640251814, ""eta"": 811.6518756962807, ""gamma"": 1273.1912599742118, ""log_gap"": -2.432626528929343, ""log_likelihood"": -7.024664621000396, ""objective"": 3.0814879110195774e-33, ""local_maximum"": true, ""in_shape_domain"": true, ""low_shape_author_excluded"": false}, ""candidates"": [{""beta"": 1.0010319596651884, ""eta"": 635.160971038505, ""gamma"": 1360.9534158460801, ""log_gap"": -10.037045802150955, ""log_likelihood"": -8.188194702987037, ""objective"": 1.0171702704783967e-28, ""local_maximum"": false, ""in_shape_domain"": false, ""low_shape_author_excluded"": true}, {""beta"": 1.8182543640251814, ""eta"": 811.6518756962807, ""gamma"": 1273.1912599742118, ""log_gap"": -2.432626528929343, ""log_likelihood"": -7.024664621000396, ""objective"": 3.0814879110195774e-33, ""local_maximum"": true, ""in_shape_domain"": true, ""low_shape_author_excluded"": false}], ""shape_bounds"": [1.01, 15], ""location_lower"": -2197.2181786699066, ""location_upper"": 1360.9970646711024, ""log_gap_step"": 0.025, ""grid_points"": 697, ""extrema_checks"": 2, ""weights"": {""J1"": 1.0, ""J2"": 1.0}, ""selection"": ""highest likelihood among finite stationary maxima"", ""no_boundary_or_nonzero_residual_substitution"": true}}",4,1f9012ded3dd13097c0e27de2fa958ec9d719fd2bfb0feff8f6f599f463c77c7
2.0,1000.0,1000.0,15,72,paper_cw,MMLE-I,3.731014705029185,1508.0520817593017,637.528468191425,0.0,True,0.0005369000136852,success,1.7310147050291853,508.0520817593015,-362.47153180857504,0.8655073525145927,0.5080520817593015,-0.362471531808575,"{""solution_info"": {""status"": ""ok"", ""estimate"": {""log_gap"": -0.3236980006335332, ""beta"": 3.7310147050291853, ""eta"": 1508.0520817593015, ""gamma"": 637.528468191425, ""objective"": 3.5991778800708664e-30, ""raw_gap"": 723.4686964796776}, ""reused_verified_profile"": true}}",4,1f9012ded3dd13097c0e27de2fa958ec9d719fd2bfb0feff8f6f599f463c77c7
2.0,1000.0,1000.0,15,72,paper_wmle,WMLE,1.8293677763624168,856.9953389360546,1235.0774626439318,0.0,True,0.2193158000009134,success,-0.1706322236375828,-143.00466106394538,235.07746264393177,-0.0853161118187914,-0.1430046610639453,0.2350774626439317,"{""solution_info"": {""status"": ""ok"", ""estimate"": {""beta"": 1.8293677763624172, ""eta"": 856.9953389360546, ""gamma"": 1235.0774626439318, ""log_gap"": -2.0721108606820224, ""log_likelihood"": -7.096605224833277, ""objective"": 0.0, ""local_maximum"": true, ""in_shape_domain"": true, ""low_shape_author_excluded"": false}, ""candidates"": [{""beta"": 1.8293677763624172, ""eta"": 856.9953389360546, ""gamma"": 1235.0774626439318, ""log_gap"": -2.0721108606820224, ""log_likelihood"": -7.096605224833277, ""objective"": 0.0, ""local_maximum"": true, ""in_shape_domain"": true, ""low_shape_author_excluded"": false}], ""shape_bounds"": [0.1, 15], ""location_lower"": -2197.2181786699066, ""location_upper"": 1360.9970646711024, ""log_gap_step"": 0.025, ""grid_points"": 741, ""extrema_checks"": 10, ""weights"": {""J1"": 0.978, ""J2"": 0.901}, ""selection"": ""root nearest original (beta=2,gamma=.9*xmin) heuristic"", ""no_boundary_or_nonzero_residual_substitution"": true}}",4,1f9012ded3dd13097c0e27de2fa958ec9d719fd2bfb0feff8f6f599f463c77c7
2.0,1000.0,1000.0,15,73,paper_mle,MLE,1.4556636486502237,914.982229231908,1106.2467113400664,0.0,True,0.0494936000322923,success,-0.5443363513497765,-85.01777076809196,106.24671134006644,-0.2721681756748882,-0.0850177707680919,0.1062467113400664,"{""solution_info"": {""status"": ""ok"", ""estimate"": {""beta"": 1.4556636486502235, ""eta"": 914.982229231908, ""gamma"": 1106.2467113400664, ""log_gap"": -3.0862359748490706, ""log_likelihood"": -10.951623762270449, ""objective"": 2.258225274759943e-27, ""local_maximum"": true, ""in_shape_domain"": true, ""low_shape_author_excluded"": false}, ""candidates"": [{""beta"": 1.003589158646032, ""eta"": 788.6219830135067, ""gamma"": 1151.7307337915367, ""log_gap"": -8.570988603031132, ""log_likelihood"": -11.423232581467076, ""objective"": 1.925929944387236e-34, ""local_maximum"": false, ""in_shape_domain"": false, ""low_shape_author_excluded"": true}, {""beta"": 1.4556636486502235, ""eta"": 914.982229231908, ""gamma"": 1106.2467113400664, ""log_gap"": -3.0862359748490706, ""log_likelihood"": -10.951623762270449, ""objective"": 2.258225274759943e-27, ""local_maximum"": true, ""in_shape_domain"": true, ""low_shape_author_excluded"": false}], ""shape_bounds"": [1.01, 15], ""location_lower"": -3690.7003484525244, ""location_upper"": 1151.920158983524, ""log_gap_step"": 0.025, ""grid_points"": 709, ""extrema_checks"": 2, ""weights"": {""J1"": 1.0, ""J2"": 1.0}, ""selection"": ""highest likelihood among finite stationary maxima"", ""no_boundary_or_nonzero_residual_substitution"": true}}",4,844f38303c30b7bcf4375d3caad4877dd5b7daf2a35fda8035645ff453597854
2.0,1000.0,1000.0,15,73,paper_cw,MMLE-I,2.752532146841509,1525.98294821417,588.0817496815246,0.0,True,0.0003420999855734,success,0.7525321468415092,525.9829482141699,-411.9182503184754,0.3762660734207546,0.5259829482141699,-0.4119182503184754,"{""solution_info"": {""status"": ""ok"", ""estimate"": {""log_gap"": -0.5729873995094564, ""beta"": 2.752532146841509, ""eta"": 1525.98294821417, ""gamma"": 588.0817496815246, ""objective"": 8.38164711797325e-31, ""raw_gap"": 563.8385093019995}, ""reused_verified_profile"": true}}",4,844f38303c30b7bcf4375d3caad4877dd5b7daf2a35fda8035645ff453597854
2.0,1000.0,1000.0,15,73,paper_wmle,WMLE,1.545945131655581,998.697502889958,1044.5254721551023,0.0,True,0.2389950000215321,success,-0.454054868344419,-1.3024971100420544,44.52547215510253,-0.2270274341722095,-0.001302497110042,0.0445254721551025,"{""solution_info"": {""status"": ""ok"", ""estimate"": {""beta"": 1.545945131655581, ""eta"": 998.697502889958, ""gamma"": 1044.5254721551025, ""log_gap"": -2.231243637858077, ""log_likelihood"": -11.081646243816385, ""objective"": 2.0510383535746307e-29, ""local_maximum"": true, ""in_shape_domain"": true, ""low_shape_author_excluded"": false}, ""candidates"": [{""beta"": 1.545945131655581, ""eta"": 998.697502889958, ""gamma"": 1044.5254721551025, ""log_gap"": -2.231243637858077, ""log_likelihood"": -11.081646243816385, ""objective"": 2.0510383535746307e-29, ""local_maximum"": true, ""in_shape_domain"": true, ""low_shape_author_excluded"": false}], ""shape_bounds"": [0.1, 15], ""location_lower"": -3690.7003484525244, ""location_upper"": 1151.920158983524, ""log_gap_step"": 0.025, ""grid_points"": 753, ""extrema_checks"": 8, ""weights"": {""J1"": 0.978, ""J2"": 0.901}, ""selection"": ""root nearest original (beta=2,gamma=.9*xmin) heuristic"", ""no_boundary_or_nonzero_residual_substitution"": true}}",4,844f38303c30b7bcf4375d3caad4877dd5b7daf2a35fda8035645ff453597854
2.0,1000.0,1000.0,15,74,paper_mle,MLE,,,,,False,0.0585586000233888,failure,,,,,,,"{""solution_info"": {""status"": ""no_stationary_root_in_paper_location_domain"", ""estimate"": null, ""candidates"": [], ""shape_bounds"": [1.01, 15], ""location_lower"": -4240.3977082184865, ""location_upper"": 1458.0465370736492, ""log_gap_step"": 0.025, ""grid_points"": 716, ""extrema_checks"": 2, ""weights"": {""J1"": 1.0, ""J2"": 1.0}, ""selection"": ""highest likelihood among finite stationary maxima"", ""no_boundary_or_nonzero_residual_substitution"": true}}",4,836d35cabc771db2cc13450106367b5d4e6c98dcc722e11f22b3c2731a5f9368
2.0,1000.0,1000.0,15,74,paper_cw,MMLE-I,1.3200883658686675,758.0243903304787,1362.966177912804,0.0,True,0.0003050999948754,success,-0.6799116341313325,-241.9756096695213,362.96617791280414,-0.3399558170656662,-0.2419756096695213,0.3629661779128041,"{""solution_info"": {""status"": ""ok"", ""estimate"": {""log_gap"": -2.353031807296448, ""beta"": 1.3200883658686675, ""eta"": 758.0243903304787, ""gamma"": 1362.9661779128041, ""objective"": 1.433281871734122e-25, ""raw_gap"": 95.0804591608453}, ""reused_verified_profile"": true}}",4,836d35cabc771db2cc13450106367b5d4e6c98dcc722e11f22b3c2731a5f9368
2.0,1000.0,1000.0,15,74,paper_wmle,WMLE,1.0843336161653692,651.7613360242665,1434.4878335208243,0.0,True,0.1450000999611802,success,-0.9156663838346308,-348.2386639757335,434.4878335208243,-0.4578331919173154,-0.3482386639757335,0.4344878335208243,"{""solution_info"": {""status"": ""ok"", ""estimate"": {""beta"": 1.0843336161653692, ""eta"": 651.7613360242665, ""gamma"": 1434.4878335208243, ""log_gap"": -3.748255704475309, ""log_likelihood"": -7.623778308968465, ""objective"": 3.843428937849922e-26, ""local_maximum"": true, ""in_shape_domain"": true, ""low_shape_author_excluded"": false}, ""candidates"": [{""beta"": 1.0843336161653692, ""eta"": 651.7613360242665, ""gamma"": 1434.4878335208243, ""log_gap"": -3.748255704475309, ""log_likelihood"": -7.623778308968465, ""objective"": 3.843428937849922e-26, ""local_maximum"": true, ""in_shape_domain"": true, ""low_shape_author_excluded"": false}], ""shape_bounds"": [0.1, 15], ""location_lower"": -4240.3977082184865, ""location_upper"": 1458.0465370736492, ""log_gap_step"": 0.025, ""grid_points"": 760, ""extrema_checks"": 2, ""weights"": {""J1"": 0.978, ""J2"": 0.901}, ""selection"": ""root nearest original (beta=2,gamma=.9*xmin) heuristic"", ""no_boundary_or_nonzero_residual_substitution"": true}}",4,836d35cabc771db2cc13450106367b5d4e6c98dcc722e11f22b3c2731a5f9368
2.0,1000.0,1000.0,15,75,paper_mle,MLE,2.4604906166699765,1040.7434433562858,873.461152738608,0.0,True,0.0433202999993227,success,0.4604906166699765,40.74344335628575,-126.538847261392,0.2302453083349882,0.0407434433562857,-0.126538847261392,"{""solution_info"": {""status"": ""ok"", ""estimate"": {""beta"": 2.4604906166699765, ""eta"": 1040.7434433562858, ""gamma"": 873.461152738608, ""log_gap"": -1.6390601293028668, ""log_likelihood"": -7.276722542620315, ""objective"": 6.774651172376541e-29, ""local_maximum"": true, ""in_shape_domain"": true, ""low_shape_author_excluded"": false}, ""candidates"": [{""beta"": 1.0001237110298198, ""eta"": 729.988887665909, ""gamma"": 1067.6175756710188, ""log_gap"": -12.020220708889187, ""log_likelihood"": -10.27878614806103, ""objective"": 8.590695334894016e-26, ""local_maximum"": false, ""in_shape_domain"": false, ""low_shape_author_excluded"": true}, {""beta"": 2.4604906166699765, ""eta"": 1040.7434433562858, ""gamma"": 873.461152738608, ""log_gap"": -1.6390601293028668, ""log_likelihood"": -7.276722542620315, ""objective"": 6.774651172376541e-29, ""local_maximum"": true, ""in_shape_domain"": true, ""low_shape_author_excluded"": false}], ""shape_bounds"": [1.01, 15], ""location_lower"": -2336.2363400431577, ""location_upper"": 1067.6234968907327, ""log_gap_step"": 0.025, ""grid_points"": 695, ""extrema_checks"": 2, ""weights"": {""J1"": 1.0, ""J2"": 1.0}, ""selection"": ""highest likelihood among finite stationary maxima"", ""no_boundary_or_nonzero_residual_substitution"": true}}",4,78abed9ab4ca02c50fb311c2057c0f5a81a0e675605bba20ffad069265ffd832
2.0,1000.0,1000.0,15,75,paper_cw,MMLE-I,5.754701350396454,2370.9849503389646,-405.0615258420543,0.0,True,0.0003002000157721,success,3.754701350396454,1370.9849503389646,-1405.0615258420544,1.877350675198227,1.3709849503389646,-1.4050615258420545,"{""solution_info"": {""status"": ""ok"", ""estimate"": {""log_gap"": 0.3870873486637712, ""beta"": 5.754701350396454, ""eta"": 2370.9849503389646, ""gamma"": -405.06152584205427, ""objective"": 3.5991778800708664e-30, ""raw_gap"": 1472.685122732787}, ""reused_verified_profile"": true}}",4,78abed9ab4ca02c50fb311c2057c0f5a81a0e675605bba20ffad069265ffd832
2.0,1000.0,1000.0,15,75,paper_wmle,WMLE,2.3074634665103395,1038.8352032035878,874.3321718518138,0.0,True,0.2451311000040732,success,0.3074634665103395,38.83520320358775,-125.66782814818625,0.1537317332551697,0.0388352032035877,-0.1256678281481862,"{""solution_info"": {""status"": ""ok"", ""estimate"": {""beta"": 2.3074634665103395, ""eta"": 1038.8352032035878, ""gamma"": 874.3321718518138, ""log_gap"": -1.6435562546472262, ""log_likelihood"": -7.328055193934695, ""objective"": 1.3750831654133762e-27, ""local_maximum"": true, ""in_shape_domain"": true, ""low_shape_author_excluded"": false}, ""candidates"": [{""beta"": 2.3074634665103395, ""eta"": 1038.8352032035878, ""gamma"": 874.3321718518138, ""log_gap"": -1.6435562546472262, ""log_likelihood"": -7.328055193934695, ""objective"": 1.3750831654133762e-27, ""local_maximum"": true, ""in_shape_domain"": true, ""low_shape_author_excluded"": false}], ""shape_bounds"": [0.1, 15], ""location_lower"": -2336.2363400431577, ""location_upper"": 1067.6234968907327, ""log_gap_step"": 0.025, ""grid_points"": 738, ""extrema_checks"": 12, ""weights"": {""J1"": 0.978, ""J2"": 0.901}, ""selection"": ""root nearest original (beta=2,gamma=.9*xmin) heuristic"", ""no_boundary_or_nonzero_residual_substitution"": true}}",4,78abed9ab4ca02c50fb311c2057c0f5a81a0e675605bba20ffad069265ffd832
2.0,1000.0,1000.0,15,76,paper_mle,MLE,2.5029077291011066,1338.4099440513462,762.134433308829,0.0,True,0.0467452000011689,success,0.5029077291011066,338.4099440513462,-237.865566691171,0.2514538645505533,0.3384099440513462,-0.237865566691171,"{""solution_info"": {""status"": ""ok"", ""estimate"": {""beta"": 2.5029077291011066, ""eta"": 1338.4099440513462, ""gamma"": 762.134433308829, ""log_gap"": -1.1005741637313482, ""log_likelihood"": -10.968587745235258, ""objective"": 4.930380657631324e-32, ""local_maximum"": true, ""in_shape_domain"": true, ""low_shape_author_excluded"": false}, ""candidates"": [{""beta"": 1.0025024977532107, ""eta"": 855.8268516493962, ""gamma"": 1094.670602168364, ""log_gap"": -8.8467589858771, ""log_likelihood"": -12.656295589800935, ""objective"": 1.26471967588021e-29, ""local_maximum"": false, ""in_shape_domain"": false, ""low_shape_author_excluded"": true}, {""beta"": 2.5029077291011066, ""eta"": 1338.4099440513462, ""gamma"": 762.134433308829, ""log_gap"": -1.1005741637313482, ""log_likelihood"": -10.968587745235258, ""objective"": 4.930380657631324e-32, ""local_maximum"": true, ""in_shape_domain"": true, ""low_shape_author_excluded"": false}], ""shape_bounds"": [1.01, 15], ""location_lower"": -3335.3467842645423, ""location_upper"": 1094.81434936074, ""log_gap_step"": 0.025, ""grid_points"": 706, ""extrema_checks"": 2, ""weights"": {""J1"": 1.0, ""J2"": 1.0}, ""selection"": ""highest likelihood among finite stationary maxima"", ""no_boundary_or_nonzero_residual_substitution"": true}}",4,047f0d1db5b0842c9dee3e9638627621b5fada908035d092813d6b9327864434
2.0,1000.0,1000.0,15,76,paper_cw,MMLE-I,4.567112546975674,2338.968806676979,-188.77547581164623,0.0,True,0.0003003000165335,success,2.5671125469756744,1338.968806676979,-1188.7754758116462,1.2835562734878372,1.3389688066769792,-1.1887754758116462,"{""solution_info"": {""status"": ""ok"", ""estimate"": {""log_gap"": 0.24966078133867525, ""beta"": 4.567112546975674, ""eta"": 2338.968806676979, ""gamma"": -188.77547581164623, ""objective"": 3.335512215857223e-26, ""raw_gap"": 1283.589925172386}, ""reused_verified_profile"": true}}",4,047f0d1db5b0842c9dee3e9638627621b5fada908035d092813d6b9327864434
2.0,1000.0,1000.0,15,76,paper_wmle,WMLE,2.315426853103793,1323.767652923475,774.1264747877105,0.0,True,0.2657127000275068,success,0.3154268531037929,323.767652923475,-225.87352521228945,0.1577134265518964,0.323767652923475,-0.2258735252122894,"{""solution_info"": {""status"": ""ok"", ""estimate"": {""beta"": 2.315426853103793, ""eta"": 1323.767652923475, ""gamma"": 774.1264747877105, ""log_gap"": -1.1372866704197215, ""log_likelihood"": -11.022259273084183, ""objective"": 2.0214560696288428e-30, ""local_maximum"": true, ""in_shape_domain"": true, ""low_shape_author_excluded"": false}, ""candidates"": [{""beta"": 2.315426853103793, ""eta"": 1323.767652923475, ""gamma"": 774.1264747877105, ""log_gap"": -1.1372866704197215, ""log_likelihood"": -11.022259273084183, ""objective"": 2.0214560696288428e-30, ""local_maximum"": true, ""in_shape_domain"": true, ""low_shape_author_excluded"": false}], ""shape_bounds"": [0.1, 15], ""location_lower"": -3335.3467842645423, ""location_upper"": 1094.81434936074, ""log_gap_step"": 0.025, ""grid_points"": 750, ""extrema_checks"": 16, ""weights"": {""J1"": 0.978, ""J2"": 0.901}, ""selection"": ""root nearest original (beta=2,gamma=.9*xmin) heuristic"", ""no_boundary_or_nonzero_residual_substitution"": true}}",4,047f0d1db5b0842c9dee3e9638627621b5fada908035d092813d6b9327864434
2.0,1000.0,1000.0,15,77,paper_mle,MLE,,,,,False,0.0381409000256098,failure,,,,,,,"{""solution_info"": {""status"": ""no_stationary_root_in_paper_location_domain"", ""estimate"": null, ""candidates"": [], ""shape_bounds"": [1.01, 15], ""location_lower"": -3395.253835782213, ""location_upper"": 1310.6947190323665, ""log_gap_step"": 0.025, ""grid_points"": 708, ""extrema_checks"": 2, ""weights"": {""J1"": 1.0, ""J2"": 1.0}, ""selection"": ""highest likelihood among finite stationary maxima"", ""no_boundary_or_nonzero_residual_substitution"": true}}",4,6222d160018768dc45e1f9342dffd198c89ba6dad61e3462ad3f42d263f5f34f
2.0,1000.0,1000.0,15,77,paper_cw,MMLE-I,1.592820265269287,882.0398928604681,1152.834818357925,0.0,True,0.0003158000181429,success,-0.4071797347307129,-117.96010713953194,152.8348183579251,-0.2035898673653564,-0.1179601071395319,0.1528348183579251,"{""solution_info"": {""status"": ""ok"", ""estimate"": {""log_gap"": -1.8460467104294782, ""beta"": 1.592820265269287, ""eta"": 882.0398928604681, ""gamma"": 1152.834818357925, ""objective"": 3.944304526105059e-30, ""raw_gap"": 157.86000067444144}, ""reused_verified_profile"": true}}",4,6222d160018768dc45e1f9342dffd198c89ba6dad61e3462ad3f42d263f5f34f
2.0,1000.0,1000.0,15,77,paper_wmle,WMLE,1.1695343828431308,719.8363739981943,1267.669110979342,0.0,True,0.1652827999787405,success,-0.8304656171568692,-280.1636260018057,267.6691109793419,-0.4152328085784346,-0.2801636260018057,0.2676691109793419,"{""solution_info"": {""status"": ""ok"", ""estimate"": {""beta"": 1.1695343828431308, ""eta"": 719.8363739981943, ""gamma"": 1267.669110979342, ""log_gap"": -3.1459574802384287, ""log_likelihood"": -8.59171149105946, ""objective"": 1.4248800100554526e-27, ""local_maximum"": true, ""in_shape_domain"": true, ""low_shape_author_excluded"": false}, ""candidates"": [{""beta"": 1.1695343828431308, ""eta"": 719.8363739981943, ""gamma"": 1267.669110979342, ""log_gap"": -3.1459574802384287, ""log_likelihood"": -8.59171149105946, ""objective"": 1.4248800100554526e-27, ""local_maximum"": true, ""in_shape_domain"": true, ""low_shape_author_excluded"": false}], ""shape_bounds"": [0.1, 15], ""location_lower"": -3395.253835782213, ""location_upper"": 1310.6947190323665, ""log_gap_step"": 0.025, ""grid_points"": 752, ""extrema_checks"": 6, ""weights"": {""J1"": 0.978, ""J2"": 0.901}, ""selection"": ""root nearest original (beta=2,gamma=.9*xmin) heuristic"", ""no_boundary_or_nonzero_residual_substitution"": true}}",4,6222d160018768dc45e1f9342dffd198c89ba6dad61e3462ad3f42d263f5f34f
2.0,1000.0,1000.0,15,78,paper_mle,MLE,3.460226708189197,1250.94508021379,642.4008880285547,0.0,True,0.0244853000040166,success,1.4602267081891975,250.9450802137901,-357.59911197144527,0.7301133540945988,0.2509450802137901,-0.3575991119714453,"{""solution_info"": {""status"": ""ok"", ""estimate"": {""beta"": 3.4602267081891975, ""eta"": 1250.94508021379, ""gamma"": 642.4008880285547, ""log_gap"": -0.6902766643191544, ""log_likelihood"": -6.218821089651753, ""objective"": 3.488737353339925e-27, ""local_maximum"": true, ""in_shape_domain"": true, ""low_shape_author_excluded"": false}, ""candidates"": [{""beta"": 1.0011713395012725, ""eta"": 618.6286296686525, ""gamma"": 1143.7898264131768, ""log_gap"": -9.936389449906443, ""log_likelihood"": -7.79221723178197, ""objective"": 8.97916688321939e-29, ""local_maximum"": false, ""in_shape_domain"": false, ""low_shape_author_excluded"": true}, {""beta"": 3.4602267081891975, ""eta"": 1250.94508021379, ""gamma"": 642.4008880285547, ""log_gap"": -0.6902766643191544, ""log_likelihood"": -6.218821089651753, ""objective"": 3.488737353339925e-27, ""local_maximum"": true, ""in_shape_domain"": true, ""low_shape_author_excluded"": false}], ""shape_bounds"": [1.01, 15], ""location_lower"": -2114.3407825290483, ""location_upper"": 1143.8381080872928, ""log_gap_step"": 0.025, ""grid_points"": 693, ""extrema_checks"": 2, ""weights"": {""J1"": 1.0, ""J2"": 1.0}, ""selection"": ""highest likelihood among finite stationary maxima"", ""no_boundary_or_nonzero_residual_substitution"": true}}",4,a42ec0de2947048c873b11e68e302a20b607794749bc61f580f756de6f44c2bb
2.0,1000.0,1000.0,15,78,paper_cw,MMLE-I,8.686230387511403,2886.393713691005,-961.5699187940528,0.0,True,0.0043914999696426,success,6.686230387511403,1886.393713691005,-1961.569918794053,3.3431151937557013,1.886393713691005,-1.9615699187940527,"{""solution_info"": {""status"": ""ok"", ""estimate"": {""log_gap"": 0.7445093328453756, ""beta"": 8.686230387511403, ""eta"": 2886.393713691005, ""gamma"": -961.5699187940527, ""objective"": 0.0, ""raw_gap"": 2105.4081268813457}, ""reused_verified_profile"": true}}",4,a42ec0de2947048c873b11e68e302a20b607794749bc61f580f756de6f44c2bb
2.0,1000.0,1000.0,15,78,paper_wmle,WMLE,2.420931276548685,990.0432143129964,884.0497978437289,0.0,True,0.3033289000159129,success,0.4209312765486848,-9.956785687003617,-115.95020215627108,0.2104656382743424,-0.0099567856870036,-0.115950202156271,"{""solution_info"": {""status"": ""ok"", ""estimate"": {""beta"": 2.420931276548685, ""eta"": 990.0432143129964, ""gamma"": 884.0497978437289, ""log_gap"": -1.3478877860426164, ""log_likelihood"": -6.301437362270407, ""objective"": 9.117506431124726e-27, ""local_maximum"": true, ""in_shape_domain"": true, ""low_shape_author_excluded"": false}, ""candidates"": [{""beta"": 2.420931276548685, ""eta"": 990.0432143129964, ""gamma"": 884.0497978437289, ""log_gap"": -1.3478877860426164, ""log_likelihood"": -6.301437362270407, ""objective"": 9.117506431124726e-27, ""local_maximum"": true, ""in_shape_domain"": true, ""low_shape_author_excluded"": false}], ""shape_bounds"": [0.1, 15], ""location_lower"": -2114.3407825290483, ""location_upper"": 1143.8381080872928, ""log_gap_step"": 0.025, ""grid_points"": 737, ""extrema_checks"": 16, ""weights"": {""J1"": 0.978, ""J2"": 0.901}, ""selection"": ""root nearest original (beta=2,gamma=.9*xmin) heuristic"", ""no_boundary_or_nonzero_residual_substitution"": true}}",4,a42ec0de2947048c873b11e68e302a20b607794749bc61f580f756de6f44c2bb
2.0,1000.0,1000.0,15,79,paper_mle,MLE,1.616657379544086,667.8049411872884,1178.8727729068878,0.0,True,0.0246724999742582,success,-0.383342620455914,-332.19505881271164,178.8727729068878,-0.191671310227957,-0.3321950588127116,0.1788727729068878,"{""solution_info"": {""status"": ""ok"", ""estimate"": {""beta"": 1.616657379544086, ""eta"": 667.8049411872884, ""gamma"": 1178.8727729068878, ""log_gap"": -2.977053378548728, ""log_likelihood"": -5.2379058808687695, ""objective"": 8.081202046648842e-31, ""local_maximum"": true, ""in_shape_domain"": true, ""low_shape_author_excluded"": false}, ""candidates"": [{""beta"": 1.0019481132101329, ""eta"": 549.6597426490089, ""gamma"": 1229.74393235131, ""log_gap"": -9.544940797561472, ""log_likelihood"": -6.01575103283637, ""objective"": 1.2624855971447208e-29, ""local_maximum"": false, ""in_shape_domain"": false, ""low_shape_author_excluded"": true}, {""beta"": 1.616657379544086, ""eta"": 667.8049411872884, ""gamma"": 1178.8727729068878, ""log_gap"": -2.977053378548728, ""log_likelihood"": -5.2379058808687695, ""objective"": 8.081202046648842e-31, ""local_maximum"": true, ""in_shape_domain"": true, ""low_shape_author_excluded"": false}], ""shape_bounds"": [1.01, 15], ""location_lower"": -2022.3206562624334, ""location_upper"": 1229.8153947487363, ""log_gap_step"": 0.025, ""grid_points"": 693, ""extrema_checks"": 2, ""weights"": {""J1"": 1.0, ""J2"": 1.0}, ""selection"": ""highest likelihood among finite stationary maxima"", ""no_boundary_or_nonzero_residual_substitution"": true}}",4,9fb6bb9b8868b18d56d6d32f45d001f47f3e9ade46437219172793967a31b94c
2.0,1000.0,1000.0,15,79,paper_cw,MMLE-I,2.98204976347938,1119.3813653838322,783.2727823325406,0.0,True,0.0003128999960608,success,0.98204976347938,119.3813653838322,-216.7272176674594,0.49102488173969,0.1193813653838321,-0.2167272176674594,"{""solution_info"": {""status"": ""ok"", ""estimate"": {""log_gap"": -0.8062202227341605, ""beta"": 2.98204976347938, ""eta"": 1119.3813653838322, ""gamma"": 783.2727823325406, ""objective"": 1.1360829630346978e-28, ""raw_gap"": 446.5427124161957}, ""reused_verified_profile"": true}}",4,9fb6bb9b8868b18d56d6d32f45d001f47f3e9ade46437219172793967a31b94c
2.0,1000.0,1000.0,15,79,paper_wmle,WMLE,1.6725189937321054,718.0432629970662,1139.2278802031092,0.0,True,0.1773401999962516,success,-0.3274810062678945,-281.9567370029338,139.22788020310918,-0.1637405031339472,-0.2819567370029338,0.1392278802031091,"{""solution_info"": {""status"": ""ok"", ""estimate"": {""beta"": 1.6725189937321054, ""eta"": 718.0432629970662, ""gamma"": 1139.2278802031092, ""log_gap"": -2.401437780072559, ""log_likelihood"": -5.3335491080817405, ""objective"": 7.888609052210118e-31, ""local_maximum"": true, ""in_shape_domain"": true, ""low_shape_author_excluded"": false}, ""candidates"": [{""beta"": 1.6725189937321054, ""eta"": 718.0432629970662, ""gamma"": 1139.2278802031092, ""log_gap"": -2.401437780072559, ""log_likelihood"": -5.3335491080817405, ""objective"": 7.888609052210118e-31, ""local_maximum"": true, ""in_shape_domain"": true, ""low_shape_author_excluded"": false}], ""shape_bounds"": [0.1, 15], ""location_lower"": -2022.3206562624334, ""location_upper"": 1229.8153947487363, ""log_gap_step"": 0.025, ""grid_points"": 737, ""extrema_checks"": 8, ""weights"": {""J1"": 0.978, ""J2"": 0.901}, ""selection"": ""root nearest original (beta=2,gamma=.9*xmin) heuristic"", ""no_boundary_or_nonzero_residual_substitution"": true}}",4,9fb6bb9b8868b18d56d6d32f45d001f47f3e9ade46437219172793967a31b94c
2.0,1000.0,1000.0,15,80,paper_mle,MLE,3.235644991281658,1240.4018060516528,702.6474155031186,0.0,True,0.0242742999689653,success,1.2356449912816578,240.4018060516528,-297.3525844968814,0.6178224956408289,0.2404018060516528,-0.2973525844968814,"{""solution_info"": {""status"": ""ok"", ""estimate"": {""beta"": 3.235644991281658, ""eta"": 1240.4018060516528, ""gamma"": 702.6474155031186, ""log_gap"": -0.7694475144043826, ""log_likelihood"": -6.889862668338173, ""objective"": 2.465190328815662e-31, ""local_maximum"": true, ""in_shape_domain"": true, ""low_shape_author_excluded"": false}, ""candidates"": [{""beta"": 1.0016965209540918, ""eta"": 644.8165877299698, ""gamma"": 1165.8432451835474, ""log_gap"": -9.523444739634197, ""log_likelihood"": -8.412230438616326, ""objective"": 1.2622544855513944e-29, ""local_maximum"": false, ""in_shape_domain"": false, ""low_shape_author_excluded"": true}, {""beta"": 3.235644991281658, ""eta"": 1240.4018060516528, ""gamma"": 702.6474155031186, ""log_gap"": -0.7694475144043826, ""log_likelihood"": -6.889862668338173, ""objective"": 2.465190328815662e-31, ""local_maximum"": true, ""in_shape_domain"": true, ""low_shape_author_excluded"": false}], ""shape_bounds"": [1.01, 15], ""location_lower"": -2231.3672857642796, ""location_upper"": 1165.9162625433185, ""log_gap_step"": 0.025, ""grid_points"": 695, ""extrema_checks"": 2, ""weights"": {""J1"": 1.0, ""J2"": 1.0}, ""selection"": ""highest likelihood among finite stationary maxima"", ""no_boundary_or_nonzero_residual_substitution"": true}}",4,b3ae7524ef2e93f0e56e57b99813eb79fe819500467bff760d3eb136806aa116
2.0,1000.0,1000.0,15,80,paper_cw,MMLE-I,6.873990006502449,2459.7220575519896,-485.0695389547026,0.0,True,0.0003794000367633,success,4.873990006502449,1459.7220575519896,-1485.0695389547027,2.4369950032512246,1.4597220575519896,-1.4850695389547026,"{""solution_info"": {""status"": ""ok"", ""estimate"": {""log_gap"": 0.501372625530253, ""beta"": 6.873990006502449, ""eta"": 2459.7220575519896, ""gamma"": -485.06953895470264, ""objective"": 7.888609052210118e-31, ""raw_gap"": 1650.9859014980211}, ""reused_verified_profile"": true}}",4,b3ae7524ef2e93f0e56e57b99813eb79fe819500467bff760d3eb136806aa116
2.0,1000.0,1000.0,15,80,paper_wmle,WMLE,2.492515275392903,1059.6085667629986,869.3404324953854,0.0,True,0.3332821999792941,success,0.4925152753929032,59.60856676299864,-130.65956750461464,0.2462576376964516,0.0596085667629986,-0.1306595675046146,"{""solution_info"": {""status"": ""ok"", ""estimate"": {""beta"": 2.492515275392903, ""eta"": 1059.6085667629986, ""gamma"": 869.3404324953854, ""log_gap"": -1.2154520054778775, ""log_likelihood"": -6.966121895721857, ""objective"": 2.1742978700154138e-29, ""local_maximum"": true, ""in_shape_domain"": true, ""low_shape_author_excluded"": false}, ""candidates"": [{""beta"": 2.492515275392903, ""eta"": 1059.6085667629986, ""gamma"": 869.3404324953854, ""log_gap"": -1.2154520054778775, ""log_likelihood"": -6.966121895721857, ""objective"": 2.1742978700154138e-29, ""local_maximum"": true, ""in_shape_domain"": true, ""low_shape_author_excluded"": false}], ""shape_bounds"": [0.1, 15], ""location_lower"": -2231.3672857642796, ""location_upper"": 1165.9162625433185, ""log_gap_step"": 0.025, ""grid_points"": 739, ""extrema_checks"": 18, ""weights"": {""J1"": 0.978, ""J2"": 0.901}, ""selection"": ""root nearest original (beta=2,gamma=.9*xmin) heuristic"", ""no_boundary_or_nonzero_residual_substitution"": true}}",4,b3ae7524ef2e93f0e56e57b99813eb79fe819500467bff760d3eb136806aa116
2.0,1000.0,1000.0,15,81,paper_mle,MLE,2.095375814237278,819.5918048811412,966.849864138033,0.0,True,0.0219789999537169,success,0.0953758142372778,-180.4081951188588,-33.15013586196699,0.0476879071186389,-0.1804081951188587,-0.0331501358619669,"{""solution_info"": {""status"": ""ok"", ""estimate"": {""beta"": 2.095375814237278, ""eta"": 819.5918048811412, ""gamma"": 966.849864138033, ""log_gap"": -2.1923248877804817, ""log_likelihood"": -5.549636006861036, ""objective"": 2.596153565033994e-31, ""local_maximum"": true, ""in_shape_domain"": true, ""low_shape_author_excluded"": false}, ""candidates"": [{""beta"": 1.0002410409841938, ""eta"": 614.6323300077005, ""gamma"": 1078.4968420293535, ""log_gap"": -11.525092054198208, ""log_likelihood"": -7.698319024570639, ""objective"": 2.7733391199176196e-32, ""local_maximum"": false, ""in_shape_domain"": false, ""low_shape_author_excluded"": true}, {""beta"": 2.095375814237278, ""eta"": 819.5918048811412, ""gamma"": 966.849864138033, ""log_gap"": -2.1923248877804817, ""log_likelihood"": -5.549636006861036, ""objective"": 2.596153565033994e-31, ""local_maximum"": true, ""in_shape_domain"": true, ""low_shape_author_excluded"": false}], ""shape_bounds"": [1.01, 15], ""location_lower"": -2071.6763524925077, ""location_upper"": 1078.506621100598, ""log_gap_step"": 0.025, ""grid_points"": 692, ""extrema_checks"": 2, ""weights"": {""J1"": 1.0, ""J2"": 1.0}, ""selection"": ""highest likelihood among finite stationary maxima"", ""no_boundary_or_nonzero_residual_substitution"": true}}",4,b1afd487b20562dbaae316321f705d4f7eead653c1f4446587215555993c48db
2.0,1000.0,1000.0,15,81,paper_cw,MMLE-I,4.554754919837914,1679.881867002102,158.11315048914088,0.0,True,0.0021892000222578,success,2.5547549198379143,679.8818670021021,-841.8868495108591,1.2773774599189571,0.6798818670021022,-0.841886849510859,"{""solution_info"": {""status"": ""ok"", ""estimate"": {""log_gap"": -0.08295390627398892, ""beta"": 4.554754919837914, ""eta"": 1679.8818670021021, ""gamma"": 158.11315048914088, ""objective"": 3.885139958213483e-29, ""raw_gap"": 920.3935706114572}, ""reused_verified_profile"": true}}",4,b1afd487b20562dbaae316321f705d4f7eead653c1f4446587215555993c48db
2.0,1000.0,1000.0,15,81,paper_wmle,WMLE,2.013756597504344,835.4951669114693,952.3105264794503,0.0,True,0.194836699985899,success,0.0137565975043436,-164.50483308853077,-47.68947352054954,0.0068782987521718,-0.1645048330885307,-0.0476894735205495,"{""solution_info"": {""status"": ""ok"", ""estimate"": {""beta"": 2.0137565975043437, ""eta"": 835.4951669114693, ""gamma"": 952.3105264794505, ""log_gap"": -2.0699174828863267, ""log_likelihood"": -5.6053077200654045, ""objective"": 1.9721522630525295e-31, ""local_maximum"": true, ""in_shape_domain"": true, ""low_shape_author_excluded"": false}, ""candidates"": [{""beta"": 2.0137565975043437, ""eta"": 835.4951669114693, ""gamma"": 952.3105264794505, ""log_gap"": -2.0699174828863267, ""log_likelihood"": -5.6053077200654045, ""objective"": 1.9721522630525295e-31, ""local_maximum"": true, ""in_shape_domain"": true, ""low_shape_author_excluded"": false}], ""shape_bounds"": [0.1, 15], ""location_lower"": -2071.6763524925077, ""location_upper"": 1078.506621100598, ""log_gap_step"": 0.025, ""grid_points"": 735, ""extrema_checks"": 10, ""weights"": {""J1"": 0.978, ""J2"": 0.901}, ""selection"": ""root nearest original (beta=2,gamma=.9*xmin) heuristic"", ""no_boundary_or_nonzero_residual_substitution"": true}}",4,b1afd487b20562dbaae316321f705d4f7eead653c1f4446587215555993c48db
2.0,1000.0,1000.0,15,82,paper_mle,MLE,2.1696265507844155,1075.5664548329628,1060.6309510224548,0.0,True,0.0229221999761648,success,0.1696265507844154,75.56645483296279,60.63095102245484,0.0848132753922077,0.0755664548329627,0.0606309510224548,"{""solution_info"": {""status"": ""ok"", ""estimate"": {""beta"": 2.1696265507844155, ""eta"": 1075.5664548329628, ""gamma"": 1060.6309510224548, ""log_gap"": -1.8556510020777663, ""log_likelihood"": -9.234238384388552, ""objective"": 4.930380657631324e-32, ""local_maximum"": true, ""in_shape_domain"": true, ""low_shape_author_excluded"": false}, ""candidates"": [{""beta"": 1.0001951829829507, ""eta"": 796.523222932303, ""gamma"": 1216.9717092157466, ""log_gap"": -11.476937241429969, ""log_likelihood"": -11.586953936330593, ""objective"": 9.437056727497456e-33, ""local_maximum"": false, ""in_shape_domain"": false, ""low_shape_author_excluded"": true}, {""beta"": 2.1696265507844155, ""eta"": 1075.5664548329628, ""gamma"": 1060.6309510224548, ""log_gap"": -1.8556510020777663, ""log_likelihood"": -9.234238384388552, ""objective"": 4.930380657631324e-32, ""local_maximum"": true, ""in_shape_domain"": true, ""low_shape_author_excluded"": false}], ""shape_bounds"": [1.01, 15], ""location_lower"": -2779.343331653193, ""location_upper"": 1216.9819756521308, ""log_gap_step"": 0.025, ""grid_points"": 702, ""extrema_checks"": 2, ""weights"": {""J1"": 1.0, ""J2"": 1.0}, ""selection"": ""highest likelihood among finite stationary maxima"", ""no_boundary_or_nonzero_residual_substitution"": true}}",4,3d0cc895c2e27f149786e7c2a055883343c67943778ea2d0e09ccfe6f418d9c1
2.0,1000.0,1000.0,15,82,paper_cw,MMLE-I,4.901243464654022,2299.004005911462,-97.35655127518194,0.0,True,0.0003047999925911,success,2.901243464654022,1299.0040059114626,-1097.356551275182,1.450621732327011,1.2990040059114627,-1.097356551275182,"{""solution_info"": {""status"": ""ok"", ""estimate"": {""log_gap"": 0.27333359380789213, ""beta"": 4.901243464654022, ""eta"": 2299.0040059114626, ""gamma"": -97.35655127518194, ""objective"": 6.754621500954914e-30, ""raw_gap"": 1314.3386269273128}, ""reused_verified_profile"": true}}",4,3d0cc895c2e27f149786e7c2a055883343c67943778ea2d0e09ccfe6f418d9c1
2.0,1000.0,1000.0,15,82,paper_wmle,WMLE,2.0736293223523914,1091.601762048653,1045.5783304167487,0.0,True,0.1620370000018738,success,0.0736293223523913,91.60176204865296,45.57833041674871,0.0368146611761956,0.0916017620486529,0.0455783304167487,"{""solution_info"": {""status"": ""ok"", ""estimate"": {""beta"": 2.0736293223523914, ""eta"": 1091.601762048653, ""gamma"": 1045.5783304167487, ""log_gap"": -1.7637334222089802, ""log_likelihood"": -9.288573378776414, ""objective"": 0.0, ""local_maximum"": true, ""in_shape_domain"": true, ""low_shape_author_excluded"": false}, ""candidates"": [{""beta"": 2.0736293223523914, ""eta"": 1091.601762048653, ""gamma"": 1045.5783304167487, ""log_gap"": -1.7637334222089802, ""log_likelihood"": -9.288573378776414, ""objective"": 0.0, ""local_maximum"": true, ""in_shape_domain"": true, ""low_shape_author_excluded"": false}], ""shape_bounds"": [0.1, 15], ""location_lower"": -2779.343331653193, ""location_upper"": 1216.9819756521308, ""log_gap_step"": 0.025, ""grid_points"": 745, ""extrema_checks"": 8, ""weights"": {""J1"": 0.978, ""J2"": 0.901}, ""selection"": ""root nearest original (beta=2,gamma=.9*xmin) heuristic"", ""no_boundary_or_nonzero_residual_substitution"": true}}",4,3d0cc895c2e27f149786e7c2a055883343c67943778ea2d0e09ccfe6f418d9c1
2.0,1000.0,1000.0,15,83,paper_mle,MLE,,,,,False,0.0372818000032566,failure,,,,,,,"{""solution_info"": {""status"": ""no_stationary_root_in_paper_location_domain"", ""estimate"": null, ""candidates"": [], ""shape_bounds"": [1.01, 15], ""location_lower"": -2477.8866036859386, ""location_upper"": 1262.5108700757444, ""log_gap_step"": 0.025, ""grid_points"": 699, ""extrema_checks"": 2, ""weights"": {""J1"": 1.0, ""J2"": 1.0}, ""selection"": ""highest likelihood among finite stationary maxima"", ""no_boundary_or_nonzero_residual_substitution"": true}}",4,e9f95ae9f470e56c9fb7160852ee038011c7bc434cd974f094d774ed7255c42f
2.0,1000.0,1000.0,15,83,paper_cw,MMLE-I,1.3545955473228894,574.705404696519,1186.509732015904,0.0,True,0.0003118999884463,success,-0.6454044526771106,-425.29459530348095,186.5097320159041,-0.3227022263385553,-0.4252945953034809,0.1865097320159041,"{""solution_info"": {""status"": ""ok"", ""estimate"": {""log_gap"": -2.577005648567434, ""beta"": 1.3545955473228894, ""eta"": 574.705404696519, ""gamma"": 1186.509732015904, ""objective"": 2.3863042382935607e-29, ""raw_gap"": 76.0012380598403}, ""reused_verified_profile"": true}}",4,e9f95ae9f470e56c9fb7160852ee038011c7bc434cd974f094d774ed7255c42f
2.0,1000.0,1000.0,15,83,paper_wmle,WMLE,1.059114023483527,490.7667573645164,1240.0131352625142,0.0,True,0.1761435000225901,success,-0.940885976516473,-509.2332426354836,240.0131352625142,-0.4704429882582365,-0.5092332426354835,0.2400131352625142,"{""solution_info"": {""status"": ""ok"", ""estimate"": {""beta"": 1.059114023483527, ""eta"": 490.7667573645164, ""gamma"": 1240.0131352625142, ""log_gap"": -3.794336204925311, ""log_likelihood"": -3.588383635564645, ""objective"": 2.491619141292829e-25, ""local_maximum"": true, ""in_shape_domain"": true, ""low_shape_author_excluded"": false}, ""candidates"": [{""beta"": 1.059114023483527, ""eta"": 490.7667573645164, ""gamma"": 1240.0131352625142, ""log_gap"": -3.794336204925311, ""log_likelihood"": -3.588383635564645, ""objective"": 2.491619141292829e-25, ""local_maximum"": true, ""in_shape_domain"": true, ""low_shape_author_excluded"": false}], ""shape_bounds"": [0.1, 15], ""location_lower"": -2477.8866036859386, ""location_upper"": 1262.5108700757444, ""log_gap_step"": 0.025, ""grid_points"": 744, ""extrema_checks"": 4, ""weights"": {""J1"": 0.978, ""J2"": 0.901}, ""selection"": ""root nearest original (beta=2,gamma=.9*xmin) heuristic"", ""no_boundary_or_nonzero_residual_substitution"": true}}",4,e9f95ae9f470e56c9fb7160852ee038011c7bc434cd974f094d774ed7255c42f
2.0,1000.0,1000.0,15,84,paper_mle,MLE,3.985348987285979,1263.0787677955636,892.4266118217744,0.0,True,0.0458094999776221,success,1.9853489872859789,263.07876779556364,-107.57338817822564,0.9926744936429894,0.2630787677955636,-0.1075733881782256,"{""solution_info"": {""status"": ""ok"", ""estimate"": {""beta"": 3.985348987285979, ""eta"": 1263.0787677955636, ""gamma"": 892.4266118217744, ""log_gap"": -0.6386451039680752, ""log_likelihood"": -4.491246257916428, ""objective"": 6.039716305598372e-31, ""local_maximum"": true, ""in_shape_domain"": true, ""low_shape_author_excluded"": false}, ""candidates"": [{""beta"": 1.0001868009602475, ""eta"": 612.8572478947285, ""gamma"": 1420.4263128822708, ""log_gap"": -11.782950875628178, ""log_likelihood"": -7.655138685780158, ""objective"": 1.4590783628919478e-26, ""local_maximum"": false, ""in_shape_domain"": false, ""low_shape_author_excluded"": true}, {""beta"": 3.985348987285979, ""eta"": 1263.0787677955636, ""gamma"": 892.4266118217744, ""log_gap"": -0.6386451039680752, ""log_likelihood"": -4.491246257916428, ""objective"": 6.039716305598372e-31, ""local_maximum"": true, ""in_shape_domain"": true, ""low_shape_author_excluded"": false}], ""shape_bounds"": [1.01, 15], ""location_lower"": -1406.8915506078201, ""location_upper"": 1420.433846483237, ""log_gap_step"": 0.025, ""grid_points"": 688, ""extrema_checks"": 2, ""weights"": {""J1"": 1.0, ""J2"": 1.0}, ""selection"": ""highest likelihood among finite stationary maxima"", ""no_boundary_or_nonzero_residual_substitution"": true}}",4,50cff13c11f6da02f1ab3d42d6c50ea6872765ce1736c9ab741cc5d6e8e2e9f6
2.0,1000.0,1000.0,15,84,paper_cw,MMLE-I,,,,,False,0.0023475000052712,failure,,,,,,,"{""solution_info"": {""status"": ""outside_declared_domain_root"", ""estimate"": null, ""reused_verified_profile"": true}}",4,50cff13c11f6da02f1ab3d42d6c50ea6872765ce1736c9ab741cc5d6e8e2e9f6
2.0,1000.0,1000.0,15,84,paper_wmle,WMLE,2.8211054598543948,998.4513153075936,1142.5543223485083,0.0,True,0.3027854000101797,success,0.8211054598543948,-1.548684692406482,142.55432234850832,0.4105527299271974,-0.0015486846924064,0.1425543223485083,"{""solution_info"": {""status"": ""ok"", ""estimate"": {""beta"": 2.8211054598543948, ""eta"": 998.4513153075935, ""gamma"": 1142.5543223485083, ""log_gap"": -1.2805672657755858, ""log_likelihood"": -4.590158719012802, ""objective"": 2.465190328815662e-31, ""local_maximum"": true, ""in_shape_domain"": true, ""low_shape_author_excluded"": false}, ""candidates"": [{""beta"": 2.8211054598543948, ""eta"": 998.4513153075935, ""gamma"": 1142.5543223485083, ""log_gap"": -1.2805672657755858, ""log_likelihood"": -4.590158719012802, ""objective"": 2.465190328815662e-31, ""local_maximum"": true, ""in_shape_domain"": true, ""low_shape_author_excluded"": false}], ""shape_bounds"": [0.1, 15], ""location_lower"": -1406.8915506078201, ""location_upper"": 1420.433846483237, ""log_gap_step"": 0.025, ""grid_points"": 731, ""extrema_checks"": 16, ""weights"": {""J1"": 0.978, ""J2"": 0.901}, ""selection"": ""root nearest original (beta=2,gamma=.9*xmin) heuristic"", ""no_boundary_or_nonzero_residual_substitution"": true}}",4,50cff13c11f6da02f1ab3d42d6c50ea6872765ce1736c9ab741cc5d6e8e2e9f6
2.0,1000.0,1000.0,15,85,paper_mle,MLE,1.9327592573813568,732.7140692490162,1181.3680337196324,0.0,True,0.0512552000000141,success,-0.0672407426186434,-267.28593075098377,181.3680337196324,-0.0336203713093217,-0.2672859307509838,0.1813680337196324,"{""solution_info"": {""status"": ""ok"", ""estimate"": {""beta"": 1.9327592573813566, ""eta"": 732.7140692490162, ""gamma"": 1181.3680337196324, ""log_gap"": -2.4777510356068038, ""log_likelihood"": -4.696459373947572, ""objective"": 3.3637522036689707e-29, ""local_maximum"": true, ""in_shape_domain"": true, ""low_shape_author_excluded"": false}, ""candidates"": [{""beta"": 1.000355279095564, ""eta"": 567.20089077646, ""gamma"": 1265.2863675017215, ""log_gap"": -11.217328688630626, ""log_likelihood"": -6.493267025188171, ""objective"": 4.6619830605815186e-29, ""local_maximum"": false, ""in_shape_domain"": false, ""low_shape_author_excluded"": true}, {""beta"": 1.9327592573813566, ""eta"": 732.7140692490162, ""gamma"": 1181.3680337196324, ""log_gap"": -2.4777510356068038, ""log_likelihood"": -4.696459373947572, ""objective"": 3.3637522036689707e-29, ""local_maximum"": true, ""in_shape_domain"": true, ""low_shape_author_excluded"": false}], ""shape_bounds"": [1.01, 15], ""location_lower"": -1767.4660442072584, ""location_upper"": 1265.2997067831611, ""log_gap_step"": 0.025, ""grid_points"": 691, ""extrema_checks"": 2, ""weights"": {""J1"": 1.0, ""J2"": 1.0}, ""selection"": ""highest likelihood among finite stationary maxima"", ""no_boundary_or_nonzero_residual_substitution"": true}}",4,a9048b017c532aed2b2fb384097f7d2045359971278fd8c66371f4bd895e40f2
2.0,1000.0,1000.0,15,85,paper_cw,MMLE-I,3.4464787845807137,1264.3323299626038,694.4408950688045,0.0,True,0.0003147999523207,success,1.4464787845807137,264.3323299626038,-305.5591049311955,0.7232393922903568,0.2643323299626038,-0.3055591049311955,"{""solution_info"": {""status"": ""ok"", ""estimate"": {""log_gap"": -0.560613189675084, ""beta"": 3.4464787845807137, ""eta"": 1264.3323299626038, ""gamma"": 694.4408950688045, ""objective"": 1.3065508742723008e-29, ""raw_gap"": 570.8589117143566}, ""reused_verified_profile"": true}}",4,a9048b017c532aed2b2fb384097f7d2045359971278fd8c66371f4bd895e40f2
2.0,1000.0,1000.0,15,85,paper_wmle,WMLE,1.8914782654289688,756.8240739857905,1160.535065328035,0.0,True,0.2595313999918289,success,-0.1085217345710312,-243.1759260142095,160.535065328035,-0.0542608672855156,-0.2431759260142094,0.160535065328035,"{""solution_info"": {""status"": ""ok"", ""estimate"": {""beta"": 1.8914782654289688, ""eta"": 756.8240739857905, ""gamma"": 1160.535065328035, ""log_gap"": -2.2560380001995393, ""log_likelihood"": -4.757073662081947, ""objective"": 7.576417348968903e-27, ""local_maximum"": true, ""in_shape_domain"": true, ""low_shape_author_excluded"": false}, ""candidates"": [{""beta"": 1.8914782654289688, ""eta"": 756.8240739857905, ""gamma"": 1160.535065328035, ""log_gap"": -2.2560380001995393, ""log_likelihood"": -4.757073662081947, ""objective"": 7.576417348968903e-27, ""local_maximum"": true, ""in_shape_domain"": true, ""low_shape_author_excluded"": false}], ""shape_bounds"": [0.1, 15], ""location_lower"": -1767.4660442072584, ""location_upper"": 1265.2997067831611, ""log_gap_step"": 0.025, ""grid_points"": 734, ""extrema_checks"": 6, ""weights"": {""J1"": 0.978, ""J2"": 0.901}, ""selection"": ""root nearest original (beta=2,gamma=.9*xmin) heuristic"", ""no_boundary_or_nonzero_residual_substitution"": true}}",4,a9048b017c532aed2b2fb384097f7d2045359971278fd8c66371f4bd895e40f2
2.0,1000.0,1000.0,15,86,paper_mle,MLE,1.3102017031269422,652.186591833101,1158.6759568364666,0.0,True,0.0833404999575577,success,-0.6897982968730578,-347.81340816689897,158.67595683646664,-0.3448991484365289,-0.347813408166899,0.1586759568364666,"{""solution_info"": {""status"": ""ok"", ""estimate"": {""beta"": 1.3102017031269422, ""eta"": 652.186591833101, ""gamma"": 1158.6759568364666, ""log_gap"": -3.9459673132053115, ""log_likelihood"": -6.738943623199511, ""objective"": 3.944304526105059e-30, ""local_maximum"": true, ""in_shape_domain"": true, ""low_shape_author_excluded"": false}, ""candidates"": [{""beta"": 1.0068360546073236, ""eta"": 586.8424246235794, ""gamma"": 1177.7387445182492, ""log_gap"": -8.218129691603544, ""log_likelihood"": -6.9746866979823, ""objective"": 3.1554609542535467e-28, ""local_maximum"": false, ""in_shape_domain"": false, ""low_shape_author_excluded"": true}, {""beta"": 1.3102017031269422, ""eta"": 652.186591833101, ""gamma"": 1158.6759568364666, ""log_gap"": -3.9459673132053115, ""log_likelihood"": -6.738943623199511, ""objective"": 3.944304526105059e-30, ""local_maximum"": true, ""in_shape_domain"": true, ""low_shape_author_excluded"": false}], ""shape_bounds"": [1.01, 15], ""location_lower"": -2652.398879954803, ""location_upper"": 1178.0083635695091, ""log_gap_step"": 0.025, ""grid_points"": 700, ""extrema_checks"": 2, ""weights"": {""J1"": 1.0, ""J2"": 1.0}, ""selection"": ""highest likelihood among finite stationary maxima"", ""no_boundary_or_nonzero_residual_substitution"": true}}",4,16d14a8cc86c22ee660f4a1d0ad39c8a2abdd15d6bd2fe1615663a5a9889af82
2.0,1000.0,1000.0,15,86,paper_cw,MMLE-I,2.205485774781752,987.9137408603648,892.8585188276696,0.0,True,0.0003198999911546,success,0.205485774781752,-12.086259139635104,-107.14148117233036,0.102742887390876,-0.0120862591396351,-0.1071414811723303,"{""solution_info"": {""status"": ""ok"", ""estimate"": {""log_gap"": -1.2547401151658975, ""beta"": 2.205485774781752, ""eta"": 987.9137408603649, ""gamma"": 892.8585188276696, ""objective"": 4.437342591868191e-31, ""raw_gap"": 285.1499447418396}, ""reused_verified_profile"": true}}",4,16d14a8cc86c22ee660f4a1d0ad39c8a2abdd15d6bd2fe1615663a5a9889af82
2.0,1000.0,1000.0,15,86,paper_wmle,WMLE,1.4019941423011288,713.135135721903,1117.8167798964337,0.0,True,0.2974210000247694,success,-0.5980058576988712,-286.864864278097,117.81677989643369,-0.2990029288494356,-0.286864864278097,0.1178167798964336,"{""solution_info"": {""status"": ""ok"", ""estimate"": {""beta"": 1.4019941423011288, ""eta"": 713.135135721903, ""gamma"": 1117.8167798964337, ""log_gap"": -2.810221081175777, ""log_likelihood"": -6.912415276915298, ""objective"": 2.1478513081678794e-26, ""local_maximum"": true, ""in_shape_domain"": true, ""low_shape_author_excluded"": false}, ""candidates"": [{""beta"": 1.4019941423011288, ""eta"": 713.135135721903, ""gamma"": 1117.8167798964337, ""log_gap"": -2.810221081175777, ""log_likelihood"": -6.912415276915298, ""objective"": 2.1478513081678794e-26, ""local_maximum"": true, ""in_shape_domain"": true, ""low_shape_author_excluded"": false}], ""shape_bounds"": [0.1, 15], ""location_lower"": -2652.398879954803, ""location_upper"": 1178.0083635695091, ""log_gap_step"": 0.025, ""grid_points"": 744, ""extrema_checks"": 6, ""weights"": {""J1"": 0.978, ""J2"": 0.901}, ""selection"": ""root nearest original (beta=2,gamma=.9*xmin) heuristic"", ""no_boundary_or_nonzero_residual_substitution"": true}}",4,16d14a8cc86c22ee660f4a1d0ad39c8a2abdd15d6bd2fe1615663a5a9889af82
2.0,1000.0,1000.0,15,87,paper_mle,MLE,1.4082888274689085,749.5419388428923,1086.0488246611417,0.0,True,0.0382343000383116,success,-0.5917111725310915,-250.45806115710772,86.04882466114168,-0.2958555862655457,-0.2504580611571077,0.0860488246611416,"{""solution_info"": {""status"": ""ok"", ""estimate"": {""beta"": 1.4082888274689085, ""eta"": 749.5419388428923, ""gamma"": 1086.0488246611417, ""log_gap"": -3.3843376627578525, ""log_likelihood"": -8.278109840259551, ""objective"": 9.119424657349335e-28, ""local_maximum"": true, ""in_shape_domain"": true, ""low_shape_author_excluded"": false}, ""candidates"": [{""beta"": 1.005811591037625, ""eta"": 654.3466509268582, ""gamma"": 1119.693415356411, ""log_gap"": -8.272297905120444, ""log_likelihood"": -8.613633570338557, ""objective"": 3.0814879110195774e-33, ""local_maximum"": false, ""in_shape_domain"": false, ""low_shape_author_excluded"": true}, {""beta"": 1.4082888274689085, ""eta"": 749.5419388428923, ""gamma"": 1086.0488246611417, ""log_gap"": -3.3843376627578525, ""log_likelihood"": -8.278109840259551, ""objective"": 9.119424657349335e-28, ""local_maximum"": true, ""in_shape_domain"": true, ""low_shape_author_excluded"": false}], ""shape_bounds"": [1.01, 15], ""location_lower"": -2914.1521387252888, ""location_upper"": 1119.9488128635605, ""log_gap_step"": 0.025, ""grid_points"": 702, ""extrema_checks"": 2, ""weights"": {""J1"": 1.0, ""J2"": 1.0}, ""selection"": ""highest likelihood among finite stationary maxima"", ""no_boundary_or_nonzero_residual_substitution"": true}}",4,59824170c97fc30d67bd14ae90b27b745db8b27d6ec992bac39ecdc8052f1728
2.0,1000.0,1000.0,15,87,paper_cw,MMLE-I,2.6959824166227917,1247.5078376165195,668.5311835616202,0.0,True,0.0003319000243209,success,0.6959824166227913,247.5078376165195,-331.4688164383798,0.3479912083113956,0.2475078376165195,-0.3314688164383798,"{""solution_info"": {""status"": ""ok"", ""estimate"": {""log_gap"": -0.7953621391140334, ""beta"": 2.6959824166227913, ""eta"": 1247.5078376165195, ""gamma"": 668.5311835616202, ""objective"": 1.2671078290112502e-29, ""raw_gap"": 451.4177293019405}, ""reused_verified_profile"": true}}",4,59824170c97fc30d67bd14ae90b27b745db8b27d6ec992bac39ecdc8052f1728
2.0,1000.0,1000.0,15,87,paper_wmle,WMLE,1.5522140607206487,837.8914308218641,1021.9361186429544,0.0,True,0.3116754000075161,success,-0.4477859392793513,-162.1085691781359,21.936118642954284,-0.2238929696396756,-0.1621085691781359,0.0219361186429542,"{""solution_info"": {""status"": ""ok"", ""estimate"": {""beta"": 1.5522140607206487, ""eta"": 837.8914308218641, ""gamma"": 1021.9361186429543, ""log_gap"": -2.322657255561407, ""log_likelihood"": -8.430622050178998, ""objective"": 9.663546088957395e-30, ""local_maximum"": true, ""in_shape_domain"": true, ""low_shape_author_excluded"": false}, ""candidates"": [{""beta"": 1.5522140607206487, ""eta"": 837.8914308218641, ""gamma"": 1021.9361186429543, ""log_gap"": -2.322657255561407, ""log_likelihood"": -8.430622050178998, ""objective"": 9.663546088957395e-30, ""local_maximum"": true, ""in_shape_domain"": true, ""low_shape_author_excluded"": false}], ""shape_bounds"": [0.1, 15], ""location_lower"": -2914.1521387252888, ""location_upper"": 1119.9488128635605, ""log_gap_step"": 0.025, ""grid_points"": 746, ""extrema_checks"": 10, ""weights"": {""J1"": 0.978, ""J2"": 0.901}, ""selection"": ""root nearest original (beta=2,gamma=.9*xmin) heuristic"", ""no_boundary_or_nonzero_residual_substitution"": true}}",4,59824170c97fc30d67bd14ae90b27b745db8b27d6ec992bac39ecdc8052f1728
2.0,1000.0,1000.0,15,88,paper_mle,MLE,1.4884120348961678,587.0662050312587,1264.5872364846691,0.0,True,0.0633572999504394,success,-0.5115879651038322,-412.93379496874127,264.58723648466935,-0.2557939825519161,-0.4129337949687413,0.2645872364846693,"{""solution_info"": {""status"": ""ok"", ""estimate"": {""beta"": 1.4884120348961678, ""eta"": 587.0662050312587, ""gamma"": 1264.5872364846693, ""log_gap"": -3.3320251703318586, ""log_likelihood"": -4.087664362690294, ""objective"": 2.2494861750442915e-31, ""local_maximum"": true, ""in_shape_domain"": true, ""low_shape_author_excluded"": false}, ""candidates"": [{""beta"": 1.0046630058388317, ""eta"": 498.4678117041946, ""gamma"": 1300.151838775214, ""log_gap"": -8.765084248522628, ""log_likelihood"": -4.537764253189307, ""objective"": 4.131736028292825e-29, ""local_maximum"": false, ""in_shape_domain"": false, ""low_shape_author_excluded"": true}, {""beta"": 1.4884120348961678, ""eta"": 587.0662050312587, ""gamma"": 1264.5872364846693, ""log_gap"": -3.3320251703318586, ""log_likelihood"": -4.087664362690294, ""objective"": 2.2494861750442915e-31, ""local_maximum"": true, ""in_shape_domain"": true, ""low_shape_author_excluded"": false}], ""shape_bounds"": [1.01, 15], ""location_lower"": -1770.7170632792527, ""location_upper"": 1300.3078277677298, ""log_gap_step"": 0.025, ""grid_points"": 691, ""extrema_checks"": 2, ""weights"": {""J1"": 1.0, ""J2"": 1.0}, ""selection"": ""highest likelihood among finite stationary maxima"", ""no_boundary_or_nonzero_residual_substitution"": true}}",4,7c176432ab92976469d63546c195dfc46e7e424a5c2f687e808f0e63ec191754
2.0,1000.0,1000.0,15,88,paper_cw,MMLE-I,2.5178649631128587,908.3827977010096,994.4115226356918,0.0,True,0.0003274999908171,success,0.5178649631128587,-91.61720229899026,-5.588477364308233,0.2589324815564293,-0.0916172022989902,-0.0055884773643082,"{""solution_info"": {""status"": ""ok"", ""estimate"": {""log_gap"": -1.1845087796692972, ""beta"": 2.5178649631128587, ""eta"": 908.3827977010097, ""gamma"": 994.4115226356918, ""objective"": 0.0, ""raw_gap"": 305.89640513203807}, ""reused_verified_profile"": true}}",4,7c176432ab92976469d63546c195dfc46e7e424a5c2f687e808f0e63ec191754
2.0,1000.0,1000.0,15,88,paper_wmle,WMLE,1.5963302099100891,646.4312641830743,1219.9507723838703,0.0,True,0.1962678999989293,success,-0.4036697900899109,-353.5687358169257,219.95077238387037,-0.2018348950449554,-0.3535687358169257,0.2199507723838703,"{""solution_info"": {""status"": ""ok"", ""estimate"": {""beta"": 1.5963302099100891, ""eta"": 646.4312641830743, ""gamma"": 1219.9507723838703, ""log_gap"": -2.5212741380708583, ""log_likelihood"": -4.21310172098217, ""objective"": 4.6389951607653125e-26, ""local_maximum"": true, ""in_shape_domain"": true, ""low_shape_author_excluded"": false}, ""candidates"": [{""beta"": 1.5963302099100891, ""eta"": 646.4312641830743, ""gamma"": 1219.9507723838703, ""log_gap"": -2.5212741380708583, ""log_likelihood"": -4.21310172098217, ""objective"": 4.6389951607653125e-26, ""local_maximum"": true, ""in_shape_domain"": true, ""low_shape_author_excluded"": false}], ""shape_bounds"": [0.1, 15], ""location_lower"": -1770.7170632792527, ""location_upper"": 1300.3078277677298, ""log_gap_step"": 0.025, ""grid_points"": 735, ""extrema_checks"": 6, ""weights"": {""J1"": 0.978, ""J2"": 0.901}, ""selection"": ""root nearest original (beta=2,gamma=.9*xmin) heuristic"", ""no_boundary_or_nonzero_residual_substitution"": true}}",4,7c176432ab92976469d63546c195dfc46e7e424a5c2f687e808f0e63ec191754
2.0,1000.0,1000.0,15,89,paper_mle,MLE,1.9777415218092604,909.175926723126,1288.8267736554385,0.0,True,0.0569391999742947,success,-0.0222584781907395,-90.82407327687396,288.8267736554385,-0.0111292390953697,-0.0908240732768739,0.2888267736554385,"{""solution_info"": {""status"": ""ok"", ""estimate"": {""beta"": 1.9777415218092604, ""eta"": 909.175926723126, ""gamma"": 1288.8267736554385, ""log_gap"": -2.213519587763601, ""log_likelihood"": -7.722946805309709, ""objective"": 2.0029671421627253e-31, ""local_maximum"": true, ""in_shape_domain"": true, ""low_shape_author_excluded"": false}, ""candidates"": [{""beta"": 1.0003228127757586, ""eta"": 697.4049368618233, ""gamma"": 1398.1269861878357, ""log_gap"": -11.106555114280185, ""log_likelihood"": -9.593164139103846, ""objective"": 1.1190808534856473e-28, ""local_maximum"": false, ""in_shape_domain"": false, ""low_shape_author_excluded"": true}, {""beta"": 1.9777415218092604, ""eta"": 909.175926723126, ""gamma"": 1288.8267736554385, ""log_gap"": -2.213519587763601, ""log_likelihood"": -7.722946805309709, ""objective"": 2.0029671421627253e-31, ""local_maximum"": true, ""in_shape_domain"": true, ""low_shape_author_excluded"": false}], ""shape_bounds"": [1.01, 15], ""location_lower"": -2293.007686922989, ""location_upper"": 1398.141899772622, ""log_gap_step"": 0.025, ""grid_points"": 698, ""extrema_checks"": 2, ""weights"": {""J1"": 1.0, ""J2"": 1.0}, ""selection"": ""highest likelihood among finite stationary maxima"", ""no_boundary_or_nonzero_residual_substitution"": true}}",4,3ad03d31552fd234b4046fc5291ec9bca21f900231feee0903cbc9ecb180e2b6
2.0,1000.0,1000.0,15,89,paper_cw,MMLE-I,3.971622718951023,1724.406618760382,533.236875868806,0.0,True,0.0003073000116273,success,1.9716227189510227,724.4066187603819,-466.763124131194,0.9858113594755114,0.7244066187603819,-0.466763124131194,"{""solution_info"": {""status"": ""ok"", ""estimate"": {""log_gap"": -0.1451354614141055, ""beta"": 3.9716227189510227, ""eta"": 1724.406618760382, ""gamma"": 533.236875868806, ""objective"": 2.6545169460687047e-27, ""raw_gap"": 864.9051239038162}, ""reused_verified_profile"": true}}",4,3ad03d31552fd234b4046fc5291ec9bca21f900231feee0903cbc9ecb180e2b6
2.0,1000.0,1000.0,15,89,paper_wmle,WMLE,1.9229536838325496,934.9712056070156,1266.130691039365,0.0,True,0.2002392999711446,success,-0.0770463161674501,-65.02879439298454,266.13069103936505,-0.038523158083725,-0.0650287943929845,0.266130691039365,"{""solution_info"": {""status"": ""ok"", ""estimate"": {""beta"": 1.9229536838325498, ""eta"": 934.9712056070155, ""gamma"": 1266.130691039365, ""log_gap"": -2.0248676878437766, ""log_likelihood"": -7.782023809513798, ""objective"": 3.1554436208840472e-30, ""local_maximum"": true, ""in_shape_domain"": true, ""low_shape_author_excluded"": false}, ""candidates"": [{""beta"": 1.9229536838325498, ""eta"": 934.9712056070155, ""gamma"": 1266.130691039365, ""log_gap"": -2.0248676878437766, ""log_likelihood"": -7.782023809513798, ""objective"": 3.1554436208840472e-30, ""local_maximum"": true, ""in_shape_domain"": true, ""low_shape_author_excluded"": false}], ""shape_bounds"": [0.1, 15], ""location_lower"": -2293.007686922989, ""location_upper"": 1398.141899772622, ""log_gap_step"": 0.025, ""grid_points"": 741, ""extrema_checks"": 8, ""weights"": {""J1"": 0.978, ""J2"": 0.901}, ""selection"": ""root nearest original (beta=2,gamma=.9*xmin) heuristic"", ""no_boundary_or_nonzero_residual_substitution"": true}}",4,3ad03d31552fd234b4046fc5291ec9bca21f900231feee0903cbc9ecb180e2b6
2.0,1000.0,1000.0,15,90,paper_mle,MLE,1.6821794066190392,833.5602173299873,1166.133402692346,0.0,True,0.0562205999740399,success,-0.3178205933809608,-166.43978267001273,166.13340269234595,-0.1589102966904804,-0.1664397826700127,0.1661334026923459,"{""solution_info"": {""status"": ""ok"", ""estimate"": {""beta"": 1.6821794066190392, ""eta"": 833.5602173299873, ""gamma"": 1166.133402692346, ""log_gap"": -2.7043331882538086, ""log_likelihood"": -8.115030409741454, ""objective"": 9.19053769461589e-31, ""local_maximum"": true, ""in_shape_domain"": true, ""low_shape_author_excluded"": false}, ""candidates"": [{""beta"": 1.000950408382163, ""eta"": 679.290836667639, ""gamma"": 1233.0052457941842, ""log_gap"": -10.052323301350272, ""log_likelihood"": -9.196014801745552, ""objective"": 9.437056727497456e-33, ""local_maximum"": false, ""in_shape_domain"": false, ""low_shape_author_excluded"": true}, {""beta"": 1.6821794066190392, ""eta"": 833.5602173299873, ""gamma"": 1166.133402692346, ""log_gap"": -2.7043331882538086, ""log_likelihood"": -8.115030409741454, ""objective"": 9.19053769461589e-31, ""local_maximum"": true, ""in_shape_domain"": true, ""low_shape_author_excluded"": false}], ""shape_bounds"": [1.01, 15], ""location_lower"": -2714.949071166864, ""location_upper"": 1233.0482313261978, ""log_gap_step"": 0.025, ""grid_points"": 701, ""extrema_checks"": 2, ""weights"": {""J1"": 1.0, ""J2"": 1.0}, ""selection"": ""highest likelihood among finite stationary maxima"", ""no_boundary_or_nonzero_residual_substitution"": true}}",4,28401cd4305eab12da382d8a3ee44e9517f77c45865a8153e9ea414001cb302f
2.0,1000.0,1000.0,15,90,paper_cw,MMLE-I,2.998252357628961,1386.6483496776968,677.1337118500356,0.0,True,0.0002997000119648,success,0.9982523576289616,386.6483496776968,-322.8662881499644,0.4991261788144807,0.3866483496776968,-0.3228662881499644,"{""solution_info"": {""status"": ""ok"", ""estimate"": {""log_gap"": -0.5871405586166538, ""beta"": 2.9982523576289615, ""eta"": 1386.6483496776968, ""gamma"": 677.1337118500356, ""objective"": 1.2671078290112502e-29, ""raw_gap"": 555.9146194761621}, ""reused_verified_profile"": true}}",4,28401cd4305eab12da382d8a3ee44e9517f77c45865a8153e9ea414001cb302f
2.0,1000.0,1000.0,15,90,paper_wmle,WMLE,1.6965456585393603,880.3202638982657,1128.4310461825496,0.0,True,0.1932893000193871,success,-0.3034543414606396,-119.6797361017343,128.4310461825496,-0.1517271707303198,-0.1196797361017343,0.1284310461825496,"{""solution_info"": {""status"": ""ok"", ""estimate"": {""beta"": 1.6965456585393603, ""eta"": 880.3202638982657, ""gamma"": 1128.4310461825496, ""log_gap"": -2.2574464910643064, ""log_likelihood"": -8.198107369059525, ""objective"": 9.860761315262648e-31, ""local_maximum"": true, ""in_shape_domain"": true, ""low_shape_author_excluded"": false}, ""candidates"": [{""beta"": 1.6965456585393603, ""eta"": 880.3202638982657, ""gamma"": 1128.4310461825496, ""log_gap"": -2.2574464910643064, ""log_likelihood"": -8.198107369059525, ""objective"": 9.860761315262648e-31, ""local_maximum"": true, ""in_shape_domain"": true, ""low_shape_author_excluded"": false}], ""shape_bounds"": [0.1, 15], ""location_lower"": -2714.949071166864, ""location_upper"": 1233.0482313261978, ""log_gap_step"": 0.025, ""grid_points"": 745, ""extrema_checks"": 6, ""weights"": {""J1"": 0.978, ""J2"": 0.901}, ""selection"": ""root nearest original (beta=2,gamma=.9*xmin) heuristic"", ""no_boundary_or_nonzero_residual_substitution"": true}}",4,28401cd4305eab12da382d8a3ee44e9517f77c45865a8153e9ea414001cb302f
2.0,1000.0,1000.0,15,91,paper_mle,MLE,1.2101885921038238,728.2789063046077,1320.075126867459,0.0,True,0.0625051999813877,success,-0.7898114078961762,-271.72109369539226,320.07512686745895,-0.3949057039480881,-0.2717210936953922,0.3200751268674589,"{""solution_info"": {""status"": ""ok"", ""estimate"": {""beta"": 1.2101885921038238, ""eta"": 728.2789063046077, ""gamma"": 1320.075126867459, ""log_gap"": -4.239267802699135, ""log_likelihood"": -9.065212867419643, ""objective"": 5.58170859440771e-26, ""local_maximum"": true, ""in_shape_domain"": true, ""low_shape_author_excluded"": false}, ""candidates"": [{""beta"": 1.0227420936375458, ""eta"": 680.4622239045073, ""gamma"": 1333.4220772517422, ""log_gap"": -6.838980877790963, ""log_likelihood"": -9.11862892327419, ""objective"": 2.8403807412817393e-29, ""local_maximum"": false, ""in_shape_domain"": true, ""low_shape_author_excluded"": false}, {""beta"": 1.2101885921038238, ""eta"": 728.2789063046077, ""gamma"": 1320.075126867459, ""log_gap"": -4.239267802699135, ""log_likelihood"": -9.065212867419643, ""objective"": 5.58170859440771e-26, ""local_maximum"": true, ""in_shape_domain"": true, ""low_shape_author_excluded"": false}], ""shape_bounds"": [1.01, 15], ""location_lower"": -3056.0551945563166, ""location_upper"": 1334.4931717734212, ""log_gap_step"": 0.025, ""grid_points"": 705, ""extrema_checks"": 2, ""weights"": {""J1"": 1.0, ""J2"": 1.0}, ""selection"": ""highest likelihood among finite stationary maxima"", ""no_boundary_or_nonzero_residual_substitution"": true}}",4,b8d4fb370b01d203a7e0698908ae1d9399dcd3e40f5f77bc1b956ed70cac6697
2.0,1000.0,1000.0,15,91,paper_cw,MMLE-I,2.1950673388184487,1133.1194943042583,1009.3545759415408,0.0,True,0.0003106000367552,success,0.1950673388184487,133.11949430425852,9.354575941540816,0.0975336694092243,0.1331194943042585,0.0093545759415408,"{""solution_info"": {""status"": ""ok"", ""estimate"": {""log_gap"": -1.12350343128123, ""beta"": 2.1950673388184487, ""eta"": 1133.1194943042585, ""gamma"": 1009.3545759415408, ""objective"": 7.888609052210118e-31, ""raw_gap"": 325.1386958318804}, ""reused_verified_profile"": true}}",4,b8d4fb370b01d203a7e0698908ae1d9399dcd3e40f5f77bc1b956ed70cac6697
2.0,1000.0,1000.0,15,91,paper_wmle,WMLE,1.4478990771547748,851.6800729427703,1240.3010148299263,0.0,True,0.1606979999924078,success,-0.5521009228452252,-148.31992705722973,240.30101482992652,-0.2760504614226126,-0.1483199270572297,0.2403010148299265,"{""solution_info"": {""status"": ""ok"", ""estimate"": {""beta"": 1.4478990771547748, ""eta"": 851.6800729427703, ""gamma"": 1240.3010148299265, ""log_gap"": -2.3624172988303367, ""log_likelihood"": -9.321913069840212, ""objective"": 7.888609052210118e-31, ""local_maximum"": true, ""in_shape_domain"": true, ""low_shape_author_excluded"": false}, ""candidates"": [{""beta"": 1.4478990771547748, ""eta"": 851.6800729427703, ""gamma"": 1240.3010148299265, ""log_gap"": -2.3624172988303367, ""log_likelihood"": -9.321913069840212, ""objective"": 7.888609052210118e-31, ""local_maximum"": true, ""in_shape_domain"": true, ""low_shape_author_excluded"": false}], ""shape_bounds"": [0.1, 15], ""location_lower"": -3056.0551945563166, ""location_upper"": 1334.4931717734212, ""log_gap_step"": 0.025, ""grid_points"": 749, ""extrema_checks"": 6, ""weights"": {""J1"": 0.978, ""J2"": 0.901}, ""selection"": ""root nearest original (beta=2,gamma=.9*xmin) heuristic"", ""no_boundary_or_nonzero_residual_substitution"": true}}",4,b8d4fb370b01d203a7e0698908ae1d9399dcd3e40f5f77bc1b956ed70cac6697
2.0,1000.0,1000.0,15,92,paper_mle,MLE,2.819789856353852,1535.017524096875,676.2914071391413,0.0,True,0.0414619999937713,success,0.8197898563538519,535.0175240968749,-323.70859286085874,0.4098949281769259,0.535017524096875,-0.3237085928608587,"{""solution_info"": {""status"": ""ok"", ""estimate"": {""beta"": 2.819789856353852, ""eta"": 1535.017524096875, ""gamma"": 676.2914071391413, ""log_gap"": -0.9054099954629049, ""log_likelihood"": -11.571002227056816, ""objective"": 2.3789086673071137e-30, ""local_maximum"": true, ""in_shape_domain"": true, ""low_shape_author_excluded"": false}, ""candidates"": [{""beta"": 1.000237186434071, ""eta"": 963.4143482098202, ""gamma"": 1080.6522278493846, ""log_gap"": -11.091714858735086, ""log_likelihood"": -14.440266332292175, ""objective"": 1.7280769271215996e-26, ""local_maximum"": false, ""in_shape_domain"": false, ""low_shape_author_excluded"": true}, {""beta"": 2.819789856353852, ""eta"": 1535.017524096875, ""gamma"": 676.2914071391413, ""log_gap"": -0.9054099954629049, ""log_likelihood"": -11.571002227056816, ""objective"": 2.3789086673071137e-30, ""local_maximum"": true, ""in_shape_domain"": true, ""low_shape_author_excluded"": false}], ""shape_bounds"": [1.01, 15], ""location_lower"": -3419.2256144831467, ""location_upper"": 1080.6673659010594, ""log_gap_step"": 0.025, ""grid_points"": 706, ""extrema_checks"": 2, ""weights"": {""J1"": 1.0, ""J2"": 1.0}, ""selection"": ""highest likelihood among finite stationary maxima"", ""no_boundary_or_nonzero_residual_substitution"": true}}",4,d57ceab2bebcb15233a9dcf3688d048bcbd5640655d47cb341497617e90c57a0
2.0,1000.0,1000.0,15,92,paper_cw,MMLE-I,6.968134046065519,3661.43654404428,-1390.1923777092252,0.0,True,0.000295499979984,success,4.968134046065519,2661.4365440442803,-2390.192377709225,2.4840670230327597,2.6614365440442804,-2.390192377709225,"{""solution_info"": {""status"": ""ok"", ""estimate"": {""log_gap"": 0.9045662048839571, ""beta"": 6.968134046065519, ""eta"": 3661.4365440442803, ""gamma"": -1390.1923777092252, ""objective"": 9.860761315262648e-31, ""raw_gap"": 2470.8598436102848}, ""reused_verified_profile"": true}}",4,d57ceab2bebcb15233a9dcf3688d048bcbd5640655d47cb341497617e90c57a0
2.0,1000.0,1000.0,15,92,paper_wmle,WMLE,2.5390494579872334,1481.8685689513045,724.0158662918811,0.0,True,0.2890428000246174,success,0.5390494579872334,481.8685689513045,-275.98413370811886,0.2695247289936167,0.4818685689513045,-0.2759841337081188,"{""solution_info"": {""status"": ""ok"", ""estimate"": {""beta"": 2.5390494579872334, ""eta"": 1481.8685689513045, ""gamma"": 724.0158662918811, ""log_gap"": -1.0309958851730172, ""log_likelihood"": -11.626956300636135, ""objective"": 5.127595883936577e-30, ""local_maximum"": true, ""in_shape_domain"": true, ""low_shape_author_excluded"": false}, ""candidates"": [{""beta"": 2.5390494579872334, ""eta"": 1481.8685689513045, ""gamma"": 724.0158662918811, ""log_gap"": -1.0309958851730172, ""log_likelihood"": -11.626956300636135, ""objective"": 5.127595883936577e-30, ""local_maximum"": true, ""in_shape_domain"": true, ""low_shape_author_excluded"": false}], ""shape_bounds"": [0.1, 15], ""location_lower"": -3419.2256144831467, ""location_upper"": 1080.6673659010594, ""log_gap_step"": 0.025, ""grid_points"": 749, ""extrema_checks"": 12, ""weights"": {""J1"": 0.978, ""J2"": 0.901}, ""selection"": ""root nearest original (beta=2,gamma=.9*xmin) heuristic"", ""no_boundary_or_nonzero_residual_substitution"": true}}",4,d57ceab2bebcb15233a9dcf3688d048bcbd5640655d47cb341497617e90c57a0
2.0,1000.0,1000.0,15,93,paper_mle,MLE,,,,,False,0.0446926999720744,failure,,,,,,,"{""solution_info"": {""status"": ""no_stationary_root_in_paper_location_domain"", ""estimate"": null, ""candidates"": [], ""shape_bounds"": [1.01, 15], ""location_lower"": -2671.155128848509, ""location_upper"": 1274.1912203260192, ""log_gap_step"": 0.025, ""grid_points"": 701, ""extrema_checks"": 2, ""weights"": {""J1"": 1.0, ""J2"": 1.0}, ""selection"": ""highest likelihood among finite stationary maxima"", ""no_boundary_or_nonzero_residual_substitution"": true}}",4,6cd344ed3ae95143aedd231ce6c5ec4ff0efbe25c9cff819257de5a6b392b09e
2.0,1000.0,1000.0,15,93,paper_cw,MMLE-I,0.974026693402514,458.44565423625176,1246.6889824929506,0.0,True,0.0003212000010535,success,-1.025973306597486,-541.5543457637482,246.68898249295057,-0.5129866532987429,-0.5415543457637482,0.2466889824929505,"{""solution_info"": {""status"": ""ok"", ""estimate"": {""log_gap"": -3.593484265811347, ""beta"": 0.9740266934025141, ""eta"": 458.44565423625176, ""gamma"": 1246.6889824929506, ""objective"": 4.437342591868191e-31, ""raw_gap"": 27.502337833068708}, ""reused_verified_profile"": true}}",4,6cd344ed3ae95143aedd231ce6c5ec4ff0efbe25c9cff819257de5a6b392b09e
2.0,1000.0,1000.0,15,93,paper_wmle,WMLE,0.8100074652727258,418.7882437948513,1262.0822842982586,0.0,True,0.1650490000029094,success,-1.1899925347272742,-581.2117562051487,262.0822842982586,-0.5949962673636371,-0.5812117562051488,0.2620822842982586,"{""solution_info"": {""status"": ""ok"", ""estimate"": {""beta"": 0.8100074652727258, ""eta"": 418.7882437948513, ""gamma"": 1262.0822842982586, ""log_gap"": -4.4138033259264775, ""log_likelihood"": -2.7894147791469486, ""objective"": 4.750338933232732e-25, ""local_maximum"": true, ""in_shape_domain"": true, ""low_shape_author_excluded"": true}, ""candidates"": [{""beta"": 0.8100074652727258, ""eta"": 418.7882437948513, ""gamma"": 1262.0822842982586, ""log_gap"": -4.4138033259264775, ""log_likelihood"": -2.7894147791469486, ""objective"": 4.750338933232732e-25, ""local_maximum"": true, ""in_shape_domain"": true, ""low_shape_author_excluded"": true}], ""shape_bounds"": [0.1, 15], ""location_lower"": -2671.155128848509, ""location_upper"": 1274.1912203260192, ""log_gap_step"": 0.025, ""grid_points"": 747, ""extrema_checks"": 4, ""weights"": {""J1"": 0.978, ""J2"": 0.901}, ""selection"": ""root nearest original (beta=2,gamma=.9*xmin) heuristic"", ""no_boundary_or_nonzero_residual_substitution"": true}}",4,6cd344ed3ae95143aedd231ce6c5ec4ff0efbe25c9cff819257de5a6b392b09e
2.0,1000.0,1000.0,15,94,paper_mle,MLE,1.21373412781774,646.6169317123622,1076.091595464553,0.0,True,0.0544864000403322,success,-0.78626587218226,-353.3830682876378,76.09159546455294,-0.39313293609113,-0.3533830682876378,0.0760915954645529,"{""solution_info"": {""status"": ""ok"", ""estimate"": {""beta"": 1.21373412781774, ""eta"": 646.6169317123622, ""gamma"": 1076.091595464553, ""log_gap"": -4.423547666779753, ""log_likelihood"": -7.180912787066271, ""objective"": 1.4577363749066988e-30, ""local_maximum"": true, ""in_shape_domain"": true, ""low_shape_author_excluded"": false}, ""candidates"": [{""beta"": 1.0117985157220797, ""eta"": 600.1334025485331, ""gamma"": 1087.6038902699893, ""log_gap"": -7.64314280366483, ""log_likelihood"": -7.284925727495606, ""objective"": 3.160258445745015e-30, ""local_maximum"": false, ""in_shape_domain"": true, ""low_shape_author_excluded"": false}, {""beta"": 1.21373412781774, ""eta"": 646.6169317123622, ""gamma"": 1076.091595464553, ""log_gap"": -4.423547666779753, ""log_likelihood"": -7.180912787066271, ""objective"": 1.4577363749066988e-30, ""local_maximum"": true, ""in_shape_domain"": true, ""low_shape_author_excluded"": false}], ""shape_bounds"": [1.01, 15], ""location_lower"": -3130.9487795927093, ""location_upper"": 1088.0831099447637, ""log_gap_step"": 0.025, ""grid_points"": 704, ""extrema_checks"": 2, ""weights"": {""J1"": 1.0, ""J2"": 1.0}, ""selection"": ""highest likelihood among finite stationary maxima"", ""no_boundary_or_nonzero_residual_substitution"": true}}",4,8864ad6f01bf8b2dabed9cae79928a8af301b577715428648b7f2d638757630a
2.0,1000.0,1000.0,15,94,paper_cw,MMLE-I,1.8410725656271831,908.5445550322456,883.0210311285905,0.0,True,0.0003027999773621,success,-0.1589274343728168,-91.45544496775436,-116.9789688714095,-0.0794637171864084,-0.0914554449677543,-0.1169789688714095,"{""solution_info"": {""status"": ""ok"", ""estimate"": {""log_gap"": -1.584442034534896, ""beta"": 1.8410725656271831, ""eta"": 908.5445550322456, ""gamma"": 883.0210311285905, ""objective"": 7.112074098633185e-30, ""raw_gap"": 205.06217881617314}, ""reused_verified_profile"": true}}",4,8864ad6f01bf8b2dabed9cae79928a8af301b577715428648b7f2d638757630a
2.0,1000.0,1000.0,15,94,paper_wmle,WMLE,1.3022052039640857,706.739591411821,1039.3834706391824,0.0,True,0.1559094999684021,success,-0.6977947960359143,-293.26040858817896,39.383470639182406,-0.3488973980179571,-0.293260408588179,0.0393834706391824,"{""solution_info"": {""status"": ""ok"", ""estimate"": {""beta"": 1.3022052039640857, ""eta"": 706.739591411821, ""gamma"": 1039.3834706391824, ""log_gap"": -3.022081601976068, ""log_likelihood"": -7.390059413724391, ""objective"": 3.626269335708419e-25, ""local_maximum"": true, ""in_shape_domain"": true, ""low_shape_author_excluded"": false}, ""candidates"": [{""beta"": 1.3022052039640857, ""eta"": 706.739591411821, ""gamma"": 1039.3834706391824, ""log_gap"": -3.022081601976068, ""log_likelihood"": -7.390059413724391, ""objective"": 3.626269335708419e-25, ""local_maximum"": true, ""in_shape_domain"": true, ""low_shape_author_excluded"": false}], ""shape_bounds"": [0.1, 15], ""location_lower"": -3130.9487795927093, ""location_upper"": 1088.0831099447637, ""log_gap_step"": 0.025, ""grid_points"": 748, ""extrema_checks"": 4, ""weights"": {""J1"": 0.978, ""J2"": 0.901}, ""selection"": ""root nearest original (beta=2,gamma=.9*xmin) heuristic"", ""no_boundary_or_nonzero_residual_substitution"": true}}",4,8864ad6f01bf8b2dabed9cae79928a8af301b577715428648b7f2d638757630a
2.0,1000.0,1000.0,15,95,paper_mle,MLE,,,,,False,0.0188209000043571,failure,,,,,,,"{""solution_info"": {""status"": ""no_stationary_root_in_paper_location_domain"", ""estimate"": null, ""candidates"": [], ""shape_bounds"": [1.01, 15], ""location_lower"": -3706.309408412311, ""location_upper"": 1253.75421866554, ""log_gap_step"": 0.025, ""grid_points"": 710, ""extrema_checks"": 2, ""weights"": {""J1"": 1.0, ""J2"": 1.0}, ""selection"": ""highest likelihood among finite stationary maxima"", ""no_boundary_or_nonzero_residual_substitution"": true}}",4,c829ef03071dcd583036478df035ebc9c7351b952a287255bdfb1b46f29b2548
2.0,1000.0,1000.0,15,95,paper_cw,MMLE-I,1.827240792865793,1067.375054498695,1015.5427578351456,0.0,True,0.0003151000128127,success,-0.172759207134207,67.37505449869468,15.54275783514572,-0.0863796035671035,0.0673750544986946,0.0155427578351457,"{""solution_info"": {""status"": ""ok"", ""estimate"": {""log_gap"": -1.4345960891060412, ""beta"": 1.827240792865793, ""eta"": 1067.3750544986947, ""gamma"": 1015.5427578351457, ""objective"": 3.463592411986005e-30, ""raw_gap"": 238.21156083039463}, ""reused_verified_profile"": true}}",4,c829ef03071dcd583036478df035ebc9c7351b952a287255bdfb1b46f29b2548
2.0,1000.0,1000.0,15,95,paper_wmle,WMLE,1.319374914837512,856.2861282207188,1177.642431283231,0.0,True,0.1459860000177286,success,-0.680625085162488,-143.71387177928125,177.64243128323096,-0.340312542581244,-0.1437138717792812,0.1776424312832309,"{""solution_info"": {""status"": ""ok"", ""estimate"": {""beta"": 1.319374914837512, ""eta"": 856.2861282207188, ""gamma"": 1177.642431283231, ""log_gap"": -2.5755508189245173, ""log_likelihood"": -10.183041387014157, ""objective"": 6.703148326889243e-26, ""local_maximum"": true, ""in_shape_domain"": true, ""low_shape_author_excluded"": false}, ""candidates"": [{""beta"": 1.319374914837512, ""eta"": 856.2861282207188, ""gamma"": 1177.642431283231, ""log_gap"": -2.5755508189245173, ""log_likelihood"": -10.183041387014157, ""objective"": 6.703148326889243e-26, ""local_maximum"": true, ""in_shape_domain"": true, ""low_shape_author_excluded"": false}], ""shape_bounds"": [0.1, 15], ""location_lower"": -3706.309408412311, ""location_upper"": 1253.75421866554, ""log_gap_step"": 0.025, ""grid_points"": 754, ""extrema_checks"": 6, ""weights"": {""J1"": 0.978, ""J2"": 0.901}, ""selection"": ""root nearest original (beta=2,gamma=.9*xmin) heuristic"", ""no_boundary_or_nonzero_residual_substitution"": true}}",4,c829ef03071dcd583036478df035ebc9c7351b952a287255bdfb1b46f29b2548
2.0,1000.0,1000.0,15,96,paper_mle,MLE,1.4209550713563786,681.4852939527877,1103.845071122774,0.0,True,0.0416958999703638,success,-0.5790449286436214,-318.51470604721226,103.84507112277402,-0.2895224643218107,-0.3185147060472122,0.103845071122774,"{""solution_info"": {""status"": ""ok"", ""estimate"": {""beta"": 1.4209550713563786, ""eta"": 681.4852939527877, ""gamma"": 1103.845071122774, ""log_gap"": -3.3400457855545937, ""log_likelihood"": -6.704977657279144, ""objective"": 1.1424385318511757e-28, ""local_maximum"": true, ""in_shape_domain"": true, ""low_shape_author_excluded"": false}, ""candidates"": [{""beta"": 1.0067475322602097, ""eta"": 589.3539168594467, ""gamma"": 1139.0119215528027, ""log_gap"": -8.22271615231376, ""log_likelihood"": -7.040855957364137, ""objective"": 1.416515927418572e-26, ""local_maximum"": false, ""in_shape_domain"": false, ""low_shape_author_excluded"": true}, {""beta"": 1.4209550713563786, ""eta"": 681.4852939527877, ""gamma"": 1103.845071122774, ""log_gap"": -3.3400457855545937, ""log_likelihood"": -6.704977657279144, ""objective"": 1.1424385318511757e-28, ""local_maximum"": true, ""in_shape_domain"": true, ""low_shape_author_excluded"": false}], ""shape_bounds"": [1.01, 15], ""location_lower"": -2641.147683516692, ""location_upper"": 1139.2803063807532, ""log_gap_step"": 0.025, ""grid_points"": 699, ""extrema_checks"": 2, ""weights"": {""J1"": 1.0, ""J2"": 1.0}, ""selection"": ""highest likelihood among finite stationary maxima"", ""no_boundary_or_nonzero_residual_substitution"": true}}",4,d806f2fb87bfe1c1ce6178cf8a080ce87351997109d3c435e2ffdac784d6201f
2.0,1000.0,1000.0,15,96,paper_cw,MMLE-I,2.197479633020194,987.0897967381072,855.6552023041169,0.0,True,0.0004113999893888,success,0.197479633020194,-12.910203261892775,-144.34479769588313,0.098739816510097,-0.0129102032618927,-0.1443447976958831,"{""solution_info"": {""status"": ""ok"", ""estimate"": {""log_gap"": -1.2601016163526009, ""beta"": 2.197479633020194, ""eta"": 987.0897967381072, ""gamma"": 855.6552023041169, ""objective"": 2.811571263689156e-25, ""raw_gap"": 283.6252040766365}, ""reused_verified_profile"": true}}",4,d806f2fb87bfe1c1ce6178cf8a080ce87351997109d3c435e2ffdac784d6201f
2.0,1000.0,1000.0,15,96,paper_wmle,WMLE,1.5267347956604205,750.9743056059559,1053.4150893327485,0.0,True,0.1887320000096224,success,-0.4732652043395797,-249.02569439404408,53.415089332748266,-0.2366326021697898,-0.249025694394044,0.0534150893327482,"{""solution_info"": {""status"": ""ok"", ""estimate"": {""beta"": 1.5267347956604203, ""eta"": 750.9743056059559, ""gamma"": 1053.4150893327483, ""log_gap"": -2.4549752911522087, ""log_likelihood"": -6.8468449088372, ""objective"": 1.7749370367472766e-28, ""local_maximum"": true, ""in_shape_domain"": true, ""low_shape_author_excluded"": false}, ""candidates"": [{""beta"": 1.5267347956604203, ""eta"": 750.9743056059559, ""gamma"": 1053.4150893327483, ""log_gap"": -2.4549752911522087, ""log_likelihood"": -6.8468449088372, ""objective"": 1.7749370367472766e-28, ""local_maximum"": true, ""in_shape_domain"": true, ""low_shape_author_excluded"": false}], ""shape_bounds"": [0.1, 15], ""location_lower"": -2641.147683516692, ""location_upper"": 1139.2803063807532, ""log_gap_step"": 0.025, ""grid_points"": 743, ""extrema_checks"": 4, ""weights"": {""J1"": 0.978, ""J2"": 0.901}, ""selection"": ""root nearest original (beta=2,gamma=.9*xmin) heuristic"", ""no_boundary_or_nonzero_residual_substitution"": true}}",4,d806f2fb87bfe1c1ce6178cf8a080ce87351997109d3c435e2ffdac784d6201f
2.0,1000.0,1000.0,15,97,paper_mle,MLE,2.365441083111532,814.2374772771515,1005.3258292884466,0.0,True,0.0398693000315688,success,0.3654410831115315,-185.76252272284853,5.3258292884465845,0.1827205415557657,-0.1857625227228485,0.0053258292884465,"{""solution_info"": {""status"": ""ok"", ""estimate"": {""beta"": 2.3654410831115316, ""eta"": 814.2374772771515, ""gamma"": 1005.3258292884466, ""log_gap"": -1.822054693259268, ""log_likelihood"": -4.216081187825038, ""objective"": 0.0, ""local_maximum"": true, ""in_shape_domain"": true, ""low_shape_author_excluded"": false}, ""candidates"": [{""beta"": 1.0003822973377385, ""eta"": 559.5167569149763, ""gamma"": 1167.0047428495013, ""log_gap"": -11.157635841116843, ""log_likelihood"": -6.2885963603731625, ""objective"": 0.0, ""local_maximum"": false, ""in_shape_domain"": false, ""low_shape_author_excluded"": true}, {""beta"": 2.3654410831115316, ""eta"": 814.2374772771515, ""gamma"": 1005.3258292884466, ""log_gap"": -1.822054693259268, ""log_likelihood"": -4.216081187825038, ""objective"": 0.0, ""local_maximum"": true, ""in_shape_domain"": true, ""low_shape_author_excluded"": false}], ""shape_bounds"": [1.01, 15], ""location_lower"": -1667.3414079892716, ""location_upper"": 1167.0189087872018, ""log_gap_step"": 0.025, ""grid_points"": 688, ""extrema_checks"": 2, ""weights"": {""J1"": 1.0, ""J2"": 1.0}, ""selection"": ""highest likelihood among finite stationary maxima"", ""no_boundary_or_nonzero_residual_substitution"": true}}",4,144271292276eb2fd030d38805a046dab240f3d43d5caa1d5234b56d2524ba86
2.0,1000.0,1000.0,15,97,paper_cw,MMLE-I,5.695813512070753,1820.1573515090715,42.02093595086587,0.0,True,0.002269199991133,success,3.695813512070753,820.1573515090713,-957.979064049134,1.8479067560353768,0.8201573515090713,-0.957979064049134,"{""solution_info"": {""status"": ""ok"", ""estimate"": {""log_gap"": 0.11778132262054829, ""beta"": 5.695813512070753, ""eta"": 1820.1573515090713, ""gamma"": 42.02093595086587, ""objective"": 4.930380657631324e-30, ""raw_gap"": 1124.998072836336}, ""reused_verified_profile"": true}}",4,144271292276eb2fd030d38805a046dab240f3d43d5caa1d5234b56d2524ba86
2.0,1000.0,1000.0,15,97,paper_wmle,WMLE,2.2057122743501534,812.0231506048333,1006.3797367453362,0.0,True,0.2850599000230431,success,0.2057122743501533,-187.9768493951667,6.379736745336231,0.1028561371750766,-0.1879768493951667,0.0063797367453362,"{""solution_info"": {""status"": ""ok"", ""estimate"": {""beta"": 2.2057122743501534, ""eta"": 812.0231506048333, ""gamma"": 1006.3797367453362, ""log_gap"": -1.8285939741009327, ""log_likelihood"": -4.27111238706336, ""objective"": 2.47431153303228e-27, ""local_maximum"": true, ""in_shape_domain"": true, ""low_shape_author_excluded"": false}, ""candidates"": [{""beta"": 2.2057122743501534, ""eta"": 812.0231506048333, ""gamma"": 1006.3797367453362, ""log_gap"": -1.8285939741009327, ""log_likelihood"": -4.27111238706336, ""objective"": 2.47431153303228e-27, ""local_maximum"": true, ""in_shape_domain"": true, ""low_shape_author_excluded"": false}], ""shape_bounds"": [0.1, 15], ""location_lower"": -1667.3414079892716, ""location_upper"": 1167.0189087872018, ""log_gap_step"": 0.025, ""grid_points"": 731, ""extrema_checks"": 16, ""weights"": {""J1"": 0.978, ""J2"": 0.901}, ""selection"": ""root nearest original (beta=2,gamma=.9*xmin) heuristic"", ""no_boundary_or_nonzero_residual_substitution"": true}}",4,144271292276eb2fd030d38805a046dab240f3d43d5caa1d5234b56d2524ba86
2.0,1000.0,1000.0,15,98,paper_mle,MLE,2.482395865429371,829.4859425797026,1157.8146849062705,0.0,True,0.0631002000300213,success,0.4823958654293712,-170.51405742029738,157.8146849062705,0.2411979327146856,-0.1705140574202973,0.1578146849062704,"{""solution_info"": {""status"": ""ok"", ""estimate"": {""beta"": 2.482395865429371, ""eta"": 829.4859425797026, ""gamma"": 1157.8146849062705, ""log_gap"": -1.9161434414703968, ""log_likelihood"": -3.7231905639771963, ""objective"": 3.0814879110195774e-33, ""local_maximum"": true, ""in_shape_domain"": true, ""low_shape_author_excluded"": false}, ""candidates"": [{""beta"": 1.0000788033134838, ""eta"": 589.2038958648653, ""gamma"": 1304.9850413851711, ""log_gap"": -12.685518952427014, ""log_likelihood"": -7.065060919981852, ""objective"": 5.183859230959928e-26, ""local_maximum"": false, ""in_shape_domain"": false, ""low_shape_author_excluded"": true}, {""beta"": 2.482395865429371, ""eta"": 829.4859425797026, ""gamma"": 1157.8146849062705, ""log_gap"": -1.9161434414703968, ""log_likelihood"": -3.7231905639771963, ""objective"": 3.0814879110195774e-33, ""local_maximum"": true, ""in_shape_domain"": true, ""low_shape_author_excluded"": false}], ""shape_bounds"": [1.01, 15], ""location_lower"": -1373.7164800730025, ""location_upper"": 1304.988037015685, ""log_gap_step"": 0.025, ""grid_points"": 686, ""extrema_checks"": 2, ""weights"": {""J1"": 1.0, ""J2"": 1.0}, ""selection"": ""highest likelihood among finite stationary maxima"", ""no_boundary_or_nonzero_residual_substitution"": true}}",4,d0c85cfa1903e7b0dde6c313cbd0e94463864f02cb279fe09eea35b1032b3c54
2.0,1000.0,1000.0,15,98,paper_cw,MMLE-I,6.798006585922429,2192.697098768454,-160.22465560858845,0.0,True,0.0003075000131502,success,4.798006585922429,1192.697098768454,-1160.2246556085884,2.3990032929612144,1.192697098768454,-1.1602246556085885,"{""solution_info"": {""status"": ""ok"", ""estimate"": {""log_gap"": 0.3820004828592052, ""beta"": 6.798006585922429, ""eta"": 2192.697098768454, ""gamma"": -160.22465560858845, ""objective"": 1.36930968966329e-26, ""raw_gap"": 1465.2127926242736}, ""reused_verified_profile"": true}}",4,d0c85cfa1903e7b0dde6c313cbd0e94463864f02cb279fe09eea35b1032b3c54
2.0,1000.0,1000.0,15,98,paper_wmle,WMLE,2.322479851083889,826.1037539230745,1160.0988083888417,0.0,True,0.26315459999023,success,0.3224798510838891,-173.89624607692554,160.09880838884146,0.1612399255419445,-0.1738962460769255,0.1600988083888414,"{""solution_info"": {""status"": ""ok"", ""estimate"": {""beta"": 2.322479851083889, ""eta"": 826.1037539230745, ""gamma"": 1160.0988083888415, ""log_gap"": -1.9317850788351434, ""log_likelihood"": -3.774426133198469, ""objective"": 8.236200888573126e-28, ""local_maximum"": true, ""in_shape_domain"": true, ""low_shape_author_excluded"": false}, ""candidates"": [{""beta"": 2.322479851083889, ""eta"": 826.1037539230745, ""gamma"": 1160.0988083888415, ""log_gap"": -1.9317850788351434, ""log_likelihood"": -3.774426133198469, ""objective"": 8.236200888573126e-28, ""local_maximum"": true, ""in_shape_domain"": true, ""low_shape_author_excluded"": false}], ""shape_bounds"": [0.1, 15], ""location_lower"": -1373.7164800730025, ""location_upper"": 1304.988037015685, ""log_gap_step"": 0.025, ""grid_points"": 729, ""extrema_checks"": 12, ""weights"": {""J1"": 0.978, ""J2"": 0.901}, ""selection"": ""root nearest original (beta=2,gamma=.9*xmin) heuristic"", ""no_boundary_or_nonzero_residual_substitution"": true}}",4,d0c85cfa1903e7b0dde6c313cbd0e94463864f02cb279fe09eea35b1032b3c54
2.0,1000.0,1000.0,15,99,paper_mle,MLE,1.968806500593503,954.1053069798172,942.0611950225144,0.0,True,0.022079600021243,success,-0.031193499406497,-45.89469302018267,-57.93880497748569,-0.0155967497032485,-0.0458946930201826,-0.0579388049774856,"{""solution_info"": {""status"": ""ok"", ""estimate"": {""beta"": 1.968806500593503, ""eta"": 954.1053069798173, ""gamma"": 942.0611950225143, ""log_gap"": -2.123156872485345, ""log_likelihood"": -8.567732820507192, ""objective"": 7.896312771987667e-31, ""local_maximum"": true, ""in_shape_domain"": true, ""low_shape_author_excluded"": false}, ""candidates"": [{""beta"": 1.0004803354210703, ""eta"": 726.8257870421419, ""gamma"": 1061.6912101025414, ""log_gap"": -10.667642546394983, ""log_likelihood"": -10.212414280230341, ""objective"": 4.7344172857899225e-29, ""local_maximum"": false, ""in_shape_domain"": false, ""low_shape_author_excluded"": true}, {""beta"": 1.968806500593503, ""eta"": 954.1053069798173, ""gamma"": 942.0611950225143, ""log_gap"": -2.123156872485345, ""log_likelihood"": -8.567732820507192, ""objective"": 7.896312771987667e-31, ""local_maximum"": true, ""in_shape_domain"": true, ""low_shape_author_excluded"": false}], ""shape_bounds"": [1.01, 15], ""location_lower"": -2838.2802914299737, ""location_upper"": 1061.7143964679003, ""log_gap_step"": 0.025, ""grid_points"": 701, ""extrema_checks"": 2, ""weights"": {""J1"": 1.0, ""J2"": 1.0}, ""selection"": ""highest likelihood among finite stationary maxima"", ""no_boundary_or_nonzero_residual_substitution"": true}}",4,0fbb6a8ce8d374e352018bedb7d65464639d1ac8ac3253a22f7a2b6b5ca498d5
2.0,1000.0,1000.0,15,99,paper_cw,MMLE-I,4.220866450785343,1883.9554655223308,77.4878526647701,0.0,True,0.0009152000420726,success,2.2208664507853437,883.9554655223308,-922.51214733523,1.1104332253926716,0.8839554655223307,-0.92251214733523,"{""solution_info"": {""status"": ""ok"", ""estimate"": {""log_gap"": -0.015899079383329264, ""beta"": 4.220866450785343, ""eta"": 1883.9554655223308, ""gamma"": 77.4878526647701, ""objective"": 5.8346124702409086e-27, ""raw_gap"": 984.2266438031303}, ""reused_verified_profile"": true}}",4,0fbb6a8ce8d374e352018bedb7d65464639d1ac8ac3253a22f7a2b6b5ca498d5
2.0,1000.0,1000.0,15,99,paper_wmle,WMLE,1.9227546281534136,985.4523752480272,914.54642611499,0.0,True,0.1906546999816782,success,-0.0772453718465862,-14.547624751972876,-85.45357388500986,-0.0386226859232931,-0.0145476247519728,-0.0854535738850098,"{""solution_info"": {""status"": ""ok"", ""estimate"": {""beta"": 1.9227546281534138, ""eta"": 985.4523752480271, ""gamma"": 914.5464261149901, ""log_gap"": -1.916180009579849, ""log_likelihood"": -8.628780723398172, ""objective"": 1.4298103907130839e-30, ""local_maximum"": true, ""in_shape_domain"": true, ""low_shape_author_excluded"": false}, ""candidates"": [{""beta"": 1.9227546281534138, ""eta"": 985.4523752480271, ""gamma"": 914.5464261149901, ""log_gap"": -1.916180009579849, ""log_likelihood"": -8.628780723398172, ""objective"": 1.4298103907130839e-30, ""local_maximum"": true, ""in_shape_domain"": true, ""low_shape_author_excluded"": false}], ""shape_bounds"": [0.1, 15], ""location_lower"": -2838.2802914299737, ""location_upper"": 1061.7143964679003, ""log_gap_step"": 0.025, ""grid_points"": 744, ""extrema_checks"": 10, ""weights"": {""J1"": 0.978, ""J2"": 0.901}, ""selection"": ""root nearest original (beta=2,gamma=.9*xmin) heuristic"", ""no_boundary_or_nonzero_residual_substitution"": true}}",4,0fbb6a8ce8d374e352018bedb7d65464639d1ac8ac3253a22f7a2b6b5ca498d5
