delta,rep,beta_hat,eta_hat,gamma_hat,status
0.00,0,6.415353,1.453499,0.000000,True
0.00,1,6.381198,1.515366,0.000000,True
0.00,2,6.394068,1.617486,0.000000,True
0.00,3,1.798717,0.605740,0.629105,True
0.00,4,1.727997,0.492605,1.084394,True
0.00,5,5.380433,1.489962,0.000000,True
0.00,6,1.342280,0.226997,1.285157,True
0.00,7,7.212116,1.500648,0.000000,True
0.00,8,4.879652,1.554628,0.000000,True
0.00,9,7.323806,1.709893,0.000000,True
0.00,10,7.014706,1.395359,0.000000,True
0.00,11,1.586337,0.342351,1.021798,True
0.00,12,6.706080,1.510178,0.000000,True
0.00,13,2.893103,0.455932,0.977533,True
0.00,14,2.934379,0.706381,1.025729,True
0.00,15,1.920847,0.513041,0.993555,True
0.00,16,6.160592,1.598055,0.000000,True
0.00,17,4.141449,1.643970,0.000000,True
0.00,18,2.602602,0.559136,0.895605,True
0.00,19,4.917425,1.546570,0.000000,True
0.00,20,4.870714,1.624563,0.000000,True
0.00,21,5.143305,1.628282,0.000000,True
0.00,22,2.079692,0.623022,0.998570,True
0.00,23,3.959374,1.243606,0.237414,True
0.00,24,3.544081,1.153764,0.350092,True
0.00,25,2.585258,0.578007,0.806962,True
0.00,26,1.969916,0.604013,0.862037,True
0.00,27,6.889398,1.120657,0.337113,True
0.00,28,1.743789,0.411824,0.974850,True
0.00,29,4.092025,1.600145,0.000000,True
0.00,30,10.737213,1.501084,0.000000,True
0.00,31,6.895508,1.474372,0.000000,True
0.00,32,7.000003,1.274329,0.000000,True
0.00,33,4.980054,1.615690,0.000000,True
0.00,34,2.471195,0.797584,0.733832,True
0.00,35,5.220905,1.588065,0.000000,True
0.00,36,2.842702,0.870384,0.579976,True
0.00,37,4.773182,1.441568,0.000000,True
0.00,38,5.661553,1.670943,0.000000,True
0.00,39,6.192126,1.456957,0.000000,True
0.00,40,4.952006,1.572785,0.000000,True
0.00,41,3.539119,1.108033,0.395561,True
0.00,42,1.700185,0.334299,1.029370,True
0.00,43,2.478577,1.022963,0.462165,True
0.00,44,2.541595,0.932062,0.593897,True
0.00,45,6.319391,1.482461,0.000000,True
0.00,46,6.244016,1.588051,0.000000,True
0.00,47,4.182945,1.476901,0.000000,True
0.00,48,5.001373,1.457368,0.052732,True
0.00,49,6.180236,1.411862,0.000000,True
0.00,50,5.264871,1.424701,0.000000,True
0.00,51,9.140276,1.528817,0.000000,True
0.00,52,1.628434,0.415799,0.945471,True
0.00,53,2.372800,0.679938,0.872178,True
0.00,54,6.528848,1.532452,0.000000,True
0.00,55,0.810271,0.213044,1.244375,True
0.00,56,6.507829,0.997853,0.502460,True
0.00,57,5.976997,1.583696,0.000000,True
0.00,58,4.212015,1.465759,0.000000,True
0.00,59,2.700980,0.849063,0.668320,True
0.00,60,4.930880,1.627145,0.000000,True
0.00,61,6.479968,1.435725,0.000000,True
0.00,62,1.592876,0.548606,0.998140,True
0.00,63,8.718420,1.551353,0.000000,True
0.00,64,10.780183,1.487719,0.000000,True
0.00,65,3.244489,1.271859,0.252468,True
0.00,66,5.192712,1.304015,0.313042,True
0.00,67,2.847458,0.543548,0.904707,True
0.00,68,4.554718,1.464307,0.000000,True
0.00,69,2.412494,0.546624,0.877055,True
0.00,70,2.377461,0.880274,0.574028,True
0.00,71,4.893062,1.555967,0.000000,True
0.00,72,2.935529,0.727867,0.527828,True
0.00,73,7.547318,1.707106,0.000000,True
0.00,74,4.508249,1.604511,0.000000,True
0.00,75,8.068026,1.497372,0.000000,True
0.00,76,7.447797,1.436010,0.000000,True
0.00,77,5.401109,1.650665,0.000000,True
0.00,78,1.547788,0.462222,1.039706,True
0.00,79,6.534031,1.464105,0.000000,True
0.00,80,2.147643,0.504043,1.039294,True
0.00,81,1.432029,0.225730,1.055511,True
0.00,82,7.742134,1.656981,0.000000,True
0.00,83,5.939254,1.526408,0.000000,True
0.00,84,1.515104,0.497330,0.994131,True
0.00,85,2.012449,0.531795,1.002160,True
0.00,86,1.511693,0.373057,1.055269,True
0.00,87,3.747314,1.513044,0.000000,True
0.00,88,0.900743,0.265258,1.332118,True
0.00,89,6.283197,1.493821,0.000000,True
0.00,90,7.560108,1.515260,0.000000,True
0.00,91,5.826216,1.562079,0.066157,True
0.00,92,9.286741,1.519870,0.000000,True
0.00,93,1.626730,0.433755,1.055167,True
0.00,94,5.457347,1.610352,0.000000,True
0.00,95,2.081943,0.365496,1.138299,True
0.00,96,3.145860,0.756805,0.658275,True
0.00,97,9.016970,1.462499,0.000000,True
0.00,98,3.368089,0.768439,0.684912,True
0.00,99,8.008904,1.402952,0.000000,True
0.00,100,4.673432,1.443122,0.000000,True
0.00,101,3.831141,1.019547,0.548439,True
0.00,102,1.704570,0.402409,1.074620,True
0.00,103,7.403820,1.462168,0.000000,True
0.00,104,1.058811,0.427071,0.955980,True
0.00,105,1.409008,0.332484,1.041316,True
0.00,106,5.417911,1.339947,0.000000,True
0.00,107,6.342475,1.202614,0.414354,True
0.00,108,12.866629,1.409090,0.000000,True
0.00,109,7.790646,1.466928,0.000000,True
0.00,110,5.533505,1.214650,0.188516,True
0.00,111,5.059311,1.421556,0.000000,True
0.00,112,3.370307,1.031162,0.495470,True
0.00,113,4.299201,1.529548,0.000000,True
0.00,114,2.791342,0.682901,0.704444,True
0.00,115,1.763847,0.469780,1.040062,True
0.00,116,1.948387,0.397695,1.021858,True
0.00,117,4.231312,1.480648,0.000000,True
0.00,118,2.720475,1.064001,0.377700,True
0.00,119,7.554517,1.500046,0.000000,True
0.00,120,7.876409,1.534228,0.000000,True
0.00,121,6.516507,1.530546,0.000000,True
0.00,122,3.616034,0.780668,0.718495,True
0.00,123,2.940391,0.884726,0.634323,True
0.00,124,5.247053,1.534903,0.000000,True
0.00,125,0.785720,0.291934,1.085554,True
0.00,126,6.634820,1.357805,0.000000,True
0.00,127,4.676672,1.449144,0.000000,True
0.00,128,4.830847,0.864456,0.612015,True
0.00,129,2.669626,0.712559,0.740481,True
0.00,130,6.725034,1.422555,0.000000,True
0.00,131,2.711150,0.907052,0.595397,True
0.00,132,5.923604,1.550964,0.000000,True
0.00,133,4.963493,1.147295,0.330895,True
0.00,134,2.045513,0.812445,0.759871,True
0.00,135,7.150199,1.395889,0.000000,True
0.00,136,2.574890,0.658764,0.877005,True
0.00,137,4.437248,1.066119,0.419572,True
0.00,138,4.213956,1.496338,0.000000,True
0.00,139,1.534618,0.438818,1.038118,True
0.00,140,6.258126,1.550033,0.000000,True
0.00,141,5.824533,1.470983,0.000000,True
0.00,142,4.735368,1.367127,0.219152,True
0.00,143,2.456149,0.807572,0.737107,True
0.00,144,0.820528,0.356412,1.021662,True
0.00,145,0.823438,0.223365,1.163152,True
0.00,146,4.207731,1.466212,0.000000,True
0.00,147,3.643844,1.067505,0.382913,True
0.00,148,7.294313,0.752087,0.624221,True
0.00,149,4.850523,1.552933,0.000000,True
0.00,150,4.354838,1.423427,0.000000,True
0.00,151,2.481871,0.673144,0.907496,True
0.00,152,1.909687,0.613563,0.921856,True
0.00,153,7.007146,1.603767,0.000000,True
0.00,154,1.667170,0.506480,0.816387,True
0.00,155,5.266931,1.466292,0.000000,True
0.00,156,1.603180,0.490495,1.015516,True
0.00,157,6.012294,1.331676,0.000000,True
0.00,158,9.697188,1.380091,0.000000,True
0.00,159,2.420210,0.652167,0.654414,True
0.00,160,1.795304,0.661625,0.789126,True
0.00,161,6.595326,1.494226,0.000000,True
0.00,162,6.218636,1.569451,0.000000,True
0.00,163,7.785302,1.524654,0.000000,True
0.00,164,4.710420,1.480342,0.000000,True
0.00,165,1.196605,0.360191,0.976495,True
0.00,166,6.797913,1.588008,0.000000,True
0.00,167,5.422643,1.636809,0.000000,True
0.00,168,2.994949,0.776298,0.833403,True
0.00,169,3.234006,0.988460,0.519757,True
0.00,170,5.672958,1.421231,0.000000,True
0.00,171,3.892692,1.203079,0.205187,True
0.00,172,2.641266,0.544607,0.839769,True
0.00,173,3.912409,0.777613,0.787415,True
0.00,174,5.804727,1.229267,0.377174,True
0.00,175,3.178145,0.833758,0.656326,True
0.00,176,10.546338,1.596740,0.000000,True
0.00,177,2.874960,0.872345,0.727903,True
0.00,178,4.962800,1.652603,0.000000,True
0.00,179,5.422453,1.465319,0.000000,True
0.00,180,6.318241,1.727159,0.000000,True
0.00,181,1.976203,0.737436,0.887596,True
0.00,182,9.160252,1.583080,0.000000,True
0.00,183,5.540887,1.516043,0.000000,True
0.00,184,5.988119,1.614110,0.000000,True
0.00,185,1.867572,0.454340,1.085890,True
0.00,186,5.465714,1.563629,0.000000,True
0.00,187,5.038219,1.559079,0.000000,True
0.00,188,5.087950,1.446884,0.000000,True
0.00,189,1.800556,0.387873,1.000437,True
0.00,190,4.115725,1.056174,0.437527,True
0.00,191,6.156581,1.585395,0.000000,True
0.00,192,4.495729,1.577993,0.000000,True
0.00,193,3.330745,0.729504,0.740156,True
0.00,194,1.441662,0.371110,1.127833,True
0.00,195,5.772665,1.601925,0.000000,True
0.00,196,3.673354,0.620479,0.803931,True
0.00,197,5.246948,1.487060,0.000000,True
0.00,198,7.210180,1.633743,0.000000,True
0.00,199,7.799631,1.648534,0.000000,True
0.00,200,1.809887,0.357869,1.116688,True
0.00,201,5.246772,1.219055,0.311022,True
0.00,202,9.311656,1.502848,0.000000,True
0.00,203,1.682260,0.654715,0.786949,True
0.00,204,1.642629,0.346127,1.161746,True
0.00,205,6.588807,1.537790,0.112941,True
0.00,206,5.826748,1.282225,0.157206,True
0.00,207,6.973527,1.466029,0.000000,True
0.00,208,0.909663,0.349844,0.930023,True
0.00,209,2.119442,0.515649,1.086783,True
0.00,210,1.728224,0.439242,1.057695,True
0.00,211,3.178231,0.765856,0.728932,True
0.00,212,0.717619,0.154040,1.275166,True
0.00,213,1.779091,0.409662,1.036100,True
0.00,214,1.489810,0.628292,0.841921,True
0.00,215,4.024289,1.586390,0.000000,True
0.00,216,1.412143,0.391848,1.071808,True
0.00,217,6.636457,1.458615,0.000000,True
0.00,218,5.016885,1.489815,0.000000,True
0.00,219,4.502168,1.460038,0.000000,True
0.00,220,6.152079,1.572155,0.000000,True
0.00,221,5.314867,1.070520,0.421754,True
0.00,222,4.373220,1.384970,0.000000,True
0.00,223,7.688798,1.470251,0.000000,True
0.00,224,8.257065,1.446899,0.000000,True
0.00,225,1.383037,0.297933,1.230427,True
0.00,226,12.997453,1.579899,0.000000,True
0.00,227,2.200502,0.387880,0.962081,True
0.00,228,6.908768,1.415187,0.000000,True
0.00,229,6.910708,1.514538,0.000000,True
0.00,230,1.543693,0.472521,1.112773,True
0.00,231,5.490015,1.584347,0.000000,True
0.00,232,2.000497,0.730606,0.806871,True
0.00,233,0.963357,0.300957,1.066643,True
0.00,234,1.685655,0.419774,1.059243,True
0.00,235,4.398175,1.621286,0.000000,True
0.00,236,2.769110,0.716220,0.797462,True
0.00,237,10.465914,1.479444,0.000000,True
0.00,238,2.833272,0.665539,0.936126,True
0.00,239,7.096080,1.512428,0.000000,True
0.00,240,4.901000,1.465346,0.000000,True
0.00,241,3.546389,1.240120,0.204173,True
0.00,242,4.793558,1.628374,0.000000,True
0.00,243,1.400085,0.297984,1.140533,True
0.00,244,4.474133,1.496320,0.000000,True
0.00,245,2.683043,0.368876,1.025376,True
0.00,246,1.812383,0.506424,0.895962,True
0.00,247,8.105848,1.570791,0.000000,True
0.00,248,5.884454,0.741804,0.633246,True
0.00,249,3.811618,0.992629,0.497843,True
0.00,250,2.140728,0.541463,0.810496,True
0.00,251,7.774654,1.408813,0.000000,True
0.00,252,1.430960,0.430399,1.048354,True
0.00,253,5.800284,1.577998,0.000000,True
0.00,254,3.639986,0.715976,0.728105,True
0.00,255,2.551284,0.768489,0.693824,True
0.00,256,5.515164,1.485066,0.000000,True
0.00,257,5.175435,1.474640,0.000000,True
0.00,258,7.205188,1.527708,0.000000,True
0.00,259,5.836892,1.584607,0.000000,True
0.00,260,3.423657,1.110454,0.388285,True
0.00,261,5.955227,1.610668,0.000000,True
0.00,262,2.363818,0.342570,1.106130,True
0.00,263,5.317953,1.266361,0.176915,True
0.00,264,5.212792,1.439391,0.000000,True
0.00,265,5.094427,1.475710,0.000000,True
0.00,266,2.384500,0.710857,0.835725,True
0.00,267,1.506583,0.384202,1.043903,True
0.00,268,6.122481,1.502883,0.000000,True
0.00,269,7.989663,1.541374,0.000000,True
0.00,270,8.416177,1.517346,0.000000,True
0.00,271,10.228868,1.591138,0.000000,True
0.00,272,4.412469,1.420054,0.000000,True
0.00,273,7.920540,1.631087,0.000000,True
0.00,274,1.408475,0.434703,0.985224,True
0.00,275,7.819650,1.419332,0.000000,True
0.00,276,2.191739,0.759681,0.769242,True
0.00,277,6.722035,1.468020,0.000000,True
0.00,278,7.069842,1.499022,0.008881,True
0.00,279,0.987446,0.300153,1.081176,True
0.00,280,6.447183,1.500656,0.000000,True
0.00,281,3.294501,1.216759,0.399974,True
0.00,282,5.890197,1.452381,0.000000,True
0.00,283,1.940950,0.454108,1.059827,True
0.00,284,2.665450,0.883323,0.509311,True
0.00,285,5.308050,1.416252,0.000000,True
0.00,286,6.745013,1.526632,0.000000,True
0.00,287,2.118091,0.748502,0.728095,True
0.00,288,6.275060,1.482149,0.000000,True
0.00,289,0.910893,0.327633,0.995923,True
0.00,290,1.205286,0.367914,1.113627,True
0.00,291,5.047110,1.438441,0.000000,True
0.00,292,4.890776,1.569712,0.000000,True
0.00,293,3.251758,0.774911,0.679371,True
0.00,294,3.107610,0.486201,1.032794,True
0.00,295,6.432906,1.474357,0.000000,True
0.00,296,3.291189,0.645162,0.799657,True
0.00,297,4.921417,1.514674,0.000000,True
0.00,298,1.572327,0.356092,1.023688,True
0.00,299,1.712986,0.390740,1.037036,True
0.00,300,1.832404,0.396576,1.019206,True
0.00,301,6.991851,1.474535,0.000000,True
0.00,302,1.682514,0.406970,1.060253,True
0.00,303,4.836356,1.311662,0.137330,True
0.00,304,5.248238,1.488332,0.000000,True
0.00,305,1.479049,0.639028,0.891373,True
0.00,306,5.968710,1.499177,0.000000,True
0.00,307,4.689437,1.366744,0.000000,True
0.00,308,1.311810,0.407085,1.004799,True
0.00,309,9.676965,1.491263,0.000000,True
0.00,310,1.562963,0.292299,1.134426,True
0.00,311,4.328831,1.480969,0.000000,True
0.00,312,1.482903,0.253827,1.171382,True
0.00,313,13.220230,1.470799,0.000000,True
0.00,314,2.220176,0.746083,0.613844,True
0.00,315,4.748063,1.478326,0.000000,True
0.00,316,10.745064,1.632796,0.000000,True
0.00,317,4.664165,1.543003,0.000000,True
0.00,318,5.248542,1.544948,0.000000,True
0.00,319,4.211103,1.433015,0.000000,True
0.00,320,3.133894,0.798790,0.795653,True
0.00,321,6.310210,1.594891,0.000000,True
0.00,322,1.673530,0.509050,0.920116,True
0.00,323,4.114519,1.556642,0.000000,True
0.00,324,1.973807,0.466715,1.036695,True
0.00,325,5.367307,1.428050,0.000000,True
0.00,326,5.277736,1.522657,0.000000,True
0.00,327,5.047316,1.371311,0.000000,True
0.00,328,5.395598,1.442647,0.000000,True
0.00,329,7.659470,1.454487,0.000000,True
0.00,330,4.269549,1.470340,0.000000,True
0.00,331,10.050967,1.564499,0.000000,True
0.00,332,4.561557,1.409373,0.000000,True
0.00,333,1.631209,0.300983,0.980188,True
0.00,334,5.439444,0.763297,0.679752,True
0.00,335,4.345658,1.527096,0.000000,True
0.00,336,7.400089,1.573364,0.000000,True
0.00,337,2.406348,0.454911,1.146976,True
0.00,338,5.582067,1.400936,0.000000,True
0.00,339,5.113422,1.548538,0.000000,True
0.00,340,5.271113,0.928550,0.576184,True
0.00,341,2.166217,0.543329,1.037062,True
0.00,342,0.870554,0.371884,0.969023,True
0.00,343,5.253068,1.236891,0.288900,True
0.00,344,4.083358,1.606489,0.000000,True
0.00,345,5.877224,1.553943,0.000000,True
0.00,346,4.762046,1.523833,0.000000,True
0.00,347,1.077026,0.286883,1.042981,True
0.00,348,7.746608,1.566496,0.000000,True
0.00,349,5.001803,1.512084,0.000000,True
0.00,350,2.558826,0.529212,0.942044,True
0.00,351,4.088865,1.593038,0.000000,True
0.00,352,1.647969,0.351774,1.063316,True
0.00,353,8.909392,1.515714,0.000000,True
0.00,354,6.779981,1.529875,0.000000,True
0.00,355,2.115254,0.600589,0.794747,True
0.00,356,1.074178,0.189086,1.265095,True
0.00,357,4.302050,1.303244,0.000000,True
0.00,358,1.135353,0.346390,1.089703,True
0.00,359,4.602452,1.175860,0.380250,True
0.00,360,2.167034,0.633751,0.767375,True
0.00,361,4.474422,1.045229,0.457450,True
0.00,362,10.124468,1.416972,0.000000,True
0.00,363,6.018520,1.429536,0.000000,True
0.00,364,4.386519,1.166499,0.152533,True
0.00,365,10.282030,1.537825,0.000000,True
0.00,366,2.269838,0.377924,1.250384,True
0.00,367,7.872585,1.340748,0.059055,True
0.00,368,4.221546,1.281776,0.160374,True
0.00,369,1.818417,0.522074,0.991682,True
0.00,370,6.357166,1.453356,0.000000,True
0.00,371,5.986196,1.483409,0.000000,True
0.00,372,6.791606,1.770671,0.000000,True
0.00,373,5.566449,1.369187,0.000000,True
0.00,374,5.434844,1.500830,0.000000,True
0.00,375,5.503965,1.493547,0.000000,True
0.00,376,6.203475,1.412446,0.000000,True
0.00,377,5.966333,1.560643,0.000000,True
0.00,378,8.063179,1.507203,0.000000,True
0.00,379,6.187079,1.488135,0.000000,True
0.00,380,6.241655,1.605764,0.000000,True
0.00,381,6.988288,1.406664,0.000000,True
0.00,382,4.205899,0.976932,0.518246,True
0.00,383,2.806799,0.658124,0.896079,True
0.00,384,5.458236,1.591306,0.000000,True
0.00,385,4.198692,1.438982,0.000000,True
0.00,386,10.149667,1.327236,0.167282,True
0.00,387,10.790832,1.571271,0.000000,True
0.00,388,1.674480,0.478080,0.884644,True
0.00,389,9.047096,1.455079,0.000000,True
0.00,390,1.273080,0.196044,1.149645,True
0.00,391,3.802035,0.929321,0.599957,True
0.00,392,2.745903,0.545478,1.092664,True
0.00,393,6.384880,1.415657,0.000000,True
0.00,394,1.134160,0.305867,1.062607,True
0.00,395,1.243541,0.438411,1.095801,True
0.00,396,3.250606,0.911781,0.626301,True
0.00,397,1.121407,0.395003,0.995777,True
0.00,398,8.582541,1.318552,0.092058,True
0.00,399,5.490795,1.460932,0.000000,True
0.00,400,6.306752,1.525602,0.000000,True
0.00,401,6.416252,1.605709,0.000000,True
0.00,402,7.668330,1.404461,0.000000,True
0.00,403,6.874956,1.633888,0.000000,True
0.00,404,2.431217,0.648780,0.857051,True
0.00,405,1.772131,0.598158,0.787872,True
0.00,406,4.442926,1.254566,0.307870,True
0.00,407,5.455101,1.616683,0.000000,True
0.00,408,5.546802,1.465246,0.000000,True
0.00,409,2.711454,0.471333,0.934305,True
0.00,410,7.491724,1.530741,0.000000,True
0.00,411,1.472047,0.422254,0.997618,True
0.00,412,6.727194,1.540459,0.000000,True
0.00,413,1.859306,0.503152,0.914718,True
0.00,414,4.481702,1.491530,0.000000,True
0.00,415,8.128171,1.570693,0.000000,True
0.00,416,6.472122,1.625742,0.028775,True
0.00,417,7.515507,1.522474,0.000000,True
0.00,418,5.470032,1.224516,0.248069,True
0.00,419,7.306290,1.530254,0.000000,True
0.00,420,5.907039,1.653556,0.000000,True
0.00,421,5.549983,1.355215,0.000000,True
0.00,422,5.296833,1.549419,0.000000,True
0.00,423,3.466041,0.728620,0.820722,True
0.00,424,4.986989,1.446825,0.000000,True
0.00,425,11.742942,1.499155,0.000000,True
0.00,426,3.806353,0.685350,0.819419,True
0.00,427,5.338872,1.543843,0.000000,True
0.00,428,2.239761,0.751174,0.769505,True
0.00,429,4.843289,1.615306,0.000000,True
0.00,430,5.131979,1.626948,0.000000,True
0.00,431,4.893460,1.142199,0.342024,True
0.00,432,5.524841,1.535430,0.000000,True
0.00,433,6.254901,1.351208,0.000000,True
0.00,434,6.278059,1.549797,0.000000,True
0.00,435,1.872752,0.466625,1.082192,True
0.00,436,6.619599,1.382294,0.000000,True
0.00,437,6.548583,1.442843,0.000000,True
0.00,438,2.474715,0.973106,0.467238,True
0.00,439,5.762802,1.507792,0.000000,True
0.00,440,2.571074,0.666575,0.807010,True
0.00,441,0.801339,0.388043,0.900280,True
0.00,442,4.417607,0.963678,0.586670,True
0.00,443,6.964527,1.480234,0.000000,True
0.00,444,4.939717,1.267779,0.258545,True
0.00,445,7.307904,1.466888,0.000000,True
0.00,446,2.698249,0.607042,0.997957,True
0.00,447,5.362927,1.535743,0.000000,True
0.00,448,3.051374,0.969889,0.558766,True
0.00,449,3.214829,0.698326,0.690954,True
0.00,450,1.512681,0.267896,1.246487,True
0.00,451,1.396899,0.571769,1.018532,True
0.00,452,4.907009,1.416873,0.243801,True
0.00,453,5.391080,1.552603,0.000000,True
0.00,454,7.613904,1.535044,0.000000,True
0.00,455,4.556317,1.481779,0.000000,True
0.00,456,2.721393,0.646822,0.800500,True
0.00,457,8.506743,1.508836,0.000000,True
0.00,458,1.826444,0.410375,1.100797,True
0.00,459,4.345207,1.121414,0.376919,True
0.00,460,1.621112,0.475183,0.912639,True
0.00,461,3.788044,1.541086,0.000000,True
0.00,462,1.034871,0.290729,1.110590,True
0.00,463,4.356654,0.569381,0.916473,True
0.00,464,2.720916,0.691021,0.723632,True
0.00,465,6.565699,1.582856,0.000000,True
0.00,466,3.960491,0.712529,0.557988,True
0.00,467,3.081860,0.937889,0.663486,True
0.00,468,4.364744,1.228649,0.316396,True
0.00,469,1.197144,0.396742,0.839599,True
0.00,470,9.891963,1.438042,0.000000,True
0.00,471,6.033909,1.165725,0.357763,True
0.00,472,2.647045,0.702400,0.773404,True
0.00,473,7.418690,1.482506,0.000000,True
0.00,474,4.353869,1.368231,0.000000,True
0.00,475,6.302369,1.428283,0.000000,True
0.00,476,2.587593,0.567334,0.769680,True
0.00,477,2.233306,0.628199,0.799063,True
0.00,478,1.331012,0.450051,1.045466,True
0.00,479,1.977570,0.831752,0.596394,True
0.00,480,5.584222,1.538308,0.000000,True
0.00,481,5.249790,1.480971,0.000000,True
0.00,482,10.132332,1.400369,0.000000,True
0.00,483,5.266396,1.550033,0.000000,True
0.00,484,4.506147,1.516456,0.000000,True
0.00,485,3.805720,0.963052,0.526151,True
0.00,486,5.254866,1.352412,0.000000,True
0.00,487,6.544954,1.587218,0.000000,True
0.00,488,3.717567,1.295529,0.088168,True
0.00,489,6.214504,1.633050,0.000000,True
0.00,490,4.308481,1.584895,0.000000,True
0.00,491,2.375571,0.827668,0.655312,True
0.00,492,4.954995,1.749775,0.000000,True
0.00,493,3.719300,1.376575,0.213085,True
0.00,494,1.191320,0.218772,1.061620,True
0.00,495,7.011676,1.546842,0.000000,True
0.00,496,3.518911,0.694037,0.796940,True
0.00,497,1.036556,0.292592,1.179802,True
0.00,498,8.393876,1.402950,0.000000,True
0.00,499,5.161516,0.980474,0.497812,True
0.02,0,4.494086,1.070228,0.379345,True
0.02,1,6.381198,1.515366,0.000000,True
0.02,2,6.323663,1.601986,0.015404,True
0.02,3,1.741383,0.594135,0.639747,True
0.02,4,1.693560,0.486348,1.089931,True
0.02,5,4.301389,1.230079,0.256122,True
0.02,6,1.306562,0.223554,1.287858,True
0.02,7,3.999163,0.901153,0.592721,True
0.02,8,4.879652,1.554628,0.000000,True
0.02,9,7.070092,1.657161,0.052450,True
0.02,10,5.556920,1.130574,0.262065,True
0.02,11,1.559017,0.338581,1.024992,True
0.02,12,4.705280,1.121421,0.386290,True
0.02,13,2.509395,0.408123,1.022716,True
0.02,14,2.512003,0.628144,1.100305,True
0.02,15,1.881656,0.506368,0.999700,True
0.02,16,4.634609,1.256062,0.339023,True
0.02,17,3.474830,1.428860,0.210910,True
0.02,18,2.395805,0.526698,0.926421,True
0.02,19,4.917425,1.546570,0.000000,True
0.02,20,4.635274,1.555490,0.067825,True
0.02,21,5.143305,1.628282,0.000000,True
0.02,22,2.000814,0.607282,1.013177,True
0.02,23,3.375054,1.095202,0.382641,True
0.02,24,2.975958,1.004713,0.494363,True
0.02,25,2.423528,0.552465,0.831451,True
0.02,26,1.809664,0.571819,0.891326,True
0.02,27,3.646575,0.641345,0.808890,True
0.02,28,1.696164,0.404870,0.981084,True
0.02,29,4.092025,1.600145,0.000000,True
0.02,30,2.473629,0.411789,1.071952,True
0.02,31,2.148928,0.569966,0.883787,True
0.02,32,5.524627,1.038452,0.234399,True
0.02,33,4.980054,1.615690,0.000000,True
0.02,34,2.346267,0.769036,0.760967,True
0.02,35,5.220905,1.588065,0.000000,True
0.02,36,2.431707,0.776483,0.669682,True
0.02,37,4.773182,1.441568,0.000000,True
0.02,38,4.418681,1.351996,0.314945,True
0.02,39,5.439035,1.303422,0.152371,True
0.02,40,4.952006,1.572785,0.000000,True
0.02,41,3.074614,0.993402,0.507134,True
0.02,42,1.672323,0.330934,1.032375,True
0.02,43,2.239346,0.952327,0.528837,True
0.02,44,2.219622,0.848371,0.673340,True
0.02,45,3.107350,0.809351,0.660256,True
0.02,46,6.244016,1.588051,0.000000,True
0.02,47,4.182945,1.476901,0.000000,True
0.02,48,3.884049,1.175357,0.329632,True
0.02,49,5.356506,1.250828,0.159976,True
0.02,50,4.244909,1.192000,0.230065,True
0.02,51,9.140276,1.528817,0.000000,True
0.02,52,1.613448,0.413482,0.947511,True
0.02,53,2.252447,0.654087,0.896176,True
0.02,54,6.425536,1.511122,0.021185,True
0.02,55,0.808248,0.212916,1.244470,True
0.02,56,4.275954,0.694770,0.802145,True
0.02,57,5.192470,1.408112,0.174534,True
0.02,58,4.212015,1.465759,0.000000,True
0.02,59,2.326931,0.761529,0.751217,True
0.02,60,4.842443,1.602809,0.024073,True
0.02,61,3.306169,0.810384,0.615350,True
0.02,62,1.570609,0.544283,1.002011,True
0.02,63,6.807478,1.242949,0.306951,True
0.02,64,7.583946,1.078596,0.407605,True
0.02,65,2.290167,0.981966,0.529887,True
0.02,66,3.589377,0.963244,0.648808,True
0.02,67,2.667873,0.518136,0.929167,True
0.02,68,4.554718,1.464307,0.000000,True
0.02,69,2.302484,0.528614,0.894020,True
0.02,70,2.256233,0.848189,0.604172,True
0.02,71,4.893062,1.555967,0.000000,True
0.02,72,2.630912,0.667765,0.584864,True
0.02,73,5.597201,1.305042,0.398590,True
0.02,74,4.508249,1.604511,0.000000,True
0.02,75,5.353637,1.050451,0.444654,True
0.02,76,5.333711,1.068187,0.364808,True
0.02,77,5.401109,1.650665,0.000000,True
0.02,78,1.532335,0.459506,1.042063,True
0.02,79,4.562448,1.074166,0.385876,True
0.02,80,2.065864,0.491158,1.051335,True
0.02,81,1.408485,0.223708,1.057234,True
0.02,82,7.742134,1.656981,0.000000,True
0.02,83,5.939254,1.526408,0.000000,True
0.02,84,1.500341,0.494233,0.996707,True
0.02,85,1.949444,0.520856,1.012256,True
0.02,86,1.471100,0.367219,1.060222,True
0.02,87,3.747314,1.513044,0.000000,True
0.02,88,0.899174,0.265072,1.332236,True
0.02,89,5.531373,1.336849,0.155641,True
0.02,90,3.155108,0.728684,0.777365,True
0.02,91,4.123795,1.160436,0.462143,True
0.02,92,6.302448,1.066847,0.450198,True
0.02,93,1.587838,0.427655,1.060558,True
0.02,94,5.457347,1.610352,0.000000,True
0.02,95,2.001469,0.356001,1.147087,True
0.02,96,2.644752,0.665670,0.746401,True
0.02,97,6.907042,1.151622,0.309538,True
0.02,98,2.913114,0.685283,0.765123,True
0.02,99,4.959751,0.923655,0.476038,True
0.02,100,4.673432,1.443122,0.000000,True
0.02,101,3.315396,0.906653,0.658327,True
0.02,102,1.676735,0.398144,1.078347,True
0.02,103,7.151535,1.418138,0.043827,True
0.02,104,1.050343,0.425781,0.957011,True
0.02,105,1.400310,0.331175,1.042365,True
0.02,106,3.097810,0.833433,0.494335,True
0.02,107,4.431034,0.881883,0.731445,True
0.02,108,4.782559,0.590185,0.816281,True
0.02,109,3.009375,0.626900,0.823090,True
0.02,110,3.401899,0.817532,0.580320,True
0.02,111,5.059311,1.421556,0.000000,True
0.02,112,3.024267,0.945201,0.578318,True
0.02,113,3.451661,1.280555,0.243985,True
0.02,114,2.481429,0.622865,0.760904,True
0.02,115,1.738685,0.465344,1.043983,True
0.02,116,1.899210,0.390965,1.027988,True
0.02,117,4.231312,1.480648,0.000000,True
0.02,118,2.550405,1.013749,0.425523,True
0.02,119,4.902572,1.028696,0.467743,True
0.02,120,5.176856,1.063497,0.467666,True
0.02,121,6.516507,1.530546,0.000000,True
0.02,122,3.146940,0.697868,0.798713,True
0.02,123,2.637098,0.815251,0.700952,True
0.02,124,5.247053,1.534903,0.000000,True
0.02,125,0.784395,0.291800,1.085642,True
0.02,126,6.634820,1.357805,0.000000,True
0.02,127,4.228444,1.332203,0.115142,True
0.02,128,3.871481,0.717911,0.756000,True
0.02,129,2.217639,0.624891,0.823655,True
0.02,130,3.525422,0.825315,0.589873,True
0.02,131,2.100293,0.754092,0.738938,True
0.02,132,5.923604,1.550964,0.000000,True
0.02,133,3.385431,0.838600,0.634095,True
0.02,134,1.943769,0.786404,0.784153,True
0.02,135,7.150199,1.395889,0.000000,True
0.02,136,2.436791,0.631137,0.902890,True
0.02,137,3.615414,0.900359,0.582000,True
0.02,138,4.213956,1.496338,0.000000,True
0.02,139,1.451810,0.424339,1.050111,True
0.02,140,4.303673,1.116431,0.427526,True
0.02,141,5.824533,1.470983,0.000000,True
0.02,142,3.481477,1.055641,0.523740,True
0.02,143,2.338816,0.780527,0.762849,True
0.02,144,0.818262,0.356225,1.021839,True
0.02,145,0.821533,0.223213,1.163251,True
0.02,146,4.207731,1.466212,0.000000,True
0.02,147,3.151576,0.953018,0.494527,True
0.02,148,3.135799,0.360367,1.009079,True
0.02,149,4.850523,1.552933,0.000000,True
0.02,150,4.354838,1.423427,0.000000,True
0.02,151,2.258976,0.628338,0.949405,True
0.02,152,1.861965,0.603534,0.930991,True
0.02,153,7.007146,1.603767,0.000000,True
0.02,154,1.644815,0.502298,0.820082,True
0.02,155,2.881896,0.902028,0.553390,True
0.02,156,1.571366,0.484496,1.020691,True
0.02,157,6.012294,1.331676,0.000000,True
0.02,158,3.070728,0.501898,0.866820,True
0.02,159,2.290896,0.627996,0.677415,True
0.02,160,1.761219,0.653903,0.796166,True
0.02,161,6.595326,1.494226,0.000000,True
0.02,162,3.434194,0.950164,0.609868,True
0.02,163,6.439984,1.289059,0.234341,True
0.02,164,4.710420,1.480342,0.000000,True
0.02,165,1.188984,0.359197,0.977332,True
0.02,166,6.797913,1.588008,0.000000,True
0.02,167,5.422643,1.636809,0.000000,True
0.02,168,2.768397,0.730208,0.877512,True
0.02,169,2.694519,0.858902,0.644316,True
0.02,170,5.672958,1.421231,0.000000,True
0.02,171,3.360669,1.070070,0.335189,True
0.02,172,2.484815,0.520132,0.862909,True
0.02,173,2.663856,0.579617,0.980161,True
0.02,174,3.162431,0.743923,0.854464,True
0.02,175,2.819057,0.759005,0.728123,True
0.02,176,4.975539,0.811608,0.780137,True
0.02,177,2.623807,0.814508,0.783282,True
0.02,178,4.762956,1.595778,0.056069,True
0.02,179,5.422453,1.465319,0.000000,True
0.02,180,3.262628,0.991210,0.724569,True
0.02,181,1.851513,0.708536,0.914532,True
0.02,182,9.160252,1.583080,0.000000,True
0.02,183,4.170535,1.202622,0.310710,True
0.02,184,4.656156,1.301868,0.309068,True
0.02,185,1.511019,0.399859,1.134112,True
0.02,186,5.160771,1.489226,0.073699,True
0.02,187,4.382524,1.386366,0.170248,True
0.02,188,5.087950,1.446884,0.000000,True
0.02,189,1.763935,0.382671,1.005059,True
0.02,190,3.285212,0.882819,0.607260,True
0.02,191,6.156581,1.585395,0.000000,True
0.02,192,4.495729,1.577993,0.000000,True
0.02,193,2.085050,0.508405,0.948450,True
0.02,194,1.411737,0.366804,1.131454,True
0.02,195,5.016401,1.420145,0.179958,True
0.02,196,3.208554,0.557860,0.864984,True
0.02,197,3.862033,1.150886,0.331183,True
0.02,198,5.739852,1.336877,0.294721,True
0.02,199,5.224784,1.159765,0.485378,True
0.02,200,1.782493,0.354209,1.119929,True
0.02,201,3.331252,0.834638,0.688063,True
0.02,202,2.757609,0.525935,0.963234,True
0.02,203,1.565548,0.627550,0.810866,True
0.02,204,1.618725,0.343195,1.164377,True
0.02,205,4.413455,1.077247,0.567242,True
0.02,206,3.805868,0.896803,0.537560,True
0.02,207,5.751708,1.239397,0.225142,True
0.02,208,0.907895,0.349615,0.930186,True
0.02,209,2.043305,0.503116,1.098437,True
0.02,210,1.701312,0.435014,1.061482,True
0.02,211,2.841439,0.699059,0.792634,True
0.02,212,0.717037,0.153994,1.275185,True
0.02,213,1.733949,0.402836,1.042131,True
0.02,214,1.473039,0.624497,0.845272,True
0.02,215,4.024289,1.586390,0.000000,True
0.02,216,1.331803,0.379760,1.081802,True
0.02,217,5.492744,1.239268,0.217871,True
0.02,218,5.016885,1.489815,0.000000,True
0.02,219,2.701408,0.957586,0.485839,True
0.02,220,4.729912,1.255984,0.313232,True
0.02,221,3.822191,0.810228,0.677871,True
0.02,222,4.373220,1.384970,0.000000,True
0.02,223,3.325302,0.714354,0.745814,True
0.02,224,7.314533,1.300149,0.146231,True
0.02,225,1.360704,0.295526,1.232522,True
0.02,226,4.452109,0.580902,0.990686,True
0.02,227,2.129118,0.378849,0.970423,True
0.02,228,5.643720,1.183873,0.229453,True
0.02,229,3.411937,0.840000,0.666864,True
0.02,230,1.525155,0.468921,1.115800,True
0.02,231,5.490015,1.584347,0.000000,True
0.02,232,1.957828,0.720382,0.816317,True
0.02,233,0.961308,0.300735,1.066812,True
0.02,234,1.640088,0.412432,1.065593,True
0.02,235,4.398175,1.621286,0.000000,True
0.02,236,2.584267,0.679992,0.831998,True
0.02,237,5.515029,0.835591,0.640913,True
0.02,238,1.998081,0.509797,1.079959,True
0.02,239,5.155094,1.139879,0.368947,True
0.02,240,4.901000,1.465346,0.000000,True
0.02,241,3.115658,1.122288,0.319106,True
0.02,242,4.274452,1.482915,0.143785,True
0.02,243,1.308622,0.286173,1.149660,True
0.02,244,3.168513,1.138746,0.350972,True
0.02,245,2.271496,0.327190,1.064862,True
0.02,246,1.751841,0.495535,0.905701,True
0.02,247,5.074236,1.047547,0.520359,True
0.02,248,3.623184,0.493352,0.878106,True
0.02,249,3.252796,0.872816,0.614341,True
0.02,250,1.831410,0.484433,0.861376,True
0.02,251,5.459472,1.036454,0.370328,True
0.02,252,1.412304,0.427481,1.050905,True
0.02,253,5.800284,1.577998,0.000000,True
0.02,254,2.876495,0.590868,0.848454,True
0.02,255,2.358957,0.725209,0.734549,True
0.02,256,5.515164,1.485066,0.000000,True
0.02,257,5.175435,1.474640,0.000000,True
0.02,258,7.205188,1.527708,0.000000,True
0.02,259,5.836892,1.584607,0.000000,True
0.02,260,3.061420,1.017303,0.478639,True
0.02,261,5.955227,1.610668,0.000000,True
0.02,262,2.239035,0.327750,1.119559,True
0.02,263,3.399709,0.866466,0.568619,True
0.02,264,3.697265,1.085283,0.349044,True
0.02,265,4.377493,1.303311,0.170701,True
0.02,266,2.233476,0.679593,0.865325,True
0.02,267,1.485075,0.381089,1.046597,True
0.02,268,4.773282,1.209752,0.289771,True
0.02,269,6.343257,1.254396,0.285269,True
0.02,270,4.650582,0.893889,0.617778,True
0.02,271,2.466224,0.481697,1.096677,True
0.02,272,4.412469,1.420054,0.000000,True
0.02,273,5.747860,1.229472,0.399154,True
0.02,274,1.395060,0.432293,0.987213,True
0.02,275,6.862580,1.264884,0.153763,True
0.02,276,2.025325,0.720105,0.805997,True
0.02,277,6.722035,1.468020,0.000000,True
0.02,278,4.384489,0.992343,0.510795,True
0.02,279,0.982632,0.299623,1.081575,True
0.02,280,3.865531,0.965421,0.527803,True
0.02,281,2.994671,1.129451,0.484468,True
0.02,282,3.209987,0.861030,0.578615,True
0.02,283,1.872694,0.442121,1.070304,True
0.02,284,2.506985,0.843993,0.546690,True
0.02,285,2.570490,0.797671,0.605806,True
0.02,286,3.772196,0.903180,0.611626,True
0.02,287,2.002556,0.721311,0.753411,True
0.02,288,6.275060,1.482149,0.000000,True
0.02,289,0.908095,0.327270,0.996169,True
0.02,290,1.193334,0.366146,1.115019,True
0.02,291,5.047110,1.438441,0.000000,True
0.02,292,4.224722,1.382833,0.183229,True
0.02,293,2.689409,0.669315,0.780883,True
0.02,294,2.816498,0.449462,1.067894,True
0.02,295,3.682853,0.923348,0.544539,True
0.02,296,2.992827,0.598861,0.844433,True
0.02,297,4.921417,1.514674,0.000000,True
0.02,298,1.481567,0.345210,1.033498,True
0.02,299,1.681727,0.386237,1.041026,True
0.02,300,1.719357,0.382400,1.032412,True
0.02,301,2.994116,0.730650,0.733901,True
0.02,302,1.653817,0.402499,1.064150,True
0.02,303,3.673018,1.032582,0.409663,True
0.02,304,4.280570,1.247284,0.236924,True
0.02,305,1.464958,0.635757,0.894249,True
0.02,306,5.968710,1.499177,0.000000,True
0.02,307,4.689437,1.366744,0.000000,True
0.02,308,1.294249,0.404351,1.007073,True
0.02,309,3.832901,0.650128,0.832236,True
0.02,310,1.542431,0.289934,1.136448,True
0.02,311,4.328831,1.480969,0.000000,True
0.02,312,1.472119,0.252737,1.172309,True
0.02,313,5.306465,0.642569,0.824690,True
0.02,314,2.127386,0.724883,0.633737,True
0.02,315,4.748063,1.478326,0.000000,True
0.02,316,3.677038,0.623761,0.999040,True
0.02,317,4.664165,1.543003,0.000000,True
0.02,318,5.248542,1.544948,0.000000,True
0.02,319,4.211103,1.433015,0.000000,True
0.02,320,2.897090,0.751260,0.841399,True
0.02,321,4.014613,1.081478,0.506696,True
0.02,322,1.651390,0.504569,0.923973,True
0.02,323,4.114519,1.556642,0.000000,True
0.02,324,1.937292,0.460600,1.042203,True
0.02,325,2.960947,0.845564,0.564239,True
0.02,326,4.914775,1.433649,0.088078,True
0.02,327,4.769475,1.306791,0.063692,True
0.02,328,4.343826,1.203612,0.236362,True
0.02,329,7.659470,1.454487,0.000000,True
0.02,330,4.168245,1.440573,0.029135,True
0.02,331,3.172080,0.542935,1.005277,True
0.02,332,3.645735,1.177337,0.228569,True
0.02,333,1.427242,0.276350,1.000305,True
0.02,334,4.014086,0.588106,0.852108,True
0.02,335,4.177653,1.478334,0.047983,True
0.02,336,5.638355,1.241540,0.329847,True
0.02,337,2.082568,0.405617,1.191346,True
0.02,338,2.934180,0.809846,0.576278,True
0.02,339,5.113422,1.548538,0.000000,True
0.02,340,3.550268,0.668315,0.832090,True
0.02,341,2.087421,0.529523,1.049850,True
0.02,342,0.868522,0.371637,0.969210,True
0.02,343,3.733300,0.924566,0.595494,True
0.02,344,4.083358,1.606489,0.000000,True
0.02,345,5.877224,1.553943,0.000000,True
0.02,346,4.762046,1.523833,0.000000,True
0.02,347,1.072856,0.286357,1.043359,True
0.02,348,4.538800,0.979054,0.581974,True
0.02,349,5.001803,1.512084,0.000000,True
0.02,350,2.227945,0.479243,0.989111,True
0.02,351,4.088865,1.593038,0.000000,True
0.02,352,1.623897,0.348653,1.066067,True
0.02,353,6.325921,1.121148,0.393079,True
0.02,354,4.925092,1.160953,0.365907,True
0.02,355,2.039469,0.585831,0.808393,True
0.02,356,1.072184,0.188933,1.265212,True
0.02,357,3.224363,1.032466,0.264597,True
0.02,358,1.126581,0.345322,1.090604,True
0.02,359,2.477722,0.727001,0.817805,True
0.02,360,1.950704,0.591364,0.806763,True
0.02,361,3.597106,0.865639,0.632261,True
0.02,362,4.380478,0.669121,0.741909,True
0.02,363,3.824316,0.971380,0.451528,True
0.02,364,2.778638,0.807791,0.501121,True
0.02,365,2.995718,0.505875,1.016713,True
0.02,366,2.148151,0.363794,1.263606,True
0.02,367,4.016962,0.747741,0.646261,True
0.02,368,2.771852,0.918081,0.514047,True
0.02,369,1.797672,0.518138,0.995206,True
0.02,370,6.357166,1.453356,0.000000,True
0.02,371,5.917488,1.467863,0.015345,True
0.02,372,3.117798,0.925702,0.833258,True
0.02,373,5.214913,1.296177,0.072454,True
0.02,374,5.434844,1.500830,0.000000,True
0.02,375,5.503965,1.493547,0.000000,True
0.02,376,5.487913,1.270110,0.141158,True
0.02,377,5.966333,1.560643,0.000000,True
0.02,378,5.379853,1.053185,0.450806,True
0.02,379,5.737242,1.395819,0.091784,True
0.02,380,6.241655,1.605764,0.000000,True
0.02,381,2.674022,0.625193,0.766225,True
0.02,382,2.855707,0.699358,0.784493,True
0.02,383,2.009117,0.506264,1.035227,True
0.02,384,3.515169,1.091579,0.489584,True
0.02,385,4.198692,1.438982,0.000000,True
0.02,386,5.034010,0.711115,0.779979,True
0.02,387,9.796775,1.431345,0.139160,True
0.02,388,1.513201,0.451144,0.908402,True
0.02,389,6.671007,1.105294,0.347983,True
0.02,390,1.263199,0.195283,1.150272,True
0.02,391,3.136843,0.797929,0.727934,True
0.02,392,2.466953,0.504990,1.131444,True
0.02,393,3.754179,0.905455,0.504031,True
0.02,394,1.127425,0.305032,1.063257,True
0.02,395,1.238859,0.437412,1.096542,True
0.02,396,2.686579,0.787984,0.745473,True
0.02,397,1.115701,0.394117,0.996478,True
0.02,398,4.066930,0.674679,0.728523,True
0.02,399,4.138310,1.151400,0.305509,True
0.02,400,6.306752,1.525602,0.000000,True
0.02,401,6.416252,1.605709,0.000000,True
0.02,402,3.712238,0.749638,0.647191,True
0.02,403,4.567889,1.155882,0.474563,True
0.02,404,2.294520,0.621673,0.882371,True
0.02,405,1.658278,0.573255,0.809688,True
0.02,406,3.185547,0.964511,0.592644,True
0.02,407,5.455101,1.616683,0.000000,True
0.02,408,4.271410,1.177302,0.284646,True
0.02,409,2.544234,0.447953,0.956228,True
0.02,410,4.381517,0.957795,0.567223,True
0.02,411,1.461481,0.420437,0.999147,True
0.02,412,6.727194,1.540459,0.000000,True
0.02,413,1.772588,0.489190,0.927684,True
0.02,414,4.481702,1.491530,0.000000,True
0.02,415,5.134205,1.046242,0.520600,True
0.02,416,4.324969,1.147968,0.501188,True
0.02,417,7.515507,1.522474,0.000000,True
0.02,418,3.301067,0.803177,0.661666,True
0.02,419,6.195727,1.326971,0.202379,True
0.02,420,5.907039,1.653556,0.000000,True
0.02,421,3.245842,0.859753,0.485155,True
0.02,422,5.296833,1.549419,0.000000,True
0.02,423,3.076563,0.660910,0.885947,True
0.02,424,3.926650,1.186830,0.256155,True
0.02,425,6.034545,0.812226,0.683392,True
0.02,426,3.288844,0.607061,0.895348,True
0.02,427,3.890003,1.190171,0.349432,True
0.02,428,2.099767,0.718678,0.799831,True
0.02,429,4.418992,1.496348,0.117395,True
0.02,430,5.131979,1.626948,0.000000,True
0.02,431,3.080735,0.784328,0.692555,True
0.02,432,4.609372,1.321265,0.212313,True
0.02,433,5.886796,1.280853,0.069730,True
0.02,434,6.278059,1.549797,0.000000,True
0.02,435,1.815646,0.457922,1.090231,True
0.02,436,5.396006,1.159810,0.220997,True
0.02,437,5.609322,1.255027,0.185755,True
0.02,438,2.013109,0.843561,0.588388,True
0.02,439,4.491111,1.224623,0.280639,True
0.02,440,2.396655,0.632278,0.839238,True
0.02,441,0.800244,0.387907,0.900378,True
0.02,442,3.285926,0.758299,0.787682,True
0.02,443,6.964527,1.480234,0.000000,True
0.02,444,3.458567,0.943475,0.576698,True
0.02,445,4.019707,0.878028,0.583005,True
0.02,446,2.562076,0.583764,1.020056,True
0.02,447,5.362927,1.535743,0.000000,True
0.02,448,2.031634,0.719662,0.794801,True
0.02,449,2.955498,0.653639,0.734033,True
0.02,450,1.482280,0.264730,1.249175,True
0.02,451,1.367471,0.566045,1.023660,True
0.02,452,3.334791,1.021468,0.629829,True
0.02,453,5.391080,1.552603,0.000000,True
0.02,454,3.536154,0.771559,0.750520,True
0.02,455,4.556317,1.481779,0.000000,True
0.02,456,2.325367,0.574333,0.868568,True
0.02,457,6.289801,1.156726,0.350596,True
0.02,458,1.779729,0.402737,1.107399,True
0.02,459,3.507170,0.939824,0.554527,True
0.02,460,1.601575,0.471435,0.915833,True
0.02,461,3.235096,1.345749,0.187569,True
0.02,462,1.029205,0.290117,1.111065,True
0.02,463,3.459042,0.465492,1.017162,True
0.02,464,2.177178,0.590348,0.819195,True
0.02,465,5.443575,1.345736,0.235347,True
0.02,466,3.362083,0.615729,0.651015,True
0.02,467,2.788616,0.868012,0.730587,True
0.02,468,3.432778,1.013471,0.527635,True
0.02,469,1.191850,0.395978,0.840244,True
0.02,470,2.979708,0.485059,0.937351,True
0.02,471,3.179219,0.680349,0.834615,True
0.02,472,2.121572,0.604008,0.867201,True
0.02,473,3.581593,0.795311,0.679101,True
0.02,474,4.131768,1.311143,0.056242,True
0.02,475,6.302369,1.428283,0.000000,True
0.02,476,2.242221,0.514386,0.820325,True
0.02,477,2.074096,0.598158,0.827316,True
0.02,478,1.318954,0.447793,1.047293,True
0.02,479,1.891720,0.808452,0.617896,True
0.02,480,5.363029,1.487567,0.050442,True
0.02,481,3.991173,1.164120,0.310115,True
0.02,482,2.877567,0.429847,0.951079,True
0.02,483,3.831751,1.179872,0.363096,True
0.02,484,4.506147,1.516456,0.000000,True
0.02,485,3.372752,0.874319,0.612761,True
0.02,486,5.254866,1.352412,0.000000,True
0.02,487,5.959559,1.462977,0.123398,True
0.02,488,3.041368,1.101430,0.276016,True
0.02,489,3.622631,1.029529,0.594181,True
0.02,490,4.308481,1.584895,0.000000,True
0.02,491,2.089211,0.758458,0.720410,True
0.02,492,4.532650,1.619928,0.127603,True
0.02,493,3.225907,1.228050,0.357538,True
0.02,494,1.171212,0.216332,1.063207,True
0.02,495,4.798477,1.118860,0.424943,True
0.02,496,3.095775,0.626094,0.862668,True
0.02,497,1.018110,0.290498,1.181334,True
0.02,498,5.611591,0.982347,0.418099,True
0.02,499,3.403190,0.692462,0.780314,True
0.04,0,3.876813,0.947779,0.499698,True
0.04,1,6.225563,1.481580,0.033391,True
0.04,2,4.900782,1.289169,0.325648,True
0.04,3,1.697120,0.585254,0.647860,True
0.04,4,1.664206,0.481037,1.094611,True
0.04,5,3.745669,1.096132,0.387153,True
0.04,6,1.277872,0.220828,1.289979,True
0.04,7,3.120495,0.741083,0.748925,True
0.04,8,4.879652,1.554628,0.000000,True
0.04,9,5.415836,1.312636,0.394306,True
0.04,10,4.589142,0.953263,0.436299,True
0.04,11,1.535952,0.335392,1.027674,True
0.04,12,3.728400,0.933904,0.571788,True
0.04,13,2.321381,0.384989,1.044294,True
0.04,14,2.313548,0.592058,1.134336,True
0.04,15,1.848591,0.500758,1.004851,True
0.04,16,3.791195,1.069091,0.523487,True
0.04,17,2.981891,1.272267,0.363519,True
0.04,18,2.270189,0.507180,0.944841,True
0.04,19,4.281022,1.376801,0.167304,True
0.04,20,4.008977,1.370790,0.248257,True
0.04,21,4.329326,1.417159,0.209392,True
0.04,22,1.941647,0.595551,1.024013,True
0.04,23,3.092884,1.024112,0.451817,True
0.04,24,2.721183,0.938615,0.557755,True
0.04,25,2.316063,0.535625,0.847531,True
0.04,26,1.718909,0.553928,0.907430,True
0.04,27,3.104284,0.562593,0.884953,True
0.04,28,1.658350,0.399376,0.985982,True
0.04,29,4.092025,1.600145,0.000000,True
0.04,30,2.017176,0.356285,1.123364,True
0.04,31,1.887922,0.525572,0.925418,True
0.04,32,4.375599,0.855705,0.415315,True
0.04,33,4.082916,1.376322,0.236819,True
0.04,34,2.257200,0.748814,0.780108,True
0.04,35,5.220905,1.588065,0.000000,True
0.04,36,2.249785,0.735713,0.708260,True
0.04,37,4.773182,1.441568,0.000000,True
0.04,38,3.714024,1.172333,0.491175,True
0.04,39,4.403318,1.092507,0.360947,True
0.04,40,4.354814,1.406708,0.163024,True
0.04,41,2.833708,0.934648,0.564003,True
0.04,42,1.648307,0.328038,1.034951,True
0.04,43,2.107182,0.913899,0.564815,True
0.04,44,2.068460,0.809930,0.709520,True
0.04,45,2.527709,0.693144,0.771540,True
0.04,46,5.517078,1.426339,0.160296,True
0.04,47,3.922061,1.399188,0.075988,True
0.04,48,3.481346,1.073348,0.428815,True
0.04,49,4.091928,1.005223,0.403182,True
0.04,50,3.496622,1.022966,0.396309,True
0.04,51,7.511081,1.255541,0.270051,True
0.04,52,1.599730,0.411362,0.949374,True
0.04,53,2.169672,0.636234,0.912596,True
0.04,54,4.981961,1.212576,0.316895,True
0.04,55,0.806292,0.212795,1.244562,True
0.04,56,3.717389,0.619291,0.876108,True
0.04,57,4.041926,1.152352,0.428093,True
0.04,58,4.212015,1.465759,0.000000,True
0.04,59,2.147881,0.720602,0.789571,True
0.04,60,3.745769,1.302980,0.319746,True
0.04,61,2.783399,0.710901,0.711498,True
0.04,62,1.551082,0.540504,1.005385,True
0.04,63,5.272219,0.994006,0.553704,True
0.04,64,5.788653,0.847020,0.637298,True
0.04,65,2.053002,0.912947,0.594687,True
0.04,66,3.140025,0.869536,0.740407,True
0.04,67,2.545419,0.500922,0.945671,True
0.04,68,4.554718,1.464307,0.000000,True
0.04,69,2.222919,0.515599,0.906206,True
0.04,70,2.171795,0.825949,0.624945,True
0.04,71,4.678441,1.497042,0.057989,True
0.04,72,2.461167,0.634450,0.616147,True
0.04,73,4.571564,1.092425,0.607890,True
0.04,74,4.007793,1.462324,0.140652,True
0.04,75,4.041561,0.836676,0.656331,True
0.04,76,4.416172,0.908068,0.522531,True
0.04,77,5.388952,1.647513,0.003122,True
0.04,78,1.518341,0.457048,1.044191,True
0.04,79,3.441371,0.855962,0.599993,True
0.04,80,2.003887,0.481460,1.060361,True
0.04,81,1.388102,0.221972,1.058710,True
0.04,82,6.861361,1.478290,0.176790,True
0.04,83,5.715281,1.473598,0.052043,True
0.04,84,1.487028,0.491427,0.999027,True
0.04,85,1.899483,0.512245,1.020176,True
0.04,86,1.438624,0.362604,1.064116,True
0.04,87,3.747314,1.513044,0.000000,True
0.04,88,0.897646,0.264891,1.332351,True
0.04,89,4.482628,1.118170,0.371650,True
0.04,90,2.617673,0.637176,0.866310,True
0.04,91,3.632589,1.044699,0.575157,True
0.04,92,5.026102,0.871544,0.642956,True
0.04,93,1.555840,0.422682,1.064935,True
0.04,94,4.657529,1.414594,0.194285,True
0.04,95,1.941723,0.348988,1.153543,True
0.04,96,2.424256,0.626411,0.784096,True
0.04,97,5.309175,0.915615,0.543644,True
0.04,98,2.687319,0.644381,0.804227,True
0.04,99,3.920963,0.762287,0.635252,True
0.04,100,3.851033,1.234041,0.206161,True
0.04,101,3.060552,0.850925,0.712153,True
0.04,102,1.652788,0.394474,1.081538,True
0.04,103,5.413995,1.114393,0.345500,True
0.04,104,1.042617,0.424616,0.957943,True
0.04,105,1.392174,0.329944,1.043345,True
0.04,106,2.342327,0.674728,0.644926,True
0.04,107,3.867285,0.787653,0.823882,True
0.04,108,3.833058,0.495378,0.910093,True
0.04,109,2.381274,0.520966,0.922446,True
0.04,110,2.966578,0.738432,0.657641,True
0.04,111,4.886973,1.379873,0.041107,True
0.04,112,2.832937,0.897663,0.623764,True
0.04,113,3.098519,1.177779,0.343940,True
0.04,114,2.314959,0.590896,0.790592,True
0.04,115,1.716559,0.461438,1.047420,True
0.04,116,1.859315,0.385507,1.032932,True
0.04,117,3.870046,1.379513,0.099721,True
0.04,118,2.437063,0.980323,0.457129,True
0.04,119,4.099983,0.887022,0.607419,True
0.04,120,4.162266,0.887775,0.641218,True
0.04,121,5.790691,1.374357,0.154300,True
0.04,122,2.915614,0.657109,0.837868,True
0.04,123,2.475838,0.778507,0.735905,True
0.04,124,5.247053,1.534903,0.000000,True
0.04,125,0.783110,0.291669,1.085728,True
0.04,126,6.634820,1.357805,0.000000,True
0.04,127,3.670574,1.186935,0.257513,True
0.04,128,3.485249,0.659066,0.813389,True
0.04,129,2.038758,0.591245,0.855222,True
0.04,130,3.033991,0.735448,0.677389,True
0.04,131,1.903191,0.706739,0.782495,True
0.04,132,4.769465,1.291219,0.257338,True
0.04,133,2.977068,0.760309,0.710210,True
0.04,134,1.873632,0.768637,0.800639,True
0.04,135,6.486579,1.270750,0.123393,True
0.04,136,2.341024,0.611817,0.920815,True
0.04,137,3.271703,0.831382,0.649084,True
0.04,138,4.213956,1.496338,0.000000,True
0.04,139,1.396379,0.414868,1.057856,True
0.04,140,3.531960,0.946733,0.593016,True
0.04,141,5.336494,1.360763,0.108765,True
0.04,142,3.112223,0.964260,0.611967,True
0.04,143,2.253342,0.760970,0.781398,True
0.04,144,0.816094,0.356047,1.022008,True
0.04,145,0.819684,0.223067,1.163348,True
0.04,146,4.207731,1.466212,0.000000,True
0.04,147,2.899972,0.895121,0.550655,True
0.04,148,2.660107,0.317200,1.050328,True
0.04,149,4.850523,1.552933,0.000000,True
0.04,150,4.354838,1.423427,0.000000,True
0.04,151,2.126696,0.602112,0.973702,True
0.04,152,1.823412,0.595445,0.938323,True
0.04,153,6.679829,1.531947,0.070860,True
0.04,154,1.625070,0.498608,0.823330,True
0.04,155,2.448557,0.803811,0.648073,True
0.04,156,1.544612,0.479471,1.025002,True
0.04,157,5.329783,1.202693,0.128032,True
0.04,158,2.386720,0.416357,0.948478,True
0.04,159,2.200534,0.611241,0.693294,True
0.04,160,1.732349,0.647380,0.802092,True
0.04,161,6.165474,1.405688,0.087598,True
0.04,162,2.937654,0.842615,0.714213,True
0.04,163,5.031472,1.042053,0.479152,True
0.04,164,4.080309,1.318268,0.160156,True
0.04,165,1.181878,0.358274,0.978107,True
0.04,166,6.225120,1.466974,0.119873,True
0.04,167,5.036260,1.535710,0.099878,True
0.04,168,2.626965,0.701441,0.904845,True
0.04,169,2.464605,0.804602,0.695968,True
0.04,170,5.091041,1.294661,0.125188,True
0.04,171,3.091376,1.003243,0.400142,True
0.04,172,2.379725,0.503707,0.878328,True
0.04,173,2.366899,0.534146,1.023853,True
0.04,174,2.724485,0.666319,0.929643,True
0.04,175,2.635086,0.720742,0.764524,True
0.04,176,3.982809,0.673191,0.916235,True
0.04,177,2.473520,0.780147,0.815959,True
0.04,178,4.056466,1.394065,0.254279,True
0.04,179,5.422453,1.465319,0.000000,True
0.04,180,2.787624,0.880839,0.831518,True
0.04,181,1.773150,0.690694,0.931086,True
0.04,182,7.590951,1.307716,0.271920,True
0.04,183,3.281771,1.002951,0.507788,True
0.04,184,3.966748,1.141347,0.467162,True
0.04,185,1.407345,0.385204,1.146864,True
0.04,186,4.127894,1.238174,0.321610,True
0.04,187,3.286599,1.100969,0.449594,True
0.04,188,4.777894,1.370703,0.075044,True
0.04,189,1.732926,0.378278,1.008945,True
0.04,190,2.976090,0.818824,0.669414,True
0.04,191,5.433734,1.426560,0.157745,True
0.04,192,3.886326,1.404301,0.171317,True
0.04,193,1.852062,0.469328,0.983841,True
0.04,194,1.386783,0.363248,1.134431,True
0.04,195,4.093129,1.198867,0.398062,True
0.04,196,2.960382,0.524745,0.897100,True
0.04,197,3.406961,1.041324,0.438251,True
0.04,198,4.371487,1.061170,0.566996,True
0.04,199,4.283915,0.982147,0.660733,True
0.04,200,1.758619,0.351013,1.122745,True
0.04,201,2.895304,0.749029,0.770847,True
0.04,202,2.262995,0.457051,1.028774,True
0.04,203,1.494606,0.611527,0.824860,True
0.04,204,1.597814,0.340637,1.166665,True
0.04,205,3.862689,0.959389,0.682065,True
0.04,206,3.284235,0.799185,0.633062,True
0.04,207,4.498348,1.007903,0.454266,True
0.04,208,0.906173,0.349392,0.930346,True
0.04,209,1.985686,0.493659,1.107185,True
0.04,210,1.677785,0.431328,1.064772,True
0.04,211,2.663568,0.663561,0.826090,True
0.04,212,0.716463,0.153949,1.275205,True
0.04,213,1.698198,0.397426,1.046877,True
0.04,214,1.457998,0.621107,0.848259,True
0.04,215,4.024289,1.586390,0.000000,True
0.04,216,1.281316,0.372426,1.087818,True
0.04,217,4.310737,1.013871,0.440963,True
0.04,218,4.941101,1.470246,0.019257,True
0.04,219,2.303499,0.850476,0.586480,True
0.04,220,4.000229,1.095168,0.471831,True
0.04,221,3.374435,0.732182,0.753832,True
0.04,222,4.251199,1.353328,0.031182,True
0.04,223,2.821353,0.630203,0.827220,True
0.04,224,5.509056,1.018159,0.426519,True
0.04,225,1.341969,0.293513,1.234266,True
0.04,226,3.324457,0.451206,1.116163,True
0.04,227,2.073462,0.371806,0.976890,True
0.04,228,4.604754,0.993663,0.417233,True
0.04,229,2.861179,0.737615,0.766853,True
0.04,230,1.508653,0.465711,1.118484,True
0.04,231,4.602281,1.358120,0.222792,True
0.04,232,1.921767,0.711773,0.824248,True
0.04,233,0.959313,0.300519,1.066976,True
0.04,234,1.602975,0.406499,1.070694,True
0.04,235,4.254914,1.576989,0.043522,True
0.04,236,2.463634,0.656423,0.854324,True
0.04,237,4.425807,0.694979,0.779998,True
0.04,238,1.777369,0.470853,1.114581,True
0.04,239,3.852979,0.892262,0.612192,True
0.04,240,4.535014,1.371078,0.092767,True
0.04,241,2.880378,1.058651,0.380894,True
0.04,242,3.506245,1.269716,0.353788,True
0.04,243,1.253484,0.279237,1.154895,True
0.04,244,2.803364,1.041000,0.446080,True
0.04,245,2.091394,0.309432,1.081498,True
0.04,246,1.705120,0.487196,0.913115,True
0.04,247,3.997534,0.864138,0.701867,True
0.04,248,3.140404,0.441239,0.928867,True
0.04,249,2.989891,0.816555,0.668572,True
0.04,250,1.692073,0.459595,0.883002,True
0.04,251,4.310523,0.853110,0.551913,True
0.04,252,1.396034,0.424945,1.053116,True
0.04,253,5.800284,1.577998,0.000000,True
0.04,254,2.584631,0.543625,0.893182,True
0.04,255,2.241570,0.698910,0.759077,True
0.04,256,5.515164,1.485066,0.000000,True
0.04,257,4.717350,1.362614,0.110557,True
0.04,258,5.773342,1.254407,0.270997,True
0.04,259,5.836892,1.584607,0.000000,True
0.04,260,2.858994,0.965506,0.528576,True
0.04,261,5.570511,1.519674,0.090095,True
0.04,262,2.155608,0.317681,1.128550,True
0.04,263,3.001846,0.784200,0.647854,True
0.04,264,3.040121,0.934835,0.496092,True
0.04,265,3.586207,1.114874,0.356633,True
0.04,266,2.133685,0.659168,0.884571,True
0.04,267,1.466100,0.378359,1.048954,True
0.04,268,4.084780,1.060121,0.436715,True
0.04,269,5.028780,1.024341,0.512922,True
0.04,270,3.843533,0.761214,0.747756,True
0.04,271,2.180325,0.444059,1.132717,True
0.04,272,4.412469,1.420054,0.000000,True
0.04,273,4.396932,0.981192,0.644676,True
0.04,274,1.382906,0.430108,0.989008,True
0.04,275,5.230323,1.001351,0.415424,True
0.04,276,1.929934,0.697602,0.826692,True
0.04,277,6.722035,1.468020,0.000000,True
0.04,278,3.781643,0.879270,0.621835,True
0.04,279,0.978073,0.299125,1.081950,True
0.04,280,3.218620,0.833673,0.656024,True
0.04,281,2.815895,1.077512,0.534424,True
0.04,282,2.652829,0.741393,0.692795,True
0.04,283,1.820397,0.432924,1.078256,True
0.04,284,2.400288,0.817556,0.571657,True
0.04,285,2.235376,0.726536,0.674136,True
0.04,286,3.030964,0.750089,0.758308,True
0.04,287,1.923945,0.703019,0.770349,True
0.04,288,5.714450,1.360813,0.119748,True
0.04,289,0.905403,0.326922,0.996406,True
0.04,290,1.182470,0.364551,1.116271,True
0.04,291,4.735725,1.363805,0.073773,True
0.04,292,3.299450,1.125576,0.433138,True
0.04,293,2.456860,0.626330,0.821734,True
0.04,294,2.652491,0.428701,1.087538,True
0.04,295,3.034655,0.797004,0.668090,True
0.04,296,2.815282,0.571328,0.870883,True
0.04,297,4.725549,1.463335,0.050604,True
0.04,298,1.425941,0.338737,1.039323,True
0.04,299,1.655320,0.382430,1.044381,True
0.04,300,1.649329,0.373814,1.040389,True
0.04,301,2.492817,0.642273,0.819591,True
0.04,302,1.629345,0.398682,1.067457,True
0.04,303,3.295688,0.941530,0.497292,True
0.04,304,3.521273,1.059246,0.420146,True
0.04,305,1.452100,0.632783,0.896859,True
0.04,306,4.523794,1.196091,0.301285,True
0.04,307,4.689437,1.366744,0.000000,True
0.04,308,1.278682,0.401951,1.009067,True
0.04,309,3.193395,0.559732,0.919769,True
0.04,310,1.524449,0.287860,1.138211,True
0.04,311,3.617114,1.286008,0.192171,True
0.04,312,1.462086,0.251723,1.173169,True
0.04,313,4.353584,0.543407,0.922519,True
0.04,314,2.058699,0.709302,0.648296,True
0.04,315,4.201553,1.333433,0.142381,True
0.04,316,2.875465,0.513038,1.105948,True
0.04,317,4.388309,1.467120,0.074856,True
0.04,318,4.635055,1.390480,0.152445,True
0.04,319,3.471837,1.222316,0.205524,True
0.04,320,2.746519,0.721082,0.870269,True
0.04,321,3.266668,0.916816,0.667346,True
0.04,322,1.631938,0.500619,0.927353,True
0.04,323,4.114519,1.556642,0.000000,True
0.04,324,1.906060,0.455357,1.046901,True
0.04,325,2.349651,0.702565,0.697515,True
0.04,326,4.079243,1.229287,0.289650,True
0.04,327,4.068199,1.144004,0.223824,True
0.04,328,3.671286,1.051975,0.385560,True
0.04,329,6.443765,1.241800,0.210813,True
0.04,330,3.690112,1.299802,0.166347,True
0.04,331,2.471154,0.441868,1.099894,True
0.04,332,3.182402,1.061347,0.342177,True
0.04,333,1.333776,0.265626,1.008792,True
0.04,334,3.558866,0.532256,0.906533,True
0.04,335,3.549145,1.296861,0.225952,True
0.04,336,4.461070,1.020774,0.548413,True
0.04,337,1.921574,0.381535,1.212476,True
0.04,338,2.441293,0.704004,0.676517,True
0.04,339,5.113422,1.548538,0.000000,True
0.04,340,3.099562,0.601389,0.897224,True
0.04,341,2.026522,0.518902,1.059637,True
0.04,342,0.866561,0.371399,0.969391,True
0.04,343,3.287390,0.833530,0.683826,True
0.04,344,3.618825,1.456564,0.146793,True
0.04,345,4.556778,1.257015,0.294382,True
0.04,346,4.324610,1.409748,0.112917,True
0.04,347,1.068873,0.285856,1.043720,True
0.04,348,3.754612,0.837019,0.721320,True
0.04,349,5.001803,1.512084,0.000000,True
0.04,350,2.067240,0.455514,1.011221,True
0.04,351,4.088865,1.593038,0.000000,True
0.04,352,1.602648,0.345909,1.068480,True
0.04,353,4.802399,0.889655,0.622950,True
0.04,354,4.105824,0.998692,0.525934,True
0.04,355,1.982328,0.574731,0.818599,True
0.04,356,1.070235,0.188783,1.265327,True
0.04,357,2.828549,0.934223,0.359475,True
0.04,358,1.118613,0.344355,1.091417,True
0.04,359,2.208578,0.673128,0.869281,True
0.04,360,1.835155,0.569306,0.827094,True
0.04,361,3.263245,0.796649,0.698553,True
0.04,362,3.442415,0.549175,0.859144,True
0.04,363,3.049022,0.813150,0.605564,True
0.04,364,2.442811,0.735519,0.570067,True
0.04,365,2.485488,0.436643,1.081964,True
0.04,366,2.065341,0.354233,1.272495,True
0.04,367,3.408324,0.655708,0.736287,True
0.04,368,2.449582,0.839745,0.588958,True
0.04,369,1.778901,0.514575,0.998385,True
0.04,370,5.106224,1.204805,0.246554,True
0.04,371,4.841455,1.222219,0.256736,True
0.04,372,2.583290,0.808346,0.947018,True
0.04,373,4.104718,1.066996,0.299342,True
0.04,374,4.811395,1.355427,0.143938,True
0.04,375,5.503965,1.493547,0.000000,True
0.04,376,4.483553,1.070556,0.338357,True
0.04,377,5.966333,1.560643,0.000000,True
0.04,378,4.338924,0.877347,0.624204,True
0.04,379,4.334507,1.109350,0.375912,True
0.04,380,5.212866,1.373457,0.230070,True
0.04,381,2.219135,0.548223,0.839231,True
0.04,382,2.493829,0.626198,0.852664,True
0.04,383,1.795228,0.467243,1.069441,True
0.04,384,2.819893,0.917073,0.657633,True
0.04,385,3.746466,1.309837,0.126306,True
0.04,386,4.200440,0.611592,0.878172,True
0.04,387,7.407420,1.085728,0.481257,True
0.04,388,1.431702,0.438092,0.919802,True
0.04,389,5.290808,0.899629,0.551450,True
0.04,390,1.254173,0.194587,1.150843,True
0.04,391,2.848283,0.741696,0.782288,True
0.04,392,2.315640,0.483312,1.152073,True
0.04,393,2.891114,0.742683,0.662889,True
0.04,394,1.121155,0.304255,1.063860,True
0.04,395,1.234390,0.436455,1.097248,True
0.04,396,2.445016,0.736063,0.794957,True
0.04,397,1.110359,0.393287,0.997131,True
0.04,398,3.433155,0.585198,0.815387,True
0.04,399,3.467073,0.999613,0.454286,True
0.04,400,5.446940,1.342482,0.181433,True
0.04,401,5.234370,1.342388,0.260562,True
0.04,402,2.979497,0.631837,0.761763,True
0.04,403,3.674987,0.973515,0.654646,True
0.04,404,2.203123,0.603563,0.899150,True
0.04,405,1.588090,0.558117,0.822771,True
0.04,406,2.839306,0.886111,0.668940,True
0.04,407,5.204257,1.553523,0.062570,True
0.04,408,3.409431,0.985566,0.473041,True
0.04,409,2.434206,0.432451,0.970615,True
0.04,410,3.478475,0.794172,0.727478,True
0.04,411,1.451668,0.418748,1.000564,True
0.04,412,5.388264,1.273101,0.265523,True
0.04,413,1.712331,0.479644,0.936524,True
0.04,414,4.453246,1.483733,0.007686,True
0.04,415,4.246089,0.891181,0.673406,True
0.04,416,3.765977,1.023833,0.622819,True
0.04,417,6.317276,1.292257,0.227481,True
0.04,418,2.907472,0.727779,0.734472,True
0.04,419,4.711434,1.056253,0.471200,True
0.04,420,5.604345,1.579082,0.073703,True
0.04,421,2.771645,0.760415,0.580589,True
0.04,422,4.876304,1.444823,0.103389,True
0.04,423,2.870411,0.624923,0.920276,True
0.04,424,3.342924,1.045064,0.394858,True
0.04,425,4.863812,0.670370,0.823255,True
0.04,426,3.039231,0.568759,0.932061,True
0.04,427,3.330666,1.055224,0.481861,True
0.04,428,2.007724,0.697559,0.819415,True
0.04,429,3.803258,1.324426,0.286453,True
0.04,430,4.430975,1.443144,0.182089,True
0.04,431,2.684597,0.708432,0.765871,True
0.04,432,3.652104,1.099724,0.431123,True
0.04,433,4.756821,1.064208,0.283677,True
0.04,434,5.184905,1.317071,0.230965,True
0.04,435,1.770488,0.451109,1.096508,True
0.04,436,4.271472,0.956234,0.422446,True
0.04,437,4.612759,1.054209,0.383154,True
0.04,438,1.847451,0.799038,0.629443,True
0.04,439,3.719406,1.054336,0.448643,True
0.04,440,2.287224,0.610752,0.859280,True
0.04,441,0.799174,0.387774,0.900474,True
0.04,442,2.907919,0.691011,0.852929,True
0.04,443,5.283179,1.166794,0.311143,True
0.04,444,3.029659,0.851264,0.666206,True
0.04,445,3.359354,0.762208,0.696502,True
0.04,446,2.464928,0.567180,1.035713,True
0.04,447,5.361803,1.535460,0.000279,True
0.04,448,1.824728,0.672194,0.838416,True
0.04,449,2.794057,0.625850,0.760655,True
0.04,450,1.456513,0.262068,1.251423,True
0.04,451,1.343587,0.561458,1.027766,True
0.04,452,2.917053,0.917937,0.729297,True
0.04,453,4.586180,1.358053,0.192745,True
0.04,454,2.722399,0.623234,0.892069,True
0.04,455,4.556317,1.481779,0.000000,True
0.04,456,2.145531,0.541977,0.898490,True
0.04,457,4.768984,0.916087,0.589334,True
0.04,458,1.741673,0.396506,1.112738,True
0.04,459,3.174751,0.868130,0.624045,True
0.04,460,1.584251,0.468103,0.918656,True
0.04,461,2.525115,1.098703,0.420196,True
0.04,462,1.023930,0.289549,1.111505,True
0.04,463,3.138531,0.427791,1.053103,True
0.04,464,2.004279,0.559265,0.848279,True
0.04,465,4.374650,1.120520,0.457990,True
0.04,466,3.097954,0.572006,0.692355,True
0.04,467,2.618285,0.827637,0.769073,True
0.04,468,3.068255,0.930608,0.608469,True
0.04,469,1.186814,0.395254,0.840855,True
0.04,470,2.153702,0.377089,1.037813,True
0.04,471,2.719075,0.604884,0.907445,True
0.04,472,1.949831,0.573078,0.896396,True
0.04,473,2.856164,0.669576,0.801387,True
0.04,474,3.417631,1.128864,0.235162,True
0.04,475,6.302369,1.428283,0.000000,True
0.04,476,2.090453,0.491600,0.841956,True
0.04,477,1.976617,0.580037,0.844266,True
0.04,478,1.308078,0.445753,1.048935,True
0.04,479,1.830710,0.792009,0.632980,True
0.04,480,4.143217,1.209178,0.326676,True
0.04,481,2.960164,0.908400,0.556405,True
0.04,482,2.298031,0.355223,1.019304,True
0.04,483,2.952408,0.956815,0.578824,True
0.04,484,4.080183,1.395418,0.118818,True
0.04,485,3.129562,0.824744,0.660901,True
0.04,486,5.254866,1.352412,0.000000,True
0.04,487,4.689500,1.193689,0.390047,True
0.04,488,2.758074,1.021036,0.352978,True
0.04,489,2.887899,0.863168,0.755459,True
0.04,490,4.308481,1.584895,0.000000,True
0.04,491,1.948247,0.725331,0.751316,True
0.04,492,3.459617,1.292771,0.446789,True
0.04,493,2.982972,1.155093,0.427960,True
0.04,494,1.153901,0.214242,1.064547,True
0.04,495,3.724178,0.914225,0.627067,True
0.04,496,2.875795,0.590830,0.896499,True
0.04,497,1.002880,0.288805,1.182571,True
0.04,498,4.537002,0.820230,0.578346,True
0.04,499,2.955490,0.620527,0.849946,True
0.06,0,3.522617,0.877586,0.568312,True
0.06,1,5.337230,1.285884,0.226007,True
0.06,2,4.231453,1.142122,0.470786,True
0.06,3,1.660946,0.578046,0.654423,True
0.06,4,1.638560,0.476412,1.098668,True
0.06,5,3.431486,1.020026,0.461059,True
0.06,6,1.253887,0.218580,1.291718,True
0.06,7,2.720382,0.669654,0.817961,True
0.06,8,4.640116,1.489482,0.064155,True
0.06,9,4.661570,1.154216,0.550588,True
0.06,10,4.104255,0.862928,0.524249,True
0.06,11,1.515972,0.332621,1.029988,True
0.06,12,3.278181,0.848259,0.656120,True
0.06,13,2.196749,0.369778,1.058347,True
0.06,14,2.184162,0.568822,1.156089,True
0.06,15,1.819796,0.495884,1.009313,True
0.06,16,3.360820,0.974575,0.616301,True
0.06,17,2.710633,1.187418,0.445749,True
0.06,18,2.179449,0.493168,0.957993,True
0.06,19,3.833689,1.257213,0.284544,True
0.06,20,3.662408,1.267305,0.348451,True
0.06,21,3.741075,1.265377,0.359442,True
0.06,22,1.893996,0.586147,1.032663,True
0.06,23,2.902778,0.976438,0.498002,True
0.06,24,2.556258,0.896108,0.598247,True
0.06,25,2.234515,0.522918,0.859621,True
0.06,26,1.655598,0.541605,0.918436,True
0.06,27,2.812877,0.520608,0.925083,True
0.06,28,1.626939,0.394830,0.990016,True
0.06,29,3.967015,1.561870,0.037794,True
0.06,30,1.810185,0.332126,1.145280,True
0.06,31,1.754577,0.503738,0.945773,True
0.06,32,3.824605,0.768379,0.501339,True
0.06,33,3.550674,1.235158,0.375851,True
0.06,34,2.187207,0.732997,0.795023,True
0.06,35,5.220905,1.588065,0.000000,True
0.06,36,2.132955,0.709830,0.732595,True
0.06,37,4.123720,1.280604,0.159027,True
0.06,38,3.340549,1.077465,0.583603,True
0.06,39,3.890495,0.987892,0.463815,True
0.06,40,3.917962,1.284155,0.282503,True
0.06,41,2.667157,0.894371,0.602826,True
0.06,42,1.627146,0.325486,1.037212,True
0.06,43,2.015501,0.887523,0.589361,True
0.06,44,1.969461,0.785106,0.732754,True
0.06,45,2.251882,0.639470,0.822315,True
0.06,46,4.741614,1.252146,0.332186,True
0.06,47,3.579909,1.296944,0.175477,True
0.06,48,3.236428,1.010858,0.489100,True
0.06,49,3.524447,0.895930,0.510844,True
0.06,50,3.129360,0.940650,0.476788,True
0.06,51,6.486266,1.069848,0.451526,True
0.06,52,1.587035,0.409401,0.951092,True
0.06,53,2.106461,0.622519,0.925103,True
0.06,54,4.322113,1.075054,0.452224,True
0.06,55,0.804400,0.212677,1.244650,True
0.06,56,3.398626,0.576173,0.918091,True
0.06,57,3.517877,1.036752,0.542219,True
0.06,58,4.023914,1.413662,0.051367,True
0.06,59,2.030415,0.694196,0.814149,True
0.06,60,3.249611,1.168963,0.451067,True
0.06,61,2.514175,0.660644,0.759657,True
0.06,62,1.533637,0.537139,1.008382,True
0.06,63,4.570541,0.878778,0.667156,True
0.06,64,4.980184,0.740921,0.741809,True
0.06,65,1.918138,0.874581,0.630405,True
0.06,66,2.877082,0.815297,0.793177,True
0.06,67,2.450499,0.487644,0.958358,True
0.06,68,4.554718,1.464307,0.000000,True
0.06,69,2.160245,0.505340,0.915759,True
0.06,70,2.106433,0.808786,0.640894,True
0.06,71,4.131358,1.346024,0.205991,True
0.06,72,2.343470,0.611402,0.637602,True
0.06,73,4.066182,0.986372,0.711411,True
0.06,74,3.439120,1.302045,0.298712,True
0.06,75,3.460016,0.742863,0.748726,True
0.06,76,3.948368,0.825730,0.603041,True
0.06,77,4.596998,1.441198,0.206882,True
0.06,78,1.505523,0.454796,1.046133,True
0.06,79,2.946710,0.761458,0.691893,True
0.06,80,1.953591,0.473631,1.067621,True
0.06,81,1.370103,0.220451,1.060000,True
0.06,82,5.884168,1.272691,0.378770,True
0.06,83,4.971781,1.295642,0.226569,True
0.06,84,1.474888,0.488857,1.001140,True
0.06,85,1.857747,0.505095,1.026730,True
0.06,86,1.411513,0.358794,1.067317,True
0.06,87,3.418625,1.406316,0.104156,True
0.06,88,0.896153,0.264713,1.332462,True
0.06,89,3.956059,1.008241,0.479597,True
0.06,90,2.357683,0.594014,0.908011,True
0.06,91,3.345377,0.976783,0.641009,True
0.06,92,4.419347,0.777223,0.735274,True
0.06,93,1.528576,0.418479,1.068624,True
0.06,94,3.979281,1.249103,0.357999,True
0.06,95,1.893940,0.343400,1.158664,True
0.06,96,2.282226,0.601479,0.807928,True
0.06,97,4.580442,0.807048,0.650697,True
0.06,98,2.536569,0.617216,0.830024,True
0.06,99,3.428426,0.686428,0.709660,True
0.06,100,3.438721,1.129381,0.308745,True
0.06,101,2.890050,0.813566,0.748004,True
0.06,102,1.631722,0.391242,1.084334,True
0.06,103,4.637086,0.977513,0.480698,True
0.06,104,1.035512,0.423554,0.958794,True
0.06,105,1.384523,0.328783,1.044267,True
0.06,106,2.021863,0.609983,0.704990,True
0.06,107,3.534414,0.731972,0.878187,True
0.06,108,3.391133,0.451356,0.953418,True
0.06,109,2.095831,0.474109,0.965297,True
0.06,110,2.724287,0.694916,0.699981,True
0.06,111,4.304825,1.238135,0.180361,True
0.06,112,2.699531,0.864429,0.655317,True
0.06,113,2.882285,1.115129,0.404523,True
0.06,114,2.201147,0.569154,0.810588,True
0.06,115,1.696762,0.457936,1.050488,True
0.06,116,1.825628,0.380895,1.037087,True
0.06,117,3.378933,1.243081,0.233832,True
0.06,118,2.351409,0.955064,0.480877,True
0.06,119,3.669484,0.811178,0.681794,True
0.06,120,3.671535,0.802965,0.724495,True
0.06,121,5.012992,1.204111,0.321479,True
0.06,122,2.760656,0.629769,0.863953,True
0.06,123,2.365293,0.753358,0.759671,True
0.06,124,4.558006,1.366458,0.166629,True
0.06,125,0.781862,0.291542,1.085810,True
0.06,126,5.708665,1.172921,0.181452,True
0.06,127,3.354840,1.104691,0.337614,True
0.06,128,3.240820,0.621788,0.849530,True
0.06,129,1.927503,0.570715,0.874364,True
0.06,130,2.778573,0.688955,0.722312,True
0.06,131,1.786223,0.679339,0.807451,True
0.06,132,4.143249,1.149825,0.396674,True
0.06,133,2.742270,0.715747,0.753280,True
0.06,134,1.819894,0.755125,0.813124,True
0.06,135,5.607632,1.099623,0.290915,True
0.06,136,2.267792,0.596892,0.934535,True
0.06,137,3.052151,0.787372,0.691636,True
0.06,138,3.652552,1.339888,0.154381,True
0.06,139,1.354726,0.407880,1.063515,True
0.06,140,3.146300,0.862379,0.674476,True
0.06,141,4.637305,1.200898,0.265673,True
0.06,142,2.896091,0.910631,0.663293,True
0.06,143,2.185091,0.745445,0.796077,True
0.06,144,0.814016,0.355878,1.022169,True
0.06,145,0.817889,0.222925,1.163441,True
0.06,146,4.207731,1.466212,0.000000,True
0.06,147,2.728013,0.855838,0.588573,True
0.06,148,2.413043,0.295164,1.071134,True
0.06,149,4.466459,1.443666,0.106943,True
0.06,150,4.354838,1.423427,0.000000,True
0.06,151,2.032458,0.583619,0.990707,True
0.06,152,1.790930,0.588632,0.944468,True
0.06,153,5.747443,1.321715,0.277088,True
0.06,154,1.607335,0.495296,0.826235,True
0.06,155,2.232679,0.755990,0.693826,True
0.06,156,1.521484,0.475141,1.028698,True
0.06,157,4.557117,1.055761,0.273327,True
0.06,158,2.087230,0.380384,0.982294,True
0.06,159,2.130326,0.598301,0.705515,True
0.06,160,1.707194,0.641708,0.807227,True
0.06,161,5.283874,1.221027,0.269426,True
0.06,162,2.669824,0.785388,0.769319,True
0.06,163,4.372115,0.925658,0.593830,True
0.06,164,3.594870,1.194005,0.282483,True
0.06,165,1.175215,0.357413,0.978830,True
0.06,166,5.323907,1.273036,0.310990,True
0.06,167,4.395294,1.367130,0.265760,True
0.06,168,2.523196,0.680298,0.924809,True
0.06,169,2.317924,0.770322,0.728344,True
0.06,170,4.420362,1.147915,0.269691,True
0.06,171,2.906559,0.957579,0.444329,True
0.06,172,2.300036,0.491241,0.889958,True
0.06,173,2.199110,0.508913,1.047954,True
0.06,174,2.490349,0.625542,0.968888,True
0.06,175,2.510828,0.694837,0.788978,True
0.06,176,3.500653,0.606281,0.981525,True
0.06,177,2.365543,0.755569,0.839203,True
0.06,178,3.678982,1.285072,0.360538,True
0.06,179,5.076273,1.381543,0.082383,True
0.06,180,2.534071,0.822996,0.887185,True
0.06,181,1.715834,0.677811,0.942998,True
0.06,182,6.563781,1.112041,0.462955,True
0.06,183,2.878236,0.913993,0.595234,True
0.06,184,3.570539,1.049483,0.557204,True
0.06,185,1.346168,0.376893,1.154063,True
0.06,186,3.627093,1.117020,0.440566,True
0.06,187,2.804717,0.977813,0.568834,True
0.06,188,4.118164,1.208127,0.234463,True
0.06,189,1.705943,0.374462,1.012304,True
0.06,190,2.785043,0.779372,0.707505,True
0.06,191,4.643179,1.251351,0.331058,True
0.06,192,3.372317,1.259029,0.313995,True
0.06,193,1.724170,0.448462,1.002441,True
0.06,194,1.365338,0.360219,1.136958,True
0.06,195,3.636021,1.089377,0.505291,True
0.06,196,2.786548,0.501707,0.919350,True
0.06,197,3.137685,0.976665,0.501067,True
0.06,198,3.760362,0.937978,0.687677,True
0.06,199,3.798750,0.890699,0.750520,True
0.06,200,1.737396,0.348165,1.125243,True
0.06,201,2.652133,0.701806,0.816151,True
0.06,202,2.034645,0.426319,1.057665,True
0.06,203,1.443661,0.600284,0.834629,True
0.06,204,1.579162,0.338361,1.168694,True
0.06,205,3.551193,0.891767,0.747326,True
0.06,206,2.984626,0.743741,0.687027,True
0.06,207,3.906239,0.898908,0.561567,True
0.06,208,0.904493,0.349174,0.930501,True
0.06,209,1.939078,0.486021,1.114216,True
0.06,210,1.656803,0.428048,1.067690,True
0.06,211,2.542724,0.639230,0.848794,True
0.06,212,0.715900,0.153904,1.275224,True
0.06,213,1.668522,0.392927,1.050796,True
0.06,214,1.444326,0.618037,0.850959,True
0.06,215,3.909447,1.550548,0.035291,True
0.06,216,1.244560,0.367229,1.092061,True
0.06,217,3.751255,0.907779,0.545447,True
0.06,218,4.249974,1.290953,0.194982,True
0.06,219,2.099440,0.796698,0.636234,True
0.06,220,3.572163,1.001469,0.563848,True
0.06,221,3.114535,0.686670,0.797764,True
0.06,222,3.733630,1.219266,0.162922,True
0.06,223,2.559135,0.587142,0.868535,True
0.06,224,4.712663,0.892339,0.550877,True
0.06,225,1.325805,0.291782,1.235760,True
0.06,226,2.826105,0.394605,1.169874,True
0.06,227,2.027606,0.365997,0.982195,True
0.06,228,4.080838,0.897189,0.511854,True
0.06,229,2.585127,0.687270,0.815761,True
0.06,230,1.493764,0.462810,1.120897,True
0.06,231,4.115228,1.232159,0.345858,True
0.06,232,1.890281,0.704278,0.831134,True
0.06,233,0.957365,0.300310,1.067136,True
0.06,234,1.571606,0.401518,1.074952,True
0.06,235,3.819712,1.442150,0.175551,True
0.06,236,2.373260,0.638786,0.870939,True
0.06,237,3.886525,0.625506,0.848360,True
0.06,238,1.652424,0.449529,1.133205,True
0.06,239,3.277515,0.784023,0.717434,True
0.06,240,4.036763,1.242109,0.219092,True
0.06,241,2.713434,1.013876,0.424215,True
0.06,242,3.121336,1.164189,0.457245,True
0.06,243,1.214032,0.274369,1.158506,True
0.06,244,2.594205,0.985672,0.499650,True
0.06,245,1.976502,0.298305,1.091851,True
0.06,246,1.666950,0.480426,0.919102,True
0.06,247,3.489088,0.778388,0.786365,True
0.06,248,2.872007,0.412492,0.956679,True
0.06,249,2.817679,0.779644,0.703900,True
0.06,250,1.602690,0.444035,0.896348,True
0.06,251,3.760108,0.765775,0.638022,True
0.06,252,1.381582,0.422697,1.055070,True
0.06,253,5.770351,1.569971,0.007845,True
0.06,254,2.406391,0.514972,0.920010,True
0.06,255,2.156913,0.679970,0.776609,True
0.06,256,5.088600,1.381963,0.101351,True
0.06,257,4.145192,1.222119,0.248598,True
0.06,258,4.964505,1.097214,0.425852,True
0.06,259,5.394787,1.471404,0.111034,True
0.06,260,2.716416,0.929106,0.563490,True
0.06,261,4.792359,1.333665,0.273508,True
0.06,262,2.093121,0.310004,1.135313,True
0.06,263,2.781370,0.738516,0.691410,True
0.06,264,2.723734,0.863547,0.565300,True
0.06,265,3.191697,1.021937,0.447940,True
0.06,266,2.058470,0.643905,0.898896,True
0.06,267,1.449091,0.375923,1.051051,True
0.06,268,3.702308,0.976648,0.518140,True
0.06,269,4.402998,0.913611,0.621745,True
0.06,270,3.432453,0.693711,0.813339,True
0.06,271,2.032470,0.424918,1.150909,True
0.06,272,3.860632,1.276167,0.141761,True
0.06,273,3.783766,0.869002,0.754916,True
0.06,274,1.371780,0.428107,0.990645,True
0.06,275,4.492265,0.881603,0.533703,True
0.06,276,1.862963,0.681855,0.841058,True
0.06,277,5.995284,1.306112,0.158434,True
0.06,278,3.443558,0.815826,0.683766,True
0.06,279,0.973743,0.298655,1.082305,True
0.06,280,2.886718,0.766815,0.720520,True
0.06,281,2.687180,1.040118,0.570197,True
0.06,282,2.380733,0.683925,0.746816,True
0.06,283,1.778001,0.425449,1.084656,True
0.06,284,2.319222,0.797468,0.590521,True
0.06,285,2.063034,0.690909,0.708173,True
0.06,286,2.676873,0.677717,0.826426,True
0.06,287,1.864123,0.689215,0.783072,True
0.06,288,4.956818,1.194149,0.283287,True
0.06,289,0.902809,0.326588,0.996632,True
0.06,290,1.172500,0.363098,1.117411,True
0.06,291,4.130276,1.218272,0.217113,True
0.06,292,2.870832,1.007929,0.545908,True
0.06,293,2.310373,0.599501,0.847032,True
0.06,294,2.537858,0.414110,1.101229,True
0.06,295,2.712815,0.735423,0.727952,True
0.06,296,2.687897,0.551544,0.889779,True
0.06,297,4.098685,1.298540,0.212412,True
0.06,298,1.385767,0.334163,1.043435,True
0.06,299,1.632408,0.379122,1.047280,True
0.06,300,1.598435,0.367677,1.046083,True
0.06,301,2.256986,0.601808,0.858589,True
0.06,302,1.607974,0.395343,1.070335,True
0.06,303,3.071695,0.886936,0.549295,True
0.06,304,3.140715,0.965424,0.510642,True
0.06,305,1.440247,0.630049,0.899253,True
0.06,306,3.874632,1.060593,0.435476,True
0.06,307,4.159904,1.238566,0.126319,True
0.06,308,1.264685,0.399813,1.010840,True
0.06,309,2.868995,0.514177,0.963385,True
0.06,310,1.508423,0.286009,1.139777,True
0.06,311,3.173388,1.165726,0.310172,True
0.06,312,1.452692,0.250773,1.173972,True
0.06,313,3.868078,0.492778,0.972158,True
0.06,314,2.003634,0.696880,0.659863,True
0.06,315,3.648374,1.187066,0.285367,True
0.06,316,2.512003,0.463912,1.152707,True
0.06,317,3.854046,1.320305,0.219213,True
0.06,318,3.972219,1.223392,0.316482,True
0.06,319,3.048816,1.102895,0.320930,True
0.06,320,2.634609,0.698645,0.891620,True
0.06,321,2.902173,0.837473,0.744059,True
0.06,322,1.614554,0.497075,0.930369,True
0.06,323,3.754932,1.445778,0.108700,True
0.06,324,1.878674,0.450745,1.051012,True
0.06,325,2.068491,0.638581,0.755521,True
0.06,326,3.643849,1.122975,0.393938,True
0.06,327,3.679210,1.053529,0.312289,True
0.06,328,3.309739,0.970915,0.464907,True
0.06,329,5.513513,1.074697,0.375355,True
0.06,330,3.406196,1.215711,0.247695,True
0.06,331,2.162854,0.398175,1.139550,True
0.06,332,2.919625,0.996097,0.405781,True
0.06,333,1.273674,0.258973,1.013967,True
0.06,334,3.287122,0.498824,0.938881,True
0.06,335,3.203272,1.197756,0.322591,True
0.06,336,3.899055,0.915570,0.652033,True
0.06,337,1.815292,0.365838,1.225998,True
0.06,338,2.193867,0.652162,0.724868,True
0.06,339,5.113422,1.548538,0.000000,True
0.06,340,2.840403,0.563283,0.934082,True
0.06,341,1.976617,0.510229,1.067592,True
0.06,342,0.864668,0.371170,0.969565,True
0.06,343,3.027999,0.780626,0.734746,True
0.06,344,3.305306,1.355355,0.245300,True
0.06,345,3.944624,1.119482,0.430034,True
0.06,346,3.735735,1.256906,0.263769,True
0.06,347,1.065060,0.285376,1.044064,True
0.06,348,3.350351,0.764186,0.792270,True
0.06,349,4.612757,1.412355,0.098340,True
0.06,350,1.961002,0.440074,1.025505,True
0.06,351,3.890860,1.530335,0.061481,True
0.06,352,1.583564,0.343453,1.070633,True
0.06,353,4.116301,0.785725,0.725709,True
0.06,354,3.675633,0.913504,0.609476,True
0.06,355,1.936199,0.565780,0.826786,True
0.06,356,1.068330,0.188637,1.265438,True
0.06,357,2.615521,0.881535,0.409901,True
0.06,358,1.111306,0.343472,1.092158,True
0.06,359,2.063237,0.644549,0.896404,True
0.06,360,1.756203,0.554518,0.840656,True
0.06,361,3.058121,0.753725,0.739378,True
0.06,362,3.005588,0.493959,0.912564,True
0.06,363,2.688103,0.740904,0.675228,True
0.06,364,2.257361,0.696319,0.607144,True
0.06,365,2.230190,0.402702,1.113366,True
0.06,366,2.002238,0.346972,1.279208,True
0.06,367,3.082773,0.606806,0.783798,True
0.06,368,2.269208,0.796579,0.629901,True
0.06,369,1.761680,0.511305,1.001294,True
0.06,370,4.397280,1.063459,0.386095,True
0.06,371,4.315839,1.099188,0.376385,True
0.06,372,2.331352,0.754387,0.998955,True
0.06,373,3.576916,0.959046,0.405759,True
0.06,374,4.098222,1.188962,0.308024,True
0.06,375,5.199673,1.417677,0.074448,True
0.06,376,3.969850,0.968352,0.438793,True
0.06,377,5.456340,1.438005,0.120657,True
0.06,378,3.830066,0.791132,0.708614,True
0.06,379,3.710363,0.982809,0.500831,True
0.06,380,4.531147,1.217804,0.383338,True
0.06,381,2.004451,0.513179,0.872095,True
0.06,382,2.289132,0.585209,0.890181,True
0.06,383,1.673405,0.445549,1.088036,True
0.06,384,2.491163,0.836304,0.734376,True
0.06,385,3.267723,1.173902,0.258402,True
0.06,386,3.750474,0.557958,0.930814,True
0.06,387,6.384620,0.926086,0.637400,True
0.06,388,1.377117,0.429604,0.927180,True
0.06,389,4.643002,0.800806,0.648407,True
0.06,390,1.245861,0.193946,1.151367,True
0.06,391,2.661921,0.705697,0.816897,True
0.06,392,2.211104,0.468462,1.166135,True
0.06,393,2.509837,0.672655,0.730614,True
0.06,394,1.115287,0.303527,1.064421,True
0.06,395,1.230112,0.435535,1.097925,True
0.06,396,2.290912,0.703416,0.825874,True
0.06,397,1.105335,0.392506,0.997745,True
0.06,398,3.098872,0.538091,0.860643,True
0.06,399,3.116022,0.920942,0.530916,True
0.06,400,4.688803,1.179723,0.341932,True
0.06,401,4.575855,1.193443,0.406945,True
0.06,402,2.634468,0.577444,0.814165,True
0.06,403,3.243799,0.886412,0.740265,True
0.06,404,2.134112,0.589872,0.911745,True
0.06,405,1.537327,0.547274,0.832046,True
0.06,406,2.638058,0.840914,0.712692,True
0.06,407,4.468708,1.367630,0.246175,True
0.06,408,2.998481,0.895596,0.560904,True
0.06,409,2.352100,0.420775,0.981352,True
0.06,410,3.048060,0.717192,0.802238,True
0.06,411,1.442497,0.417166,1.001886,True
0.06,412,4.609506,1.116707,0.420128,True
0.06,413,1.665930,0.472387,0.943232,True
0.06,414,3.829836,1.312997,0.175494,True
0.06,415,3.789142,0.811234,0.751687,True
0.06,416,3.446068,0.952564,0.692188,True
0.06,417,5.481881,1.125347,0.390973,True
0.06,418,2.692110,0.686558,0.773908,True
0.06,419,4.045049,0.935019,0.591051,True
0.06,420,4.818970,1.384354,0.265714,True
0.06,421,2.517151,0.707881,0.630538,True
0.06,422,4.163906,1.267282,0.278157,True
0.06,423,2.729913,0.600234,0.943633,True
0.06,424,3.035920,0.970919,0.466917,True
0.06,425,4.295509,0.600581,0.891498,True
0.06,426,2.876210,0.543315,0.956195,True
0.06,427,3.030677,0.983290,0.552065,True
0.06,428,1.938950,0.681911,0.833848,True
0.06,429,3.448363,1.225700,0.383050,True
0.06,430,3.827245,1.285435,0.337785,True
0.06,431,2.463507,0.666762,0.805854,True
0.06,432,3.205786,0.997716,0.531404,True
0.06,433,4.203250,0.957011,0.388781,True
0.06,434,4.451686,1.160031,0.386092,True
0.06,435,1.732876,0.445483,1.101681,True
0.06,436,3.742433,0.860674,0.516501,True
0.06,437,4.118140,0.952854,0.481863,True
0.06,438,1.747195,0.772788,0.653489,True
0.06,439,3.326495,0.968205,0.533217,True
0.06,440,2.207203,0.594968,0.873859,True
0.06,441,0.798126,0.387644,0.900567,True
0.06,442,2.680169,0.650966,0.891537,True
0.06,443,4.503769,1.020359,0.455629,True
0.06,444,2.778451,0.797835,0.717734,True
0.06,445,3.012985,0.702182,0.754974,True
0.06,446,2.388398,0.554117,1.047985,True
0.06,447,4.651762,1.355564,0.177209,True
0.06,448,1.710515,0.646824,0.861525,True
0.06,449,2.675391,0.605406,0.780132,True
0.06,450,1.434109,0.259772,1.253356,True
0.06,451,1.323445,0.557633,1.031189,True
0.06,452,2.678623,0.859277,0.785097,True
0.06,453,3.984795,1.212692,0.336169,True
0.06,454,2.357965,0.558231,0.952755,True
0.06,455,4.556317,1.481779,0.000000,True
0.06,456,2.029330,0.521299,0.917412,True
0.06,457,4.086752,0.808296,0.695725,True
0.06,458,1.709542,0.391232,1.117219,True
0.06,459,2.966016,0.823125,0.667399,True
0.06,460,1.568661,0.465095,0.921192,True
0.06,461,2.205204,0.989751,0.520064,True
0.06,462,1.018990,0.289019,1.111915,True
0.06,463,2.945719,0.404666,1.074866,True
0.06,464,1.901222,0.540982,0.865249,True
0.06,465,3.851956,1.010437,0.566204,True
0.06,466,2.930328,0.543550,0.718893,True
0.06,467,2.497405,0.799058,0.796150,True
0.06,468,2.837374,0.878666,0.658927,True
0.06,469,1.182014,0.394565,0.841436,True
0.06,470,1.809661,0.334238,1.076124,True
0.06,471,2.473102,0.565295,0.945350,True
0.06,472,1.847200,0.554970,0.913408,True
0.06,473,2.524339,0.613337,0.855580,True
0.06,474,3.062142,1.038999,0.322831,True
0.06,475,5.804882,1.317905,0.108189,True
0.06,476,1.992919,0.477126,0.855627,True
0.06,477,1.905984,0.567045,0.856367,True
0.06,478,1.298167,0.443891,1.050426,True
0.06,479,1.783230,0.779270,0.644606,True
0.06,480,3.590769,1.084085,0.450321,True
0.06,481,2.510242,0.799098,0.659471,True
0.06,482,2.026607,0.321021,1.049442,True
0.06,483,2.558997,0.858955,0.672032,True
0.06,484,3.656122,1.274668,0.236719,True
0.06,485,2.956140,0.789501,0.694976,True
0.06,486,4.553306,1.198875,0.151624,True
0.06,487,4.088049,1.065955,0.515813,True
0.06,488,2.578737,0.970481,0.400998,True
0.06,489,2.545577,0.787402,0.828132,True
0.06,490,4.308481,1.584895,0.000000,True
0.06,491,1.854869,0.703813,0.771294,True
0.06,492,2.976701,1.147621,0.586660,True
0.06,493,2.820126,1.106151,0.474908,True
0.06,494,1.138702,0.212415,1.065705,True
0.06,495,3.231387,0.821742,0.717970,True
0.06,496,2.726393,0.566848,0.919348,True
0.06,497,0.989903,0.287389,1.183605,True
0.06,498,4.003158,0.739484,0.657689,True
0.06,499,2.702141,0.580262,0.888618,True
0.08,0,3.279130,0.829253,0.615309,True
0.08,1,4.812679,1.166046,0.342865,True
0.08,2,3.821202,1.051726,0.559566,True
0.08,3,1.630302,0.571974,0.659934,True
0.08,4,1.615749,0.472310,1.102253,True
0.08,5,3.216697,0.967583,0.511627,True
0.08,6,1.233288,0.216670,1.293185,True
0.08,7,2.477204,0.626946,0.858940,True
0.08,8,4.186879,1.364930,0.186268,True
0.08,9,4.206344,1.057285,0.645590,True
0.08,10,3.794508,0.803965,0.581117,True
0.08,11,1.498336,0.330167,1.032024,True
0.08,12,3.002475,0.796029,0.707327,True
0.08,13,2.103963,0.358521,1.068663,True
0.08,14,2.088847,0.551867,1.171864,True
0.08,15,1.794155,0.491553,1.013268,True
0.08,16,3.083455,0.914049,0.675496,True
0.08,17,2.527790,1.130914,0.500275,True
0.08,18,2.108353,0.482237,0.968203,True
0.08,19,3.538530,1.177881,0.361863,True
0.08,20,3.428630,1.196392,0.416510,True
0.08,21,3.385737,1.173937,0.449487,True
0.08,22,1.853952,0.578274,1.039877,True
0.08,23,2.759002,0.940487,0.532689,True
0.08,24,2.434878,0.864962,0.627742,True
0.08,25,2.168380,0.512656,0.869354,True
0.08,26,1.607142,0.532262,0.926725,True
0.08,27,2.619022,0.492823,0.951410,True
0.08,28,1.600058,0.390949,0.993443,True
0.08,29,3.590811,1.446367,0.151521,True
0.08,30,1.683774,0.317833,1.158080,True
0.08,31,1.667408,0.489855,0.958683,True
0.08,32,3.481660,0.714015,0.554630,True
0.08,33,3.226648,1.149468,0.459842,True
0.08,34,2.129194,0.719933,0.807299,True
0.08,35,4.997185,1.519762,0.066199,True
0.08,36,2.047431,0.691034,0.750173,True
0.08,37,3.712405,1.178596,0.259354,True
0.08,38,3.094231,1.014944,0.644141,True
0.08,39,3.565272,0.921172,0.529038,True
0.08,40,3.631398,1.202682,0.361311,True
0.08,41,2.539215,0.863642,0.632336,True
0.08,42,1.608197,0.323201,1.039228,True
0.08,43,1.945393,0.867518,0.607884,True
0.08,44,1.896165,0.766919,0.749700,True
0.08,45,2.080303,0.606863,0.852911,True
0.08,46,4.278277,1.146118,0.436074,True
0.08,47,3.344550,1.226151,0.243910,True
0.08,48,3.062576,0.966066,0.531985,True
0.08,49,3.183483,0.830572,0.574914,True
0.08,50,2.896134,0.888551,0.527455,True
0.08,51,5.916791,0.951414,0.565380,True
0.08,52,1.575194,0.407571,0.952691,True
0.08,53,2.055339,0.611347,0.935209,True
0.08,54,3.922086,0.990602,0.534744,True
0.08,55,0.802567,0.212564,1.244735,True
0.08,56,3.179684,0.546444,0.946863,True
0.08,57,3.199828,0.966823,0.610975,True
0.08,58,3.624814,1.302917,0.160199,True
0.08,59,1.943566,0.674935,0.831979,True
0.08,60,2.949789,1.088631,0.529354,True
0.08,61,2.339079,0.628438,0.790322,True
0.08,62,1.517836,0.534099,1.011084,True
0.08,63,4.145744,0.807710,0.736604,True
0.08,64,4.496300,0.675845,0.805398,True
0.08,65,1.825420,0.848654,0.654399,True
0.08,66,2.693865,0.777813,0.829502,True
0.08,67,2.372119,0.476722,0.968761,True
0.08,68,4.554718,1.464307,0.000000,True
0.08,69,2.108404,0.496838,0.923634,True
0.08,70,2.052876,0.794746,0.653880,True
0.08,71,3.786602,1.249682,0.299716,True
0.08,72,2.253703,0.593832,0.653832,True
0.08,73,3.745974,0.918044,0.777538,True
0.08,74,3.099865,1.207222,0.391845,True
0.08,75,3.113475,0.687319,0.803162,True
0.08,76,3.646448,0.771919,0.655265,True
0.08,77,4.128601,1.317353,0.328362,True
0.08,78,1.493678,0.452714,1.047922,True
0.08,79,2.652871,0.706171,0.745275,True
0.08,80,1.911061,0.467040,1.073713,True
0.08,81,1.353984,0.219097,1.061144,True
0.08,82,5.319774,1.145440,0.502272,True
0.08,83,4.521665,1.184240,0.334767,True
0.08,84,1.463721,0.486482,1.003082,True
0.08,85,1.821711,0.498953,1.032342,True
0.08,86,1.388240,0.355551,1.070030,True
0.08,87,3.185346,1.330211,0.177977,True
0.08,88,0.894695,0.264540,1.332571,True
0.08,89,3.620313,0.937817,0.548343,True
0.08,90,2.193281,0.567241,0.933779,True
0.08,91,3.145383,0.929193,0.686842,True
0.08,92,4.043230,0.717501,0.793216,True
0.08,93,1.504777,0.414835,1.071812,True
0.08,94,3.575329,1.150595,0.455027,True
0.08,95,1.854000,0.338739,1.162915,True
0.08,96,2.177927,0.583375,0.825173,True
0.08,97,4.140072,0.740531,0.715855,True
0.08,98,2.423792,0.596959,0.849144,True
0.08,99,3.122830,0.639610,0.755344,True
0.08,100,3.176540,1.062662,0.373762,True
0.08,101,2.762163,0.785436,0.774835,True
0.08,102,1.612883,0.388348,1.086825,True
0.08,103,4.173392,0.894702,0.561970,True
0.08,104,1.028933,0.422579,0.959575,True
0.08,105,1.377299,0.327682,1.045136,True
0.08,106,1.835756,0.573598,0.738238,True
0.08,107,3.301782,0.692932,0.916049,True
0.08,108,3.118890,0.424159,0.980038,True
0.08,109,1.922232,0.446229,0.990322,True
0.08,110,2.559524,0.665557,0.728435,True
0.08,111,3.939343,1.147769,0.268504,True
0.08,112,2.597005,0.838777,0.679513,True
0.08,113,2.727610,1.070400,0.447553,True
0.08,114,2.115024,0.552756,0.825541,True
0.08,115,1.678814,0.454754,1.053263,True
0.08,116,1.796415,0.376890,1.040678,True
0.08,117,3.072985,1.158847,0.316304,True
0.08,118,2.282349,0.934673,0.499944,True
0.08,119,3.384706,0.760955,0.730790,True
0.08,120,3.363703,0.749671,0.776531,True
0.08,121,4.544384,1.098401,0.424337,True
0.08,122,2.644207,0.609157,0.883493,True
0.08,123,2.281225,0.734222,0.777646,True
0.08,124,4.096303,1.252035,0.279149,True
0.08,125,0.780649,0.291418,1.085891,True
0.08,126,5.165614,1.057894,0.293039,True
0.08,127,3.138716,1.048213,0.392294,True
0.08,128,3.062949,0.594578,0.875762,True
0.08,129,1.847467,0.556161,0.887870,True
0.08,130,2.610982,0.658447,0.751585,True
0.08,131,1.704109,0.660486,0.824505,True
0.08,132,3.761096,1.062852,0.481862,True
0.08,133,2.579997,0.685161,0.782696,True
0.08,134,1.776278,0.744220,0.823161,True
0.08,135,5.090491,0.992656,0.394360,True
0.08,136,2.208650,0.584696,0.945646,True
0.08,137,2.891543,0.755148,0.722622,True
0.08,138,3.291256,1.239426,0.253043,True
0.08,139,1.321420,0.402380,1.067935,True
0.08,140,2.899490,0.808524,0.726043,True
0.08,141,4.214224,1.101855,0.362036,True
0.08,142,2.745364,0.873023,0.698997,True
0.08,143,2.127776,0.732469,0.808311,True
0.08,144,0.812021,0.355715,1.022323,True
0.08,145,0.816143,0.222788,1.163531,True
0.08,146,4.207731,1.466212,0.000000,True
0.08,147,2.597060,0.826089,0.617177,True
0.08,148,2.251514,0.280945,1.084437,True
0.08,149,4.072098,1.329558,0.217846,True
0.08,150,4.354838,1.423427,0.000000,True
0.08,151,1.959390,0.569400,1.003701,True
0.08,152,1.762782,0.582726,0.949771,True
0.08,153,5.203269,1.191152,0.403649,True
0.08,154,1.591194,0.492282,0.828870,True
0.08,155,2.093811,0.725732,0.722624,True
0.08,156,1.501088,0.471333,1.031934,True
0.08,157,4.098925,0.967432,0.360129,True
0.08,158,1.909587,0.359743,1.001520,True
0.08,159,2.072587,0.587709,0.715486,True
0.08,160,1.684834,0.636674,0.811771,True
0.08,161,4.763929,1.108173,0.379529,True
0.08,162,2.491006,0.747571,0.805519,True
0.08,163,3.967600,0.853430,0.664532,True
0.08,164,3.288080,1.115683,0.359249,True
0.08,165,1.168939,0.356606,0.979508,True
0.08,166,4.794895,1.154860,0.426374,True
0.08,167,3.997159,1.261222,0.369291,True
0.08,168,2.440981,0.663494,0.940582,True
0.08,169,2.210766,0.745477,0.751670,True
0.08,170,4.010097,1.057049,0.358574,True
0.08,171,2.765168,0.922740,0.477901,True
0.08,172,2.235662,0.481149,0.899318,True
0.08,173,2.084136,0.491852,1.064176,True
0.08,174,2.335025,0.598825,0.994471,True
0.08,175,2.417196,0.675232,0.807351,True
0.08,176,3.197548,0.564292,1.022216,True
0.08,177,2.281184,0.736420,0.857220,True
0.08,178,3.429445,1.211920,0.431283,True
0.08,179,4.578972,1.258424,0.202692,True
0.08,180,2.365859,0.785166,0.923410,True
0.08,181,1.670658,0.667760,0.952264,True
0.08,182,5.996776,0.986542,0.583407,True
0.08,183,2.633048,0.860689,0.647477,True
0.08,184,3.299629,0.986784,0.618380,True
0.08,185,1.303200,0.371224,1.158966,True
0.08,186,3.312700,1.041060,0.514748,True
0.08,187,2.518927,0.905929,0.637827,True
0.08,188,3.719736,1.109158,0.330751,True
0.08,189,1.682006,0.371082,1.015267,True
0.08,190,2.647699,0.751008,0.734744,True
0.08,191,4.176632,1.146069,0.434503,True
0.08,192,3.058070,1.170916,0.400124,True
0.08,193,1.637792,0.434665,1.014606,True
0.08,194,1.346520,0.357580,1.139151,True
0.08,195,3.345355,1.019529,0.573273,True
0.08,196,2.651899,0.483958,0.936429,True
0.08,197,2.949079,0.931376,0.544824,True
0.08,198,3.394550,0.863917,0.759649,True
0.08,199,3.484700,0.831411,0.808421,True
0.08,200,1.718240,0.345587,1.127493,True
0.08,201,2.487116,0.670011,0.846454,True
0.08,202,1.893624,0.407828,1.074922,True
0.08,203,1.404023,0.591705,0.842058,True
0.08,204,1.562288,0.336306,1.170522,True
0.08,205,3.338772,0.844831,0.792205,True
0.08,206,2.778460,0.705921,0.723682,True
0.08,207,3.540844,0.831643,0.627440,True
0.08,208,0.902853,0.348962,0.930651,True
0.08,209,1.899821,0.479591,1.120108,True
0.08,210,1.637810,0.425085,1.070318,True
0.08,211,2.451616,0.620688,0.865935,True
0.08,212,0.715345,0.153860,1.275243,True
0.08,213,1.643122,0.389066,1.054138,True
0.08,214,1.431771,0.615226,0.853427,True
0.08,215,3.554680,1.439377,0.144388,True
0.08,216,1.215754,0.363246,1.095302,True
0.08,217,3.405325,0.842331,0.609600,True
0.08,218,3.835276,1.181972,0.300862,True
0.08,219,1.966481,0.762219,0.667774,True
0.08,220,3.279827,0.937788,0.626136,True
0.08,221,2.934999,0.654988,0.828106,True
0.08,222,3.409147,1.135201,0.245091,True
0.08,223,2.387400,0.559287,0.895094,True
0.08,224,4.241533,0.816513,0.625309,True
0.08,225,1.311581,0.290261,1.237068,True
0.08,226,2.529764,0.361300,1.200953,True
0.08,227,1.988481,0.361031,0.986706,True
0.08,228,3.745507,0.834841,0.572595,True
0.08,229,2.407512,0.655327,0.846674,True
0.08,230,1.480185,0.460160,1.123091,True
0.08,231,3.802452,1.149648,0.425788,True
0.08,232,1.862162,0.697599,0.837252,True
0.08,233,0.955464,0.300106,1.067292,True
0.08,234,1.544415,0.397224,1.078602,True
0.08,235,3.530816,1.352130,0.263163,True
0.08,236,2.300732,0.624628,0.884208,True
0.08,237,3.545179,0.581477,0.891461,True
0.08,238,1.567101,0.435353,1.145437,True
0.08,239,2.935477,0.720227,0.778905,True
0.08,240,3.714699,1.157911,0.301000,True
0.08,241,2.583019,0.979145,0.457714,True
0.08,242,2.874816,1.097179,0.522684,True
0.08,243,1.183401,0.270649,1.161229,True
0.08,244,2.449741,0.947769,0.536201,True
0.08,245,1.892822,0.290315,1.099248,True
0.08,246,1.634628,0.474722,0.924123,True
0.08,247,3.174843,0.725730,0.838059,True
0.08,248,2.689992,0.393089,0.975342,True
0.08,249,2.690308,0.752239,0.729955,True
0.08,250,1.537482,0.432904,0.905789,True
0.08,251,3.417812,0.711587,0.691218,True
0.08,252,1.368559,0.420676,1.056820,True
0.08,253,5.216014,1.415808,0.157565,True
0.08,254,2.279986,0.494742,0.938772,True
0.08,255,2.090792,0.665169,0.790217,True
0.08,256,4.579672,1.255481,0.224765,True
0.08,257,3.786077,1.133138,0.335458,True
0.08,258,4.483348,1.001128,0.519720,True
0.08,259,4.873836,1.333500,0.245238,True
0.08,260,2.605914,0.900916,0.590401,True
0.08,261,4.328813,1.220292,0.384433,True
0.08,262,2.043367,0.303773,1.140734,True
0.08,263,2.631942,0.707377,0.720828,True
0.08,264,2.524672,0.819172,0.608151,True
0.08,265,2.939565,0.962961,0.505666,True
0.08,266,1.997871,0.631695,0.910318,True
0.08,267,1.433657,0.373722,1.052940,True
0.08,268,3.443809,0.919824,0.573206,True
0.08,269,4.015278,0.843887,0.689761,True
0.08,270,3.167041,0.650040,0.855444,True
0.08,271,1.935193,0.412436,1.162699,True
0.08,272,3.519478,1.186451,0.229597,True
0.08,273,3.413247,0.801285,0.821053,True
0.08,274,1.361522,0.426258,0.992150,True
0.08,275,4.048524,0.808900,0.605095,True
0.08,276,1.811477,0.669755,0.852015,True
0.08,277,5.436205,1.172165,0.287959,True
0.08,278,3.213597,0.772525,0.725791,True
0.08,279,0.969618,0.298211,1.082640,True
0.08,280,2.671413,0.723776,0.761736,True
0.08,281,2.586318,1.010774,0.598125,True
0.08,282,2.208248,0.647936,0.780251,True
0.08,283,1.742385,0.419145,1.090002,True
0.08,284,2.253629,0.781190,0.605725,True
0.08,285,1.950214,0.668025,0.729962,True
0.08,286,2.455671,0.632845,0.868044,True
0.08,287,1.815779,0.678133,0.793244,True
0.08,288,4.499165,1.090398,0.384147,True
0.08,289,0.900306,0.326267,0.996850,True
0.08,290,1.163283,0.361764,1.118455,True
0.08,291,3.756771,1.127780,0.305697,True
0.08,292,2.608025,0.936518,0.613603,True
0.08,293,2.204267,0.580195,0.865119,True
0.08,294,2.449848,0.402827,1.111734,True
0.08,295,2.507167,0.696634,0.765495,True
0.08,296,2.588416,0.536046,0.904498,True
0.08,297,3.716265,1.197160,0.311232,True
0.08,298,1.354370,0.330650,1.046593,True
0.08,299,1.612142,0.376191,1.049836,True
0.08,300,1.558469,0.362921,1.050489,True
0.08,301,2.109666,0.577007,0.882402,True
0.08,302,1.588979,0.392368,1.072884,True
0.08,303,2.914663,0.848176,0.585862,True
0.08,304,2.896781,0.905379,0.568049,True
0.08,305,1.429227,0.627515,0.901469,True
0.08,306,3.487956,0.979936,0.515033,True
0.08,307,3.783199,1.146554,0.216480,True
0.08,308,1.251956,0.397885,1.012437,True
0.08,309,2.659452,0.484853,0.991193,True
0.08,310,1.493953,0.284333,1.141187,True
0.08,311,2.901429,1.092575,0.381604,True
0.08,312,1.443849,0.249878,1.174726,True
0.08,313,3.555435,0.459992,1.004105,True
0.08,314,1.957411,0.686499,0.669496,True
0.08,315,3.308985,1.097285,0.372420,True
0.08,316,2.291558,0.434634,1.180272,True
0.08,317,3.515981,1.227340,0.310146,True
0.08,318,3.575771,1.122985,0.414326,True
0.08,319,2.784787,1.028917,0.391813,True
0.08,320,2.545033,0.680657,0.908651,True
0.08,321,2.671692,0.787698,0.791828,True
0.08,322,1.598817,0.493854,0.933095,True
0.08,323,3.421519,1.342924,0.209044,True
0.08,324,1.854219,0.446612,1.054678,True
0.08,325,1.896613,0.600333,0.789483,True
0.08,326,3.359687,1.053481,0.461748,True
0.08,327,3.416677,0.992164,0.371934,True
0.08,328,3.069373,0.917159,0.517279,True
0.08,329,4.968894,0.972456,0.475038,True
0.08,330,3.206985,1.156200,0.304846,True
0.08,331,1.978860,0.372427,1.162355,True
0.08,332,2.739278,0.951539,0.449031,True
0.08,333,1.229833,0.254260,1.017590,True
0.08,334,3.095751,0.475156,0.961628,True
0.08,335,2.970591,1.131415,0.386956,True
0.08,336,3.550062,0.850110,0.716177,True
0.08,337,1.736691,0.354349,1.235745,True
0.08,338,2.035096,0.619549,0.754946,True
0.08,339,4.658826,1.415369,0.129286,True
0.08,340,2.661485,0.537160,0.959217,True
0.08,341,1.934209,0.502876,1.074307,True
0.08,342,0.862839,0.370947,0.969733,True
0.08,343,2.848188,0.743891,0.769844,True
0.08,344,3.092328,1.286394,0.312012,True
0.08,345,3.574630,1.036060,0.511871,True
0.08,346,3.377298,1.164293,0.354811,True
0.08,347,1.061403,0.284916,1.044393,True
0.08,348,3.087735,0.716984,0.837959,True
0.08,349,4.169691,1.296941,0.211506,True
0.08,350,1.882011,0.428741,1.035931,True
0.08,351,3.501333,1.406877,0.182023,True
0.08,352,1.566194,0.341224,1.072581,True
0.08,353,3.704318,0.723272,0.787184,True
0.08,354,3.393798,0.857517,0.664079,True
0.08,355,1.897389,0.558250,0.833640,True
0.08,356,1.066464,0.188493,1.265548,True
0.08,357,2.473146,0.846290,0.443365,True
0.08,358,1.104557,0.342658,1.092840,True
0.08,359,1.965633,0.625570,0.914321,True
0.08,360,1.696415,0.543490,0.850731,True
0.08,361,2.911828,0.722646,0.768651,True
0.08,362,2.736878,0.460279,0.944871,True
0.08,363,2.465764,0.697055,0.717208,True
0.08,364,2.131990,0.670164,0.631723,True
0.08,365,2.066588,0.381303,1.132886,True
0.08,366,1.951158,0.341106,1.284603,True
0.08,367,2.866834,0.574481,0.815014,True
0.08,368,2.146226,0.767479,0.657329,True
0.08,369,1.745721,0.508271,1.003985,True
0.08,370,3.968902,0.977368,0.470606,True
0.08,371,3.985236,1.019350,0.453194,True
0.08,372,2.174092,0.721288,1.030662,True
0.08,373,3.250041,0.892583,0.471029,True
0.08,374,3.675133,1.089754,0.405191,True
0.08,375,4.698769,1.289263,0.199596,True
0.08,376,3.638905,0.902195,0.503439,True
0.08,377,4.919777,1.303815,0.251598,True
0.08,378,3.509367,0.736426,0.761795,True
0.08,379,3.337682,0.907528,0.574809,True
0.08,380,4.115839,1.121242,0.477718,True
0.08,381,1.870657,0.491929,0.891893,True
0.08,382,2.149682,0.557481,0.915190,True
0.08,383,1.589845,0.430946,1.100344,True
0.08,384,2.286915,0.786972,0.780780,True
0.08,385,2.971452,1.090251,0.339053,True
0.08,386,3.452515,0.522399,0.965539,True
0.08,387,5.808682,0.825045,0.734722,True
0.08,388,1.336247,0.423399,0.932558,True
0.08,389,4.245649,0.738265,0.709190,True
0.08,390,1.238151,0.193351,1.151852,True
0.08,391,2.524663,0.679361,0.842099,True
0.08,392,2.131247,0.457186,1.176767,True
0.08,393,2.282296,0.631764,0.769920,True
0.08,394,1.109771,0.302844,1.064947,True
0.08,395,1.226007,0.434650,1.098573,True
0.08,396,2.178452,0.679869,0.848060,True
0.08,397,1.100592,0.391767,0.998323,True
0.08,398,2.878877,0.507064,0.890178,True
0.08,399,2.886099,0.869705,0.580554,True
0.08,400,4.231830,1.080150,0.439462,True
0.08,401,4.170843,1.099803,0.498232,True
0.08,402,2.420322,0.544196,0.845971,True
0.08,403,2.973090,0.832124,0.793418,True
0.08,404,2.078579,0.578827,0.921838,True
0.08,405,1.497645,0.538857,0.839180,True
0.08,406,2.497973,0.809602,0.742862,True
0.08,407,4.028227,1.255177,0.356591,True
0.08,408,2.742440,0.840219,0.614725,True
0.08,409,2.286688,0.411373,0.989922,True
0.08,410,2.780053,0.669734,0.848008,True
0.08,411,1.433877,0.415676,1.003126,True
0.08,412,4.145011,1.022368,0.512845,True
0.08,413,1.628127,0.466536,0.948630,True
0.08,414,3.454920,1.210199,0.275881,True
0.08,415,3.492926,0.759117,0.802397,True
0.08,416,3.226207,0.903287,0.739841,True
0.08,417,4.988313,1.020475,0.492452,True
0.08,418,2.546977,0.658694,0.800346,True
0.08,419,3.645313,0.862177,0.662724,True
0.08,420,4.346789,1.265186,0.382392,True
0.08,421,2.347818,0.673321,0.663130,True
0.08,422,3.739872,1.160927,0.382129,True
0.08,423,2.623685,0.581409,0.961302,True
0.08,424,2.833660,0.922154,0.514027,True
0.08,425,3.938979,0.555994,0.934728,True
0.08,426,2.756536,0.524264,0.974080,True
0.08,427,2.830975,0.935524,0.598449,True
0.08,428,1.884048,0.669499,0.845244,True
0.08,429,3.204116,1.157835,0.449139,True
0.08,430,3.460820,1.189879,0.431706,True
0.08,431,2.313142,0.638779,0.832566,True
0.08,432,2.930876,0.935402,0.592421,True
0.08,433,3.854305,0.888443,0.455504,True
0.08,434,4.014356,1.065227,0.479161,True
0.08,435,1.700490,0.440674,1.106093,True
0.08,436,3.415610,0.801530,0.574404,True
0.08,437,3.803755,0.887016,0.545376,True
0.08,438,1.676180,0.754561,0.670111,True
0.08,439,3.072511,0.912695,0.587485,True
0.08,440,2.144131,0.582474,0.885314,True
0.08,441,0.797100,0.387516,0.900658,True
0.08,442,2.519012,0.622909,0.918462,True
0.08,443,4.042959,0.932555,0.541647,True
0.08,444,2.603372,0.760906,0.753159,True
0.08,445,2.785833,0.663164,0.792796,True
0.08,446,2.324783,0.543249,1.058147,True
0.08,447,4.219764,1.244018,0.286073,True
0.08,448,1.633223,0.630059,0.876714,True
0.08,449,2.581135,0.589133,0.795554,True
0.08,450,1.414266,0.257752,1.255049,True
0.08,451,1.306014,0.554354,1.034123,True
0.08,452,2.514942,0.819197,0.822903,True
0.08,453,3.617674,1.123628,0.423595,True
0.08,454,2.138846,0.519845,0.987977,True
0.08,455,4.329128,1.418235,0.062234,True
0.08,456,1.944050,0.506249,0.931066,True
0.08,457,3.677862,0.743527,0.759310,True
0.08,458,1.681737,0.386653,1.121078,True
0.08,459,2.814778,0.790451,0.698683,True
0.08,460,1.554466,0.462346,0.923498,True
0.08,461,2.011808,0.925015,0.578167,True
0.08,462,1.014351,0.288522,1.112299,True
0.08,463,2.810078,0.388032,1.090332,True
0.08,464,1.828559,0.528193,0.877039,True
0.08,465,3.522749,0.940874,0.634206,True
0.08,466,2.809221,0.522413,0.738352,True
0.08,467,2.403647,0.776911,0.817015,True
0.08,468,2.669256,0.841159,0.695233,True
0.08,469,1.177420,0.393907,0.841990,True
0.08,470,1.615038,0.311041,1.096269,True
0.08,471,2.309904,0.539412,0.969988,True
0.08,472,1.774790,0.542378,0.925196,True
0.08,473,2.321587,0.579554,0.887919,True
0.08,474,2.834839,0.981847,0.378292,True
0.08,475,5.244905,1.187186,0.235133,True
0.08,476,1.921404,0.466595,0.865530,True
0.08,477,1.850546,0.556931,0.865752,True
0.08,478,1.289060,0.442175,1.051794,True
0.08,479,1.744323,0.768862,0.654058,True
0.08,480,3.256802,1.008738,0.524514,True
0.08,481,2.245128,0.735854,0.718070,True
0.08,482,1.859038,0.300269,1.067207,True
0.08,483,2.322416,0.801040,0.726535,True
0.08,484,3.380176,1.195654,0.313349,True
0.08,485,2.820347,0.761953,0.721504,True
0.08,486,4.098963,1.098317,0.250343,True
0.08,487,3.716168,0.986528,0.593559,True
0.08,488,2.448503,0.933932,0.435481,True
0.08,489,2.334642,0.741557,0.871770,True
0.08,490,4.308481,1.584895,0.000000,True
0.08,491,1.785432,0.688061,0.785868,True
0.08,492,2.685965,1.061232,0.669052,True
0.08,493,2.697663,1.069250,0.510101,True
0.08,494,1.125157,0.210792,1.066722,True
0.08,495,2.931350,0.766065,0.772483,True
0.08,496,2.613494,0.548667,0.936558,True
0.08,497,0.978592,0.286177,1.184490,True
0.08,498,3.664305,0.687904,0.708069,True
0.08,499,2.529147,0.552990,0.914641,True
0.10,0,3.096653,0.792890,0.650476,True
0.10,1,4.460457,1.081618,0.424291,True
0.10,2,3.537047,0.988724,0.621108,True
0.10,3,1.603689,0.566725,0.664684,True
0.10,4,1.595182,0.468619,1.105465,True
0.10,5,3.055901,0.927912,0.549605,True
0.10,6,1.215244,0.215015,1.294450,True
0.10,7,2.308753,0.597769,0.886771,True
0.10,8,3.877241,1.278126,0.270733,True
0.10,9,3.894362,0.989589,0.711449,True
0.10,10,3.573485,0.760766,0.622367,True
0.10,11,1.482544,0.327961,1.033842,True
0.10,12,2.810519,0.759691,0.742792,True
0.10,13,2.030372,0.349633,1.076748,True
0.10,14,2.013843,0.538627,1.184117,True
0.10,15,1.770949,0.487639,1.016831,True
0.10,16,2.884296,0.870770,0.717657,True
0.10,17,2.392120,1.089409,0.540180,True
0.10,18,2.049929,0.473279,0.976532,True
0.10,19,3.323425,1.119589,0.418327,True
0.10,20,3.255395,1.142837,0.467449,True
0.10,21,3.141248,1.110981,0.511219,True
0.10,22,1.819337,0.571487,1.046074,True
0.10,23,2.643618,0.911678,0.560372,True
0.10,24,2.339303,0.840509,0.650773,True
0.10,25,2.112549,0.504020,0.877519,True
0.10,26,1.568011,0.524773,0.933331,True
0.10,27,2.476402,0.472449,0.970560,True
0.10,28,1.576553,0.387561,0.996422,True
0.10,29,3.332943,1.366592,0.229646,True
0.10,30,1.595583,0.308123,1.166699,True
0.10,31,1.603682,0.479929,0.967901,True
0.10,32,3.241173,0.675769,0.591928,True
0.10,33,3.002291,1.090126,0.517720,True
0.10,34,2.079463,0.708765,0.817759,True
0.10,35,4.640889,1.405453,0.175950,True
0.10,36,1.980317,0.676370,0.763820,True
0.10,37,3.430137,1.108321,0.328127,True
0.10,38,2.914332,0.969210,0.688156,True
0.10,39,3.334302,0.873355,0.575489,True
0.10,40,3.423102,1.142457,0.419089,True
0.10,41,2.435400,0.838852,0.656062,True
0.10,42,1.591015,0.321128,1.041050,True
0.10,43,1.888738,0.851456,0.622688,True
0.10,44,1.838190,0.752653,0.762939,True
0.10,45,1.959630,0.584384,0.873875,True
0.10,46,3.962982,1.072150,0.507953,True
0.10,47,3.167877,1.172529,0.295394,True
0.10,48,2.929188,0.931282,0.565034,True
0.10,49,2.949643,0.785828,0.618558,True
0.10,50,2.729627,0.851368,0.563426,True
0.10,51,5.577262,0.862051,0.649519,True
0.10,52,1.564066,0.405852,0.954190,True
0.10,53,2.012455,0.601898,0.943689,True
0.10,54,3.646580,0.931405,0.592136,True
0.10,55,0.800791,0.212456,1.244817,True
0.10,56,3.015353,0.523993,0.968457,True
0.10,57,2.980034,0.918493,0.658286,True
0.10,58,3.351959,1.226753,0.234621,True
0.10,59,1.875044,0.659914,0.845823,True
0.10,60,2.743218,1.033567,0.582736,True
0.10,61,2.212139,0.605370,0.812170,True
0.10,62,1.503364,0.531321,1.013547,True
0.10,63,3.853844,0.757671,0.785088,True
0.10,64,4.167206,0.630139,0.849646,True
0.10,65,1.755532,0.829383,0.672148,True
0.10,66,2.554987,0.749584,0.856761,True
0.10,67,2.304956,0.467390,0.977621,True
0.10,68,4.428818,1.422837,0.039736,True
0.10,69,2.064134,0.489558,0.930342,True
0.10,70,2.007392,0.782832,0.664850,True
0.10,71,3.542787,1.180436,0.366554,True
0.10,72,2.181414,0.579670,0.666819,True
0.10,73,3.518547,0.868487,0.825067,True
0.10,74,2.868425,1.142878,0.454790,True
0.10,75,2.877249,0.649593,0.839951,True
0.10,76,3.429333,0.732591,0.693132,True
0.10,77,3.812374,1.231942,0.411468,True
0.10,78,1.482645,0.450775,1.049584,True
0.10,79,2.452991,0.669040,0.780907,True
0.10,80,1.874100,0.461332,1.078972,True
0.10,81,1.339375,0.217877,1.062173,True
0.10,82,4.952418,1.054058,0.589646,True
0.10,83,4.213490,1.104639,0.411235,True
0.10,84,1.453374,0.484270,1.004881,True
0.10,85,1.789880,0.493553,1.037263,True
0.10,86,1.367840,0.352733,1.072379,True
0.10,87,3.014019,1.273898,0.232249,True
0.10,88,0.893270,0.264370,1.332678,True
0.10,89,3.381274,0.887285,0.597363,True
0.10,90,2.075960,0.548434,0.951831,True
0.10,91,2.993801,0.892814,0.721640,True
0.10,92,3.780436,0.674647,0.834396,True
0.10,93,1.483632,0.411618,1.074619,True
0.10,94,3.300395,1.083348,0.520942,True
0.10,95,1.819624,0.334733,1.166553,True
0.10,96,2.095882,0.569266,0.838571,True
0.10,97,3.837793,0.694007,0.761087,True
0.10,98,2.334045,0.580866,0.864248,True
0.10,99,2.908556,0.606878,0.787124,True
0.10,100,2.989342,1.014759,0.420163,True
0.10,101,2.660164,0.762876,0.796223,True
0.10,102,1.595824,0.385721,1.089076,True
0.10,103,3.858099,0.837299,0.617889,True
0.10,104,1.022807,0.421679,0.960297,True
0.10,105,1.370453,0.326633,1.045960,True
0.10,106,1.710836,0.549867,0.759688,True
0.10,107,3.125448,0.663181,0.944737,True
0.10,108,2.928594,0.405018,0.998659,True
0.10,109,1.801755,0.427240,1.007111,True
0.10,110,2.436326,0.643726,0.749516,True
0.10,111,3.681869,1.082812,0.331356,True
0.10,112,2.513806,0.817843,0.699135,True
0.10,113,2.608070,1.035835,0.480638,True
0.10,114,2.046014,0.539642,0.837406,True
0.10,115,1.662371,0.451829,1.055801,True
0.10,116,1.770585,0.373342,1.043844,True
0.10,117,2.858178,1.100099,0.373609,True
0.10,118,2.224416,0.917528,0.515892,True
0.10,119,3.176888,0.724174,0.766481,True
0.10,120,3.146336,0.711855,0.813239,True
0.10,121,4.224389,1.023381,0.496577,True
0.10,122,2.551129,0.592604,0.899087,True
0.10,123,2.213489,0.718772,0.792074,True
0.10,124,3.784684,1.173177,0.356112,True
0.10,125,0.779468,0.291297,1.085969,True
0.10,126,4.806899,0.975491,0.371874,True
0.10,127,2.976779,1.005662,0.433243,True
0.10,128,2.924087,0.573231,0.896226,True
0.10,129,1.785380,0.545005,0.898185,True
0.10,130,2.488535,0.636087,0.772892,True
0.10,131,1.641405,0.646333,0.837241,True
0.10,132,3.496714,1.001949,0.541113,True
0.10,133,2.457455,0.662174,0.804704,True
0.10,134,1.739561,0.735078,0.831545,True
0.10,135,4.746939,0.915576,0.467851,True
0.10,136,2.159185,0.574360,0.954978,True
0.10,137,2.765655,0.729823,0.746842,True
0.10,138,3.045045,1.170892,0.319996,True
0.10,139,1.293722,0.397870,1.071537,True
0.10,140,2.722581,0.769931,0.762700,True
0.10,141,3.923725,1.031769,0.429562,True
0.10,142,2.630821,0.844224,0.726127,True
0.10,143,2.078093,0.721266,0.818844,True
0.10,144,0.810100,0.355560,1.022471,True
0.10,145,0.814444,0.222655,1.163619,True
0.10,146,4.207731,1.466212,0.000000,True
0.10,147,2.491475,0.802208,0.640056,True
0.10,148,2.133944,0.270703,1.093944,True
0.10,149,3.798679,1.248379,0.296011,True
0.10,150,4.116939,1.351910,0.069159,True
0.10,151,1.899852,0.557895,1.014155,True
0.10,152,1.737897,0.577500,0.954443,True
0.10,153,4.844594,1.097423,0.493222,True
0.10,154,1.576362,0.489511,0.831283,True
0.10,155,1.993500,0.704156,0.743073,True
0.10,156,1.482836,0.467930,1.034812,True
0.10,157,3.788732,0.906448,0.419616,True
0.10,158,1.788555,0.346079,1.014174,True
0.10,159,2.023385,0.578718,0.723925,True
0.10,160,1.664658,0.632136,0.815855,True
0.10,161,4.414931,1.028787,0.456139,True
0.10,162,2.359033,0.719886,0.831881,True
0.10,163,3.687070,0.802532,0.713996,True
0.10,164,3.070612,1.060162,0.413425,True
0.10,165,1.163001,0.355845,0.980147,True
0.10,166,4.441705,1.071870,0.506499,True
0.10,167,3.718806,1.186016,0.442281,True
0.10,168,2.372827,0.649503,0.953637,True
0.10,169,2.126754,0.726120,0.769747,True
0.10,170,3.726022,0.993077,0.420690,True
0.10,171,2.650789,0.894599,0.504910,True
0.10,172,2.181595,0.472645,0.907159,True
0.10,173,1.997671,0.479157,1.076202,True
0.10,174,2.220908,0.579382,1.013008,True
0.10,175,2.342263,0.659451,0.822039,True
0.10,176,2.983211,0.534582,1.050815,True
0.10,177,2.211983,0.720735,0.871906,True
0.10,178,3.247170,1.157460,0.483501,True
0.10,179,4.243931,1.172091,0.286201,True
0.10,180,2.242268,0.757696,0.949604,True
0.10,181,1.633409,0.659542,0.959822,True
0.10,182,5.665115,0.890955,0.673199,True
0.10,183,2.463116,0.824135,0.683209,True
0.10,184,3.098253,0.940168,0.663654,True
0.10,185,1.270327,0.366986,1.162627,True
0.10,186,3.090662,0.987340,0.566925,True
0.10,187,2.324637,0.857739,0.683736,True
0.10,188,3.446120,1.040377,0.397112,True
0.10,189,1.660457,0.368042,1.017921,True
0.10,190,2.541140,0.728957,0.755806,True
0.10,191,3.862377,1.073304,0.505409,True
0.10,192,2.839889,1.110076,0.459326,True
0.10,193,1.573412,0.424560,1.023440,True
0.10,194,1.329735,0.355243,1.141086,True
0.10,195,3.138165,0.969428,0.621726,True
0.10,196,2.542028,0.469537,0.950254,True
0.10,197,2.805605,0.896854,0.577999,True
0.10,198,3.144548,0.812912,0.808805,True
0.10,199,3.258802,0.788585,0.850013,True
0.10,200,1.700749,0.343226,1.129544,True
0.10,201,2.364066,0.646440,0.868787,True
0.10,202,1.794446,0.395099,1.086740,True
0.10,203,1.371668,0.584818,0.848005,True
0.10,204,1.546849,0.334429,1.172188,True
0.10,205,3.180244,0.809065,0.826083,True
0.10,206,2.623738,0.677736,0.750893,True
0.10,207,3.286114,0.784615,0.673245,True
0.10,208,0.901250,0.348756,0.930798,True
0.10,209,1.865842,0.474024,1.125186,True
0.10,210,1.620417,0.422376,1.072715,True
0.10,211,2.378805,0.605686,0.879679,True
0.10,212,0.714799,0.153816,1.275262,True
0.10,213,1.620900,0.385676,1.057053,True
0.10,214,1.420140,0.612629,0.855702,True
0.10,215,3.310083,1.361968,0.219881,True
0.10,216,1.192134,0.360043,1.097904,True
0.10,217,3.163708,0.796597,0.654210,True
0.10,218,3.552123,1.106209,0.373773,True
0.10,219,1.869732,0.737460,0.690211,True
0.10,220,3.064163,0.890954,0.671765,True
0.10,221,2.799852,0.630891,0.851000,True
0.10,222,3.180380,1.075747,0.302884,True
0.10,223,2.262231,0.539181,0.914162,True
0.10,224,3.923462,0.763984,0.676447,True
0.10,225,1.298874,0.288903,1.238230,True
0.10,226,2.328013,0.338830,1.221605,True
0.10,227,1.954296,0.356679,0.990639,True
0.10,228,3.506045,0.789725,0.616234,True
0.10,229,2.279424,0.632540,0.868655,True
0.10,230,1.467698,0.457715,1.125104,True
0.10,231,3.578629,1.089127,0.483876,True
0.10,232,1.836630,0.691549,0.842782,True
0.10,233,0.953607,0.299907,1.067443,True
0.10,234,1.520405,0.393452,1.081794,True
0.10,235,3.319402,1.285693,0.327417,True
0.10,236,2.240051,0.612768,0.895267,True
0.10,237,3.303285,0.550148,0.921965,True
0.10,238,1.503208,0.424981,1.154307,True
0.10,239,2.702831,0.677109,0.820101,True
0.10,240,3.483158,1.096562,0.360247,True
0.10,241,2.476034,0.950824,0.484951,True
0.10,242,2.698119,1.049442,0.569133,True
0.10,243,1.158439,0.267658,1.163394,True
0.10,244,2.340558,0.919287,0.563562,True
0.10,245,1.827429,0.284144,1.104936,True
0.10,246,1.606571,0.469791,0.928443,True
0.10,247,2.955240,0.689069,0.873914,True
0.10,248,2.554297,0.378662,0.989144,True
0.10,249,2.589775,0.730489,0.750499,True
0.10,250,1.486506,0.424347,0.912980,True
0.10,251,3.177916,0.673593,0.728350,True
0.10,252,1.356702,0.418838,1.058408,True
0.10,253,4.855773,1.305401,0.263183,True
0.10,254,2.183136,0.479281,0.952986,True
0.10,255,2.036636,0.653022,0.801311,True
0.10,256,4.240844,1.167088,0.310017,True
0.10,257,3.532947,1.069612,0.397036,True
0.10,258,4.157481,0.933706,0.584946,True
0.10,259,4.524606,1.235789,0.339209,True
0.10,260,2.515643,0.877874,0.612296,True
0.10,261,4.014272,1.140997,0.461314,True
0.10,262,2.002194,0.298510,1.145256,True
0.10,263,2.520473,0.683956,0.742761,True
0.10,264,2.383290,0.787890,0.638216,True
0.10,265,2.759060,0.920933,0.546656,True
0.10,266,1.947027,0.621510,0.919815,True
0.10,267,1.419515,0.371713,1.054660,True
0.10,268,3.252148,0.877275,0.614158,True
0.10,269,3.744654,0.794168,0.737862,True
0.10,270,2.975898,0.618447,0.885674,True
0.10,271,1.863806,0.403317,1.171261,True
0.10,272,3.284234,1.123774,0.290526,True
0.10,273,3.158342,0.754619,0.866349,True
0.10,274,1.352000,0.424537,0.993543,True
0.10,275,3.744975,0.758443,0.654312,True
0.10,276,1.769756,0.659940,0.860843,True
0.10,277,5.074525,1.074920,0.380501,True
0.10,278,3.042152,0.740053,0.757119,True
0.10,279,0.965679,0.297789,1.082958,True
0.10,280,2.515690,0.692818,0.791186,True
0.10,281,2.503361,0.986574,0.621042,True
0.10,282,2.085111,0.622490,0.803658,True
0.10,283,1.711706,0.413691,1.094587,True
0.10,284,2.198458,0.767465,0.618478,True
0.10,285,1.867745,0.651542,0.745616,True
0.10,286,2.299541,0.601351,0.896876,True
0.10,287,1.775204,0.668882,0.801704,True
0.10,288,4.186030,1.016630,0.455109,True
0.10,289,0.897888,0.325957,0.997060,True
0.10,290,1.154707,0.360530,1.119419,True
0.10,291,3.496571,1.063972,0.367737,True
0.10,292,2.425011,0.887198,0.659899,True
0.10,293,2.121612,0.565224,0.879060,True
0.10,294,2.378562,0.393611,1.120250,True
0.10,295,2.359725,0.669150,0.792002,True
0.10,296,2.506842,0.523282,0.916553,True
0.10,297,3.451845,1.126177,0.379880,True
0.10,298,1.328648,0.327813,1.049142,True
0.10,299,1.593953,0.373553,1.052125,True
0.10,300,1.525597,0.359051,1.054070,True
0.10,301,2.005230,0.559678,0.898991,True
0.10,302,1.571869,0.389681,1.075175,True
0.10,303,2.795081,0.818217,0.613862,True
0.10,304,2.721742,0.862267,0.608922,True
0.10,305,1.418912,0.625149,0.903535,True
0.10,306,3.224689,0.924853,0.569114,True
0.10,307,3.521982,1.081868,0.279433,True
0.10,308,1.240279,0.396129,1.013889,True
0.10,309,2.508171,0.463713,1.011064,True
0.10,310,1.480744,0.282800,1.142472,True
0.10,311,2.712061,1.041873,0.430892,True
0.10,312,1.435483,0.249030,1.175438,True
0.10,313,3.331152,0.436267,1.027072,True
0.10,314,1.917434,0.677552,0.677772,True
0.10,315,3.072958,1.034701,0.432654,True
0.10,316,2.139015,0.414676,1.198897,True
0.10,317,3.276472,1.161247,0.374444,True
0.10,318,3.305149,1.053886,0.481137,True
0.10,319,2.598695,0.977066,0.441111,True
0.10,320,2.470157,0.665581,0.922853,True
0.10,321,2.507624,0.752466,0.825412,True
0.10,322,1.584418,0.490895,0.935587,True
0.10,323,3.186728,1.270261,0.279505,True
0.10,324,1.832080,0.442855,1.057995,True
0.10,325,1.777020,0.574232,0.812274,True
0.10,326,3.153855,1.002930,0.510803,True
0.10,327,3.222291,0.946384,0.416158,True
0.10,328,2.892942,0.877709,0.555532,True
0.10,329,4.606613,0.900277,0.544574,True
0.10,330,3.055281,1.110388,0.348519,True
0.10,331,1.852775,0.354955,1.177512,True
0.10,332,2.603720,0.918142,0.481315,True
0.10,333,1.195593,0.250670,1.020325,True
0.10,334,2.949599,0.456947,0.979011,True
0.10,335,2.798510,1.082504,0.434184,True
0.10,336,3.305662,0.804032,0.761082,True
0.10,337,1.674777,0.345378,1.243255,True
0.10,338,1.920959,0.596506,0.776011,True
0.10,339,4.337429,1.316650,0.224048,True
0.10,340,2.526577,0.517566,0.977982,True
0.10,341,1.897256,0.496481,1.080122,True
0.10,342,0.861066,0.370732,0.969896,True
0.10,343,2.712340,0.716034,0.796271,True
0.10,344,2.933482,1.234681,0.361732,True
0.10,345,3.320055,0.978237,0.568258,True
0.10,346,3.129577,1.100395,0.417366,True
0.10,347,1.057887,0.284474,1.044708,True
0.10,348,2.897883,0.682867,0.870780,True
0.10,349,3.868694,1.216410,0.289801,True
0.10,350,1.819395,0.419855,1.044068,True
0.10,351,3.234591,1.322028,0.264313,True
0.10,352,1.550227,0.339180,1.074363,True
0.10,353,3.422342,0.680353,0.829225,True
0.10,354,3.189167,0.816623,0.703730,True
0.10,355,1.863824,0.551732,0.839544,True
0.10,356,1.064637,0.188353,1.265655,True
0.10,357,2.367827,0.820119,0.468024,True
0.10,358,1.098285,0.341904,1.093471,True
0.10,359,1.893077,0.611564,0.927480,True
0.10,360,1.648440,0.534757,0.858686,True
0.10,361,2.799232,0.698308,0.791357,True
0.10,362,2.549332,0.436920,0.967105,True
0.10,363,2.310266,0.666755,0.746044,True
0.10,364,2.038622,0.650883,0.649743,True
0.10,365,1.949067,0.366144,1.146552,True
0.10,366,1.908213,0.336178,1.289113,True
0.10,367,2.708378,0.550789,0.837761,True
0.10,368,2.054053,0.745857,0.677597,True
0.10,369,1.730799,0.505432,1.006495,True
0.10,370,3.674687,0.917524,0.528982,True
0.10,371,3.752193,0.960901,0.508781,True
0.10,372,2.062754,0.698164,1.052728,True
0.10,373,3.021509,0.846267,0.516340,True
0.10,374,3.388270,1.021906,0.471174,True
0.10,375,4.362678,1.198617,0.286925,True
0.10,376,3.401688,0.854403,0.549860,True
0.10,377,4.565006,1.209046,0.342914,True
0.10,378,3.282462,0.697317,0.799528,True
0.10,379,3.083372,0.856193,0.625014,True
0.10,380,3.829371,1.053011,0.543848,True
0.10,381,1.776121,0.477248,0.905510,True
0.10,382,2.045585,0.536891,0.933520,True
0.10,383,1.527051,0.420144,1.109325,True
0.10,384,2.143233,0.752773,0.812686,True
0.10,385,2.764022,1.031894,0.394905,True
0.10,386,3.235272,0.496377,0.990818,True
0.10,387,5.453517,0.749917,0.805717,True
0.10,388,1.303705,0.418558,0.936747,True
0.10,389,3.970951,0.693274,0.752449,True
0.10,390,1.230959,0.192796,1.152302,True
0.10,391,2.416500,0.658718,0.861768,True
0.10,392,2.066704,0.448113,1.185287,True
0.10,393,2.126610,0.604305,0.796195,True
0.10,394,1.104565,0.302199,1.065442,True
0.10,395,1.222060,0.433795,1.099196,True
0.10,396,2.090411,0.661621,0.865178,True
0.10,397,1.096099,0.391065,0.998869,True
0.10,398,2.718294,0.484351,0.911611,True
0.10,399,2.718886,0.832563,0.616352,True
0.10,400,3.918904,1.010574,0.507089,True
0.10,401,3.889809,1.032964,0.562799,True
0.10,402,2.269706,0.521105,0.867932,True
0.10,403,2.781593,0.793900,0.830700,True
0.10,404,2.032092,0.569547,0.930264,True
0.10,405,1.465150,0.532000,0.844945,True
0.10,406,2.391539,0.785871,0.765628,True
0.10,407,3.727540,1.177274,0.432571,True
0.10,408,2.562245,0.801621,0.652082,True
0.10,409,2.232416,0.403479,0.997055,True
0.10,410,2.591569,0.636618,0.879745,True
0.10,411,1.425737,0.414266,1.004295,True
0.10,412,3.829119,0.957148,0.576507,True
0.10,413,1.596203,0.461640,0.953140,True
0.10,414,3.197905,1.139418,0.344539,True
0.10,415,3.279315,0.721210,0.839039,True
0.10,416,3.061183,0.865986,0.775675,True
0.10,417,4.659730,0.944618,0.564805,True
0.10,418,2.439056,0.637854,0.819961,True
0.10,419,3.371869,0.812086,0.711754,True
0.10,420,4.024250,1.181830,0.463345,True
0.10,421,2.223140,0.648111,0.686736,True
0.10,422,3.451735,1.087884,0.452995,True
0.10,423,2.538594,0.566177,0.975487,True
0.10,424,2.685713,0.886449,0.548319,True
0.10,425,3.687738,0.523844,0.965615,True
0.10,426,2.662910,0.509021,0.988240,True
0.10,427,2.683896,0.900346,0.632440,True
0.10,428,1.838386,0.659227,0.854634,True
0.10,429,3.021182,1.106957,0.498447,True
0.10,430,3.207966,1.123855,0.496298,True
0.10,431,2.200745,0.618080,0.852239,True
0.10,432,2.738795,0.892095,0.634666,True
0.10,433,3.607642,0.839039,0.503187,True
0.10,434,3.716775,0.999589,0.543135,True
0.10,435,1.671961,0.436467,1.109946,True
0.10,436,3.187169,0.759975,0.614857,True
0.10,437,3.580163,0.838925,0.591306,True
0.10,438,1.621665,0.740797,0.682621,True
0.10,439,2.889331,0.872675,0.626436,True
0.10,440,2.092125,0.572113,0.894744,True
0.10,441,0.796095,0.387392,0.900747,True
0.10,442,2.395550,0.601591,0.938834,True
0.10,443,3.732001,0.872076,0.600402,True
0.10,444,2.470591,0.733083,0.779718,True
0.10,445,2.620504,0.634957,0.820015,True
0.10,446,2.270092,0.533890,1.066858,True
0.10,447,3.922060,1.165223,0.362309,True
0.10,448,1.575568,0.617790,0.887786,True
0.10,449,2.502818,0.575567,0.808344,True
0.10,450,1.396441,0.255948,1.256556,True
0.10,451,1.290641,0.551486,1.036687,True
0.10,452,2.391997,0.789180,0.850998,True
0.10,453,3.363357,1.061482,0.484254,True
0.10,454,1.988211,0.493868,1.011468,True
0.10,455,4.002043,1.325057,0.152946,True
0.10,456,1.877050,0.494503,0.941641,True
0.10,457,3.398419,0.698988,0.802777,True
0.10,458,1.657237,0.382602,1.124467,True
0.10,459,2.696938,0.764895,0.723006,True
0.10,460,1.541419,0.459810,0.925614,True
0.10,461,1.878214,0.880955,0.617021,True
0.10,462,1.009973,0.288054,1.112659,True
0.10,463,2.706774,0.375041,1.102266,True
0.10,464,1.772860,0.518438,0.885978,True
0.10,465,3.289956,0.891365,0.682318,True
0.10,466,2.715494,0.505546,0.753682,True
0.10,467,2.327128,0.758830,0.833958,True
0.10,468,2.538126,0.812106,0.723262,True
0.10,469,1.173014,0.393278,0.842520,True
0.10,470,1.487743,0.296469,1.108654,True
0.10,471,2.190009,0.520628,0.987783,True
0.10,472,1.719279,0.532828,0.934107,True
0.10,473,2.180412,0.556349,0.910011,True
0.10,474,2.671887,0.940979,0.417749,True
0.10,475,4.878057,1.093661,0.324666,True
0.10,476,1.865178,0.458360,0.873243,True
0.10,477,1.804925,0.548662,0.873399,True
0.10,478,1.280628,0.440582,1.053056,True
0.10,479,1.711353,0.760058,0.662017,True
0.10,480,3.026709,0.956847,0.575402,True
0.10,481,2.065872,0.693787,0.756460,True
0.10,482,1.741689,0.285951,1.079167,True
0.10,483,2.159704,0.761752,0.763138,True
0.10,484,3.180544,1.138002,0.368872,True
0.10,485,2.708643,0.739305,0.743223,True
0.10,486,3.789827,1.028754,0.318155,True
0.10,487,3.456605,0.930572,0.647982,True
0.10,488,2.346929,0.905511,0.462128,True
0.10,489,2.187096,0.709978,0.901646,True
0.10,490,4.308481,1.584895,0.000000,True
0.10,491,1.730413,0.675744,0.797230,True
0.10,492,2.486200,1.002434,0.724618,True
0.10,493,2.599727,1.039617,0.538200,True
0.10,494,1.112940,0.209334,1.067626,True
0.10,495,2.723600,0.727847,0.809770,True
0.10,496,2.523024,0.534029,0.950327,True
0.10,497,0.968571,0.285120,1.185262,True
0.10,498,3.423651,0.650911,0.743967,True
0.10,499,2.399737,0.532715,0.933874,True
0.12,0,2.952701,0.764033,0.678226,True
0.12,1,4.206586,1.016865,0.485949,True
0.12,2,3.325644,0.941410,0.667051,True
0.12,3,1.580153,0.562101,0.668856,True
0.12,4,1.576435,0.465262,1.108377,True
0.12,5,2.928899,0.896174,0.579761,True
0.12,6,1.199198,0.213557,1.295559,True
0.12,7,2.182901,0.576230,0.907210,True
0.12,8,3.649406,1.212607,0.333940,True
0.12,9,3.664345,0.938451,0.760780,True
0.12,10,3.405421,0.726867,0.654394,True
0.12,11,1.468246,0.325954,1.035486,True
0.12,12,2.666629,0.732390,0.769307,True
0.12,13,1.969616,0.342319,1.083356,True
0.12,14,1.952314,0.527832,1.194058,True
0.12,15,1.749687,0.484057,1.020084,True
0.12,16,2.731915,0.837733,0.749713,True
0.12,17,2.285583,1.057092,0.571149,True
0.12,18,2.000382,0.465695,0.983552,True
0.12,19,3.157237,1.074054,0.462142,True
0.12,20,3.119731,1.099955,0.507855,True
0.12,21,2.959881,1.064109,0.556964,True
0.12,22,1.788803,0.565511,1.051509,True
0.12,23,2.547630,0.887720,0.583301,True
0.12,24,2.260828,0.820464,0.669553,True
0.12,25,2.064145,0.496552,0.884559,True
0.12,26,1.535282,0.518544,0.938795,True
0.12,27,2.365064,0.456574,0.985369,True
0.12,28,1.555675,0.384553,0.999054,True
0.12,29,3.142293,1.306935,0.287709,True
0.12,30,1.529177,0.300980,1.172998,True
0.12,31,1.553983,0.472330,0.974953,True
0.12,32,3.060423,0.646848,0.619975,True
0.12,33,2.834974,1.045742,0.560779,True
0.12,34,2.035850,0.698989,0.826885,True
0.12,35,4.387953,1.316799,0.259808,True
0.12,36,1.925315,0.664401,0.774907,True
0.12,37,3.221401,1.055987,0.379058,True
0.12,38,2.774844,0.933619,0.722197,True
0.12,39,3.159142,0.836636,0.610912,True
0.12,40,3.262385,1.095032,0.464191,True
0.12,41,2.348312,0.818156,0.675804,True
0.12,42,1.575279,0.319227,1.042715,True
0.12,43,1.841285,0.838074,0.634970,True
0.12,44,1.790388,0.740969,0.773742,True
0.12,45,1.868477,0.567693,0.889365,True
0.12,46,3.731905,1.016199,0.561811,True
0.12,47,3.028222,1.129660,0.336265,True
0.12,48,2.821910,0.902905,0.591784,True
0.12,49,2.776545,0.752679,0.650721,True
0.12,50,2.602430,0.822899,0.590818,True
0.12,51,5.399144,0.784604,0.720563,True
0.12,52,1.553552,0.404226,0.955604,True
0.12,53,1.975561,0.593693,0.950996,True
0.12,54,3.442413,0.886545,0.635252,True
0.12,55,0.799067,0.212351,1.244897,True
0.12,56,2.885362,0.506086,0.985571,True
0.12,57,2.816329,0.882388,0.693461,True
0.12,58,3.150821,1.170057,0.289664,True
0.12,59,1.818713,0.647689,0.857045,True
0.12,60,2.589693,0.992747,0.622102,True
0.12,61,2.114071,0.587726,0.828802,True
0.12,62,1.489996,0.528758,1.015813,True
0.12,63,3.638218,0.719561,0.821660,True
0.12,64,3.926587,0.595330,0.882987,True
0.12,65,1.699877,0.814217,0.686060,True
0.12,66,2.444311,0.727200,0.878300,True
0.12,67,2.246016,0.459220,0.985355,True
0.12,68,4.184939,1.338521,0.119767,True
0.12,69,2.025476,0.483177,0.936190,True
0.12,70,1.967800,0.772460,0.674357,True
0.12,71,3.358477,1.127027,0.417667,True
0.12,72,2.121101,0.567829,0.677599,True
0.12,73,3.346056,0.829937,0.861682,True
0.12,74,2.697791,1.095564,0.500879,True
0.12,75,2.703196,0.621829,0.866887,True
0.12,76,3.263117,0.701878,0.722454,True
0.12,77,3.582168,1.167975,0.473123,True
0.12,78,1.472311,0.448956,1.051137,True
0.12,79,2.305897,0.642005,0.806707,True
0.12,80,1.841345,0.456288,1.083604,True
0.12,81,1.326014,0.216768,1.063106,True
0.12,82,4.700653,0.981818,0.657488,True
0.12,83,3.987492,1.043052,0.469669,True
0.12,84,1.443730,0.482198,1.006558,True
0.12,85,1.761292,0.488723,1.041653,True
0.12,86,1.349688,0.350243,1.074447,True
0.12,87,2.880541,1.229589,0.274666,True
0.12,88,0.891877,0.264204,1.332782,True
0.12,89,3.199736,0.848497,0.634741,True
0.12,90,1.986185,0.534234,0.965431,True
0.12,91,2.872965,0.863501,0.749480,True
0.12,92,3.583826,0.641530,0.865890,True
0.12,93,1.464590,0.408737,1.077125,True
0.12,94,3.098281,1.033597,0.569441,True
0.12,95,1.789413,0.331215,1.169735,True
0.12,96,2.028535,0.557776,0.849452,True
0.12,97,3.614535,0.658814,0.795015,True
0.12,98,2.259790,0.567558,0.876668,True
0.12,99,2.747278,0.582260,0.810903,True
0.12,100,2.846432,0.977884,0.455653,True
0.12,101,2.575637,0.744048,0.813962,True
0.12,102,1.580215,0.383312,1.091129,True
0.12,103,3.627102,0.794164,0.659547,True
0.12,104,1.017071,0.420843,0.960968,True
0.12,105,1.363944,0.325632,1.046743,True
0.12,106,1.619612,0.532980,0.774831,True
0.12,107,2.985177,0.639335,0.967591,True
0.12,108,2.785575,0.390484,1.012703,True
0.12,109,1.711516,0.413253,1.019322,True
0.12,110,2.338903,0.626527,0.766065,True
0.12,111,3.488050,1.032671,0.379442,True
0.12,112,2.443908,0.800133,0.715629,True
0.12,113,2.511275,1.007806,0.507332,True
0.12,114,1.988633,0.528747,0.847191,True
0.12,115,1.647178,0.449119,1.058144,True
0.12,116,1.747413,0.370149,1.046679,True
0.12,117,2.696458,1.056079,0.416390,True
0.12,118,2.174502,0.902706,0.529605,True
0.12,119,3.016176,0.695562,0.794087,True
0.12,120,2.981952,0.683035,0.841038,True
0.12,121,3.989948,0.965701,0.551472,True
0.12,122,2.473807,0.578769,0.912039,True
0.12,123,2.156864,0.705814,0.804105,True
0.12,124,3.557861,1.114141,0.413210,True
0.12,125,0.778319,0.291179,1.086045,True
0.12,126,4.555248,0.910849,0.432719,True
0.12,127,2.848795,0.971776,0.465649,True
0.12,128,2.810974,0.555727,0.912906,True
0.12,129,1.734915,0.536026,0.906456,True
0.12,130,2.393288,0.618597,0.789444,True
0.12,131,1.591013,0.635128,0.847281,True
0.12,132,3.300094,0.955914,0.585563,True
0.12,133,2.359908,0.643932,0.822091,True
0.12,134,1.707854,0.727210,0.838735,True
0.12,135,4.504550,0.854859,0.524807,True
0.12,136,2.116783,0.565370,0.963022,True
0.12,137,2.662752,0.709035,0.766613,True
0.12,138,2.863780,1.120220,0.369210,True
0.12,139,1.270056,0.394063,1.074559,True
0.12,140,2.587146,0.740339,0.790589,True
0.12,141,3.709406,0.978103,0.480709,True
0.12,142,2.539182,0.820961,0.747870,True
0.12,143,2.034091,0.711378,0.828115,True
0.12,144,0.808253,0.355410,1.022613,True
0.12,145,0.812790,0.222526,1.163704,True
0.12,146,3.995682,1.394694,0.068456,True
0.12,147,2.403294,0.782330,0.659032,True
0.12,148,2.042813,0.262832,1.101200,True
0.12,149,3.595284,1.186051,0.355412,True
0.12,150,3.879456,1.278091,0.139897,True
0.12,151,1.849724,0.548264,1.022860,True
0.12,152,1.715561,0.572803,0.958624,True
0.12,153,4.593981,1.023679,0.562533,True
0.12,154,1.562611,0.486941,0.833514,True
0.12,155,1.916023,0.687665,0.758644,True
0.12,156,1.466307,0.464852,1.037403,True
0.12,157,3.562221,0.860741,0.463813,True
0.12,158,1.699191,0.336246,1.023247,True
0.12,159,1.980433,0.570892,0.731247,True
0.12,160,1.646239,0.627994,0.819570,True
0.12,161,4.163314,0.967986,0.514075,True
0.12,162,2.255705,0.698354,0.852285,True
0.12,163,3.478304,0.763860,0.751273,True
0.12,164,2.905777,1.017975,0.454394,True
0.12,165,1.157364,0.355125,0.980751,True
0.12,166,4.188789,1.008326,0.567038,True
0.12,167,3.510405,1.128580,0.497580,True
0.12,168,2.314624,0.637490,0.964782,True
0.12,169,2.057945,0.710345,0.784405,True
0.12,170,3.514756,0.944483,0.467488,True
0.12,171,2.555092,0.871061,0.527407,True
0.12,172,2.134962,0.465280,0.913912,True
0.12,173,1.928946,0.469153,1.085646,True
0.12,174,2.131862,0.564320,1.027310,True
0.12,175,2.279964,0.646235,0.834253,True
0.12,176,2.820938,0.512027,1.072378,True
0.12,177,2.153381,0.707458,0.884277,True
0.12,178,3.106029,1.114316,0.524491,True
0.12,179,4.001170,1.106254,0.349133,True
0.12,180,2.145834,0.736472,0.969767,True
0.12,181,1.601749,0.652604,0.966185,True
0.12,182,8.191854,0.540073,0.980095,True
0.12,183,2.336062,0.797022,0.709644,True
0.12,184,2.940788,0.903639,0.698960,True
0.12,185,1.243848,0.363638,1.165518,True
0.12,186,2.922769,0.946563,0.606304,True
0.12,187,2.181651,0.822709,0.716889,True
0.12,188,3.243829,0.988705,0.446519,True
0.12,189,1.640836,0.365274,1.020327,True
0.12,190,2.454554,0.710976,0.772888,True
0.12,191,3.634227,1.018636,0.558153,True
0.12,192,2.676834,1.064766,0.503219,True
0.12,193,1.522550,0.416698,1.030265,True
0.12,194,1.314583,0.353146,1.142818,True
0.12,195,2.980365,0.930925,0.658712,True
0.12,196,2.449519,0.457437,0.961813,True
0.12,197,2.690941,0.869153,0.604469,True
0.12,198,2.960139,0.774875,0.845140,True
0.12,199,3.085938,0.755591,0.881867,True
0.12,200,1.684632,0.341043,1.131432,True
0.12,201,2.267026,0.627926,0.886230,True
0.12,202,1.719305,0.385632,1.095497,True
0.12,203,1.344389,0.579100,0.852934,True
0.12,204,1.532594,0.332697,1.173720,True
0.12,205,3.055458,0.780222,0.853136,True
0.12,206,2.501463,0.655586,0.772197,True
0.12,207,3.095491,0.749226,0.707512,True
0.12,208,0.899684,0.348555,0.930942,True
0.12,209,1.835853,0.469104,1.129654,True
0.12,210,1.604345,0.419876,1.074920,True
0.12,211,2.318408,0.593068,0.891134,True
0.12,212,0.714263,0.153773,1.275280,True
0.12,213,1.601142,0.382649,1.059640,True
0.12,214,1.409290,0.610211,0.857816,True
0.12,215,3.128411,1.303677,0.276334,True
0.12,216,1.172163,0.357381,1.100062,True
0.12,217,2.982558,0.762209,0.687581,True
0.12,218,3.343993,1.049197,0.428070,True
0.12,219,1.794645,0.718462,0.707290,True
0.12,220,2.897002,0.854702,0.706941,True
0.12,221,2.692731,0.611544,0.869229,True
0.12,222,3.007684,1.030606,0.346508,True
0.12,223,2.165109,0.523700,0.928771,True
0.12,224,3.691985,0.724446,0.714564,True
0.12,225,1.287388,0.287676,1.239276,True
0.12,226,2.179431,0.322411,1.236485,True
0.12,227,1.923891,0.352796,0.994130,True
0.12,228,3.323810,0.754808,0.649746,True
0.12,229,2.180736,0.615133,0.885396,True
0.12,230,1.456131,0.455445,1.126964,True
0.12,231,3.408165,1.041637,0.529002,True
0.12,232,1.813164,0.685996,0.847843,True
0.12,233,0.951791,0.299713,1.067591,True
0.12,234,1.498901,0.390089,1.084627,True
0.12,235,3.155560,1.233628,0.377433,True
0.12,236,2.187858,0.602543,0.904753,True
0.12,237,3.120182,0.526271,0.945077,True
0.12,238,1.452634,0.416941,1.161135,True
0.12,239,2.531729,0.645541,0.850019,True
0.12,240,3.306054,1.048843,0.405972,True
0.12,241,2.385679,0.927028,0.507770,True
0.12,242,2.562892,1.013057,0.604407,True
0.12,243,1.137427,0.265169,1.165177,True
0.12,244,2.253504,0.896671,0.585210,True
0.12,245,1.774025,0.279154,1.109517,True
0.12,246,1.581769,0.465448,0.932231,True
0.12,247,2.790415,0.661593,0.900681,True
0.12,248,2.447312,0.367296,0.999958,True
0.12,249,2.507141,0.712482,0.767393,True
0.12,250,1.444877,0.417465,0.918720,True
0.12,251,2.997647,0.644960,0.756199,True
0.12,252,1.345808,0.417150,1.059861,True
0.12,253,4.609483,1.218342,0.344947,True
0.12,254,2.105305,0.466870,0.964302,True
0.12,255,1.990856,0.642721,0.810657,True
0.12,256,3.998979,1.099721,0.374094,True
0.12,257,3.342115,1.020926,0.443869,True
0.12,258,3.920038,0.882330,0.634095,True
0.12,259,4.273798,1.160366,0.410758,True
0.12,260,2.439411,0.858383,0.630730,True
0.12,261,3.784481,1.080801,0.519067,True
0.12,262,1.967207,0.293939,1.149137,True
0.12,263,2.432472,0.665274,0.760104,True
0.12,264,2.275597,0.764179,0.660898,True
0.12,265,2.621019,0.888872,0.577811,True
0.12,266,1.903193,0.612771,0.927938,True
0.12,267,1.406452,0.369863,1.056240,True
0.12,268,3.102076,0.843542,0.646393,True
0.12,269,3.542403,0.755998,0.774450,True
0.12,270,2.829205,0.594035,0.908855,True
0.12,271,1.808000,0.396198,1.177906,True
0.12,272,3.109484,1.076405,0.336209,True
0.12,273,2.969330,0.719867,0.899861,True
0.12,274,1.343108,0.422928,0.994841,True
0.12,275,3.521314,0.720546,0.690997,True
0.12,276,1.734763,0.651685,0.868216,True
0.12,277,4.830586,0.996983,0.453275,True
0.12,278,2.907224,0.714289,0.781820,True
0.12,279,0.961908,0.297388,1.083261,True
0.12,280,2.395669,0.669044,0.813658,True
0.12,281,2.432964,0.965959,0.640463,True
0.12,282,1.990935,0.603179,0.821262,True
0.12,283,1.684797,0.408881,1.098595,True
0.12,284,2.150817,0.755572,0.629471,True
0.12,285,1.803472,0.638848,0.757644,True
0.12,286,2.181263,0.577593,0.918368,True
0.12,287,1.740254,0.660947,0.808933,True
0.12,288,3.956215,0.959835,0.509102,True
0.12,289,0.895548,0.325658,0.997262,True
0.12,290,1.146685,0.359383,1.120313,True
0.12,291,3.302156,1.015513,0.414498,True
0.12,292,2.287818,0.850475,0.694058,True
0.12,293,2.054258,0.553063,0.890320,True
0.12,294,2.318790,0.385806,1.127407,True
0.12,295,2.246702,0.648291,0.812057,True
0.12,296,2.437802,0.512418,0.926756,True
0.12,297,3.255385,1.072544,0.431304,True
0.12,298,1.306900,0.325443,1.051270,True
0.12,299,1.577442,0.371151,1.054198,True
0.12,300,1.497706,0.355799,1.057077,True
0.12,301,1.925634,0.546619,0.911458,True
0.12,302,1.556294,0.387226,1.077257,True
0.12,303,2.699366,0.793824,0.636445,True
0.12,304,2.587628,0.829156,0.640059,True
0.12,305,1.409201,0.622927,0.905472,True
0.12,306,3.031074,0.884073,0.608938,True
0.12,307,3.327321,1.032794,0.326829,True
0.12,308,1.229484,0.394519,1.015220,True
0.12,309,2.391647,0.447426,1.026245,True
0.12,310,1.468587,0.281385,1.143651,True
0.12,311,2.570123,1.003946,0.467592,True
0.12,312,1.427539,0.248224,1.176113,True
0.12,313,3.159786,0.417928,1.044703,True
0.12,314,1.882123,0.669673,0.685039,True
0.12,315,2.896475,0.987687,0.477562,True
0.12,316,2.025106,0.399966,1.212520,True
0.12,317,3.095182,1.110917,0.423126,True
0.12,318,3.105813,1.002397,0.530506,True
0.12,319,2.457969,0.938009,0.477973,True
0.12,320,2.405776,0.652570,0.935048,True
0.12,321,2.382540,0.725713,0.850754,True
0.12,322,1.571140,0.488152,0.937884,True
0.12,323,3.009669,1.215146,0.332611,True
0.12,324,1.811821,0.439402,1.061028,True
0.12,325,1.687320,0.554992,0.828836,True
0.12,326,2.995384,0.963751,0.548602,True
0.12,327,3.070273,0.910223,0.450863,True
0.12,328,2.755679,0.846963,0.585202,True
0.12,329,4.348630,0.844637,0.597424,True
0.12,330,2.933969,1.073271,0.383635,True
0.12,331,1.759201,0.342091,1.188469,True
0.12,332,2.496198,0.891683,0.506786,True
0.12,333,1.167669,0.247807,1.022492,True
0.12,334,2.832442,0.442214,0.992979,True
0.12,335,2.663932,1.044306,0.470891,True
0.12,336,3.122108,0.769146,0.794878,True
0.12,337,1.623990,0.338074,1.249297,True
0.12,338,1.833282,0.579073,0.791828,True
0.12,339,4.103300,1.240219,0.296471,True
0.12,340,2.419372,0.502053,0.992770,True
0.12,341,1.864479,0.490813,1.085254,True
0.12,342,0.859347,0.370524,0.970053,True
0.12,343,2.604270,0.693749,0.817260,True
0.12,344,2.808306,1.193623,0.400957,True
0.12,345,3.131303,0.934893,0.610246,True
0.12,346,2.945271,1.052814,0.463741,True
0.12,347,1.054501,0.284049,1.045010,True
0.12,348,2.751786,0.656567,0.895925,True
0.12,349,3.648435,1.155435,0.348500,True
0.12,350,1.767707,0.412589,1.050694,True
0.12,351,3.037595,1.258949,0.325053,True
0.12,352,1.535422,0.337290,1.076007,True
0.12,353,3.214168,0.648438,0.860317,True
0.12,354,3.031367,0.784817,0.734380,True
0.12,355,1.834206,0.545972,0.844737,True
0.12,356,1.062845,0.188215,1.265759,True
0.12,357,2.285142,0.799447,0.487354,True
0.12,358,1.092423,0.341201,1.094058,True
0.12,359,1.835831,0.600566,0.937764,True
0.12,360,1.608476,0.527566,0.865220,True
0.12,361,2.708447,0.678294,0.809847,True
0.12,362,2.408510,0.419461,0.983603,True
0.12,363,2.193238,0.644175,0.767418,True
0.12,364,1.964972,0.635798,0.663772,True
0.12,365,1.858828,0.354646,1.156811,True
0.12,366,1.871161,0.331925,1.292986,True
0.12,367,2.584989,0.532326,0.855385,True
0.12,368,1.980973,0.728832,0.693476,True
0.12,369,1.716750,0.502755,1.008855,True
0.12,370,3.457097,0.872548,0.572542,True
0.12,371,3.576961,0.914916,0.551975,True
0.12,372,1.978020,0.680746,1.069292,True
0.12,373,2.850028,0.811547,0.550170,True
0.12,374,3.178234,0.971591,0.519722,True
0.12,375,4.120665,1.128935,0.353169,True
0.12,376,3.220698,0.817542,0.585430,True
0.12,377,4.314573,1.135835,0.412389,True
0.12,378,3.110823,0.667324,0.828235,True
0.12,379,2.895919,0.818276,0.661905,True
0.12,380,3.617256,1.000925,0.593847,True
0.12,381,1.704312,0.466307,0.915625,True
0.12,382,1.963469,0.520715,0.947751,True
0.12,383,1.477197,0.411684,1.116278,True
0.12,384,2.034626,0.727250,0.836329,True
0.12,385,2.608027,0.988091,0.436532,True
0.12,386,3.067536,0.476165,1.010343,True
0.12,387,5.241818,0.686883,0.863911,True
0.12,388,1.276750,0.414620,0.940151,True
0.12,389,3.767885,0.658321,0.785650,True
0.12,390,1.224216,0.192274,1.152724,True
0.12,391,2.327675,0.641836,0.877788,True
0.12,392,2.012627,0.440535,1.192376,True
0.12,393,2.011325,0.584303,0.815266,True
0.12,394,1.099638,0.301587,1.065909,True
0.12,395,1.218259,0.432969,1.099797,True
0.12,396,2.018433,0.646831,0.878997,True
0.12,397,1.091831,0.390398,0.999387,True
0.12,398,2.593743,0.466651,0.928171,True
0.12,399,2.589580,0.803876,0.643860,True
0.12,400,3.688329,0.957971,0.557777,True
0.12,401,3.680936,0.981507,0.611998,True
0.12,402,2.155838,0.503832,0.884274,True
0.12,403,2.636428,0.764997,0.858780,True
0.12,404,1.992115,0.561529,0.937497,True
0.12,405,1.437684,0.526229,0.849762,True
0.12,406,2.306337,0.766886,0.783759,True
0.12,407,3.506213,1.118811,0.489155,True
0.12,408,2.426138,0.772692,0.679973,True
0.12,409,2.186130,0.396657,1.003166,True
0.12,410,2.449318,0.611777,0.903412,True
0.12,411,1.418018,0.412926,1.005403,True
0.12,412,3.597474,0.908271,0.623842,True
0.12,413,1.568561,0.457434,0.957009,True
0.12,414,3.007887,1.086696,0.395314,True
0.12,415,3.115401,0.691787,0.867282,True
0.12,416,2.930675,0.836166,0.804125,True
0.12,417,4.427824,0.884681,0.621032,True
0.12,418,2.354013,0.621304,0.835416,True
0.12,419,3.170090,0.774798,0.748038,True
0.12,420,3.787226,1.118701,0.524089,True
0.12,421,2.125698,0.628562,0.704926,True
0.12,422,3.240458,1.033516,0.505300,True
0.12,423,2.467875,0.553369,0.987322,True
0.12,424,2.570669,0.858595,0.574911,True
0.12,425,3.498466,0.498940,0.989307,True
0.12,426,2.586666,0.496291,0.999939,True
0.12,427,2.568960,0.872799,0.658921,True
0.12,428,1.799335,0.650477,0.862599,True
0.12,429,2.877061,1.066762,0.537209,True
0.12,430,3.020026,1.074583,0.544256,True
0.12,431,2.111888,0.601862,0.867594,True
0.12,432,2.594451,0.859646,0.666195,True
0.12,433,3.421388,0.800837,0.539728,True
0.12,434,3.498389,0.950310,0.590768,True
0.12,435,1.646405,0.432722,1.113371,True
0.12,436,3.015675,0.728526,0.645286,True
0.12,437,3.410562,0.801265,0.626891,True
0.12,438,1.577703,0.729850,0.692544,True
0.12,439,2.748520,0.841856,0.656294,True
0.12,440,2.047930,0.563250,0.902754,True
0.12,441,0.795109,0.387269,0.900835,True
0.12,442,2.296330,0.584577,0.955031,True
0.12,443,3.505763,0.826843,0.643918,True
0.12,444,2.364669,0.711007,0.800696,True
0.12,445,2.492582,0.613241,0.840879,True
0.12,446,2.221993,0.525639,1.074502,True
0.12,447,3.701749,1.105084,0.419934,True
0.12,448,1.529999,0.608247,0.896373,True
0.12,449,2.435810,0.563909,0.819277,True
0.12,450,1.380253,0.254318,1.257913,True
0.12,451,1.276883,0.548938,1.038963,True
0.12,452,2.294542,0.765424,0.873071,True
0.12,453,3.173834,1.014676,0.529654,True
0.12,454,1.876291,0.474838,1.028460,True
0.12,455,3.763036,1.254859,0.220661,True
0.12,456,1.822109,0.484922,0.950208,True
0.12,457,3.192431,0.665836,0.834920,True
0.12,458,1.635348,0.378966,1.127485,True
0.12,459,2.600966,0.743967,0.742801,True
0.12,460,1.529337,0.457451,0.927572,True
0.12,461,1.778535,0.848505,0.645198,True
0.12,462,1.005830,0.287611,1.112999,True
0.12,463,2.624214,0.364366,1.111955,True
0.12,464,1.727950,0.510594,0.893125,True
0.12,465,3.113867,0.853565,0.718818,True
0.12,466,2.639795,0.491458,0.766324,True
0.12,467,2.262586,0.743556,0.848193,True
0.12,468,2.431532,0.788626,0.745845,True
0.12,469,1.168777,0.392673,0.843028,True
0.12,470,1.396923,0.286455,1.117032,True
0.12,471,2.096470,0.506123,1.001466,True
0.12,472,1.674521,0.525192,0.941210,True
0.12,473,2.074429,0.539123,0.926335,True
0.12,474,2.547050,0.909676,0.447817,True
0.12,475,4.623569,1.020187,0.393819,True
0.12,476,1.819009,0.451621,0.879530,True
0.12,477,1.766186,0.541678,0.879838,True
0.12,478,1.272777,0.439094,1.054230,True
0.12,479,1.682750,0.752425,0.668884,True
0.12,480,2.855758,0.918195,0.613134,True
0.12,481,1.934544,0.663426,0.783799,True
0.12,482,1.653264,0.275304,1.087874,True
0.12,483,2.038758,0.732898,0.789781,True
0.12,484,3.026912,1.093132,0.411770,True
0.12,485,2.613968,0.720102,0.761562,True
0.12,486,3.562983,0.976584,0.368603,True
0.12,487,3.262293,0.888141,0.688963,True
0.12,488,2.264144,0.882385,0.483681,True
0.12,489,2.076035,0.686520,0.923722,True
0.12,490,4.219722,1.549909,0.033194,True
0.12,491,1.685021,0.665697,0.806476,True
0.12,492,2.338016,0.959162,0.765168,True
0.12,493,2.518353,1.014860,0.561540,True
0.12,494,1.101817,0.208010,1.068439,True
0.12,495,2.568630,0.699524,0.837308,True
0.12,496,2.447781,0.521780,0.961775,True
0.12,497,0.959576,0.284185,1.185946,True
0.12,498,3.241207,0.622495,0.771349,True
0.12,499,2.297506,0.516773,0.948912,True
0.14,0,2.835192,0.740286,0.700923,True
0.14,1,4.015852,0.964158,0.535409,True
0.14,2,3.160790,0.904047,0.703091,True
0.14,3,1.559048,0.557968,0.672575,True
0.14,4,1.559205,0.462180,1.111040,True
0.14,5,2.824972,0.869805,0.604620,True
0.14,6,1.184761,0.212256,1.296543,True
0.14,7,2.084109,0.559498,0.923015,True
0.14,8,3.473558,1.160426,0.383793,True
0.14,9,3.486575,0.897720,0.799701,True
0.14,10,3.272306,0.699002,0.680422,True
0.14,11,1.455181,0.324110,1.036985,True
0.14,12,2.553450,0.710812,0.790151,True
0.14,13,1.918050,0.336127,1.088914,True
0.14,14,1.900364,0.518762,1.202369,True
0.14,15,1.730013,0.480746,1.023083,True
0.14,16,2.610318,0.811384,0.775173,True
0.14,17,2.198712,1.030930,0.596142,True
0.14,18,1.957413,0.459124,0.989608,True
0.14,19,3.023795,1.036983,0.497559,True
0.14,20,3.009575,1.064230,0.541187,True
0.14,21,2.818561,1.027349,0.592648,True
0.14,22,1.761460,0.560168,1.056352,True
0.14,23,2.465833,0.867286,0.602775,True
0.14,24,2.194526,0.803537,0.685328,True
0.14,25,2.021385,0.489963,0.890750,True
0.14,26,1.507216,0.513226,0.943435,True
0.14,27,2.274671,0.443691,0.997298,True
0.14,28,1.536893,0.381847,1.001411,True
0.14,29,2.994239,1.259895,0.333168,True
0.14,30,1.476638,0.295444,1.177855,True
0.14,31,1.513547,0.466245,0.980597,True
0.14,32,2.918246,0.623895,0.642097,True
0.14,33,2.704010,1.010808,0.594474,True
0.14,34,1.996957,0.690281,0.834986,True
0.14,35,4.202449,1.243484,0.327972,True
0.14,36,1.878879,0.654325,0.784199,True
0.14,37,3.059307,1.014935,0.418763,True
0.14,38,2.662337,0.904751,0.749631,True
0.14,39,3.020494,0.807102,0.639186,True
0.14,40,3.133448,1.056060,0.500910,True
0.14,41,2.273606,0.800474,0.692615,True
0.14,42,1.560748,0.317469,1.044248,True
0.14,43,1.800531,0.826628,0.645431,True
0.14,44,1.749821,0.731107,0.782828,True
0.14,45,1.796306,0.554675,0.901398,True
0.14,46,3.554358,0.971492,0.604384,True
0.14,47,2.913982,1.094108,0.369907,True
0.14,48,2.732866,0.878958,0.614172,True
0.14,49,2.641866,0.726800,0.675688,True
0.14,50,2.500867,0.800065,0.612661,True
0.14,51,8.012198,0.517997,0.949987,True
0.14,52,1.543566,0.402680,0.956944,True
0.14,53,1.943223,0.586427,0.957416,True
0.14,54,3.283790,0.850725,0.669351,True
0.14,55,0.797392,0.212249,1.244973,True
0.14,56,2.778894,0.491264,0.999639,True
0.14,57,2.688302,0.853986,0.720982,True
0.14,58,2.995120,1.125563,0.332546,True
0.14,59,1.771066,0.637440,0.866419,True
0.14,60,2.469802,0.960879,0.652668,True
0.14,61,2.035058,0.573629,0.842033,True
0.14,62,1.477558,0.526377,1.017914,True
0.14,63,3.471392,0.688957,0.850713,True
0.14,64,3.742495,0.567311,0.909503,True
0.14,65,1.653892,0.801815,0.697395,True
0.14,66,2.353108,0.708822,0.895923,True
0.14,67,2.193449,0.451945,0.992220,True
0.14,68,4.001919,1.269496,0.184292,True
0.14,69,1.991158,0.477487,0.941378,True
0.14,70,1.932721,0.763263,0.682750,True
0.14,71,3.212980,1.083835,0.458624,True
0.14,72,2.069517,0.557670,0.686785,True
0.14,73,3.209557,0.798506,0.891227,True
0.14,74,2.565447,1.058871,0.536458,True
0.14,75,2.568264,0.600278,0.887678,True
0.14,76,3.130565,0.676798,0.746179,True
0.14,77,3.406374,1.117317,0.521420,True
0.14,78,1.462578,0.447242,1.052597,True
0.14,79,2.191919,0.621241,0.826420,True
0.14,80,1.811893,0.451763,1.087748,True
0.14,81,1.313703,0.215751,1.063960,True
0.14,82,4.528461,0.920168,0.714167,True
0.14,83,3.814687,0.992711,0.516780,True
0.14,84,1.434694,0.480244,1.008129,True
0.14,85,1.735296,0.484346,1.045620,True
0.14,86,1.333335,0.348014,1.076292,True
0.14,87,2.772440,1.193260,0.309194,True
0.14,88,0.890514,0.264041,1.332883,True
0.14,89,3.055871,0.817336,0.664550,True
0.14,90,1.914296,0.522991,0.976177,True
0.14,91,2.773361,0.839028,0.772554,True
0.14,92,3.430147,0.614625,0.891190,True
0.14,93,1.447257,0.406128,1.079389,True
0.14,94,2.942061,0.994762,0.607062,True
0.14,95,1.762445,0.328074,1.172564,True
0.14,96,1.971621,0.548131,0.858560,True
0.14,97,3.441655,0.630751,0.821814,True
0.14,98,2.196683,0.556242,0.887172,True
0.14,99,2.620119,0.562828,0.829573,True
0.14,100,2.732459,0.948156,0.484069,True
0.14,101,2.503725,0.727894,0.829084,True
0.14,102,1.565822,0.381084,1.093020,True
0.14,103,3.449585,0.759935,0.692278,True
0.14,104,1.011681,0.420062,0.961594,True
0.14,105,1.357739,0.324672,1.047490,True
0.14,106,1.549213,0.520249,0.786177,True
0.14,107,2.869932,0.619557,0.986426,True
0.14,108,2.672905,0.378879,1.023835,True
0.14,109,1.640473,0.402406,1.028689,True
0.14,110,2.258955,0.612444,0.779566,True
0.14,111,3.335763,0.992056,0.418011,True
0.14,112,2.383753,0.784767,0.729847,True
0.14,113,2.430419,0.984323,0.529580,True
0.14,114,1.939673,0.519451,0.855481,True
0.14,115,1.633043,0.446589,1.060321,True
0.14,116,1.726384,0.367243,1.049246,True
0.14,117,2.568977,1.021480,0.449889,True
0.14,118,2.130655,0.889633,0.541637,True
0.14,119,2.887004,0.672378,0.816322,True
0.14,120,2.851924,0.660001,0.863107,True
0.14,121,3.810556,0.918844,0.595487,True
0.14,122,2.407865,0.566883,0.923096,True
0.14,123,2.108299,0.694651,0.814410,True
0.14,124,3.384646,1.067395,0.457942,True
0.14,125,0.777200,0.291063,1.086119,True
0.14,126,4.374993,0.856553,0.482874,True
0.14,127,2.744010,0.943765,0.492261,True
0.14,128,2.716185,0.540935,0.926916,True
0.14,129,1.692572,0.528557,0.913316,True
0.14,130,2.316100,0.604313,0.802864,True
0.14,131,1.549097,0.625933,0.855492,True
0.14,132,3.146841,0.919290,0.620630,True
0.14,133,2.279489,0.628918,0.836338,True
0.14,134,1.679959,0.720304,0.845023,True
0.14,135,4.329654,0.803744,0.571882,True
0.14,136,2.079780,0.557398,0.970091,True
0.14,137,2.576235,0.691457,0.783234,True
0.14,138,2.723442,1.080698,0.407347,True
0.14,139,1.249428,0.390782,1.077151,True
0.14,140,2.478886,0.716607,0.812780,True
0.14,141,3.543927,0.934755,0.521530,True
0.14,142,2.463311,0.801481,0.765933,True
0.14,143,1.994522,0.702512,0.836407,True
0.14,144,0.806468,0.355266,1.022750,True
0.14,145,0.811178,0.222401,1.163786,True
0.14,146,3.808411,1.327816,0.131687,True
0.14,147,2.327881,0.765369,0.675164,True
0.14,148,1.969175,0.256517,1.106984,True
0.14,149,3.437005,1.135672,0.402890,True
0.14,150,3.697187,1.218733,0.196117,True
0.14,151,1.806519,0.540006,1.030288,True
0.14,152,1.695278,0.568529,0.962411,True
0.14,153,4.415922,0.961467,0.619895,True
0.14,154,1.549780,0.484541,0.835591,True
0.14,155,1.853505,0.674470,0.771059,True
0.14,156,1.451197,0.462041,1.039759,True
0.14,157,3.388619,0.824535,0.498472,True
0.14,158,1.629645,0.328767,1.030132,True
0.14,159,1.942278,0.563957,0.737718,True
0.14,160,1.629268,0.624179,0.822982,True
0.14,161,3.974078,0.918573,0.560482,True
0.14,162,2.171595,0.680917,0.868732,True
0.14,163,3.315696,0.732948,0.780799,True
0.14,164,2.775200,0.984395,0.486836,True
0.14,165,1.151995,0.354442,0.981323,True
0.14,166,4.000381,0.956606,0.615554,True
0.14,167,3.347269,1.082506,0.541548,True
0.14,168,2.263860,0.626946,0.974506,True
0.14,169,1.999890,0.697087,0.796666,True
0.14,170,3.350197,0.905637,0.504558,True
0.14,171,2.473203,0.850905,0.546591,True
0.14,172,2.093971,0.458773,0.919844,True
0.14,173,1.872265,0.460961,1.093355,True
0.14,174,2.059547,0.552154,1.038816,True
0.14,175,2.226780,0.634857,0.844694,True
0.14,176,2.692465,0.494086,1.089412,True
0.14,177,2.102632,0.695954,0.894945,True
0.14,178,2.992502,1.078664,0.558029,True
0.14,179,3.817293,1.053055,0.399300,True
0.14,180,2.067537,0.719385,0.985946,True
0.14,181,1.574241,0.646611,0.971667,True
0.14,182,8.191854,0.540073,0.980095,True
0.14,183,2.236249,0.775846,0.730235,True
0.14,184,2.813324,0.873952,0.727505,True
0.14,185,1.221768,0.360891,1.167890,True
0.14,186,2.790005,0.914117,0.637445,True
0.14,187,2.070801,0.795850,0.742157,True
0.14,188,3.086956,0.947816,0.485238,True
0.14,189,1.622807,0.362731,1.022529,True
0.14,190,2.381973,0.695828,0.787199,True
0.14,191,3.460600,0.975163,0.599609,True
0.14,192,2.548961,1.029289,0.537427,True
0.14,193,1.480780,0.410327,1.035763,True
0.14,194,1.300766,0.351245,1.144383,True
0.14,195,2.854852,0.899942,0.688261,True
0.14,196,2.369984,0.447061,0.971691,True
0.14,197,2.596225,0.846143,0.626331,True
0.14,198,2.817201,0.744972,0.873440,True
0.14,199,2.948136,0.729044,0.907333,True
0.14,200,1.669664,0.339008,1.133185,True
0.14,201,2.187592,0.612812,0.900393,True
0.14,202,1.659552,0.378224,1.102329,True
0.14,203,1.320854,0.574232,0.857122,True
0.14,204,1.519337,0.331088,1.175140,True
0.14,205,2.953731,0.756047,0.875578,True
0.14,206,2.401424,0.637541,0.789489,True
0.14,207,2.946070,0.721256,0.734425,True
0.14,208,0.898154,0.348357,0.931082,True
0.14,209,1.808989,0.464690,1.133645,True
0.14,210,1.589378,0.417550,1.076966,True
0.14,211,2.266984,0.582160,0.900948,True
0.14,212,0.713733,0.153730,1.275299,True
0.14,213,1.583348,0.379911,1.061965,True
0.14,214,1.399110,0.607948,0.859791,True
0.14,215,2.986801,1.257432,0.320770,True
0.14,216,1.154902,0.355114,1.101898,True
0.14,217,2.840284,0.735058,0.713782,True
0.14,218,3.183620,1.003950,0.470672,True
0.14,219,1.733851,0.703232,0.720885,True
0.14,220,2.762807,0.825591,0.735066,True
0.14,221,2.604859,0.595426,0.884286,True
0.14,222,2.871331,0.994668,0.381020,True
0.14,223,2.086568,0.511258,0.940458,True
0.14,224,3.515342,0.692960,0.744575,True
0.14,225,1.276908,0.286556,1.240227,True
0.14,226,2.064210,0.309765,1.247797,True
0.14,227,1.896491,0.349282,0.997273,True
0.14,228,3.179227,0.726533,0.676656,True
0.14,229,2.101327,0.601222,0.898737,True
0.14,230,1.445354,0.453322,1.128694,True
0.14,231,3.273034,1.002628,0.565667,True
0.14,232,1.791385,0.680848,0.852522,True
0.14,233,0.950014,0.299523,1.067735,True
0.14,234,1.479433,0.387055,1.087171,True
0.14,235,3.023677,1.191133,0.417960,True
0.14,236,2.142068,0.593545,0.913060,True
0.14,237,2.975435,0.507215,0.963406,True
0.14,238,1.411078,0.410459,1.166610,True
0.14,239,2.399284,0.621172,0.872930,True
0.14,240,3.164978,1.010050,0.442829,True
0.14,241,2.307881,0.906626,0.527277,True
0.14,242,2.454842,0.984052,0.632421,True
0.14,243,1.119316,0.263047,1.166685,True
0.14,244,2.181587,0.878033,0.602983,True
0.14,245,1.729074,0.274991,1.113327,True
0.14,246,1.559538,0.461566,0.935603,True
0.14,247,2.660758,0.639966,0.921661,True
0.14,248,2.359769,0.357990,1.008764,True
0.14,249,2.437307,0.697131,0.781698,True
0.14,250,1.409842,0.411753,0.923453,True
0.14,251,2.855833,0.622315,0.778108,True
0.14,252,1.335723,0.415589,1.061201,True
0.14,253,4.441792,1.144210,0.413055,True
0.14,254,2.040693,0.456564,0.973623,True
0.14,255,1.951278,0.633777,0.818721,True
0.14,256,3.819524,1.045134,0.425173,True
0.14,257,3.191795,0.981791,0.481200,True
0.14,258,3.738973,0.840908,0.673219,True
0.14,259,4.086608,1.098507,0.468530,True
0.14,260,2.373557,0.841498,0.646622,True
0.14,261,3.608610,1.032487,0.564871,True
0.14,262,1.936893,0.289885,1.152538,True
0.14,263,2.360345,0.649773,0.774368,True
0.14,264,2.189732,0.745329,0.678848,True
0.14,265,2.510776,0.863283,0.602580,True
0.14,266,1.864653,0.605120,0.935029,True
0.14,267,1.394311,0.368149,1.057700,True
0.14,268,2.980252,0.815743,0.672755,True
0.14,269,3.384475,0.725195,0.803675,True
0.14,270,2.711840,0.574324,0.927423,True
0.14,271,1.762530,0.390393,1.183291,True
0.14,272,2.973273,1.038682,0.372270,True
0.14,273,2.822156,0.692620,0.925954,True
0.14,274,1.334767,0.421414,0.996056,True
0.14,275,3.348409,0.690530,0.719803,True
0.14,276,1.704685,0.644563,0.874534,True
0.14,277,4.670812,0.929123,0.515246,True
0.14,278,2.797163,0.693055,0.802044,True
0.14,279,0.958292,0.297006,1.083550,True
0.14,280,2.299209,0.649976,0.831569,True
0.14,281,2.371913,0.947991,0.657302,True
0.14,282,1.915585,0.587826,0.835144,True
0.14,283,1.660856,0.404576,1.102152,True
0.14,284,2.108894,0.745061,0.639135,True
0.14,285,1.751231,0.628632,0.767304,True
0.14,286,2.087409,0.558797,0.935180,True
0.14,287,1.709567,0.654004,0.815236,True
0.14,288,3.780067,0.913651,0.552437,True
0.14,289,0.893282,0.325369,0.997457,True
0.14,290,1.139146,0.358312,1.121148,True
0.14,291,3.150150,0.976830,0.451510,True
0.14,292,2.179890,0.821746,0.720554,True
0.14,293,1.997658,0.542866,0.899710,True
0.14,294,2.267439,0.379026,1.133577,True
0.14,295,2.156180,0.631723,0.827938,True
0.14,296,2.378060,0.502953,0.935595,True
0.14,297,3.102474,1.029900,0.471807,True
0.14,298,1.288088,0.323414,1.053091,True
0.14,299,1.562318,0.368943,1.056094,True
0.14,300,1.473509,0.352999,1.059662,True
0.14,301,1.862053,0.536280,0.921304,True
0.14,302,1.541992,0.384963,1.079165,True
0.14,303,2.620168,0.773246,0.655312,True
0.14,304,2.480357,0.802563,0.664863,True
0.14,305,1.400012,0.620829,0.907298,True
0.14,306,2.881359,0.852217,0.639855,True
0.14,307,3.175328,0.993618,0.364345,True
0.14,308,1.219445,0.393032,1.016448,True
0.14,309,2.297996,0.434313,1.038368,True
0.14,310,1.457318,0.280069,1.144743,True
0.14,311,2.458492,0.974108,0.496325,True
0.14,312,1.419969,0.247455,1.176755,True
0.14,313,3.023310,0.403110,1.058843,True
0.14,314,1.850450,0.662621,0.691522,True
0.14,315,2.758122,0.950575,0.512736,True
0.14,316,1.935702,0.388552,1.223018,True
0.14,317,2.951834,1.070779,0.461707,True
0.14,318,2.951554,0.961948,0.568941,True
0.14,319,2.346527,0.907158,0.506884,True
0.14,320,2.349320,0.641108,0.945737,True
0.14,321,2.282799,0.704433,0.870786,True
0.14,322,1.558807,0.485591,0.940017,True
0.14,323,2.870031,1.171311,0.374559,True
0.14,324,1.793123,0.436199,1.063828,True
0.14,325,1.616657,0.540069,0.841524,True
0.14,326,2.868361,0.932063,0.578983,True
0.14,327,2.947011,0.880531,0.479160,True
0.14,328,2.644692,0.822010,0.609157,True
0.14,329,4.158220,0.798952,0.640110,True
0.14,330,2.833754,1.042134,0.412859,True
0.14,331,1.686054,0.332098,1.196840,True
0.14,332,2.407820,0.869926,0.527642,True
0.14,333,1.144196,0.245449,1.024268,True
0.14,334,2.735452,0.429878,1.004590,True
0.14,335,2.554693,1.013297,0.500545,True
0.14,336,2.977779,0.741417,0.821568,True
0.14,337,1.581133,0.331951,1.254306,True
0.14,338,1.762919,0.565276,0.804267,True
0.14,339,3.925676,1.177589,0.354962,True
0.14,340,2.331152,0.489319,1.004853,True
0.14,341,1.834996,0.485719,1.089849,True
0.14,342,0.857678,0.370322,0.970205,True
0.14,343,2.515290,0.675265,0.834543,True
0.14,344,2.706020,1.159750,0.433102,True
0.14,345,2.984387,0.900663,0.643162,True
0.14,346,2.801356,1.015540,0.499896,True
0.14,347,1.051236,0.283639,1.045301,True
0.14,348,2.634634,0.635402,0.916032,True
0.14,349,3.479485,1.106640,0.394942,True
0.14,350,1.723825,0.406471,1.056250,True
0.14,351,2.884775,1.209541,0.372263,True
0.14,352,1.521603,0.335528,1.077534,True
0.14,353,3.052685,0.623424,0.884537,True
0.14,354,2.904752,0.759010,0.759083,True
0.14,355,1.807685,0.540803,0.849375,True
0.14,356,1.061087,0.188080,1.265862,True
0.14,357,2.217627,0.782432,0.503142,True
0.14,358,1.086919,0.340541,1.094607,True
0.14,359,1.788858,0.591565,0.946141,True
0.14,360,1.574300,0.521479,0.870737,True
0.14,361,2.632926,0.661276,0.825415,True
0.14,362,2.297589,0.405753,0.996464,True
0.14,363,2.100840,0.626489,0.784076,True
0.14,364,1.904618,0.623516,0.675141,True
0.14,365,1.786433,0.345523,1.164877,True
0.14,366,1.838576,0.328181,1.296379,True
0.14,367,2.485068,0.517337,0.869608,True
0.14,368,1.920829,0.714897,0.706413,True
0.14,369,1.703448,0.500216,1.011086,True
0.14,370,3.288244,0.836931,0.606763,True
0.14,371,3.439758,0.876919,0.587195,True
0.14,372,1.910430,0.666963,1.082356,True
0.14,373,2.715226,0.784221,0.576682,True
0.14,374,3.016602,0.932205,0.557393,True
0.14,375,3.939115,1.072071,0.406410,True
0.14,376,3.076803,0.787828,0.613901,True
0.14,377,4.132338,1.075445,0.468670,True
0.14,378,2.975214,0.643213,0.851113,True
0.14,379,2.750617,0.788745,0.690474,True
0.14,380,3.452935,0.959032,0.633631,True
0.14,381,1.647127,0.457737,0.923528,True
0.14,382,1.896255,0.507513,0.959237,True
0.14,383,1.436127,0.404799,1.121880,True
0.14,384,1.948570,0.707254,0.854737,True
0.14,385,2.485086,0.953581,0.469097,True
0.14,386,2.932962,0.459813,1.026044,True
0.14,387,7.244806,0.442930,1.074323,True
0.14,388,1.253804,0.411321,0.943001,True
0.14,389,3.611471,0.629691,0.812476,True
0.14,390,1.217867,0.191782,1.153120,True
0.14,391,2.252667,0.627625,0.891219,True
0.14,392,1.966162,0.434037,1.198430,True
0.14,393,1.921425,0.568931,0.829880,True
0.14,394,1.094959,0.301006,1.066352,True
0.14,395,1.214590,0.432168,1.100376,True
0.14,396,1.957815,0.634473,0.890503,True
0.14,397,1.087762,0.389760,0.999880,True
0.14,398,2.493189,0.452267,0.941512,True
0.14,399,2.485457,0.780762,0.665908,True
0.14,400,3.510230,0.916026,0.597800,True
0.14,401,3.518771,0.939804,0.651416,True
0.14,402,2.065594,0.490266,0.897050,True
0.14,403,2.521287,0.742084,0.880949,True
0.14,404,1.957059,0.554460,0.943835,True
0.14,405,1.413945,0.521255,0.853884,True
0.14,406,2.235716,0.751137,0.798730,True
0.14,407,3.335159,1.072520,0.533573,True
0.14,408,2.318457,0.749941,0.701823,True
0.14,409,2.145858,0.390636,1.008514,True
0.14,410,2.336868,0.592230,0.921929,True
0.14,411,1.410674,0.411648,1.006455,True
0.14,412,3.419151,0.869598,0.660959,True
0.14,413,1.544185,0.453751,0.960392,True
0.14,414,2.860326,1.045319,0.434854,True
0.14,415,2.984381,0.667932,0.890009,True
0.14,416,2.823822,0.811428,0.827554,True
0.14,417,4.260819,0.834077,0.667610,True
0.14,418,2.284392,0.607621,0.848089,True
0.14,419,3.013667,0.745534,0.776323,True
0.14,420,3.604710,1.068244,0.572135,True
0.14,421,2.046469,0.612772,0.719532,True
0.14,422,3.077724,0.990813,0.546003,True
0.14,423,2.407579,0.542305,0.997464,True
0.14,424,2.477542,0.835929,0.596417,True
0.14,425,3.349604,0.478694,1.008363,True
0.14,426,2.522853,0.485332,1.009900,True
0.14,427,2.475570,0.850328,0.680407,True
0.14,428,1.765259,0.642862,0.869503,True
0.14,429,2.759591,1.033848,0.568782,True
0.14,430,2.873389,1.035881,0.581715,True
0.14,431,2.038978,0.588654,0.880053,True
0.14,432,2.480697,0.834093,0.690921,True
0.14,433,3.274626,0.769858,0.569071,True
0.14,434,3.330130,0.911246,0.628172,True
0.14,435,1.623220,0.429343,1.116455,True
0.14,436,2.880791,0.703517,0.669321,True
0.14,437,3.276487,0.770351,0.655767,True
0.14,438,1.541045,0.720829,0.700700,True
0.14,439,2.635646,0.817055,0.680201,True
0.14,440,2.009549,0.555494,0.909714,True
0.14,441,0.794144,0.387149,0.900920,True
0.14,442,2.213987,0.570542,0.968343,True
0.14,443,3.333130,0.791074,0.677944,True
0.14,444,2.277276,0.692868,0.817856,True
0.14,445,2.389522,0.595807,0.857559,True
0.14,446,2.178996,0.518240,1.081325,True
0.14,447,3.531101,1.056716,0.465784,True
0.14,448,1.492573,0.600514,0.903312,True
0.14,449,2.377298,0.553674,0.828824,True
0.14,450,1.365413,0.252833,1.259146,True
0.14,451,1.264433,0.546648,1.041009,True
0.14,452,2.214460,0.745908,0.891075,True
0.14,453,3.025709,0.977584,0.565382,True
0.14,454,1.788800,0.460150,1.041428,True
0.14,455,3.579854,1.198964,0.274015,True
0.14,456,1.775711,0.476866,0.957364,True
0.14,457,3.032928,0.639820,0.859960,True
0.14,458,1.615578,0.375665,1.130205,True
0.14,459,2.520449,0.726287,0.759421,True
0.14,460,1.518077,0.455244,0.929395,True
0.14,461,1.700315,0.823335,0.666755,True
0.14,462,1.001892,0.287192,1.113320,True
0.14,463,2.556072,0.355280,1.120103,True
0.14,464,1.690481,0.504056,0.899047,True
0.14,465,2.974651,0.823316,0.747826,True
0.14,466,2.576869,0.479308,0.777087,True
0.14,467,2.206874,0.730340,0.860444,True
0.14,468,2.342437,0.769093,0.764572,True
0.14,469,1.164695,0.392091,0.843516,True
0.14,470,1.328243,0.279142,1.123079,True
0.14,471,2.020530,0.494450,1.012434,True
0.14,472,1.637184,0.518864,0.947080,True
0.14,473,1.990862,0.525664,0.939033,True
0.14,474,2.447164,0.884581,0.471792,True
0.14,475,4.444814,0.958150,0.451055,True
0.14,476,1.779948,0.445931,0.884816,True
0.14,477,1.732545,0.535638,0.885389,True
0.14,478,1.265429,0.437696,1.055326,True
0.14,479,1.657497,0.745686,0.674921,True
0.14,480,2.722341,0.887870,0.642586,True
0.14,481,1.833113,0.640297,0.804376,True
0.14,482,1.583358,0.266986,1.094546,True
0.14,483,1.944171,0.710573,0.810232,True
0.14,484,2.903787,1.056667,0.446362,True
0.14,485,2.532116,0.703474,0.777373,True
0.14,486,3.388206,0.935276,0.408183,True
0.14,487,3.110033,0.854340,0.721357,True
0.14,488,2.194621,0.862976,0.501664,True
0.14,489,1.988331,0.668209,0.940877,True
0.14,490,4.029848,1.470159,0.108052,True
0.14,491,1.646504,0.657258,0.814226,True
0.14,492,2.222448,0.925631,0.796341,True
0.14,493,2.448956,0.993602,0.581460,True
0.14,494,1.091613,0.206798,1.069176,True
0.14,495,2.447249,0.677442,0.858703,True
0.14,496,2.383579,0.511249,0.971553,True
0.14,497,0.951420,0.283348,1.186557,True
0.14,498,3.096845,0.599636,0.793206,True
0.14,499,2.213750,0.503757,0.961124,True
0.16,0,2.736885,0.720217,0.719981,True
0.16,1,3.869363,0.919217,0.576891,True
0.16,2,3.027894,0.873447,0.732392,True
0.16,3,1.539914,0.554229,0.675928,True
0.16,4,1.543253,0.459328,1.113494,True
0.16,5,2.737774,0.847285,0.625674,True
0.16,6,1.171643,0.211084,1.297427,True
0.16,7,2.003809,0.546018,0.935692,True
0.16,8,3.333319,1.117200,0.424646,True
0.16,9,3.344664,0.863991,0.831588,True
0.16,10,3.163888,0.675303,0.702291,True
0.16,11,1.443153,0.322404,1.038364,True
0.16,12,2.461370,0.693126,0.807132,True
0.16,13,1.873382,0.330771,1.093691,True
0.16,14,1.855571,0.510973,1.209475,True
0.16,15,1.711669,0.477660,1.025870,True
0.16,16,2.510324,0.789693,0.796040,True
0.16,17,2.125946,1.009145,0.616888,True
0.16,18,1.919528,0.453328,0.994925,True
0.16,19,2.913672,1.005873,0.527051,True
0.16,20,2.917832,1.033590,0.569479,True
0.16,21,2.704582,0.997422,0.621526,True
0.16,22,1.736686,0.555330,1.060722,True
0.16,23,2.394911,0.849534,0.619618,True
0.16,24,2.137335,0.788930,0.698870,True
0.16,25,1.983076,0.484067,0.896273,True
0.16,26,1.482695,0.508596,0.947455,True
0.16,27,2.199201,0.432929,1.007192,True
0.16,28,1.519829,0.379386,1.003545,True
0.16,29,2.875247,1.221359,0.370111,True
0.16,30,1.433596,0.290993,1.181746,True
0.16,31,1.479653,0.461215,0.985262,True
0.16,32,2.802758,0.605031,0.660155,True
0.16,33,2.597953,0.982291,0.621806,True
0.16,34,1.961842,0.682424,0.842271,True
0.16,35,4.065893,1.179530,0.386281,True
0.16,36,1.838813,0.645644,0.792168,True
0.16,37,2.929040,0.981502,0.450877,True
0.16,38,2.569017,0.880625,0.772404,True
0.16,39,2.907401,0.782534,0.662510,True
0.16,40,3.027151,1.023020,0.531732,True
0.16,41,2.208487,0.785110,0.707174,True
0.16,42,1.547245,0.315831,1.045669,True
0.16,43,1.764871,0.816647,0.654517,True
0.16,44,1.714670,0.722598,0.790640,True
0.16,45,1.737235,0.544158,0.911083,True
0.16,46,3.413531,0.934296,0.639377,True
0.16,47,2.818228,1.063823,0.398339,True
0.16,48,2.657281,0.858242,0.633372,True
0.16,49,2.533345,0.705826,0.695797,True
0.16,50,2.417204,0.781133,0.630662,True
0.16,51,8.012198,0.517997,0.949987,True
0.16,52,1.534043,0.401205,0.958219,True
0.16,53,1.914474,0.579895,0.963143,True
0.16,54,3.156451,0.821015,0.697335,True
0.16,55,0.795765,0.212151,1.245048,True
0.16,56,2.689506,0.478663,1.011514,True
0.16,57,2.584688,0.830803,0.743310,True
0.16,58,2.870412,1.089283,0.367223,True
0.16,59,1.729913,0.628658,0.874425,True
0.16,60,2.372859,0.935060,0.677289,True
0.16,61,1.969467,0.562008,0.852895,True
0.16,62,1.465914,0.524150,1.019874,True
0.16,63,3.338213,0.663405,0.874684,True
0.16,64,3.597446,0.543801,0.931452,True
0.16,65,1.614890,0.791389,0.706893,True
0.16,66,2.276115,0.693347,0.910709,True
0.16,67,2.146023,0.445388,0.998387,True
0.16,68,3.861922,1.210284,0.238703,True
0.16,69,1.960303,0.472344,0.946041,True
0.16,70,1.901215,0.754990,0.690266,True
0.16,71,3.094600,1.047678,0.492570,True
0.16,72,2.024584,0.548782,0.694764,True
0.16,73,3.098321,0.771985,0.915881,True
0.16,74,2.459066,1.029307,0.564979,True
0.16,75,2.459856,0.582902,0.904343,True
0.16,76,3.021812,0.655642,0.765996,True
0.16,77,3.267777,1.075508,0.560783,True
0.16,78,1.453369,0.445618,1.053976,True
0.16,79,2.100322,0.604671,0.842071,True
0.16,80,1.785113,0.447655,1.091498,True
0.16,81,1.302284,0.214812,1.064747,True
0.16,82,4.422116,0.863348,0.765119,True
0.16,83,3.679189,0.949801,0.556330,True
0.16,84,1.426190,0.478395,1.009608,True
0.16,85,1.711420,0.480340,1.049242,True
0.16,86,1.318462,0.346000,1.077955,True
0.16,87,2.682459,1.162574,0.338136,True
0.16,88,0.889180,0.263882,1.332982,True
0.16,89,2.938367,0.791460,0.689111,True
0.16,90,1.854852,0.513786,0.984960,True
0.16,91,2.689281,0.818058,0.792171,True
0.16,92,3.306408,0.591947,0.912255,True
0.16,93,1.431341,0.403744,1.081453,True
0.16,94,2.816996,0.963256,0.637367,True
0.16,95,1.738082,0.325234,1.175111,True
0.16,96,1.922504,0.539855,0.866356,True
0.16,97,3.303362,0.607492,0.843793,True
0.16,98,2.141994,0.546419,0.896239,True
0.16,99,2.516515,0.546948,0.844746,True
0.16,100,2.638733,0.923381,0.507576,True
0.16,101,2.441382,0.713749,0.842238,True
0.16,102,1.552458,0.379008,1.094772,True
0.16,103,3.308663,0.731664,0.719010,True
0.16,104,1.006598,0.419330,0.962182,True
0.16,105,1.351806,0.323750,1.048205,True
0.16,106,1.492726,0.510252,0.795047,True
0.16,107,2.773032,0.602733,1.002339,True
0.16,108,2.581178,0.369272,1.032975,True
0.16,109,1.582541,0.393682,1.036149,True
0.16,110,2.191595,0.600588,0.790889,True
0.16,111,3.212535,0.957972,0.450028,True
0.16,112,2.331074,0.771183,0.742333,True
0.16,113,2.361351,0.964179,0.548563,True
0.16,114,1.897093,0.511358,0.862647,True
0.16,115,1.619817,0.444212,1.062357,True
0.16,116,1.707126,0.364571,1.051595,True
0.16,117,2.465146,0.993335,0.477031,True
0.16,118,2.091584,0.877924,0.552354,True
0.16,119,2.780275,0.653021,0.834765,True
0.16,120,2.745766,0.640949,0.881228,True
0.16,121,3.669496,0.879157,0.632231,True
0.16,122,2.350547,0.556462,0.932726,True
0.16,123,2.065855,0.684841,0.823411,True
0.16,124,3.248060,1.028815,0.494408,True
0.16,125,0.776109,0.290950,1.086191,True
0.16,126,4.249034,0.808076,0.526705,True
0.16,127,2.656038,0.919973,0.514707,True
0.16,128,2.635111,0.528156,0.938941,True
0.16,129,1.656220,0.522190,0.919146,True
0.16,130,2.251704,0.592280,0.814084,True
0.16,131,1.513352,0.618188,0.862387,True
0.16,132,3.023420,0.889051,0.649315,True
0.16,133,2.211508,0.616231,0.848322,True
0.16,134,1.655070,0.714150,0.850606,True
0.16,135,4.205806,0.758119,0.613042,True
0.16,136,2.047043,0.550220,0.976396,True
0.16,137,2.502002,0.676266,0.797512,True
0.16,138,2.610894,1.048664,0.438035,True
0.16,139,1.231168,0.387908,1.079411,True
0.16,140,2.389670,0.696955,0.831012,True
0.16,141,3.412224,0.898330,0.555384,True
0.16,142,2.398941,0.784736,0.781333,True
0.16,143,1.958536,0.694467,0.843911,True
0.16,144,0.804746,0.355127,1.022882,True
0.16,145,0.809607,0.222279,1.163866,True
0.16,146,3.662575,1.271557,0.184089,True
0.16,147,2.262271,0.750635,0.689126,True
0.16,148,1.907894,0.251292,1.111741,True
0.16,149,3.310010,1.093384,0.442259,True
0.16,150,3.553010,1.169019,0.242596,True
0.16,151,1.768633,0.532794,1.036743,True
0.16,152,1.676689,0.564601,0.965876,True
0.16,153,4.293922,0.905528,0.670353,True
0.16,154,1.537739,0.482286,0.837535,True
0.16,155,1.801478,0.663565,0.781285,True
0.16,156,1.437280,0.459453,1.041919,True
0.16,157,3.251137,0.794662,0.526739,True
0.16,158,1.573473,0.322851,1.035570,True
0.16,159,1.907939,0.557725,0.743514,True
0.16,160,1.613513,0.620635,0.826141,True
0.16,161,3.828431,0.876521,0.599334,True
0.16,162,2.101193,0.666384,0.882379,True
0.16,163,3.184982,0.707306,0.805044,True
0.16,164,2.668470,0.956754,0.513390,True
0.16,165,1.146867,0.353791,0.981868,True
0.16,166,3.857491,0.912417,0.656274,True
0.16,167,3.215539,1.044195,0.577754,True
0.16,168,2.218893,0.617537,0.983131,True
0.16,169,1.949837,0.685693,0.807156,True
0.16,170,3.217832,0.873405,0.535010,True
0.16,171,2.401990,0.833342,0.563232,True
0.16,172,2.057416,0.452935,0.925134,True
0.16,173,1.824269,0.454064,1.099824,True
0.16,174,1.999124,0.542027,1.048355,True
0.16,175,2.180495,0.624859,0.853804,True
0.16,176,2.587487,0.479326,1.103323,True
0.16,177,2.057944,0.685809,0.904307,True
0.16,178,2.898740,1.048279,0.586309,True
0.16,179,3.674220,1.008133,0.441019,True
0.16,180,2.002137,0.705212,0.999321,True
0.16,181,1.549950,0.641343,0.976475,True
0.16,182,8.191854,0.540073,0.980095,True
0.16,183,2.155062,0.758687,0.746869,True
0.16,184,2.707498,0.849162,0.751212,True
0.16,185,1.202892,0.358577,1.169888,True
0.16,186,2.681654,0.887410,0.662911,True
0.16,187,1.981642,0.774455,0.762172,True
0.16,188,2.961224,0.914215,0.516719,True
0.16,189,1.606119,0.360376,1.024560,True
0.16,190,2.319769,0.682762,0.799472,True
0.16,191,3.324344,0.939094,0.633541,True
0.16,192,2.445211,1.000499,0.565053,True
0.16,193,1.445516,0.405014,1.040324,True
0.16,194,1.288067,0.349506,1.145809,True
0.16,195,2.751922,0.874169,0.712653,True
0.16,196,2.300569,0.438020,0.980265,True
0.16,197,2.516121,0.826537,0.644843,True
0.16,198,2.702513,0.720553,0.896318,True
0.16,199,2.835034,0.706998,0.928336,True
0.16,200,1.655679,0.337098,1.134821,True
0.16,201,2.120814,0.600124,0.912218,True
0.16,202,1.610397,0.372217,1.107855,True
0.16,203,1.300193,0.570012,0.860748,True
0.16,204,1.506932,0.329583,1.176465,True
0.16,205,2.868738,0.735202,0.894720,True
0.16,206,2.317507,0.622452,0.803895,True
0.16,207,2.825039,0.698352,0.756311,True
0.16,208,0.896654,0.348165,0.931218,True
0.16,209,1.784647,0.460682,1.137254,True
0.16,210,1.575362,0.415372,1.078877,True
0.16,211,2.222359,0.572535,0.909529,True
0.16,212,0.713212,0.153688,1.275316,True
0.16,213,1.567162,0.377407,1.064079,True
0.16,214,1.389514,0.605818,0.861646,True
0.16,215,2.872641,1.219339,0.357055,True
0.16,216,1.139729,0.353149,1.103488,True
0.16,217,2.724813,0.712853,0.735080,True
0.16,218,3.056029,0.966617,0.505385,True
0.16,219,1.683128,0.690635,0.732056,True
0.16,220,2.652193,0.801550,0.758188,True
0.16,221,2.530992,0.581629,0.897056,True
0.16,222,2.760199,0.965059,0.409261,True
0.16,223,2.021175,0.500946,0.950100,True
0.16,224,3.376254,0.666814,0.769173,True
0.16,225,1.267267,0.285525,1.241099,True
0.16,226,1.971537,0.299652,1.256730,True
0.16,227,1.871536,0.346067,1.000134,True
0.16,228,3.061115,0.702864,0.698976,True
0.16,229,2.035448,0.589739,0.909716,True
0.16,230,1.435263,0.451327,1.130312,True
0.16,231,3.162939,0.969485,0.596451,True
0.16,232,1.771021,0.676039,0.856883,True
0.16,233,0.948274,0.299338,1.067876,True
0.16,234,1.461644,0.384293,1.089477,True
0.16,235,2.914616,1.155401,0.451774,True
0.16,236,2.101302,0.585501,0.920447,True
0.16,237,2.857441,0.491488,0.978428,True
0.16,238,1.376011,0.405083,1.171130,True
0.16,239,2.292991,0.601637,0.891151,True
0.16,240,3.049345,0.977480,0.473493,True
0.16,241,2.239957,0.888875,0.544200,True
0.16,242,2.365823,0.960172,0.655394,True
0.16,243,1.103432,0.261203,1.167984,True
0.16,244,2.120646,0.862260,0.617967,True
0.16,245,1.690391,0.271435,1.116570,True
0.16,246,1.539393,0.458057,0.938640,True
0.16,247,2.555326,0.622332,0.938689,True
0.16,248,2.286221,0.350155,1.016137,True
0.16,249,2.377092,0.683757,0.794072,True
0.16,250,1.379699,0.406899,0.927452,True
0.16,251,2.740591,0.603772,0.795945,True
0.16,252,1.326333,0.414135,1.062445,True
0.16,253,4.339452,1.075992,0.474108,True
0.16,254,1.985774,0.447792,0.981494,True
0.16,255,1.916474,0.625872,0.825802,True
0.16,256,3.684195,0.998691,0.467813,True
0.16,257,3.069689,0.949221,0.511986,True
0.16,258,3.596835,0.806066,0.705663,True
0.16,259,3.944545,1.045258,0.517393,True
0.16,260,2.315729,0.826614,0.660561,True
0.16,261,3.469829,0.992067,0.602681,True
0.16,262,1.910240,0.286232,1.155566,True
0.16,263,2.299632,0.636541,0.786435,True
0.16,264,2.119029,0.729824,0.693542,True
0.16,265,2.419985,0.842186,0.622916,True
0.16,266,1.830271,0.598318,0.941315,True
0.16,267,1.382961,0.366550,1.059058,True
0.16,268,2.878796,0.792176,0.694922,True
0.16,269,3.257405,0.699406,0.827866,True
0.16,270,2.615135,0.557897,0.942770,True
0.16,271,1.724391,0.385509,1.187793,True
0.16,272,2.863486,1.007484,0.401802,True
0.16,273,2.703560,0.670455,0.947023,True
0.16,274,1.326910,0.419985,0.997199,True
0.16,275,3.210224,0.665818,0.743289,True
0.16,276,1.678356,0.638299,0.880054,True
0.16,277,4.587683,0.864268,0.572953,True
0.16,278,2.705069,0.675063,0.819060,True
0.16,279,0.954818,0.296641,1.083827,True
0.16,280,2.219344,0.634199,0.846298,True
0.16,281,2.318123,0.932061,0.672147,True
0.16,282,1.853347,0.575209,0.846464,True
0.16,283,1.639321,0.400677,1.105347,True
0.16,284,2.071470,0.735630,0.647759,True
0.16,285,1.707495,0.620145,0.775310,True
0.16,286,2.010462,0.543416,0.948792,True
0.16,287,1.682233,0.647834,0.820817,True
0.16,288,3.641311,0.874513,0.588633,True
0.16,289,0.891084,0.325089,0.997646,True
0.16,290,1.132033,0.357306,1.121930,True
0.16,291,3.027494,0.944809,0.481860,True
0.16,292,2.092036,0.798464,0.741852,True
0.16,293,1.949031,0.534114,0.907727,True
0.16,294,2.222528,0.373023,1.138998,True
0.16,295,2.081397,0.618131,0.840930,True
0.16,296,2.325520,0.494561,0.943383,True
0.16,297,2.979573,0.994715,0.504882,True
0.16,298,1.271534,0.321644,1.054679,True
0.16,299,1.548359,0.366897,1.057842,True
0.16,300,1.452157,0.350545,1.061925,True
0.16,301,1.809560,0.527803,0.929355,True
0.16,302,1.528767,0.382861,1.080928,True
0.16,303,2.553064,0.755431,0.671486,True
0.16,304,2.391909,0.780511,0.685263,True
0.16,305,1.391282,0.618838,0.909027,True
0.16,306,2.761455,0.826349,0.664782,True
0.16,307,3.052735,0.961166,0.395129,True
0.16,308,1.210059,0.391650,1.017587,True
0.16,309,2.220427,0.423419,1.048357,True
0.16,310,1.446811,0.278837,1.145760,True
0.16,311,2.367671,0.949773,0.519638,True
0.16,312,1.412731,0.246718,1.177368,True
0.16,313,2.911382,0.390742,1.070550,True
0.16,314,1.821707,0.656232,0.697378,True
0.16,315,2.645991,0.920220,0.541272,True
0.16,316,1.863023,0.379366,1.231414,True
0.16,317,2.834923,1.037678,0.493310,True
0.16,318,2.827995,0.928936,0.600005,True
0.16,319,2.255351,0.881949,0.530343,True
0.16,320,2.299092,0.630853,0.955249,True
0.16,321,2.200702,0.686939,0.887155,True
0.16,322,1.547287,0.483187,0.942009,True
0.16,323,2.756374,1.135233,0.408832,True
0.16,324,1.775743,0.433206,1.066431,True
0.16,325,1.559020,0.528072,0.851614,True
0.16,326,2.763594,0.905627,0.604157,True
0.16,327,2.844452,0.855450,0.502884,True
0.16,328,2.552442,0.801159,0.629067,True
0.16,329,4.016194,0.759458,0.676322,True
0.16,330,2.749037,1.015340,0.437797,True
0.16,331,1.626743,0.324037,1.203490,True
0.16,332,2.333305,0.851549,0.545180,True
0.16,333,1.124024,0.243460,1.025760,True
0.16,334,2.653289,0.419288,1.014483,True
0.16,335,2.463627,0.987407,0.525178,True
0.16,336,2.860555,0.718587,0.843386,True
0.16,337,1.544202,0.326706,1.258554,True
0.16,338,1.704671,0.553997,0.814377,True
0.16,339,3.787849,1.123962,0.404246,True
0.16,340,2.256716,0.478587,1.014990,True
0.16,341,1.808199,0.481087,1.094009,True
0.16,342,0.856059,0.370125,0.970352,True
0.16,343,2.440209,0.659525,0.849149,True
0.16,344,2.620251,1.131016,0.460178,True
0.16,345,2.866079,0.872595,0.669933,True
0.16,346,2.685077,0.985253,0.529117,True
0.16,347,1.048082,0.283242,1.045582,True
0.16,348,2.537911,0.617833,0.932612,True
0.16,349,3.345758,1.065962,0.433164,True
0.16,350,1.685793,0.401209,1.061013,True
0.16,351,2.762071,1.169362,0.410339,True
0.16,352,1.508631,0.333877,1.078962,True
0.16,353,2.923000,0.603061,0.904118,True
0.16,354,2.800256,0.737416,0.779604,True
0.16,355,1.783656,0.536107,0.853569,True
0.16,356,1.059361,0.187947,1.265962,True
0.16,357,2.160946,0.768007,0.516421,True
0.16,358,1.081734,0.339921,1.095123,True
0.16,359,1.749219,0.583980,0.953169,True
0.16,360,1.544504,0.516220,0.875494,True
0.16,361,2.568685,0.646443,0.838846,True
0.16,362,2.207219,0.394606,1.006852,True
0.16,363,2.025379,0.612139,0.797527,True
0.16,364,1.853792,0.613226,0.684623,True
0.16,365,1.726516,0.338046,1.171433,True
0.16,366,1.809510,0.324836,1.299397,True
0.16,367,2.401867,0.504802,0.881429,True
0.16,368,1.869989,0.703167,0.717252,True
0.16,369,1.690791,0.497796,1.013206,True
0.16,370,3.152734,0.807633,0.634663,True
0.16,371,3.329461,0.844354,0.616953,True
0.16,372,1.854705,0.655668,1.093025,True
0.16,373,2.605700,0.761946,0.598190,True
0.16,374,2.887855,0.900141,0.587761,True
0.16,375,3.800036,1.023449,0.451158,True
0.16,376,2.959023,0.763089,0.637421,True
0.16,377,3.999937,1.022796,0.516709,True
0.16,378,2.864774,0.623159,0.869964,True
0.16,379,2.633932,0.764853,0.713441,True
0.16,380,3.321700,0.924010,0.666490,True
0.16,381,1.600046,0.450784,0.929927,True
0.16,382,1.839754,0.496438,0.968772,True
0.16,383,1.401383,0.399039,1.126524,True
0.16,384,1.878076,0.691038,0.869579,True
0.16,385,2.384933,0.925435,0.495469,True
0.16,386,2.821968,0.446184,1.039046,True
0.16,387,7.244806,0.442930,1.074323,True
0.16,388,1.233864,0.408495,0.945441,True
0.16,389,3.487898,0.605282,0.835004,True
0.16,390,1.211868,0.191315,1.153494,True
0.16,391,2.188040,0.615408,0.902718,True
0.16,392,1.925497,0.428357,1.203703,True
0.16,393,1.848720,0.556659,0.841517,True
0.16,394,1.090502,0.300452,1.066772,True
0.16,395,1.211045,0.431391,1.100936,True
0.16,396,1.905660,0.623913,0.900301,True
0.16,397,1.083877,0.389150,1.000350,True
0.16,398,2.409679,0.440223,0.952587,True
0.16,399,2.399162,0.761561,0.684124,True
0.16,400,3.368150,0.881246,0.630625,True
0.16,401,3.389156,0.904692,0.684185,True
0.16,402,1.991648,0.479234,0.907392,True
0.16,403,2.426989,0.723296,0.899047,True
0.16,404,1.925855,0.548129,0.949475,True
0.16,405,1.393072,0.516890,0.857477,True
0.16,406,2.175716,0.737727,0.811419,True
0.16,407,3.198408,1.034409,0.569790,True
0.16,408,2.230423,0.731424,0.719539,True
0.16,409,2.110286,0.385235,1.013269,True
0.16,410,2.245020,0.576315,0.936920,True
0.16,411,1.403663,0.410425,1.007459,True
0.16,412,3.277217,0.837758,0.691206,True
0.16,413,1.522383,0.450476,0.963396,True
0.16,414,2.741724,1.011604,0.466804,True
0.16,415,2.876586,0.647967,0.908877,True
0.16,416,2.734157,0.790343,0.847367,True
0.16,417,4.143305,0.788772,0.708425,True
0.16,418,2.225822,0.595978,0.858784,True
0.16,419,2.888150,0.721675,0.799211,True
0.16,420,3.459642,1.026277,0.611631,True
0.16,421,1.980210,0.599640,0.731610,True
0.16,422,2.948049,0.955936,0.578903,True
0.16,423,2.355201,0.532552,1.006332,True
0.16,424,2.399979,0.816918,0.614340,True
0.16,425,3.229015,0.461641,1.024231,True
0.16,426,2.468380,0.475679,1.018572,True
0.16,427,2.397558,0.831449,0.698355,True
0.16,428,1.735063,0.636128,0.875583,True
0.16,429,2.661453,1.006173,0.595181,True
0.16,430,2.755004,1.004343,0.612051,True
0.16,431,1.977543,0.577597,0.890448,True
0.16,432,2.387989,0.813243,0.711006,True
0.16,433,3.155523,0.743845,0.593448,True
0.16,434,3.196089,0.879022,0.658698,True
0.16,435,1.601976,0.426263,1.119263,True
0.16,436,2.771168,0.682911,0.688982,True
0.16,437,3.167470,0.744085,0.680002,True
0.16,438,1.509726,0.713201,0.707582,True
0.16,439,2.542440,0.796456,0.699952,True
0.16,440,1.975673,0.548590,0.915866,True
0.16,441,0.793196,0.387030,0.901004,True
0.16,442,2.144057,0.558680,0.979553,True
0.16,443,3.197152,0.761599,0.705625,True
0.16,444,2.203397,0.677583,0.832253,True
0.16,445,2.304065,0.581379,0.871300,True
0.16,446,2.140088,0.511520,1.087492,True
0.16,447,3.394770,1.016282,0.503658,True
0.16,448,1.460977,0.594060,0.909089,True
0.16,449,2.325436,0.544542,0.837295,True
0.16,450,1.351718,0.251468,1.260276,True
0.16,451,1.253062,0.544567,1.042865,True
0.16,452,2.146942,0.729441,0.906161,True
0.16,453,2.906010,0.947090,0.594528,True
0.16,454,1.717903,0.448385,1.051709,True
0.16,455,3.434880,1.152599,0.317746,True
0.16,456,1.735675,0.469937,0.963480,True
0.16,457,2.905108,0.618611,0.880207,True
0.16,458,1.597561,0.372639,1.132680,True
0.16,459,2.451440,0.711004,0.773694,True
0.16,460,1.507526,0.453165,0.931104,True
0.16,461,1.636711,0.803083,0.683885,True
0.16,462,0.998147,0.286793,1.113625,True
0.16,463,2.498527,0.347344,1.127132,True
0.16,464,1.658451,0.498463,0.904083,True
0.16,465,2.861099,0.798270,0.771664,True
0.16,466,2.523479,0.468575,0.786473,True
0.16,467,2.157964,0.718696,0.871179,True
0.16,468,2.266437,0.752494,0.780437,True
0.16,469,1.160754,0.391530,0.843987,True
0.16,470,1.274095,0.273564,1.127655,True
0.16,471,1.957099,0.484773,1.021493,True
0.16,472,1.605267,0.513480,0.952058,True
0.16,473,1.922660,0.514761,0.949276,True
0.16,474,2.364745,0.863798,0.491538,True
0.16,475,4.325483,0.902108,0.501576,True
0.16,476,1.746178,0.441016,0.889364,True
0.16,477,1.702835,0.530323,0.890259,True
0.16,478,1.258523,0.436378,1.056355,True
0.16,479,1.634898,0.739649,0.680302,True
0.16,480,2.614557,0.863176,0.666432,True
0.16,481,1.751786,0.621986,0.820489,True
0.16,482,1.526179,0.260255,1.099853,True
0.16,483,1.867503,0.692648,0.826533,True
0.16,484,2.802242,1.026087,0.475133,True
0.16,485,2.460345,0.688857,0.791210,True
0.16,486,3.248946,0.901246,0.440454,True
0.16,487,2.986854,0.826433,0.747874,True
0.16,488,2.134957,0.846311,0.517014,True
0.16,489,1.916681,0.653399,0.954693,True
0.16,490,3.885758,1.401959,0.170944,True
0.16,491,1.613138,0.650011,0.820867,True
0.16,492,2.129071,0.898675,0.821210,True
0.16,493,2.388648,0.974978,0.598805,True
0.16,494,1.082187,0.205682,1.069848,True
0.16,495,2.348848,0.659591,0.875935,True
0.16,496,2.327766,0.502012,0.980071,True
0.16,497,0.943961,0.282593,1.187110,True
0.16,498,2.979126,0.580618,0.811239,True
0.16,499,2.143320,0.492836,0.971315,True
0.18,0,2.653109,0.702904,0.736308,True
0.18,1,3.756363,0.879332,0.613032,True
0.18,2,2.918096,0.847673,0.756872,True
0.18,3,1.522411,0.550816,0.678981,True
0.18,4,1.528397,0.456674,1.115770,True
0.18,5,2.663230,0.827641,0.643878,True
0.18,6,1.159631,0.210019,1.298226,True
0.18,7,1.936824,0.534861,0.946142,True
0.18,8,3.218859,1.080277,0.459123,True
0.18,9,3.228755,0.835201,0.858487,True
0.18,10,3.073850,0.654602,0.721146,True
0.18,11,1.432014,0.320814,1.039641,True
0.18,12,2.384561,0.678229,0.821343,True
0.18,13,1.834081,0.326064,1.097864,True
0.18,14,1.816323,0.504168,1.215654,True
0.18,15,1.694460,0.474765,1.028478,True
0.18,16,2.426219,0.771400,0.813556,True
0.18,17,2.063748,0.990616,0.634480,True
0.18,18,1.885690,0.448146,0.999657,True
0.18,19,2.820926,0.979147,0.552174,True
0.18,20,2.840000,1.006712,0.594025,True
0.18,21,2.610277,0.972357,0.645549,True
0.18,22,1.714028,0.550907,1.064702,True
0.18,23,2.332607,0.833891,0.634392,True
0.18,24,2.087224,0.776112,0.710689,True
0.18,25,1.948387,0.478729,0.901257,True
0.18,26,1.460961,0.504502,0.950992,True
0.18,27,2.134861,0.423737,1.015580,True
0.18,28,1.504197,0.377130,1.005493,True
0.18,29,2.777183,1.188856,0.400992,True
0.18,30,1.397415,0.287314,1.184951,True
0.18,31,1.450602,0.456956,0.989212,True
0.18,32,2.706682,0.589109,0.675285,True
0.18,33,2.509883,0.958357,0.644587,True
0.18,34,1.929831,0.675260,0.848890,True
0.18,35,3.969220,1.120786,0.438667,True
0.18,36,1.803670,0.638035,0.799122,True
0.18,37,2.821665,0.953480,0.477586,True
0.18,38,2.489979,0.859994,0.791738,True
0.18,39,2.813100,0.761559,0.682239,True
0.18,40,2.937755,0.994323,0.558219,True
0.18,41,2.151026,0.771585,0.719947,True
0.18,42,1.534624,0.314298,1.046996,True
0.18,43,1.733221,0.807811,0.662529,True
0.18,44,1.683715,0.715130,0.797473,True
0.18,45,1.687665,0.535434,0.919091,True
0.18,46,3.299388,0.902347,0.669031,True
0.18,47,2.736489,1.037484,0.422859,True
0.18,48,2.592035,0.839973,0.650151,True
0.18,49,2.443614,0.688338,0.712449,True
0.18,50,2.346674,0.765036,0.645867,True
0.18,51,8.012198,0.517997,0.949987,True
0.18,52,1.524928,0.399791,0.959438,True
0.18,53,1.888628,0.573951,0.968313,True
0.18,54,3.051801,0.795637,0.720964,True
0.18,55,0.794181,0.212056,1.245120,True
0.18,56,2.613055,0.467724,1.021744,True
0.18,57,2.498679,0.811343,0.761927,True
0.18,58,2.768018,1.058820,0.396071,True
0.18,59,1.693795,0.621005,0.881379,True
0.18,60,2.292424,0.913548,0.697675,True
0.18,61,1.913793,0.552200,0.862025,True
0.18,62,1.454960,0.522056,1.021712,True
0.18,63,3.229559,0.641408,0.895049,True
0.18,64,3.481053,0.523402,0.950211,True
0.18,65,1.581148,0.782440,0.715021,True
0.18,66,2.209924,0.680062,0.923356,True
0.18,67,2.102871,0.439424,1.003978,True
0.18,68,3.754906,1.157365,0.286406,True
0.18,69,1.932283,0.467646,0.950278,True
0.18,70,1.872623,0.747465,0.697071,True
0.18,71,2.996142,1.016592,0.521442,True
0.18,72,1.984881,0.540888,0.701801,True
0.18,73,3.005742,0.749005,0.936990,True
0.18,74,2.371265,1.004790,0.588498,True
0.18,75,2.370423,0.568482,0.918081,True
0.18,76,2.930716,0.637341,0.782957,True
0.18,77,3.156148,1.039857,0.593875,True
0.18,78,1.444625,0.444074,1.055282,True
0.18,79,2.024686,0.591064,0.854859,True
0.18,80,1.760544,0.443890,1.094923,True
0.18,81,1.291639,0.213939,1.065476,True
0.18,82,5.836828,0.595719,0.988122,True
0.18,83,3.571633,0.911930,0.590659,True
0.18,84,1.418158,0.476638,1.011006,True
0.18,85,1.689325,0.476642,1.052576,True
0.18,86,1.304823,0.344163,1.079467,True
0.18,87,2.606022,1.136060,0.362942,True
0.18,88,0.887874,0.263725,1.333079,True
0.18,89,2.840219,0.769417,0.709857,True
0.18,90,1.804515,0.506057,0.992321,True
0.18,91,2.617031,0.799726,0.809180,True
0.18,92,3.204694,0.572271,0.930291,True
0.18,93,1.416624,0.401549,1.083349,True
0.18,94,2.714258,0.936930,0.662487,True
0.18,95,1.715856,0.322640,1.177428,True
0.18,96,1.879426,0.532632,0.873142,True
0.18,97,3.190134,0.587628,0.862345,True
0.18,98,2.093888,0.537756,0.904190,True
0.18,99,2.430020,0.533627,0.857399,True
0.18,100,2.559884,0.902207,0.527507,True
0.18,101,2.386552,0.701166,0.853859,True
0.18,102,1.539979,0.377063,1.096407,True
0.18,103,3.194236,0.707569,0.741507,True
0.18,104,1.001785,0.418643,0.962734,True
0.18,105,1.346123,0.322862,1.048889,True
0.18,106,1.446071,0.502158,0.802202,True
0.18,107,2.690118,0.588137,1.016045,True
0.18,108,2.504675,0.361098,1.040681,True
0.18,109,1.534052,0.386472,1.042262,True
0.18,110,2.133710,0.590396,0.800585,True
0.18,111,3.110710,0.928567,0.477324,True
0.18,112,2.284321,0.758999,0.753455,True
0.18,113,2.301352,0.946582,0.565052,True
0.18,114,1.859510,0.504203,0.868940,True
0.18,115,1.607380,0.441967,1.064271,True
0.18,116,1.689362,0.362095,1.053760,True
0.18,117,2.378487,0.969835,0.499597,True
0.18,118,2.056376,0.867310,0.562016,True
0.18,119,2.690242,0.636483,0.850412,True
0.18,120,2.657042,0.624775,0.896491,True
0.18,121,3.556867,0.844378,0.663923,True
0.18,122,2.300003,0.547181,0.941244,True
0.18,123,2.028227,0.676088,0.831395,True
0.18,124,3.138013,0.995913,0.525072,True
0.18,125,0.775045,0.290839,1.086261,True
0.18,126,4.172146,0.761768,0.567565,True
0.18,127,2.580777,0.899341,0.534030,True
0.18,128,2.564699,0.516924,0.949437,True
0.18,129,1.624455,0.516661,0.924195,True
0.18,130,2.196817,0.581906,0.823683,True
0.18,131,1.482293,0.611534,0.868296,True
0.18,132,2.921631,0.863359,0.673438,True
0.18,133,2.152951,0.605292,0.858607,True
0.18,134,1.632607,0.708601,0.855623,True
0.18,135,4.127185,0.714759,0.651271,True
0.18,136,2.017764,0.543677,0.982088,True
0.18,137,2.437333,0.662917,0.809980,True
0.18,138,2.518261,1.021930,0.463439,True
0.18,139,1.214807,0.385357,1.081409,True
0.18,140,2.314462,0.680282,0.846356,True
0.18,141,3.305260,0.866751,0.584318,True
0.18,142,2.343323,0.770053,0.794724,True
0.18,143,1.925528,0.687100,0.850762,True
0.18,144,0.803079,0.354994,1.023009,True
0.18,145,0.808074,0.222161,1.163944,True
0.18,146,3.547376,1.222486,0.229034,True
0.18,147,2.204441,0.737656,0.701379,True
0.18,148,1.855753,0.246866,1.115746,True
0.18,149,3.205922,1.056823,0.475850,True
0.18,150,3.436712,1.126003,0.282237,True
0.18,151,1.734957,0.526407,1.042434,True
0.18,152,1.659519,0.560962,0.969072,True
0.18,153,4.224552,0.851378,0.717990,True
0.18,154,1.526386,0.480157,0.839365,True
0.18,155,1.757175,0.654332,0.789914,True
0.18,156,1.424377,0.457053,1.043913,True
0.18,157,3.139769,0.769216,0.550503,True
0.18,158,1.526835,0.318033,1.039997,True
0.18,159,1.876720,0.552066,0.748761,True
0.18,160,1.598797,0.617323,0.829085,True
0.18,161,3.715617,0.839296,0.633103,True
0.18,162,2.041034,0.654002,0.893953,True
0.18,163,3.077506,0.685412,0.825513,True
0.18,164,2.579172,0.933414,0.535675,True
0.18,165,1.141959,0.353170,0.982387,True
0.18,166,3.749590,0.873002,0.691863,True
0.18,167,3.106749,1.011437,0.608384,True
0.18,168,2.178588,0.609032,0.990880,True
0.18,169,1.905978,0.675731,0.816285,True
0.18,170,3.108867,0.845876,0.560731,True
0.18,171,2.339294,0.817835,0.577858,True
0.18,172,2.024452,0.447635,0.929908,True
0.18,173,1.782815,0.448135,1.105368,True
0.18,174,1.947551,0.533404,1.056444,True
0.18,175,2.139612,0.615933,0.861878,True
0.18,176,2.499671,0.466871,1.114973,True
0.18,177,2.018089,0.676742,0.912634,True
0.18,178,2.819806,1.021754,0.610715,True
0.18,179,3.561402,0.968790,0.476934,True
0.18,180,1.946338,0.693192,1.010628,True
0.18,181,1.528215,0.636648,0.980748,True
0.18,182,8.191854,0.540073,0.980095,True
0.18,183,2.087302,0.744395,0.760679,True
0.18,184,2.617906,0.828014,0.771317,True
0.18,185,1.186447,0.356585,1.171606,True
0.18,186,2.591129,0.864852,0.684268,True
0.18,187,1.907938,0.756921,0.778490,True
0.18,188,2.858019,0.885794,0.543043,True
0.18,189,1.590574,0.358180,1.026446,True
0.18,190,2.265554,0.671286,0.810186,True
0.18,191,3.215306,0.908136,0.662214,True
0.18,192,2.358881,0.976496,0.587967,True
0.18,193,1.415120,0.400484,1.044194,True
0.18,194,1.276314,0.347906,1.147120,True
0.18,195,2.665575,0.852182,0.733291,True
0.18,196,2.239285,0.430045,0.987800,True
0.18,197,2.447164,0.809505,0.660821,True
0.18,198,2.608137,0.700029,0.915342,True
0.18,199,2.740170,0.688238,0.946076,True
0.18,200,1.642543,0.335296,1.136358,True
0.18,201,2.063546,0.589245,0.922302,True
0.18,202,1.568932,0.367214,1.112448,True
0.18,203,1.281804,0.566298,0.863936,True
0.18,204,1.495265,0.328168,1.177707,True
0.18,205,2.796454,0.716829,0.911401,True
0.18,206,2.245765,0.609577,0.816140,True
0.18,207,2.724603,0.679083,0.774587,True
0.18,208,0.895186,0.347977,0.931352,True
0.18,209,1.762386,0.457005,1.140549,True
0.18,210,1.562160,0.413322,1.080670,True
0.18,211,2.183067,0.563905,0.917152,True
0.18,212,0.712698,0.153646,1.275334,True
0.18,213,1.552318,0.375097,1.066017,True
0.18,214,1.380424,0.603804,0.863397,True
0.18,215,2.778319,1.187046,0.387519,True
0.18,216,1.126207,0.351421,1.104886,True
0.18,217,2.628783,0.694201,0.752853,True
0.18,218,2.952245,0.934865,0.534507,True
0.18,219,1.639848,0.679971,0.741457,True
0.18,220,2.559123,0.781251,0.777616,True
0.18,221,2.467760,0.569571,0.908111,True
0.18,222,2.667461,0.940017,0.432970,True
0.18,223,1.965515,0.492200,0.958242,True
0.18,224,3.264467,0.644367,0.789983,True
0.18,225,1.258346,0.284569,1.241904,True
0.18,226,1.894942,0.291336,1.263990,True
0.18,227,1.848618,0.343099,1.002761,True
0.18,228,2.962541,0.682536,0.717955,True
0.18,229,1.979529,0.580030,0.918971,True
0.18,230,1.425772,0.449444,1.131832,True
0.18,231,3.071513,0.940572,0.622966,True
0.18,232,1.751863,0.671517,0.860971,True
0.18,233,0.946569,0.299157,1.068014,True
0.18,234,1.445270,0.381758,1.091585,True
0.18,235,2.822597,1.124655,0.480625,True
0.18,236,2.064592,0.578222,0.927095,True
0.18,237,2.759036,0.478169,0.991052,True
0.18,238,1.345808,0.400529,1.174945,True
0.18,239,2.205371,0.585524,0.906060,True
0.18,240,2.952558,0.949442,0.499629,True
0.18,241,2.180011,0.873251,0.559050,True
0.18,242,2.290794,0.940025,0.674693,True
0.18,243,1.089309,0.259577,1.169121,True
0.18,244,2.068019,0.848638,0.630857,True
0.18,245,1.656535,0.268343,1.119381,True
0.18,246,1.520974,0.454854,0.941399,True
0.18,247,2.467443,0.607566,0.952877,True
0.18,248,2.223192,0.343418,1.022441,True
0.18,249,2.324381,0.671908,0.804955,True
0.18,250,1.353316,0.402701,0.930892,True
0.18,251,2.644653,0.588179,0.810850,True
0.18,252,1.317543,0.412774,1.063606,True
0.18,253,6.164693,0.734004,0.756432,True
0.18,254,1.938257,0.440181,0.988270,True
0.18,255,1.885469,0.618785,0.832109,True
0.18,256,3.582951,0.957422,0.504880,True
0.18,257,2.968251,0.921379,0.538041,True
0.18,258,3.483316,0.775735,0.733464,True
0.18,259,3.837428,0.997396,0.560457,True
0.18,260,2.264311,0.813316,0.672951,True
0.18,261,3.358141,0.957115,0.634891,True
0.18,262,1.886534,0.282897,1.158297,True
0.18,263,2.247508,0.624999,0.796864,True
0.18,264,2.059404,0.716741,0.705879,True
0.18,265,2.343481,0.824360,0.640021,True
0.18,266,1.799248,0.592198,0.946954,True
0.18,267,1.372296,0.365053,1.060327,True
0.18,268,2.792677,0.771755,0.713964,True
0.18,269,3.152995,0.677184,0.848451,True
0.18,270,2.533698,0.543873,0.955759,True
0.18,271,1.691694,0.381303,1.191643,True
0.18,272,2.772822,0.980928,0.426673,True
0.18,273,2.605545,0.651910,0.964510,True
0.18,274,1.319485,0.418628,0.998278,True
0.18,275,3.097119,0.644852,0.762999,True
0.18,276,1.654979,0.632705,0.884950,True
0.18,277,5.884060,0.614974,0.782207,True
0.18,278,2.626536,0.659489,0.833676,True
0.18,279,0.951474,0.296292,1.084091,True
0.18,280,2.151743,0.620834,0.858696,True
0.18,281,2.270147,0.917751,0.685408,True
0.18,282,1.800704,0.564581,0.855930,True
0.18,283,1.619774,0.397111,1.108244,True
0.18,284,2.037697,0.727067,0.655546,True
0.18,285,1.670057,0.612928,0.782104,True
0.18,286,1.945819,0.530507,0.960098,True
0.18,287,1.657602,0.642286,0.825818,True
0.18,288,3.530284,0.840211,0.619860,True
0.18,289,0.888952,0.324819,0.997828,True
0.18,290,1.125297,0.356359,1.122666,True
0.18,291,2.926239,0.917550,0.507428,True
0.18,292,2.018688,0.779091,0.759434,True
0.18,293,1.906539,0.526466,0.914695,True
0.18,294,2.182711,0.367628,1.143832,True
0.18,295,2.018168,0.606705,0.851821,True
0.18,296,2.278733,0.487018,0.950340,True
0.18,297,2.878486,0.964842,0.532647,True
0.18,298,1.256772,0.320078,1.056082,True
0.18,299,1.535392,0.364988,1.059465,True
0.18,300,1.433066,0.348365,1.063934,True
0.18,301,1.765153,0.520668,0.936111,True
0.18,302,1.516465,0.380897,1.082566,True
0.18,303,2.495199,0.739698,0.685624,True
0.18,304,2.317321,0.761778,0.702448,True
0.18,305,1.382960,0.616944,0.910670,True
0.18,306,2.662925,0.804713,0.685462,True
0.18,307,2.951505,0.933509,0.421092,True
0.18,308,1.201242,0.390361,1.018649,True
0.18,309,2.154726,0.414151,1.056786,True
0.18,310,1.436965,0.277678,1.146711,True
0.18,311,2.291906,0.929379,0.539065,True
0.18,312,1.405796,0.246011,1.177955,True
0.18,313,2.817570,0.380160,1.080479,True
0.18,314,1.795381,0.650386,0.702718,True
0.18,315,2.552846,0.894713,0.565046,True
0.18,316,1.802378,0.371770,1.238317,True
0.18,317,2.737350,1.009670,0.519855,True
0.18,318,2.726518,0.901199,0.625831,True
0.18,319,2.178928,0.860817,0.549870,True
0.18,320,2.253918,0.621568,0.963814,True
0.18,321,2.131516,0.672195,0.900865,True
0.18,322,1.536474,0.480916,0.943880,True
0.18,323,2.661679,1.104755,0.437555,True
0.18,324,1.759493,0.430392,1.068866,True
0.18,325,1.510778,0.518162,0.859868,True
0.18,326,2.675320,0.883043,0.625507,True
0.18,327,2.757465,0.833795,0.523202,True
0.18,328,2.474164,0.783339,0.645984,True
0.18,329,3.912543,0.723634,0.708473,True
0.18,330,2.676175,0.991827,0.459491,True
0.18,331,1.577331,0.317349,1.208929,True
0.18,332,2.269271,0.835706,0.560227,True
0.18,333,1.106393,0.241750,1.027038,True
0.18,334,2.582473,0.410021,1.023072,True
0.18,335,2.386172,0.965321,0.546081,True
0.18,336,2.763031,0.699278,0.861697,True
0.18,337,1.511858,0.322136,1.262219,True
0.18,338,1.655318,0.544552,0.822801,True
0.18,339,3.680151,1.076295,0.447284,True
0.18,340,2.192719,0.469362,1.023663,True
0.18,341,1.783630,0.476837,1.097810,True
0.18,342,0.854485,0.369934,0.970495,True
0.18,343,2.375676,0.645849,0.861741,True
0.18,344,2.546935,1.106120,0.483464,True
0.18,345,2.768404,0.848909,0.692321,True
0.18,346,2.588717,0.959951,0.553383,True
0.18,347,1.045032,0.282859,1.045852,True
0.18,348,2.456297,0.602902,0.946606,True
0.18,349,3.237675,1.030935,0.465607,True
0.18,350,1.652309,0.396608,1.065165,True
0.18,351,2.661029,1.135738,0.441914,True
0.18,352,1.496396,0.332322,1.080303,True
0.18,353,2.816154,0.585998,0.920400,True
0.18,354,2.712187,0.718915,0.797050,True
0.18,355,1.761683,0.531799,0.857398,True
0.18,356,1.057666,0.187816,1.266061,True
0.18,357,2.112369,0.755501,0.527838,True
0.18,358,1.076830,0.339334,1.095609,True
0.18,359,1.715074,0.577442,0.959195,True
0.18,360,1.518132,0.511605,0.879661,True
0.18,361,2.513126,0.633263,0.850655,True
0.18,362,2.131725,0.385298,1.015465,True
0.18,363,1.962181,0.600181,0.808684,True
0.18,364,1.810105,0.604415,0.692706,True
0.18,365,1.675760,0.331770,1.176894,True
0.18,366,1.783284,0.321810,1.302113,True
0.18,367,2.331134,0.494082,0.891474,True
0.18,368,1.826151,0.693084,0.726528,True
0.18,369,1.678698,0.495480,1.015230,True
0.18,370,3.041291,0.782820,0.658061,True
0.18,371,3.239299,0.815618,0.642819,True
0.18,372,1.807626,0.646167,1.101969,True
0.18,373,2.514493,0.743299,0.616103,True
0.18,374,2.782718,0.873240,0.612962,True
0.18,375,3.693243,0.980165,0.490236,True
0.18,376,2.860509,0.741971,0.657329,True
0.18,377,3.908851,0.974308,0.559878,True
0.18,378,2.772819,0.606035,0.885897,True
0.18,379,2.537754,0.744958,0.732432,True
0.18,380,3.214676,0.893830,0.694431,True
0.18,381,1.560313,0.444990,0.935249,True
0.18,382,1.791295,0.486949,0.976857,True
0.18,383,1.371400,0.394116,1.130460,True
0.18,384,1.818882,0.677541,0.881866,True
0.18,385,2.301313,0.901874,0.517387,True
0.18,386,2.728498,0.434558,1.050060,True
0.18,387,7.244806,0.442930,1.074323,True
0.18,388,1.216265,0.406035,0.947565,True
0.18,389,3.388929,0.583775,0.854525,True
0.18,390,1.206178,0.190872,1.153848,True
0.18,391,2.131503,0.604735,0.912723,True
0.18,392,1.889399,0.423315,1.208364,True
0.18,393,1.788307,0.546578,0.851054,True
0.18,394,1.086247,0.299923,1.067172,True
0.18,395,1.207615,0.430636,1.101478,True
0.18,396,1.860046,0.614734,0.908790,True
0.18,397,1.080158,0.388565,1.000799,True
0.18,398,2.338838,0.429905,0.961990,True
0.18,399,2.326087,0.745235,0.699522,True
0.18,400,3.252191,0.851515,0.658349,True
0.18,401,3.283524,0.874218,0.712230,True
0.18,402,1.929542,0.470027,0.915987,True
0.18,403,2.347904,0.707489,0.914199,True
0.18,404,1.897763,0.542389,0.954556,True
0.18,405,1.374474,0.513007,0.860653,True
0.18,406,2.123776,0.726079,0.822386,True
0.18,407,3.086380,1.002074,0.600189,True
0.18,408,2.156672,0.715958,0.734278,True
0.18,409,2.078495,0.380327,1.017553,True
0.18,410,2.168151,0.563019,0.949373,True
0.18,411,1.396954,0.409250,1.008420,True
0.18,412,3.161531,0.810721,0.716595,True
0.18,413,1.502665,0.447531,0.966094,True
0.18,414,2.643960,0.983334,0.493349,True
0.18,415,2.785983,0.630846,0.924918,True
0.18,416,2.657521,0.771994,0.864467,True
0.18,417,4.070200,0.745551,0.746432,True
0.18,418,2.175551,0.585853,0.868007,True
0.18,419,2.784854,0.701647,0.818261,True
0.18,420,3.341806,0.990258,0.645091,True
0.18,421,1.923616,0.588475,0.741824,True
0.18,422,2.842157,0.926584,0.606279,True
0.18,423,2.309051,0.523819,1.014207,True
0.18,424,2.333994,0.800600,0.629619,True
0.18,425,3.129251,0.446876,1.037801,True
0.18,426,2.421196,0.467022,1.026258,True
0.18,427,2.331035,0.815230,0.713681,True
0.18,428,1.707980,0.630095,0.881008,True
0.18,429,2.577911,0.982419,0.617703,True
0.18,430,2.656982,0.977913,0.637299,True
0.18,431,1.924731,0.568144,0.899305,True
0.18,432,2.310537,0.795768,0.727758,True
0.18,433,3.056813,0.721400,0.614236,True
0.18,434,3.086738,0.851611,0.684358,True
0.18,435,1.582353,0.423431,1.121840,True
0.18,436,2.679893,0.665467,0.705494,True
0.18,437,3.077068,0.721157,0.700882,True
0.18,438,1.482472,0.706623,0.713504,True
0.18,439,2.463752,0.778931,0.716657,True
0.18,440,1.945393,0.542359,0.921378,True
0.18,441,0.792266,0.386915,0.901086,True
0.18,442,2.083614,0.548468,0.989169,True
0.18,443,3.087766,0.736504,0.728849,True
0.18,444,2.139788,0.664451,0.844566,True
0.18,445,2.231659,0.569163,0.882883,True
0.18,446,2.104555,0.505354,1.093123,True
0.18,447,3.283501,0.981439,0.535871,True
0.18,448,1.433746,0.588555,0.914007,True
0.18,449,2.278943,0.536294,0.844901,True
0.18,450,1.338994,0.250206,1.261317,True
0.18,451,1.242595,0.542662,1.044564,True
0.18,452,2.088903,0.715258,0.919063,True
0.18,453,2.806877,0.921308,0.618962,True
0.18,454,1.658893,0.438698,1.060097,True
0.18,455,3.317615,1.112878,0.354712,True
0.18,456,1.700553,0.463876,0.968799,True
0.18,457,2.800073,0.600808,0.897048,True
0.18,458,1.581026,0.369843,1.134950,True
0.18,459,2.391340,0.697561,0.786164,True
0.18,460,1.497599,0.451199,0.932711,True
0.18,461,1.583604,0.786335,0.697890,True
0.18,462,0.994572,0.286413,1.113915,True
0.18,463,2.449107,0.340270,1.133319,True
0.18,464,1.630554,0.493585,0.908451,True
0.18,465,2.766310,0.776986,0.791758,True
0.18,466,2.477496,0.458911,0.794811,True
0.18,467,2.114463,0.708294,0.880716,True
0.18,468,2.200593,0.738154,0.794099,True
0.18,469,1.156943,0.390989,0.844441,True
0.18,470,1.230044,0.269166,1.131242,True
0.18,471,1.902978,0.476569,1.029145,True
0.18,472,1.577471,0.508808,0.956365,True
0.18,473,1.865551,0.505685,0.957768,True
0.18,474,2.295170,0.846154,0.508201,True
0.18,475,4.264510,0.847128,0.549826,True
0.18,476,1.716489,0.436694,0.893345,True
0.18,477,1.676255,0.525579,0.894592,True
0.18,478,1.252006,0.435129,1.057325,True
0.18,479,1.614457,0.734181,0.685155,True
0.18,480,2.525227,0.842491,0.686278,True
0.18,481,1.684722,0.607064,0.833489,True
0.18,482,1.478213,0.254665,1.104190,True
0.18,483,1.803679,0.677851,0.839896,True
0.18,484,2.716695,0.999818,0.499631,True
0.18,485,2.396734,0.675854,0.803460,True
0.18,486,3.135293,0.872339,0.467556,True
0.18,487,2.884844,0.802751,0.770166,True
0.18,488,2.082907,0.831752,0.530346,True
0.18,489,1.856656,0.641101,0.966121,True
0.18,490,3.776858,1.341070,0.225974,True
0.18,491,1.583773,0.643683,0.826655,True
0.18,492,2.051609,0.876399,0.841609,True
0.18,493,2.335491,0.958408,0.614139,True
0.18,494,1.073432,0.204647,1.070466,True
0.18,495,2.267002,0.644760,0.890195,True
0.18,496,2.278552,0.493784,0.987607,True
0.18,497,0.937089,0.281905,1.187614,True
0.18,498,2.880985,0.564380,0.826494,True
0.18,499,2.082924,0.483480,0.979999,True
0.20,0,2.580675,0.687716,0.750525,True
0.20,1,3.670880,0.842545,0.645689,True
0.20,2,2.825667,0.825473,0.777770,True
0.20,3,1.506282,0.547676,0.681781,True
0.20,4,1.514492,0.454191,1.117892,True
0.20,5,2.598591,0.810213,0.659878,True
0.20,6,1.148558,0.209045,1.298956,True
0.20,7,1.879817,0.525427,0.954941,True
0.20,8,3.123899,1.047936,0.488923,True
0.20,9,3.132531,0.810007,0.881722,True
0.20,10,2.998053,0.636120,0.737751,True
0.20,11,1.421638,0.319324,1.040831,True
0.20,12,2.319255,0.665408,0.833486,True
0.20,13,1.799080,0.321871,1.101557,True
0.20,14,1.781495,0.498140,1.221101,True
0.20,15,1.678231,0.472034,1.030931,True
0.20,16,2.354228,0.755675,0.828537,True
0.20,17,2.009737,0.974587,0.649650,True
0.20,18,1.855159,0.443463,1.003914,True
0.20,19,2.741579,0.955749,0.573970,True
0.20,20,2.773050,0.982702,0.615701,True
0.20,21,2.530710,0.950887,0.665973,True
0.20,22,1.693150,0.546830,1.068358,True
0.20,23,2.277302,0.819946,0.647498,True
0.20,24,2.042776,0.764715,0.721142,True
0.20,25,1.916710,0.473852,0.905794,True
0.20,26,1.441470,0.500837,0.954142,True
0.20,27,2.079113,0.415750,1.022816,True
0.20,28,1.489782,0.375044,1.007284,True
0.20,29,2.694820,1.160797,0.427386,True
0.20,30,1.366391,0.284209,1.187650,True
0.20,31,1.425271,0.453282,0.992618,True
0.20,32,2.625285,0.575381,0.688224,True
0.20,33,2.435325,0.937829,0.663979,True
0.20,34,1.900427,0.668676,0.854952,True
0.20,35,3.910812,1.063447,0.488541,True
0.20,36,1.772438,0.631270,0.805275,True
0.20,37,2.731433,0.929454,0.500293,True
0.20,38,2.421946,0.842031,0.808446,True
0.20,39,2.733148,0.743275,0.699265,True
0.20,40,2.861448,0.968906,0.581414,True
0.20,41,2.099827,0.759554,0.731271,True
0.20,42,1.522772,0.312853,1.048240,True
0.20,43,1.704807,0.799893,0.669680,True
0.20,44,1.656108,0.708487,0.803529,True
0.20,45,1.645263,0.528047,0.925851,True
0.20,46,3.205566,0.874166,0.694801,True
0.20,47,2.665733,1.014190,0.444352,True
0.20,48,2.534988,0.823611,0.665035,True
0.20,49,2.367937,0.673426,0.726542,True
0.20,50,2.286151,0.751076,0.658961,True
0.20,51,8.012198,0.517997,0.949987,True
0.20,52,1.516176,0.398432,0.960607,True
0.20,53,1.865178,0.568489,0.973026,True
0.20,54,2.964314,0.773440,0.741374,True
0.20,55,0.792638,0.211964,1.245190,True
0.20,56,2.546729,0.458071,1.030698,True
0.20,57,2.425885,0.794644,0.777785,True
0.20,58,2.682369,1.032633,0.420612,True
0.20,59,1.661693,0.614244,0.887503,True
0.20,60,2.224345,0.895228,0.714922,True
0.20,61,1.865714,0.543766,0.869843,True
0.20,62,1.444608,0.520079,1.023444,True
0.20,63,3.139603,0.621989,0.912772,True
0.20,64,3.386831,0.505184,0.966689,True
0.20,65,1.551504,0.774631,0.722091,True
0.20,66,2.152199,0.668480,0.934340,True
0.20,67,2.063348,0.433960,1.009082,True
0.20,68,3.675571,1.108118,0.329866,True
0.20,69,1.906635,0.463316,0.954160,True
0.20,70,1.846452,0.740558,0.703288,True
0.20,71,2.912905,0.989286,0.546513,True
0.20,72,1.949408,0.533792,0.708083,True
0.20,73,2.927500,0.728661,0.955445,True
0.20,74,2.297315,0.983990,0.608326,True
0.20,75,2.295133,0.556242,0.929661,True
0.20,76,2.853220,0.621185,0.797761,True
0.20,77,3.065040,1.008616,0.622415,True
0.20,78,1.436293,0.442599,1.056526,True
0.20,79,1.960904,0.579634,0.865546,True
0.20,80,1.737844,0.440415,1.098076,True
0.20,81,1.281667,0.213125,1.066154,True
0.20,82,5.836828,0.595719,0.988122,True
0.20,83,3.486342,0.877442,0.621357,True
0.20,84,1.410547,0.474961,1.012333,True
0.20,85,1.668745,0.473207,1.055665,True
0.20,86,1.292235,0.342476,1.080851,True
0.20,87,2.540070,1.112732,0.384578,True
0.20,88,0.886594,0.263571,1.333174,True
0.20,89,2.756818,0.750251,0.727730,True
0.20,90,1.761097,0.499439,0.998613,True
0.20,91,2.554095,0.783442,0.824158,True
0.20,92,3.119908,0.554789,0.946092,True
0.20,93,1.402935,0.399515,1.085102,True
0.20,94,2.628200,0.914410,0.683783,True
0.20,95,1.695422,0.320251,1.179552,True
0.20,96,1.841171,0.526243,0.879129,True
0.20,97,3.095873,0.570243,0.878377,True
0.20,98,2.051075,0.530019,0.911251,True
0.20,99,2.356435,0.522219,0.868167,True
0.20,100,2.492386,0.883748,0.544735,True
0.20,101,2.337794,0.689830,0.864252,True
0.20,102,1.528271,0.375231,1.097939,True
0.20,103,3.099885,0.686492,0.760911,True
0.20,104,0.997219,0.417993,0.963256,True
0.20,105,1.340667,0.322005,1.049547,True
0.20,106,1.406669,0.495448,0.808118,True
0.20,107,2.618195,0.575271,1.028032,True
0.20,108,2.439689,0.353993,1.047315,True
0.20,109,1.492639,0.380386,1.047381,True
0.20,110,2.083201,0.581486,0.809024,True
0.20,111,3.025307,0.902614,0.501104,True
0.20,112,2.242393,0.747942,0.763476,True
0.20,113,2.248546,0.930988,0.579579,True
0.20,114,1.825948,0.497798,0.874535,True
0.20,115,1.595634,0.439838,1.066078,True
0.20,116,1.672869,0.359786,1.055770,True
0.20,117,2.304780,0.949806,0.518741,True
0.20,118,2.024365,0.857595,0.570808,True
0.20,119,2.613057,0.622089,0.863928,True
0.20,120,2.581541,0.610755,0.909608,True
0.20,121,3.466568,0.812968,0.692053,True
0.20,122,2.254930,0.538813,0.948872,True
0.20,123,1.994487,0.668181,0.838562,True
0.20,124,3.048147,0.967073,0.551523,True
0.20,125,0.774006,0.290731,1.086329,True
0.20,126,4.155430,0.712712,0.609654,True
0.20,127,2.515450,0.881147,0.550935,True
0.20,128,2.502812,0.506916,0.958721,True
0.20,129,1.596313,0.511788,0.928630,True
0.20,130,2.149249,0.572795,0.832044,True
0.20,131,1.454905,0.605726,0.873441,True
0.20,132,2.836183,0.841022,0.694175,True
0.20,133,2.101765,0.595711,0.867572,True
0.20,134,1.612148,0.703548,0.860174,True
0.20,135,4.100752,0.669684,0.690004,True
0.20,136,1.991350,0.537653,0.987278,True
0.20,137,2.380314,0.651026,0.821012,True
0.20,138,2.440499,0.999097,0.484943,True
0.20,139,1.200003,0.383070,1.083194,True
0.20,140,2.249941,0.665863,0.859516,True
0.20,141,3.217301,0.838646,0.609673,True
0.20,142,2.294585,0.756973,0.806549,True
0.20,143,1.895044,0.680306,0.857063,True
0.20,144,0.801466,0.354865,1.023132,True
0.20,145,0.806576,0.222047,1.164020,True
0.20,146,3.456268,1.178276,0.268772,True
0.20,147,2.152945,0.726093,0.712251,True
0.20,148,1.810628,0.243050,1.119181,True
0.20,149,3.119363,1.024434,0.505189,True
0.20,150,3.341855,1.087735,0.316948,True
0.20,151,1.704697,0.520685,1.047509,True
0.20,152,1.643561,0.557569,0.972039,True
0.20,153,4.226525,0.792006,0.768734,True
0.20,154,1.515635,0.478137,0.841094,True
0.20,155,1.718780,0.646363,0.797336,True
0.20,156,1.412351,0.454816,1.045764,True
0.20,157,3.048175,0.746961,0.570985,True
0.20,158,1.487279,0.314018,1.043685,True
0.20,159,1.848108,0.546881,0.753553,True
0.20,160,1.584975,0.614209,0.831842,True
0.20,161,3.629552,0.805091,0.663507,True
0.20,162,1.988786,0.643270,0.903939,True
0.20,163,2.987685,0.666275,0.843184,True
0.20,164,2.503101,0.913300,0.554751,True
0.20,165,1.137247,0.352576,0.982884,True
0.20,166,3.671387,0.836285,0.724263,True
0.20,167,3.015401,0.982784,0.634864,True
0.20,168,2.142114,0.601263,0.997912,True
0.20,169,1.867051,0.666901,0.824339,True
0.20,170,3.017628,0.821810,0.582950,True
0.20,171,2.283558,0.803992,0.590849,True
0.20,172,1.994457,0.442776,0.934259,True
0.20,173,1.746460,0.442953,1.110197,True
0.20,174,1.902793,0.525929,1.063426,True
0.20,175,2.103087,0.607863,0.869124,True
0.20,176,2.424871,0.456147,1.124923,True
0.20,177,1.982182,0.668547,0.920122,True
0.20,178,2.752415,0.998142,0.632176,True
0.20,179,3.472489,0.933187,0.508822,True
0.20,180,1.897937,0.682815,1.020358,True
0.20,181,1.508566,0.632416,0.984590,True
0.20,182,8.191854,0.540073,0.980095,True
0.20,183,2.029613,0.732231,0.772389,True
0.20,184,2.540876,0.809658,0.788658,True
0.20,185,1.171912,0.354843,1.173109,True
0.20,186,2.514129,0.845404,0.702540,True
0.20,187,1.845703,0.742226,0.792095,True
0.20,188,2.771817,0.861185,0.565554,True
0.20,189,1.576023,0.356122,1.028206,True
0.20,190,2.217684,0.661061,0.819672,True
0.20,191,3.127149,0.880786,0.687104,True
0.20,192,2.285629,0.956055,0.607372,True
0.20,193,1.388498,0.396556,1.047536,True
0.20,194,1.265377,0.346422,1.148331,True
0.20,195,2.591872,0.833043,0.751098,True
0.20,196,2.184685,0.422940,0.994487,True
0.20,197,2.386977,0.794476,0.674823,True
0.20,198,2.528983,0.682378,0.931514,True
0.20,199,2.659255,0.671960,0.961344,True
0.20,200,1.630150,0.333588,1.137809,True
0.20,201,2.013669,0.579759,0.931045,True
0.20,202,1.533268,0.362961,1.116345,True
0.20,203,1.265257,0.562992,0.866771,True
0.20,204,1.484240,0.326830,1.178877,True
0.20,205,2.734154,0.700342,0.926192,True
0.20,206,2.183514,0.598414,0.826714,True
0.20,207,2.639690,0.662518,0.790169,True
0.20,208,0.893748,0.347793,0.931482,True
0.20,209,1.741880,0.453606,1.143580,True
0.20,210,1.549676,0.411382,1.082361,True
0.20,211,2.148073,0.556065,0.924011,True
0.20,212,0.712192,0.153604,1.275351,True
0.20,213,1.538610,0.372951,1.067806,True
0.20,214,1.371783,0.601893,0.865056,True
0.20,215,2.698935,1.159036,0.413663,True
0.20,216,1.114036,0.349882,1.106129,True
0.20,217,2.547409,0.678198,0.767993,True
0.20,218,2.866540,0.907181,0.559520,True
0.20,219,1.602275,0.670775,0.749516,True
0.20,220,2.479512,0.763799,0.794233,True
0.20,221,2.412880,0.558853,0.917836,True
0.20,222,2.588653,0.918395,0.453278,True
0.20,223,1.917333,0.484645,0.965242,True
0.20,224,3.173547,0.624546,0.808057,True
0.20,225,1.250041,0.283678,1.242651,True
0.20,226,1.830288,0.284345,1.270023,True
0.20,227,1.827426,0.340339,1.005191,True
0.20,228,2.878935,0.664713,0.734418,True
0.20,229,1.931223,0.571663,0.926921,True
0.20,230,1.416813,0.447658,1.133266,True
0.20,231,2.994576,0.914790,0.646287,True
0.20,232,1.733748,0.667243,0.864826,True
0.20,233,0.944898,0.298981,1.068149,True
0.20,234,1.430104,0.379416,1.093524,True
0.20,235,2.743740,1.097703,0.505689,True
0.20,236,2.031239,0.571572,0.933138,True
0.20,237,2.675521,0.466657,1.001874,True
0.20,238,1.319382,0.396605,1.178223,True
0.20,239,2.131632,0.571933,0.918531,True
0.20,240,2.870251,0.924813,0.522345,True
0.20,241,2.126639,0.859366,0.572206,True
0.20,242,2.226421,0.922699,0.691215,True
0.20,243,1.076611,0.258127,1.170129,True
0.20,244,2.021894,0.836685,0.642119,True
0.20,245,1.626508,0.265617,1.121853,True
0.20,246,1.504010,0.451909,0.943927,True
0.20,247,2.392776,0.594938,0.964944,True
0.20,248,2.168345,0.337527,1.027920,True
0.20,249,2.277683,0.661269,0.814651,True
0.20,250,1.329916,0.399019,0.933897,True
0.20,251,2.563284,0.574788,0.823561,True
0.20,252,1.309278,0.411493,1.064695,True
0.20,253,6.164693,0.734004,0.756432,True
0.20,254,1.896562,0.433478,0.994190,True
0.20,255,1.857556,0.612359,0.837789,True
0.20,256,3.510919,0.919091,0.538449,True
0.20,257,2.882544,0.897059,0.560557,True
0.20,258,3.392040,0.748529,0.757968,True
0.20,259,3.760312,0.952432,0.600038,True
0.20,260,2.218150,0.801307,0.684080,True
0.20,261,3.267265,0.926031,0.663070,True
0.20,262,1.865254,0.279820,1.160788,True
0.20,263,2.202068,0.614759,0.806029,True
0.20,264,2.008186,0.705479,0.716444,True
0.20,265,2.277863,0.809004,0.654685,True
0.20,266,1.771002,0.586638,0.952062,True
0.20,267,1.362241,0.363643,1.061519,True
0.20,268,2.718495,0.753744,0.730603,True
0.20,269,3.065949,0.657577,0.866369,True
0.20,270,2.463970,0.531669,0.966959,True
0.20,271,1.663192,0.377615,1.194997,True
0.20,272,2.696580,0.957795,0.448084,True
0.20,273,2.522955,0.636047,0.979339,True
0.20,274,1.312443,0.417338,0.999299,True
0.20,275,3.002918,0.626627,0.779927,True
0.20,276,1.633989,0.627648,0.889344,True
0.20,277,5.884060,0.614974,0.782207,True
0.20,278,2.558577,0.645777,0.846442,True
0.20,279,0.948250,0.295957,1.084345,True
0.20,280,2.093532,0.609299,0.869327,True
0.20,281,2.226955,0.904759,0.697375,True
0.20,282,1.755352,0.555453,0.864001,True
0.20,283,1.601899,0.393824,1.110892,True
0.20,284,2.006944,0.719218,0.662645,True
0.20,285,1.637460,0.606676,0.787975,True
0.20,286,1.890481,0.519455,0.969681,True
0.20,287,1.635202,0.637246,0.830344,True
0.20,288,3.441009,0.809243,0.647571,True
0.20,289,0.886880,0.324556,0.998004,True
0.20,290,1.118902,0.355463,1.123361,True
0.20,291,2.841232,0.893811,0.529438,True
0.20,292,1.956234,0.762637,0.774252,True
0.20,293,1.868912,0.519688,0.920836,True
0.20,294,2.147026,0.362721,1.148192,True
0.20,295,1.963736,0.596915,0.861125,True
0.20,296,2.236666,0.480164,0.956620,True
0.20,297,2.793929,0.938885,0.556473,True
0.20,298,1.243464,0.318675,1.057338,True
0.20,299,1.523286,0.363197,1.060980,True
0.20,300,1.415816,0.346404,1.065737,True
0.20,301,1.726875,0.514540,0.941896,True
0.20,302,1.504963,0.379051,1.084098,True
0.20,303,2.444625,0.725580,0.698179,True
0.20,304,2.253313,0.745558,0.717200,True
0.20,305,1.374997,0.615134,0.912236,True
0.20,306,2.580367,0.786187,0.703008,True
0.20,307,2.866441,0.909393,0.443474,True
0.20,308,1.192929,0.389152,1.019644,True
0.20,309,2.098108,0.406120,1.064030,True
0.20,310,1.427699,0.276583,1.147607,True
0.20,311,2.227462,0.911920,0.555595,True
0.20,312,1.399128,0.245330,1.178518,True
0.20,313,2.737620,0.370923,1.089065,True
0.20,314,1.771091,0.644997,0.707626,True
0.20,315,2.474002,0.872820,0.585268,True
0.20,316,1.750741,0.365353,1.244117,True
0.20,317,2.654449,0.985480,0.542599,True
0.20,318,2.641593,0.877348,0.647787,True
0.20,319,2.113653,0.842748,0.566451,True
0.20,320,2.212940,0.613081,0.971597,True
0.20,321,2.072138,0.659525,0.912574,True
0.20,322,1.526280,0.478763,0.945646,True
0.20,323,2.581362,1.078466,0.462119,True
0.20,324,1.744231,0.427731,1.071157,True
0.20,325,1.469583,0.509803,0.866768,True
0.20,326,2.599706,0.863380,0.643950,True
0.20,327,2.682576,0.814763,0.540904,True
0.20,328,2.406663,0.767835,0.660610,True
0.20,329,3.843667,0.689371,0.738486,True
0.20,330,2.612677,0.970863,0.478653,True
0.20,331,1.535297,0.311678,1.213480,True
0.20,332,2.213420,0.821825,0.573344,True
0.20,333,1.090772,0.240260,1.028149,True
0.20,334,2.520621,0.401784,1.030642,True
0.20,335,2.319253,0.946155,0.564121,True
0.20,336,2.680391,0.682595,0.877385,True
0.20,337,1.483166,0.318100,1.265426,True
0.20,338,1.612742,0.536492,0.829957,True
0.20,339,3.596997,1.032412,0.486146,True
0.20,340,2.136883,0.461304,1.031201,True
0.20,341,1.760948,0.472910,1.101307,True
0.20,342,0.852954,0.369748,0.970634,True
0.20,343,2.319419,0.633774,0.872769,True
0.20,344,2.483325,1.084179,0.503823,True
0.20,345,2.686229,0.828459,0.711459,True
0.20,346,2.507295,0.938347,0.573970,True
0.20,347,1.042078,0.282488,1.046113,True
0.20,348,2.386256,0.589974,0.958636,True
0.20,349,3.149180,0.999947,0.493854,True
0.20,350,1.622458,0.392530,1.068831,True
0.20,351,2.576214,1.106956,0.468680,True
0.20,352,1.484804,0.330850,1.081569,True
0.20,353,2.726393,0.571369,0.934242,True
0.20,354,2.636752,0.702760,0.812154,True
0.20,355,1.741440,0.527814,0.860923,True
0.20,356,1.056000,0.187688,1.266158,True
0.20,357,2.070065,0.744467,0.537827,True
0.20,358,1.072179,0.338778,1.096069,True
0.20,359,1.685180,0.571708,0.964452,True
0.20,360,1.494512,0.507502,0.883358,True
0.20,361,2.464460,0.621372,0.861195,True
0.20,362,2.067419,0.377365,1.022755,True
0.20,363,1.908217,0.590007,0.818130,True
0.20,364,1.771955,0.596743,0.699714,True
0.20,365,1.631980,0.326400,1.181532,True
0.20,366,1.759404,0.319046,1.304581,True
0.20,367,2.270026,0.484750,0.900159,True
0.20,368,1.787754,0.684272,0.734597,True
0.20,369,1.667105,0.493253,1.017168,True
0.20,370,2.947950,0.761304,0.678131,True
0.20,371,3.164942,0.789623,0.665843,True
0.20,372,1.767093,0.638012,1.109618,True
0.20,373,2.437084,0.727356,0.631331,True
0.20,374,2.695269,0.850119,0.634363,True
0.20,375,3.613188,0.940100,0.525643,True
0.20,376,2.776740,0.723579,0.674508,True
0.20,377,3.859039,0.926531,0.601216,True
0.20,378,2.694973,0.591103,0.899639,True
0.20,379,2.456884,0.728009,0.748487,True
0.20,380,3.126186,0.867157,0.718765,True
0.20,381,1.526137,0.440063,0.939768,True
0.20,382,1.749080,0.478685,0.983831,True
0.20,383,1.345112,0.389841,1.133854,True
0.20,384,1.768214,0.666080,0.892248,True
0.20,385,2.230153,0.881744,0.535976,True
0.20,386,2.648490,0.424453,1.059560,True
0.20,387,7.244806,0.442930,1.074323,True
0.20,388,1.200537,0.403864,0.949441,True
0.20,389,3.309460,0.564269,0.871909,True
0.20,390,1.200768,0.190450,1.154184,True
0.20,391,2.081448,0.595290,0.921540,True
0.20,392,1.856993,0.418787,1.212533,True
0.20,393,1.737048,0.538111,0.859045,True
0.20,394,1.082181,0.299415,1.067554,True
0.20,395,1.204290,0.429901,1.102003,True
0.20,396,1.819638,0.606646,0.916246,True
0.20,397,1.076592,0.388002,1.001229,True
0.20,398,2.277763,0.420905,0.970118,True
0.20,399,2.263164,0.731097,0.712777,True
0.20,400,3.156027,0.825452,0.682330,True
0.20,401,3.196397,0.847088,0.736819,True
0.20,402,1.876371,0.462186,0.923275,True
0.20,403,2.280343,0.693921,0.927138,True
0.20,404,1.872233,0.537131,0.959179,True
0.20,405,1.357719,0.509511,0.863494,True
0.20,406,2.078164,0.715801,0.832012,True
0.20,407,2.992949,0.973964,0.626305,True
0.20,408,2.093711,0.702774,0.746789,True
0.20,409,2.049814,0.375818,1.021452,True
0.20,410,2.102588,0.551684,0.959928,True
0.20,411,1.390517,0.408119,1.009341,True
0.20,412,3.065626,0.787176,0.738424,True
0.20,413,1.484672,0.444856,0.968540,True
0.20,414,2.561815,0.959088,0.515893,True
0.20,415,2.708568,0.615874,0.938816,True
0.20,416,2.591086,0.755756,0.879467,True
0.20,417,4.049419,0.700341,0.785121,True
0.20,418,2.131716,0.576894,0.876096,True
0.20,419,2.698203,0.684442,0.834474,True
0.20,420,3.244693,0.958527,0.674150,True
0.20,421,1.874475,0.578818,0.750611,True
0.20,422,2.754137,0.901273,0.629589,True
0.20,423,2.267935,0.515898,1.021287,True
0.20,424,2.276931,0.786337,0.642878,True
0.20,425,3.045476,0.433800,1.049662,True
0.20,426,2.379869,0.459142,1.033166,True
0.20,427,2.273397,0.801048,0.726997,True
0.20,428,1.683455,0.624634,0.885898,True
0.20,429,2.505734,0.961690,0.637232,True
0.20,430,2.574236,0.955269,0.658768,True
0.20,431,1.878627,0.559928,0.906976,True
0.20,432,2.244572,0.780812,0.742019,True
0.20,433,2.973754,0.701600,0.632345,True
0.20,434,2.996010,0.827700,0.706448,True
0.20,435,1.564108,0.420810,1.124222,True
0.20,436,2.602472,0.650379,0.719653,True
0.20,437,3.001071,0.700693,0.719260,True
0.20,438,1.458410,0.700861,0.718681,True
0.20,439,2.396173,0.763735,0.731052,True
0.20,440,1.918056,0.536675,0.926369,True
0.20,441,0.791353,0.386801,0.901167,True
0.20,442,2.030649,0.539548,0.997538,True
0.20,443,2.998644,0.714547,0.748838,True
0.20,444,2.084231,0.652995,0.855260,True
0.20,445,2.169277,0.558631,0.892821,True
0.20,446,2.071869,0.499653,1.098303,True
0.20,447,3.191369,0.950648,0.563937,True
0.20,448,1.409898,0.583775,0.918267,True
0.20,449,2.236893,0.528770,0.851798,True
0.20,450,1.327113,0.249032,1.262283,True
0.20,451,1.232901,0.540906,1.046128,True
0.20,452,2.038259,0.702844,0.930275,True
0.20,453,2.723228,0.899018,0.639890,True
0.20,454,1.608751,0.430547,1.067092,True
0.20,455,3.221412,1.077918,0.386767,True
0.20,456,1.669343,0.458500,0.973489,True
0.20,457,2.712116,0.585512,0.911372,True
0.20,458,1.565752,0.367243,1.137046,True
0.20,459,2.338340,0.685568,0.797209,True
0.20,460,1.488214,0.449331,0.934231,True
0.20,461,1.538348,0.772187,0.709595,True
0.20,462,0.991152,0.286049,1.114192,True
0.20,463,2.406124,0.333861,1.138852,True
0.20,464,1.605905,0.489262,0.912298,True
0.20,465,2.685771,0.758519,0.809040,True
0.20,466,2.437454,0.450075,0.802334,True
0.20,467,2.075374,0.698895,0.889282,True
0.20,468,2.142836,0.725597,0.806021,True
0.20,469,1.153251,0.390465,0.844879,True
0.20,470,1.193328,0.265607,1.134135,True
0.20,471,1.856031,0.469490,1.035725,True
0.20,472,1.552913,0.504690,0.960147,True
0.20,473,1.816776,0.497969,0.964958,True
0.20,474,2.235389,0.830883,0.522532,True
0.20,475,5.508309,0.613462,0.742306,True
0.20,476,1.690052,0.432841,0.896880,True
0.20,477,1.652225,0.521298,0.898488,True
0.20,478,1.245838,0.433941,1.058243,True
0.20,479,1.595804,0.729179,0.689573,True
0.20,480,2.449735,0.824775,0.703153,True
0.20,481,1.628212,0.594627,0.844224,True
0.20,482,1.437173,0.249925,1.107813,True
0.20,483,1.749441,0.665372,0.851094,True
0.20,484,2.643444,0.976814,0.520884,True
0.20,485,2.339881,0.664177,0.814406,True
0.20,486,3.040925,0.847159,0.490863,True
0.20,487,2.798867,0.782206,0.789308,True
0.20,488,2.036911,0.818856,0.542085,True
0.20,489,1.805378,0.630674,0.975773,True
0.20,490,3.697812,1.284294,0.276132,True
0.20,491,1.557601,0.638082,0.831768,True
0.20,492,1.986027,0.857590,0.858707,True
0.20,493,2.288117,0.943480,0.627859,True
0.20,494,1.065263,0.203683,1.071037,True
0.20,495,2.197568,0.632170,0.902247,True
0.20,496,2.234675,0.486363,0.994355,True
0.20,497,0.930723,0.281276,1.188075,True
0.20,498,2.797780,0.550223,0.839662,True
0.20,499,2.030333,0.475334,0.987519,True
0.22,0,2.517320,0.674207,0.763070,True
0.22,1,3.610544,0.807145,0.676407,True
0.22,2,2.746711,0.805995,0.795930,True
0.22,3,1.491330,0.544768,0.684367,True
0.22,4,1.501421,0.451856,1.119880,True
0.22,5,2.541910,0.794533,0.674133,True
0.22,6,1.138292,0.208147,1.299625,True
0.22,7,1.830521,0.517315,0.962478,True
0.22,8,3.044250,1.018993,0.515209,True
0.22,9,3.051772,0.787482,0.902199,True
0.22,10,2.933686,0.619304,0.752639,True
0.22,11,1.411934,0.317920,1.041944,True
0.22,12,2.262885,0.654179,0.844038,True
0.22,13,1.767595,0.318099,1.104862,True
0.22,14,1.750269,0.492743,1.225957,True
0.22,15,1.662861,0.469447,1.033248,True
0.22,16,2.291730,0.741943,0.841548,True
0.22,17,1.962235,0.960532,0.662909,True
0.22,18,1.827383,0.439190,1.007779,True
0.22,19,2.672863,0.934939,0.593167,True
0.22,20,2.714864,0.960922,0.635125,True
0.22,21,2.462547,0.932157,0.683643,True
0.22,22,1.673792,0.543047,1.071738,True
0.22,23,2.227793,0.807396,0.659233,True
0.22,24,2.002953,0.754471,0.730485,True
0.22,25,1.887589,0.469364,0.909956,True
0.22,26,1.423829,0.497523,0.956977,True
0.22,27,2.030180,0.408711,1.029146,True
0.22,28,1.476411,0.373105,1.008942,True
0.22,29,2.624638,1.136103,0.450358,True
0.22,30,1.339370,0.281542,1.189963,True
0.22,31,1.402880,0.450064,0.995599,True
0.22,32,2.555326,0.563335,0.699476,True
0.22,33,2.371247,0.919904,0.680771,True
0.22,34,1.873253,0.662583,0.860541,True
0.22,35,3.901447,1.001803,0.540656,True
0.22,36,1.744395,0.625188,0.810782,True
0.22,37,2.654467,0.908461,0.519947,True
0.22,38,2.362637,0.826156,0.823094,True
0.22,39,2.664500,0.727056,0.714201,True
0.22,40,2.795585,0.946021,0.602048,True
0.22,41,2.053842,0.748757,0.741395,True
0.22,42,1.511595,0.311487,1.049412,True
0.22,43,1.679064,0.792728,0.676125,True
0.22,44,1.631235,0.702513,0.808957,True
0.22,45,1.608428,0.521685,0.931655,True
0.22,46,3.127872,0.848720,0.717690,True
0.22,47,2.603799,0.993300,0.463444,True
0.22,48,2.484601,0.808768,0.678403,True
0.22,49,2.303114,0.660479,0.738680,True
0.22,50,2.233477,0.738776,0.670414,True
0.22,51,8.012198,0.517997,0.949987,True
0.22,52,1.507750,0.397122,0.961731,True
0.22,53,1.843746,0.563427,0.977358,True
0.22,54,2.890266,0.753631,0.759342,True
0.22,55,0.791135,0.211875,1.245258,True
0.22,56,2.488532,0.449434,1.038641,True
0.22,57,2.363336,0.780054,0.791527,True
0.22,58,2.609712,1.009677,0.441877,True
0.22,59,1.632865,0.608207,0.892955,True
0.22,60,2.165817,0.879346,0.729768,True
0.22,61,1.823610,0.536406,0.876638,True
0.22,62,1.434791,0.518204,1.025082,True
0.22,63,3.064471,0.604464,0.928518,True
0.22,64,3.310659,0.488473,0.981530,True
0.22,65,1.525136,0.767726,0.728324,True
0.22,66,2.101271,0.658253,0.943999,True
0.22,67,2.026970,0.428926,1.013768,True
0.22,68,3.622483,1.060113,0.371244,True
0.22,69,1.882999,0.459297,0.957744,True
0.22,70,1.822332,0.734172,0.709010,True
0.22,71,2.841671,0.964862,0.568662,True
0.22,72,1.917424,0.527347,0.713746,True
0.22,73,2.860639,0.710318,0.971861,True
0.22,74,2.234022,0.966014,0.625343,True
0.22,75,2.230726,0.545658,0.939595,True
0.22,76,2.786530,0.606678,0.810893,True
0.22,77,2.990246,0.980568,0.647582,True
0.22,78,1.428331,0.441188,1.057712,True
0.22,79,1.906219,0.569858,0.874638,True
0.22,80,1.716742,0.437185,1.100996,True
0.22,81,1.272289,0.212362,1.066789,True
0.22,82,5.836828,0.595719,0.988122,True
0.22,83,3.420046,0.845046,0.649630,True
0.22,84,1.403307,0.473357,1.013595,True
0.22,85,1.649480,0.469998,1.058543,True
0.22,86,1.280549,0.340917,1.082127,True
0.22,87,2.482463,1.091899,0.403722,True
0.22,88,0.885336,0.263421,1.333267,True
0.22,89,2.684985,0.733302,0.743380,True
0.22,90,1.723101,0.493683,1.004075,True
0.22,91,2.498674,0.768785,0.837517,True
0.22,92,3.048624,0.538932,0.960209,True
0.22,93,1.390139,0.397621,1.086731,True
0.22,94,2.555023,0.894771,0.702169,True
0.22,95,1.676515,0.318036,1.181514,True
0.22,96,1.806852,0.520530,0.884467,True
0.22,97,3.016484,0.554707,0.892505,True
0.22,98,2.012611,0.523036,0.917586,True
0.22,99,2.292894,0.512284,0.877481,True
0.22,100,2.433815,0.867391,0.559863,True
0.22,101,2.294048,0.679510,0.873642,True
0.22,102,1.517240,0.373497,1.099382,True
0.22,103,3.021351,0.667637,0.778000,True
0.22,104,0.992873,0.417379,0.963750,True
0.22,105,1.335419,0.321176,1.050180,True
0.22,106,1.372800,0.489779,0.813106,True
0.22,107,2.555120,0.563779,1.038651,True
0.22,108,2.383694,0.347707,1.053123,True
0.22,109,1.456696,0.375161,1.051744,True
0.22,110,2.038584,0.573594,0.816466,True
0.22,111,2.952945,0.879259,0.522206,True
0.22,112,2.204479,0.737812,0.772591,True
0.22,113,2.201579,0.917005,0.592525,True
0.22,114,1.795696,0.492006,0.879559,True
0.22,115,1.584506,0.437811,1.067791,True
0.22,116,1.657479,0.357619,1.057645,True
0.22,117,2.241133,0.932448,0.535250,True
0.22,118,1.995050,0.848630,0.578874,True
0.22,119,2.546032,0.609368,0.875776,True
0.22,120,2.516383,0.598395,0.921068,True
0.22,121,3.394875,0.783771,0.717713,True
0.22,122,2.214373,0.531188,0.955771,True
0.22,123,1.963958,0.660967,0.845060,True
0.22,124,2.974304,0.941175,0.574854,True
0.22,125,0.772992,0.290624,1.086396,True
0.22,126,5.106129,0.545769,0.746199,True
0.22,127,2.458089,0.864883,0.565921,True
0.22,128,2.447892,0.497896,0.967026,True
0.22,129,1.571106,0.507442,0.932575,True
0.22,130,2.107487,0.564674,0.839433,True
0.22,131,1.430465,0.600594,0.877977,True
0.22,132,2.763488,0.821227,0.712328,True
0.22,133,2.056492,0.587209,0.875487,True
0.22,134,1.593375,0.698909,0.864337,True
0.22,135,4.829918,0.514376,0.817633,True
0.22,136,1.967356,0.532059,0.992050,True
0.22,137,2.329560,0.640316,0.830879,True
0.22,138,2.374221,0.979223,0.503476,True
0.22,139,1.186498,0.381000,1.084803,True
0.22,140,2.193819,0.653201,0.870975,True
0.22,141,3.144571,0.813047,0.632387,True
0.22,142,2.251393,0.745168,0.817126,True
0.22,143,1.866746,0.674004,0.862891,True
0.22,144,0.799903,0.354740,1.023251,True
0.22,145,0.805113,0.221935,1.164093,True
0.22,146,3.385419,1.137164,0.304962,True
0.22,147,2.106706,0.715697,0.721985,True
0.22,148,1.771034,0.239709,1.122170,True
0.22,149,3.046733,0.995130,0.531333,True
0.22,150,3.264276,1.052825,0.348071,True
0.22,151,1.677270,0.515509,1.052078,True
0.22,152,1.628650,0.554386,0.974809,True
0.22,153,5.179459,0.616221,0.912727,True
0.22,154,1.505420,0.476214,0.842735,True
0.22,155,1.685028,0.639382,0.803815,True
0.22,156,1.401089,0.452719,1.047492,True
0.22,157,2.972167,0.727045,0.589016,True
0.22,158,1.453155,0.310610,1.046815,True
0.22,159,1.821715,0.542099,0.757959,True
0.22,160,1.571941,0.611269,0.834438,True
0.22,161,3.567532,0.772374,0.691940,True
0.22,162,1.942818,0.633839,0.912675,True
0.22,163,2.911739,0.649211,0.858729,True
0.22,164,2.437359,0.895676,0.571343,True
0.22,165,1.132718,0.352006,0.983360,True
0.22,166,3.622184,0.800265,0.755233,True
0.22,167,2.937761,0.957236,0.658178,True
0.22,168,2.108863,0.594106,1.004347,True
0.22,169,1.832141,0.658988,0.831524,True
0.22,170,2.940281,0.800349,0.602506,True
0.22,171,2.233609,0.791523,0.602492,True
0.22,172,1.966971,0.438286,0.938254,True
0.22,173,1.714174,0.438366,1.114459,True
0.22,174,1.863438,0.519354,1.069540,True
0.22,175,2.070148,0.600490,0.875692,True
0.22,176,2.360247,0.446762,1.133558,True
0.22,177,1.949567,0.661075,0.926913,True
0.22,178,2.694286,0.976774,0.651343,True
0.22,179,3.403844,0.899911,0.538007,True
0.22,180,1.855395,0.673730,1.028849,True
0.22,181,1.490650,0.628568,0.988074,True
0.22,182,8.191854,0.540073,0.980095,True
0.22,183,1.979715,0.721697,0.782488,True
0.22,184,2.473813,0.793495,0.803825,True
0.22,185,1.158911,0.353299,1.174439,True
0.22,186,2.447696,0.828355,0.718426,True
0.22,187,1.792258,0.729688,0.803645,True
0.22,188,2.698888,0.839458,0.585164,True
0.22,189,1.562336,0.354184,1.029857,True
0.22,190,2.174980,0.651843,0.828166,True
0.22,191,3.055815,0.855982,0.709235,True
0.22,192,2.222508,0.938345,0.624085,True
0.22,193,1.364873,0.393103,1.050463,True
0.22,194,1.255148,0.345041,1.149456,True
0.22,195,2.528095,0.816106,0.766708,True
0.22,196,2.135667,0.416556,1.000471,True
0.22,197,2.333864,0.781045,0.687247,True
0.22,198,2.461620,0.666912,0.945513,True
0.22,199,2.589318,0.657605,0.974691,True
0.22,200,1.618412,0.331962,1.139183,True
0.22,201,1.969681,0.571377,0.938727,True
0.22,202,1.502120,0.359284,1.119708,True
0.22,203,1.250231,0.560019,0.869318,True
0.22,204,1.473789,0.325561,1.179984,True
0.22,205,2.679933,0.685323,0.939498,True
0.22,206,2.128837,0.588607,0.835964,True
0.22,207,2.566849,0.648026,0.803682,True
0.22,208,0.892338,0.347613,0.931610,True
0.22,209,1.722867,0.450442,1.146389,True
0.22,210,1.537824,0.409541,1.083962,True
0.22,211,2.116621,0.548869,0.930247,True
0.22,212,0.711694,0.153563,1.275368,True
0.22,213,1.525877,0.370945,1.069468,True
0.22,214,1.363547,0.600073,0.866632,True
0.22,215,2.631175,1.134277,0.436505,True
0.22,216,1.102975,0.348499,1.107246,True
0.22,217,2.477427,0.664226,0.781108,True
0.22,218,2.795111,0.882520,0.581440,True
0.22,219,1.569199,0.662730,0.756528,True
0.22,220,2.410492,0.748565,0.808657,True
0.22,221,2.364731,0.549194,0.926508,True
0.22,222,2.520716,0.899405,0.470962,True
0.22,223,1.875056,0.478024,0.971349,True
0.22,224,3.099328,0.606596,0.824126,True
0.22,225,1.242274,0.282842,1.243349,True
0.22,226,1.774789,0.278364,1.275128,True
0.22,227,1.807718,0.337755,1.007453,True
0.22,228,2.807151,0.648812,0.748936,True
0.22,229,1.888903,0.564341,0.933852,True
0.22,230,1.408330,0.445959,1.134624,True
0.22,231,2.929287,0.891362,0.667167,True
0.22,232,1.716553,0.663186,0.868474,True
0.22,233,0.943258,0.298808,1.068281,True
0.22,234,1.415984,0.377240,1.095318,True
0.22,235,2.675341,1.073708,0.527788,True
0.22,236,2.000715,0.565445,0.938673,True
0.22,237,2.603661,0.456536,1.011303,True
0.22,238,1.295965,0.393178,1.181078,True
0.22,239,2.068560,0.560261,0.929152,True
0.22,240,2.799408,0.902809,0.542410,True
0.22,241,2.078767,0.846926,0.583954,True
0.22,242,2.170410,0.907562,0.705578,True
0.22,243,1.065090,0.256820,1.171031,True
0.22,244,1.980985,0.826061,0.652087,True
0.22,245,1.599591,0.263184,1.124051,True
0.22,246,1.488291,0.449182,0.946258,True
0.22,247,2.328368,0.583952,0.975379,True
0.22,248,2.120030,0.332305,1.032746,True
0.22,249,2.235925,0.651608,0.823385,True
0.22,250,1.308934,0.395751,0.936552,True
0.22,251,2.493248,0.563088,0.834584,True
0.22,252,1.301477,0.410282,1.065720,True
0.22,253,6.164693,0.734004,0.756432,True
0.22,254,1.859560,0.427501,0.999427,True
0.22,255,1.832211,0.606478,0.842952,True
0.22,256,5.265095,0.617632,0.775045,True
0.22,257,2.809196,0.875428,0.580351,True
0.22,258,3.319039,0.723435,0.780144,True
0.22,259,3.713102,0.907849,0.638343,True
0.22,260,2.176388,0.790364,0.694162,True
0.22,261,3.193161,0.897677,0.688313,True
0.22,262,1.846008,0.276956,1.163079,True
0.22,263,2.161976,0.605547,0.814194,True
0.22,264,1.963540,0.695626,0.725635,True
0.22,265,2.220777,0.795565,0.667450,True
0.22,266,1.745097,0.581547,0.956725,True
0.22,267,1.352726,0.362311,1.062642,True
0.22,268,2.653857,0.737623,0.745350,True
0.22,269,2.992702,0.639917,0.882269,True
0.22,270,2.403477,0.520881,0.976764,True
0.22,271,1.638014,0.374333,1.197959,True
0.22,272,2.631585,0.937258,0.466855,True
0.22,273,2.452301,0.622229,0.992136,True
0.22,274,1.305744,0.416106,1.000270,True
0.22,275,2.923477,0.610455,0.794750,True
0.22,276,1.614968,0.623033,0.893328,True
0.22,277,5.884060,0.614974,0.782207,True
0.22,278,2.499085,0.633532,0.857743,True
0.22,279,0.945137,0.295636,1.084588,True
0.22,280,2.042719,0.599194,0.878579,True
0.22,281,2.187775,0.892860,0.708267,True
0.22,282,1.715710,0.547492,0.870992,True
0.22,283,1.585450,0.390772,1.113330,True
0.22,284,1.978744,0.711964,0.669165,True
0.22,285,1.608689,0.601181,0.793122,True
0.22,286,1.842393,0.509843,0.977933,True
0.22,287,1.614675,0.632631,0.834474,True
0.22,288,3.369806,0.780491,0.672826,True
0.22,289,0.884866,0.324301,0.998175,True
0.22,290,1.112810,0.354615,1.124018,True
0.22,291,2.768971,0.872740,0.548728,True
0.22,292,1.902220,0.748427,0.786952,True
0.22,293,1.835239,0.513612,0.926311,True
0.22,294,2.114769,0.358214,1.152165,True
0.22,295,1.916209,0.588397,0.869196,True
0.22,296,2.198544,0.473879,0.962339,True
0.22,297,2.722327,0.915891,0.577298,True
0.22,298,1.231360,0.317407,1.058473,True
0.22,299,1.511930,0.361508,1.062401,True
0.22,300,1.400095,0.344625,1.067372,True
0.22,301,1.693384,0.509191,0.946930,True
0.22,302,1.494166,0.377308,1.085536,True
0.22,303,2.399955,0.712744,0.709471,True
0.22,304,2.197626,0.731296,0.730056,True
0.22,305,1.367356,0.613401,0.913735,True
0.22,306,2.510149,0.770013,0.718170,True
0.22,307,2.794025,0.887960,0.463122,True
0.22,308,1.185064,0.388016,1.020579,True
0.22,309,2.048639,0.399055,1.070350,True
0.22,310,1.418946,0.275543,1.148452,True
0.22,311,2.171808,0.896711,0.569899,True
0.22,312,1.392711,0.244672,1.179060,True
0.22,313,2.668590,0.362727,1.096608,True
0.22,314,1.748544,0.639995,0.712167,True
0.22,315,2.406269,0.853700,0.602760,True
0.22,316,1.706068,0.359838,1.249074,True
0.22,317,2.583022,0.964234,0.562406,True
0.22,318,2.569500,0.856443,0.666797,True
0.22,319,2.057068,0.827046,0.580757,True
0.22,320,2.175517,0.605264,0.978724,True
0.22,321,2.020431,0.648467,0.922729,True
0.22,322,1.516636,0.476713,0.947318,True
0.22,323,2.512282,1.055400,0.483472,True
0.22,324,1.729830,0.425205,1.073321,True
0.22,325,1.433840,0.502633,0.872639,True
0.22,326,2.534086,0.845990,0.660124,True
0.22,327,2.617344,0.797789,0.556547,True
0.22,328,2.347698,0.754148,0.673437,True
0.22,329,3.813963,0.654077,0.768559,True
0.22,330,2.556761,0.951925,0.495797,True
0.22,331,1.498941,0.306785,1.217356,True
0.22,332,2.164128,0.809502,0.584927,True
0.22,333,1.076782,0.238945,1.029127,True
0.22,334,2.466025,0.394370,1.037397,True
0.22,335,2.260701,0.929288,0.579903,True
0.22,336,2.609340,0.667925,0.891055,True
0.22,337,1.457446,0.314497,1.268265,True
0.22,338,1.575479,0.529507,0.836132,True
0.22,339,3.535712,0.990492,0.522499,True
0.22,340,2.087591,0.454176,1.037837,True
0.22,341,1.739890,0.469257,1.104547,True
0.22,342,0.851462,0.369567,0.970770,True
0.22,343,2.269816,0.622971,0.882551,True
0.22,344,2.427481,1.064573,0.521864,True
0.22,345,2.616084,0.810468,0.728114,True
0.22,346,2.437426,0.919567,0.591737,True
0.22,347,1.039214,0.282128,1.046366,True
0.22,348,2.325343,0.578608,0.969131,True
0.22,349,3.076319,0.971866,0.519005,True
0.22,350,1.595576,0.388877,1.072105,True
0.22,351,2.503962,1.081853,0.491778,True
0.22,352,1.473789,0.329453,1.082767,True
0.22,353,2.649837,0.558586,0.946224,True
0.22,354,2.571313,0.688431,0.825431,True
0.22,355,1.722670,0.524104,0.864189,True
0.22,356,1.054361,0.187562,1.266253,True
0.22,357,2.032755,0.734594,0.546687,True
0.22,358,1.067754,0.338250,1.096505,True
0.22,359,1.658668,0.566610,0.969103,True
0.22,360,1.473149,0.503817,0.886673,True
0.22,361,2.421413,0.610503,0.870721,True
0.22,362,2.011793,0.370491,1.029028,True
0.22,363,1.861420,0.581207,0.826263,True
0.22,364,1.738213,0.589969,0.705874,True
0.22,365,1.593671,0.321736,1.185533,True
0.22,366,1.737499,0.316501,1.306843,True
0.22,367,2.216554,0.476507,0.907775,True
0.22,368,1.753706,0.676468,0.741712,True
0.22,369,1.655957,0.491107,1.019030,True
0.22,370,2.868686,0.742278,0.695670,True
0.22,371,3.103563,0.765577,0.686784,True
0.22,372,1.731674,0.630896,1.116266,True
0.22,373,2.370381,0.713489,0.644495,True
0.22,374,2.621546,0.829840,0.652885,True
0.22,375,3.557891,0.901377,0.559068,True
0.22,376,2.704585,0.707290,0.689571,True
0.22,377,5.276610,0.669249,0.806628,True
0.22,378,2.628240,0.577851,0.911691,True
0.22,379,2.387815,0.713300,0.762302,True
0.22,380,3.052460,0.843055,0.740402,True
0.22,381,1.496292,0.435803,0.943669,True
0.22,382,1.711833,0.471392,0.989927,True
0.22,383,1.321777,0.386077,1.136820,True
0.22,384,1.724178,0.656188,0.901165,True
0.22,385,2.168679,0.864258,0.552001,True
0.22,386,2.579111,0.415534,1.067879,True
0.22,387,7.244806,0.442930,1.074323,True
0.22,388,1.186338,0.401926,0.951114,True
0.22,389,3.246383,0.546081,0.887800,True
0.22,390,1.195609,0.190046,1.154503,True
0.22,391,2.036701,0.586844,0.929390,True
0.22,392,1.827640,0.414680,1.216299,True
0.22,393,1.692827,0.530872,0.865863,True
0.22,394,1.078282,0.298928,1.067919,True
0.22,395,1.201063,0.429184,1.102513,True
0.22,396,1.783469,0.599441,0.922867,True
0.22,397,1.073167,0.387459,1.001642,True
0.22,398,2.224423,0.412939,0.977244,True
0.22,399,2.208256,0.718670,0.724353,True
0.22,400,3.075433,0.802106,0.703500,True
0.22,401,3.124155,0.822380,0.758843,True
0.22,402,1.830153,0.455399,0.929557,True
0.22,403,2.221779,0.682082,0.938363,True
0.22,404,1.848857,0.532276,0.963421,True
0.22,405,1.342495,0.506335,0.866059,True
0.22,406,2.037644,0.706617,0.840567,True
0.22,407,2.913996,0.949022,0.649179,True
0.22,408,2.039142,0.691351,0.757582,True
0.22,409,2.023743,0.371641,1.025033,True
0.22,410,2.045825,0.541862,0.969018,True
0.22,411,1.384328,0.407029,1.010226,True
0.22,412,2.985191,0.766226,0.757574,True
0.22,413,1.468129,0.442407,0.970777,True
0.22,414,2.491765,0.937901,0.535383,True
0.22,415,2.641570,0.602568,0.951046,True
0.22,416,2.532848,0.741185,0.892800,True
0.22,417,4.877126,0.537779,0.917660,True
0.22,418,2.093026,0.568856,0.883288,True
0.22,419,2.624442,0.669374,0.848525,True
0.22,420,3.163999,0.929924,0.699936,True
0.22,421,1.831242,0.570348,0.758279,True
0.22,422,2.680014,0.879001,0.649820,True
0.22,423,2.230977,0.508638,1.027719,True
0.22,424,2.226936,0.773686,0.654550,True
0.22,425,2.974402,0.421994,1.060221,True
0.22,426,2.343371,0.451880,1.039452,True
0.22,427,2.222820,0.788467,0.738727,True
0.22,428,1.661067,0.619648,0.890344,True
0.22,429,2.442626,0.943346,0.654394,True
0.22,430,2.503317,0.935514,0.677342,True
0.22,431,1.837871,0.552693,0.913709,True
0.22,432,2.187534,0.767791,0.754363,True
0.22,433,2.903110,0.683801,0.648403,True
0.22,434,2.919843,0.806392,0.725849,True
0.22,435,1.547056,0.418370,1.126436,True
0.22,436,2.535845,0.637099,0.732000,True
0.22,437,2.936630,0.682075,0.735734,True
0.22,438,1.436918,0.695749,0.723264,True
0.22,439,2.337341,0.750352,0.743644,True
0.22,440,1.893171,0.531442,0.930930,True
0.22,441,0.790457,0.386689,0.901246,True
0.22,442,1.983716,0.531661,1.004910,True
0.22,443,2.925654,0.694864,0.766428,True
0.22,444,2.035140,0.642876,0.864663,True
0.22,445,2.114801,0.549415,0.901474,True
0.22,446,2.041629,0.494346,1.103100,True
0.22,447,3.114431,0.922834,0.588901,True
0.22,448,1.388744,0.579566,0.922010,True
0.22,449,2.198592,0.521849,0.858103,True
0.22,450,1.315971,0.247934,1.263184,True
0.22,451,1.223873,0.539277,1.047578,True
0.22,452,1.993525,0.691836,0.940147,True
0.22,453,2.651619,0.879390,0.658131,True
0.22,454,1.565437,0.423570,1.073032,True
0.22,455,3.141905,1.046409,0.415184,True
0.22,456,1.641315,0.453679,0.977670,True
0.22,457,2.637395,0.572114,0.923781,True
0.22,458,1.551576,0.364811,1.138991,True
0.22,459,2.291134,0.674745,0.807103,True
0.22,460,1.479316,0.447550,0.935673,True
0.22,461,1.499148,0.760031,0.719552,True
0.22,462,0.987876,0.285701,1.114457,True
0.22,463,2.368380,0.327976,1.143867,True
0.22,464,1.583870,0.485384,0.915728,True
0.22,465,2.616378,0.742220,0.824149,True
0.22,466,2.402302,0.441890,0.809207,True
0.22,467,2.039957,0.690326,0.897047,True
0.22,468,2.091649,0.714480,0.816540,True
0.22,469,1.149666,0.389957,0.845304,True
0.22,470,1.162126,0.262668,1.136519,True
0.22,471,1.814760,0.463294,1.041464,True
0.22,472,1.530957,0.501014,0.963512,True
0.22,473,1.774462,0.491296,0.971148,True
0.22,474,2.183302,0.817455,0.535049,True
0.22,475,5.508309,0.613462,0.742306,True
0.22,476,1.666258,0.429365,0.900054,True
0.22,477,1.630316,0.517401,0.902026,True
0.22,478,1.239980,0.432809,1.059114,True
0.22,479,1.578660,0.724570,0.693624,True
0.22,480,2.384945,0.809324,0.717754,True
0.22,481,1.579762,0.584071,0.853255,True
0.22,482,1.401510,0.245841,1.110893,True
0.22,483,1.702592,0.654664,0.860643,True
0.22,484,2.579915,0.956347,0.539605,True
0.22,485,2.288712,0.653605,0.824264,True
0.22,486,2.961617,0.824757,0.511312,True
0.22,487,2.725423,0.764053,0.806033,True
0.22,488,1.995839,0.807304,0.552537,True
0.22,489,1.760888,0.621687,0.984062,True
0.22,490,3.647914,1.228535,0.324140,True
0.22,491,1.534036,0.633070,0.836334,True
0.22,492,1.929603,0.841430,0.873289,True
0.22,493,2.245520,0.929895,0.640258,True
0.22,494,1.057607,0.202781,1.071568,True
0.22,495,2.137730,0.621297,0.912608,True
0.22,496,2.195206,0.479600,1.000458,True
0.22,497,0.924792,0.280696,1.188501,True
0.22,498,2.726320,0.537664,0.851218,True
0.22,499,1.983970,0.468145,0.994118,True
0.24,0,2.461386,0.662048,0.774264,True
0.24,1,3.577264,0.771117,0.706894,True
0.24,2,2.678492,0.788633,0.811946,True
0.24,3,1.477396,0.542058,0.686768,True
0.24,4,1.489091,0.449651,1.121749,True
0.24,5,2.491767,0.780256,0.686979,True
0.24,6,1.128726,0.207316,1.300243,True
0.24,7,1.787340,0.510239,0.969025,True
0.24,8,2.977033,0.992586,0.538816,True
0.24,9,2.983569,0.766957,0.920570,True
0.24,10,2.878786,0.603742,0.766205,True
0.24,11,1.402814,0.316592,1.042990,True
0.24,12,2.213635,0.644201,0.853336,True
0.24,13,1.739041,0.314673,1.107843,True
0.24,14,1.722030,0.487865,1.230326,True
0.24,15,1.648251,0.466985,1.035446,True
0.24,16,2.236848,0.729794,0.852991,True
0.24,17,1.920020,0.948065,0.674630,True
0.24,18,1.801936,0.435264,1.011313,True
0.24,19,2.612772,0.916180,0.610291,True
0.24,20,2.663909,0.940901,0.652754,True
0.24,21,2.403435,0.915562,0.699156,True
0.24,22,1.655748,0.539516,1.074880,True
0.24,23,2.183161,0.796007,0.669823,True
0.24,24,1.966986,0.745180,0.738910,True
0.24,25,1.860665,0.465209,0.913795,True
0.24,26,1.407733,0.494500,0.959550,True
0.24,27,1.986768,0.402436,1.034748,True
0.24,28,1.463946,0.371293,1.010485,True
0.24,29,2.564160,1.114013,0.470661,True
0.24,30,1.315530,0.279220,1.191972,True
0.24,31,1.382867,0.447212,0.998240,True
0.24,32,2.494504,0.552609,0.709401,True
0.24,33,2.315510,0.904019,0.695519,True
0.24,34,1.848005,0.656914,0.865722,True
0.24,35,4.779230,0.776386,0.721928,True
0.24,36,1.718991,0.619667,0.815756,True
0.24,37,2.588034,0.889825,0.537215,True
0.24,38,2.310388,0.811949,0.836092,True
0.24,39,2.604979,0.712454,0.727489,True
0.24,40,2.738261,0.925119,0.620655,True
0.24,41,2.012260,0.738995,0.750515,True
0.24,42,1.501018,0.310190,1.050521,True
0.24,43,1.655560,0.786189,0.681982,True
0.24,44,1.608636,0.697090,0.813865,True
0.24,45,1.576027,0.516131,0.936707,True
0.24,46,3.063512,0.825243,0.738435,True
0.24,47,2.549104,0.974342,0.480598,True
0.24,48,2.439746,0.795153,0.690536,True
0.24,49,2.246892,0.649064,0.749285,True
0.24,50,2.187113,0.727791,0.680559,True
0.24,51,8.012198,0.517997,0.949987,True
0.24,52,1.499617,0.395855,0.962814,True
0.24,53,1.824035,0.558703,0.981368,True
0.24,54,2.827066,0.735642,0.775422,True
0.24,55,0.789669,0.211789,1.245324,True
0.24,56,2.436997,0.441615,1.045766,True
0.24,57,2.308927,0.767113,0.803607,True
0.24,58,2.547422,0.989215,0.460591,True
0.24,59,1.606759,0.602766,0.897854,True
0.24,60,2.114859,0.865371,0.742730,True
0.24,61,1.786324,0.529902,0.882617,True
0.24,62,1.425451,0.516420,1.026636,True
0.24,63,3.001527,0.588330,0.942772,True
0.24,64,3.250051,0.472730,0.995237,True
0.24,65,1.501443,0.761554,0.733878,True
0.24,66,2.055905,0.649127,0.952581,True
0.24,67,1.993340,0.424264,1.018091,True
0.24,68,3.599688,1.010142,0.413208,True
0.24,69,1.861098,0.455541,0.961072,True
0.24,70,1.799977,0.728230,0.714309,True
0.24,71,2.780156,0.942671,0.588521,True
0.24,72,1.888370,0.521445,0.718894,True
0.24,73,2.803078,0.693515,0.986687,True
0.24,74,2.179153,0.950237,0.640164,True
0.24,75,2.174922,0.536366,0.948244,True
0.24,76,2.728644,0.593457,0.822707,True
0.24,77,2.928992,0.954812,0.670239,True
0.24,78,1.420703,0.439832,1.058848,True
0.24,79,1.858690,0.561368,0.882490,True
0.24,80,1.697033,0.434168,1.103715,True
0.24,81,1.263436,0.211644,1.067385,True
0.24,82,5.836828,0.595719,0.988122,True
0.24,83,3.371434,0.813561,0.676530,True
0.24,84,1.396410,0.471816,1.014801,True
0.24,85,1.631367,0.466986,1.061237,True
0.24,86,1.269647,0.339469,1.083309,True
0.24,87,2.431648,1.073060,0.420865,True
0.24,88,0.884106,0.263273,1.333358,True
0.24,89,2.622452,0.718096,0.757274,True
0.24,90,1.689445,0.488610,1.008879,True
0.24,91,2.449446,0.755442,0.849561,True
0.24,92,2.988494,0.524276,0.973047,True
0.24,93,1.378121,0.395847,1.088252,True
0.24,94,2.492061,0.877361,0.718288,True
0.24,95,1.658924,0.315968,1.183337,True
0.24,96,1.775803,0.515375,0.889271,True
0.24,97,2.949139,0.540565,0.905173,True
0.24,98,1.977788,0.516679,0.923318,True
0.24,99,2.237356,0.503510,0.885647,True
0.24,100,2.382425,0.852699,0.573320,True
0.24,101,2.254513,0.670031,0.882198,True
0.24,102,1.506808,0.371850,1.100746,True
0.24,103,2.955744,0.650420,0.793338,True
0.24,104,0.988727,0.416796,0.964219,True
0.24,105,1.330365,0.320372,1.050791,True
0.24,106,1.343261,0.484915,0.817379,True
0.24,107,2.499311,0.553395,1.048161,True
0.24,108,2.334906,0.342062,1.058280,True
0.24,109,1.425091,0.370614,1.055516,True
0.24,110,1.998772,0.566523,0.823100,True
0.24,111,2.891256,0.857874,0.541236,True
0.24,112,2.169962,0.728455,0.780945,True
0.24,113,2.159449,0.904341,0.604173,True
0.24,114,1.768210,0.486723,0.884111,True
0.24,115,1.573926,0.435873,1.069420,True
0.24,116,1.643052,0.355577,1.059404,True
0.24,117,2.185497,0.917195,0.549679,True
0.24,118,1.968048,0.840301,0.586321,True
0.24,119,2.487222,0.597978,0.886291,True
0.24,120,2.459507,0.587342,0.931215,True
0.24,121,3.339852,0.755796,0.741804,True
0.24,122,2.177617,0.524182,0.962062,True
0.24,123,1.936125,0.654329,0.850999,True
0.24,124,2.913738,0.917388,0.595857,True
0.24,125,0.772001,0.290520,1.086461,True
0.24,126,5.106129,0.545769,0.746199,True
0.24,127,2.407245,0.850174,0.579356,True
0.24,128,2.398775,0.489684,0.974524,True
0.24,129,1.548317,0.503527,0.936118,True
0.24,130,2.070430,0.557346,0.846041,True
0.24,131,1.408444,0.596011,0.882020,True
0.24,132,2.701036,0.803392,0.728468,True
0.24,133,2.016059,0.579583,0.882548,True
0.24,134,1.576038,0.694620,0.868170,True
0.24,135,4.829918,0.514376,0.817633,True
0.24,136,1.945430,0.526824,0.996470,True
0.24,137,2.284023,0.630578,0.839784,True
0.24,138,2.317046,0.961644,0.519690,True
0.24,139,1.174091,0.379114,1.086265,True
0.24,140,2.144447,0.641937,0.881080,True
0.24,141,3.084593,0.789216,0.653158,True
0.24,142,2.212770,0.734398,0.826685,True
0.24,143,1.840362,0.668131,0.868306,True
0.24,144,0.798386,0.354619,1.023366,True
0.24,145,0.803684,0.221826,1.164165,True
0.24,146,3.333117,1.097593,0.338998,True
0.24,147,2.064895,0.706277,0.730767,True
0.24,148,1.735907,0.236750,1.124802,True
0.24,149,2.985569,0.968105,0.555054,True
0.24,150,3.201323,1.020196,0.376618,True
0.24,151,1.652223,0.510792,1.056224,True
0.24,152,1.614655,0.551385,0.977408,True
0.24,153,5.179459,0.616221,0.912727,True
0.24,154,1.495686,0.474377,0.844297,True
0.24,155,1.655020,0.633189,0.809542,True
0.24,156,1.390503,0.450744,1.049111,True
0.24,157,2.908912,0.708848,0.605196,True
0.24,158,1.423307,0.307673,1.049513,True
0.24,159,1.797234,0.537661,0.762034,True
0.24,160,1.559601,0.608480,0.836892,True
0.24,161,3.530539,0.739440,0.719857,True
0.24,162,1.901946,0.625456,0.920404,True
0.24,163,2.847037,0.633724,0.872630,True
0.24,164,2.379885,0.880017,0.585970,True
0.24,165,1.128354,0.351459,0.983817,True
0.24,166,3.608877,0.762024,0.787151,True
0.24,167,2.871199,0.934072,0.679031,True
0.24,168,2.078361,0.587464,1.010278,True
0.24,169,1.800566,0.651832,0.837991,True
0.24,170,2.874143,0.780880,0.620000,True
0.24,171,2.188545,0.780201,0.613005,True
0.24,172,1.941629,0.434108,0.941948,True
0.24,173,1.685217,0.434258,1.118261,True
0.24,174,1.828452,0.513501,1.074957,True
0.24,175,2.040224,0.593694,0.881699,True
0.24,176,2.303764,0.438434,1.141151,True
0.24,177,1.919745,0.654209,0.933120,True
0.24,178,2.643788,0.957158,0.668696,True
0.24,179,3.354017,0.867679,0.565631,True
0.24,180,1.817596,0.665679,1.036346,True
0.24,181,1.474200,0.625040,0.991259,True
0.24,182,8.191854,0.540073,0.980095,True
0.24,183,1.936007,0.712443,0.791320,True
0.24,184,2.414820,0.779085,0.817249,True
0.24,185,1.147166,0.351917,1.175630,True
0.24,186,2.389721,0.813196,0.732425,True
0.24,187,1.745726,0.718833,0.813596,True
0.24,188,2.636633,0.819948,0.602518,True
0.24,189,1.549419,0.352351,1.031412,True
0.24,190,2.136551,0.643451,0.835846,True
0.24,191,2.998770,0.832906,0.729372,True
0.24,192,2.167434,0.922782,0.638679,True
0.24,193,1.343692,0.390033,1.053055,True
0.24,194,1.245543,0.343748,1.150506,True
0.24,195,2.472305,0.800909,0.780574,True
0.24,196,2.091381,0.410778,1.005863,True
0.24,197,2.286569,0.768910,0.698384,True
0.24,198,2.403652,0.653141,0.957814,True
0.24,199,2.528226,0.644772,0.986512,True
0.24,200,1.607259,0.330408,1.140490,True
0.24,201,1.930496,0.563885,0.945551,True
0.24,202,1.474576,0.356063,1.122649,True
0.24,203,1.236484,0.557324,0.871625,True
0.24,204,1.463843,0.324354,1.181036,True
0.24,205,2.632405,0.671462,0.951618,True
0.24,206,2.080335,0.579895,0.844146,True
0.24,207,2.503635,0.635155,0.815566,True
0.24,208,0.890954,0.347436,0.931735,True
0.24,209,1.705149,0.447481,1.149005,True
0.24,210,1.526537,0.407786,1.085484,True
0.24,211,2.088144,0.542201,0.935967,True
0.24,212,0.711202,0.153522,1.275385,True
0.24,213,1.513993,0.369059,1.071021,True
0.24,214,1.355673,0.598334,0.868135,True
0.24,215,2.572707,1.112038,0.456768,True
0.24,216,1.092854,0.347245,1.108258,True
0.24,217,2.416524,0.651850,0.792626,True
0.24,218,2.735357,0.860126,0.600993,True
0.24,219,1.539753,0.655607,0.762705,True
0.24,220,2.349983,0.735097,0.821332,True
0.24,221,2.322127,0.540384,0.934328,True
0.24,222,2.461478,0.882486,0.486573,True
0.24,223,1.837545,0.472149,0.976741,True
0.24,224,3.039128,0.589946,0.838731,True
0.24,225,1.234980,0.282055,1.244003,True
0.24,226,1.726492,0.273173,1.279512,True
0.24,227,1.789304,0.335325,1.009569,True
0.24,228,2.744946,0.634410,0.761923,True
0.24,229,1.851401,0.557854,0.939972,True
0.24,230,1.400268,0.444338,1.135913,True
0.24,231,2.873660,0.869707,0.686165,True
0.24,232,1.700176,0.659321,0.871941,True
0.24,233,0.941649,0.298638,1.068410,True
0.24,234,1.402778,0.375209,1.096986,True
0.24,235,2.615433,1.052060,0.547520,True
0.24,236,1.972610,0.559763,0.943776,True
0.24,237,2.541154,0.447507,1.019631,True
0.24,238,1.274995,0.390151,1.183594,True
0.24,239,2.013889,0.550085,0.938330,True
0.24,240,2.737865,0.882861,0.560381,True
0.24,241,2.035559,0.835699,0.594519,True
0.24,242,2.121105,0.894166,0.718222,True
0.24,243,1.054555,0.255633,1.171846,True
0.24,244,1.944352,0.816515,0.661000,True
0.24,245,1.575243,0.260994,1.126024,True
0.24,246,1.473649,0.446643,0.948419,True
0.24,247,2.272122,0.574258,0.984527,True
0.24,248,2.077041,0.327625,1.037044,True
0.24,249,2.198294,0.642753,0.831323,True
0.24,250,1.289949,0.392823,0.938922,True
0.24,251,2.432253,0.552717,0.844274,True
0.24,252,1.294088,0.409135,1.066690,True
0.24,253,6.164693,0.734004,0.756432,True
0.24,254,1.826425,0.422116,1.004107,True
0.24,255,1.809034,0.601053,0.847682,True
0.24,256,5.265095,0.617632,0.775045,True
0.24,257,2.745815,0.855888,0.598010,True
0.24,258,3.262060,0.699618,0.800757,True
0.24,259,3.704526,0.859681,0.678623,True
0.24,260,2.138358,0.780320,0.703362,True
0.24,261,3.133261,0.871172,0.711450,True
0.24,262,1.828497,0.274269,1.165202,True
0.24,263,2.126256,0.597163,0.821550,True
0.24,264,1.924159,0.686892,0.733735,True
0.24,265,2.170545,0.783649,0.678704,True
0.24,266,1.721188,0.576855,0.961009,True
0.24,267,1.343689,0.361048,1.063704,True
0.24,268,2.597019,0.723010,0.758577,True
0.24,269,2.930785,0.623713,0.896624,True
0.24,270,2.350443,0.511219,0.985458,True
0.24,271,1.615532,0.371377,1.200607,True
0.24,272,2.575607,0.918724,0.483564,True
0.24,273,2.391136,0.610010,1.003339,True
0.24,274,1.299358,0.414927,1.001195,True
0.24,275,2.855918,0.595842,0.807950,True
0.24,276,1.597598,0.618783,0.896969,True
0.24,277,5.884060,0.614974,0.782207,True
0.24,278,2.446514,0.622466,0.867862,True
0.24,279,0.942130,0.295327,1.084823,True
0.24,280,1.997866,0.590230,0.886728,True
0.24,281,2.152006,0.881880,0.718252,True
0.24,282,1.680642,0.540460,0.877124,True
0.24,283,1.570238,0.387923,1.115588,True
0.24,284,1.952734,0.705216,0.675195,True
0.24,285,1.583011,0.596290,0.797691,True
0.24,286,1.800094,0.501373,0.985135,True
0.24,287,1.595744,0.628376,0.838268,True
0.24,288,3.314683,0.753004,0.696491,True
0.24,289,0.882902,0.324055,0.998341,True
0.24,290,1.106995,0.353809,1.124642,True
0.24,291,2.707001,0.853725,0.565898,True
0.24,292,1.854908,0.735987,0.797984,True
0.24,293,1.804836,0.508113,0.931239,True
0.24,294,2.085402,0.354038,1.155813,True
0.24,295,1.874218,0.580891,0.876285,True
0.24,296,2.163778,0.468071,0.967587,True
0.24,297,2.661185,0.895172,0.595788,True
0.24,298,1.220269,0.316250,1.059506,True
0.24,299,1.501235,0.359909,1.063739,True
0.24,300,1.385662,0.342998,1.068864,True
0.24,301,1.663726,0.504459,0.951367,True
0.24,302,1.483986,0.375656,1.086892,True
0.24,303,2.360167,0.700943,0.719737,True
0.24,304,2.148630,0.718596,0.741401,True
0.24,305,1.360013,0.611736,0.915171,True
0.24,306,2.449729,0.755659,0.731474,True
0.24,307,2.731783,0.868593,0.480637,True
0.24,308,1.177601,0.386942,1.021461,True
0.24,309,2.004932,0.392762,1.075930,True
0.24,310,1.410651,0.274553,1.149253,True
0.24,311,2.123141,0.883274,0.582448,True
0.24,312,1.386520,0.244037,1.179583,True
0.24,313,2.608373,0.355350,1.103324,True
0.24,314,1.727514,0.635327,0.716389,True
0.24,315,2.347387,0.836758,0.618104,True
0.24,316,1.666907,0.355033,1.253372,True
0.24,317,2.520787,0.945304,0.579890,True
0.24,318,2.507638,0.837818,0.683511,True
0.24,319,2.007414,0.813219,0.593263,True
0.24,320,2.141151,0.598014,0.985292,True
0.24,321,1.974871,0.638689,0.931649,True
0.24,322,1.507482,0.474754,0.948906,True
0.24,323,2.452202,1.034868,0.502290,True
0.24,324,1.716196,0.422796,1.075373,True
0.24,325,1.402422,0.496398,0.877705,True
0.24,326,2.476540,0.830406,0.674487,True
0.24,327,2.559990,0.782458,0.570536,True
0.24,328,2.295644,0.741915,0.684820,True
0.24,329,4.747047,0.493674,0.897022,True
0.24,330,2.507116,0.934624,0.511299,True
0.24,331,1.467074,0.302502,1.220707,True
0.24,332,2.120200,0.798440,0.595264,True
0.24,333,1.064135,0.237773,1.029997,True
0.24,334,2.417419,0.387623,1.043487,True
0.24,335,2.208938,0.914268,0.593870,True
0.24,336,2.547547,0.654833,0.903135,True
0.24,337,1.434187,0.311251,1.270801,True
0.24,338,1.542481,0.523379,0.841527,True
0.24,339,3.496569,0.948592,0.558014,True
0.24,340,2.043650,0.447801,1.043740,True
0.24,341,1.720239,0.465842,1.107562,True
0.24,342,0.850011,0.369390,0.970901,True
0.24,343,2.225682,0.613198,0.891322,True
0.24,344,2.377984,1.046845,0.538033,True
0.24,345,2.555529,0.794385,0.742830,True
0.24,346,2.376724,0.902994,0.607293,True
0.24,347,1.036435,0.281778,1.046611,True
0.24,348,2.271787,0.568486,0.978402,True
0.24,349,3.016491,0.945842,0.541869,True
0.24,350,1.571166,0.385576,1.075055,True
0.24,351,2.441697,1.059611,0.512010,True
0.24,352,1.463285,0.328122,1.083906,True
0.24,353,2.583761,0.547236,0.956753,True
0.24,354,2.513966,0.675550,0.837249,True
0.24,355,1.705176,0.520629,0.867232,True
0.24,356,1.052749,0.187437,1.266347,True
0.24,357,1.999510,0.725653,0.554638,True
0.24,358,1.063534,0.337746,1.096920,True
0.24,359,1.634911,0.562024,0.973263,True
0.24,360,1.453673,0.500479,0.889671,True
0.24,361,2.383041,0.600462,0.879420,True
0.24,362,1.963067,0.364451,1.034500,True
0.24,363,1.820327,0.573488,0.833360,True
0.24,364,1.708053,0.583919,0.711349,True
0.24,365,1.559751,0.317635,1.189029,True
0.24,366,1.717278,0.314141,1.308928,True
0.24,367,2.169277,0.469138,0.914533,True
0.24,368,1.723207,0.669479,0.748052,True
0.24,369,1.645209,0.489033,1.020825,True
0.24,370,2.800687,0.725167,0.711242,True
0.24,371,3.053341,0.742850,0.706225,True
0.24,372,1.700343,0.624603,1.122120,True
0.24,373,2.312202,0.701254,0.656030,True
0.24,374,2.558795,0.811741,0.669175,True
0.24,375,3.529867,0.861708,0.592424,True
0.24,376,2.641805,0.692656,0.702959,True
0.24,377,5.276610,0.669249,0.806628,True
0.24,378,2.570491,0.565913,0.922411,True
0.24,379,2.328090,0.700332,0.774367,True
0.24,380,2.990950,0.820830,0.760008,True
0.24,381,1.469903,0.432069,0.947081,True
0.24,382,1.678636,0.464882,0.995316,True
0.24,383,1.300845,0.382727,1.139442,True
0.24,384,1.685424,0.647536,0.908928,True
0.24,385,2.114911,0.848861,0.566002,True
0.24,386,2.518311,0.407557,1.075254,True
0.24,387,7.244806,0.442930,1.074323,True
0.24,388,1.173410,0.400180,0.952622,True
0.24,389,3.198082,0.528625,0.902726,True
0.24,390,1.190680,0.189659,1.154809,True
0.24,391,1.996378,0.579223,0.936441,True
0.24,392,1.800855,0.410924,1.219727,True
0.24,393,1.654160,0.524592,0.871765,True
0.24,394,1.074540,0.298460,1.068269,True
0.24,395,1.197929,0.428486,1.103008,True
0.24,396,1.750816,0.592963,0.928801,True
0.24,397,1.069870,0.386935,1.002039,True
0.24,398,2.177353,0.405800,0.983568,True
0.24,399,2.159821,0.707608,0.734587,True
0.24,400,3.007505,0.780785,0.722532,True
0.24,401,3.064402,0.799395,0.778966,True
0.24,402,1.789478,0.449444,0.935044,True
0.24,403,2.170415,0.671611,0.948231,True
0.24,404,1.827315,0.527761,0.967340,True
0.24,405,1.328559,0.503426,0.868394,True
0.24,406,2.001303,0.698322,0.848249,True
0.24,407,2.846661,0.926495,0.669549,True
0.24,408,1.991262,0.681318,0.767017,True
0.24,409,1.999893,0.367739,1.028345,True
0.24,410,1.996083,0.533236,0.976953,True
0.24,411,1.378361,0.405975,1.011078,True
0.24,412,2.917249,0.747226,0.774674,True
0.24,413,1.452822,0.440149,0.972836,True
0.24,414,2.431338,0.919093,0.552485,True
0.24,415,2.582995,0.590579,0.961949,True
0.24,416,2.481346,0.727954,0.904788,True
0.24,417,4.877126,0.537779,0.917660,True
0.24,418,2.058532,0.561559,0.889755,True
0.24,419,2.560934,0.655962,0.860889,True
0.24,420,3.096829,0.903591,0.723274,True
0.24,421,1.792798,0.562832,0.765047,True
0.24,422,2.617043,0.859052,0.667668,True
0.24,423,2.197518,0.501925,1.033611,True
0.24,424,2.182675,0.762325,0.664948,True
0.24,425,2.913730,0.411150,1.069776,True
0.24,426,2.310937,0.445114,1.045230,True
0.24,427,2.177984,0.777172,0.749181,True
0.24,428,1.640494,0.615063,0.894415,True
0.24,429,2.386899,0.926923,0.669646,True
0.24,430,2.441794,0.918016,0.693645,True
0.24,431,1.801473,0.546250,0.919683,True
0.24,432,2.137600,0.756294,0.765194,True
0.24,433,2.842611,0.667531,0.662868,True
0.24,434,2.855446,0.787043,0.743190,True
0.24,435,1.531044,0.416087,1.128503,True
0.24,436,2.477844,0.625236,0.742919,True
0.24,437,2.881757,0.664846,0.750744,True
0.24,438,1.417533,0.691168,0.727363,True
0.24,439,2.285553,0.738413,0.754796,True
0.24,440,1.870364,0.526587,0.935129,True
0.24,441,0.789576,0.386578,0.901323,True
0.24,442,1.941744,0.524619,1.011468,True
0.24,443,2.866095,0.676814,0.782229,True
0.24,444,1.991347,0.633843,0.873016,True
0.24,445,2.066709,0.541251,0.909098,True
0.24,446,2.013519,0.489379,1.107565,True
0.24,447,3.050010,0.897198,0.611530,True
0.24,448,1.369780,0.575817,0.925336,True
0.24,449,2.163504,0.515438,0.863904,True
0.24,450,1.305477,0.246905,1.264026,True
0.24,451,1.215425,0.537758,1.048927,True
0.24,452,1.953627,0.681968,0.948933,True
0.24,453,2.589616,0.861836,0.674266,True
0.24,454,1.527514,0.417513,1.078150,True
0.24,455,3.076195,1.017378,0.440899,True
0.24,456,1.615926,0.449316,0.981434,True
0.24,457,2.573216,0.560183,0.934697,True
0.24,458,1.538354,0.362525,1.140807,True
0.24,459,2.248742,0.664883,0.816049,True
0.24,460,1.470853,0.445845,0.937045,True
0.24,461,1.464745,0.749441,0.728146,True
0.24,462,0.984729,0.285367,1.114710,True
0.24,463,2.334997,0.322508,1.148463,True
0.24,464,1.563986,0.481869,0.918819,True
0.24,465,2.555927,0.727624,0.837541,True
0.24,466,2.371270,0.434221,0.815558,True
0.24,467,2.007649,0.682450,0.904138,True
0.24,468,2.045894,0.704542,0.825908,True
0.24,469,1.146188,0.389464,0.845716,True
0.24,470,1.135187,0.260198,1.138522,True
0.24,471,1.778088,0.457807,1.046528,True
0.24,472,1.511146,0.497698,0.966537,True
0.24,473,1.737285,0.485444,0.976552,True
0.24,474,2.137395,0.805494,0.546119,True
0.24,475,5.508309,0.613462,0.742306,True
0.24,476,1.644658,0.426202,0.902929,True
0.24,477,1.610199,0.513824,0.905261,True
0.24,478,1.234404,0.431726,1.059942,True
0.24,479,1.562805,0.720293,0.697365,True
0.24,480,2.328658,0.795643,0.730570,True
0.24,481,1.537630,0.574979,0.860971,True
0.24,482,1.370119,0.242274,1.113547,True
0.24,483,1.661579,0.645345,0.868904,True
0.24,484,2.524259,0.937890,0.556309,True
0.24,485,2.242391,0.643966,0.833201,True
0.24,486,2.894450,0.804448,0.529569,True
0.24,487,2.662043,0.747758,0.820865,True
0.24,488,1.958857,0.796856,0.561930,True
0.24,489,1.721799,0.613832,0.991278,True
0.24,490,3.634108,1.169259,0.373704,True
0.24,491,1.512639,0.628544,0.840450,True
0.24,492,1.880412,0.827346,0.885905,True
0.24,493,2.206941,0.917425,0.651557,True
0.24,494,1.050405,0.201934,1.072062,True
0.24,495,2.085501,0.611770,0.921641,True
0.24,496,2.159450,0.473384,1.006024,True
0.24,497,0.919244,0.280158,1.188896,True
0.24,498,2.664332,0.526355,0.861503,True
0.24,499,1.942696,0.461731,0.999973,True
0.26,0,2.411619,0.650991,0.784352,True
0.26,1,3.583104,0.730630,0.740200,True
0.26,2,2.619014,0.772944,0.826254,True
0.26,3,1.464351,0.539522,0.689009,True
0.26,4,1.477420,0.447563,1.123513,True
0.26,5,2.447088,0.767120,0.698669,True
0.26,6,1.119777,0.206543,1.300815,True
0.26,7,1.749104,0.503995,0.974778,True
0.26,8,2.920244,0.968059,0.560372,True
0.26,9,2.925893,0.747916,0.937329,True
0.26,10,2.831968,0.589112,0.778753,True
0.26,11,1.394221,0.315331,1.043977,True
0.26,12,2.170181,0.635223,0.861624,True
0.26,13,1.712964,0.311539,1.110555,True
0.26,14,1.696315,0.483420,1.234286,True
0.26,15,1.634323,0.464635,1.037538,True
0.26,16,2.188196,0.718925,0.863164,True
0.26,17,1.882177,0.936900,0.685090,True
0.26,18,1.778490,0.431631,1.014567,True
0.26,19,2.559820,0.899067,0.625737,True
0.26,20,2.619046,0.922277,0.668934,True
0.26,21,2.351663,0.900665,0.712944,True
0.26,22,1.638854,0.536205,1.077815,True
0.26,23,2.142679,0.785598,0.679447,True
0.26,24,1.934278,0.736687,0.746566,True
0.26,25,1.835657,0.461340,0.917356,True
0.26,26,1.392953,0.491722,0.961902,True
0.26,27,1.947923,0.396786,1.039753,True
0.26,28,1.452276,0.369590,1.011927,True
0.26,29,2.511604,1.093970,0.488841,True
0.26,30,1.294269,0.277175,1.193740,True
0.26,31,1.364808,0.444657,1.000604,True
0.26,32,2.441141,0.542936,0.718258,True
0.26,33,2.266548,0.889762,0.708629,True
0.26,34,1.824459,0.651611,0.870548,True
0.26,35,4.779230,0.776386,0.721928,True
0.26,36,1.695814,0.614615,0.820284,True
0.26,37,2.530160,0.873051,0.552585,True
0.26,38,2.263972,0.799098,0.847744,True
0.26,39,2.552997,0.699132,0.739456,True
0.26,40,2.688083,0.905783,0.637638,True
0.26,41,1.974442,0.730110,0.758783,True
0.26,42,1.490979,0.308954,1.051572,True
0.26,43,1.633964,0.780181,0.687342,True
0.26,44,1.587955,0.692129,0.818338,True
0.26,45,1.547228,0.511225,0.941155,True
0.26,46,3.010669,0.803117,0.757611,True
0.26,47,2.500459,0.956955,0.496164,True
0.26,48,2.399561,0.782545,0.701648,True
0.26,49,2.197641,0.638868,0.758666,True
0.26,50,2.145917,0.717870,0.689645,True
0.26,51,8.012198,0.517997,0.949987,True
0.26,52,1.491755,0.394628,0.963861,True
0.26,53,1.805813,0.554267,0.985101,True
0.26,54,2.772864,0.719045,0.790028,True
0.26,55,0.788236,0.211705,1.245389,True
0.26,56,2.391021,0.434465,1.052217,True
0.26,57,2.261134,0.755486,0.814355,True
0.26,58,2.493610,0.970703,0.477285,True
0.26,59,1.582945,0.597825,0.902289,True
0.26,60,2.070030,0.852919,0.754184,True
0.26,61,1.752993,0.524094,0.887932,True
0.26,62,1.416538,0.514716,1.028117,True
0.26,63,2.948985,0.573190,0.955907,True
0.26,64,3.203867,0.457461,1.008247,True
0.26,65,1.479976,0.755986,0.738874,True
0.26,66,2.015166,0.640909,0.960275,True
0.26,67,1.962145,0.419930,1.022094,True
0.26,68,3.628238,0.950668,0.461707,True
0.26,69,1.840710,0.452014,0.964179,True
0.26,70,1.779159,0.722670,0.719241,True
0.26,71,2.726710,0.922227,0.606564,True
0.26,72,1.861812,0.516001,0.723607,True
0.26,73,2.753309,0.677899,1.000260,True
0.26,74,2.131083,0.936207,0.653232,True
0.26,75,2.126064,0.528100,0.955867,True
0.26,76,2.678101,0.581249,0.833467,True
0.26,77,2.879535,0.930621,0.691055,True
0.26,78,1.413377,0.438527,1.059937,True
0.26,79,1.816916,0.553903,0.889355,True
0.26,80,1.678546,0.431337,1.106258,True
0.26,81,1.255057,0.210966,1.067947,True
0.26,82,5.836828,0.595719,0.988122,True
0.26,83,3.341516,0.781603,0.703216,True
0.26,84,1.389824,0.470334,1.015954,True
0.26,85,1.614276,0.464148,1.063769,True
0.26,86,1.259434,0.338117,1.084409,True
0.26,87,2.386466,1.055838,0.436375,True
0.26,88,0.882899,0.263127,1.333448,True
0.26,89,2.567553,0.704281,0.769755,True
0.26,90,1.659344,0.484092,1.013148,True
0.26,91,2.405410,0.743177,0.860521,True
0.26,92,2.937906,0.510486,0.984923,True
0.26,93,1.366791,0.394181,1.089678,True
0.26,94,2.437403,0.861704,0.732608,True
0.26,95,1.642482,0.314029,1.185038,True
0.26,96,1.747515,0.510686,0.893628,True
0.26,97,2.891843,0.527469,0.916714,True
0.26,98,1.946056,0.510849,0.928542,True
0.26,99,2.188331,0.495669,0.892889,True
0.26,100,2.336942,0.839345,0.585424,True
0.26,101,2.218571,0.661258,0.890052,True
0.26,102,1.496918,0.370280,1.102040,True
0.26,103,2.901100,0.634389,0.807352,True
0.26,104,0.984762,0.416242,0.964665,True
0.26,105,1.325487,0.319592,1.051381,True
0.26,106,1.317194,0.480687,0.821089,True
0.26,107,2.449567,0.543920,1.056759,True
0.26,108,2.292013,0.336928,1.062913,True
0.26,109,1.396999,0.366611,1.058817,True
0.26,110,1.962955,0.560129,0.829070,True
0.26,111,2.838569,0.837975,0.558658,True
0.26,112,2.138362,0.719751,0.788655,True
0.26,113,2.121385,0.892773,0.614739,True
0.26,114,1.743077,0.481869,0.888264,True
0.26,115,1.563840,0.434015,1.070975,True
0.26,116,1.629477,0.353642,1.061061,True
0.26,117,2.136362,0.903630,0.562436,True
0.26,118,1.943049,0.832518,0.593237,True
0.26,119,2.435176,0.587664,0.895725,True
0.26,120,2.409412,0.577335,0.940307,True
0.26,121,3.301306,0.728013,0.765212,True
0.26,122,2.144095,0.517695,0.967841,True
0.26,123,1.910595,0.648177,0.856467,True
0.26,124,2.864705,0.895045,0.615150,True
0.26,125,0.771032,0.290417,1.086525,True
0.26,126,5.106129,0.545769,0.746199,True
0.26,127,2.361833,0.836738,0.591514,True
0.26,128,2.354565,0.482145,0.981348,True
0.26,129,1.527557,0.499971,0.939326,True
0.26,130,2.037263,0.550663,0.852010,True
0.26,131,1.388442,0.591882,0.885656,True
0.26,132,2.647012,0.787085,0.743014,True
0.26,133,1.979657,0.572680,0.888904,True
0.26,134,1.559944,0.690632,0.871720,True
0.26,135,4.829918,0.514376,0.817633,True
0.26,136,1.925303,0.521895,1.000589,True
0.26,137,2.242898,0.621650,0.847886,True
0.26,138,2.267254,0.945881,0.534058,True
0.26,139,1.162623,0.377384,1.087602,True
0.26,140,2.100616,0.631807,0.890084,True
0.26,141,3.035800,0.766545,0.672545,True
0.26,142,2.177978,0.724482,0.835402,True
0.26,143,1.815678,0.662634,0.873357,True
0.26,144,0.796914,0.354501,1.023477,True
0.26,145,0.802286,0.221720,1.164235,True
0.26,146,3.300024,1.057826,0.372340,True
0.26,147,2.026867,0.697682,0.738743,True
0.26,148,1.704448,0.234101,1.127145,True
0.26,149,2.934184,0.942728,0.576948,True
0.26,150,3.151494,0.988913,0.403436,True
0.26,151,1.629212,0.506464,1.060011,True
0.26,152,1.601468,0.548544,0.979857,True
0.26,153,5.179459,0.616221,0.912727,True
0.26,154,1.486381,0.472617,0.845787,True
0.26,155,1.628085,0.627637,0.814655,True
0.26,156,1.380512,0.448879,1.050634,True
0.26,157,2.856514,0.691886,0.619981,True
0.26,158,1.396901,0.305111,1.051868,True
0.26,159,1.774430,0.533521,0.765822,True
0.26,160,1.547880,0.605826,0.839219,True
0.26,161,3.527134,0.703390,0.749579,True
0.26,162,1.865286,0.617929,0.927308,True
0.26,163,2.791703,0.619440,0.885248,True
0.26,164,2.329164,0.865937,0.599009,True
0.26,165,1.124144,0.350932,0.984256,True
0.26,166,4.607715,0.581538,0.928687,True
0.26,167,2.813833,0.912747,0.697948,True
0.26,168,2.050236,0.581263,1.015776,True
0.26,169,1.771808,0.645309,0.843858,True
0.26,170,2.817304,0.762939,0.635880,True
0.26,171,2.147654,0.769851,0.622561,True
0.26,172,1.918150,0.430197,0.945383,True
0.26,173,1.659024,0.430547,1.121685,True
0.26,174,1.797072,0.508238,1.079803,True
0.26,175,2.012860,0.587384,0.887231,True
0.26,176,2.253936,0.430958,1.147904,True
0.26,177,1.892321,0.647859,0.938828,True
0.26,178,2.599721,0.938914,0.684596,True
0.26,179,3.324184,0.834991,0.592941,True
0.26,180,1.783704,0.658476,1.043031,True
0.26,181,1.459002,0.621784,0.994189,True
0.26,182,8.191854,0.540073,0.980095,True
0.26,183,1.897315,0.704214,0.799134,True
0.26,184,2.362472,0.766101,0.829251,True
0.26,185,1.136474,0.350666,1.176705,True
0.26,186,2.338668,0.799554,0.744903,True
0.26,187,1.704746,0.709317,0.822275,True
0.26,188,2.583192,0.802162,0.618093,True
0.26,189,1.537185,0.350611,1.032882,True
0.26,190,2.101732,0.635747,0.842844,True
0.26,191,2.954649,0.810858,0.748144,True
0.26,192,2.118884,0.908937,0.651571,True
0.26,193,1.324529,0.387277,1.055373,True
0.26,194,1.236486,0.342534,1.151489,True
0.26,195,2.423071,0.787108,0.793033,True
0.26,196,2.051142,0.405515,1.010753,True
0.26,197,2.244139,0.757843,0.708458,True
0.26,198,2.353341,0.640709,0.968765,True
0.26,199,2.474398,0.633162,0.997099,True
0.26,200,1.596627,0.328918,1.141737,True
0.26,201,1.895293,0.557125,0.951671,True
0.26,202,1.449964,0.353209,1.125250,True
0.26,203,1.223826,0.554864,0.873730,True
0.26,204,1.454357,0.323200,1.182037,True
0.26,205,2.590549,0.658518,0.962781,True
0.26,206,2.036946,0.572082,0.851450,True
0.26,207,2.448265,0.623578,0.826147,True
0.26,208,0.889597,0.347263,0.931857,True
0.26,209,1.688567,0.444694,1.151455,True
0.26,210,1.515759,0.406108,1.086933,True
0.26,211,2.062201,0.535977,0.941253,True
0.26,212,0.710717,0.153482,1.275402,True
0.26,213,1.502851,0.367278,1.072478,True
0.26,214,1.348126,0.596668,0.869571,True
0.26,215,2.521848,1.091779,0.474978,True
0.26,216,1.083530,0.346101,1.109181,True
0.26,217,2.363006,0.640749,0.802864,True
0.26,218,2.685509,0.839417,0.618729,True
0.26,219,1.513290,0.649236,0.768202,True
0.26,220,2.296433,0.723057,0.832590,True
0.26,221,2.284182,0.532266,0.941448,True
0.26,222,2.409338,0.867225,0.500516,True
0.26,223,1.803954,0.466883,0.981550,True
0.26,224,2.991374,0.574116,0.852309,True
0.26,225,1.228105,0.281311,1.244618,True
0.26,226,1.683980,0.268612,1.283322,True
0.26,227,1.772027,0.333027,1.011558,True
0.26,228,2.690677,0.621192,0.773687,True
0.26,229,1.817851,0.552044,0.945430,True
0.26,230,1.392593,0.442785,1.137140,True
0.26,231,2.826295,0.849369,0.703712,True
0.26,232,1.684539,0.655627,0.875243,True
0.26,233,0.940068,0.298472,1.068536,True
0.26,234,1.390380,0.373304,1.098544,True
0.26,235,2.562558,1.032302,0.565333,True
0.26,236,1.946605,0.554462,0.948509,True
0.26,237,2.486305,0.439352,1.027075,True
0.26,238,1.256052,0.387452,1.185834,True
0.26,239,1.965984,0.541101,0.946359,True
0.26,240,2.684044,0.864540,0.576673,True
0.26,241,1.996337,0.825501,0.604080,True
0.26,242,2.077291,0.882178,0.729471,True
0.26,243,1.044860,0.254547,1.172587,True
0.26,244,1.911282,0.807860,0.669042,True
0.26,245,1.553060,0.259004,1.127811,True
0.26,246,1.459949,0.444269,0.950433,True
0.26,247,2.222500,0.565598,0.992641,True
0.26,248,2.038474,0.323388,1.040907,True
0.26,249,2.164173,0.634570,0.838594,True
0.26,250,1.272641,0.390178,0.941055,True
0.26,251,2.378611,0.543408,0.852895,True
0.26,252,1.287069,0.408043,1.067609,True
0.26,253,6.164693,0.734004,0.756432,True
0.26,254,1.796520,0.417220,1.008326,True
0.26,255,1.787714,0.596014,0.852045,True
0.26,256,5.265095,0.617632,0.775045,True
0.26,257,2.690661,0.837989,0.613969,True
0.26,258,3.220383,0.676270,0.820513,True
0.26,259,4.384053,0.676298,0.824736,True
0.26,260,2.103547,0.771040,0.711810,True
0.26,261,3.086143,0.845756,0.733167,True
0.26,262,1.812482,0.271731,1.167184,True
0.26,263,2.094178,0.589459,0.828240,True
0.26,264,1.889081,0.679062,0.740952,True
0.26,265,2.125912,0.772966,0.688731,True
0.26,266,1.699013,0.572505,0.964968,True
0.26,267,1.335087,0.359847,1.064712,True
0.26,268,2.546678,0.709616,0.770567,True
0.26,269,2.878491,0.608584,0.909797,True
0.26,270,2.303559,0.502465,0.993250,True
0.26,271,1.595275,0.368687,1.202998,True
0.26,272,2.527039,0.901759,0.498637,True
0.26,273,2.337673,0.599060,1.013270,True
0.26,274,1.293257,0.413795,1.002078,True
0.26,275,2.798193,0.582419,0.819885,True
0.26,276,1.581633,0.614843,0.900321,True
0.26,277,5.884060,0.614974,0.782207,True
0.26,278,2.399714,0.612360,0.877012,True
0.26,279,0.939219,0.295030,1.085049,True
0.26,280,1.957913,0.582194,0.893982,True
0.26,281,2.119189,0.871683,0.727461,True
0.26,282,1.649311,0.534182,0.882562,True
0.26,283,1.556100,0.385248,1.117690,True
0.26,284,1.928621,0.698903,0.680801,True
0.26,285,1.559883,0.591894,0.801785,True
0.26,286,1.762504,0.493828,0.991489,True
0.26,287,1.578191,0.624428,0.841774,True
0.26,288,3.275252,0.725820,0.719399,True
0.26,289,0.880993,0.323814,0.998502,True
0.26,290,1.101430,0.353040,1.125235,True
0.26,291,2.653553,0.836306,0.581392,True
0.26,292,1.813026,0.724973,0.807680,True
0.26,293,1.777186,0.503096,0.935710,True
0.26,294,2.058511,0.350142,1.159188,True
0.26,295,1.836760,0.574205,0.882578,True
0.26,296,2.131907,0.462667,0.972432,True
0.26,297,2.608716,0.876216,0.612438,True
0.26,298,1.210042,0.315188,1.060453,True
0.26,299,1.491133,0.358389,1.065004,True
0.26,300,1.372329,0.341499,1.070236,True
0.26,301,1.637198,0.500226,0.955321,True
0.26,302,1.474360,0.374084,1.088175,True
0.26,303,2.324493,0.689987,0.729159,True
0.26,304,2.105132,0.707161,0.751520,True
0.26,305,1.352936,0.610133,0.916552,True
0.26,306,2.397270,0.742737,0.743301,True
0.26,307,2.677937,0.850834,0.496467,True
0.26,308,1.170497,0.385926,1.022296,True
0.26,309,1.965959,0.387099,1.080910,True
0.26,310,1.402763,0.273607,1.150015,True
0.26,311,2.080154,0.871254,0.593585,True
0.26,312,1.380532,0.243421,1.180087,True
0.26,313,2.555417,0.348629,1.109374,True
0.26,314,1.707813,0.630952,0.720334,True
0.26,315,2.295711,0.821558,0.631724,True
0.26,316,1.632207,0.350796,1.257142,True
0.26,317,2.466060,0.928229,0.595504,True
0.26,318,2.454134,0.820987,0.698402,True
0.26,319,1.963406,0.800905,0.604317,True
0.26,320,2.109447,0.591253,0.991378,True
0.26,321,1.934333,0.629950,0.939569,True
0.26,322,1.498773,0.472876,0.950421,True
0.26,323,2.399492,1.016361,0.519071,True
0.26,324,1.703250,0.420491,1.077327,True
0.26,325,1.374508,0.490914,0.882131,True
0.26,326,2.425641,0.816279,0.687381,True
0.26,327,2.509182,0.768457,0.583176,True
0.26,328,2.249286,0.730867,0.695024,True
0.26,329,4.747047,0.493674,0.897022,True
0.26,330,2.462744,0.918661,0.525448,True
0.26,331,1.438823,0.298710,1.223639,True
0.26,332,2.080733,0.788417,0.604574,True
0.26,333,1.052615,0.236719,1.030779,True
0.26,334,2.373838,0.381426,1.049028,True
0.26,335,2.162782,0.900757,0.606351,True
0.26,336,2.493306,0.642999,0.913940,True
0.26,337,1.412999,0.308303,1.273086,True
0.26,338,1.512969,0.517946,0.846293,True
0.26,339,3.485077,0.903728,0.595113,True
0.26,340,2.004163,0.442048,1.049037,True
0.26,341,1.701830,0.462633,1.110383,True
0.26,342,0.848593,0.369218,0.971029,True
0.26,343,2.186119,0.604273,0.899257,True
0.26,344,2.333774,1.030653,0.552663,True
0.26,345,2.502797,0.779806,0.756000,True
0.26,346,2.323456,0.888182,0.621078,True
0.26,347,1.033735,0.281438,1.046848,True
0.26,348,2.224275,0.559374,0.986677,True
0.26,349,2.968063,0.921179,0.563088,True
0.26,350,1.548844,0.382570,1.077733,True
0.26,351,2.387565,1.039632,0.529958,True
0.26,352,1.453247,0.326850,1.084992,True
0.26,353,2.526196,0.537019,0.966125,True
0.26,354,2.463295,0.663837,0.847885,True
0.26,355,1.688803,0.517358,0.870082,True
0.26,356,1.051161,0.187315,1.266439,True
0.26,357,1.969639,0.717476,0.561842,True
0.26,358,1.059502,0.337264,1.097316,True
0.26,359,1.613435,0.557858,0.977020,True
0.26,360,1.435796,0.497432,0.892403,True
0.26,361,2.348628,0.591095,0.887439,True
0.26,362,1.919941,0.359084,1.039327,True
0.26,363,1.783863,0.566640,0.839624,True
0.26,364,1.680867,0.578465,0.716263,True
0.26,365,1.529423,0.313991,1.192117,True
0.26,366,1.698515,0.311941,1.310863,True
0.26,367,2.127118,0.462480,0.920589,True
0.26,368,1.695650,0.663163,0.753756,True
0.26,369,1.634825,0.487022,1.022558,True
0.26,370,2.741924,0.709546,0.725262,True
0.26,371,3.013239,0.720891,0.724662,True
0.26,372,1.672351,0.618976,1.127333,True
0.26,373,2.260938,0.690325,0.666259,True
0.26,374,2.505053,0.795332,0.683709,True
0.26,375,3.543118,0.816507,0.629328,True
0.26,376,2.586749,0.679341,0.714999,True
0.26,377,5.276610,0.669249,0.806628,True
0.26,378,2.520173,0.555013,0.932065,True
0.26,379,2.275926,0.688747,0.785037,True
0.26,380,2.939951,0.799927,0.778103,True
0.26,381,1.446330,0.428759,0.950101,True
0.26,382,1.648787,0.459018,1.000125,True
0.26,383,1.281907,0.379718,1.141783,True
0.26,384,1.650965,0.639884,0.915762,True
0.26,385,2.067409,0.835143,0.578374,True
0.26,386,2.464568,0.400340,1.081864,True
0.26,387,7.244806,0.442930,1.074323,True
0.26,388,1.161557,0.398596,0.953991,True
0.26,389,3.164410,0.511297,0.917202,True
0.26,390,1.185958,0.189287,1.155101,True
0.26,391,1.959797,0.572295,0.942821,True
0.26,392,1.776258,0.407465,1.222870,True
0.26,393,1.619969,0.519077,0.876936,True
0.26,394,1.070940,0.298008,1.068605,True
0.26,395,1.194881,0.427803,1.103490,True
0.26,396,1.721128,0.587092,0.934160,True
0.26,397,1.066690,0.386429,1.002421,True
0.26,398,2.135462,0.399336,0.989237,True
0.26,399,2.116713,0.697655,0.743727,True
0.26,400,2.950240,0.760953,0.739934,True
0.26,401,3.015606,0.777551,0.797723,True
0.26,402,1.753314,0.444161,0.939891,True
0.26,403,2.124914,0.662243,0.957001,True
0.26,404,1.807359,0.523536,0.970981,True
0.26,405,1.315719,0.500744,0.870533,True
0.26,406,1.968457,0.690763,0.855206,True
0.26,407,2.788904,0.905820,0.687961,True
0.26,408,1.948829,0.672403,0.775359,True
0.26,409,1.977962,0.364073,1.031429,True
0.26,410,1.952046,0.525574,0.983956,True
0.26,411,1.372604,0.404953,1.011901,True
0.26,412,2.859726,0.729685,0.790194,True
0.26,413,1.438585,0.438056,0.974741,True
0.26,414,2.378742,0.902168,0.567683,True
0.26,415,2.531369,0.579646,0.971780,True
0.26,416,2.435465,0.715816,0.915670,True
0.26,417,4.877126,0.537779,0.917660,True
0.26,418,2.027526,0.554872,0.895625,True
0.26,419,2.505777,0.643852,0.871914,True
0.26,420,3.041260,0.878841,0.744807,True
0.26,421,1.758297,0.556098,0.771080,True
0.26,422,2.563269,0.840898,0.683644,True
0.26,423,2.167050,0.495669,1.039050,True
0.26,424,2.143140,0.752016,0.674305,True
0.26,425,2.861839,0.401031,1.078553,True
0.26,426,2.281987,0.438750,1.050590,True
0.26,427,2.137897,0.766926,0.758589,True
0.26,428,1.621483,0.610819,0.898167,True
0.26,429,2.337285,0.912067,0.683335,True
0.26,430,2.387898,0.902314,0.708132,True
0.26,431,1.768692,0.540460,0.925034,True
0.26,432,2.093445,0.746019,0.774806,True
0.26,433,2.790629,0.652429,0.676086,True
0.26,434,2.800855,0.769164,0.758940,True
0.26,435,1.515951,0.413943,1.130443,True
0.26,436,2.426880,0.614502,0.752692,True
0.26,437,2.835056,0.648642,0.764631,True
0.26,438,1.399913,0.687024,0.731063,True
0.26,439,2.239549,0.727642,0.764778,True
0.26,440,1.849342,0.522053,0.939021,True
0.26,441,0.788709,0.386470,0.901400,True
0.26,442,1.903917,0.518275,1.017351,True
0.26,443,2.818284,0.659879,0.796718,True
0.26,444,1.951966,0.625708,0.880503,True
0.26,445,2.023865,0.533943,0.915884,True
0.26,446,1.987286,0.484710,1.111739,True
0.26,447,2.996304,0.873108,0.632418,True
0.26,448,1.352626,0.572445,0.928321,True
0.26,449,2.131206,0.509465,0.869272,True
0.26,450,1.295564,0.245935,1.264818,True
0.26,451,1.207489,0.536335,1.050190,True
0.26,452,1.917745,0.673040,0.956822,True
0.26,453,2.535456,0.845923,0.688721,True
0.26,454,1.493942,0.412192,1.082613,True
0.26,455,3.022390,0.990041,0.464641,True
0.26,456,1.592761,0.445335,0.984848,True
0.26,457,2.517640,0.549404,0.944429,True
0.26,458,1.525979,0.360366,1.142508,True
0.26,459,2.210416,0.655820,0.824202,True
0.26,460,1.462783,0.444210,0.938355,True
0.26,461,1.434213,0.740107,0.735652,True
0.26,462,0.981704,0.285046,1.114953,True
0.26,463,2.305321,0.317376,1.152719,True
0.26,464,1.545900,0.478653,0.921628,True
0.26,465,2.502799,0.714389,0.849553,True
0.26,466,2.343779,0.426962,0.821484,True
0.26,467,1.978009,0.675165,0.910656,True
0.26,468,2.004696,0.695586,0.834318,True
0.26,469,1.142804,0.388985,0.846115,True
0.26,470,1.111622,0.258094,1.140229,True
0.26,471,1.745204,0.452898,1.051041,True
0.26,472,1.493122,0.494679,0.969278,True
0.26,473,1.704270,0.480253,0.981325,True
0.26,474,2.096559,0.794719,0.556015,True
0.26,475,5.508309,0.613462,0.742306,True
0.26,476,1.624909,0.423298,0.905555,True
0.26,477,1.591619,0.510519,0.908238,True
0.26,478,1.229083,0.430687,1.060733,True
0.26,479,1.548069,0.716301,0.700839,True
0.26,480,2.279269,0.783369,0.741957,True
0.26,481,1.500561,0.567049,0.867649,True
0.26,482,1.342189,0.239125,1.115862,True
0.26,483,1.625276,0.637139,0.876135,True
0.26,484,2.475101,0.921051,0.571380,True
0.26,485,2.200248,0.635123,0.841351,True
0.26,486,2.837375,0.785718,0.546131,True
0.26,487,2.606931,0.732926,0.834188,True
0.26,488,1.925312,0.787333,0.570439,True
0.26,489,1.687088,0.606889,0.997633,True
0.26,490,4.557748,0.898621,0.586527,True
0.26,491,1.493072,0.624424,0.844189,True
0.26,492,1.837059,0.814923,0.896950,True
0.26,493,2.171792,0.905893,0.661925,True
0.26,494,1.043609,0.201135,1.072524,True
0.26,495,2.039433,0.603319,0.929608,True
0.26,496,2.126854,0.467627,1.011137,True
0.26,497,0.914033,0.279659,1.189263,True
0.26,498,2.610151,0.516038,0.870769,True
0.26,499,1.905635,0.455953,1.005215,True
0.28,0,2.367053,0.640844,0.793521,True
0.28,1,4.231529,0.586294,0.853682,True
0.28,2,2.566797,0.758592,0.839183,True
0.28,3,1.452091,0.537137,0.691108,True
0.28,4,1.466341,0.445578,1.125183,True
0.28,5,2.407053,0.754923,0.709401,True
0.28,6,1.111372,0.205821,1.301349,True
0.28,7,1.714939,0.498430,0.979883,True
0.28,8,2.872515,0.944871,0.580379,True
0.28,9,2.877355,0.729940,0.952864,True
0.28,10,2.792287,0.575143,0.790531,True
0.28,11,1.386098,0.314129,1.044911,True
0.28,12,2.131529,0.627058,0.869087,True
0.28,13,1.689013,0.308654,1.113036,True
0.28,14,1.672754,0.479343,1.237902,True
0.28,15,1.621011,0.462386,1.039534,True
0.28,16,2.144714,0.709107,0.872292,True
0.28,17,1.847998,0.926818,0.694500,True
0.28,18,1.756779,0.428252,1.017578,True
0.28,19,2.512882,0.883289,0.639809,True
0.28,20,2.579423,0.904764,0.683939,True
0.28,21,2.305964,0.887134,0.725331,True
0.28,22,1.622976,0.533086,1.080568,True
0.28,23,2.105774,0.776024,0.688245,True
0.28,24,1.904365,0.728872,0.753568,True
0.28,25,1.812339,0.457722,0.920672,True
0.28,26,1.379302,0.489154,0.964065,True
0.28,27,1.912903,0.391655,1.044262,True
0.28,28,1.441310,0.367984,1.013281,True
0.28,29,2.465648,1.075551,0.505313,True
0.28,30,1.275141,0.275356,1.195310,True
0.28,31,1.348392,0.442349,1.002739,True
0.28,32,2.393973,0.534112,0.726247,True
0.28,33,2.223194,0.876822,0.720402,True
0.28,34,1.802411,0.646633,0.875060,True
0.28,35,4.779230,0.776386,0.721928,True
0.28,36,1.674541,0.609961,0.824434,True
0.28,37,2.479374,0.857767,0.566419,True
0.28,38,2.222447,0.787363,0.858282,True
0.28,39,2.507366,0.686832,0.750352,True
0.28,40,2.644006,0.887685,0.653310,True
0.28,41,1.939875,0.721977,0.766320,True
0.28,42,1.481423,0.307773,1.052572,True
0.28,43,1.614011,0.774627,0.692276,True
0.28,44,1.568916,0.687562,0.822440,True
0.28,45,1.521403,0.506849,0.945109,True
0.28,46,2.968301,0.781791,0.775708,True
0.28,47,2.456947,0.940861,0.510412,True
0.28,48,2.363382,0.770768,0.711907,True
0.28,49,2.154138,0.629659,0.767051,True
0.28,50,2.109032,0.708821,0.697858,True
0.28,51,8.012198,0.517997,0.949987,True
0.28,52,1.484134,0.393436,0.964874,True
0.28,53,1.788891,0.550079,0.988595,True
0.28,54,2.726337,0.703503,0.803477,True
0.28,55,0.786840,0.211623,1.245451,True
0.28,56,2.349758,0.427868,1.058109,True
0.28,57,2.218812,0.744923,0.824017,True
0.28,58,2.446891,0.953730,0.492356,True
0.28,59,1.561092,0.593306,0.906333,True
0.28,60,2.030253,0.841702,0.764409,True
0.28,61,1.722956,0.518862,0.892698,True
0.28,62,1.408011,0.513086,1.029530,True
0.28,63,2.905710,0.558705,0.968232,True
0.28,64,3.172492,0.442108,1.021025,True
0.28,65,1.460383,0.750924,0.743403,True
0.28,66,1.978335,0.633449,0.967225,True
0.28,67,1.933123,0.415885,1.025813,True
0.28,68,4.259932,0.779555,0.596194,True
0.28,69,1.821656,0.448685,0.967093,True
0.28,70,1.759692,0.717445,0.723854,True
0.28,71,2.680114,0.903146,0.623155,True
0.28,72,1.837406,0.510947,0.727949,True
0.28,73,2.710244,0.663188,1.012847,True
0.28,74,2.088607,0.923586,0.664880,True
0.28,75,2.082921,0.520663,0.962658,True
0.28,76,2.633813,0.569838,0.843379,True
0.28,77,2.840974,0.907342,0.710604,True
0.28,78,1.406327,0.437269,1.060984,True
0.28,79,1.779853,0.547265,0.895420,True
0.28,80,1.661149,0.428668,1.108645,True
0.28,81,1.247101,0.210324,1.068477,True
0.28,82,5.836828,0.595719,0.988122,True
0.28,83,3.335943,0.746875,0.731510,True
0.28,84,1.383516,0.468905,1.017060,True
0.28,85,1.598100,0.461466,1.066156,True
0.28,86,1.249833,0.336850,1.085437,True
0.28,87,2.346039,1.039943,0.450534,True
0.28,88,0.881714,0.262984,1.333535,True
0.28,89,2.519035,0.691589,0.781085,True
0.28,90,1.632195,0.480031,1.016976,True
0.28,91,2.365795,0.731803,0.870577,True
0.28,92,2.895810,0.497277,0.996096,True
0.28,93,1.356081,0.392608,1.091020,True
0.28,94,2.389624,0.847445,0.745475,True
0.28,95,1.627054,0.312203,1.186633,True
0.28,96,1.721593,0.506394,0.897603,True
0.28,97,2.843203,0.515143,0.927390,True
0.28,98,1.916978,0.505466,0.933333,True
0.28,99,2.144695,0.488590,0.899374,True
0.28,100,2.296394,0.827085,0.596417,True
0.28,101,2.185736,0.653083,0.897307,True
0.28,102,1.487505,0.368779,1.103270,True
0.28,103,2.856157,0.619166,0.820390,True
0.28,104,0.980966,0.415713,0.965090,True
0.28,105,1.320774,0.318834,1.051952,True
0.28,106,1.293957,0.476972,0.824346,True
0.28,107,2.404957,0.535196,1.064597,True
0.28,108,2.254042,0.332206,1.067119,True
0.28,109,1.371801,0.363052,1.061734,True
0.28,110,1.930505,0.554299,0.834483,True
0.28,111,2.793700,0.819168,0.574838,True
0.28,112,2.109295,0.711605,0.795811,True
0.28,113,2.086784,0.882129,0.624392,True
0.28,114,1.719960,0.477381,0.892077,True
0.28,115,1.554202,0.432230,1.072462,True
0.28,116,1.616661,0.351804,1.062627,True
0.28,117,2.092601,0.891445,0.573824,True
0.28,118,1.919810,0.825207,0.599690,True
0.28,119,2.388792,0.578231,0.904267,True
0.28,120,2.364962,0.568177,0.948535,True
0.28,121,3.281730,0.699007,0.789082,True
0.28,122,2.113374,0.511651,0.973182,True
0.28,123,1.887051,0.642440,0.861529,True
0.28,124,2.826274,0.873553,0.633256,True
0.28,125,0.770084,0.290316,1.086587,True
0.28,126,5.106129,0.545769,0.746199,True
0.28,127,2.321012,0.824355,0.602610,True
0.28,128,2.314555,0.475170,0.987605,True
0.28,129,1.508522,0.496717,0.942252,True
0.28,130,2.007363,0.544514,0.857449,True
0.28,131,1.370146,0.588135,0.888949,True
0.28,132,2.600083,0.771973,0.756288,True
0.28,133,1.946659,0.566382,0.894670,True
0.28,134,1.544933,0.686905,0.875024,True
0.28,135,4.829918,0.514376,0.817633,True
0.28,136,1.906753,0.517225,1.004448,True
0.28,137,2.205552,0.613405,0.855306,True
0.28,138,2.223570,0.931573,0.546931,True
0.28,139,1.151973,0.375787,1.088831,True
0.28,140,2.061400,0.622610,0.898182,True
0.28,141,2.997430,0.744464,0.691050,True
0.28,142,2.146443,0.715277,0.843413,True
0.28,143,1.792515,0.657472,0.878085,True
0.28,144,0.795483,0.354387,1.023586,True
0.28,145,0.800918,0.221617,1.164304,True
0.28,146,3.291285,1.015116,0.407144,True
0.28,147,1.992101,0.689792,0.746028,True
0.28,148,1.676056,0.231710,1.129247,True
0.28,149,2.891475,0.918460,0.597506,True
0.28,150,3.114407,0.958030,0.429336,True
0.28,151,1.607959,0.502468,1.063491,True
0.28,152,1.588999,0.545845,0.982173,True
0.28,153,5.179459,0.616221,0.912727,True
0.28,154,1.477466,0.470926,0.847214,True
0.28,155,1.603714,0.622615,0.819262,True
0.28,156,1.371053,0.447110,1.052072,True
0.28,157,2.813770,0.675749,0.633743,True
0.28,158,1.373315,0.302852,1.053946,True
0.28,159,1.753102,0.529643,0.769357,True
0.28,160,1.536715,0.603292,0.841433,True
0.28,161,4.191071,0.558084,0.863436,True
0.28,162,1.832154,0.611117,0.933526,True
0.28,163,2.744405,0.606063,0.896863,True
0.28,164,2.284047,0.853143,0.610749,True
0.28,165,1.120075,0.350424,0.984680,True
0.28,166,4.607715,0.581538,0.928687,True
0.28,167,2.764285,0.892833,0.715337,True
0.28,168,2.024194,0.575441,1.020900,True
0.28,169,1.745454,0.639324,0.849215,True
0.28,170,2.768375,0.746161,0.650491,True
0.28,171,2.110363,0.760329,0.631298,True
0.28,172,1.896304,0.426519,0.948591,True
0.28,173,1.635164,0.427167,1.124791,True
0.28,174,1.768711,0.503463,1.084177,True
0.28,175,1.987707,0.581487,0.892358,True
0.28,176,2.209636,0.424178,1.153968,True
0.28,177,1.866979,0.641954,0.944105,True
0.28,178,2.561201,0.921741,0.699330,True
0.28,179,3.320976,0.799296,0.621935,True
0.28,180,1.753084,0.651974,1.049043,True
0.28,181,1.444887,0.618763,0.996901,True
0.28,182,8.191854,0.540073,0.980095,True
0.28,183,1.862758,0.696821,0.806115,True
0.28,184,2.315686,0.754291,0.840078,True
0.28,185,1.126668,0.349528,1.177684,True
0.28,186,2.293365,0.787146,0.756135,True
0.28,187,1.668311,0.700888,0.829925,True
0.28,188,2.537215,0.785717,0.632252,True
0.28,189,1.525565,0.348954,1.034275,True
0.28,190,2.069998,0.628622,0.849266,True
0.28,191,2.923250,0.789128,0.766146,True
0.28,192,2.075714,0.896492,0.663075,True
0.28,193,1.307064,0.384784,1.057464,True
0.28,194,1.227922,0.341390,1.152414,True
0.28,195,2.379311,0.774444,0.804339,True
0.28,196,2.014404,0.400693,1.015212,True
0.28,197,2.205837,0.747668,0.717641,True
0.28,198,2.309409,0.629348,0.978624,True
0.28,199,2.426645,0.622546,1.006675,True
0.28,200,1.586473,0.327486,1.142930,True
0.28,201,1.863439,0.550976,0.957203,True
0.28,202,1.427779,0.350656,1.127574,True
0.28,203,1.212106,0.552604,0.875662,True
0.28,204,1.445281,0.322095,1.182992,True
0.28,205,2.553594,0.646301,0.973169,True
0.28,206,1.997850,0.565016,0.858021,True
0.28,207,2.399403,0.613043,0.835666,True
0.28,208,0.888265,0.347094,0.931977,True
0.28,209,1.672986,0.442062,1.153757,True
0.28,210,1.505439,0.404500,1.088318,True
0.28,211,2.038446,0.530126,0.946171,True
0.28,212,0.710240,0.153442,1.275418,True
0.28,213,1.492372,0.365589,1.073851,True
0.28,214,1.340877,0.595069,0.870948,True
0.28,215,2.477351,1.073089,0.491534,True
0.28,216,1.074897,0.345050,1.110028,True
0.28,217,2.315603,0.630683,0.812056,True
0.28,218,2.644401,0.819917,0.635082,True
0.28,219,1.489318,0.643490,0.773135,True
0.28,220,2.248665,0.712189,0.842683,True
0.28,221,2.250212,0.524717,0.947987,True
0.28,222,2.363096,0.853309,0.513095,True
0.28,223,1.773643,0.462121,0.985876,True
0.28,224,2.955478,0.558647,0.865255,True
0.28,225,1.221604,0.280605,1.245199,True
0.28,226,1.646203,0.264565,1.286669,True
0.28,227,1.755765,0.330846,1.013435,True
0.28,228,2.643128,0.608909,0.784464,True
0.28,229,1.787599,0.546793,0.950341,True
0.28,230,1.385269,0.441295,1.138312,True
0.28,231,2.786243,0.829963,0.720160,True
0.28,232,1.669571,0.652088,0.878398,True
0.28,233,0.938516,0.298309,1.068660,True
0.28,234,1.378697,0.371511,1.100004,True
0.28,235,2.515606,1.014079,0.581569,True
0.28,236,1.922444,0.549492,0.952919,True
0.28,237,2.437844,0.431903,1.033796,True
0.28,238,1.238812,0.385026,1.187845,True
0.28,239,1.923629,0.533081,0.953459,True
0.28,240,2.636752,0.847513,0.591607,True
0.28,241,1.960559,0.816185,0.612781,True
0.28,242,2.038043,0.871348,0.739571,True
0.28,243,1.035888,0.253548,1.173265,True
0.28,244,1.881222,0.799951,0.676352,True
0.28,245,1.532713,0.257185,1.129439,True
0.28,246,1.447078,0.442038,0.952317,True
0.28,247,2.178357,0.557781,0.999910,True
0.28,248,2.003631,0.319522,1.044407,True
0.28,249,2.133066,0.626955,0.845299,True
0.28,250,1.256756,0.387772,0.942988,True
0.28,251,2.331066,0.534962,0.860641,True
0.28,252,1.280383,0.407001,1.068483,True
0.28,253,6.164693,0.734004,0.756432,True
0.28,254,1.769356,0.412737,1.012158,True
0.28,255,1.768001,0.591306,0.856091,True
0.28,256,5.265095,0.617632,0.775045,True
0.28,257,2.642449,0.821387,0.628562,True
0.28,258,3.195275,0.652397,0.840223,True
0.28,259,4.384053,0.676298,0.824736,True
0.28,260,2.071537,0.762417,0.719608,True
0.28,261,3.051467,0.820659,0.754120,True
0.28,262,1.797777,0.269320,1.169044,True
0.28,263,2.065179,0.582318,0.834376,True
0.28,264,1.857574,0.671974,0.747440,True
0.28,265,2.085941,0.763295,0.697748,True
0.28,266,1.678358,0.568453,0.968643,True
0.28,267,1.326877,0.358702,1.065670,True
0.28,268,2.501831,0.697218,0.781536,True
0.28,269,2.834660,0.594211,0.922081,True
0.28,270,2.261828,0.494454,1.000301,True
0.28,271,1.576887,0.366218,1.205173,True
0.28,272,2.484697,0.886026,0.512397,True
0.28,273,2.290584,0.589135,1.022167,True
0.28,274,1.287416,0.412707,1.002924,True
0.28,275,2.748847,0.569897,0.830830,True
0.28,276,1.566882,0.611167,0.903426,True
0.28,277,5.884060,0.614974,0.782207,True
0.28,278,2.357791,0.603045,0.885359,True
0.28,279,0.936398,0.294744,1.085267,True
0.28,280,1.922049,0.574924,0.900495,True
0.28,281,2.088949,0.862160,0.735999,True
0.28,282,1.621086,0.528526,0.887428,True
0.28,283,1.542910,0.382726,1.119655,True
0.28,284,1.906180,0.692966,0.686039,True
0.28,285,1.538889,0.587907,0.805486,True
0.28,286,1.728822,0.487043,0.997149,True
0.28,287,1.561840,0.620746,0.845030,True
0.28,288,3.253426,0.697671,0.742582,True
0.28,289,0.879133,0.323580,0.998659,True
0.28,290,1.096097,0.352307,1.125801,True
0.28,291,2.607329,0.820129,0.595550,True
0.28,292,1.775619,0.715124,0.816283,True
0.28,293,1.751884,0.498485,0.939794,True
0.28,294,2.033767,0.346483,1.162328,True
0.28,295,1.803070,0.568195,0.888214,True
0.28,296,2.102559,0.457611,0.976931,True
0.28,297,2.563625,0.858626,0.627626,True
0.28,298,1.200559,0.314207,1.061327,True
0.28,299,1.481558,0.356939,1.066204,True
0.28,300,1.359943,0.340111,1.071505,True
0.28,301,1.613271,0.496402,0.958877,True
0.28,302,1.465231,0.372583,1.089393,True
0.28,303,2.292342,0.679729,0.737876,True
0.28,304,2.066216,0.696768,0.760626,True
0.28,305,1.346105,0.608587,0.917881,True
0.28,306,2.351416,0.730954,0.753937,True
0.28,307,2.631178,0.834330,0.510951,True
0.28,308,1.163722,0.384962,1.023087,True
0.28,309,1.930938,0.381955,1.085391,True
0.28,310,1.395249,0.272701,1.150741,True
0.28,311,2.041862,0.860390,0.603570,True
0.28,312,1.374739,0.242823,1.180575,True
0.28,313,2.508548,0.342438,1.114879,True
0.28,314,1.689295,0.626833,0.724033,True
0.28,315,2.250008,0.807773,0.643938,True
0.28,316,1.601178,0.347023,1.260482,True
0.28,317,2.417585,0.912658,0.609592,True
0.28,318,2.407612,0.805578,0.711827,True
0.28,319,1.924071,0.789833,0.614180,True
0.28,320,2.080084,0.584916,0.997043,True
0.28,321,1.897967,0.622064,0.946665,True
0.28,322,1.490459,0.471071,0.951868,True
0.28,323,2.352916,0.999494,0.534188,True
0.28,324,1.690923,0.418278,1.079191,True
0.28,325,1.349475,0.486043,0.886037,True
0.28,326,2.380306,0.803342,0.699067,True
0.28,327,2.463900,0.755544,0.594704,True
0.28,328,2.207697,0.720795,0.704252,True
0.28,329,4.747047,0.493674,0.897022,True
0.28,330,2.422880,0.903803,0.538470,True
0.28,331,1.413546,0.295318,1.226232,True
0.28,332,2.045033,0.779261,0.613024,True
0.28,333,1.042051,0.235765,1.031485,True
0.28,334,2.334548,0.375685,1.054108,True
0.28,335,2.121326,0.888496,0.617598,True
0.28,336,2.445341,0.632180,0.923706,True
0.28,337,1.393580,0.305607,1.275158,True
0.28,338,1.486359,0.513085,0.850542,True
0.28,339,3.526687,0.847564,0.640308,True
0.28,340,1.968435,0.436814,1.053829,True
0.28,341,1.684522,0.459607,1.113030,True
0.28,342,0.847211,0.369050,0.971154,True
0.28,343,2.150435,0.596053,0.906494,True
0.28,344,2.294026,1.015731,0.566013,True
0.28,345,2.456580,0.766426,0.767923,True
0.28,346,2.276316,0.874794,0.633422,True
0.28,347,1.031110,0.281107,1.047079,True
0.28,348,2.181814,0.551092,0.994131,True
0.28,349,2.930224,0.897237,0.583224,True
0.28,350,1.528307,0.379815,1.080180,True
0.28,351,2.340180,1.021465,0.546061,True
0.28,352,1.443627,0.325631,1.086029,True
0.28,353,2.475675,0.527707,0.974564,True
0.28,354,2.418229,0.653075,0.857548,True
0.28,355,1.673415,0.514266,0.872761,True
0.28,356,1.049597,0.187194,1.266529,True
0.28,357,1.942610,0.709933,0.568423,True
0.28,358,1.055642,0.336802,1.097694,True
0.28,359,1.593879,0.554042,0.980440,True
0.28,360,1.419291,0.494634,0.894907,True
0.28,361,2.317627,0.582283,0.894891,True
0.28,362,1.881438,0.354267,1.043627,True
0.28,363,1.751227,0.560504,0.845208,True
0.28,364,1.656176,0.573507,0.720707,True
0.28,365,1.502081,0.310723,1.194868,True
0.28,366,1.681023,0.309878,1.312667,True
0.28,367,2.089255,0.456412,0.926063,True
0.28,368,1.670576,0.657409,0.758926,True
0.28,369,1.624773,0.485069,1.024235,True
0.28,370,2.690914,0.695086,0.738047,True
0.28,371,2.982979,0.699142,0.742570,True
0.28,372,1.647128,0.613896,1.132016,True
0.28,373,2.215388,0.680458,0.675418,True
0.28,374,2.458899,0.780241,0.696843,True
0.28,375,4.237581,0.658663,0.752429,True
0.28,376,2.538176,0.667089,0.725940,True
0.28,377,5.276610,0.669249,0.806628,True
0.28,378,2.476130,0.544941,0.940856,True
0.28,379,2.230003,0.678274,0.794575,True
0.28,380,2.898430,0.779862,0.795121,True
0.28,381,1.425092,0.425797,0.952799,True
0.28,382,1.621755,0.453693,1.004453,True
0.28,383,1.264645,0.376994,1.143890,True
0.28,384,1.620056,0.633051,0.921837,True
0.28,385,2.025089,0.822801,0.589413,True
0.28,386,2.416723,0.393745,1.087844,True
0.28,387,7.244806,0.442930,1.074323,True
0.28,388,1.150622,0.397148,0.955242,True
0.28,389,3.147375,0.493297,0.931868,True
0.28,390,1.181428,0.188929,1.155381,True
0.28,391,1.926417,0.565955,0.948631,True
0.28,392,1.753550,0.404260,1.225769,True
0.28,393,1.589450,0.514182,0.881513,True
0.28,394,1.067473,0.297573,1.068928,True
0.28,395,1.191915,0.427135,1.103960,True
0.28,396,1.693967,0.581736,0.939034,True
0.28,397,1.063625,0.385939,1.002790,True
0.28,398,2.097918,0.393429,0.994364,True
0.28,399,2.078053,0.688618,0.751963,True
0.28,400,2.902275,0.742171,0.756114,True
0.28,401,2.976999,0.756311,0.815587,True
0.28,402,1.720883,0.439428,0.944213,True
0.28,403,2.084284,0.653776,0.964869,True
0.28,404,1.788789,0.519561,0.974383,True
0.28,405,1.303829,0.498256,0.872506,True
0.28,406,1.938574,0.683822,0.861555,True
0.28,407,2.739258,0.886558,0.704835,True
0.28,408,1.910893,0.664404,0.782804,True
0.28,409,1.957713,0.360606,1.034316,True
0.28,410,1.912728,0.518699,0.990196,True
0.28,411,1.367040,0.403962,1.012697,True
0.28,412,2.811170,0.713212,0.804502,True
0.28,413,1.425282,0.436106,0.976513,True
0.28,414,2.332645,0.886753,0.581342,True
0.28,415,2.485577,0.569570,0.980734,True
0.28,416,2.394362,0.704577,0.925635,True
0.28,417,4.877126,0.537779,0.917660,True
0.28,418,1.999463,0.548689,0.900998,True
0.28,419,2.457562,0.632778,0.881858,True
0.28,420,2.996142,0.855075,0.765075,True
0.28,421,1.727106,0.550014,0.776501,True
0.28,422,2.517287,0.824129,0.698138,True
0.28,423,2.139172,0.489799,1.044104,True
0.28,424,2.107576,0.742574,0.682799,True
0.28,425,2.817579,0.391442,1.086732,True
0.28,426,2.256079,0.432711,1.055603,True
0.28,427,2.101805,0.757550,0.767128,True
0.28,428,1.603831,0.606870,0.901642,True
0.28,429,2.292805,0.898508,0.695725,True
0.28,430,2.340313,0.888060,0.721142,True
0.28,431,1.738954,0.535213,0.929864,True
0.28,432,2.054066,0.736743,0.783421,True
0.28,433,2.746000,0.638207,0.688328,True
0.28,434,2.754708,0.752366,0.773464,True
0.28,435,1.501677,0.411921,1.132268,True
0.28,436,2.381764,0.604683,0.761531,True
0.28,437,2.795581,0.633160,0.777672,True
0.28,438,1.383786,0.683247,0.734426,True
0.28,439,2.198372,0.717831,0.773795,True
0.28,440,1.829873,0.517794,0.942646,True
0.28,441,0.787858,0.386364,0.901474,True
0.28,442,1.869598,0.512519,1.022667,True
0.28,443,2.781411,0.643593,0.810300,True
0.28,444,1.916310,0.618325,0.887262,True
0.28,445,1.985399,0.527342,0.921977,True
0.28,446,1.962730,0.480302,1.115657,True
0.28,447,2.952179,0.850017,0.652062,True
0.28,448,1.336997,0.569387,0.931020,True
0.28,449,2.101356,0.503870,0.874264,True
0.28,450,1.286168,0.245018,1.265563,True
0.28,451,1.200005,0.534998,1.051376,True
0.28,452,1.885252,0.664898,0.963963,True
0.28,453,2.487820,0.831322,0.701813,True
0.28,454,1.463935,0.407471,1.086545,True
0.28,455,2.979443,0.963700,0.487032,True
0.28,456,1.571494,0.441679,0.987965,True
0.28,457,2.469236,0.539537,0.953208,True
0.28,458,1.514353,0.358320,1.144109,True
0.28,459,2.175573,0.647431,0.831686,True
0.28,460,1.455069,0.442637,0.939609,True
0.28,461,1.406866,0.731800,0.742276,True
0.28,462,0.978791,0.284736,1.115186,True
0.28,463,2.278850,0.312515,1.156693,True
0.28,464,1.529335,0.475690,0.924199,True
0.28,465,2.455775,0.702255,0.860439,True
0.28,466,2.319401,0.420027,0.827066,True
0.28,467,1.950689,0.668386,0.916681,True
0.28,468,1.967365,0.687455,0.841921,True
0.28,469,1.139510,0.388518,0.846503,True
0.28,470,1.090780,0.256280,1.141703,True
0.28,471,1.715486,0.448469,1.055096,True
0.28,472,1.476615,0.491911,0.971782,True
0.28,473,1.674697,0.475600,0.985581,True
0.28,474,2.059946,0.784920,0.564943,True
0.28,475,5.508309,0.613462,0.742306,True
0.28,476,1.606739,0.420615,0.907970,True
0.28,477,1.574368,0.507450,0.910994,True
0.28,478,1.223994,0.429689,1.061489,True
0.28,479,1.534308,0.712558,0.704080,True
0.28,480,2.235580,0.772234,0.752182,True
0.28,481,1.467622,0.560060,0.873491,True
0.28,482,1.317120,0.236317,1.117902,True
0.28,483,1.592843,0.629841,0.882530,True
0.28,484,2.431408,0.905527,0.585111,True
0.28,485,2.161738,0.626964,0.848824,True
0.28,486,2.788943,0.768158,0.561383,True
0.28,487,2.558758,0.719256,0.846295,True
0.28,488,1.894709,0.778590,0.578198,True
0.28,489,1.655996,0.600691,1.003284,True
0.28,490,4.557748,0.898621,0.586527,True
0.28,491,1.475068,0.620649,0.847607,True
0.28,492,1.798502,0.803851,0.906719,True
0.28,493,2.139609,0.895159,0.671498,True
0.28,494,1.037177,0.200380,1.072958,True
0.28,495,1.998434,0.595744,0.936705,True
0.28,496,2.097000,0.462260,1.015864,True
0.28,497,0.909121,0.279192,1.189606,True
0.28,498,2.562535,0.506512,0.879210,True
0.28,499,1.872125,0.450706,1.009945,True
0.30,0,2.326932,0.631455,0.801918,True
0.30,1,4.231529,0.586294,0.853682,True
0.30,2,2.520720,0.745315,0.850984,True
0.30,3,1.440528,0.534887,0.693083,True
0.30,4,1.455799,0.443686,1.126768,True
0.30,5,2.371025,0.743501,0.719330,True
0.30,6,1.103450,0.205144,1.301847,True
0.30,7,1.684178,0.493426,0.984453,True
0.30,8,2.832978,0.922548,0.599264,True
0.30,9,2.837060,0.712661,0.967507,True
0.30,10,2.759145,0.561590,0.801756,True
0.30,11,1.378392,0.312981,1.045798,True
0.30,12,2.096916,0.619563,0.875865,True
0.30,13,1.666901,0.305983,1.115319,True
0.30,14,1.651053,0.475581,1.241221,True
0.30,15,1.608259,0.460228,1.041443,True
0.30,16,2.105594,0.700162,0.880548,True
0.30,17,1.816932,0.917646,0.703026,True
0.30,18,1.736595,0.425092,1.020377,True
0.30,19,2.471086,0.868600,0.652743,True
0.30,20,2.544394,0.888124,0.697987,True
0.30,21,2.265365,0.874718,0.736564,True
0.30,22,1.608006,0.530138,1.083161,True
0.30,23,2.071977,0.767166,0.696332,True
0.30,24,1.876871,0.721637,0.760007,True
0.30,25,1.790520,0.454325,0.923772,True
0.30,26,1.366627,0.486767,0.966066,True
0.30,27,1.881131,0.386961,1.048354,True
0.30,28,1.430973,0.366463,1.014556,True
0.30,29,2.425302,1.058424,0.520394,True
0.30,30,1.257802,0.273724,1.196716,True
0.30,31,1.333364,0.440248,1.004679,True
0.30,32,2.352037,0.525983,0.733520,True
0.30,33,2.184559,0.864962,0.731071,True
0.30,34,1.781709,0.641941,0.879294,True
0.30,35,4.779230,0.776386,0.721928,True
0.30,36,1.654909,0.605647,0.828260,True
0.30,37,2.434570,0.843684,0.578999,True
0.30,38,2.185081,0.776558,0.867888,True
0.30,39,2.467188,0.675350,0.760372,True
0.30,40,2.605246,0.870554,0.667923,True
0.30,41,1.908137,0.714491,0.773226,True
0.30,42,1.472306,0.306641,1.053527,True
0.30,43,1.595489,0.769465,0.696842,True
0.30,44,1.551300,0.683331,0.826225,True
0.30,45,1.498071,0.502913,0.948655,True
0.30,46,2.936141,0.760704,0.793202,True
0.30,47,2.417847,0.925835,0.523559,True
0.30,48,2.330685,0.759682,0.721449,True
0.30,49,2.115463,0.621255,0.774616,True
0.30,50,2.075789,0.700496,0.705341,True
0.30,51,8.012198,0.517997,0.949987,True
0.30,52,1.476739,0.392277,0.965856,True
0.30,53,1.773118,0.546107,0.991881,True
0.30,54,2.686539,0.688738,0.816030,True
0.30,55,0.785475,0.211544,1.245512,True
0.30,56,2.312539,0.421732,1.063530,True
0.30,57,2.181091,0.735229,0.832784,True
0.30,58,2.406226,0.937972,0.506115,True
0.30,59,1.540932,0.589150,0.910040,True
0.30,60,1.994704,0.831502,0.773620,True
0.30,61,1.695705,0.514112,0.897005,True
0.30,62,1.399838,0.511521,1.030882,True
0.30,63,2.871140,0.544553,0.980026,True
0.30,64,3.158963,0.425844,1.034222,True
0.30,65,1.442391,0.746291,0.747535,True
0.30,66,1.944835,0.626629,0.973545,True
0.30,67,1.906051,0.412098,1.029281,True
0.30,68,4.259932,0.779555,0.596194,True
0.30,69,1.803787,0.445530,0.969836,True
0.30,70,1.741429,0.712513,0.728184,True
0.30,71,2.639458,0.885119,0.638585,True
0.30,72,1.814877,0.506229,0.731969,True
0.30,73,2.673099,0.649145,1.024664,True
0.30,74,2.050804,0.912118,0.675356,True
0.30,75,2.044556,0.513903,0.968763,True
0.30,76,2.594967,0.559050,0.852608,True
0.30,77,2.813319,0.884295,0.729446,True
0.30,78,1.399532,0.436051,1.061993,True
0.30,79,1.746710,0.541308,0.900829,True
0.30,80,1.644723,0.426146,1.110895,True
0.30,81,1.239531,0.209714,1.068980,True
0.30,82,5.836828,0.595719,0.988122,True
0.30,83,3.379077,0.702609,0.766614,True
0.30,84,1.377463,0.467523,1.018123,True
0.30,85,1.582745,0.458922,1.068412,True
0.30,86,1.240775,0.335659,1.086401,True
0.30,87,2.309675,1.025145,0.463563,True
0.30,88,0.880551,0.262843,1.333621,True
0.30,89,2.475938,0.679808,0.791468,True
0.30,90,1.607534,0.476350,1.020436,True
0.30,91,2.329989,0.721173,0.879871,True
0.30,92,2.861647,0.484379,1.006801,True
0.30,93,1.345921,0.391121,1.092286,True
0.30,94,2.347658,0.834307,0.757159,True
0.30,95,1.612526,0.310475,1.188134,True
0.30,96,1.697712,0.502441,0.901252,True
0.30,97,2.802276,0.503346,0.937417,True
0.30,98,1.890212,0.500469,0.937751,True
0.30,99,2.105587,0.482140,0.905230,True
0.30,100,2.260035,0.815725,0.606484,True
0.30,101,2.155613,0.645418,0.904046,True
0.30,102,1.478535,0.367339,1.104445,True
0.30,103,2.820241,0.604398,0.832756,True
0.30,104,0.977324,0.415208,0.965496,True
0.30,105,1.316216,0.318095,1.052505,True
0.30,106,1.273068,0.473677,0.827232,True
0.30,107,2.364755,0.527098,1.071795,True
0.30,108,2.220246,0.327820,1.070972,True
0.30,109,1.349016,0.359861,1.064335,True
0.30,110,1.900925,0.548945,0.839426,True
0.30,111,2.755861,0.801111,0.590088,True
0.30,112,2.082451,0.703941,0.802487,True
0.30,113,2.055174,0.872270,0.633265,True
0.30,114,1.698601,0.473210,0.895596,True
0.30,115,1.544973,0.430509,1.073887,True
0.30,116,1.604527,0.350050,1.064112,True
0.30,117,2.053340,0.880399,0.584076,True
0.30,118,1.898130,0.818309,0.605737,True
0.30,119,2.347221,0.569526,0.912066,True
0.30,120,2.325284,0.559715,0.956048,True
0.30,121,3.290659,0.665869,0.815667,True
0.30,122,2.085096,0.505986,0.978146,True
0.30,123,1.865242,0.637061,0.866241,True
0.30,124,2.798367,0.852299,0.650679,True
0.30,125,0.769157,0.290217,1.086648,True
0.30,126,5.106129,0.545769,0.746199,True
0.30,127,2.284130,0.812851,0.612812,True
0.30,128,2.278182,0.468672,0.993378,True
0.30,129,1.490971,0.493722,0.944936,True
0.30,130,1.980243,0.538811,0.862442,True
0.30,131,1.353308,0.584712,0.891953,True
0.30,132,2.559263,0.757792,0.768540,True
0.30,133,1.916575,0.560595,0.899934,True
0.30,134,1.530876,0.683405,0.878114,True
0.30,135,4.829918,0.514376,0.817633,True
0.30,136,1.889600,0.512779,1.008083,True
0.30,137,2.171480,0.605741,0.862144,True
0.30,138,2.185032,0.918442,0.558579,True
0.30,139,1.142040,0.374308,1.089968,True
0.30,140,2.026092,0.614192,0.905522,True
0.30,141,2.969564,0.722353,0.709187,True
0.30,142,2.117715,0.706671,0.850825,True
0.30,143,1.770724,0.652610,0.882522,True
0.30,144,0.794091,0.354276,1.023691,True
0.30,145,0.799579,0.221516,1.164370,True
0.30,146,3.992248,0.796502,0.574451,True
0.30,147,1.960177,0.682511,0.752717,True
0.30,148,1.650257,0.229534,1.131149,True
0.30,149,2.856846,0.894797,0.617168,True
0.30,150,3.091166,0.926355,0.455277,True
0.30,151,1.588238,0.498761,1.066704,True
0.30,152,1.577176,0.543271,0.984370,True
0.30,153,5.179459,0.616221,0.912727,True
0.30,154,1.468909,0.469297,0.848583,True
0.30,155,1.581511,0.618038,0.823443,True
0.30,156,1.362078,0.445428,1.053434,True
0.30,157,2.780104,0.660056,0.646812,True
0.30,158,1.352071,0.300841,1.055796,True
0.30,159,1.733094,0.525996,0.772668,True
0.30,160,1.526054,0.600865,0.843545,True
0.30,161,4.191071,0.558084,0.863436,True
0.30,162,1.802022,0.604905,0.939166,True
0.30,163,2.704207,0.593344,0.907703,True
0.30,164,2.243653,0.841410,0.621409,True
0.30,165,1.116139,0.349933,0.985088,True
0.30,166,4.607715,0.581538,0.928687,True
0.30,167,2.721564,0.873980,0.731526,True
0.30,168,1.999990,0.569950,1.025697,True
0.30,169,1.721177,0.633800,0.854134,True
0.30,170,2.726368,0.730245,0.664115,True
0.30,171,2.076204,0.751521,0.639329,True
0.30,172,1.875903,0.423042,0.951603,True
0.30,173,1.613297,0.424067,1.127627,True
0.30,174,1.742914,0.499099,1.088152,True
0.30,175,1.964486,0.575943,0.897136,True
0.30,176,2.170001,0.417972,1.159460,True
0.30,177,1.843467,0.636435,0.949007,True
0.30,178,2.527575,0.905390,0.713128,True
0.30,179,3.961098,0.636323,0.747067,True
0.30,180,1.725241,0.646061,1.054488,True
0.30,181,1.431722,0.615946,0.999421,True
0.30,182,8.191854,0.540073,0.980095,True
0.30,183,1.831665,0.690118,0.812406,True
0.30,184,2.273608,0.743459,0.849922,True
0.30,185,1.117623,0.348483,1.178581,True
0.30,186,2.252922,0.775754,0.766336,True
0.30,187,1.635648,0.693352,0.836729,True
0.30,188,2.497726,0.770307,0.645283,True
0.30,189,1.514502,0.347372,1.035600,True
0.30,190,2.040925,0.621990,0.855196,True
0.30,191,2.906036,0.766815,0.784076,True
0.30,192,2.037050,0.885202,0.673427,True
0.30,193,1.291044,0.382513,1.059363,True
0.30,194,1.219799,0.340308,1.153287,True
0.30,195,2.340201,0.762711,0.814688,True
0.30,196,1.980715,0.396251,1.019298,True
0.30,197,2.171081,0.738242,0.726070,True
0.30,198,2.270894,0.618847,0.987592,True
0.30,199,2.384046,0.612746,1.015412,True
0.30,200,1.576751,0.326106,1.144073,True
0.30,201,1.834447,0.545341,0.962238,True
0.30,202,1.407634,0.348354,1.129665,True
0.30,203,1.201201,0.550517,0.877444,True
0.30,204,1.436581,0.321034,1.183907,True
0.30,205,2.520963,0.634649,0.982929,True
0.30,206,1.962408,0.558579,0.863976,True
0.30,207,2.356030,0.603361,0.844312,True
0.30,208,0.886956,0.346927,0.932095,True
0.30,209,1.658298,0.439565,1.155929,True
0.30,210,1.495542,0.402955,1.089645,True
0.30,211,2.016606,0.524592,0.950773,True
0.30,212,0.709768,0.153402,1.275434,True
0.30,213,1.482477,0.363982,1.075150,True
0.30,214,1.333897,0.593530,0.872269,True
0.30,215,2.438279,1.055646,0.506747,True
0.30,216,1.066862,0.344080,1.110810,True
0.30,217,2.273348,0.621465,0.820384,True
0.30,218,2.611376,0.801201,0.650426,True
0.30,219,1.467456,0.638268,0.777596,True
0.30,220,2.205762,0.702293,0.851803,True
0.30,221,2.219687,0.517636,0.954038,True
0.30,222,2.321830,0.840498,0.524546,True
0.30,223,1.746109,0.457783,0.989796,True
0.30,224,2.932085,0.543002,0.877999,True
0.30,225,1.215439,0.279933,1.245750,True
0.30,226,1.612356,0.260940,1.289636,True
0.30,227,1.740407,0.328769,1.015212,True
0.30,228,2.601373,0.597365,0.794443,True
0.30,229,1.760131,0.542010,0.954794,True
0.30,230,1.378258,0.439862,1.139434,True
0.30,231,2.752911,0.811141,0.735816,True
0.30,232,1.655219,0.648690,0.881417,True
0.30,233,0.936989,0.298149,1.068782,True
0.30,234,1.367653,0.369819,1.101378,True
0.30,235,2.473719,0.997112,0.596500,True
0.30,236,1.899914,0.544810,0.957045,True
0.30,237,2.394797,0.425030,1.039922,True
0.30,238,1.223022,0.382830,1.189662,True
0.30,239,1.885897,0.525854,0.959793,True
0.30,240,2.595095,0.831512,0.605439,True
0.30,241,1.927777,0.807629,0.620739,True
0.30,242,2.002641,0.861481,0.748712,True
0.30,243,1.027545,0.252623,1.173889,True
0.30,244,1.853742,0.792674,0.683041,True
0.30,245,1.513956,0.255511,1.130933,True
0.30,246,1.434948,0.439934,0.954087,True
0.30,247,2.138800,0.550659,1.006477,True
0.30,248,1.971967,0.315967,1.047600,True
0.30,249,2.104590,0.619822,0.851518,True
0.30,250,1.242101,0.385571,0.944753,True
0.30,251,2.288648,0.527223,0.867665,True
0.30,252,1.273998,0.406004,1.069316,True
0.30,253,6.164693,0.734004,0.756432,True
0.30,254,1.744549,0.408603,1.015660,True
0.30,255,1.749700,0.586884,0.859863,True
0.30,256,5.265095,0.617632,0.775045,True
0.30,257,2.600207,0.805803,0.642053,True
0.30,258,3.192231,0.626283,0.861212,True
0.30,259,4.384053,0.676298,0.824736,True
0.30,260,2.041985,0.754364,0.726840,True
0.30,261,3.030381,0.794914,0.775081,True
0.30,262,1.784231,0.267018,1.170799,True
0.30,263,2.038822,0.575649,0.840043,True
0.30,264,1.829076,0.665505,0.753322,True
0.30,265,2.049903,0.754465,0.705921,True
0.30,266,1.659042,0.564663,0.972070,True
0.30,267,1.319026,0.357607,1.066583,True
0.30,268,2.461711,0.685636,0.791657,True
0.30,269,2.798599,0.580306,0.933730,True
0.30,270,2.224483,0.487058,1.006733,True
0.30,271,1.560088,0.363936,1.207168,True
0.30,272,2.447697,0.871263,0.525098,True
0.30,273,2.248860,0.580047,1.030213,True
0.30,274,1.281812,0.411658,1.003735,True
0.30,275,2.706849,0.558035,0.841007,True
0.30,276,1.553185,0.607718,0.906316,True
0.30,277,5.884060,0.614974,0.782207,True
0.30,278,2.320050,0.594387,0.893030,True
0.30,279,0.933662,0.294467,1.085477,True
0.30,280,1.889643,0.568294,0.906387,True
0.30,281,2.060978,0.853222,0.743953,True
0.30,282,1.595478,0.523390,0.891817,True
0.30,283,1.530564,0.380339,1.121499,True
0.30,284,1.885217,0.687357,0.690953,True
0.30,285,1.519707,0.584264,0.808856,True
0.30,286,1.698417,0.480893,1.002230,True
0.30,287,1.546547,0.617298,0.848068,True
0.30,288,3.256594,0.666152,0.767908,True
0.30,289,0.877319,0.323352,0.998811,True
0.30,290,1.090974,0.351605,1.126342,True
0.30,291,2.567385,0.804905,0.608642,True
0.30,292,1.741959,0.706242,0.823982,True
0.30,293,1.728606,0.494222,0.943546,True
0.30,294,2.010904,0.343029,1.165266,True
0.30,295,1.772556,0.562750,0.893301,True
0.30,296,2.075435,0.452854,0.981128,True
0.30,297,2.524987,0.842075,0.641654,True
0.30,298,1.191728,0.313295,1.062137,True
0.30,299,1.472458,0.355552,1.067346,True
0.30,300,1.348393,0.338818,1.072683,True
0.30,301,1.591534,0.492920,0.962100,True
0.30,302,1.456550,0.371146,1.090553,True
0.30,303,2.263250,0.670050,0.746002,True
0.30,304,2.031183,0.687244,0.768886,True
0.30,305,1.339498,0.607092,0.919163,True
0.30,306,2.311151,0.720084,0.763602,True
0.30,307,2.590544,0.818794,0.524360,True
0.30,308,1.157244,0.384045,1.023839,True
0.30,309,1.899260,0.377248,1.089455,True
0.30,310,1.388072,0.271830,1.151435,True
0.30,311,2.007504,0.850480,0.612597,True
0.30,312,1.369124,0.242241,1.181048,True
0.30,313,2.466869,0.336677,1.119935,True
0.30,314,1.671834,0.622944,0.727515,True
0.30,315,2.209334,0.795150,0.654991,True
0.30,316,1.573212,0.343635,1.263467,True
0.30,317,2.374392,0.898320,0.622416,True
0.30,318,2.367042,0.791305,0.724061,True
0.30,319,1.888659,0.779794,0.623052,True
0.30,320,2.052802,0.578950,1.002338,True
0.30,321,1.865111,0.614892,0.953073,True
0.30,322,1.482510,0.469332,0.953256,True
0.30,323,2.311537,0.983968,0.547933,True
0.30,324,1.679157,0.416149,1.080976,True
0.30,325,1.326857,0.481679,0.889514,True
0.30,326,2.339703,0.791388,0.709747,True
0.30,327,2.423354,0.743527,0.605305,True
0.30,328,2.170154,0.711539,0.712660,True
0.30,329,4.747047,0.493674,0.897022,True
0.30,330,2.386921,0.889862,0.550544,True
0.30,331,1.390750,0.292258,1.228545,True
0.30,332,2.012551,0.770836,0.620746,True
0.30,333,1.032311,0.234895,1.032128,True
0.30,334,2.298951,0.370328,1.058799,True
0.30,335,2.083858,0.877283,0.627808,True
0.30,336,2.402676,0.622189,0.932616,True
0.30,337,1.375683,0.303129,1.277048,True
0.30,338,1.462192,0.508704,0.854358,True
0.30,339,3.958980,0.720841,0.739529,True
0.30,340,1.935920,0.432020,1.058192,True
0.30,341,1.668199,0.456742,1.115525,True
0.30,342,0.845862,0.368885,0.971275,True
0.30,343,2.118085,0.588427,0.913139,True
0.30,344,2.258101,1.001871,0.578286,True
0.30,345,2.415889,0.754007,0.778829,True
0.30,346,2.234319,0.862572,0.644577,True
0.30,347,1.028554,0.280785,1.047302,True
0.30,348,2.143631,0.543501,1.000898,True
0.30,349,2.903045,0.873323,0.602845,True
0.30,350,1.509317,0.377275,1.082428,True
0.30,351,2.298503,1.004763,0.560653,True
0.30,352,1.434391,0.324461,1.087021,True
0.30,353,2.431095,0.519125,0.982238,True
0.30,354,2.377940,0.643094,0.866403,True
0.30,355,1.658906,0.511331,0.875290,True
0.30,356,1.048056,0.187075,1.266619,True
0.30,357,1.918005,0.702923,0.574478,True
0.30,358,1.051938,0.336358,1.098055,True
0.30,359,1.575960,0.550522,0.983574,True
0.30,360,1.403978,0.492049,0.897215,True
0.30,361,2.289609,0.573928,0.901866,True
0.30,362,1.846806,0.349907,1.047488,True
0.30,363,1.721793,0.554958,0.850225,True
0.30,364,1.633613,0.568969,0.724756,True
0.30,365,1.477256,0.307772,1.197338,True
0.30,366,1.664656,0.307936,1.314356,True
0.30,367,2.055045,0.450836,0.931047,True
0.30,368,1.647620,0.652132,0.763645,True
0.30,369,1.615026,0.483169,1.025862,True
0.30,370,2.646565,0.681527,0.749845,True
0.30,371,2.963224,0.676927,0.760494,True
0.30,372,1.624238,0.609272,1.136259,True
0.30,373,2.174633,0.671467,0.683693,True
0.30,374,2.419305,0.766170,0.708858,True
0.30,375,4.237581,0.658663,0.752429,True
0.30,376,2.495135,0.655697,0.735979,True
0.30,377,5.276610,0.669249,0.806628,True
0.30,378,2.437494,0.535527,0.948945,True
0.30,379,2.189316,0.668706,0.803183,True
0.30,380,2.865960,0.760162,0.811465,True
0.30,381,1.405815,0.423124,0.955229,True
0.30,382,1.597120,0.448824,1.008373,True
0.30,383,1.248815,0.374511,1.145800,True
0.30,384,1.592124,0.626899,0.927281,True
0.30,385,1.987109,0.811598,0.599345,True
0.30,386,2.373872,0.387664,1.093301,True
0.30,387,7.244806,0.442930,1.074323,True
0.30,388,1.140480,0.395817,0.956392,True
0.30,389,3.154161,0.473105,0.947879,True
0.30,390,1.177074,0.188584,1.155650,True
0.30,391,1.895808,0.560119,0.953952,True
0.30,392,1.732494,0.401275,1.228455,True
0.30,393,1.561989,0.509799,0.885602,True
0.30,394,1.064130,0.297151,1.069240,True
0.30,395,1.189025,0.426482,1.104418,True
0.30,396,1.668986,0.576822,0.943491,True
0.30,397,1.060661,0.385464,1.003146,True
0.30,398,2.064072,0.387988,0.999035,True
0.30,399,2.043164,0.680344,0.759442,True
0.30,400,2.862784,0.724044,0.771423,True
0.30,401,2.948595,0.735095,0.833039,True
0.30,402,1.691580,0.435153,0.948098,True
0.30,403,2.047753,0.646056,0.971988,True
0.30,404,1.771439,0.515806,0.977574,True
0.30,405,1.292762,0.495936,0.874334,True
0.30,406,1.911233,0.677403,0.867385,True
0.30,407,2.696665,0.868352,0.720504,True
0.30,408,1.876738,0.657165,0.789503,True
0.30,409,1.938939,0.357312,1.037032,True
0.30,410,1.877375,0.512479,0.995802,True
0.30,411,1.361653,0.402999,1.013467,True
0.30,412,2.770629,0.697471,0.817903,True
0.30,413,1.412801,0.434280,0.978169,True
0.30,414,2.292047,0.872558,0.593739,True
0.30,415,2.444766,0.560192,0.988962,True
0.30,416,2.357371,0.694083,0.934831,True
0.30,417,4.877126,0.537779,0.917660,True
0.30,418,1.973919,0.542931,0.905951,True
0.30,419,2.415231,0.622534,0.890922,True
0.30,420,2.961038,0.831695,0.784590,True
0.30,421,1.698719,0.544477,0.781408,True
0.30,422,2.478095,0.808417,0.711455,True
0.30,423,2.113559,0.484257,1.048825,True
0.30,424,2.075387,0.733859,0.690566,True
0.30,425,2.780189,0.382213,1.094468,True
0.30,426,2.232866,0.426933,1.060329,True
0.30,427,2.069117,0.748901,0.774934,True
0.30,428,1.587368,0.603177,0.904876,True
0.30,429,2.252692,0.886032,0.707024,True
0.30,430,2.298029,0.874989,0.732936,True
0.30,431,1.711807,0.530427,0.934253,True
0.30,432,2.018695,0.728291,0.791208,True
0.30,433,2.707909,0.624618,0.699819,True
0.30,434,2.716092,0.736316,0.787065,True
0.30,435,1.488142,0.410009,1.133992,True
0.30,436,2.341593,0.595609,0.769599,True
0.30,437,2.762744,0.618125,0.790110,True
0.30,438,1.368934,0.679784,0.737504,True
0.30,439,2.161281,0.708818,0.782004,True
0.30,440,1.811766,0.513774,0.946042,True
0.30,441,0.787021,0.386259,0.901548,True
0.30,442,1.838287,0.507262,1.027502,True
0.30,443,4.162228,0.447996,0.952011,True
0.30,444,1.883834,0.611579,0.893407,True
0.30,445,1.950642,0.521332,0.927489,True
0.30,446,1.939677,0.476126,1.119346,True
0.30,447,2.917106,0.827396,0.670917,True
0.30,448,1.322666,0.566593,0.933480,True
0.30,449,2.073674,0.498604,0.878927,True
0.30,450,1.277239,0.244149,1.266268,True
0.30,451,1.192928,0.533735,1.052493,True
0.30,452,1.855652,0.657421,0.970469,True
0.30,453,2.445713,0.817780,0.713792,True
0.30,454,1.436903,0.403246,1.090041,True
0.30,455,2.947119,0.937633,0.508679,True
0.30,456,1.551865,0.438302,0.990828,True
0.30,457,2.426934,0.530397,0.961214,True
0.30,458,1.503406,0.356373,1.145620,True
0.30,459,2.143742,0.639613,0.838598,True
0.30,460,1.447679,0.441120,0.940811,True
0.30,461,1.382179,0.724344,0.748174,True
0.30,462,0.975983,0.284437,1.115410,True
0.30,463,2.255203,0.307870,1.160437,True
0.30,464,1.514081,0.472942,0.926568,True
0.30,465,2.413924,0.691017,0.870396,True
0.30,466,2.297800,0.413344,0.832367,True
0.30,467,1.925400,0.662045,0.922277,True
0.30,468,1.933353,0.680025,0.848838,True
0.30,469,1.136295,0.388065,0.846881,True
0.30,470,1.072170,0.254700,1.142991,True
0.30,471,1.688459,0.444444,1.058767,True
0.30,472,1.461409,0.489356,0.974084,True
0.30,473,1.648002,0.471395,0.989408,True
0.30,474,2.026902,0.775933,0.573061,True
0.30,475,5.508309,0.613462,0.742306,True
0.30,476,1.589934,0.418120,0.910202,True
0.30,477,1.558281,0.504585,0.913558,True
0.30,478,1.219119,0.428727,1.062213,True
0.30,479,1.521409,0.709032,0.707117,True
0.30,480,2.196682,0.762028,0.761447,True
0.30,481,1.438098,0.553844,0.878650,True
0.30,482,1.294442,0.233794,1.119715,True
0.30,483,1.563635,0.623292,0.888236,True
0.30,484,2.392377,0.891080,0.597729,True
0.30,485,2.126414,0.619396,0.855708,True
0.30,486,2.748179,0.751420,0.575642,True
0.30,487,2.516524,0.706507,0.857415,True
0.30,488,1.866643,0.770515,0.585316,True
0.30,489,1.627932,0.595111,1.008350,True
0.30,490,4.557748,0.898621,0.586527,True
0.30,491,1.458417,0.617170,0.850751,True
0.30,492,1.763939,0.793895,0.915436,True
0.30,493,2.110015,0.885110,0.680386,True
0.30,494,1.031074,0.199664,1.073366,True
0.30,495,1.961676,0.588892,0.943083,True
0.30,496,2.069539,0.457227,1.020257,True
0.30,497,0.904478,0.278755,1.189929,True
0.30,498,2.520539,0.497620,0.886977,True
0.30,499,1.841641,0.445908,1.014243,True
0.32,0,2.290659,0.622701,0.809662,True
0.32,1,4.231529,0.586294,0.853682,True
0.32,2,2.479921,0.732904,0.861860,True
0.32,3,1.429594,0.532756,0.694946,True
0.32,4,1.445744,0.441879,1.128277,True
0.32,5,2.338495,0.732721,0.728582,True
0.32,6,1.095965,0.204508,1.302314,True
0.32,7,1.656295,0.488893,0.988574,True
0.32,8,2.801240,0.900623,0.617424,True
0.32,9,2.804589,0.695718,0.981568,True
0.32,10,2.732278,0.548211,0.812634,True
0.32,11,1.371071,0.311880,1.046643,True
0.32,12,2.065746,0.612624,0.882071,True
0.32,13,1.646399,0.303497,1.117430,True
0.32,14,1.630975,0.472092,1.244284,True
0.32,15,1.596023,0.458152,1.043272,True
0.32,16,2.070190,0.691950,0.888068,True
0.32,17,1.788540,0.909249,0.710799,True
0.32,18,1.717754,0.422125,1.022992,True
0.32,19,2.433759,0.854799,0.664732,True
0.32,20,2.513474,0.872155,0.711266,True
0.32,21,2.229115,0.863217,0.746839,True
0.32,22,1.593849,0.527342,1.085609,True
0.32,23,2.040902,0.758927,0.703802,True
0.32,24,1.851492,0.714906,0.765960,True
0.32,25,1.770048,0.451125,0.926681,True
0.32,26,1.354815,0.484537,0.967925,True
0.32,27,1.852149,0.382639,1.052090,True
0.32,28,1.421198,0.365018,1.015761,True
0.32,29,2.389812,1.042324,0.534339,True
0.32,30,1.241978,0.272249,1.197986,True
0.32,31,1.319528,0.438323,1.006456,True
0.32,32,2.314585,0.518422,0.740197,True
0.32,33,2.149946,0.853995,0.740819,True
0.32,34,1.762218,0.637505,0.883280,True
0.32,35,4.779230,0.776386,0.721928,True
0.32,36,1.636709,0.601627,0.831806,True
0.32,37,2.394895,0.830574,0.590544,True
0.32,38,2.151297,0.766533,0.876705,True
0.32,39,2.431779,0.664517,0.769675,True
0.32,40,2.571219,0.854164,0.681688,True
0.32,41,1.878880,0.707570,0.779584,True
0.32,42,1.463587,0.305554,1.054440,True
0.32,43,1.578225,0.764646,0.701086,True
0.32,44,1.534924,0.679392,0.829733,True
0.32,45,1.476856,0.499344,0.951858,True
0.32,46,2.914950,0.739161,0.810641,True
0.32,47,2.382600,0.911695,0.535779,True
0.32,48,2.301057,0.749169,0.730382,True
0.32,49,2.080892,0.613517,0.781497,True
0.32,50,2.045665,0.692778,0.712209,True
0.32,51,8.012198,0.517997,0.949987,True
0.32,52,1.469551,0.391148,0.966811,True
0.32,53,1.758371,0.542322,0.994983,True
0.32,54,2.652845,0.674502,0.827907,True
0.32,55,0.784141,0.211467,1.245572,True
0.32,56,2.278832,0.415981,1.068552,True
0.32,57,2.147294,0.726253,0.840802,True
0.32,58,2.370848,0.923167,0.518808,True
0.32,59,1.522248,0.585307,0.913456,True
0.32,60,1.962744,0.822146,0.781981,True
0.32,61,1.670839,0.509768,0.900923,True
0.32,62,1.391988,0.510016,1.032178,True
0.32,63,2.845329,0.530378,0.991579,True
0.32,64,3.174082,0.406803,1.049243,True
0.32,65,1.425782,0.742025,0.751328,True
0.32,66,1.914211,0.620357,0.979327,True
0.32,67,1.880738,0.408541,1.032523,True
0.32,68,4.259932,0.779555,0.596194,True
0.32,69,1.786982,0.442529,0.972428,True
0.32,70,1.724238,0.707843,0.732262,True
0.32,71,2.604082,0.867883,0.653097,True
0.32,72,1.793999,0.501804,0.735709,True
0.32,73,2.641339,0.635561,1.035900,True
0.32,74,2.016962,0.901602,0.684857,True
0.32,75,2.010247,0.507705,0.974297,True
0.32,76,2.560957,0.548736,0.861289,True
0.32,77,3.857652,0.642764,0.904527,True
0.32,78,1.392971,0.434873,1.062967,True
0.32,79,1.716863,0.535917,0.905690,True
0.32,80,1.629174,0.423753,1.113020,True
0.32,81,1.232309,0.209133,1.069457,True
0.32,82,5.836828,0.595719,0.988122,True
0.32,83,3.758034,0.604751,0.842232,True
0.32,84,1.371651,0.466185,1.019146,True
0.32,85,1.568142,0.456503,1.070552,True
0.32,86,1.232204,0.334535,1.087309,True
0.32,87,2.276834,1.011262,0.475640,True
0.32,88,0.879408,0.262704,1.333705,True
0.32,89,2.437519,0.668771,0.801065,True
0.32,90,1.584997,0.472991,1.023585,True
0.32,91,2.297515,0.711166,0.888517,True
0.32,92,2.835353,0.471502,1.017277,True
0.32,93,1.336259,0.389709,1.093486,True
0.32,94,2.310691,0.822071,0.767869,True
0.32,95,1.598807,0.308836,1.189552,True
0.32,96,1.675612,0.498782,0.904619,True
0.32,97,2.768522,0.491854,0.946992,True
0.32,98,1.865472,0.495805,0.941845,True
0.32,99,2.070329,0.476216,0.910558,True
0.32,100,2.227279,0.805112,0.615776,True
0.32,101,2.127885,0.638193,0.910338,True
0.32,102,1.469962,0.365955,1.105568,True
0.32,103,2.793329,0.589712,0.844759,True
0.32,104,0.973823,0.414724,0.965885,True
0.32,105,1.311799,0.317376,1.053041,True
0.32,106,1.254147,0.470730,0.829812,True
0.32,107,2.328373,0.519526,1.078453,True
0.32,108,2.190051,0.323707,1.074532,True
0.32,109,1.328280,0.356980,1.066671,True
0.32,110,1.873823,0.543997,0.843965,True
0.32,111,2.724602,0.783478,0.604686,True
0.32,112,2.057582,0.696693,0.808744,True
0.32,113,2.026163,0.863084,0.641466,True
0.32,114,1.678781,0.469312,0.898860,True
0.32,115,1.536118,0.428848,1.075257,True
0.32,116,1.593008,0.348373,1.065525,True
0.32,117,2.017901,0.870306,0.593375,True
0.32,118,1.877841,0.811774,0.611426,True
0.32,119,2.309784,0.561427,0.919241,True
0.32,120,2.289705,0.551826,0.962965,True
0.32,121,3.693245,0.552384,0.903329,True
0.32,122,2.058972,0.500648,0.982781,True
0.32,123,1.844961,0.631993,0.870648,True
0.32,124,2.782109,0.830505,0.668013,True
0.32,125,0.768249,0.290120,1.086708,True
0.32,126,5.106129,0.545769,0.746199,True
0.32,127,2.250660,0.802088,0.622253,True
0.32,128,2.244994,0.462580,0.998736,True
0.32,129,1.474710,0.490949,0.947413,True
0.32,130,1.955525,0.533484,0.867056,True
0.32,131,1.337735,0.581567,0.894707,True
0.32,132,2.523829,0.744319,0.779977,True
0.32,133,1.889002,0.555245,0.904770,True
0.32,134,1.517667,0.680106,0.881014,True
0.32,135,4.829918,0.514376,0.817633,True
0.32,136,1.873699,0.508525,1.011521,True
0.32,137,2.140269,0.598576,0.868480,True
0.32,138,2.150898,0.906270,0.569212,True
0.32,139,1.132733,0.372930,1.091023,True
0.32,140,1.994123,0.606429,0.912221,True
0.32,141,2.953585,0.699369,0.727615,True
0.32,142,2.091434,0.698573,0.857725,True
0.32,143,1.750177,0.648018,0.886699,True
0.32,144,0.792736,0.354168,1.023793,True
0.32,145,0.798267,0.221417,1.164435,True
0.32,146,3.992248,0.796502,0.574451,True
0.32,147,1.930747,0.675758,0.758887,True
0.32,148,1.626680,0.227542,1.132879,True
0.32,149,2.830216,0.871206,0.636377,True
0.32,150,3.085997,0.891865,0.482809,True
0.32,151,1.569868,0.495307,1.069685,True
0.32,152,1.565939,0.540809,0.986461,True
0.32,153,5.179459,0.616221,0.912727,True
0.32,154,1.460679,0.467726,0.849899,True
0.32,155,1.561166,0.613839,0.827262,True
0.32,156,1.353540,0.443823,1.054727,True
0.32,157,2.755625,0.644388,0.659525,True
0.32,158,1.332803,0.299036,1.057457,True
0.32,159,1.714266,0.522555,0.775780,True
0.32,160,1.515851,0.598537,0.845565,True
0.32,161,4.191071,0.558084,0.863436,True
0.32,162,1.774466,0.599205,0.944313,True
0.32,163,2.670511,0.581057,0.917969,True
0.32,164,2.207293,0.830560,0.631163,True
0.32,165,1.112324,0.349458,0.985483,True
0.32,166,4.607715,0.581538,0.928687,True
0.32,167,2.684979,0.855879,0.746794,True
0.32,168,1.977425,0.564747,1.030205,True
0.32,169,1.698715,0.628675,0.858675,True
0.32,170,2.690606,0.714926,0.676990,True
0.32,171,2.044795,0.743330,0.646746,True
0.32,172,1.856792,0.419744,0.954439,True
0.32,173,1.593149,0.421209,1.130233,True
0.32,174,1.719312,0.495083,1.091788,True
0.32,175,1.942963,0.570705,0.901610,True
0.32,176,2.134354,0.412246,1.164470,True
0.32,177,1.821574,0.631254,0.953581,True
0.32,178,2.498368,0.889643,0.726187,True
0.32,179,3.961098,0.636323,0.747067,True
0.32,180,1.699774,0.640650,1.059451,True
0.32,181,1.419392,0.613306,1.001775,True
0.32,182,8.191854,0.540073,0.980095,True
0.32,183,1.803510,0.683992,0.818117,True
0.32,184,2.235566,0.733447,0.858935,True
0.32,185,1.109241,0.347519,1.179407,True
0.32,186,2.216639,0.765203,0.775672,True
0.32,187,1.606160,0.686562,0.842828,True
0.32,188,2.464038,0.755672,0.657420,True
0.32,189,1.503943,0.345857,1.036863,True
0.32,190,2.014180,0.615782,0.860701,True
0.32,191,3.896880,0.580860,0.918707,True
0.32,192,2.002209,0.874877,0.682815,True
0.32,193,1.276265,0.380431,1.061098,True
0.32,194,1.212076,0.339281,1.154112,True
0.32,195,2.305086,0.751747,0.824237,True
0.32,196,1.949703,0.392140,1.023060,True
0.32,197,2.139404,0.729454,0.733854,True
0.32,198,2.237070,0.609040,0.995828,True
0.32,199,2.345880,0.603621,1.023449,True
0.32,200,1.567421,0.324773,1.145173,True
0.32,201,1.807918,0.540145,0.966849,True
0.32,202,1.389226,0.346262,1.131562,True
0.32,203,1.191015,0.548581,0.879097,True
0.32,204,1.428224,0.320014,1.184784,True
0.32,205,2.492226,0.623426,0.992186,True
0.32,206,1.930102,0.552677,0.869406,True
0.32,207,2.317358,0.594377,0.852230,True
0.32,208,0.885671,0.346764,0.932210,True
0.32,209,1.644412,0.437189,1.157985,True
0.32,210,1.486026,0.401468,1.090917,True
0.32,211,1.996456,0.519330,0.955102,True
0.32,212,0.709303,0.153363,1.275450,True
0.32,213,1.473111,0.362448,1.076382,True
0.32,214,1.327168,0.592047,0.873540,True
0.32,215,2.403924,1.039189,0.520863,True
0.32,216,1.059355,0.343179,1.111535,True
0.32,217,2.235482,0.612950,0.827990,True
0.32,218,2.586298,0.782841,0.665111,True
0.32,219,1.447399,0.633493,0.781656,True
0.32,220,2.167005,0.693214,0.860106,True
0.32,221,2.192188,0.510944,0.959679,True
0.32,222,2.284825,0.828600,0.535054,True
0.32,223,1.720951,0.453803,0.993371,True
0.32,224,2.924088,0.526363,0.891155,True
0.32,225,1.209579,0.279292,1.246273,True
0.32,226,1.581817,0.257670,1.292287,True
0.32,227,1.725868,0.326783,1.016900,True
0.32,228,2.564725,0.586394,0.803777,True
0.32,229,1.735047,0.537623,0.958858,True
0.32,230,1.371544,0.438480,1.140509,True
0.32,231,2.726050,0.792554,0.750973,True
0.32,232,1.641435,0.645421,0.884312,True
0.32,233,0.935489,0.297992,1.068901,True
0.32,234,1.357191,0.368216,1.102673,True
0.32,235,2.436230,0.981173,0.610343,True
0.32,236,1.878839,0.540383,0.960921,True
0.32,237,2.356406,0.418629,1.045552,True
0.32,238,1.208479,0.380831,1.191316,True
0.32,239,1.852069,0.519285,0.965490,True
0.32,240,2.558394,0.816313,0.618377,True
0.32,241,1.897615,0.799731,0.628052,True
0.32,242,1.970523,0.852425,0.757042,True
0.32,243,1.019751,0.251764,1.174466,True
0.32,244,1.828495,0.785938,0.689197,True
0.32,245,1.496579,0.253963,1.132309,True
0.32,246,1.423480,0.437944,0.955755,True
0.32,247,2.103147,0.544117,1.012456,True
0.32,248,1.943048,0.312677,1.050532,True
0.32,249,2.078427,0.613102,0.857319,True
0.32,250,1.228511,0.383545,0.946371,True
0.32,251,2.250602,0.520071,0.874085,True
0.32,252,1.267889,0.405048,1.070112,True
0.32,253,6.164693,0.734004,0.756432,True
0.32,254,1.721783,0.404768,1.018879,True
0.32,255,1.732638,0.582712,0.863395,True
0.32,256,5.265095,0.617632,0.775045,True
0.32,257,2.563215,0.791009,0.654655,True
0.32,258,3.707607,0.504880,0.953652,True
0.32,259,4.384053,0.676298,0.824736,True
0.32,260,2.014613,0.746808,0.733578,True
0.32,261,3.027143,0.766881,0.797289,True
0.32,262,1.771714,0.264808,1.172463,True
0.32,263,2.014758,0.569380,0.845311,True
0.32,264,1.803148,0.659557,0.758689,True
0.32,265,2.017219,0.746344,0.713381,True
0.32,266,1.640921,0.561104,0.975275,True
0.32,267,1.311501,0.356559,1.067456,True
0.32,268,2.425708,0.674724,0.801068,True
0.32,269,2.770059,0.566578,0.944988,True
0.32,270,2.190920,0.480174,1.012645,True
0.32,271,1.544657,0.361811,1.209008,True
0.32,272,2.415383,0.857249,0.536942,True
0.32,273,2.211720,0.571645,1.037552,True
0.32,274,1.276429,0.410645,1.004514,True
0.32,275,2.671523,0.546620,0.850606,True
0.32,276,1.540413,0.604468,0.909019,True
0.32,277,5.884060,0.614974,0.782207,True
0.32,278,2.285942,0.586279,0.900131,True
0.32,279,0.931005,0.294200,1.085680,True
0.32,280,1.860198,0.562205,0.911754,True
0.32,281,2.035027,0.844793,0.751394,True
0.32,282,1.572099,0.518696,0.895801,True
0.32,283,1.518971,0.378070,1.123238,True
0.32,284,1.865576,0.682039,0.695581,True
0.32,285,1.502078,0.580914,0.811944,True
0.32,286,1.670799,0.475278,1.006825,True
0.32,287,1.532192,0.614055,0.850914,True
0.32,288,3.321722,0.622058,0.802386,True
0.32,289,0.875549,0.323130,0.998960,True
0.32,290,1.086043,0.350933,1.126860,True
0.32,291,2.533041,0.790388,0.620893,True
0.32,292,1.711467,0.698174,0.830921,True
0.32,293,1.707090,0.490260,0.947013,True
0.32,294,1.989707,0.339751,1.168027,True
0.32,295,1.744753,0.557781,0.897924,True
0.32,296,2.050287,0.448358,0.985061,True
0.32,297,2.492154,0.826286,0.654773,True
0.32,298,1.183466,0.312444,1.062892,True
0.32,299,1.463791,0.354221,1.068435,True
0.32,300,1.337572,0.337608,1.073784,True
0.32,301,1.571668,0.489727,0.965042,True
0.32,302,1.448276,0.369766,1.091660,True
0.32,303,2.236847,0.660852,0.753626,True
0.32,304,1.999471,0.678452,0.776431,True
0.32,305,1.333097,0.605645,0.920403,True
0.32,306,2.275693,0.709948,0.772467,True
0.32,307,2.555332,0.803986,0.536916,True
0.32,308,1.151039,0.383170,1.024556,True
0.32,309,1.870448,0.372909,1.093166,True
0.32,310,1.381202,0.270991,1.152100,True
0.32,311,1.976497,0.841365,0.620821,True
0.32,312,1.363673,0.241675,1.181507,True
0.32,313,2.429683,0.331267,1.124619,True
0.32,314,1.655328,0.619258,0.730800,True
0.32,315,2.172960,0.783489,0.665073,True
0.32,316,1.547842,0.340568,1.266155,True
0.32,317,2.335722,0.884999,0.634187,True
0.32,318,2.331656,0.777933,0.735325,True
0.32,319,1.856586,0.770625,0.631090,True
0.32,320,2.027382,0.573310,1.007307,True
0.32,321,1.835249,0.608322,0.958899,True
0.32,322,1.474894,0.467653,0.954588,True
0.32,323,2.274625,0.969545,0.560532,True
0.32,324,1.667909,0.414094,1.082687,True
0.32,325,1.306277,0.477742,0.892632,True
0.32,326,2.303165,0.780250,0.719582,True
0.32,327,2.386920,0.732251,0.615128,True
0.32,328,2.136084,0.702971,0.720373,True
0.32,329,4.747047,0.493674,0.897022,True
0.32,330,2.354383,0.876684,0.561818,True
0.32,331,1.370047,0.289478,1.230624,True
0.32,332,1.982848,0.763034,0.627844,True
0.32,333,1.023285,0.234098,1.032717,True
0.32,334,2.266579,0.365293,1.063159,True
0.32,335,2.049811,0.866956,0.637138,True
0.32,336,2.364549,0.612878,0.940815,True
0.32,337,1.359107,0.300838,1.278783,True
0.32,338,1.440107,0.504728,0.857810,True
0.32,339,3.958980,0.720841,0.739529,True
0.32,340,1.906173,0.427600,1.062188,True
0.32,341,1.652765,0.454022,1.117882,True
0.32,342,0.844544,0.368724,0.971394,True
0.32,343,2.088635,0.581304,0.919281,True
0.32,344,2.225488,0.988903,0.589643,True
0.32,345,2.379969,0.742357,0.788900,True
0.32,346,2.196689,0.851316,0.654739,True
0.32,347,1.026065,0.280471,1.047520,True
0.32,348,2.109116,0.536490,1.007085,True
0.32,349,2.887936,0.848513,0.622664,True
0.32,350,1.491678,0.374923,1.084504,True
0.32,351,2.261738,0.989248,0.573999,True
0.32,352,1.425507,0.323335,1.087974,True
0.32,353,2.391604,0.511135,0.989283,True
0.32,354,2.341774,0.633760,0.874582,True
0.32,355,1.645187,0.508538,0.877685,True
0.32,356,1.046536,0.186958,1.266707,True
0.32,357,1.895499,0.696363,0.580085,True
0.32,358,1.048379,0.335932,1.098402,True
0.32,359,1.559452,0.547255,0.986465,True
0.32,360,1.389708,0.489650,0.899354,True
0.32,361,2.264232,0.565949,0.908441,True
0.32,362,1.815457,0.345930,1.050982,True
0.32,363,1.695079,0.549909,0.854768,True
0.32,364,1.612881,0.564787,0.728466,True
0.32,365,1.454575,0.305088,1.199573,True
0.32,366,1.649288,0.306100,1.315943,True
0.32,367,2.023981,0.445677,0.935615,True
0.32,368,1.626493,0.647261,0.767977,True
0.32,369,1.605563,0.481318,1.027441,True
0.32,370,2.608067,0.668651,0.760858,True
0.32,371,2.956349,0.653215,0.779232,True
0.32,372,1.603338,0.605032,1.140127,True
0.32,373,2.137950,0.663205,0.691227,True
0.32,374,2.385537,0.752870,0.719979,True
0.32,375,4.237581,0.658663,0.752429,True
0.32,376,2.456898,0.645000,0.745272,True
0.32,377,5.276610,0.669249,0.806628,True
0.32,378,2.403612,0.526635,0.956459,True
0.32,379,2.153082,0.659883,0.811018,True
0.32,380,2.842855,0.740284,0.827573,True
0.32,381,1.388209,0.420693,0.957433,True
0.32,382,1.574548,0.444345,1.011947,True
0.32,383,1.234216,0.372234,1.147541,True
0.32,384,1.566720,0.621320,0.932194,True
0.32,385,1.952822,0.801351,0.608346,True
0.32,386,2.335319,0.382009,1.098318,True
0.32,387,7.244806,0.442930,1.074323,True
0.32,388,1.131035,0.394587,0.957455,True
0.32,389,3.625147,0.387934,1.012364,True
0.32,390,1.172882,0.188250,1.155909,True
0.32,391,1.867618,0.554718,0.958850,True
0.32,392,1.712888,0.398482,1.230956,True
0.32,393,1.537109,0.505843,0.889281,True
0.32,394,1.060902,0.296743,1.069540,True
0.32,395,1.186207,0.425842,1.104864,True
0.32,396,1.645905,0.572288,0.947588,True
0.32,397,1.057794,0.385002,1.003490,True
0.32,398,2.033414,0.382940,1.003320,True
0.32,399,2.011505,0.672714,0.766279,True
0.32,400,2.831436,0.706175,0.786198,True
0.32,401,2.931589,0.713134,0.850678,True
0.32,402,1.664938,0.431263,0.951615,True
0.32,403,2.014712,0.638964,0.978474,True
0.32,404,1.755179,0.512242,0.980580,True
0.32,405,1.282424,0.493764,0.876035,True
0.32,406,1.886095,0.671433,0.872769,True
0.32,407,2.660401,0.850892,0.735251,True
0.32,408,1.845786,0.650563,0.795575,True
0.32,409,1.921489,0.354166,1.039600,True
0.32,410,1.845383,0.506808,1.000875,True
0.32,411,1.356433,0.402060,1.014214,True
0.32,412,2.737576,0.682146,0.830670,True
0.32,413,1.401053,0.432564,0.979722,True
0.32,414,2.256179,0.859353,0.605095,True
0.32,415,2.408265,0.551385,0.996586,True
0.32,416,2.323964,0.684209,0.943377,True
0.32,417,4.877126,0.537779,0.917660,True
0.32,418,1.950559,0.537532,0.910545,True
0.32,419,2.377978,0.612952,0.899266,True
0.32,420,2.936406,0.807993,0.803922,True
0.32,421,1.672740,0.539408,0.785877,True
0.32,422,2.445008,0.793481,0.723850,True
0.32,423,2.089952,0.478998,1.053260,True
0.32,424,2.046102,0.725756,0.697717,True
0.32,425,2.749234,0.373183,1.101899,True
0.32,426,2.212084,0.421364,1.064816,True
0.32,427,2.039360,0.740867,0.782118,True
0.32,428,1.571963,0.599710,0.907898,True
0.32,429,2.216337,0.874469,0.717398,True
0.32,430,2.260269,0.862891,0.743717,True
0.32,431,1.686893,0.526034,0.938266,True
0.32,432,1.986731,0.720529,0.798299,True
0.32,433,2.675834,0.611438,0.710758,True
0.32,434,2.684480,0.720706,0.800011,True
0.32,435,1.475271,0.408196,1.135624,True
0.32,436,2.305658,0.587148,0.777026,True
0.32,437,2.736303,0.603260,0.802179,True
0.32,438,1.355194,0.676588,0.740337,True
0.32,439,2.127691,0.700475,0.789532,True
0.32,440,1.794866,0.509962,0.949234,True
0.32,441,0.786198,0.386155,0.901620,True
0.32,442,1.809575,0.502431,1.031924,True
0.32,443,4.162228,0.447996,0.952011,True
0.32,444,1.854106,0.605376,0.899024,True
0.32,445,1.919055,0.515821,0.932508,True
0.32,446,1.917989,0.472158,1.122829,True
0.32,447,2.891249,0.804650,0.689468,True
0.32,448,1.309454,0.564025,0.935735,True
0.32,449,2.047928,0.493627,0.883300,True
0.32,450,1.268734,0.243324,1.266936,True
0.32,451,1.186214,0.532540,1.053550,True
0.32,452,1.828557,0.650511,0.976433,True
0.32,453,2.408369,0.805091,0.724852,True
0.32,454,1.412376,0.399438,1.093172,True
0.32,455,2.926314,0.910939,0.530293,True
0.32,456,1.533663,0.435167,0.993472,True
0.32,457,2.389930,0.521833,0.968589,True
0.32,458,1.493063,0.354515,1.147051,True
0.32,459,2.114547,0.632285,0.845016,True
0.32,460,1.440586,0.439654,0.941967,True
0.32,461,1.359736,0.717604,0.753464,True
0.32,462,0.973271,0.284148,1.115627,True
0.32,463,2.234081,0.303398,1.163990,True
0.32,464,1.499960,0.470378,0.928763,True
0.32,465,2.376524,0.680515,0.879580,True
0.32,466,2.278734,0.406848,0.837445,True
0.32,467,1.901912,0.656087,0.927498,True
0.32,468,1.902210,0.673197,0.855165,True
0.32,469,1.133161,0.387622,0.847249,True
0.32,470,1.055421,0.253311,1.144126,True
0.32,471,1.663735,0.440761,1.062112,True
0.32,472,1.447328,0.486983,0.976211,True
0.32,473,1.623749,0.467564,0.992875,True
0.32,474,1.996908,0.767629,0.580495,True
0.32,475,5.508309,0.613462,0.742306,True
0.32,476,1.574319,0.415789,0.912277,True
0.32,477,1.543224,0.501899,0.915952,True
0.32,478,1.214440,0.427798,1.062908,True
0.32,479,1.509277,0.705697,0.709974,True
0.32,480,2.161860,0.752590,0.769912,True
0.32,481,1.411447,0.548271,0.883243,True
0.32,482,1.273792,0.231511,1.121339,True
0.32,483,1.537151,0.617373,0.893364,True
0.32,484,2.357382,0.877519,0.609420,True
0.32,485,2.093898,0.612343,0.862079,True
0.32,486,2.714489,0.735188,0.589187,True
0.32,487,2.479474,0.694485,0.867732,True
0.32,488,1.840788,0.763016,0.591880,True
0.32,489,1.602438,0.590051,1.012926,True
0.32,490,4.557748,0.898621,0.586527,True
0.32,491,1.442946,0.613948,0.853657,True
0.32,492,1.732756,0.784871,0.923273,True
0.32,493,2.082702,0.875652,0.688677,True
0.32,494,1.025270,0.198983,1.073751,True
0.32,495,1.928512,0.582643,0.948858,True
0.32,496,2.044188,0.452482,1.024360,True
0.32,497,0.900076,0.278344,1.190232,True
0.32,498,2.483442,0.489234,0.894192,True
0.32,499,1.813769,0.441492,1.018173,True
0.34,0,2.257749,0.614482,0.816849,True
0.34,1,4.231529,0.586294,0.853682,True
0.34,2,2.443741,0.721189,0.871972,True
0.34,3,1.419223,0.530732,0.696710,True
0.34,4,1.436136,0.440148,1.129716,True
0.34,5,2.309060,0.722475,0.737263,True
0.34,6,1.088871,0.203907,1.302754,True
0.34,7,1.630875,0.484758,0.992315,True
0.34,8,2.777446,0.878565,0.635285,True
0.34,9,2.780047,0.678706,0.995371,True
0.34,10,2.711798,0.534730,0.823385,True
0.34,11,1.364099,0.310821,1.047450,True
0.34,12,2.037551,0.606150,0.887790,True
0.34,13,1.627317,0.301174,1.119390,True
0.34,14,1.612325,0.468839,1.247123,True
0.34,15,1.584261,0.456152,1.045030,True
0.34,16,2.037988,0.684359,0.894961,True
0.34,17,1.762464,0.901517,0.717924,True
0.34,18,1.700115,0.419328,1.025442,True
0.34,19,2.400368,0.841720,0.675931,True
0.34,20,2.486306,0.856677,0.723934,True
0.34,21,2.196627,0.852471,0.756308,True
0.34,22,1.580426,0.524682,1.087928,True
0.34,23,2.012230,0.751228,0.710733,True
0.34,24,1.827978,0.708612,0.771486,True
0.34,25,1.750786,0.448099,0.929418,True
0.34,26,1.343761,0.482445,0.969660,True
0.34,27,1.825594,0.378635,1.055522,True
0.34,28,1.411934,0.363641,1.016904,True
0.34,29,2.358610,1.027028,0.547355,True
0.34,30,1.227455,0.270907,1.199139,True
0.34,31,1.306727,0.436548,1.008090,True
0.34,32,2.281029,0.511331,0.746374,True
0.34,33,2.118812,0.843771,0.749789,True
0.34,34,1.743826,0.633298,0.887041,True
0.34,35,4.779230,0.776386,0.721928,True
0.34,36,1.619770,0.597864,0.835106,True
0.34,37,2.359688,0.818249,0.601233,True
0.34,38,2.120631,0.757168,0.884851,True
0.34,39,2.400619,0.654192,0.778392,True
0.34,40,2.541501,0.838309,0.694787,True
0.34,41,1.851815,0.701142,0.785459,True
0.34,42,1.455234,0.304506,1.055315,True
0.34,43,1.562076,0.760127,0.705047,True
0.34,44,1.519642,0.675709,0.833000,True
0.34,45,1.457454,0.496087,0.954770,True
0.34,46,2.907421,0.716066,0.828849,True
0.34,47,2.350746,0.898291,0.547214,True
0.34,48,2.274165,0.739133,0.738800,True
0.34,49,2.049863,0.606332,0.787802,True
0.34,50,2.018245,0.685574,0.718552,True
0.34,51,8.012198,0.517997,0.949987,True
0.34,52,1.462556,0.390046,0.967739,True
0.34,53,1.744537,0.538704,0.997923,True
0.34,54,2.624894,0.660560,0.839310,True
0.34,55,0.782836,0.211391,1.245630,True
0.34,56,2.248216,0.410555,1.073234,True
0.34,57,2.116886,0.717874,0.848189,True
0.34,58,2.340188,0.909091,0.530638,True
0.34,59,1.504863,0.581739,0.916619,True
0.34,60,1.933868,0.813499,0.789625,True
0.34,61,1.648030,0.505773,0.904507,True
0.34,62,1.384433,0.508566,1.033424,True
0.34,63,2.829266,0.515714,1.003252,True
0.34,64,3.645944,0.337516,1.101660,True
0.34,65,1.410378,0.738077,0.754826,True
0.34,66,1.886085,0.614554,0.984644,True
0.34,67,1.857021,0.405190,1.035561,True
0.34,68,4.259932,0.779555,0.596194,True
0.34,69,1.771135,0.439665,0.974884,True
0.34,70,1.708018,0.703404,0.736116,True
0.34,71,2.573523,0.851201,0.666901,True
0.34,72,1.774585,0.497634,0.739204,True
0.34,73,2.614654,0.622232,1.046727,True
0.34,74,1.986517,0.891881,0.693537,True
0.34,75,1.979417,0.501974,0.979349,True
0.34,76,2.531353,0.538763,0.869542,True
0.34,77,3.857652,0.642764,0.904527,True
0.34,78,1.386627,0.433729,1.063909,True
0.34,79,1.689829,0.531001,0.910089,True
0.34,80,1.614422,0.421478,1.115034,True
0.34,81,1.225407,0.208578,1.069912,True
0.34,82,5.836828,0.595719,0.988122,True
0.34,83,3.758034,0.604751,0.842232,True
0.34,84,1.366058,0.464887,1.020134,True
0.34,85,1.554224,0.454198,1.072584,True
0.34,86,1.224073,0.333471,1.088165,True
0.34,87,2.247087,0.998141,0.486909,True
0.34,88,0.878286,0.262568,1.333788,True
0.34,89,2.403198,0.658337,0.810009,True
0.34,90,1.564291,0.469908,1.026467,True
0.34,91,2.267978,0.701683,0.896613,True
0.34,92,2.817578,0.458280,1.027812,True
0.34,93,1.327049,0.388366,1.094624,True
0.34,94,2.278098,0.810557,0.777775,True
0.34,95,1.585814,0.307276,1.190894,True
0.34,96,1.655082,0.495379,0.907738,True
0.34,97,2.741805,0.480432,0.956308,True
0.34,98,1.842524,0.491433,0.945655,True
0.34,99,2.038388,0.470735,0.915439,True
0.34,100,2.197662,0.795121,0.624410,True
0.34,101,2.102286,0.631347,0.916241,True
0.34,102,1.461754,0.364622,1.106644,True
0.34,103,2.776300,0.574630,0.856763,True
0.34,104,0.970454,0.414261,0.966257,True
0.34,105,1.307519,0.316673,1.053562,True
0.34,106,1.236901,0.468077,0.832134,True
0.34,107,2.295348,0.512397,1.084648,True
0.34,108,2.162998,0.319820,1.077845,True
0.34,109,1.309295,0.354361,1.068784,True
0.34,110,1.848880,0.539398,0.848156,True
0.34,111,2.699832,0.765927,0.618914,True
0.34,112,2.034475,0.689808,0.814632,True
0.34,113,1.999439,0.854479,0.649085,True
0.34,114,1.660323,0.465656,0.901900,True
0.34,115,1.527608,0.427240,1.076577,True
0.34,116,1.582049,0.346764,1.066872,True
0.34,117,1.985738,0.861017,0.601865,True
0.34,118,1.858804,0.805560,0.616795,True
0.34,119,2.275943,0.553835,0.925887,True
0.34,120,2.257686,0.544413,0.969379,True
0.34,121,3.693245,0.552384,0.903329,True
0.34,122,2.034764,0.495596,0.987128,True
0.34,123,1.826038,0.627197,0.874786,True
0.34,124,3.755243,0.627977,0.812185,True
0.34,125,0.767360,0.290024,1.086766,True
0.34,126,5.106129,0.545769,0.746199,True
0.34,127,2.220181,0.791949,0.631045,True
0.34,128,2.214617,0.456835,1.003735,True
0.34,129,1.459578,0.488370,0.949709,True
0.34,130,1.932896,0.528477,0.871345,True
0.34,131,1.323266,0.578664,0.897246,True
0.34,132,2.493263,0.731361,0.790772,True
0.34,133,1.863622,0.550271,0.909235,True
0.34,134,1.505215,0.676985,0.883744,True
0.34,135,4.829918,0.514376,0.817633,True
0.34,136,1.858926,0.504438,1.014786,True
0.34,137,2.111582,0.591838,0.874380,True
0.34,138,2.120596,0.894879,0.579000,True
0.34,139,1.123986,0.371643,1.092006,True
0.34,140,1.965048,0.599223,0.918375,True
0.34,141,2.953762,0.674009,0.747464,True
0.34,142,2.067306,0.690909,0.864184,True
0.34,143,1.730770,0.643669,0.890638,True
0.34,144,0.791417,0.354064,1.023892,True
0.34,145,0.796983,0.221321,1.164499,True
0.34,146,3.992248,0.796502,0.574451,True
0.34,147,1.903524,0.669467,0.764602,True
0.34,148,1.605025,0.225707,1.134464,True
0.34,149,2.812227,0.847010,0.655663,True
0.34,150,3.114442,0.849084,0.516008,True
0.34,151,1.552692,0.492075,1.072460,True
0.34,152,1.555233,0.538448,0.988455,True
0.34,153,5.179459,0.616221,0.912727,True
0.34,154,1.452750,0.466207,0.851167,True
0.34,155,1.542429,0.609962,0.830771,True
0.34,156,1.345398,0.442289,1.055958,True
0.34,157,2.741480,0.628196,0.672295,True
0.34,158,1.315218,0.297405,1.058958,True
0.34,159,1.696508,0.519298,0.778713,True
0.34,160,1.506068,0.596296,0.847501,True
0.34,161,4.191071,0.558084,0.863436,True
0.34,162,1.749145,0.593944,0.949036,True
0.34,163,2.643029,0.568981,0.927845,True
0.34,164,2.174420,0.820449,0.640151,True
0.34,165,1.108623,0.348998,0.985865,True
0.34,166,4.607715,0.581538,0.928687,True
0.34,167,2.654093,0.838242,0.761391,True
0.34,168,1.956332,0.559798,1.034458,True
0.34,169,1.677849,0.623899,0.862885,True
0.34,170,2.660693,0.699952,0.689333,True
0.34,171,2.015812,0.735678,0.653626,True
0.34,172,1.838842,0.416603,0.957119,True
0.34,173,1.574500,0.418557,1.132639,True
0.34,174,1.697618,0.491365,1.095133,True
0.34,175,1.922952,0.565732,0.905818,True
0.34,176,2.102157,0.406923,1.169074,True
0.34,177,1.801126,0.626371,0.957864,True
0.34,178,2.473267,0.874297,0.738682,True
0.34,179,3.961098,0.636323,0.747067,True
0.34,180,1.676368,0.635668,1.064000,True
0.34,181,1.407805,0.610823,1.003981,True
0.34,182,8.191854,0.540073,0.980095,True
0.34,183,1.777870,0.678355,0.823336,True
0.34,184,2.201019,0.724130,0.867241,True
0.34,185,1.101430,0.346625,1.180172,True
0.34,186,2.183965,0.755354,0.784278,True
0.34,187,1.579373,0.680400,0.848332,True
0.34,188,2.435705,0.741579,0.668869,True
0.34,189,1.493850,0.344403,1.038070,True
0.34,190,1.989484,0.609939,0.865835,True
0.34,191,3.896880,0.580860,0.918707,True
0.34,192,1.970647,0.865364,0.691385,True
0.34,193,1.262571,0.378512,1.062692,True
0.34,194,1.204713,0.338305,1.154895,True
0.34,195,2.273456,0.741422,0.833113,True
0.34,196,1.921056,0.388318,1.026539,True
0.34,197,2.110424,0.721209,0.741082,True
0.34,198,2.207380,0.599788,1.003460,True
0.34,199,2.311579,0.595054,1.030896,True
0.34,200,1.558456,0.323482,1.146231,True
0.34,201,1.783534,0.535327,0.971093,True
0.34,202,1.372309,0.344349,1.133292,True
0.34,203,1.181461,0.546778,0.880635,True
0.34,204,1.420183,0.319030,1.185627,True
0.34,205,2.467071,0.612506,1.001049,True
0.34,206,1.900521,0.547233,0.874384,True
0.34,207,2.282770,0.585968,0.859540,True
0.34,208,0.884407,0.346603,0.932323,True
0.34,209,1.631252,0.434920,1.159937,True
0.34,210,1.476864,0.400034,1.092141,True
0.34,211,1.977815,0.514301,0.959193,True
0.34,212,0.708845,0.153324,1.275466,True
0.34,213,1.464222,0.360978,1.077554,True
0.34,214,1.320668,0.590614,0.874765,True
0.34,215,2.373751,1.023498,0.534088,True
0.34,216,1.052313,0.342341,1.112210,True
0.34,217,2.201409,0.605020,0.834987,True
0.34,218,3.783211,0.545835,0.834478,True
0.34,219,1.428903,0.629101,0.785371,True
0.34,220,2.131817,0.684824,0.867713,True
0.34,221,2.167387,0.504573,0.964972,True
0.34,222,2.251512,0.817460,0.544769,True
0.34,223,1.697852,0.450130,0.996651,True
0.34,224,3.659692,0.412520,0.974106,True
0.34,225,1.203993,0.278678,1.246771,True
0.34,226,1.554092,0.254698,1.294672,True
0.34,227,1.712074,0.324881,1.018507,True
0.34,228,2.532675,0.575850,0.812598,True
0.34,229,1.712020,0.533575,0.962589,True
0.34,230,1.365099,0.437145,1.141543,True
0.34,231,2.705823,0.773805,0.765947,True
0.34,232,1.628179,0.642271,0.887092,True
0.34,233,0.934012,0.297839,1.069019,True
0.34,234,1.347251,0.366693,1.103899,True
0.34,235,2.402610,0.966074,0.623275,True
0.34,236,1.859073,0.536181,0.964575,True
0.34,237,2.322078,0.412616,1.050767,True
0.34,238,1.195019,0.379000,1.192828,True
0.34,239,1.821577,0.513269,0.970650,True
0.34,240,2.526143,0.801723,0.630597,True
0.34,241,1.869765,0.792410,0.634801,True
0.34,242,1.941239,0.844058,0.764680,True
0.34,243,1.012448,0.250962,1.175002,True
0.34,244,1.805192,0.779669,0.694891,True
0.34,245,1.480410,0.252525,1.133584,True
0.34,246,1.412609,0.436055,0.957331,True
0.34,247,2.070844,0.538062,1.017936,True
0.34,248,1.916516,0.309615,1.053238,True
0.34,249,2.054319,0.606737,0.862756,True
0.34,250,1.215854,0.381673,0.947862,True
0.34,251,2.216332,0.513407,0.879996,True
0.34,252,1.262034,0.404128,1.070875,True
0.34,253,6.164693,0.734004,0.756432,True
0.34,254,1.700806,0.401193,1.021853,True
0.34,255,1.716683,0.578759,0.866715,True
0.34,256,5.265095,0.617632,0.775045,True
0.34,257,2.530943,0.776802,0.666552,True
0.34,258,3.707607,0.504880,0.953652,True
0.34,259,4.384053,0.676298,0.824736,True
0.34,260,1.989186,0.739689,0.739878,True
0.34,261,3.542181,0.618543,0.907887,True
0.34,262,1.760126,0.262678,1.174047,True
0.34,263,1.992703,0.563450,0.850235,True
0.34,264,1.779434,0.654051,0.763618,True
0.34,265,1.987429,0.738824,0.720232,True
0.34,266,1.623872,0.557751,0.978285,True
0.34,267,1.304277,0.355552,1.068291,True
0.34,268,2.393341,0.664360,0.809885,True
0.34,269,2.749335,0.552686,0.956126,True
0.34,270,2.160665,0.473718,1.018118,True
0.34,271,1.530412,0.359823,1.210715,True
0.34,272,2.387269,0.843799,0.548100,True
0.34,273,2.178556,0.563810,1.044299,True
0.34,274,1.271247,0.409665,1.005264,True
0.34,275,2.642508,0.535446,0.859803,True
0.34,276,1.528464,0.601391,0.911558,True
0.34,277,5.884060,0.614974,0.782207,True
0.34,278,2.255025,0.578631,0.906747,True
0.34,279,0.928425,0.293941,1.085877,True
0.34,280,1.833321,0.556577,0.916672,True
0.34,281,2.010883,0.836811,0.758382,True
0.34,282,1.550647,0.514377,0.899440,True
0.34,283,1.508056,0.375906,1.124881,True
0.34,284,1.847125,0.676978,0.699954,True
0.34,285,1.485798,0.577814,0.814789,True
0.34,286,1.645578,0.470120,1.011006,True
0.34,287,1.518678,0.610994,0.853588,True
0.34,288,3.639572,0.549812,0.857752,True
0.34,289,0.873820,0.322913,0.999104,True
0.34,290,1.081296,0.350287,1.127356,True
0.34,291,2.503846,0.776358,0.632498,True
0.34,292,1.683693,0.690797,0.837216,True
0.34,293,1.687126,0.486560,0.950229,True
0.34,294,1.969998,0.336625,1.170633,True
0.34,295,1.719282,0.553220,0.902149,True
0.34,296,2.026910,0.444090,0.988761,True
0.34,297,2.464725,0.811004,0.667203,True
0.34,298,1.175710,0.311646,1.063597,True
0.34,299,1.455518,0.352942,1.069477,True
0.34,300,1.327402,0.336473,1.074815,True
0.34,301,1.553411,0.486779,0.967744,True
0.34,302,1.440374,0.368438,1.092720,True
0.34,303,2.212841,0.652054,0.760826,True
0.34,304,1.970638,0.670282,0.783366,True
0.34,305,1.326888,0.604241,0.921602,True
0.34,306,2.244451,0.700398,0.780671,True
0.34,307,2.525053,0.789693,0.548809,True
0.34,308,1.145086,0.382334,1.025240,True
0.34,309,1.844114,0.368886,1.096574,True
0.34,310,1.374610,0.270182,1.152739,True
0.34,311,1.948370,0.832920,0.628363,True
0.34,312,1.358377,0.241124,1.181953,True
0.34,313,2.396445,0.326142,1.128994,True
0.34,314,1.639689,0.615757,0.733909,True
0.34,315,2.140307,0.772631,0.674338,True
0.34,316,1.524686,0.337774,1.268590,True
0.34,317,2.300982,0.872521,0.645073,True
0.34,318,2.300885,0.765266,0.745797,True
0.34,319,1.827384,0.762194,0.638417,True
0.34,320,2.003639,0.567958,1.011985,True
0.34,321,1.807969,0.602266,0.964229,True
0.34,322,1.467583,0.466027,0.955870,True
0.34,323,2.241607,0.956032,0.572171,True
0.34,324,1.657133,0.412107,1.084333,True
0.34,325,1.287445,0.474168,0.895448,True
0.34,326,2.270173,0.769792,0.728701,True
0.34,327,2.354104,0.721585,0.624296,True
0.34,328,2.105024,0.694987,0.727493,True
0.34,329,4.747047,0.493674,0.897022,True
0.34,330,2.324885,0.864139,0.572413,True
0.34,331,1.351130,0.286934,1.232506,True
0.34,332,1.955573,0.755767,0.634405,True
0.34,333,1.014881,0.233365,1.033259,True
0.34,334,2.237051,0.360532,1.067234,True
0.34,335,2.018734,0.857385,0.645713,True
0.34,336,2.330367,0.604124,0.948419,True
0.34,337,1.343694,0.298711,1.280381,True
0.34,338,1.419820,0.501098,0.860950,True
0.34,339,3.958980,0.720841,0.739529,True
0.34,340,1.878843,0.423504,1.065867,True
0.34,341,1.638137,0.451432,1.120115,True
0.34,342,0.843256,0.368566,0.971510,True
0.34,343,2.061732,0.574610,0.924988,True
0.34,344,2.195776,0.976690,0.600219,True
0.34,345,2.348245,0.731320,0.798284,True
0.34,346,2.162822,0.840863,0.664066,True
0.34,347,1.023639,0.280165,1.047732,True
0.34,348,2.077779,0.529971,1.012778,True
0.34,349,2.889264,0.821157,0.643885,True
0.34,350,1.475229,0.372734,1.086430,True
0.34,351,2.229273,0.974695,0.586310,True
0.34,352,1.416947,0.322250,1.088889,True
0.34,353,2.356548,0.503622,0.995806,True
0.34,354,2.309219,0.624960,0.882191,True
0.34,355,1.632182,0.505869,0.879959,True
0.34,356,1.045038,0.186842,1.266793,True
0.34,357,1.874823,0.690190,0.585305,True
0.34,358,1.044953,0.335521,1.098736,True
0.34,359,1.544173,0.544206,0.989145,True
0.34,360,1.376359,0.487414,0.901343,True
0.34,361,2.241226,0.558279,0.914678,True
0.34,362,1.786926,0.342278,1.054163,True
0.34,363,1.670699,0.545280,0.858906,True
0.34,364,1.593741,0.560914,0.731885,True
0.34,365,1.433743,0.302632,1.201605,True
0.34,366,1.634814,0.304358,1.317440,True
0.34,367,1.995651,0.440871,0.939828,True
0.34,368,1.606959,0.642742,0.771974,True
0.34,369,1.596361,0.479510,1.028977,True
0.34,370,2.574850,0.656267,0.771259,True
0.34,371,2.969321,0.625842,0.800406,True
0.34,372,1.584149,0.601120,1.143677,True
0.34,373,2.104768,0.655554,0.698133,True
0.34,374,2.357113,0.740122,0.730401,True
0.34,375,4.237581,0.658663,0.752429,True
0.34,376,2.422891,0.634862,0.753947,True
0.34,377,5.276610,0.669249,0.806628,True
0.34,378,2.373993,0.518145,0.963507,True
0.34,379,2.120704,0.651674,0.818205,True
0.34,380,2.830618,0.719461,0.844024,True
0.34,381,1.372037,0.418470,0.959445,True
0.34,382,1.553771,0.440202,1.015223,True
0.34,383,1.220687,0.370136,1.149138,True
0.34,384,1.543485,0.616229,0.936657,True
0.34,385,1.921703,0.791913,0.616557,True
0.34,386,2.300496,0.376711,1.102963,True
0.34,387,7.244806,0.442930,1.074323,True
0.34,388,1.122197,0.393445,0.958442,True
0.34,389,3.625147,0.387934,1.012364,True
0.34,390,1.168841,0.187927,1.156159,True
0.34,391,1.841556,0.549697,0.963378,True
0.34,392,1.694570,0.395858,1.233293,True
0.34,393,1.514431,0.502248,0.892615,True
0.34,394,1.057781,0.296347,1.069830,True
0.34,395,1.183457,0.425214,1.105301,True
0.34,396,1.624493,0.568087,0.951372,True
0.34,397,1.055017,0.384553,1.003824,True
0.34,398,2.005533,0.378226,1.007276,True
0.34,399,1.982643,0.665631,0.772567,True
0.34,400,2.808527,0.688100,0.800808,True
0.34,401,2.929649,0.689105,0.869493,True
0.34,402,1.640580,0.427701,0.954819,True
0.34,403,1.984678,0.632400,0.984422,True
0.34,404,1.739890,0.508849,0.983421,True
0.34,405,1.272729,0.491721,0.877625,True
0.34,406,1.862887,0.665849,0.877768,True
0.34,407,2.630017,0.833885,0.749327,True
0.34,408,1.817591,0.644502,0.801113,True
0.34,409,1.905224,0.351150,1.042036,True
0.34,410,1.816284,0.501603,1.005495,True
0.34,411,1.351364,0.401146,1.014939,True
0.34,412,2.711940,0.666900,0.843079,True
0.34,413,1.389959,0.430946,0.981184,True
0.34,414,2.224448,0.846950,0.615586,True
0.34,415,2.375552,0.543044,1.003706,True
0.34,416,2.293722,0.674851,0.951372,True
0.34,417,4.877126,0.537779,0.917660,True
0.34,418,1.929106,0.532441,0.914830,True
0.34,419,2.345191,0.603896,0.907016,True
0.34,420,2.924268,0.782912,0.823875,True
0.34,421,1.648844,0.534739,0.789970,True
0.34,422,2.417610,0.779064,0.735542,True
0.34,423,2.068133,0.473980,1.057445,True
0.34,424,2.019345,0.718173,0.704340,True
0.34,425,2.724629,0.364179,1.109167,True
0.34,426,2.193528,0.415954,1.069106,True
0.34,427,2.012158,0.733358,0.788767,True
0.34,428,1.557499,0.596441,0.910733,True
0.34,429,2.183250,0.863680,0.726982,True
0.34,430,2.226420,0.851597,0.753648,True
0.34,431,1.663925,0.521980,0.941953,True
0.34,432,1.957699,0.713348,0.804799,True
0.34,433,2.649529,0.598442,0.721331,True
0.34,434,2.659764,0.705212,0.812567,True
0.34,435,1.463008,0.406471,1.137172,True
0.34,436,2.273405,0.579191,0.783914,True
0.34,437,2.716421,0.588250,0.814131,True
0.34,438,1.342420,0.673624,0.742956,True
0.34,439,2.097131,0.692698,0.796477,True
0.34,440,1.779044,0.506333,0.952248,True
0.34,441,0.785388,0.386053,0.901691,True
0.34,442,1.783131,0.497970,1.035988,True
0.34,443,4.162228,0.447996,0.952011,True
0.34,444,1.826769,0.599644,0.904186,True
0.34,445,1.890214,0.510735,0.937106,True
0.34,446,1.897541,0.468376,1.126128,True
0.34,447,2.875830,0.780965,0.708347,True
0.34,448,1.297211,0.561652,0.937813,True
0.34,449,2.023927,0.488904,0.887416,True
0.34,450,1.260616,0.242537,1.267571,True
0.34,451,1.179826,0.531406,1.054551,True
0.34,452,1.803641,0.644092,0.981928,True
0.34,453,2.375198,0.793088,0.735154,True
0.34,454,1.389994,0.395981,1.095997,True
0.34,455,2.920140,0.882146,0.552972,True
0.34,456,1.516717,0.432243,0.995923,True
0.34,457,2.357618,0.513719,0.975450,True
0.34,458,1.483273,0.352738,1.148410,True
0.34,459,2.087677,0.625378,0.851006,True
0.34,460,1.433769,0.438234,0.943081,True
0.34,461,1.339217,0.711469,0.758241,True
0.34,462,0.970649,0.283869,1.115835,True
0.34,463,2.215259,0.299058,1.167387,True
0.34,464,1.486833,0.467975,0.930806,True
0.34,465,2.343003,0.670615,0.888119,True
0.34,466,2.262030,0.400481,0.842348,True
0.34,467,1.880030,0.650465,0.932386,True
0.34,468,1.873572,0.666889,0.860982,True
0.34,469,1.130100,0.387189,0.847608,True
0.34,470,1.040236,0.252082,1.145135,True
0.34,471,1.641006,0.437372,1.065176,True
0.34,472,1.434235,0.484769,0.978186,True
0.34,473,1.601591,0.464052,0.996035,True
0.34,474,1.969556,0.759904,0.587344,True
0.34,475,5.508309,0.613462,0.742306,True
0.34,476,1.559757,0.413600,0.914214,True
0.34,477,1.529082,0.499370,0.918196,True
0.34,478,1.209941,0.426901,1.063577,True
0.34,479,1.497833,0.702532,0.712671,True
0.34,480,2.130566,0.743787,0.777704,True
0.34,481,1.387233,0.543240,0.887362,True
0.34,482,1.254880,0.229431,1.122802,True
0.34,483,1.512993,0.611987,0.898004,True
0.34,484,2.325928,0.864687,0.620332,True
0.34,485,2.063875,0.605741,0.867999,True
0.34,486,2.687672,0.719135,0.602287,True
0.34,487,2.447046,0.683024,0.877399,True
0.34,488,1.816877,0.756018,0.597961,True
0.34,489,1.579143,0.585430,1.017086,True
0.34,490,4.557748,0.898621,0.586527,True
0.34,491,1.428513,0.610948,0.856354,True
0.34,492,1.704454,0.776636,0.930366,True
0.34,493,2.057420,0.866708,0.696447,True
0.34,494,1.019734,0.198335,1.074116,True
0.34,495,1.898422,0.576902,0.954123,True
0.34,496,2.020720,0.447988,1.028209,True
0.34,497,0.895892,0.277957,1.190518,True
0.34,498,2.450696,0.481242,0.900956,True
0.34,499,1.788167,0.437404,1.021784,True
0.36,0,2.227808,0.606714,0.823559,True
0.36,1,4.231529,0.586294,0.853682,True
0.36,2,2.411662,0.710022,0.881456,True
0.36,3,1.409363,0.528804,0.698384,True
0.36,4,1.426937,0.438486,1.131092,True
0.36,5,2.282397,0.712665,0.745459,True
0.36,6,1.082128,0.203340,1.303168,True
0.36,7,1.607584,0.480963,0.995730,True
0.36,8,2.762570,0.855661,0.653388,True
0.36,9,2.764337,0.661087,1.009326,True
0.36,10,2.698365,0.520789,0.834282,True
0.36,11,1.357445,0.309802,1.048221,True
0.36,12,2.011952,0.600068,0.893095,True
0.36,13,1.609496,0.298994,1.121218,True
0.36,14,1.594940,0.465795,1.249766,True
0.36,15,1.572938,0.454222,1.046720,True
0.36,16,2.008572,0.677298,0.901316,True
0.36,17,1.738418,0.894360,0.724487,True
0.36,18,1.683552,0.416681,1.027747,True
0.36,19,2.370497,0.829221,0.686474,True
0.36,20,2.462650,0.841519,0.736139,True
0.36,21,2.167433,0.842348,0.765098,True
0.36,22,1.567674,0.522144,1.090131,True
0.36,23,1.985693,0.744001,0.717190,True
0.36,24,1.806120,0.702703,0.776638,True
0.36,25,1.732629,0.445231,0.932000,True
0.36,26,1.333383,0.480474,0.971285,True
0.36,27,1.801160,0.374908,1.058689,True
0.36,28,1.403128,0.362325,1.017989,True
0.36,29,2.331267,1.012346,0.559617,True
0.36,30,1.214059,0.269680,1.200192,True
0.36,31,1.294830,0.434904,1.009602,True
0.36,32,2.250903,0.504626,0.752130,True
0.36,33,2.090720,0.834167,0.758100,True
0.36,34,1.726432,0.629299,0.890600,True
0.36,35,4.779230,0.776386,0.721928,True
0.36,36,1.603950,0.594325,0.838191,True
0.36,37,2.328438,0.806554,0.611210,True
0.36,38,2.092707,0.748362,0.892419,True
0.36,39,2.373327,0.644249,0.786636,True
0.36,40,2.515814,0.822795,0.707387,True
0.36,41,1.826695,0.695147,0.790911,True
0.36,42,1.447217,0.303496,1.056155,True
0.36,43,1.546921,0.755874,0.708757,True
0.36,44,1.505331,0.672251,0.836054,True
0.36,45,1.439620,0.493098,0.957432,True
0.36,46,2.922005,0.688931,0.849628,True
0.36,47,2.321928,0.885492,0.557985,True
0.36,48,2.249742,0.729488,0.746779,True
0.36,49,2.021925,0.599610,0.793618,True
0.36,50,1.993185,0.678807,0.724444,True
0.36,51,8.012198,0.517997,0.949987,True
0.36,52,1.455741,0.388969,0.968643,True
0.36,53,1.731532,0.535231,1.000718,True
0.36,54,2.602627,0.646658,0.850443,True
0.36,55,0.781559,0.211318,1.245686,True
0.36,56,2.220341,0.405403,1.077624,True
0.36,57,2.089441,0.709992,0.855042,True
0.36,58,2.313856,0.895547,0.541780,True
0.36,59,1.488628,0.578411,0.919558,True
0.36,60,1.907667,0.805450,0.796657,True
0.36,61,1.627014,0.502079,0.907804,True
0.36,62,1.377151,0.507166,1.034623,True
0.36,63,2.825831,0.499773,1.015624,True
0.36,64,3.645944,0.337516,1.101660,True
0.36,65,1.396035,0.734404,0.758069,True
0.36,66,1.860152,0.609159,0.989557,True
0.36,67,1.834754,0.402026,1.038416,True
0.36,68,4.259932,0.779555,0.596194,True
0.36,69,1.756164,0.436922,0.977219,True
0.36,70,1.692676,0.699175,0.739768,True
0.36,71,2.547493,0.834844,0.680191,True
0.36,72,1.756484,0.493688,0.742482,True
0.36,73,2.592965,0.608945,1.057320,True
0.36,74,1.959027,0.882825,0.701519,True
0.36,75,1.951619,0.496635,0.983993,True
0.36,76,2.505869,0.529005,0.877475,True
0.36,77,3.857652,0.642764,0.904527,True
0.36,78,1.380482,0.432617,1.064820,True
0.36,79,1.665215,0.526489,0.914096,True
0.36,80,1.600398,0.419308,1.116946,True
0.36,81,1.218798,0.208048,1.070346,True
0.36,82,5.836828,0.595719,0.988122,True
0.36,83,3.758034,0.604751,0.842232,True
0.36,84,1.360669,0.463625,1.021088,True
0.36,85,1.540935,0.451997,1.074519,True
0.36,86,1.216341,0.332461,1.088975,True
0.36,87,2.220082,0.985656,0.497490,True
0.36,88,0.877182,0.262433,1.333870,True
0.36,89,2.372517,0.648388,0.818409,True
0.36,90,1.545178,0.467061,1.029119,True
0.36,91,2.241062,0.692637,0.904235,True
0.36,92,2.810260,0.444146,1.038832,True
0.36,93,1.318254,0.387086,1.095706,True
0.36,94,2.249406,0.799614,0.787017,True
0.36,95,1.573484,0.305786,1.192170,True
0.36,96,1.635941,0.492202,0.910639,True
0.36,97,2.722528,0.468791,0.965590,True
0.36,98,1.821174,0.487316,0.949214,True
0.36,99,2.009329,0.465631,0.919937,True
0.36,100,2.170814,0.785651,0.632485,True
0.36,101,2.078596,0.624829,0.921803,True
0.36,102,1.453882,0.363335,1.107678,True
0.36,103,2.771856,0.558374,0.869333,True
0.36,104,0.967207,0.413816,0.966615,True
0.36,105,1.303367,0.315986,1.054069,True
0.36,106,1.221094,0.465672,0.834238,True
0.36,107,2.265293,0.505640,1.090448,True
0.36,108,2.138730,0.316115,1.080952,True
0.36,109,1.291820,0.351968,1.070705,True
0.36,110,1.825831,0.535102,0.852045,True
0.36,111,2.681923,0.748041,0.633095,True
0.36,112,2.012952,0.683242,0.820196,True
0.36,113,1.974739,0.846379,0.656194,True
0.36,114,1.643077,0.462212,0.904742,True
0.36,115,1.519418,0.425680,1.077849,True
0.36,116,1.571602,0.345216,1.068160,True
0.36,117,1.956419,0.852414,0.609662,True
0.36,118,1.840901,0.799633,0.621878,True
0.36,119,2.245270,0.546668,0.932082,True
0.36,120,2.228802,0.537394,0.975369,True
0.36,121,3.693245,0.552384,0.903329,True
0.36,122,2.012269,0.490792,0.991223,True
0.36,123,1.808330,0.622640,0.878685,True
0.36,124,3.755243,0.627977,0.812185,True
0.36,125,0.766489,0.289930,1.086823,True
0.36,126,5.106129,0.545769,0.746199,True
0.36,127,2.192350,0.782340,0.639279,True
0.36,128,2.186744,0.451387,1.008423,True
0.36,129,1.445444,0.485960,0.951846,True
0.36,130,1.912110,0.523744,0.875353,True
0.36,131,1.309770,0.575972,0.899597,True
0.36,132,2.467226,0.718737,0.801081,True
0.36,133,1.840168,0.545624,0.913377,True
0.36,134,1.493448,0.674022,0.886324,True
0.36,135,4.829918,0.514376,0.817633,True
0.36,136,1.845181,0.500494,1.017900,True
0.36,137,2.085138,0.585472,0.879900,True
0.36,138,2.093677,0.884125,0.588078,True
0.36,139,1.115740,0.370436,1.092926,True
0.36,140,1.938506,0.592493,0.924058,True
0.36,141,2.985342,0.642016,0.771866,True
0.36,142,2.045094,0.683616,0.870260,True
0.36,143,1.712404,0.639542,0.894362,True
0.36,144,0.790131,0.353961,1.023988,True
0.36,145,0.795723,0.221227,1.164561,True
0.36,146,3.992248,0.796502,0.574451,True
0.36,147,1.878262,0.663582,0.769917,True
0.36,148,1.585046,0.224008,1.135921,True
0.36,149,2.804834,0.821165,0.675807,True
0.36,150,3.519177,0.722248,0.611128,True
0.36,151,1.536588,0.489039,1.075054,True
0.36,152,1.545008,0.536179,0.990362,True
0.36,153,5.179459,0.616221,0.912727,True
0.36,154,1.445099,0.464736,0.852389,True
0.36,155,1.525091,0.606365,0.834011,True
0.36,156,1.337618,0.440819,1.057131,True
0.36,157,3.499802,0.482155,0.776398,True
0.36,158,1.299079,0.295923,1.060323,True
0.36,159,1.679721,0.516207,0.781484,True
0.36,160,1.496675,0.594136,0.849360,True
0.36,161,4.191071,0.558084,0.863436,True
0.36,162,1.725778,0.589064,0.953392,True
0.36,163,2.621840,0.556870,0.937528,True
0.36,164,2.144593,0.810961,0.648485,True
0.36,165,1.105029,0.348553,0.986235,True
0.36,166,4.607715,0.581538,0.928687,True
0.36,167,2.628733,0.820773,0.775562,True
0.36,168,1.936569,0.555073,1.038484,True
0.36,169,1.658397,0.619429,0.866803,True
0.36,170,2.636514,0.685057,0.701361,True
0.36,171,1.988986,0.728496,0.660034,True
0.36,172,1.821943,0.413602,0.959661,True
0.36,173,1.557172,0.416087,1.134871,True
0.36,174,1.677592,0.487905,1.098226,True
0.36,175,1.904294,0.560993,0.909791,True
0.36,176,2.072977,0.401941,1.173329,True
0.36,177,1.781975,0.621752,0.961888,True
0.36,178,2.452098,0.859156,0.750777,True
0.36,179,3.961098,0.636323,0.747067,True
0.36,180,1.654760,0.631057,1.068190,True
0.36,181,1.396884,0.608479,1.006057,True
0.36,182,8.191854,0.540073,0.980095,True
0.36,183,1.754416,0.673133,0.828131,True
0.36,184,2.169529,0.715402,0.874940,True
0.36,185,1.094132,0.345792,1.180883,True
0.36,186,2.154458,0.746092,0.792264,True
0.36,187,1.554910,0.674774,0.853330,True
0.36,188,2.412508,0.727801,0.679816,True
0.36,189,1.484180,0.343006,1.039225,True
0.36,190,1.966612,0.604414,0.870646,True
0.36,191,3.896880,0.580860,0.918707,True
0.36,192,1.941935,0.856540,0.699257,True
0.36,193,1.249822,0.376736,1.064163,True
0.36,194,1.197681,0.337375,1.155639,True
0.36,195,2.244901,0.731623,0.841420,True
0.36,196,1.894511,0.384750,1.029766,True
0.36,197,2.083829,0.713430,0.747828,True
0.36,198,2.181414,0.590973,1.010593,True
0.36,199,2.280690,0.586949,1.037844,True
0.36,200,1.549827,0.322230,1.147252,True
0.36,201,1.761035,0.530835,0.975020,True
0.36,202,1.356684,0.342591,1.134879,True
0.36,203,1.172470,0.545092,0.882073,True
0.36,204,1.412434,0.318079,1.186439,True
0.36,205,2.445306,0.601769,1.009621,True
0.36,206,1.873319,0.542184,0.878971,True
0.36,207,2.251774,0.578033,0.866338,True
0.36,208,0.883165,0.346446,0.932435,True
0.36,209,1.618752,0.432749,1.161795,True
0.36,210,1.468032,0.398647,1.093320,True
0.36,211,1.960532,0.509473,0.963077,True
0.36,212,0.708392,0.153285,1.275482,True
0.36,213,1.455766,0.359566,1.078672,True
0.36,214,1.314385,0.589227,0.875948,True
0.36,215,2.347364,1.008380,0.546593,True
0.36,216,1.045687,0.341556,1.112840,True
0.36,217,2.170651,0.597579,0.841467,True
0.36,218,3.783211,0.545835,0.834478,True
0.36,219,1.411770,0.625042,0.788789,True
0.36,220,2.099729,0.677023,0.874723,True
0.36,221,2.145011,0.498464,0.969970,True
0.36,222,2.221436,0.806951,0.553811,True
0.36,223,1.676551,0.446723,0.999675,True
0.36,224,3.659692,0.412520,0.974106,True
0.36,225,1.198659,0.278089,1.247247,True
0.36,226,1.528785,0.251982,1.296830,True
0.36,227,1.698960,0.323053,1.020042,True
0.36,228,2.504867,0.565602,0.821023,True
0.36,229,1.690790,0.529818,0.966031,True
0.36,230,1.358903,0.435853,1.142537,True
0.36,231,2.692990,0.754368,0.781137,True
0.36,232,1.615417,0.639231,0.889766,True
0.36,233,0.932558,0.297688,1.069134,True
0.36,234,1.337788,0.365243,1.105061,True
0.36,235,2.372442,0.951654,0.635448,True
0.36,236,1.840491,0.532180,0.968028,True
0.36,237,2.291346,0.406919,1.055635,True
0.36,238,1.182509,0.377316,1.194218,True
0.36,239,1.793970,0.507721,0.975354,True
0.36,240,2.497976,0.787565,0.642255,True
0.36,241,1.843966,0.785592,0.641053,True
0.36,242,1.914417,0.836280,0.771723,True
0.36,243,1.005580,0.250210,1.175502,True
0.36,244,1.783604,0.773805,0.700182,True
0.36,245,1.465315,0.251182,1.134770,True
0.36,246,1.402280,0.434258,0.958824,True
0.36,247,2.041453,0.532420,1.022991,True
0.36,248,1.892089,0.306750,1.055748,True
0.36,249,2.032052,0.600679,0.867874,True
0.36,250,1.204023,0.379936,0.949242,True
0.36,251,2.185364,0.507151,0.885474,True
0.36,252,1.256410,0.403243,1.071607,True
0.36,253,6.164693,0.734004,0.756432,True
0.36,254,1.681413,0.397842,1.024614,True
0.36,255,1.701720,0.575000,0.869847,True
0.36,256,5.265095,0.617632,0.775045,True
0.36,257,2.503023,0.763000,0.677904,True
0.36,258,3.707607,0.504880,0.953652,True
0.36,259,4.384053,0.676298,0.824736,True
0.36,260,1.965504,0.732955,0.745790,True
0.36,261,3.542181,0.618543,0.907887,True
0.36,262,1.749380,0.260616,1.175561,True
0.36,263,1.972430,0.557811,0.854863,True
0.36,264,1.757649,0.648926,0.768169,True
0.36,265,1.960161,0.731817,0.726560,True
0.36,266,1.607791,0.554581,0.981118,True
0.36,267,1.297329,0.354585,1.069092,True
0.36,268,2.364232,0.654440,0.818204,True
0.36,269,2.737614,0.538153,0.967499,True
0.36,270,2.133331,0.467620,1.023215,True
0.36,271,1.517213,0.357951,1.212306,True
0.36,272,2.363022,0.830742,0.558722,True
0.36,273,2.148885,0.556444,1.050547,True
0.36,274,1.266254,0.408716,1.005987,True
0.36,275,2.619799,0.524290,0.868777,True
0.36,276,1.517245,0.598467,0.913952,True
0.36,277,5.884060,0.614974,0.782207,True
0.36,278,2.226942,0.571368,0.912948,True
0.36,279,0.925915,0.293691,1.086068,True
0.36,280,1.808683,0.551345,0.921203,True
0.36,281,1.988369,0.829224,0.764968,True
0.36,282,1.530862,0.510386,0.902781,True
0.36,283,1.497761,0.373837,1.126438,True
0.36,284,1.829753,0.672144,0.704098,True
0.36,285,1.470696,0.574933,0.817423,True
0.36,286,1.622436,0.465355,1.014831,True
0.36,287,1.505918,0.608095,0.856109,True
0.36,288,3.639572,0.549812,0.857752,True
0.36,289,0.872132,0.322702,0.999244,True
0.36,290,1.076714,0.349666,1.127833,True
0.36,291,2.479551,0.762599,0.643635,True
0.36,292,1.658267,0.684011,0.842959,True
0.36,293,1.668535,0.483088,0.953227,True
0.36,294,1.951627,0.333633,1.173104,True
0.36,295,1.695843,0.549008,0.906032,True
0.36,296,2.005130,0.440021,0.992256,True
0.36,297,2.442552,0.795973,0.679153,True
0.36,298,1.168405,0.310895,1.064260,True
0.36,299,1.447605,0.351708,1.070475,True
0.36,300,1.317811,0.335402,1.075784,True
0.36,301,1.536556,0.484043,0.970237,True
0.36,302,1.432815,0.367157,1.093735,True
0.36,303,2.190995,0.643585,0.767664,True
0.36,304,1.944330,0.662643,0.789776,True
0.36,305,1.320860,0.602878,0.922764,True
0.36,306,2.216970,0.691311,0.788331,True
0.36,307,2.499401,0.775712,0.560212,True
0.36,308,1.139362,0.381534,1.025895,True
0.36,309,1.819950,0.365134,1.099720,True
0.36,310,1.368282,0.269400,1.153352,True
0.36,311,1.922745,0.825044,0.635323,True
0.36,312,1.353227,0.240585,1.182386,True
0.36,313,2.366727,0.321244,1.133111,True
0.36,314,1.624841,0.612423,0.736858,True
0.36,315,2.110917,0.762443,0.682909,True
0.36,316,1.503448,0.335214,1.270810,True
0.36,317,2.269697,0.860739,0.655210,True
0.36,318,2.274321,0.753132,0.755629,True
0.36,319,1.800669,0.754396,0.645134,True
0.36,320,1.981415,0.562863,1.016402,True
0.36,321,1.782935,0.596650,0.969131,True
0.36,322,1.460555,0.464451,0.957106,True
0.36,323,2.212030,0.943268,0.583001,True
0.36,324,1.646794,0.410182,1.085919,True
0.36,325,1.270120,0.470904,0.898005,True
0.36,326,2.240308,0.759902,0.737214,True
0.36,327,2.324509,0.711421,0.632911,True
0.36,328,2.076599,0.687501,0.734101,True
0.36,329,4.747047,0.493674,0.897022,True
0.36,330,2.298119,0.852116,0.582431,True
0.36,331,1.333758,0.284595,1.234219,True
0.36,332,1.930428,0.748963,0.640498,True
0.36,333,1.007031,0.232686,1.033759,True
0.36,334,2.210056,0.356002,1.071065,True
0.36,335,1.990252,0.848464,0.653636,True
0.36,336,2.299661,0.595827,0.955522,True
0.36,337,1.329310,0.296728,1.281861,True
0.36,338,1.401093,0.497766,0.863823,True
0.36,339,3.958980,0.720841,0.739529,True
0.36,340,1.853635,0.419687,1.069271,True
0.36,341,1.624245,0.448959,1.122237,True
0.36,342,0.841997,0.368412,0.971623,True
0.36,343,2.037087,0.568282,0.930320,True
0.36,344,2.168632,0.965116,0.610122,True
0.36,345,2.320277,0.720759,0.807106,True
0.36,346,2.132232,0.831083,0.672683,True
0.36,347,1.021268,0.279866,1.047938,True
0.36,348,2.049228,0.523870,1.018047,True
0.36,349,3.451707,0.665224,0.757104,True
0.36,350,1.459835,0.370689,1.088222,True
0.36,351,2.200642,0.960914,0.597762,True
0.36,352,1.408690,0.321202,1.089771,True
0.36,353,2.325416,0.496491,1.001897,True
0.36,354,2.279862,0.616600,0.889318,True
0.36,355,1.619827,0.503314,0.882125,True
0.36,356,1.043559,0.186727,1.266879,True
0.36,357,1.855762,0.684347,0.590191,True
0.36,358,1.041652,0.335124,1.099057,True
0.36,359,1.529971,0.541346,0.991641,True
0.36,360,1.363824,0.485323,0.903200,True
0.36,361,2.220377,0.550855,0.920631,True
0.36,362,1.760833,0.338905,1.057076,True
0.36,363,1.648340,0.541011,0.862697,True
0.36,364,1.575998,0.557308,0.735049,True
0.36,365,1.414518,0.300374,1.203463,True
0.36,366,1.621149,0.302700,1.318857,True
0.36,367,1.969723,0.436369,0.943734,True
0.36,368,1.588824,0.638530,0.775680,True
0.36,369,1.587408,0.477743,1.030472,True
0.36,370,2.546544,0.644195,0.781203,True
0.36,371,3.035471,0.585950,0.830604,True
0.36,372,1.566450,0.597489,1.146952,True
0.36,373,2.074627,0.648421,0.704504,True
0.36,374,3.543006,0.515044,0.883107,True
0.36,375,4.237581,0.658663,0.752429,True
0.36,376,2.392676,0.625166,0.762113,True
0.36,377,5.276610,0.669249,0.806628,True
0.36,378,2.348288,0.509951,0.970183,True
0.36,379,2.091697,0.643973,0.824845,True
0.36,380,2.833526,0.696272,0.861851,True
0.36,381,1.357108,0.416424,0.961291,True
0.36,382,1.534564,0.436351,1.018239,True
0.36,383,1.208098,0.368193,1.150609,True
0.36,384,1.522128,0.611557,0.940734,True
0.36,385,1.893336,0.783167,0.624092,True
0.36,386,2.268949,0.371712,1.107292,True
0.36,387,7.244806,0.442930,1.074323,True
0.36,388,1.113899,0.392382,0.959362,True
0.36,389,3.625147,0.387934,1.012364,True
0.36,390,1.164940,0.187613,1.156399,True
0.36,391,1.817378,0.545008,0.967581,True
0.36,392,1.677404,0.393382,1.235486,True
0.36,393,1.493651,0.498960,0.895654,True
0.36,394,1.054761,0.295963,1.070110,True
0.36,395,1.180772,0.424597,1.105727,True
0.36,396,1.604558,0.564177,0.954880,True
0.36,397,1.052325,0.384116,1.004147,True
0.36,398,1.980096,0.373797,1.010947,True
0.36,399,1.956231,0.659017,0.778383,True
0.36,400,2.795360,0.669159,0.815751,True
0.36,401,2.955029,0.659571,0.891990,True
0.36,402,1.618204,0.424420,0.957755,True
0.36,403,1.957266,0.626288,0.989908,True
0.36,404,1.725480,0.505605,0.986116,True
0.36,405,1.263606,0.489793,0.879116,True
0.36,406,1.841378,0.660602,0.882428,True
0.36,407,2.605350,0.817035,0.762978,True
0.36,408,1.791787,0.638902,0.806194,True
0.36,409,1.890033,0.348246,1.044357,True
0.36,410,1.789696,0.496796,1.009726,True
0.36,411,1.346439,0.400254,1.015644,True
0.36,412,2.694268,0.651316,0.855448,True
0.36,413,1.379453,0.429416,0.982563,True
0.36,414,2.196400,0.835193,0.625357,True
0.36,415,2.346211,0.535080,1.010405,True
0.36,416,2.266304,0.665920,0.958899,True
0.36,417,4.877126,0.537779,0.917660,True
0.36,418,1.909341,0.527613,0.918847,True
0.36,419,2.316404,0.595248,0.914282,True
0.36,420,2.930695,0.754298,0.846032,True
0.36,421,1.626770,0.530418,0.793737,True
0.36,422,2.395769,0.764909,0.746740,True
0.36,423,2.047932,0.469169,1.061412,True
0.36,424,1.994804,0.711037,0.710508,True
0.36,425,2.706745,0.354992,1.116437,True
0.36,426,2.177051,0.410659,1.073237,True
0.36,427,1.987202,0.726297,0.794954,True
0.36,428,1.543879,0.593350,0.913400,True
0.36,429,2.153027,0.853551,0.735885,True
0.36,430,2.195997,0.840968,0.762863,True
0.36,431,1.642657,0.518220,0.945358,True
0.36,432,1.931212,0.706661,0.810792,True
0.36,433,2.629071,0.585380,0.731738,True
0.36,434,2.642348,0.689446,0.825029,True
0.36,435,1.451299,0.404828,1.138645,True
0.36,436,2.244396,0.571649,0.790349,True
0.36,437,2.703860,0.572675,0.826285,True
0.36,438,1.330500,0.670863,0.745390,True
0.36,439,2.069224,0.685403,0.802923,True
0.36,440,1.764195,0.502864,0.955104,True
0.36,441,0.784591,0.385953,0.901761,True
0.36,442,1.758678,0.493831,1.039740,True
0.36,443,4.162228,0.447996,0.952011,True
0.36,444,1.801534,0.594319,0.908952,True
0.36,445,1.863767,0.506015,0.941341,True
0.36,446,1.878226,0.464761,1.129259,True
0.36,447,2.874416,0.754894,0.728621,True
0.36,448,1.285820,0.559447,0.939738,True
0.36,449,2.001499,0.484406,0.891302,True
0.36,450,1.252850,0.241787,1.268175,True
0.36,451,1.173739,0.530326,1.055502,True
0.36,452,1.780641,0.638098,0.987015,True
0.36,453,2.345739,0.781628,0.744829,True
0.36,454,1.369455,0.392826,1.098559,True
0.36,455,3.449539,0.706050,0.682429,True
0.36,456,1.500883,0.429504,0.998206,True
0.36,457,2.329560,0.505944,0.981896,True
0.36,458,1.473986,0.351032,1.149704,True
0.36,459,2.062875,0.618835,0.856623,True
0.36,460,1.427204,0.436857,0.944155,True
0.36,461,1.320353,0.705857,0.762580,True
0.36,462,0.968111,0.283598,1.116037,True
0.36,463,2.198569,0.294814,1.170660,True
0.36,464,1.474584,0.465711,0.932716,True
0.36,465,2.312915,0.661206,0.896116,True
0.36,466,2.247574,0.394188,0.847124,True
0.36,467,1.859588,0.645141,0.936981,True
0.36,468,1.847138,0.661032,0.866353,True
0.36,469,1.127108,0.386767,0.847958,True
0.36,470,1.026387,0.250985,1.146039,True
0.36,471,1.620021,0.434238,1.067997,True
0.36,472,1.422012,0.482694,0.980029,True
0.36,473,1.581247,0.460813,0.998933,True
0.36,474,1.944509,0.752675,0.593690,True
0.36,475,5.508309,0.613462,0.742306,True
0.36,476,1.546124,0.411536,0.916030,True
0.36,477,1.515760,0.496982,0.920308,True
0.36,478,1.205610,0.426031,1.064222,True
0.36,479,1.487005,0.699519,0.715223,True
0.36,480,2.102350,0.735515,0.784925,True
0.36,481,1.365108,0.538671,0.891080,True
0.36,482,1.237469,0.227527,1.124129,True
0.36,483,1.490842,0.607057,0.902227,True
0.36,484,2.297627,0.852449,0.630589,True
0.36,485,2.036083,0.599534,0.873521,True
0.36,486,2.668016,0.702880,0.615241,True
0.36,487,2.418831,0.671974,0.886547,True
0.36,488,1.794690,0.749458,0.603618,True
0.36,489,1.557755,0.581188,1.020888,True
0.36,490,4.557748,0.898621,0.586527,True
0.36,491,1.415001,0.608146,0.858869,True
0.36,492,1.678642,0.769072,0.936826,True
0.36,493,2.033955,0.858213,0.703757,True
0.36,494,1.014449,0.197716,1.074462,True
0.36,495,1.870996,0.571593,0.958950,True
0.36,496,1.998937,0.443712,1.031836,True
0.36,497,0.891906,0.277590,1.190788,True
0.36,498,2.421888,0.473551,0.907355,True
0.36,499,1.764556,0.433602,1.025120,True
0.38,0,2.200517,0.599327,0.829860,True
0.38,1,4.231529,0.586294,0.853682,True
0.38,2,2.383301,0.699275,0.890429,True
0.38,3,1.399972,0.526964,0.699976,True
0.38,4,1.418117,0.436889,1.132409,True
0.38,5,2.258248,0.703212,0.753246,True
0.38,6,1.075714,0.202801,1.303560,True
0.38,7,1.586147,0.477463,0.998863,True
0.38,8,2.759308,0.830692,0.672617,True
0.38,9,2.759981,0.641958,1.024090,True
0.38,10,2.693677,0.505826,0.845740,True
0.38,11,1.351082,0.308818,1.048961,True
0.38,12,1.988640,0.594316,0.898045,True
0.38,13,1.592801,0.296941,1.122928,True
0.38,14,1.578684,0.462934,1.252235,True
0.38,15,1.562027,0.452356,1.048347,True
0.38,16,1.981604,0.670693,0.907205,True
0.38,17,1.716152,0.887704,0.730560,True
0.38,18,1.667960,0.414169,1.029921,True
0.38,19,2.343821,0.817175,0.696474,True
0.38,20,2.442378,0.826508,0.748023,True
0.38,21,2.141163,0.832740,0.773313,True
0.38,22,1.555534,0.519717,1.092227,True
0.38,23,1.961062,0.737188,0.723229,True
0.38,24,1.785744,0.697134,0.781459,True
0.38,25,1.715471,0.442504,0.934442,True
0.38,26,1.323610,0.478612,0.972813,True
0.38,27,1.778597,0.371420,1.061625,True
0.38,28,1.394747,0.361065,1.019024,True
0.38,29,2.307481,0.998101,0.571277,True
0.38,30,1.201645,0.268551,1.201159,True
0.38,31,1.283729,0.433374,1.011006,True
0.38,32,2.223836,0.498235,0.757532,True
0.38,33,2.065317,0.825081,0.765848,True
0.38,34,1.709956,0.625486,0.893974,True
0.38,35,4.779230,0.776386,0.721928,True
0.38,36,1.589125,0.590985,0.841084,True
0.38,37,2.300754,0.795353,0.620601,True
0.38,38,2.067217,0.740032,0.899488,True
0.38,39,2.349636,0.634571,0.794506,True
0.38,40,2.494017,0.807426,0.719649,True
0.38,41,1.803317,0.689536,0.795987,True
0.38,42,1.439511,0.302519,1.056963,True
0.38,43,1.532657,0.751858,0.712244,True
0.38,44,1.491887,0.668992,0.838918,True
0.38,45,1.423159,0.490339,0.959878,True
0.38,46,3.386045,0.574280,0.933355,True
0.38,47,2.295852,0.873186,0.568195,True
0.38,48,2.227573,0.720159,0.754387,True
0.38,49,1.996716,0.593274,0.799017,True
0.38,50,1.970211,0.672413,0.729947,True
0.38,51,8.012198,0.517997,0.949987,True
0.38,52,1.449095,0.387917,0.969524,True
0.38,53,1.719279,0.531888,1.003384,True
0.38,54,2.586369,0.632489,0.861541,True
0.38,55,0.780309,0.211247,1.245742,True
0.38,56,2.194926,0.400479,1.081765,True
0.38,57,2.064616,0.702524,0.861439,True
0.38,58,2.291603,0.882348,0.552391,True
0.38,59,1.473421,0.575295,0.922299,True
0.38,60,1.883807,0.797910,0.803164,True
0.38,61,1.607576,0.498645,0.910849,True
0.38,62,1.370119,0.505813,1.035779,True
0.38,63,2.843851,0.480674,1.030048,True
0.38,64,3.645944,0.337516,1.101660,True
0.38,65,1.382629,0.730976,0.761086,True
0.38,66,1.836155,0.604120,0.994117,True
0.38,67,1.813816,0.399029,1.041105,True
0.38,68,4.259932,0.779555,0.596194,True
0.38,69,1.741986,0.434289,0.979444,True
0.38,70,1.678136,0.695133,0.743237,True
0.38,71,2.525891,0.818575,0.693162,True
0.38,72,1.739559,0.489942,0.745568,True
0.38,73,2.576482,0.595443,1.067876,True
0.38,74,1.934128,0.874329,0.708904,True
0.38,75,1.926480,0.491626,0.988287,True
0.38,76,2.484370,0.519335,0.885191,True
0.38,77,3.857652,0.642764,0.904527,True
0.38,78,1.374521,0.431536,1.065704,True
0.38,79,1.642705,0.522322,0.917765,True
0.38,80,1.587040,0.417235,1.118765,True
0.38,81,1.212460,0.207540,1.070760,True
0.38,82,5.836828,0.595719,0.988122,True
0.38,83,3.758034,0.604751,0.842232,True
0.38,84,1.355469,0.462396,1.022011,True
0.38,85,1.528227,0.449892,1.076364,True
0.38,86,1.208974,0.331501,1.089744,True
0.38,87,2.195539,0.973697,0.507483,True
0.38,88,0.876098,0.262301,1.333949,True
0.38,89,2.345122,0.638821,0.826361,True
0.38,90,1.527460,0.464419,1.031570,True
0.38,91,2.216511,0.683957,0.911454,True
0.38,92,2.818732,0.427928,1.051193,True
0.38,93,1.309840,0.385862,1.096738,True
0.38,94,2.224258,0.789108,0.795714,True
0.38,95,1.561755,0.304360,1.193384,True
0.38,96,1.618042,0.489223,0.913348,True
0.38,97,2.711999,0.456511,0.975149,True
0.38,98,1.801255,0.483426,0.952552,True
0.38,99,1.982801,0.460848,0.924104,True
0.38,100,2.146433,0.776612,0.640084,True
0.38,101,2.056633,0.618597,0.927063,True
0.38,102,1.446317,0.362089,1.108672,True
0.38,103,3.393424,0.442179,0.952598,True
0.38,104,0.964072,0.413388,0.966959,True
0.38,105,1.299331,0.315313,1.054562,True
0.38,106,1.206533,0.463479,0.836155,True
0.38,107,2.237897,0.499196,1.095908,True
0.38,108,2.116972,0.312557,1.083885,True
0.38,109,1.275668,0.349769,1.072462,True
0.38,110,1.804462,0.531069,0.855668,True
0.38,111,2.672023,0.729218,0.647671,True
0.38,112,1.992866,0.676954,0.825470,True
0.38,113,1.951846,0.838720,0.662855,True
0.38,114,1.626920,0.458956,0.907409,True
0.38,115,1.511524,0.424166,1.079078,True
0.38,116,1.561625,0.343724,1.069394,True
0.38,117,1.929584,0.844397,0.616862,True
0.38,118,1.824031,0.793960,0.626704,True
0.38,119,2.217411,0.539856,0.937893,True
0.38,120,2.202712,0.530699,0.980999,True
0.38,121,3.693245,0.552384,0.903329,True
0.38,122,1.991320,0.486207,0.995093,True
0.38,123,1.791717,0.618296,0.882373,True
0.38,124,3.755243,0.627977,0.812185,True
0.38,125,0.765634,0.289837,1.086879,True
0.38,126,5.106129,0.545769,0.746199,True
0.38,127,2.166889,0.773179,0.647032,True
0.38,128,2.161122,0.446192,1.012841,True
0.38,129,1.432200,0.483700,0.953842,True
0.38,130,1.892957,0.519247,0.879117,True
0.38,131,1.297134,0.573465,0.901782,True
0.38,132,2.445565,0.706264,0.811055,True
0.38,133,1.818424,0.541262,0.917235,True
0.38,134,1.482296,0.671202,0.888768,True
0.38,135,4.829918,0.514376,0.817633,True
0.38,136,1.832377,0.496674,1.020879,True
0.38,137,2.060700,0.579429,0.885087,True
0.38,138,2.069794,0.873883,0.596561,True
0.38,139,1.107943,0.369301,1.093789,True
0.38,140,1.914192,0.586173,0.929334,True
0.38,141,3.288032,0.558853,0.833566,True
0.38,142,2.024601,0.676641,0.876002,True
0.38,143,1.694998,0.635618,0.897888,True
0.38,144,0.788875,0.353862,1.024082,True
0.38,145,0.794488,0.221135,1.164622,True
0.38,146,3.992248,0.796502,0.574451,True
0.38,147,1.854756,0.658054,0.774875,True
0.38,148,1.566541,0.222426,1.137269,True
0.38,149,2.813470,0.791509,0.698386,True
0.38,150,3.519177,0.722248,0.611128,True
0.38,151,1.521444,0.486179,1.077486,True
0.38,152,1.535230,0.533993,0.992189,True
0.38,153,5.179459,0.616221,0.912727,True
0.38,154,1.437707,0.463308,0.853571,True
0.38,155,1.508986,0.603012,0.837016,True
0.38,156,1.330172,0.439407,1.058253,True
0.38,157,3.499802,0.482155,0.776398,True
0.38,158,1.284200,0.294567,1.061571,True
0.38,159,1.663821,0.513266,0.784109,True
0.38,160,1.487633,0.592051,0.851147,True
0.38,161,4.191071,0.558084,0.863436,True
0.38,162,1.704132,0.584516,0.957426,True
0.38,163,2.607535,0.544407,0.947254,True
0.38,164,2.117453,0.801997,0.656258,True
0.38,165,1.101536,0.348120,0.986594,True
0.38,166,4.607715,0.581538,0.928687,True
0.38,167,2.609038,0.803130,0.789574,True
0.38,168,1.918018,0.550548,1.042305,True
0.38,169,1.640209,0.615229,0.870463,True
0.38,170,2.618322,0.669921,0.713322,True
0.38,171,1.964087,0.721730,0.666025,True
0.38,172,1.806001,0.410727,0.962077,True
0.38,173,1.541010,0.413775,1.136950,True
0.38,174,1.659033,0.484670,1.101098,True
0.38,175,1.886857,0.556457,0.913556,True
0.38,176,2.046465,0.397249,1.177286,True
0.38,177,1.763999,0.617367,0.965680,True
0.38,178,2.434844,0.844006,0.762639,True
0.38,179,3.961098,0.636323,0.747067,True
0.38,180,1.634736,0.626770,1.072068,True
0.38,181,1.386562,0.606259,1.008014,True
0.38,182,8.191854,0.540073,0.980095,True
0.38,183,1.732867,0.668269,0.832562,True
0.38,184,2.140737,0.707177,0.882115,True
0.38,185,1.087283,0.345012,1.181548,True
0.38,186,2.127762,0.737321,0.799720,True
0.38,187,1.532463,0.669607,0.857893,True
0.38,188,2.394504,0.714092,0.690453,True
0.38,189,1.474903,0.341659,1.040332,True
0.38,190,1.945367,0.599166,0.875171,True
0.38,191,3.896880,0.580860,0.918707,True
0.38,192,1.915714,0.848306,0.706526,True
0.38,193,1.237911,0.375085,1.065527,True
0.38,194,1.190952,0.336487,1.156348,True
0.38,195,2.219094,0.722259,0.849245,True
0.38,196,1.869841,0.381406,1.032773,True
0.38,197,2.059362,0.706053,0.754156,True
0.38,198,2.158875,0.582491,1.017320,True
0.38,199,2.252853,0.579223,1.044371,True
0.38,200,1.541509,0.321014,1.148239,True
0.38,201,1.740199,0.526628,0.978668,True
0.38,202,1.342193,0.340967,1.136343,True
0.38,203,1.163986,0.543510,0.883421,True
0.38,204,1.404954,0.317160,1.187222,True
0.38,205,2.426839,0.591091,1.018001,True
0.38,206,1.848216,0.537480,0.883217,True
0.38,207,2.223984,0.570484,0.872704,True
0.38,208,0.881940,0.346292,0.932544,True
0.38,209,1.606856,0.430665,1.163567,True
0.38,210,1.459505,0.397305,1.094456,True
0.38,211,1.944475,0.504817,0.966779,True
0.38,212,0.707945,0.153247,1.275497,True
0.38,213,1.447706,0.358208,1.079741,True
0.38,214,1.308298,0.587885,0.877090,True
0.38,215,2.324490,0.993657,0.558534,True
0.38,216,1.039433,0.340820,1.113432,True
0.38,217,2.142826,0.590547,0.847508,True
0.38,218,3.783211,0.545835,0.834478,True
0.38,219,1.395837,0.621273,0.791947,True
0.38,220,2.070358,0.669725,0.881219,True
0.38,221,2.124860,0.492566,0.974719,True
0.38,222,2.194234,0.796966,0.562282,True
0.38,223,1.656830,0.443546,1.002476,True
0.38,224,3.659692,0.412520,0.974106,True
0.38,225,1.193556,0.277523,1.247702,True
0.38,226,1.505580,0.249486,1.298794,True
0.38,227,1.686471,0.321292,1.021510,True
0.38,228,2.481092,0.555519,0.829160,True
0.38,229,1.671136,0.526314,0.969222,True
0.38,230,1.352938,0.434600,1.143496,True
0.38,231,2.689482,0.733395,0.797159,True
0.38,232,1.603120,0.636293,0.892340,True
0.38,233,0.931128,0.297539,1.069247,True
0.38,234,1.328763,0.363860,1.106165,True
0.38,235,2.345397,0.937771,0.646988,True
0.38,236,1.822988,0.528358,0.971303,True
0.38,237,2.263840,0.401477,1.060210,True
0.38,238,1.170832,0.375761,1.195502,True
0.38,239,1.768882,0.502571,0.979667,True
0.38,240,2.473665,0.773669,0.653496,True
0.38,241,1.819991,0.779220,0.646867,True
0.38,242,1.889762,0.829010,0.778248,True
0.38,243,0.999096,0.249504,1.175969,True
0.38,244,1.763535,0.768296,0.705119,True
0.38,245,1.451173,0.249924,1.135877,True
0.38,246,1.392446,0.432543,0.960242,True
0.38,247,2.014613,0.527130,1.027679,True
0.38,248,1.869524,0.304055,1.058087,True
0.38,249,2.011442,0.594886,0.872713,True
0.38,250,1.192926,0.378317,0.950525,True
0.38,251,2.157310,0.501237,0.890582,True
0.38,252,1.250999,0.402389,1.072310,True
0.38,253,6.164693,0.734004,0.756432,True
0.38,254,1.663425,0.394689,1.027187,True
0.38,255,1.687652,0.571412,0.872811,True
0.38,256,5.265095,0.617632,0.775045,True
0.38,257,2.479240,0.749420,0.688863,True
0.38,258,3.707607,0.504880,0.953652,True
0.38,259,4.384053,0.676298,0.824736,True
0.38,260,1.943398,0.726562,0.751357,True
0.38,261,3.542181,0.618543,0.907887,True
0.38,262,1.739406,0.258613,1.177014,True
0.38,263,1.953750,0.552420,0.859234,True
0.38,264,1.737554,0.644130,0.772392,True
0.38,265,1.935112,0.725251,0.732433,True
0.38,266,1.592587,0.551578,0.983792,True
0.38,267,1.290642,0.353652,1.069861,True
0.38,268,2.338080,0.644872,0.826109,True
0.38,269,2.738027,0.522134,0.979717,True
0.38,270,2.108612,0.461821,1.027993,True
0.38,271,1.504934,0.356182,1.213795,True
0.38,272,2.342433,0.817915,0.568943,True
0.38,273,2.122327,0.549463,1.056372,True
0.38,274,1.261436,0.407795,1.006685,True
0.38,275,2.603875,0.512873,0.877737,True
0.38,276,1.506684,0.595680,0.916215,True
0.38,277,5.884060,0.614974,0.782207,True
0.38,278,2.201402,0.564426,0.918794,True
0.38,279,0.923472,0.293449,1.086253,True
0.38,280,1.786017,0.546455,0.925397,True
0.38,281,1.967335,0.821984,0.771194,True
0.38,282,1.512545,0.506676,0.905864,True
0.38,283,1.488023,0.371853,1.127919,True
0.38,284,1.813364,0.667515,0.708036,True
0.38,285,1.456633,0.572241,0.819872,True
0.38,286,1.601114,0.460932,1.018347,True
0.38,287,1.493843,0.605341,0.858492,True
0.38,288,3.639572,0.549812,0.857752,True
0.38,289,0.870481,0.322495,0.999382,True
0.38,290,1.072288,0.349069,1.128291,True
0.38,291,2.460139,0.748881,0.654487,True
0.38,292,1.634889,0.677738,0.848226,True
0.38,293,1.651169,0.479820,0.956030,True
0.38,294,1.934472,0.330757,1.175453,True
0.38,295,1.674185,0.545100,0.909617,True
0.38,296,1.984802,0.436127,0.995567,True
0.38,297,2.425773,0.780905,0.690843,True
0.38,298,1.161504,0.310187,1.064884,True
0.38,299,1.440026,0.350517,1.071433,True
0.38,300,1.308740,0.334390,1.076698,True
0.38,301,1.520931,0.481491,0.972550,True
0.38,302,1.425570,0.365919,1.094711,True
0.38,303,2.171122,0.635383,0.774197,True
0.38,304,1.920244,0.655461,0.795733,True
0.38,305,1.314997,0.601554,0.923892,True
0.38,306,2.192914,0.682575,0.795543,True
0.38,307,2.478265,0.761832,0.571296,True
0.38,308,1.133853,0.380766,1.026522,True
0.38,309,1.797695,0.361617,1.102639,True
0.38,310,1.362194,0.268642,1.153944,True
0.38,311,1.899315,0.817652,0.641780,True
0.38,312,1.348209,0.240058,1.182809,True
0.38,313,2.340198,0.316526,1.137015,True
0.38,314,1.610719,0.609240,0.739660,True
0.38,315,2.084420,0.752817,0.690890,True
0.38,316,1.483878,0.332855,1.272845,True
0.38,317,2.241490,0.849532,0.664714,True
0.38,318,2.251703,0.741373,0.764957,True
0.38,319,1.776134,0.747146,0.651324,True
0.38,320,1.960578,0.557996,1.020587,True
0.38,321,1.759867,0.591417,0.973661,True
0.38,322,1.453788,0.462920,0.958299,True
0.38,323,2.185535,0.931116,0.593147,True
0.38,324,1.636861,0.408313,1.087448,True
0.38,325,1.254110,0.467908,0.900340,True
0.38,326,2.213227,0.750485,0.745208,True
0.38,327,2.297822,0.701663,0.641061,True
0.38,328,2.050502,0.680444,0.740265,True
0.38,329,4.747047,0.493674,0.897022,True
0.38,330,2.273835,0.840517,0.591963,True
0.38,331,1.317728,0.282431,1.235787,True
0.38,332,1.907175,0.742560,0.646182,True
0.38,333,0.999669,0.232056,1.034224,True
0.38,334,2.185338,0.351667,1.074685,True
0.38,335,1.964060,0.840105,0.660992,True
0.38,336,2.272057,0.587902,0.962206,True
0.38,337,1.315839,0.294872,1.283235,True
0.38,338,1.383734,0.494694,0.866464,True
0.38,339,3.958980,0.720841,0.739529,True
0.38,340,1.830305,0.416114,1.072433,True
0.38,341,1.611028,0.446593,1.124256,True
0.38,342,0.840764,0.368261,0.971733,True
0.38,343,2.014465,0.562269,0.935325,True
0.38,344,2.143782,0.954084,0.619444,True
0.38,345,2.295742,0.710554,0.815472,True
0.38,346,2.104525,0.821868,0.680695,True
0.38,347,1.018960,0.279573,1.048139,True
0.38,348,2.023137,0.518127,1.022949,True
0.38,349,3.451707,0.665224,0.757104,True
0.38,350,1.445384,0.368772,1.089897,True
0.38,351,2.175492,0.947740,0.608503,True
0.38,352,1.400708,0.320189,1.090620,True
0.38,353,2.297815,0.489662,1.007630,True
0.38,354,2.253377,0.608599,0.896038,True
0.38,355,1.608066,0.500860,0.884191,True
0.38,356,1.042099,0.186614,1.266963,True
0.38,357,1.838135,0.678792,0.594785,True
0.38,358,1.038466,0.334740,1.099366,True
0.38,359,1.516726,0.538651,0.993975,True
0.38,360,1.352027,0.483359,0.904941,True
0.38,361,2.201518,0.543625,0.926347,True
0.38,362,1.736875,0.335773,1.059758,True
0.38,363,1.627746,0.537053,0.866189,True
0.38,364,1.559490,0.553936,0.737991,True
0.38,365,1.396704,0.298288,1.205171,True
0.38,366,1.608216,0.301117,1.320200,True
0.38,367,1.945923,0.432127,0.947372,True
0.38,368,1.571930,0.634586,0.779128,True
0.38,369,1.578689,0.476015,1.031930,True
0.38,370,2.522982,0.632253,0.790840,True
0.38,371,3.184956,0.542644,0.863022,True
0.38,372,1.550059,0.594102,1.149987,True
0.38,373,2.047155,0.641726,0.710414,True
0.38,374,3.543006,0.515044,0.883107,True
0.38,375,4.237581,0.658663,0.752429,True
0.38,376,2.365921,0.615805,0.769864,True
0.38,377,5.276610,0.669249,0.806628,True
0.38,378,2.326276,0.501953,0.976570,True
0.38,379,2.065678,0.636692,0.831021,True
0.38,380,3.283393,0.570295,0.953404,True
0.38,381,1.343272,0.414532,0.962993,True
0.38,382,1.516745,0.432756,1.021030,True
0.38,383,1.196337,0.366386,1.151969,True
0.38,384,1.502410,0.607247,0.944475,True
0.38,385,1.867379,0.775014,0.631042,True
0.38,386,2.240313,0.366961,1.111351,True
0.38,387,7.244806,0.442930,1.074323,True
0.38,388,1.106084,0.391387,0.960222,True
0.38,389,3.625147,0.387934,1.012364,True
0.38,390,1.161170,0.187309,1.156632,True
0.38,391,1.794880,0.540613,0.971497,True
0.38,392,1.661273,0.391039,1.237549,True
0.38,393,1.474522,0.495935,0.898438,True
0.38,394,1.051835,0.295590,1.070381,True
0.38,395,1.178148,0.423992,1.106144,True
0.38,396,1.585937,0.560525,0.958144,True
0.38,397,1.049712,0.383690,1.004460,True
0.38,398,1.956834,0.369612,1.014373,True
0.38,399,1.931976,0.652805,0.783789,True
0.38,400,2.795538,0.648148,0.831900,True
0.38,401,3.320979,0.563972,0.962341,True
0.38,402,1.597560,0.421383,0.960457,True
0.38,403,1.932153,0.620562,0.994995,True
0.38,404,1.711870,0.502497,0.988678,True
0.38,405,1.254998,0.487968,0.880520,True
0.38,406,1.821387,0.655649,0.886792,True
0.38,407,2.586585,0.799991,0.776474,True
0.38,408,1.768069,0.633701,0.810878,True
0.38,409,1.875822,0.345441,1.046576,True
0.38,410,1.765300,0.492333,1.013621,True
0.38,411,1.341649,0.399382,1.016330,True
0.38,412,2.686227,0.634757,0.868238,True
0.38,413,1.369477,0.427964,0.983869,True
0.38,414,2.171692,0.823945,0.634532,True
0.38,415,2.319925,0.527415,1.016754,True
0.38,416,2.241439,0.657341,0.966028,True
0.38,417,4.877126,0.537779,0.917660,True
0.38,418,1.891077,0.523013,0.922631,True
0.38,419,2.291284,0.586903,0.921155,True
0.38,420,3.336504,0.625912,0.940744,True
0.38,421,1.606302,0.526400,0.797219,True
0.38,422,3.482250,0.545976,0.896160,True
0.38,423,2.029194,0.464538,1.065188,True
0.38,424,1.972227,0.704283,0.716280,True
0.38,425,2.696710,0.345317,1.123935,True
0.38,426,2.162541,0.405439,1.077243,True
0.38,427,1.964239,0.719622,0.800738,True
0.38,428,1.531024,0.590417,0.915917,True
0.38,429,2.125341,0.843986,0.744200,True
0.38,430,2.168615,0.830889,0.771469,True
0.38,431,1.622894,0.514718,0.948514,True
0.38,432,1.906956,0.700398,0.816348,True
0.38,433,2.614990,0.571929,0.742221,True
0.38,434,2.633542,0.672842,0.837809,True
0.38,435,1.440102,0.403260,1.140049,True
0.38,436,2.218280,0.564446,0.796402,True
0.38,437,2.700551,0.555857,0.839139,True
0.38,438,1.319337,0.668280,0.747660,True
0.38,439,2.043655,0.678520,0.808938,True
0.38,440,1.750221,0.499537,0.957817,True
0.38,441,0.783806,0.385854,0.901829,True
0.38,442,1.735994,0.489973,1.043219,True
0.38,443,4.162228,0.447996,0.952011,True
0.38,444,1.778154,0.589350,0.913370,True
0.38,445,1.839426,0.501612,0.945259,True
0.38,446,1.859959,0.461298,1.132237,True
0.38,447,2.898837,0.722592,0.753085,True
0.38,448,1.275180,0.557390,0.941528,True
0.38,449,1.980506,0.480108,0.894983,True
0.38,450,1.245412,0.241069,1.268751,True
0.38,451,1.167925,0.529295,1.056408,True
0.38,452,1.759343,0.632475,0.991745,True
0.38,453,2.319651,0.770585,0.753991,True
0.38,454,1.350517,0.389931,1.100896,True
0.38,455,3.449539,0.706050,0.682429,True
0.38,456,1.486043,0.426929,1.000339,True
0.38,457,2.305459,0.498409,0.988013,True
0.38,458,1.465160,0.349391,1.150939,True
0.38,459,2.039924,0.612609,0.861912,True
0.38,460,1.420874,0.435519,0.945194,True
0.38,461,1.302932,0.700694,0.766542,True
0.38,462,0.965653,0.283336,1.116232,True
0.38,463,2.183897,0.290632,1.173836,True
0.38,464,1.463114,0.463571,0.934508,True
0.38,465,2.285905,0.652193,0.903659,True
0.38,466,2.235318,0.387910,0.851816,True
0.38,467,1.840449,0.640079,0.941313,True
0.38,468,1.822651,0.655571,0.871334,True
0.38,469,1.124181,0.386354,0.848299,True
0.38,470,1.013683,0.250001,1.146854,True
0.38,471,1.600569,0.431324,1.070606,True
0.38,472,1.410561,0.480740,0.981754,True
0.38,473,1.562487,0.457808,1.001603,True
0.38,474,1.921492,0.745870,0.599601,True
0.38,475,5.508309,0.613462,0.742306,True
0.38,476,1.533321,0.409583,0.917738,True
0.38,477,1.503176,0.494719,0.922299,True
0.38,478,1.201434,0.425188,1.064843,True
0.38,479,1.476738,0.696642,0.717647,True
0.38,480,2.076856,0.727684,0.791659,True
0.38,481,1.344788,0.534498,0.894453,True
0.38,482,1.221367,0.225775,1.125339,True
0.38,483,1.470434,0.602521,0.906090,True
0.38,484,2.272166,0.840691,0.640298,True
0.38,485,2.010289,0.593675,0.878690,True
0.38,486,2.656584,0.685885,0.628442,True
0.38,487,2.394560,0.661198,0.895296,True
0.38,488,1.774038,0.743285,0.608901,True
0.38,489,1.538030,0.577271,1.024381,True
0.38,490,4.557748,0.898621,0.586527,True
0.38,491,1.402313,0.605517,0.861221,True
0.38,492,1.654996,0.762086,0.942740,True
0.38,493,2.012126,0.850110,0.710661,True
0.38,494,1.009393,0.197123,1.074791,True
0.38,495,1.845895,0.566654,0.963401,True
0.38,496,1.978680,0.439626,1.035265,True
0.38,497,0.888101,0.277244,1.191045,True
0.38,498,2.396728,0.466071,0.913468,True
0.38,499,1.742711,0.430047,1.028213,True
0.40,0,2.175613,0.592259,0.835808,True
0.40,1,4.231529,0.586294,0.853682,True
0.40,2,2.358377,0.688830,0.898993,True
0.40,3,1.391009,0.525202,0.701493,True
0.40,4,1.409650,0.435349,1.133672,True
0.40,5,2.236408,0.694038,0.760691,True
0.40,6,1.069592,0.202289,1.303932,True
0.40,7,1.566339,0.474217,1.001751,True
0.40,8,2.775751,0.800741,0.695039,True
0.40,9,2.774415,0.619218,1.041154,True
0.40,10,2.702039,0.488706,0.858576,True
0.40,11,1.344990,0.307867,1.049672,True
0.40,12,1.967368,0.588845,0.902687,True
0.40,13,1.577122,0.295001,1.124533,True
0.40,14,1.563440,0.460237,1.254549,True
0.40,15,1.551502,0.450549,1.049917,True
0.40,16,1.956803,0.664481,0.912689,True
0.40,17,1.695471,0.881488,0.736201,True
0.40,18,1.653250,0.411777,1.031977,True
0.40,19,2.320099,0.805465,0.706032,True
0.40,20,2.425476,0.811457,0.759733,True
0.40,21,2.117517,0.823551,0.781040,True
0.40,22,1.543955,0.517392,1.094226,True
0.40,23,1.938146,0.730740,0.728896,True
0.40,24,1.766699,0.691864,0.785984,True
0.40,25,1.699233,0.439906,0.936756,True
0.40,26,1.314382,0.476847,0.974252,True
0.40,27,1.757702,0.368143,1.064359,True
0.40,28,1.386752,0.359854,1.020011,True
0.40,29,2.287060,0.984128,0.582475,True
0.40,30,1.190097,0.267509,1.202052,True
0.40,31,1.273336,0.431944,1.012316,True
0.40,32,2.199536,0.492098,0.762636,True
0.40,33,2.042325,0.816427,0.773114,True
0.40,34,1.694322,0.621844,0.897181,True
0.40,35,4.779230,0.776386,0.721928,True
0.40,36,1.575196,0.587822,0.843807,True
0.40,37,2.276343,0.784523,0.629513,True
0.40,38,2.043913,0.732108,0.906127,True
0.40,39,2.329396,0.625042,0.802098,True
0.40,40,2.476124,0.791982,0.731745,True
0.40,41,1.781499,0.684264,0.800729,True
0.40,42,1.432094,0.301573,1.057742,True
0.40,43,1.519201,0.748054,0.715529,True
0.40,44,1.479224,0.665910,0.841613,True
0.40,45,1.407902,0.487780,0.962136,True
0.40,46,3.386045,0.574280,0.933355,True
0.40,47,2.272288,0.861271,0.577937,True
0.40,48,2.207491,0.711079,0.761684,True
0.40,49,1.973947,0.587261,0.804059,True
0.40,50,1.949096,0.666338,0.735110,True
0.40,51,8.012198,0.517997,0.949987,True
0.40,52,1.442605,0.386886,0.970384,True
0.40,53,1.707715,0.528659,1.005934,True
0.40,54,2.577078,0.617619,0.872919,True
0.40,55,0.779084,0.211177,1.245796,True
0.40,56,2.171745,0.395745,1.085690,True
0.40,57,2.042138,0.695401,0.867446,True
0.40,58,2.273345,0.869304,0.562620,True
0.40,59,1.459133,0.572369,0.924864,True
0.40,60,1.862028,0.790804,0.809216,True
0.40,61,1.589529,0.495439,0.913676,True
0.40,62,1.363325,0.504502,1.036896,True
0.40,63,3.200885,0.409442,1.081745,True
0.40,64,3.645944,0.337516,1.101660,True
0.40,65,1.370058,0.727762,0.763904,True
0.40,66,1.813883,0.599392,0.998365,True
0.40,67,1.794092,0.396184,1.043643,True
0.40,68,4.259932,0.779555,0.596194,True
0.40,69,1.728540,0.431755,0.981569,True
0.40,70,1.664330,0.691261,0.746539,True
0.40,71,2.508835,0.802116,0.706025,True
0.40,72,1.723700,0.486371,0.748481,True
0.40,73,2.565866,0.581381,1.078651,True
0.40,74,1.911527,0.866306,0.715777,True
0.40,75,1.903709,0.486895,0.992281,True
0.40,76,2.466886,0.509609,0.892804,True
0.40,77,3.857652,0.642764,0.904527,True
0.40,78,1.368739,0.430483,1.066561,True
0.40,79,1.622038,0.518452,0.921142,True
0.40,80,1.574299,0.415250,1.120500,True
0.40,81,1.206370,0.207052,1.071157,True
0.40,82,5.836828,0.595719,0.988122,True
0.40,83,3.758034,0.604751,0.842232,True
0.40,84,1.350446,0.461199,1.022906,True
0.40,85,1.516060,0.447874,1.078127,True
0.40,86,1.201939,0.330585,1.090474,True
0.40,87,2.173232,0.962170,0.516977,True
0.40,88,0.875031,0.262170,1.334028,True
0.40,89,2.320749,0.629542,0.833946,True
0.40,90,1.510979,0.461958,1.033845,True
0.40,91,2.194115,0.675578,0.918326,True
0.40,92,2.865215,0.405375,1.067976,True
0.40,93,1.301773,0.384690,1.097724,True
0.40,94,2.202405,0.778918,0.803970,True
0.40,95,1.550581,0.302993,1.194542,True
0.40,96,1.601257,0.486421,0.915885,True
0.40,97,2.713641,0.442806,0.985545,True
0.40,98,1.782627,0.479737,0.955691,True
0.40,99,1.958518,0.456340,0.927986,True
0.40,100,2.124275,0.767931,0.647274,True
0.40,101,2.036240,0.612612,0.932059,True
0.40,102,1.439045,0.360883,1.109630,True
0.40,103,3.393424,0.442179,0.952598,True
0.40,104,0.961045,0.412976,0.967290,True
0.40,105,1.295409,0.314655,1.055043,True
0.40,106,1.193059,0.461471,0.837911,True
0.40,107,2.212905,0.493013,1.101078,True
0.40,108,2.097501,0.309115,1.086672,True
0.40,109,1.260667,0.347741,1.074076,True
0.40,110,1.784587,0.527269,0.859057,True
0.40,111,2.673013,0.708380,0.663408,True
0.40,112,1.974091,0.670911,0.830488,True
0.40,113,1.930572,0.831446,0.669120,True
0.40,114,1.611744,0.455868,0.909918,True
0.40,115,1.503909,0.422693,1.080267,True
0.40,116,1.552083,0.342283,1.070578,True
0.40,117,1.904941,0.836885,0.623543,True
0.40,118,1.808106,0.788516,0.631299,True
0.40,119,2.192083,0.533340,0.943374,True
0.40,120,2.179141,0.524268,0.986324,True
0.40,121,3.693245,0.552384,0.903329,True
0.40,122,1.971776,0.481812,0.998764,True
0.40,123,1.776096,0.614140,0.885870,True
0.40,124,3.755243,0.627977,0.812185,True
0.40,125,0.764798,0.289745,1.086934,True
0.40,126,5.106129,0.545769,0.746199,True
0.40,127,2.143557,0.764396,0.654368,True
0.40,128,2.137532,0.441215,1.017022,True
0.40,129,1.419750,0.481573,0.955714,True
0.40,130,1.875267,0.514951,0.882667,True
0.40,131,1.285267,0.571122,0.903820,True
0.40,132,2.428322,0.693742,0.820847,True
0.40,133,1.798201,0.537151,0.920844,True
0.40,134,1.471708,0.668510,0.891089,True
0.40,135,4.829918,0.514376,0.817633,True
0.40,136,1.820442,0.492960,1.023739,True
0.40,137,2.038074,0.573664,0.889980,True
0.40,138,2.048683,0.864043,0.604545,True
0.40,139,1.100552,0.368230,1.094601,True
0.40,140,1.891867,0.580207,0.934256,True
0.40,141,3.288032,0.558853,0.833566,True
0.40,142,2.005657,0.669940,0.881453,True
0.40,143,1.678478,0.631878,0.901234,True
0.40,144,0.787651,0.353765,1.024174,True
0.40,145,0.793277,0.221045,1.164682,True
0.40,146,3.992248,0.796502,0.574451,True
0.40,147,1.832828,0.652845,0.779518,True
0.40,148,1.549342,0.220948,1.138519,True
0.40,149,2.861154,0.750091,0.729138,True
0.40,150,3.519177,0.722248,0.611128,True
0.40,151,1.507167,0.483476,1.079772,True
0.40,152,1.525863,0.531883,0.993943,True
0.40,153,5.179459,0.616221,0.912727,True
0.40,154,1.430558,0.461922,0.854713,True
0.40,155,1.493976,0.599871,0.839814,True
0.40,156,1.323033,0.438048,1.059328,True
0.40,157,3.499802,0.482155,0.776398,True
0.40,158,1.270421,0.293321,1.062718,True
0.40,159,1.648735,0.510461,0.786601,True
0.40,160,1.478929,0.590033,0.852870,True
0.40,161,4.191071,0.558084,0.863436,True
0.40,162,1.684017,0.580259,0.961177,True
0.40,163,2.601670,0.531098,0.957373,True
0.40,164,2.092709,0.793477,0.663549,True
0.40,165,1.098135,0.347700,0.986942,True
0.40,166,4.607715,0.581538,0.928687,True
0.40,167,2.595613,0.784854,0.803767,True
0.40,168,1.900574,0.546200,1.045944,True
0.40,169,1.623154,0.611271,0.873894,True
0.40,170,2.606956,0.654102,0.725539,True
0.40,171,1.940921,0.715328,0.671646,True
0.40,172,1.790935,0.407963,0.964380,True
0.40,173,1.525888,0.411603,1.138893,True
0.40,174,1.641779,0.481630,1.103777,True
0.40,175,1.870528,0.552100,0.917136,True
0.40,176,2.022334,0.392801,1.180985,True
0.40,177,1.747085,0.613192,0.969264,True
0.40,178,2.421690,0.828592,0.774459,True
0.40,179,3.961098,0.636323,0.747067,True
0.40,180,1.616116,0.622766,1.075670,True
0.40,181,1.376781,0.604151,1.009867,True
0.40,182,8.191854,0.540073,0.980095,True
0.40,183,1.712997,0.663714,0.836674,True
0.40,184,2.114345,0.699383,0.888835,True
0.40,185,1.080834,0.344279,1.182170,True
0.40,186,2.103588,0.728959,0.806723,True
0.40,187,1.511779,0.664838,0.862080,True
0.40,188,2.382106,0.700153,0.701000,True
0.40,189,1.465991,0.340359,1.041396,True
0.40,190,1.925592,0.594161,0.879444,True
0.40,191,3.896880,0.580860,0.918707,True
0.40,192,1.891688,0.840578,0.713273,True
0.40,193,1.226743,0.373544,1.066796,True
0.40,194,1.184501,0.335637,1.157024,True
0.40,195,2.195773,0.713246,0.856662,True
0.40,196,1.846856,0.378261,1.035582,True
0.40,197,2.036808,0.699022,0.760117,True
0.40,198,2.139570,0.574243,1.023723,True
0.40,199,2.227776,0.571804,1.050541,True
0.40,200,1.533483,0.319830,1.149194,True
0.40,201,1.720849,0.522671,0.982071,True
0.40,202,1.328700,0.339460,1.137697,True
0.40,203,1.155958,0.542021,0.884688,True
0.40,204,1.397728,0.316269,1.187978,True
0.40,205,2.411709,0.580333,1.026298,True
0.40,206,1.824974,0.533076,0.887163,True
0.40,207,2.199097,0.563247,0.878708,True
0.40,208,0.880737,0.346139,0.932651,True
0.40,209,1.595513,0.428661,1.165262,True
0.40,210,1.451262,0.396005,1.095554,True
0.40,211,1.929546,0.500309,0.970320,True
0.40,212,0.707503,0.153209,1.275512,True
0.40,213,1.440008,0.356897,1.080765,True
0.40,214,1.302397,0.586582,0.878196,True
0.40,215,2.304966,0.979156,0.570052,True
0.40,216,1.033515,0.340127,1.113988,True
0.40,217,2.117621,0.583857,0.853171,True
0.40,218,3.783211,0.545835,0.834478,True
0.40,219,1.380966,0.617760,0.794877,True
0.40,220,2.043387,0.662861,0.887267,True
0.40,221,2.106769,0.486834,0.979259,True
0.40,222,2.169616,0.787413,0.570266,True
0.40,223,1.638510,0.440571,1.005081,True
0.40,224,3.659692,0.412520,0.974106,True
0.40,225,1.188665,0.276977,1.248138,True
0.40,226,1.484207,0.247180,1.300591,True
0.40,227,1.674560,0.319591,1.022917,True
0.40,228,2.461290,0.545460,0.837121,True
0.40,229,1.652879,0.523031,0.972192,True
0.40,230,1.347189,0.433384,1.144422,True
0.40,231,2.700344,0.709110,0.815275,True
0.40,232,1.591257,0.633452,0.894821,True
0.40,233,0.929721,0.297392,1.069358,True
0.40,234,1.320138,0.362537,1.107217,True
0.40,235,2.321231,0.924295,0.658011,True
0.40,236,1.806470,0.524697,0.974415,True
0.40,237,2.239274,0.396238,1.064542,True
0.40,238,1.159905,0.374318,1.196692,True
0.40,239,1.746014,0.497763,0.983642,True
0.40,240,2.453109,0.759855,0.664463,True
0.40,241,1.797654,0.773242,0.652291,True
0.40,242,1.867022,0.822179,0.784323,True
0.40,243,0.992966,0.248839,1.176408,True
0.40,244,1.744826,0.763100,0.709742,True
0.40,245,1.437883,0.248741,1.136913,True
0.40,246,1.383064,0.430903,0.961593,True
0.40,247,1.990027,0.522141,1.032050,True
0.40,248,1.848621,0.301509,1.060275,True
0.40,249,1.992349,0.589321,0.877306,True
0.40,250,1.182483,0.376804,0.951721,True
0.40,251,2.131862,0.495609,0.895375,True
0.40,252,1.245787,0.401563,1.072988,True
0.40,253,6.164693,0.734004,0.756432,True
0.40,254,1.646700,0.391709,1.029594,True
0.40,255,1.674395,0.567978,0.875626,True
0.40,256,5.265095,0.617632,0.775045,True
0.40,257,2.459539,0.735870,0.699584,True
0.40,258,3.707607,0.504880,0.953652,True
0.40,259,4.384053,0.676298,0.824736,True
0.40,260,1.922723,0.720471,0.756615,True
0.40,261,3.542181,0.618543,0.907887,True
0.40,262,1.730141,0.256660,1.178414,True
0.40,263,1.936506,0.547241,0.863379,True
0.40,264,1.718956,0.639618,0.776328,True
0.40,265,1.912020,0.719068,0.737911,True
0.40,266,1.578185,0.548724,0.986322,True
0.40,267,1.284192,0.352753,1.070601,True
0.40,268,2.314657,0.635569,0.833675,True
0.40,269,2.760239,0.502470,0.994306,True
0.40,270,2.086261,0.456271,1.032497,True
0.40,271,1.493477,0.354503,1.215194,True
0.40,272,2.325438,0.805148,0.578898,True
0.40,273,2.098584,0.542796,1.061840,True
0.40,274,1.256783,0.406900,1.007360,True
0.40,275,2.596071,0.500777,0.886982,True
0.40,276,1.496720,0.593013,0.918363,True
0.40,277,5.884060,0.614974,0.782207,True
0.40,278,2.178172,0.557749,0.924336,True
0.40,279,0.921093,0.293214,1.086432,True
0.40,280,1.765106,0.541863,0.929296,True
0.40,281,1.947647,0.815053,0.777099,True
0.40,282,1.495522,0.503216,0.908720,True
0.40,283,1.478799,0.369945,1.129329,True
0.40,284,1.797875,0.663069,0.711789,True
0.40,285,1.443491,0.569715,0.822158,True
0.40,286,1.581396,0.456807,1.021595,True
0.40,287,1.482388,0.602719,0.860751,True
0.40,288,3.639572,0.549812,0.857752,True
0.40,289,0.868865,0.322294,0.999515,True
0.40,290,1.068007,0.348493,1.128732,True
0.40,291,2.445891,0.734926,0.665259,True
0.40,292,1.613311,0.671909,0.853078,True
0.40,293,1.634902,0.476730,0.958661,True
0.40,294,1.918425,0.327983,1.177696,True
0.40,295,1.654100,0.541457,0.912940,True
0.40,296,1.965799,0.432388,0.998714,True
0.40,297,2.414959,0.765433,0.702538,True
0.40,298,1.154968,0.309516,1.065473,True
0.40,299,1.432753,0.349364,1.072355,True
0.40,300,1.300142,0.333430,1.077563,True
0.40,301,1.506394,0.479098,0.974704,True
0.40,302,1.418616,0.364720,1.095650,True
0.40,303,2.153065,0.627392,0.780474,True
0.40,304,1.898145,0.648673,0.801293,True
0.40,305,1.309292,0.600264,0.924988,True
0.40,306,2.172051,0.674091,0.802394,True
0.40,307,2.461766,0.747811,0.582245,True
0.40,308,1.128546,0.380029,1.027123,True
0.40,309,1.777135,0.358306,1.105358,True
0.40,310,1.356330,0.267907,1.154514,True
0.40,311,1.877823,0.810677,0.647801,True
0.40,312,1.343319,0.239543,1.183220,True
0.40,313,2.316610,0.311940,1.140747,True
0.40,314,1.597268,0.606195,0.742329,True
0.40,315,2.060526,0.743659,0.698366,True
0.40,316,1.465774,0.330672,1.274717,True
0.40,317,2.216054,0.838794,0.673681,True
0.40,318,2.232911,0.729832,0.773907,True
0.40,319,1.753527,0.740370,0.657053,True
0.40,320,1.941010,0.553332,1.024561,True
0.40,321,1.738543,0.586516,0.977866,True
0.40,322,1.447264,0.461430,0.959454,True
0.40,323,2.161844,0.919456,0.602719,True
0.40,324,1.627306,0.406494,1.088927,True
0.40,325,1.239255,0.465147,0.902481,True
0.40,326,2.188657,0.741458,0.752760,True
0.40,327,2.273794,0.692226,0.648822,True
0.40,328,2.026475,0.673756,0.746043,True
0.40,329,4.747047,0.493674,0.897022,True
0.40,330,2.251837,0.829253,0.601086,True
0.40,331,1.302878,0.280421,1.237229,True
0.40,332,1.885608,0.736509,0.651506,True
0.40,333,0.992748,0.231468,1.034657,True
0.40,334,2.162688,0.347496,1.078123,True
0.40,335,1.939903,0.832233,0.667852,True
0.40,336,2.247258,0.580273,0.968537,True
0.40,337,1.303186,0.293130,1.284517,True
0.40,338,1.367579,0.491850,0.868901,True
0.40,339,3.958980,0.720841,0.739529,True
0.40,340,1.808647,0.412755,1.075383,True
0.40,341,1.598430,0.444323,1.126182,True
0.40,342,0.839559,0.368112,0.971842,True
0.40,343,1.993668,0.556526,0.940046,True
0.40,344,2.120997,0.943510,0.628263,True
0.40,345,2.274415,0.700592,0.823479,True
0.40,346,2.079383,0.813126,0.688187,True
0.40,347,1.016703,0.279287,1.048334,True
0.40,348,1.999240,0.512690,1.027532,True
0.40,349,3.451707,0.665224,0.757104,True
0.40,350,1.431780,0.366969,1.091468,True
0.40,351,2.153572,0.935022,0.618660,True
0.40,352,1.392991,0.319207,1.091441,True
0.40,353,2.273454,0.483059,1.013070,True
0.40,354,2.229502,0.600887,0.902416,True
0.40,355,1.596849,0.498499,0.886168,True
0.40,356,1.040658,0.186503,1.267046,True
0.40,357,1.821792,0.673484,0.599123,True
0.40,358,1.035388,0.334369,1.099664,True
0.40,359,1.504331,0.536101,0.996166,True
0.40,360,1.340886,0.481509,0.906576,True
0.40,361,2.184524,0.536537,0.931871,True
0.40,362,1.714791,0.332849,1.062237,True
0.40,363,1.608707,0.533365,0.869419,True
0.40,364,1.544079,0.550770,0.740737,True
0.40,365,1.380134,0.296353,1.206747,True
0.40,366,1.595950,0.299603,1.321478,True
0.40,367,1.924025,0.428111,0.950778,True
0.40,368,1.556137,0.630880,0.782351,True
0.40,369,1.570191,0.474321,1.033352,True
0.40,370,2.504228,0.620233,0.800331,True
0.40,371,3.184956,0.542644,0.863022,True
0.40,372,1.534821,0.590929,1.152813,True
0.40,373,2.022045,0.635406,0.715927,True
0.40,374,3.543006,0.515044,0.883107,True
0.40,375,4.237581,0.658663,0.752429,True
0.40,376,2.342386,0.606681,0.777285,True
0.40,377,5.276610,0.669249,0.806628,True
0.40,378,2.307863,0.494049,0.982751,True
0.40,379,2.042353,0.629755,0.836803,True
0.40,380,3.283393,0.570295,0.953404,True
0.40,381,1.330397,0.412774,0.964570,True
0.40,382,1.500160,0.429387,1.023621,True
0.40,383,1.185316,0.364700,1.153233,True
0.40,384,1.484138,0.603253,0.947925,True
0.40,385,1.843547,0.767375,0.637484,True
0.40,386,2.214291,0.362418,1.115179,True
0.40,387,7.244806,0.442930,1.074323,True
0.40,388,1.098704,0.390453,0.961029,True
0.40,389,3.625147,0.387934,1.012364,True
0.40,390,1.157521,0.187014,1.156858,True
0.40,391,1.773888,0.536477,0.975158,True
0.40,392,1.646078,0.388814,1.239496,True
0.40,393,1.456839,0.493140,0.901002,True
0.40,394,1.048997,0.295227,1.070644,True
0.40,395,1.175583,0.423397,1.106552,True
0.40,396,1.568495,0.557101,0.961192,True
0.40,397,1.047174,0.383275,1.004765,True
0.40,398,1.935516,0.365638,1.017584,True
0.40,399,1.909641,0.646941,0.788837,True
0.40,400,2.821136,0.621732,0.851633,True
0.40,401,3.320979,0.563972,0.962341,True
0.40,402,1.578441,0.418557,0.962955,True
0.40,403,1.909072,0.615169,0.999735,True
0.40,404,1.698985,0.499508,0.991122,True
0.40,405,1.246857,0.486235,0.881844,True
0.40,406,1.802749,0.650954,0.890893,True
0.40,407,2.574439,0.782282,0.790160,True
0.40,408,1.746196,0.628845,0.815216,True
0.40,409,1.862511,0.342720,1.048703,True
0.40,410,1.742844,0.488166,1.017223,True
0.40,411,1.336986,0.398528,1.016999,True
0.40,412,2.692310,0.615964,0.882329,True
0.40,413,1.359989,0.426584,0.985107,True
0.40,414,2.150064,0.813082,0.643216,True
0.40,415,2.296442,0.519976,1.022816,True
0.40,416,2.218906,0.649045,0.972821,True
0.40,417,4.877126,0.537779,0.917660,True
0.40,418,1.874162,0.518609,0.926210,True
0.40,419,2.269603,0.578763,0.927720,True
0.40,420,3.336504,0.625912,0.940744,True
0.40,421,1.587254,0.522650,0.800451,True
0.40,422,3.482250,0.545976,0.896160,True
0.40,423,2.011794,0.460060,1.068795,True
0.40,424,1.951407,0.697859,0.721706,True
0.40,425,2.697339,0.334609,1.132056,True
0.40,426,2.149947,0.400251,1.081158,True
0.40,427,1.943057,0.713281,0.806171,True
0.40,428,1.518858,0.587626,0.918300,True
0.40,429,2.099916,0.834905,0.752002,True
0.40,430,2.143965,0.821260,0.779560,True
0.40,431,1.604469,0.511443,0.951452,True
0.40,432,1.884668,0.694499,0.821524,True
0.40,433,2.608638,0.557598,0.753135,True
0.40,434,2.636730,0.654356,0.851630,True
0.40,435,1.429378,0.401759,1.141389,True
0.40,436,2.194783,0.557515,0.802133,True
0.40,437,2.711548,0.536371,0.853718,True
0.40,438,1.308847,0.665856,0.749784,True
0.40,439,2.020172,0.671989,0.814576,True
0.40,440,1.737047,0.496338,0.960404,True
0.40,441,0.783033,0.385756,0.901897,True
0.40,442,1.714879,0.486363,1.046456,True
0.40,443,4.162228,0.447996,0.952011,True
0.40,444,1.756428,0.584695,0.917482,True
0.40,445,1.816952,0.497482,0.948902,True
0.40,446,1.842656,0.457973,1.135077,True
0.40,447,3.211487,0.624032,0.825354,True
0.40,448,1.265209,0.555462,0.943198,True
0.40,449,1.960828,0.475986,0.898479,True
0.40,450,1.238271,0.240380,1.269302,True
0.40,451,1.162365,0.528309,1.057273,True
0.40,452,1.739557,0.627180,0.996160,True
0.40,453,2.296676,0.759843,0.762741,True
0.40,454,1.332985,0.387262,1.103038,True
0.40,455,3.449539,0.706050,0.682429,True
0.40,456,1.472093,0.424502,1.002338,True
0.40,457,2.285154,0.491013,0.993882,True
0.40,458,1.456758,0.347808,1.152120,True
0.40,459,2.018649,0.606658,0.866913,True
0.40,460,1.414762,0.434216,0.946199,True
0.40,461,1.286776,0.695925,0.770177,True
0.40,462,0.963269,0.283081,1.116421,True
0.40,463,2.171169,0.286479,1.176942,True
0.40,464,1.452341,0.461540,0.936197,True
0.40,465,2.261696,0.643492,0.910825,True
0.40,466,2.225278,0.381586,0.856473,True
0.40,467,1.822493,0.635252,0.945410,True
0.40,468,1.799901,0.650457,0.875971,True
0.40,469,1.121316,0.385949,0.848633,True
0.40,470,1.001976,0.249114,1.147593,True
0.40,471,1.582477,0.428605,1.073028,True
0.40,472,1.399803,0.478894,0.983375,True
0.40,473,1.545123,0.455008,1.004075,True
0.40,474,1.900280,0.739434,0.605130,True
0.40,475,5.508309,0.613462,0.742306,True
0.40,476,1.521266,0.407728,0.919349,True
0.40,477,1.491264,0.492568,0.924184,True
0.40,478,1.197403,0.424369,1.065444,True
0.40,479,1.466982,0.693887,0.719953,True
0.40,480,2.053799,0.720219,0.797978,True
0.40,481,1.326045,0.530669,0.897530,True
0.40,482,1.206417,0.224155,1.126446,True
0.40,483,1.451555,0.598327,0.909641,True
0.40,484,2.249303,0.829309,0.649550,True
0.40,485,1.986297,0.588124,0.883545,True
0.40,486,2.656148,0.667210,0.642555,True
0.40,487,2.374101,0.650554,0.903759,True
0.40,488,1.754771,0.737453,0.613851,True
0.40,489,1.519767,0.573637,1.027605,True
0.40,490,4.557748,0.898621,0.586527,True
0.40,491,1.390365,0.603043,0.863428,True
0.40,492,1.633251,0.755601,0.948181,True
0.40,493,1.991782,0.842350,0.717205,True
0.40,494,1.004547,0.196556,1.075104,True
0.40,495,1.822839,0.562034,0.967525,True
0.40,496,1.959812,0.435707,1.038520,True
0.40,497,0.884462,0.276914,1.191288,True
0.40,498,2.375033,0.458716,0.919365,True
0.40,499,1.722433,0.426711,1.031093,True
0.42,0,2.152880,0.585455,0.841453,True
0.42,1,4.231529,0.586294,0.853682,True
0.42,2,2.336706,0.678570,0.907245,True
0.42,3,1.382438,0.523512,0.702943,True
0.42,4,1.401504,0.433864,1.134885,True
0.42,5,2.216718,0.685077,0.767852,True
0.42,6,1.063740,0.201802,1.304284,True
0.42,7,1.547971,0.471194,1.004425,True
0.42,8,3.150539,0.679528,0.781898,True
0.42,9,3.155415,0.522853,1.110310,True
0.42,10,2.739048,0.465792,0.875392,True
0.42,11,1.339147,0.306945,1.050356,True
0.42,12,1.947931,0.583608,0.907063,True
0.42,13,1.562360,0.293163,1.126043,True
0.42,14,1.549111,0.457685,1.256724,True
0.42,15,1.541339,0.448798,1.051432,True
0.42,16,1.933928,0.658609,0.917818,True
0.42,17,1.676200,0.875658,0.741461,True
0.42,18,1.639344,0.409493,1.033928,True
0.42,19,2.299162,0.793982,0.715243,True
0.42,20,2.412089,0.796142,0.771436,True
0.42,21,2.096261,0.814699,0.788355,True
0.42,22,1.532894,0.515158,1.096137,True
0.42,23,1.916781,0.724615,0.734232,True
0.42,24,1.748863,0.686862,0.790245,True
0.42,25,1.683836,0.437424,0.938955,True
0.42,26,1.305647,0.475168,0.975613,True
0.42,27,1.738293,0.365050,1.066913,True
0.42,28,1.379111,0.358690,1.020956,True
0.42,29,2.269921,0.970252,0.593346,True
0.42,30,1.179315,0.266542,1.202878,True
0.42,31,1.263573,0.430603,1.013542,True
0.42,32,2.177778,0.486158,0.767490,True
0.42,33,2.021513,0.808129,0.779968,True
0.42,34,1.679465,0.618358,0.900234,True
0.42,35,4.779230,0.776386,0.721928,True
0.42,36,1.562078,0.584816,0.846377,True
0.42,37,2.255005,0.773949,0.638044,True
0.42,38,2.022583,0.724527,0.912390,True
0.42,39,2.312576,0.615540,0.809506,True
0.42,40,2.462365,0.776193,0.743877,True
0.42,41,1.761086,0.679297,0.805171,True
0.42,42,1.424945,0.300656,1.058494,True
0.42,43,1.506476,0.744441,0.718634,True
0.42,44,1.467267,0.662987,0.844157,True
0.42,45,1.393714,0.485397,0.964229,True
0.42,46,3.386045,0.574280,0.933355,True
0.42,47,2.251055,0.849654,0.587290,True
0.42,48,2.189367,0.702182,0.768726,True
0.42,49,1.953387,0.581515,0.808794,True
0.42,50,1.929646,0.660538,0.739977,True
0.42,51,8.012198,0.517997,0.949987,True
0.42,52,1.436269,0.385875,0.971225,True
0.42,53,1.696781,0.525533,1.008378,True
0.42,54,2.577062,0.601288,0.885110,True
0.42,55,0.777885,0.211109,1.245848,True
0.42,56,2.150601,0.391167,1.089432,True
0.42,57,2.021782,0.688561,0.873119,True
0.42,58,2.259184,0.856201,0.572624,True
0.42,59,1.445675,0.569613,0.927272,True
0.42,60,1.842102,0.784068,0.814873,True
0.42,61,1.572729,0.492433,0.916308,True
0.42,62,1.356752,0.503230,1.037975,True
0.42,63,3.200885,0.409442,1.081745,True
0.42,64,3.645944,0.337516,1.101660,True
0.42,65,1.358234,0.724740,0.766544,True
0.42,66,1.793152,0.594938,1.002338,True
0.42,67,1.775483,0.393477,1.046044,True
0.42,68,4.259932,0.779555,0.596194,True
0.42,69,1.715768,0.429309,0.983604,True
0.42,70,1.651200,0.687543,0.749690,True
0.42,71,2.496767,0.785106,0.719047,True
0.42,72,1.708814,0.482958,0.751240,True
0.42,73,2.562632,0.566203,1.090042,True
0.42,74,1.890981,0.858682,0.722205,True
0.42,75,1.883064,0.482398,0.996016,True
0.42,76,2.453678,0.499651,0.900443,True
0.42,77,3.857652,0.642764,0.904527,True
0.42,78,1.363121,0.429455,1.067395,True
0.42,79,1.602997,0.514840,0.924265,True
0.42,80,1.562125,0.413345,1.122157,True
0.42,81,1.200515,0.206583,1.071538,True
0.42,82,5.836828,0.595719,0.988122,True
0.42,83,3.758034,0.604751,0.842232,True
0.42,84,1.345588,0.460030,1.023774,True
0.42,85,1.504393,0.445938,1.079813,True
0.42,86,1.195210,0.329711,1.091170,True
0.42,87,2.152979,0.950988,0.526047,True
0.42,88,0.873981,0.262042,1.334105,True
0.42,89,2.299201,0.620463,0.841240,True
0.42,90,1.495597,0.459654,1.035966,True
0.42,91,2.173707,0.667440,0.924905,True
0.42,92,3.060996,0.366882,1.096123,True
0.42,93,1.294030,0.383566,1.098666,True
0.42,94,2.183696,0.768925,0.811884,True
0.42,95,1.539914,0.301678,1.195649,True
0.42,96,1.585475,0.483777,0.918268,True
0.42,97,2.738713,0.425487,0.998319,True
0.42,98,1.765175,0.476225,0.958653,True
0.42,99,1.936238,0.452068,0.931618,True
0.42,100,2.104145,0.759542,0.654118,True
0.42,101,2.017285,0.606841,0.936819,True
0.42,102,1.432038,0.359711,1.110555,True
0.42,103,3.393424,0.442179,0.952598,True
0.42,104,0.958117,0.412578,0.967609,True
0.42,105,1.291592,0.314009,1.055512,True
0.42,106,1.180544,0.459623,0.839526,True
0.42,107,2.190107,0.487045,1.105997,True
0.42,108,2.080149,0.305760,1.089338,True
0.42,109,1.246695,0.345861,1.075564,True
0.42,110,1.766052,0.523672,0.862238,True
0.42,111,2.693498,0.682793,0.682224,True
0.42,112,1.956521,0.665083,0.835276,True
0.42,113,1.910765,0.824511,0.675033,True
0.42,114,1.597455,0.452930,0.912286,True
0.42,115,1.496550,0.421257,1.081419,True
0.42,116,1.542942,0.340889,1.071716,True
0.42,117,1.882247,0.829810,0.629770,True
0.42,118,1.793051,0.783278,0.635682,True
0.42,119,2.169056,0.527067,0.948574,True
0.42,120,2.157875,0.518047,0.991393,True
0.42,121,3.693245,0.552384,0.903329,True
0.42,122,1.953512,0.477585,1.002258,True
0.42,123,1.761382,0.610152,0.889197,True
0.42,124,3.755243,0.627977,0.812185,True
0.42,125,0.763977,0.289655,1.086988,True
0.42,126,5.106129,0.545769,0.746199,True
0.42,127,2.122170,0.755928,0.661344,True
0.42,128,2.115802,0.436422,1.020998,True
0.42,129,1.408017,0.479565,0.957474,True
0.42,130,1.858897,0.510830,0.886030,True
0.42,131,1.274090,0.568926,0.905727,True
0.42,132,2.415821,0.680917,0.830643,True
0.42,133,1.779342,0.533260,0.924231,True
0.42,134,1.461633,0.665935,0.893298,True
0.42,135,4.829918,0.514376,0.817633,True
0.42,136,1.809320,0.489337,1.026494,True
0.42,137,2.017091,0.568143,0.894614,True
0.42,138,2.030151,0.854506,0.612117,True
0.42,139,1.093532,0.367217,1.095367,True
0.42,140,1.871324,0.574548,0.938867,True
0.42,141,3.288032,0.558853,0.833566,True
0.42,142,1.988130,0.663472,0.886649,True
0.42,143,1.662780,0.628308,0.904413,True
0.42,144,0.786456,0.353670,1.024263,True
0.42,145,0.792089,0.220957,1.164740,True
0.42,146,3.992248,0.796502,0.574451,True
0.42,147,1.812326,0.647919,0.783877,True
0.42,148,1.533310,0.219562,1.139684,True
0.42,149,3.080041,0.675465,0.783507,True
0.42,150,3.519177,0.722248,0.611128,True
0.42,151,1.493680,0.480915,1.081927,True
0.42,152,1.516876,0.529842,0.995629,True
0.42,153,5.179459,0.616221,0.912727,True
0.42,154,1.423634,0.460572,0.855820,True
0.42,155,1.479938,0.596919,0.842430,True
0.42,156,1.316179,0.436739,1.060359,True
0.42,157,3.499802,0.482155,0.776398,True
0.42,158,1.257613,0.292170,1.063777,True
0.42,159,1.634399,0.507780,0.788970,True
0.42,160,1.470533,0.588078,0.854531,True
0.42,161,4.191071,0.558084,0.863436,True
0.42,162,1.665268,0.576258,0.964678,True
0.42,163,2.608204,0.515971,0.968560,True
0.42,164,2.070118,0.785330,0.670422,True
0.42,165,1.094827,0.347290,0.987280,True
0.42,166,4.607715,0.581538,0.928687,True
0.42,167,2.589953,0.765222,0.818655,True
0.42,168,1.884147,0.542009,1.049418,True
0.42,169,1.607123,0.607528,0.877118,True
0.42,170,2.604453,0.636846,0.738546,True
0.42,171,1.919322,0.709250,0.676937,True
0.42,172,1.776674,0.405300,0.966580,True
0.42,173,1.511700,0.409555,1.140715,True
0.42,174,1.625689,0.478764,1.106284,True
0.42,175,1.855210,0.547902,0.920551,True
0.42,176,2.000349,0.388561,1.184461,True
0.42,177,1.731143,0.609206,0.972661,True
0.42,178,2.413123,0.812580,0.786475,True
0.42,179,3.961098,0.636323,0.747067,True
0.42,180,1.598747,0.619011,1.079029,True
0.42,181,1.367488,0.602143,1.011623,True
0.42,182,8.191854,0.540073,0.980095,True
0.42,183,1.694621,0.659426,0.840508,True
0.42,184,2.090104,0.691957,0.895161,True
0.42,185,1.074747,0.343589,1.182756,True
0.42,186,2.081707,0.720933,0.813338,True
0.42,187,1.492647,0.660415,0.865938,True
0.42,188,3.206539,0.517919,0.825627,True
0.42,189,1.457417,0.339102,1.042420,True
0.42,190,1.907148,0.589369,0.883492,True
0.42,191,3.896880,0.580860,0.918707,True
0.42,192,1.869625,0.833286,0.719565,True
0.42,193,1.216240,0.372101,1.067981,True
0.42,194,1.178308,0.334822,1.157671,True
0.42,195,2.174733,0.704512,0.863737,True
0.42,196,1.825389,0.375293,1.038216,True
0.42,197,2.015984,0.692287,0.765756,True
0.42,198,2.123417,0.566132,1.029879,True
0.42,199,2.205234,0.564627,1.056414,True
0.42,200,1.525729,0.318677,1.150120,True
0.42,201,1.702829,0.518934,0.985257,True
0.42,202,1.316094,0.338055,1.138956,True
0.42,203,1.148343,0.540616,0.885883,True
0.42,204,1.390736,0.315404,1.188709,True
0.42,205,2.400118,0.569327,1.034634,True
0.42,206,1.803391,0.528936,0.890844,True
0.42,207,2.176881,0.556252,0.884409,True
0.42,208,0.879553,0.345989,0.932756,True
0.42,209,1.584683,0.426729,1.166885,True
0.42,210,1.443285,0.394743,1.096615,True
0.42,211,1.915653,0.495928,0.973721,True
0.42,212,0.707070,0.153171,1.275527,True
0.42,213,1.432645,0.355630,1.081749,True
0.42,214,1.296672,0.585316,0.879268,True
0.42,215,2.288748,0.964694,0.581292,True
0.42,216,1.027901,0.339473,1.114513,True
0.42,217,2.094786,0.577448,0.858512,True
0.42,218,3.783211,0.545835,0.834478,True
0.42,219,1.367038,0.614474,0.797605,True
0.42,220,2.018553,0.656372,0.892925,True
0.42,221,2.090619,0.481223,0.983627,True
0.42,222,2.147339,0.778211,0.577838,True
0.42,223,1.621441,0.437774,1.007513,True
0.42,224,3.659692,0.412520,0.974106,True
0.42,225,1.183972,0.276450,1.248556,True
0.42,226,1.464451,0.245041,1.302241,True
0.42,227,1.663181,0.317947,1.024269,True
0.42,228,2.445596,0.535262,0.845030,True
0.42,229,1.635868,0.519943,0.974968,True
0.42,230,1.341640,0.432202,1.145317,True
0.42,231,2.745942,0.675105,0.840016,True
0.42,232,1.579813,0.630700,0.897215,True
0.42,233,0.928332,0.297249,1.069467,True
0.42,234,1.311881,0.361270,1.108220,True
0.42,235,2.299759,0.911106,0.668621,True
0.42,236,1.790858,0.521180,0.977380,True
0.42,237,2.217432,0.391150,1.068674,True
0.42,238,1.149639,0.372976,1.197798,True
0.42,239,1.725116,0.493249,0.987324,True
0.42,240,2.436367,0.745922,0.675312,True
0.42,241,1.776786,0.767615,0.657368,True
0.42,242,1.845990,0.815730,0.790002,True
0.42,243,0.987151,0.248209,1.176820,True
0.42,244,1.727333,0.758180,0.714087,True
0.42,245,1.425367,0.247625,1.137887,True
0.42,246,1.374094,0.429333,0.962881,True
0.42,247,1.967454,0.517409,1.036144,True
0.42,248,1.829210,0.299094,1.062330,True
0.42,249,1.974637,0.583954,0.881682,True
0.42,250,1.172631,0.375385,0.952840,True
0.42,251,2.108764,0.490217,0.899898,True
0.42,252,1.240758,0.400764,1.073641,True
0.42,253,6.164693,0.734004,0.756432,True
0.42,254,1.631111,0.388882,1.031853,True
0.42,255,1.661878,0.564680,0.878304,True
0.42,256,5.265095,0.617632,0.775045,True
0.42,257,2.444076,0.722120,0.710237,True
0.42,258,3.707607,0.504880,0.953652,True
0.42,259,4.384053,0.676298,0.824736,True
0.42,260,1.903352,0.714649,0.761595,True
0.42,261,3.542181,0.618543,0.907887,True
0.42,262,1.721537,0.254750,1.179766,True
0.42,263,1.920568,0.542244,0.867328,True
0.42,264,1.701691,0.635356,0.780010,True
0.42,265,1.890681,0.713216,0.743042,True
0.42,266,1.564515,0.546006,0.988722,True
0.42,267,1.277966,0.351884,1.071313,True
0.42,268,2.293796,0.626453,0.840970,True
0.42,269,3.120611,0.428968,1.046912,True
0.42,270,2.066075,0.450923,1.036768,True
0.42,271,1.482755,0.352903,1.216514,True
0.42,272,2.312133,0.792248,0.588730,True
0.42,273,2.077423,0.536379,1.067008,True
0.42,274,1.252284,0.406029,1.008014,True
0.42,275,2.599760,0.487211,0.897057,True
0.42,276,1.487295,0.590454,0.920406,True
0.42,277,5.884060,0.614974,0.782207,True
0.42,278,2.157061,0.551287,0.929620,True
0.42,279,0.918773,0.292986,1.086607,True
0.42,280,1.745758,0.537531,0.932935,True
0.42,281,1.929196,0.808395,0.782716,True
0.42,282,1.479648,0.499974,0.911376,True
0.42,283,1.470048,0.368106,1.130677,True
0.42,284,1.783214,0.658788,0.715373,True
0.42,285,1.431175,0.567337,0.824301,True
0.42,286,1.563104,0.452944,1.024606,True
0.42,287,1.471503,0.600216,0.862898,True
0.42,288,3.639572,0.549812,0.857752,True
0.42,289,0.867287,0.322096,0.999646,True
0.42,290,1.063861,0.347936,1.129158,True
0.42,291,2.437567,0.720350,0.676222,True
0.42,292,1.593326,0.666471,0.857567,True
0.42,293,1.619627,0.473801,0.961137,True
0.42,294,1.903395,0.325297,1.179843,True
0.42,295,1.635412,0.538047,0.916034,True
0.42,296,1.948013,0.428785,1.001715,True
0.42,297,3.119643,0.579662,0.829454,True
0.42,298,1.148763,0.308878,1.066030,True
0.42,299,1.425766,0.348246,1.073244,True
0.42,300,1.291973,0.332517,1.078382,True
0.42,301,1.492826,0.476846,0.976718,True
0.42,302,1.411934,0.363558,1.096555,True
0.42,303,2.136714,0.619560,0.786539,True
0.42,304,1.877829,0.642226,0.806507,True
0.42,305,1.303735,0.599007,0.926053,True
0.42,306,2.154234,0.665761,0.808962,True
0.42,307,2.450354,0.733335,0.593285,True
0.42,308,1.123422,0.379320,1.027701,True
0.42,309,1.758096,0.355174,1.107902,True
0.42,310,1.350673,0.267192,1.155066,True
0.42,311,1.858068,0.804059,0.653442,True
0.42,312,1.338549,0.239039,1.183622,True
0.42,313,2.295788,0.307443,1.144344,True
0.42,314,1.584432,0.603277,0.744876,True
0.42,315,2.038993,0.734889,0.705410,True
0.42,316,1.448962,0.328642,1.276448,True
0.42,317,2.193151,0.828430,0.682198,True
0.42,318,3.161215,0.520860,0.913002,True
0.42,319,1.732628,0.734009,0.662378,True
0.42,320,1.922609,0.548850,1.028346,True
0.42,321,1.718764,0.581907,0.981785,True
0.42,322,1.440966,0.459979,0.960572,True
0.42,323,2.140741,0.908179,0.611812,True
0.42,324,1.618106,0.404723,1.090358,True
0.42,325,1.225419,0.462590,0.904454,True
0.42,326,2.166381,0.732748,0.759937,True
0.42,327,2.252234,0.683032,0.656263,True
0.42,328,2.004302,0.667386,0.751483,True
0.42,329,4.747047,0.493674,0.897022,True
0.42,330,2.231974,0.818241,0.609872,True
0.42,331,1.289066,0.278546,1.238560,True
0.42,332,1.865555,0.730766,0.656510,True
0.42,333,0.986217,0.230919,1.035061,True
0.42,334,2.141926,0.343460,1.081404,True
0.42,335,1.917567,0.824786,0.674276,True
0.42,336,2.225040,0.572873,0.974577,True
0.42,337,1.291271,0.291490,1.285715,True
0.42,338,1.352500,0.489206,0.871159,True
0.42,339,3.958980,0.720841,0.739529,True
0.42,340,1.788488,0.409585,1.078144,True
0.42,341,1.586409,0.442142,1.128022,True
0.42,342,0.838378,0.367967,0.971947,True
0.42,343,1.974532,0.551014,0.944516,True
0.42,344,2.100093,0.933320,0.636648,True
0.42,345,2.256170,0.690761,0.831217,True
0.42,346,2.056551,0.804779,0.695233,True
0.42,347,1.014496,0.279007,1.048526,True
0.42,348,1.977317,0.507517,1.031837,True
0.42,349,3.451707,0.665224,0.757104,True
0.42,350,1.418942,0.365268,1.092943,True
0.42,351,2.134721,0.922619,0.628353,True
0.42,352,1.385519,0.318256,1.092233,True
0.42,353,2.252129,0.476612,1.018278,True
0.42,354,2.208032,0.593399,0.908508,True
0.42,355,1.586137,0.496222,0.888062,True
0.42,356,1.039234,0.186392,1.267128,True
0.42,357,1.806609,0.668393,0.603234,True
0.42,358,1.032411,0.334009,1.099953,True
0.42,359,1.492701,0.533681,0.998230,True
0.42,360,1.330342,0.479762,0.908117,True
0.42,361,2.169297,0.529543,0.937242,True
0.42,362,1.694373,0.330108,1.064540,True
0.42,363,1.591043,0.529914,0.872419,True
0.42,364,1.529648,0.547787,0.743308,True
0.42,365,1.364664,0.294551,1.208206,True
0.42,366,1.584296,0.298149,1.322696,True
0.42,367,1.903838,0.424289,0.953979,True
0.42,368,1.541334,0.627384,0.785371,True
0.42,369,1.561903,0.472660,1.034740,True
0.42,370,2.490678,0.607871,0.809869,True
0.42,371,3.184956,0.542644,0.863022,True
0.42,372,1.520610,0.587942,1.155453,True
0.42,373,1.999045,0.629404,0.721095,True
0.42,374,3.543006,0.515044,0.883107,True
0.42,375,4.237581,0.658663,0.752429,True
0.42,376,2.321924,0.597698,0.784454,True
0.42,377,5.276610,0.669249,0.806628,True
0.42,378,2.293100,0.486125,0.988810,True
0.42,379,2.021477,0.623096,0.842250,True
0.42,380,3.283393,0.570295,0.953404,True
0.42,381,1.318374,0.411133,0.966037,True
0.42,382,1.484682,0.426217,1.026035,True
0.42,383,1.174954,0.363122,1.154411,True
0.42,384,1.467145,0.599536,0.951118,True
0.42,385,1.821612,0.760182,0.643482,True
0.42,386,2.190641,0.358045,1.118811,True
0.42,387,7.244806,0.442930,1.074323,True
0.42,388,1.091717,0.389574,0.961789,True
0.42,389,3.625147,0.387934,1.012364,True
0.42,390,1.153987,0.186726,1.157076,True
0.42,391,1.754257,0.532571,0.978592,True
0.42,392,1.631733,0.386696,1.241339,True
0.42,393,1.440431,0.490545,0.903372,True
0.42,394,1.046243,0.294873,1.070899,True
0.42,395,1.173073,0.422811,1.106952,True
0.42,396,1.552115,0.553881,0.964046,True
0.42,397,1.044707,0.382870,1.005061,True
0.42,398,1.915962,0.361844,1.020609,True
0.42,399,1.889024,0.641379,0.793571,True
0.42,400,3.175225,0.534254,0.914679,True
0.42,401,3.320979,0.563972,0.962341,True
0.42,402,1.560676,0.415917,0.965275,True
0.42,403,1.887813,0.610064,1.004171,True
0.42,404,1.686769,0.496628,0.993457,True
0.42,405,1.239136,0.484585,0.883097,True
0.42,406,1.785332,0.646486,0.894760,True
0.42,407,2.570683,0.763137,0.804577,True
0.42,408,1.725955,0.624290,0.819252,True
0.42,409,1.850031,0.340074,1.050750,True
0.42,410,1.722105,0.484258,1.020569,True
0.42,411,1.332442,0.397692,1.017651,True
0.42,412,3.186460,0.506303,0.959584,True
0.42,413,1.350946,0.425267,0.986285,True
0.42,414,2.131360,0.802488,0.651508,True
0.42,415,2.275581,0.512699,1.028648,True
0.42,416,2.198536,0.640969,0.979332,True
0.42,417,4.877126,0.537779,0.917660,True
0.42,418,1.858468,0.514375,0.929609,True
0.42,419,2.251249,0.570728,0.934055,True
0.42,420,3.336504,0.625912,0.940744,True
0.42,421,1.569477,0.519135,0.803460,True
0.42,422,3.482250,0.545976,0.896160,True
0.42,423,1.995636,0.455712,1.072255,True
0.42,424,1.932160,0.691720,0.726829,True
0.42,425,2.716997,0.321490,1.141786,True
0.42,426,2.139255,0.395051,1.085015,True
0.42,427,1.923480,0.707228,0.811295,True
0.42,428,1.507325,0.584964,0.920559,True
0.42,429,2.076525,0.826238,0.759359,True
0.42,430,2.121800,0.811993,0.787214,True
0.42,431,1.587239,0.508369,0.954196,True
0.42,432,1.864142,0.688913,0.826368,True
0.42,433,2.613326,0.541448,0.765139,True
0.42,434,3.114303,0.537245,0.933498,True
0.42,435,1.419092,0.400321,1.142670,True
0.42,436,2.173687,0.550796,0.807595,True
0.42,437,2.757373,0.509045,0.873726,True
0.42,438,1.298966,0.663572,0.751778,True
0.42,439,1.998558,0.665761,0.819887,True
0.42,440,1.724606,0.493252,0.962876,True
0.42,441,0.782272,0.385660,0.901963,True
0.42,442,1.695174,0.482973,1.049478,True
0.42,443,4.162228,0.447996,0.952011,True
0.42,444,1.736177,0.580318,0.921323,True
0.42,445,1.796143,0.493593,0.952300,True
0.42,446,1.826247,0.454772,1.137789,True
0.42,447,3.211487,0.624032,0.825354,True
0.42,448,1.255838,0.553650,0.944763,True
0.42,449,1.942351,0.472021,0.901810,True
0.42,450,1.231408,0.239720,1.269830,True
0.42,451,1.157031,0.527364,1.058100,True
0.42,452,1.721133,0.622172,1.000295,True
0.42,453,2.276644,0.749292,0.771171,True
0.42,454,1.316691,0.384792,1.105010,True
0.42,455,3.449539,0.706050,0.682429,True
0.42,456,1.458945,0.422205,1.004219,True
0.42,457,2.268633,0.483651,0.999585,True
0.42,458,1.448748,0.346280,1.153251,True
0.42,459,1.998892,0.600945,0.871659,True
0.42,460,1.408858,0.432946,0.947173,True
0.42,461,1.271735,0.691501,0.773526,True
0.42,462,0.960956,0.282833,1.116603,True
0.42,463,2.160369,0.282318,1.180006,True
0.42,464,1.442195,0.459606,0.937792,True
0.42,465,2.240077,0.635024,0.917682,True
0.42,466,2.217555,0.375143,0.861148,True
0.42,467,1.805617,0.630635,0.949295,True
0.42,468,1.778703,0.645650,0.880301,True
0.42,469,1.118509,0.385553,0.848960,True
0.42,470,0.991138,0.248310,1.148266,True
0.42,471,1.565597,0.426056,1.075286,True
0.42,472,1.389667,0.477143,0.984903,True
0.42,473,1.528992,0.452387,1.006372,True
0.42,474,1.880681,0.733315,0.610327,True
0.42,475,5.508309,0.613462,0.742306,True
0.42,476,1.509887,0.405960,0.920875,True
0.42,477,1.479962,0.490519,0.925971,True
0.42,478,1.193508,0.423572,1.066025,True
0.42,479,1.457694,0.691244,0.722152,True
0.42,480,2.032947,0.713055,0.803941,True
0.42,481,1.308691,0.527138,0.900350,True
0.42,482,1.192484,0.222653,1.127465,True
0.42,483,1.434028,0.594433,0.912919,True
0.42,484,2.228855,0.818206,0.658429,True
0.42,485,1.963943,0.582844,0.888120,True
0.42,486,3.093450,0.546031,0.728129,True
0.42,487,2.357478,0.639887,0.912055,True
0.42,488,1.736745,0.731924,0.618505,True
0.42,489,1.502799,0.570252,1.030592,True
0.42,490,4.557748,0.898621,0.586527,True
0.42,491,1.379081,0.600707,0.865505,True
0.42,492,1.613188,0.749551,0.953208,True
0.42,493,1.972795,0.834892,0.723427,True
0.42,494,0.999895,0.196011,1.075402,True
0.42,495,1.801601,0.557690,0.971364,True
0.42,496,1.942209,0.431932,1.041619,True
0.42,497,0.880976,0.276601,1.191521,True
0.42,498,2.356745,0.451394,0.925119,True
0.42,499,1.703561,0.423566,1.033785,True
0.44,0,2.132141,0.578869,0.846838,True
0.44,1,4.231529,0.586294,0.853682,True
0.44,2,2.318208,0.668375,0.915280,True
0.44,3,1.374226,0.521889,0.704330,True
0.44,4,1.393665,0.432429,1.136052,True
0.44,5,2.199063,0.676260,0.774786,True
0.44,6,1.058138,0.201338,1.304620,True
0.44,7,1.530884,0.468367,1.006910,True
0.44,8,3.150539,0.679528,0.781898,True
0.44,9,3.155415,0.522853,1.110310,True
0.44,10,2.895774,0.424312,0.905347,True
0.44,11,1.333535,0.306050,1.051015,True
0.44,12,1.930157,0.578569,0.911209,True
0.44,13,1.548433,0.291416,1.127468,True
0.44,14,1.535611,0.455264,1.258775,True
0.44,15,1.531517,0.447098,1.052897,True
0.44,16,1.912788,0.653033,0.922635,True
0.44,17,1.658199,0.870171,0.746381,True
0.44,18,1.626173,0.407307,1.035782,True
0.44,19,2.280909,0.782612,0.724197,True
0.44,20,2.402584,0.780270,0.783344,True
0.44,21,2.077212,0.806108,0.795322,True
0.44,22,1.522314,0.513009,1.097966,True
0.44,23,1.896822,0.718775,0.739273,True
0.44,24,1.732121,0.682098,0.794268,True
0.44,25,1.669219,0.435048,0.941048,True
0.44,26,1.297361,0.473568,0.976903,True
0.44,27,1.720226,0.362121,1.069309,True
0.44,28,1.371795,0.357567,1.021861,True
0.44,29,2.256119,0.956282,0.604035,True
0.44,30,1.169217,0.265641,1.203647,True
0.44,31,1.254375,0.429340,1.014692,True
0.44,32,2.158389,0.480364,0.772140,True
0.44,33,2.002696,0.800122,0.786468,True
0.44,34,1.665333,0.615013,0.903145,True
0.44,35,4.779230,0.776386,0.721928,True
0.44,36,1.549695,0.581951,0.848810,True
0.44,37,2.236620,0.763516,0.646287,True
0.44,38,2.003054,0.717236,0.918327,True
0.44,39,2.299295,0.605922,0.816836,True
0.44,40,2.453297,0.759689,0.756311,True
0.44,41,1.741952,0.674599,0.809345,True
0.44,42,1.418048,0.299764,1.059220,True
0.44,43,1.494419,0.741000,0.721575,True
0.44,44,1.455949,0.660207,0.846564,True
0.44,45,1.380478,0.483168,0.966177,True
0.44,46,3.386045,0.574280,0.933355,True
0.44,47,2.232025,0.838244,0.596331,True
0.44,48,2.173112,0.693405,0.775562,True
0.44,49,1.934846,0.575988,0.813266,True
0.44,50,1.911708,0.654972,0.744585,True
0.44,51,8.012198,0.517997,0.949987,True
0.44,52,1.430074,0.384883,0.972046,True
0.44,53,1.686432,0.522497,1.010728,True
0.44,54,2.592757,0.581706,0.899346,True
0.44,55,0.776708,0.211042,1.245900,True
0.44,56,2.131353,0.386714,1.093018,True
0.44,57,2.003368,0.681950,0.878506,True
0.44,58,2.249497,0.842768,0.582589,True
0.44,59,1.432970,0.567008,0.929538,True
0.44,60,1.823846,0.777649,0.820185,True
0.44,61,1.557037,0.489604,0.918768,True
0.44,62,1.350387,0.501995,1.039019,True
0.44,63,3.200885,0.409442,1.081745,True
0.44,64,3.645944,0.337516,1.101660,True
0.44,65,1.347086,0.721888,0.769025,True
0.44,66,1.773807,0.590727,1.006065,True
0.44,67,1.757901,0.390895,1.048320,True
0.44,68,4.259932,0.779555,0.596194,True
0.44,69,1.703621,0.426943,0.985556,True
0.44,70,1.638695,0.683966,0.752702,True
0.44,71,2.490701,0.766997,0.732616,True
0.44,72,1.694815,0.479685,0.753859,True
0.44,73,2.570515,0.548777,1.102842,True
0.44,74,1.872301,0.851391,0.728250,True
0.44,75,1.864346,0.478096,0.999526,True
0.44,76,2.445373,0.489210,0.908286,True
0.44,77,3.857652,0.642764,0.904527,True
0.44,78,1.357658,0.428451,1.068206,True
0.44,79,1.585403,0.511453,0.927165,True
0.44,80,1.550482,0.411515,1.123742,True
0.44,81,1.194873,0.206131,1.071903,True
0.44,82,5.836828,0.595719,0.988122,True
0.44,83,3.758034,0.604751,0.842232,True
0.44,84,1.340886,0.458888,1.024618,True
0.44,85,1.493198,0.444076,1.081428,True
0.44,86,1.188764,0.328874,1.091834,True
0.44,87,2.134636,0.940074,0.534762,True
0.44,88,0.872948,0.261915,1.334181,True
0.44,89,2.280360,0.611495,0.848316,True
0.44,90,1.481194,0.457490,1.037948,True
0.44,91,2.155147,0.659490,0.931238,True
0.44,92,3.060996,0.366882,1.096123,True
0.44,93,1.286585,0.382486,1.099570,True
0.44,94,2.168084,0.759007,0.819547,True
0.44,95,1.529719,0.300411,1.196710,True
0.44,96,1.570604,0.481275,0.920513,True
0.44,97,3.058252,0.368531,1.038871,True
0.44,98,1.748788,0.472873,0.961456,True
0.44,99,1.915759,0.448000,0.935032,True
0.44,100,2.085883,0.751383,0.660667,True
0.44,101,1.999656,0.601253,0.941372,True
0.44,102,1.425281,0.358573,1.111450,True
0.44,103,3.393424,0.442179,0.952598,True
0.44,104,0.955281,0.412194,0.967917,True
0.44,105,1.287877,0.313375,1.055970,True
0.44,106,1.168875,0.457915,0.841018,True
0.44,107,2.169339,0.481249,1.110705,True
0.44,108,2.064800,0.302464,1.091907,True
0.44,109,1.233632,0.344114,1.076942,True
0.44,110,1.748730,0.520254,0.865234,True
0.44,111,2.997328,0.589494,0.748436,True
0.44,112,1.940054,0.659444,0.839859,True
0.44,113,1.892288,0.817874,0.680634,True
0.44,114,1.583977,0.450128,0.914526,True
0.44,115,1.489433,0.419857,1.082536,True
0.44,116,1.534176,0.339537,1.072813,True
0.44,117,1.861295,0.823114,0.635599,True
0.44,118,1.778800,0.778224,0.639875,True
0.44,119,2.148136,0.520989,0.953535,True
0.44,120,2.138742,0.511989,0.996247,True
0.44,121,3.693245,0.552384,0.903329,True
0.44,122,1.936425,0.473506,1.005594,True
0.44,123,1.747493,0.606314,0.892369,True
0.44,124,3.755243,0.627977,0.812185,True
0.44,125,0.763171,0.289566,1.087041,True
0.44,126,5.106129,0.545769,0.746199,True
0.44,127,2.102568,0.747721,0.668011,True
0.44,128,2.095780,0.431785,1.024794,True
0.44,129,1.396933,0.477662,0.959133,True
0.44,130,1.843726,0.506860,0.889228,True
0.44,131,1.263534,0.566861,0.907517,True
0.44,132,2.408850,0.667429,0.840691,True
0.44,133,1.761712,0.529564,0.927420,True
0.44,134,1.452030,0.663464,0.895406,True
0.44,135,4.829918,0.514376,0.817633,True
0.44,136,1.798951,0.485791,1.029157,True
0.44,137,1.997605,0.562833,0.899019,True
0.44,138,2.014070,0.845177,0.619354,True
0.44,139,1.086847,0.366257,1.096091,True
0.44,140,1.852392,0.569154,0.943205,True
0.44,141,3.288032,0.558853,0.833566,True
0.44,142,1.971901,0.657201,0.891622,True
0.44,143,1.647845,0.624893,0.907439,True
0.44,144,0.785288,0.353577,1.024350,True
0.44,145,0.790923,0.220871,1.164797,True
0.44,146,3.992248,0.796502,0.574451,True
0.44,147,1.793120,0.643244,0.787982,True
0.44,148,1.518321,0.218256,1.140774,True
0.44,149,3.080041,0.675465,0.783507,True
0.44,150,3.519177,0.722248,0.611128,True
0.44,151,1.480908,0.478481,1.083963,True
0.44,152,1.508243,0.527864,0.997254,True
0.44,153,5.179459,0.616221,0.912727,True
0.44,154,1.416924,0.459258,0.856894,True
0.44,155,1.466775,0.594134,0.844883,True
0.44,156,1.309590,0.435474,1.061349,True
0.44,157,3.499802,0.482155,0.776398,True
0.44,158,1.245667,0.291104,1.064758,True
0.44,159,1.620756,0.505212,0.791228,True
0.44,160,1.462426,0.586182,0.856136,True
0.44,161,4.191071,0.558084,0.863436,True
0.44,162,1.647746,0.572486,0.967956,True
0.44,163,3.028372,0.427341,1.030540,True
0.44,164,2.049488,0.777493,0.676936,True
0.44,165,1.091600,0.346892,0.987609,True
0.44,166,4.607715,0.581538,0.928687,True
0.44,167,2.595797,0.742776,0.835256,True
0.44,168,1.868660,0.537959,1.052743,True
0.44,169,1.592020,0.603979,0.880157,True
0.44,170,2.616315,0.616464,0.753518,True
0.44,171,1.899143,0.703458,0.681932,True
0.44,172,1.763160,0.402728,0.968687,True
0.44,173,1.498352,0.407619,1.142428,True
0.44,174,1.610647,0.476049,1.108638,True
0.44,175,1.840822,0.543843,0.923818,True
0.44,176,1.980320,0.384496,1.187743,True
0.44,177,1.716093,0.605390,0.975887,True
0.44,178,2.410166,0.795452,0.799041,True
0.44,179,3.961098,0.636323,0.747067,True
0.44,180,1.582500,0.615479,1.082172,True
0.44,181,1.358649,0.600226,1.013293,True
0.44,182,8.191854,0.540073,0.980095,True
0.44,183,1.677578,0.655373,0.844096,True
0.44,184,2.067807,0.684844,0.901142,True
0.44,185,1.068988,0.342936,1.183308,True
0.44,186,2.061931,0.713181,0.819622,True
0.44,187,1.474892,0.656297,0.869507,True
0.44,188,3.206539,0.517919,0.825627,True
0.44,189,1.449160,0.337885,1.043406,True
0.44,190,1.889916,0.584764,0.887341,True
0.44,191,3.896880,0.580860,0.918707,True
0.44,192,1.849320,0.826371,0.725458,True
0.44,193,1.206336,0.370745,1.069091,True
0.44,194,1.172352,0.334039,1.158291,True
0.44,195,2.155812,0.695988,0.870529,True
0.44,196,1.805298,0.372482,1.040691,True
0.44,197,1.996737,0.685808,0.771112,True
0.44,198,3.067498,0.405634,1.133999,True
0.44,199,2.185055,0.557632,1.062040,True
0.44,200,1.518230,0.317551,1.151018,True
0.44,201,1.686011,0.515392,0.988249,True
0.44,202,1.304278,0.336742,1.140131,True
0.44,203,1.141108,0.539286,0.887012,True
0.44,204,1.383966,0.314564,1.189416,True
0.44,205,2.392521,0.557842,1.043175,True
0.44,206,1.783299,0.525029,0.894291,True
0.44,207,2.157152,0.549439,0.889861,True
0.44,208,0.878388,0.345842,0.932860,True
0.44,209,1.574328,0.424863,1.168443,True
0.44,210,1.435562,0.393516,1.097643,True
0.44,211,1.902721,0.491654,0.976999,True
0.44,212,0.706640,0.153134,1.275542,True
0.44,213,1.425592,0.354402,1.082695,True
0.44,214,1.291108,0.584086,0.880307,True
0.44,215,2.275933,0.950058,0.592406,True
0.44,216,1.022564,0.338853,1.115009,True
0.44,217,2.074118,0.571270,0.863577,True
0.44,218,3.783211,0.545835,0.834478,True
0.44,219,1.353961,0.611389,0.800153,True
0.44,220,1.995635,0.650206,0.898241,True
0.44,221,2.076329,0.475691,0.987857,True
0.44,222,2.127222,0.769289,0.585061,True
0.44,223,1.605494,0.435134,1.009791,True
0.44,224,3.659692,0.412520,0.974106,True
0.44,225,1.179459,0.275941,1.248959,True
0.44,226,1.446125,0.243049,1.303762,True
0.44,227,1.652302,0.316352,1.025570,True
0.44,228,2.434422,0.524708,0.853042,True
0.44,229,1.619973,0.517026,0.977571,True
0.44,230,1.336281,0.431051,1.146183,True
0.44,231,2.965648,0.607173,0.888550,True
0.44,232,1.568760,0.628032,0.899525,True
0.44,233,0.926964,0.297107,1.069575,True
0.44,234,1.303967,0.360053,1.109178,True
0.44,235,2.280862,0.898080,0.678917,True
0.44,236,1.776081,0.517794,0.980211,True
0.44,237,2.198162,0.386167,1.072645,True
0.44,238,1.139970,0.371723,1.198831,True
0.44,239,1.705985,0.488989,0.990750,True
0.44,240,2.423724,0.731612,0.686232,True
0.44,241,1.757246,0.762300,0.662133,True
0.44,242,1.826488,0.809616,0.795331,True
0.44,243,0.981623,0.247613,1.177210,True
0.44,244,1.710939,0.753505,0.718183,True
0.44,245,1.413546,0.246570,1.138804,True
0.44,246,1.365511,0.427825,0.964111,True
0.44,247,1.946692,0.512899,1.039997,True
0.44,248,1.811150,0.296794,1.064267,True
0.44,249,1.958207,0.578755,0.885867,True
0.44,250,1.163312,0.374051,0.953890,True
0.44,251,2.087813,0.485018,0.904188,True
0.44,252,1.235901,0.399989,1.074271,True
0.44,253,6.164693,0.734004,0.756432,True
0.44,254,1.616554,0.386191,1.033981,True
0.44,255,1.650040,0.561505,0.880860,True
0.44,256,5.265095,0.617632,0.775045,True
0.44,257,2.433304,0.707866,0.721042,True
0.44,258,3.707607,0.504880,0.953652,True
0.44,259,4.384053,0.676298,0.824736,True
0.44,260,1.885177,0.709068,0.766326,True
0.44,261,3.542181,0.618543,0.907887,True
0.44,262,1.713549,0.252874,1.181077,True
0.44,263,1.905825,0.537402,0.871104,True
0.44,264,1.685625,0.631313,0.783469,True
0.44,265,1.870915,0.707652,0.747866,True
0.44,266,1.551522,0.543411,0.991001,True
0.44,267,1.271948,0.351043,1.072001,True
0.44,268,2.275390,0.617441,0.848060,True
0.44,269,3.120611,0.428968,1.046912,True
0.44,270,2.047909,0.445738,1.040841,True
0.44,271,1.472696,0.351372,1.217763,True
0.44,272,2.302845,0.778970,0.598612,True
0.44,273,2.058676,0.530153,1.071924,True
0.44,274,1.247927,0.405180,1.008647,True
0.44,275,3.063532,0.399739,0.957958,True
0.44,276,1.478361,0.587993,0.922354,True
0.44,277,5.884060,0.614974,0.782207,True
0.44,278,2.137920,0.544993,0.934686,True
0.44,279,0.916511,0.292764,1.086776,True
0.44,280,1.727821,0.533427,0.936346,True
0.44,281,1.911884,0.801979,0.788074,True
0.44,282,1.464804,0.496926,0.913855,True
0.44,283,1.461732,0.366330,1.131967,True
0.44,284,1.769323,0.654654,0.718803,True
0.44,285,1.419598,0.565090,0.826314,True
0.44,286,1.546085,0.449312,1.027408,True
0.44,287,1.461138,0.597820,0.864941,True
0.44,288,3.639572,0.549812,0.857752,True
0.44,289,0.865741,0.321903,0.999773,True
0.44,290,1.059843,0.347399,1.129569,True
0.44,291,2.436894,0.704514,0.687805,True
0.44,292,1.574761,0.661375,0.861736,True
0.44,293,1.605252,0.471015,0.963474,True
0.44,294,1.889306,0.322688,1.181905,True
0.44,295,1.617974,0.534842,0.918924,True
0.44,296,1.931355,0.425301,1.004585,True
0.44,297,3.119643,0.579662,0.829454,True
0.44,298,1.142860,0.308272,1.066560,True
0.44,299,1.419043,0.347161,1.074101,True
0.44,300,1.284193,0.331646,1.079162,True
0.44,301,1.480123,0.474719,0.978607,True
0.44,302,1.405499,0.362428,1.097428,True
0.44,303,2.121982,0.611837,0.792433,True
0.44,304,1.859126,0.636074,0.811417,True
0.44,305,1.298316,0.597781,0.927090,True
0.44,306,2.139430,0.657482,0.815326,True
0.44,307,2.445085,0.717930,0.604744,True
0.44,308,1.118470,0.378638,1.028257,True
0.44,309,1.740420,0.352200,1.110291,True
0.44,310,1.345209,0.266497,1.155599,True
0.44,311,1.839871,0.797748,0.658750,True
0.44,312,1.333893,0.238544,1.184014,True
0.44,313,2.277626,0.302992,1.147840,True
0.44,314,1.572173,0.600475,0.747309,True
0.44,315,2.019641,0.726432,0.712087,True
0.44,316,1.433301,0.326747,1.278054,True
0.44,317,2.172599,0.818353,0.690340,True
0.44,318,3.161215,0.520860,0.913002,True
0.44,319,1.713258,0.728013,0.667347,True
0.44,320,1.905285,0.544531,1.031959,True
0.44,321,1.700372,0.577556,0.985451,True
0.44,322,1.434883,0.458562,0.961657,True
0.44,323,2.122072,0.897185,0.620510,True
0.44,324,1.609240,0.402995,1.091745,True
0.44,325,1.212492,0.460214,0.906279,True
0.44,326,2.146213,0.724289,0.766796,True
0.44,327,2.233006,0.674003,0.663447,True
0.44,328,1.983810,0.661290,0.756625,True
0.44,329,4.747047,0.493674,0.897022,True
0.44,330,2.214134,0.807401,0.618388,True
0.44,331,1.276183,0.276790,1.239794,True
0.44,332,1.846870,0.725294,0.661231,True
0.44,333,0.980040,0.230404,1.035441,True
0.44,334,2.122918,0.339535,1.084551,True
0.44,335,1.896870,0.817709,0.680315,True
0.44,336,2.205231,0.565637,0.980379,True
0.44,337,1.280022,0.289941,1.286838,True
0.44,338,1.338377,0.486739,0.873259,True
0.44,339,3.958980,0.720841,0.739529,True
0.44,340,1.769680,0.406582,1.080737,True
0.44,341,1.574921,0.440042,1.129784,True
0.44,342,0.837221,0.367824,0.972051,True
0.44,343,1.956925,0.545698,0.948769,True
0.44,344,2.080913,0.923449,0.644657,True
0.44,345,2.240985,0.680940,0.838779,True
0.44,346,2.035817,0.796758,0.701895,True
0.44,347,1.012338,0.278733,1.048712,True
0.44,348,1.957183,0.502569,1.035900,True
0.44,349,3.451707,0.665224,0.757104,True
0.44,350,1.406797,0.363659,1.094334,True
0.44,351,2.118878,0.910386,0.637693,True
0.44,352,1.378277,0.317332,1.093001,True
0.44,353,2.233717,0.470253,1.023308,True
0.44,354,2.188817,0.586074,0.914366,True
0.44,355,1.575892,0.494021,0.889880,True
0.44,356,1.037828,0.186283,1.267209,True
0.44,357,1.792478,0.663489,0.607145,True
0.44,358,1.029528,0.333659,1.100231,True
0.44,359,1.481756,0.531375,1.000180,True
0.44,360,1.320340,0.478107,0.909573,True
0.44,361,2.155784,0.522592,0.942499,True
0.44,362,1.675442,0.327527,1.066686,True
0.44,363,1.574610,0.526670,0.875217,True
0.44,364,1.516104,0.544965,0.745724,True
0.44,365,1.350186,0.292866,1.209562,True
0.44,366,1.573205,0.296751,1.323859,True
0.44,367,1.885201,0.420635,0.957000,True
0.44,368,1.527422,0.624075,0.788211,True
0.44,369,1.553814,0.471031,1.036097,True
0.44,370,2.483301,0.594774,0.819730,True
0.44,371,3.184956,0.542644,0.863022,True
0.44,372,1.507318,0.585121,1.157929,True
0.44,373,1.977945,0.623674,0.725962,True
0.44,374,3.543006,0.515044,0.883107,True
0.44,375,4.237581,0.658663,0.752429,True
0.44,376,2.304476,0.588753,0.791454,True
0.44,377,5.276610,0.669249,0.806628,True
0.44,378,2.282233,0.478046,0.994846,True
0.44,379,2.002869,0.616656,0.847415,True
0.44,380,3.283393,0.570295,0.953404,True
0.44,381,1.307114,0.409597,0.967406,True
0.44,382,1.470195,0.423226,1.028292,True
0.44,383,1.165185,0.361639,1.155512,True
0.44,384,1.451291,0.596064,0.954086,True
0.44,385,1.801373,0.753378,0.649089,True
0.44,386,2.169172,0.353808,1.122276,True
0.44,387,7.244806,0.442930,1.074323,True
0.44,388,1.085082,0.388745,0.962506,True
0.44,389,3.625147,0.387934,1.012364,True
0.44,390,1.150558,0.186446,1.157288,True
0.44,391,1.735853,0.528872,0.981821,True
0.44,392,1.618165,0.384673,1.243087,True
0.44,393,1.425158,0.488125,0.905572,True
0.44,394,1.043568,0.294528,1.071147,True
0.44,395,1.170615,0.422235,1.107345,True
0.44,396,1.536693,0.550844,0.966726,True
0.44,397,1.042307,0.382473,1.005348,True
0.44,398,1.898016,0.358205,1.023470,True
0.44,399,1.869956,0.636080,0.798029,True
0.44,400,3.175225,0.534254,0.914679,True
0.44,401,3.320979,0.563972,0.962341,True
0.44,402,1.544120,0.413441,0.967436,True
0.44,403,1.868188,0.605206,1.008341,True
0.44,404,1.675168,0.493846,0.995695,True
0.44,405,1.231799,0.483010,0.884286,True
0.44,406,1.769018,0.642221,0.898418,True
0.44,407,2.579926,0.740921,0.820844,True
0.44,408,1.707172,0.619998,0.823020,True
0.44,409,1.838324,0.337491,1.052724,True
0.44,410,1.702907,0.480578,1.023689,True
0.44,411,1.328011,0.396873,1.018288,True
0.44,412,3.186460,0.506303,0.959584,True
0.44,413,1.342307,0.424009,0.987408,True
0.44,414,2.115495,0.792047,0.659499,True
0.44,415,2.257226,0.505515,1.034304,True
0.44,416,2.180200,0.633053,0.985612,True
0.44,417,4.877126,0.537779,0.917660,True
0.44,418,1.843885,0.510288,0.932850,True
0.44,419,2.236228,0.562691,0.940241,True
0.44,420,3.336504,0.625912,0.940744,True
0.44,421,1.552837,0.515830,0.806272,True
0.44,422,3.482250,0.545976,0.896160,True
0.44,423,1.980624,0.451474,1.075585,True
0.44,424,1.914348,0.685827,0.731685,True
0.44,425,2.915418,0.283985,1.168889,True
0.44,426,2.130510,0.389789,1.088849,True
0.44,427,1.905359,0.701423,0.816147,True
0.44,428,1.496372,0.582417,0.922708,True
0.44,429,2.054976,0.817924,0.766325,True
0.44,430,2.101930,0.803009,0.794502,True
0.44,431,1.571086,0.505473,0.956767,True
0.44,432,1.845194,0.683598,0.830920,True
0.44,433,2.639648,0.520840,0.780066,True
0.44,434,3.114303,0.537245,0.933498,True
0.44,435,1.409212,0.398942,1.143896,True
0.44,436,2.154831,0.544235,0.812837,True
0.44,437,2.906412,0.467859,0.903466,True
0.44,438,1.289633,0.661413,0.753657,True
0.44,439,1.978635,0.659792,0.824911,True
0.44,440,1.712840,0.490266,0.965245,True
0.44,441,0.781522,0.385565,0.902029,True
0.44,442,1.676737,0.479779,1.052309,True
0.44,443,4.162228,0.447996,0.952011,True
0.44,444,1.717258,0.576186,0.924922,True
0.44,445,1.776829,0.489915,0.955484,True
0.44,446,1.810669,0.451686,1.140384,True
0.44,447,3.211487,0.624032,0.825354,True
0.44,448,1.247004,0.551941,0.946234,True
0.44,449,1.924992,0.468197,0.904992,True
0.44,450,1.224804,0.239085,1.270335,True
0.44,451,1.151909,0.526457,1.058892,True
0.44,452,1.703937,0.617421,1.004181,True
0.44,453,2.259475,0.738817,0.779372,True
0.44,454,1.301495,0.382497,1.106831,True
0.44,455,3.449539,0.706050,0.682429,True
0.44,456,1.446525,0.420026,1.005991,True
0.44,457,2.256077,0.476198,1.005210,True
0.44,458,1.441100,0.344800,1.154338,True
0.44,459,1.980526,0.595438,0.876179,True
0.44,460,1.403140,0.431707,0.948118,True
0.44,461,1.257690,0.687381,0.776623,True
0.44,462,0.958709,0.282592,1.116781,True
0.44,463,2.151540,0.278111,1.183058,True
0.44,464,1.432619,0.457759,0.939303,True
0.44,465,2.220897,0.626716,0.924292,True
0.44,466,2.212362,0.368492,0.865903,True
0.44,467,1.789732,0.626204,0.952988,True
0.44,468,1.758902,0.641116,0.884359,True
0.44,469,1.115758,0.385165,0.849280,True
0.44,470,0.981067,0.247578,1.148883,True
0.44,471,1.549805,0.423660,1.077397,True
0.44,472,1.380092,0.475478,0.986348,True
0.44,473,1.513966,0.449923,1.008516,True
0.44,474,1.862535,0.727471,0.615229,True
0.44,475,5.508309,0.613462,0.742306,True
0.44,476,1.499123,0.404271,0.922322,True
0.44,477,1.469217,0.488562,0.927670,True
0.44,478,1.189743,0.422795,1.066588,True
0.44,479,1.448835,0.688702,0.724255,True
0.44,480,2.014115,0.706132,0.809601,True
0.44,481,1.292558,0.523869,0.902945,True
0.44,482,1.179459,0.221254,1.128405,True
0.44,483,1.417697,0.590804,0.915956,True
0.44,484,2.210693,0.807290,0.667012,True
0.44,485,1.943077,0.577805,0.892446,True
0.44,486,3.093450,0.546031,0.728129,True
0.44,487,2.344920,0.629009,0.920321,True
0.44,488,1.719850,0.726666,0.622893,True
0.44,489,1.486985,0.567086,1.033371,True
0.44,490,4.557748,0.898621,0.586527,True
0.44,491,1.368399,0.598497,0.867465,True
0.44,492,1.594622,0.743882,0.957872,True
0.44,493,1.955053,0.827698,0.729364,True
0.44,494,0.995425,0.195488,1.075687,True
0.44,495,1.781986,0.553584,0.974952,True
0.44,496,1.925780,0.428285,1.044579,True
0.44,497,0.877627,0.276302,1.191742,True
0.44,498,2.341931,0.444001,0.930808,True
0.44,499,1.685957,0.420592,1.036309,True
0.46,0,2.113256,0.572455,0.852002,True
0.46,1,4.231529,0.586294,0.853682,True
0.46,2,2.302919,0.658110,0.923201,True
0.46,3,1.366353,0.520325,0.705660,True
0.46,4,1.386112,0.431040,1.137177,True
0.46,5,2.183374,0.667519,0.781547,True
0.46,6,1.052767,0.200893,1.304940,True
0.46,7,1.514947,0.465713,1.009227,True
0.46,8,3.150539,0.679528,0.781898,True
0.46,9,3.155415,0.522853,1.110310,True
0.46,10,2.895774,0.424312,0.905347,True
0.46,11,1.328139,0.305181,1.051651,True
0.46,12,1.913911,0.573694,0.915155,True
0.46,13,1.535265,0.289752,1.128817,True
0.46,14,1.522866,0.452961,1.260714,True
0.46,15,1.522020,0.445448,1.054314,True
0.46,16,1.893213,0.647713,0.927175,True
0.46,17,1.641338,0.864989,0.750999,True
0.46,18,1.613680,0.405210,1.037548,True
0.46,19,2.265323,0.771233,0.732987,True
0.46,20,2.397713,0.763404,0.795761,True
0.46,21,2.060236,0.797709,0.802002,True
0.46,22,1.512180,0.510938,1.099719,True
0.46,23,1.878144,0.713190,0.744048,True
0.46,24,1.716378,0.677549,0.798078,True
0.46,25,1.655321,0.432769,0.943043,True
0.46,26,1.289483,0.472039,0.978128,True
0.46,27,1.703376,0.359336,1.071563,True
0.46,28,1.364786,0.356483,1.022730,True
0.46,29,2.245882,0.941979,0.614706,True
0.46,30,1.159732,0.264799,1.204363,True
0.46,31,1.245693,0.428147,1.015776,True
0.46,32,2.141253,0.474666,0.776626,True
0.46,33,1.985736,0.792344,0.792667,True
0.46,34,1.651869,0.611798,0.905926,True
0.46,35,4.779230,0.776386,0.721928,True
0.46,36,1.537980,0.579214,0.851119,True
0.46,37,2.221168,0.753099,0.654335,True
0.46,38,1.985189,0.710187,0.923982,True
0.46,39,2.289886,0.596004,0.824215,True
0.46,40,2.450104,0.741872,0.769463,True
0.46,41,1.723974,0.670146,0.813277,True
0.46,42,1.411386,0.298897,1.059923,True
0.46,43,1.482970,0.737715,0.724367,True
0.46,44,1.445216,0.657556,0.848846,True
0.46,45,1.368089,0.481076,0.967996,True
0.46,46,3.386045,0.574280,0.933355,True
0.46,47,2.215110,0.826950,0.605133,True
0.46,48,2.158662,0.684685,0.782245,True
0.46,49,1.918174,0.570638,0.817513,True
0.46,50,1.895145,0.649608,0.748965,True
0.46,51,8.012198,0.517997,0.949987,True
0.46,52,1.424013,0.383909,0.972850,True
0.46,53,1.676623,0.519543,1.012992,True
0.46,54,2.890495,0.501348,0.955476,True
0.46,55,0.775555,0.210977,1.245950,True
0.46,56,2.113878,0.382356,1.096472,True
0.46,57,1.986758,0.675519,0.883650,True
0.46,58,2.975570,0.648959,0.707518,True
0.46,59,1.420949,0.564540,0.931676,True
0.46,60,1.807105,0.771501,0.825196,True
0.46,61,1.542348,0.486932,0.921076,True
0.46,62,1.344213,0.500794,1.040031,True
0.46,63,3.200885,0.409442,1.081745,True
0.46,64,3.645944,0.337516,1.101660,True
0.46,65,1.336550,0.719190,0.771363,True
0.46,66,1.755717,0.586732,1.009573,True
0.46,67,1.741271,0.388428,1.050480,True
0.46,68,4.259932,0.779555,0.596194,True
0.46,69,1.692056,0.424650,0.987432,True
0.46,70,1.626769,0.680518,0.755585,True
0.46,71,2.492956,0.746784,0.747426,True
0.46,72,1.681634,0.476538,0.756353,True
0.46,73,2.602514,0.525536,1.119541,True
0.46,74,1.855324,0.844378,0.733962,True
0.46,75,1.847405,0.473957,1.002842,True
0.46,76,2.443306,0.477883,0.916612,True
0.46,77,3.857652,0.642764,0.904527,True
0.46,78,1.352342,0.427469,1.068995,True
0.46,79,1.569103,0.508262,0.929867,True
0.46,80,1.539330,0.409752,1.125260,True
0.46,81,1.189433,0.205695,1.072255,True
0.46,82,5.836828,0.595719,0.988122,True
0.46,83,3.758034,0.604751,0.842232,True
0.46,84,1.336330,0.457770,1.025438,True
0.46,85,1.482439,0.442284,1.082977,True
0.46,86,1.182582,0.328071,1.092469,True
0.46,87,2.118096,0.929351,0.543184,True
0.46,88,0.871931,0.261789,1.334256,True
0.46,89,2.264184,0.602543,0.855247,True
0.46,90,1.467676,0.455451,1.039808,True
0.46,91,2.138338,0.651676,0.937367,True
0.46,92,3.060996,0.366882,1.096123,True
0.46,93,1.279419,0.381447,1.100437,True
0.46,94,2.155638,0.749026,0.827060,True
0.46,95,1.519960,0.299188,1.197727,True
0.46,96,1.556562,0.478900,0.922633,True
0.46,97,3.058252,0.368531,1.038871,True
0.46,98,1.733381,0.469664,0.964115,True
0.46,99,1.896921,0.444106,0.938255,True
0.46,100,2.069374,0.743399,0.666970,True
0.46,101,1.983257,0.595823,0.945742,True
0.46,102,1.418758,0.357464,1.112315,True
0.46,103,3.393424,0.442179,0.952598,True
0.46,104,0.952534,0.411823,0.968215,True
0.46,105,1.284254,0.312753,1.056417,True
0.46,106,1.157962,0.456330,0.842401,True
0.46,107,2.150457,0.475587,1.115235,True
0.46,108,2.051377,0.299200,1.094399,True
0.46,109,1.221382,0.342483,1.078223,True
0.46,110,1.732500,0.516998,0.868064,True
0.46,111,2.997328,0.589494,0.748436,True
0.46,112,1.924619,0.653969,0.844259,True
0.46,113,1.875026,0.811499,0.685955,True
0.46,114,1.571244,0.447448,0.916651,True
0.46,115,1.482547,0.418489,1.083622,True
0.46,116,1.525758,0.338224,1.073871,True
0.46,117,1.841912,0.816749,0.641077,True
0.46,118,1.765298,0.773335,0.643893,True
0.46,119,2.129183,0.515064,0.958294,True
0.46,120,2.121619,0.506047,1.000927,True
0.46,121,3.693245,0.552384,0.903329,True
0.46,122,1.920424,0.469555,1.008788,True
0.46,123,1.734366,0.602610,0.895403,True
0.46,124,3.755243,0.627977,0.812185,True
0.46,125,0.762378,0.289479,1.087093,True
0.46,126,5.106129,0.545769,0.746199,True
0.46,127,2.084623,0.739724,0.674413,True
0.46,128,2.077342,0.427275,1.028435,True
0.46,129,1.386439,0.475855,0.960702,True
0.46,130,1.829653,0.503018,0.892280,True
0.46,131,1.253543,0.564914,0.909202,True
0.46,132,2.409160,0.652665,0.851404,True
0.46,133,1.745203,0.526042,0.930433,True
0.46,134,1.442863,0.661090,0.897420,True
0.46,135,4.829918,0.514376,0.817633,True
0.46,136,1.789296,0.482308,1.031737,True
0.46,137,1.979498,0.557705,0.903221,True
0.46,138,2.000377,0.835961,0.626327,True
0.46,139,1.080470,0.365345,1.096777,True
0.46,140,1.834926,0.563991,0.947302,True
0.46,141,3.288032,0.558853,0.833566,True
0.46,142,1.956874,0.651097,0.896400,True
0.46,143,1.633619,0.621621,0.910324,True
0.46,144,0.784147,0.353486,1.024435,True
0.46,145,0.789777,0.220787,1.164853,True
0.46,146,3.992248,0.796502,0.574451,True
0.46,147,1.775092,0.638796,0.791858,True
0.46,148,1.504272,0.217022,1.141795,True
0.46,149,3.080041,0.675465,0.783507,True
0.46,150,3.519177,0.722248,0.611128,True
0.46,151,1.468796,0.476164,1.085892,True
0.46,152,1.499942,0.525944,0.998821,True
0.46,153,5.179459,0.616221,0.912727,True
0.46,154,1.410413,0.457977,0.857937,True
0.46,155,1.454400,0.591497,0.847190,True
0.46,156,1.303245,0.434252,1.062302,True
0.46,157,3.499802,0.482155,0.776398,True
0.46,158,1.234486,0.290111,1.065670,True
0.46,159,1.607756,0.502748,0.793382,True
0.46,160,1.454592,0.584339,0.857689,True
0.46,161,4.191071,0.558084,0.863436,True
0.46,162,1.631332,0.568916,0.971035,True
0.46,163,3.028372,0.427341,1.030540,True
0.46,164,2.030655,0.769912,0.683139,True
0.46,165,1.088452,0.346504,0.987929,True
0.46,166,4.607715,0.581538,0.928687,True
0.46,167,2.626402,0.712895,0.856762,True
0.46,168,1.854045,0.534034,1.055933,True
0.46,169,1.577762,0.600603,0.883028,True
0.46,170,2.901750,0.528995,0.815118,True
0.46,171,1.880258,0.697921,0.686663,True
0.46,172,1.750334,0.400237,0.970709,True
0.46,173,1.485769,0.405781,1.144045,True
0.46,174,1.596549,0.473471,1.110857,True
0.46,175,1.827291,0.539906,0.926951,True
0.46,176,1.962093,0.380577,1.190859,True
0.46,177,1.701863,0.601726,0.978958,True
0.46,178,2.415057,0.776273,0.812790,True
0.46,179,3.961098,0.636323,0.747067,True
0.46,180,1.567266,0.612143,1.085121,True
0.46,181,1.350222,0.598392,1.014884,True
0.46,182,8.191854,0.540073,0.980095,True
0.46,183,1.661732,0.651525,0.847466,True
0.46,184,2.047287,0.677997,0.906823,True
0.46,185,1.063523,0.342317,1.183830,True
0.46,186,2.044116,0.705642,0.825627,True
0.46,187,1.458364,0.652446,0.872821,True
0.46,188,3.206539,0.517919,0.825627,True
0.46,189,1.441198,0.336705,1.044357,True
0.46,190,1.873796,0.580323,0.891011,True
0.46,191,3.896880,0.580860,0.918707,True
0.46,192,1.830602,0.819781,0.730999,True
0.46,193,1.196972,0.369468,1.070134,True
0.46,194,1.166617,0.333287,1.158885,True
0.46,195,2.138894,0.687611,0.877091,True
0.46,196,1.786458,0.369812,1.043025,True
0.46,197,1.978942,0.679546,0.776221,True
0.46,198,3.067498,0.405634,1.133999,True
0.46,199,2.167120,0.550761,1.067469,True
0.46,200,1.510973,0.316451,1.151890,True
0.46,201,1.670281,0.512022,0.991069,True
0.46,202,1.293174,0.335509,1.141230,True
0.46,203,1.134212,0.538026,0.888082,True
0.46,204,1.377402,0.313746,1.190102,True
0.46,205,2.389834,0.545526,1.052165,True
0.46,206,1.764552,0.521327,0.897529,True
0.46,207,2.139804,0.542743,0.895115,True
0.46,208,0.877240,0.345697,0.932961,True
0.46,209,1.564411,0.423058,1.169940,True
0.46,210,1.428076,0.392322,1.098639,True
0.46,211,1.890687,0.487469,0.980168,True
0.46,212,0.706216,0.153097,1.275557,True
0.46,213,1.418825,0.353211,1.083606,True
0.46,214,1.285698,0.582888,0.881316,True
0.46,215,2.266828,0.934980,0.603583,True
0.46,216,1.017476,0.338266,1.115479,True
0.46,217,2.055459,0.565274,0.868408,True
0.46,218,3.783211,0.545835,0.834478,True
0.46,219,1.341647,0.608484,0.802540,True
0.46,220,1.974447,0.644320,0.903256,True
0.46,221,2.063861,0.470194,0.991982,True
0.46,222,2.109120,0.760577,0.591994,True
0.46,223,1.590556,0.432634,1.011932,True
0.46,224,3.659692,0.412520,0.974106,True
0.46,225,1.175115,0.275448,1.249347,True
0.46,226,1.429075,0.241186,1.305171,True
0.46,227,1.641889,0.314804,1.026824,True
0.46,228,2.428682,0.513472,0.861385,True
0.46,229,1.605085,0.514261,0.980019,True
0.46,230,1.331098,0.429929,1.147023,True
0.46,231,2.965648,0.607173,0.888550,True
0.46,232,1.558083,0.625443,0.901758,True
0.46,233,0.925615,0.296968,1.069681,True
0.46,234,1.296371,0.358884,1.110096,True
0.46,235,2.264496,0.885088,0.689000,True
0.46,236,1.762082,0.514526,0.982920,True
0.46,237,2.181380,0.381242,1.076493,True
0.46,238,1.130840,0.370549,1.199798,True
0.46,239,1.688451,0.484947,0.993951,True
0.46,240,2.415815,0.716558,0.697479,True
0.46,241,1.738916,0.757264,0.666618,True
0.46,242,1.808367,0.803794,0.800351,True
0.46,243,0.976359,0.247046,1.177578,True
0.46,244,1.695544,0.749048,0.722055,True
0.46,245,1.402359,0.245569,1.139670,True
0.46,246,1.357284,0.426375,0.965289,True
0.46,247,1.927563,0.508578,1.043639,True
0.46,248,1.794316,0.294595,1.066098,True
0.46,249,1.942964,0.573698,0.889883,True
0.46,250,1.154477,0.372793,0.954877,True
0.46,251,2.068847,0.479973,0.908282,True
0.46,252,1.231204,0.399236,1.074881,True
0.46,253,6.164693,0.734004,0.756432,True
0.46,254,1.602937,0.383621,1.035991,True
0.46,255,1.638826,0.558441,0.883305,True
0.46,256,5.265095,0.617632,0.775045,True
0.46,257,2.428238,0.692639,0.732322,True
0.46,258,3.707607,0.504880,0.953652,True
0.46,259,4.384053,0.676298,0.824736,True
0.46,260,1.868101,0.703700,0.770831,True
0.46,261,3.542181,0.618543,0.907887,True
0.46,262,1.706143,0.251028,1.182351,True
0.46,263,1.892188,0.532690,0.874731,True
0.46,264,1.670636,0.627462,0.786729,True
0.46,265,1.852569,0.702340,0.752419,True
0.46,266,1.539149,0.540930,0.993172,True
0.46,267,1.266124,0.350229,1.072664,True
0.46,268,2.259394,0.608448,0.855011,True
0.46,269,3.120611,0.428968,1.046912,True
0.46,270,2.031640,0.440676,1.044748,True
0.46,271,1.463239,0.349904,1.218948,True
0.46,272,2.298288,0.764959,0.608781,True
0.46,273,2.042221,0.524063,1.076636,True
0.46,274,1.243706,0.404353,1.009261,True
0.46,275,3.063532,0.399739,0.957958,True
0.46,276,1.469880,0.585620,0.924217,True
0.46,277,5.884060,0.614974,0.782207,True
0.46,278,2.120633,0.538824,0.939571,True
0.46,279,0.914303,0.292549,1.086941,True
0.46,280,1.711159,0.529523,0.939553,True
0.46,281,1.895624,0.795778,0.793197,True
0.46,282,1.450884,0.494051,0.916176,True
0.46,283,1.453819,0.364611,1.133204,True
0.46,284,1.756140,0.650655,0.722093,True
0.46,285,1.408690,0.562960,0.828212,True
0.46,286,1.530211,0.445886,1.030025,True
0.46,287,1.451254,0.595523,0.866890,True
0.46,288,3.639572,0.549812,0.857752,True
0.46,289,0.864226,0.321714,0.999898,True
0.46,290,1.055945,0.346879,1.129965,True
0.46,291,2.899629,0.571737,0.777683,True
0.46,292,1.557469,0.656584,0.865620,True
0.46,293,1.591697,0.468357,0.965686,True
0.46,294,1.876091,0.320147,1.183891,True
0.46,295,1.601661,0.531819,0.921632,True
0.46,296,1.915741,0.421921,1.007337,True
0.46,297,3.119643,0.579662,0.829454,True
0.46,298,1.137233,0.307692,1.067063,True
0.46,299,1.412569,0.346105,1.074929,True
0.46,300,1.276773,0.330814,1.079904,True
0.46,301,1.468201,0.472702,0.980386,True
0.46,302,1.399302,0.361329,1.098273,True
0.46,303,2.108813,0.604172,0.798196,True
0.46,304,1.841896,0.630177,0.816060,True
0.46,305,1.293030,0.596584,0.928100,True
0.46,306,2.127721,0.649139,0.821568,True
0.46,307,2.448363,0.700722,0.617209,True
0.46,308,1.113679,0.377980,1.028793,True
0.46,309,1.723981,0.349365,1.112541,True
0.46,310,1.339927,0.265819,1.156116,True
0.46,311,1.823085,0.791701,0.663764,True
0.46,312,1.329345,0.238059,1.184398,True
0.46,313,2.262100,0.298539,1.151272,True
0.46,314,1.560448,0.597780,0.749637,True
0.46,315,2.002325,0.718222,0.718454,True
0.46,316,1.418671,0.324972,1.279550,True
0.46,317,2.154254,0.808481,0.698175,True
0.46,318,3.161215,0.520860,0.913002,True
0.46,319,1.695268,0.722338,0.672000,True
0.46,320,1.888960,0.540356,1.035416,True
0.46,321,1.683232,0.573431,0.988892,True
0.46,322,1.428999,0.457178,0.962710,True
0.46,323,2.105737,0.886373,0.628894,True
0.46,324,1.600685,0.401306,1.093091,True
0.46,325,1.200374,0.458000,0.907972,True
0.46,326,2.128027,0.716018,0.773392,True
0.46,327,2.216023,0.665064,0.670436,True
0.46,328,1.964841,0.655430,0.761506,True
0.46,329,4.747047,0.493674,0.897022,True
0.46,330,2.198248,0.796651,0.626699,True
0.46,331,1.264124,0.275141,1.240943,True
0.46,332,1.829427,0.720061,0.665699,True
0.46,333,0.974187,0.229920,1.035797,True
0.46,334,2.105548,0.335697,1.087584,True
0.46,335,1.877659,0.810957,0.686012,True
0.46,336,2.187718,0.558503,0.985996,True
0.46,337,1.269379,0.288474,1.287894,True
0.46,338,1.325114,0.484430,0.875217,True
0.46,339,3.958980,0.720841,0.739529,True
0.46,340,1.752100,0.403727,1.083181,True
0.46,341,1.563929,0.438017,1.131472,True
0.46,342,0.836087,0.367683,0.972152,True
0.46,343,1.940725,0.540547,0.952831,True
0.46,344,2.063337,0.913835,0.652344,True
0.46,345,2.228967,0.670992,0.846265,True
0.46,346,2.017011,0.789002,0.708229,True
0.46,347,1.010227,0.278464,1.048895,True
0.46,348,1.938687,0.497812,1.039750,True
0.46,349,3.451707,0.665224,0.757104,True
0.46,350,1.395288,0.362133,1.095648,True
0.46,351,2.106091,0.898163,0.646795,True
0.46,352,1.371248,0.316435,1.093744,True
0.46,353,2.218191,0.463908,1.028218,True
0.46,354,2.171753,0.578852,0.920040,True
0.46,355,1.566078,0.491892,0.891629,True
0.46,356,1.036437,0.186175,1.267289,True
0.46,357,1.779311,0.658748,0.610878,True
0.46,358,1.026734,0.333320,1.100501,True
0.46,359,1.471436,0.529172,1.002029,True
0.46,360,1.310834,0.476536,0.910952,True
0.46,361,2.143969,0.515634,0.947682,True
0.46,362,1.657845,0.325087,1.068694,True
0.46,363,1.559280,0.523609,0.877834,True
0.46,364,1.503358,0.542288,0.748000,True
0.46,365,1.336594,0.291287,1.210827,True
0.46,366,1.562633,0.295404,1.324973,True
0.46,367,1.867981,0.417127,0.959862,True
0.46,368,1.514321,0.620934,0.790889,True
0.46,369,1.545917,0.469430,1.037423,True
0.46,370,2.484349,0.580233,0.830396,True
0.46,371,3.184956,0.542644,0.863022,True
0.46,372,1.494853,0.582446,1.160259,True
0.46,373,1.958573,0.618175,0.730567,True
0.46,374,3.543006,0.515044,0.883107,True
0.46,375,4.237581,0.658663,0.752429,True
0.46,376,2.290098,0.579729,0.798370,True
0.46,377,5.276610,0.669249,0.806628,True
0.46,378,2.275833,0.469620,1.000988,True
0.46,379,1.986399,0.610377,0.852344,True
0.46,380,3.283393,0.570295,0.953404,True
0.46,381,1.296537,0.408153,0.968688,True
0.46,382,1.456607,0.420394,1.030409,True
0.46,383,1.155951,0.360242,1.156544,True
0.46,384,1.436456,0.592809,0.956852,True
0.46,385,1.782665,0.746913,0.654351,True
0.46,386,2.149722,0.349676,1.125601,True
0.46,387,7.244806,0.442930,1.074323,True
0.46,388,1.078771,0.387960,0.963184,True
0.46,389,3.625147,0.387934,1.012364,True
0.46,390,1.147232,0.186172,1.157493,True
0.46,391,1.718569,0.525358,0.984867,True
0.46,392,1.605310,0.382737,1.244749,True
0.46,393,1.410898,0.485860,0.907622,True
0.46,394,1.040967,0.294191,1.071387,True
0.46,395,1.168208,0.421668,1.107729,True
0.46,396,1.522145,0.547972,0.969250,True
0.46,397,1.039971,0.382086,1.005629,True
0.46,398,1.881548,0.354698,1.026187,True
0.46,399,1.852295,0.631008,0.802242,True
0.46,400,3.175225,0.534254,0.914679,True
0.46,401,3.320979,0.563972,0.962341,True
0.46,402,1.528645,0.411110,0.969457,True
0.46,403,1.850043,0.600564,1.012274,True
0.46,404,1.664137,0.491151,0.997843,True
0.46,405,1.224815,0.481503,0.885416,True
0.46,406,1.753713,0.638135,0.901889,True
0.46,407,2.941744,0.625597,0.900886,True
0.46,408,1.689705,0.615938,0.826551,True
0.46,409,1.827341,0.334963,1.054634,True
0.46,410,1.685093,0.477096,1.026609,True
0.46,411,1.323690,0.396069,1.018909,True
0.46,412,3.186460,0.506303,0.959584,True
0.46,413,1.334043,0.422805,0.988479,True
0.46,414,2.102489,0.781632,0.667280,True
0.46,415,2.241323,0.498356,1.039839,True
0.46,416,2.163800,0.625239,0.991709,True
0.46,417,4.877126,0.537779,0.917660,True
0.46,418,1.830323,0.506327,0.935949,True
0.46,419,2.224711,0.554524,0.946370,True
0.46,420,3.336504,0.625912,0.940744,True
0.46,421,1.537222,0.512712,0.808908,True
0.46,422,3.482250,0.545976,0.896160,True
0.46,423,1.966690,0.447326,1.078803,True
0.46,424,1.897840,0.680145,0.736307,True
0.46,425,2.915418,0.283985,1.168889,True
0.46,426,2.123826,0.384405,1.092703,True
0.46,427,1.888568,0.695833,0.820758,True
0.46,428,1.485948,0.579977,0.924755,True
0.46,429,2.035111,0.809911,0.772952,True
0.46,430,2.084215,0.794233,0.801487,True
0.46,431,1.555905,0.502737,0.959182,True
0.46,432,1.827671,0.678518,0.835216,True
0.46,433,2.902789,0.456596,0.825302,True
0.46,434,3.114303,0.537245,0.933498,True
0.46,435,1.399716,0.397616,1.145072,True
0.46,436,2.138097,0.537777,0.817902,True
0.46,437,2.906412,0.467859,0.903466,True
0.46,438,1.280796,0.659368,0.755430,True
0.46,439,1.960257,0.654042,0.829683,True
0.46,440,1.701693,0.487371,0.967519,True
0.46,441,0.780783,0.385471,0.902093,True
0.46,442,1.659446,0.476758,1.054967,True
0.46,443,4.162228,0.447996,0.952011,True
0.46,444,1.699543,0.572273,0.928304,True
0.46,445,1.758871,0.486421,0.958476,True
0.46,446,1.795867,0.448703,1.142871,True
0.46,447,3.211487,0.624032,0.825354,True
0.46,448,1.238659,0.550323,0.947620,True
0.46,449,1.908666,0.464496,0.908038,True
0.46,450,1.218440,0.238473,1.270820,True
0.46,451,1.146985,0.525585,1.059653,True
0.46,452,1.687857,0.612896,1.007845,True
0.46,453,2.245181,0.728291,0.787438,True
0.46,454,1.287280,0.380357,1.108521,True
0.46,455,3.449539,0.706050,0.682429,True
0.46,456,1.434768,0.417954,1.007666,True
0.46,457,2.247957,0.468492,1.010867,True
0.46,458,1.433794,0.343365,1.155383,True
0.46,459,1.963441,0.590109,0.880500,True
0.46,460,1.397606,0.430496,0.949036,True
0.46,461,1.244532,0.683533,0.779498,True
0.46,462,0.956524,0.282357,1.116953,True
0.46,463,2.144792,0.273810,1.186130,True
0.46,464,1.423559,0.455989,0.940739,True
0.46,465,2.204063,0.618492,0.930714,True
0.46,466,2.210088,0.361508,0.870826,True
0.46,467,1.774765,0.621941,0.956508,True
0.46,468,1.740368,0.636824,0.888174,True
0.46,469,1.113060,0.384784,0.849593,True
0.46,470,0.971674,0.246909,1.149450,True
0.46,471,1.534992,0.421398,1.079377,True
0.46,472,1.371024,0.473891,0.987717,True
0.46,473,1.499927,0.447599,1.010522,True
0.46,474,1.845708,0.721867,0.619872,True
0.46,475,5.508309,0.613462,0.742306,True
0.46,476,1.488913,0.402654,0.923699,True
0.46,477,1.458984,0.486688,0.929288,True
0.46,478,1.186095,0.422038,1.067134,True
0.46,479,1.440371,0.686251,0.726268,True
0.46,480,1.997158,0.699400,0.815003,True
0.46,481,1.277515,0.520833,0.905341,True
0.46,482,1.167240,0.219948,1.129276,True
0.46,483,1.402441,0.587408,0.918781,True
0.46,484,2.194739,0.796467,0.675373,True
0.46,485,1.923575,0.572980,0.896546,True
0.46,486,3.093450,0.546031,0.728129,True
0.46,487,2.336987,0.617659,0.928736,True
0.46,488,1.703988,0.721650,0.627041,True
0.46,489,1.472205,0.564113,1.035965,True
0.46,490,4.557748,0.898621,0.586527,True
0.46,491,1.358272,0.596399,0.869319,True
0.46,492,1.577396,0.738549,0.962216,True
0.46,493,1.938462,0.820734,0.735044,True
0.46,494,0.991123,0.194983,1.075960,True
0.46,495,1.763833,0.549687,0.978318,True
0.46,496,1.910434,0.424747,1.047416,True
0.46,497,0.874412,0.276017,1.191954,True
0.46,498,2.330871,0.436404,0.936526,True
0.46,499,1.669501,0.417768,1.038683,True
0.48,0,2.096113,0.566170,0.856981,True
0.48,1,4.231529,0.586294,0.853682,True
0.48,2,2.291036,0.647607,0.931126,True
0.48,3,1.358793,0.518818,0.706936,True
0.48,4,1.378821,0.429694,1.138261,True
0.48,5,2.169614,0.658785,0.788190,True
0.48,6,1.047609,0.200468,1.305245,True
0.48,7,1.500040,0.463212,1.011395,True
0.48,8,3.150539,0.679528,0.781898,True
0.48,9,3.155415,0.522853,1.110310,True
0.48,10,2.895774,0.424312,0.905347,True
0.48,11,1.322945,0.304334,1.052266,True
0.48,12,1.899078,0.568952,0.918928,True
0.48,13,1.522795,0.288162,1.130095,True
0.48,14,1.510811,0.450763,1.262550,True
0.48,15,1.512830,0.443842,1.055686,True
0.48,16,1.875062,0.642616,0.931472,True
0.48,17,1.625511,0.860079,0.755344,True
0.48,18,1.601810,0.403193,1.039234,True
0.48,19,2.252478,0.759701,0.741718,True
0.48,20,2.399042,0.744793,0.809204,True
0.48,21,2.045235,0.789431,0.808450,True
0.48,22,1.502460,0.508939,1.101403,True
0.48,23,1.860641,0.707830,0.748585,True
0.48,24,1.701554,0.673191,0.801695,True
0.48,25,1.642093,0.430578,0.944949,True
0.48,26,1.281985,0.470574,0.979294,True
0.48,27,1.687628,0.356681,1.073690,True
0.48,28,1.358061,0.355434,1.023566,True
0.48,29,2.239724,0.927013,0.625578,True
0.48,30,1.150801,0.264010,1.205034,True
0.48,31,1.237472,0.427018,1.016799,True
0.48,32,2.126304,0.469013,0.780988,True
0.48,33,1.970519,0.784739,0.798613,True
0.48,34,1.639029,0.608703,0.908588,True
0.48,35,4.779230,0.776386,0.721928,True
0.48,36,1.526878,0.576591,0.853314,True
0.48,37,2.208747,0.742554,0.662293,True
0.48,38,1.968870,0.703336,0.929392,True
0.48,39,2.285067,0.585517,0.831820,True
0.48,40,2.455496,0.721583,0.784129,True
0.48,41,1.707055,0.665911,0.816991,True
0.48,42,1.404944,0.298053,1.060604,True
0.48,43,1.472084,0.734572,0.727023,True
0.48,44,1.435018,0.655022,0.851015,True
0.48,45,1.356472,0.479104,0.969699,True
0.48,46,3.386045,0.574280,0.933355,True
0.48,47,2.200274,0.815676,0.613771,True
0.48,48,2.146010,0.675954,0.788826,True
0.48,49,1.903267,0.565421,0.821569,True
0.48,50,1.879846,0.644413,0.753145,True
0.48,51,8.012198,0.517997,0.949987,True
0.48,52,1.418082,0.382952,0.973637,True
0.48,53,1.667320,0.516660,1.015179,True
0.48,54,2.890495,0.501348,0.955476,True
0.48,55,0.774423,0.210914,1.246000,True
0.48,56,2.098089,0.378064,1.099820,True
0.48,57,1.971842,0.669223,0.888591,True
0.48,58,2.975570,0.648959,0.707518,True
0.48,59,1.409554,0.562197,0.933697,True
0.48,60,1.791751,0.765581,0.829943,True
0.48,61,1.528567,0.484400,0.923245,True
0.48,62,1.338222,0.499625,1.041013,True
0.48,63,3.200885,0.409442,1.081745,True
0.48,64,3.645944,0.337516,1.101660,True
0.48,65,1.326570,0.716630,0.773572,True
0.48,66,1.738763,0.582928,1.012884,True
0.48,67,1.725517,0.386064,1.052536,True
0.48,68,4.259932,0.779555,0.596194,True
0.48,69,1.681034,0.422423,0.989238,True
0.48,70,1.615382,0.677187,0.758352,True
0.48,71,2.510042,0.721956,0.765195,True
0.48,72,1.669208,0.473503,0.758734,True
0.48,73,2.761565,0.477501,1.153426,True
0.48,74,1.839920,0.837591,0.739385,True
0.48,75,1.832112,0.469948,1.005990,True
0.48,76,2.450621,0.464849,0.925980,True
0.48,77,3.857652,0.642764,0.904527,True
0.48,78,1.347163,0.426508,1.069765,True
0.48,79,1.553966,0.505243,0.932396,True
0.48,80,1.528640,0.408053,1.126717,True
0.48,81,1.184180,0.205275,1.072593,True
0.48,82,5.836828,0.595719,0.988122,True
0.48,83,3.758034,0.604751,0.842232,True
0.48,84,1.331913,0.456675,1.026236,True
0.48,85,1.472094,0.440557,1.084464,True
0.48,86,1.176640,0.327301,1.093077,True
0.48,87,2.103283,0.918744,0.551375,True
0.48,88,0.870930,0.261666,1.334329,True
0.48,89,2.250721,0.593498,0.862112,True
0.48,90,1.454956,0.453523,1.041558,True
0.48,91,2.123207,0.643945,0.943335,True
0.48,92,3.060996,0.366882,1.096123,True
0.48,93,1.272514,0.380446,1.101270,True
0.48,94,2.146612,0.738810,0.834537,True
0.48,95,1.510607,0.298006,1.198705,True
0.48,96,1.543277,0.476641,0.924639,True
0.48,97,3.058252,0.368531,1.038871,True
0.48,98,1.718873,0.466582,0.966643,True
0.48,99,1.879581,0.440361,0.941310,True
0.48,100,2.054521,0.735536,0.673070,True
0.48,101,1.968012,0.590524,0.949950,True
0.48,102,1.412454,0.356384,1.113153,True
0.48,103,3.393424,0.442179,0.952598,True
0.48,104,0.949868,0.411464,0.968503,True
0.48,105,1.280726,0.312141,1.056854,True
0.48,106,1.147725,0.454855,0.843688,True
0.48,107,2.133369,0.470019,1.119618,True
0.48,108,2.039852,0.295940,1.096835,True
0.48,109,1.209866,0.340957,1.079416,True
0.48,110,1.717268,0.513883,0.870746,True
0.48,111,2.997328,0.589494,0.748436,True
0.48,112,1.910142,0.648636,0.848494,True
0.48,113,1.858881,0.805355,0.691025,True
0.48,114,1.559190,0.444879,0.918671,True
0.48,115,1.475878,0.417152,1.084677,True
0.48,116,1.517667,0.336946,1.074893,True
0.48,117,1.823953,0.810670,0.646244,True
0.48,118,1.752488,0.768597,0.647752,True
0.48,119,2.112083,0.509248,0.962889,True
0.48,120,2.106421,0.500173,1.005469,True
0.48,121,3.693245,0.552384,0.903329,True
0.48,122,1.905431,0.465716,1.011855,True
0.48,123,1.721943,0.599026,0.898309,True
0.48,124,3.755243,0.627977,0.812185,True
0.48,125,0.761602,0.289392,1.087144,True
0.48,126,5.106129,0.545769,0.746199,True
0.48,127,2.068235,0.731889,0.680591,True
0.48,128,2.060391,0.422867,1.031943,True
0.48,129,1.376482,0.474135,0.962189,True
0.48,130,1.816594,0.499287,0.895204,True
0.48,131,1.244064,0.563074,0.910791,True
0.48,132,2.421192,0.635279,0.863666,True
0.48,133,1.729707,0.522675,0.933287,True
0.48,134,1.434096,0.658804,0.899349,True
0.48,135,4.829918,0.514376,0.817633,True
0.48,136,1.780321,0.478875,1.034246,True
0.48,137,1.962666,0.552734,0.907243,True
0.48,138,1.989091,0.826755,0.633112,True
0.48,139,1.074377,0.364477,1.097429,True
0.48,140,1.818806,0.559027,0.951187,True
0.48,141,3.288032,0.558853,0.833566,True
0.48,142,1.942972,0.645129,0.901007,True
0.48,143,1.620055,0.618481,0.913078,True
0.48,144,0.783031,0.353396,1.024518,True
0.48,145,0.788650,0.220705,1.164907,True
0.48,146,3.992248,0.796502,0.574451,True
0.48,147,1.758148,0.634550,0.795527,True
0.48,148,1.491079,0.215853,1.142755,True
0.48,149,3.080041,0.675465,0.783507,True
0.48,150,3.519177,0.722248,0.611128,True
0.48,151,1.457288,0.473952,1.087722,True
0.48,152,1.491948,0.524079,1.000335,True
0.48,153,5.179459,0.616221,0.912727,True
0.48,154,1.404091,0.456725,0.858950,True
0.48,155,1.442739,0.588994,0.849366,True
0.48,156,1.297131,0.433068,1.063220,True
0.48,157,3.499802,0.482155,0.776398,True
0.48,158,1.223996,0.289183,1.066521,True
0.48,159,1.595352,0.500380,0.795442,True
0.48,160,1.447013,0.582546,0.859192,True
0.48,161,4.191071,0.558084,0.863436,True
0.48,162,1.615923,0.565528,0.973935,True
0.48,163,3.028372,0.427341,1.030540,True
0.48,164,2.013488,0.762536,0.689076,True
0.48,165,1.085380,0.346126,0.988241,True
0.48,166,4.607715,0.581538,0.928687,True
0.48,167,2.881940,0.629653,0.915026,True
0.48,168,1.840243,0.530220,1.059001,True
0.48,169,1.564278,0.597385,0.885747,True
0.48,170,2.901750,0.528995,0.815118,True
0.48,171,1.862558,0.692611,0.691155,True
0.48,172,1.738152,0.397820,0.972654,True
0.48,173,1.473879,0.404033,1.145574,True
0.48,174,1.583309,0.471013,1.112953,True
0.48,175,1.814557,0.536077,0.929965,True
0.48,176,1.945537,0.376776,1.193830,True
0.48,177,1.688392,0.598201,0.981889,True
0.48,178,2.433830,0.752755,0.829247,True
0.48,179,3.961098,0.636323,0.747067,True
0.48,180,1.552948,0.608983,1.087897,True
0.48,181,1.342174,0.596634,1.016403,True
0.48,182,8.191854,0.540073,0.980095,True
0.48,183,1.646970,0.647856,0.850642,True
0.48,184,2.028395,0.671373,0.912242,True
0.48,185,1.058327,0.341728,1.184324,True
0.48,186,2.028157,0.698261,0.831399,True
0.48,187,1.442937,0.648832,0.875909,True
0.48,188,3.206539,0.517919,0.825627,True
0.48,189,1.433516,0.335559,1.045276,True
0.48,190,1.858702,0.576026,0.894521,True
0.48,191,3.896880,0.580860,0.918707,True
0.48,192,1.813329,0.813472,0.736231,True
0.48,193,1.188098,0.368262,1.071115,True
0.48,194,1.161089,0.332562,1.159456,True
0.48,195,2.123904,0.679314,0.883477,True
0.48,196,1.768760,0.367269,1.045231,True
0.48,197,1.962491,0.673467,0.781111,True
0.48,198,3.067498,0.405634,1.133999,True
0.48,199,2.151351,0.543953,1.072746,True
0.48,200,1.503941,0.315375,1.152739,True
0.48,201,1.655543,0.508807,0.993733,True
0.48,202,1.282710,0.334348,1.142261,True
0.48,203,1.127629,0.536828,0.889098,True
0.48,204,1.371030,0.312950,1.190767,True
0.48,205,2.393988,0.531741,1.062040,True
0.48,206,1.747030,0.517808,0.900580,True
0.48,207,2.124776,0.536103,0.900219,True
0.48,208,0.876110,0.345554,0.933061,True
0.48,209,1.554910,0.421308,1.171382,True
0.48,210,1.420813,0.391160,1.099604,True
0.48,211,1.879500,0.483356,0.983243,True
0.48,212,0.705796,0.153060,1.275571,True
0.48,213,1.412327,0.352053,1.084486,True
0.48,214,1.280433,0.581720,0.882297,True
0.48,215,2.262075,0.919072,0.615078,True
0.48,216,1.012623,0.337707,1.115925,True
0.48,217,2.038688,0.559416,0.873043,True
0.48,218,3.783211,0.545835,0.834478,True
0.48,219,1.330024,0.605741,0.804783,True
0.48,220,1.954831,0.638677,0.908005,True
0.48,221,2.053214,0.464686,0.996037,True
0.48,222,2.092928,0.752011,0.598691,True
0.48,223,1.576536,0.430259,1.013949,True
0.48,224,3.659692,0.412520,0.974106,True
0.48,225,1.170928,0.274970,1.249721,True
0.48,226,1.413170,0.239439,1.306480,True
0.48,227,1.631911,0.313298,1.028035,True
0.48,228,2.430396,0.500964,0.870460,True
0.48,229,1.591107,0.511631,0.982328,True
0.48,230,1.326081,0.428834,1.147838,True
0.48,231,2.965648,0.607173,0.888550,True
0.48,232,1.547761,0.622929,0.903916,True
0.48,233,0.924285,0.296831,1.069785,True
0.48,234,1.289069,0.357758,1.110976,True
0.48,235,2.250689,0.871985,0.698978,True
0.48,236,1.748800,0.511364,0.985517,True
0.48,237,2.167061,0.376322,1.080257,True
0.48,238,1.122198,0.369448,1.200705,True
0.48,239,1.672375,0.481094,0.996954,True
0.48,240,2.414009,0.700150,0.709472,True
0.48,241,1.721681,0.752479,0.670851,True
0.48,242,1.791500,0.798229,0.805095,True
0.48,243,0.971335,0.246507,1.177927,True
0.48,244,1.681058,0.744787,0.725726,True
0.48,245,1.391751,0.244617,1.140490,True
0.48,246,1.349385,0.424979,0.966419,True
0.48,247,1.909933,0.504418,1.047094,True
0.48,248,1.778604,0.292484,1.067835,True
0.48,249,1.928831,0.568761,0.893751,True
0.48,250,1.146084,0.371605,0.955808,True
0.48,251,2.051738,0.475045,0.912211,True
0.48,252,1.226657,0.398505,1.075471,True
0.48,253,6.164693,0.734004,0.756432,True
0.48,254,1.590187,0.381159,1.037895,True
0.48,255,1.628189,0.555476,0.885648,True
0.48,256,5.265095,0.617632,0.775045,True
0.48,257,2.431157,0.675574,0.744664,True
0.48,258,3.707607,0.504880,0.953652,True
0.48,259,4.384053,0.676298,0.824736,True
0.48,260,1.852040,0.698522,0.775132,True
0.48,261,3.542181,0.618543,0.907887,True
0.48,262,1.699289,0.249204,1.183594,True
0.48,263,1.879579,0.528085,0.878225,True
0.48,264,1.656623,0.623782,0.789812,True
0.48,265,1.835516,0.697246,0.756731,True
0.48,266,1.527353,0.538552,0.995241,True
0.48,267,1.260485,0.349439,1.073306,True
0.48,268,2.245838,0.599377,0.861897,True
0.48,269,3.120611,0.428968,1.046912,True
0.48,270,2.017190,0.435701,1.048520,True
0.48,271,1.454329,0.348491,1.220076,True
0.48,272,2.299968,0.749620,0.619623,True
0.48,273,2.028004,0.518052,1.081186,True
0.48,274,1.239615,0.403544,1.009858,True
0.48,275,3.063532,0.399739,0.957958,True
0.48,276,1.461815,0.583326,0.926001,True
0.48,277,5.884060,0.614974,0.782207,True
0.48,278,2.105118,0.532737,0.944309,True
0.48,279,0.912146,0.292339,1.087101,True
0.48,280,1.695662,0.525795,0.942579,True
0.48,281,1.880344,0.789765,0.798110,True
0.48,282,1.437797,0.491331,0.918355,True
0.48,283,1.446283,0.362943,1.134392,True
0.48,284,1.743620,0.646776,0.725255,True
0.48,285,1.398390,0.560933,0.830006,True
0.48,286,1.515366,0.442644,1.032477,True
0.48,287,1.441813,0.593316,0.868752,True
0.48,288,3.639572,0.549812,0.857752,True
0.48,289,0.862741,0.321529,1.000020,True
0.48,290,1.052160,0.346375,1.130349,True
0.48,291,2.899629,0.571737,0.777683,True
0.48,292,1.541323,0.652063,0.869252,True
0.48,293,1.578893,0.465815,0.967785,True
0.48,294,1.863694,0.317662,1.185810,True
0.48,295,1.586364,0.528958,0.924177,True
0.48,296,1.901102,0.418631,1.009984,True
0.48,297,3.119643,0.579662,0.829454,True
0.48,298,1.131856,0.307138,1.067543,True
0.48,299,1.406329,0.345077,1.075731,True
0.48,300,1.269678,0.330017,1.080612,True
0.48,301,1.456984,0.470782,0.982064,True
0.48,302,1.393325,0.360258,1.099091,True
0.48,303,2.097182,0.596511,0.803869,True
0.48,304,1.826020,0.624499,0.820466,True
0.48,305,1.287868,0.595414,0.929084,True
0.48,306,2.119360,0.640589,0.827781,True
0.48,307,2.467041,0.679511,0.632140,True
0.48,308,1.109042,0.377345,1.029310,True
0.48,309,1.708670,0.346654,1.114668,True
0.48,310,1.334816,0.265158,1.156618,True
0.48,311,1.807587,0.785881,0.668521,True
0.48,312,1.324900,0.237583,1.184773,True
0.48,313,2.249276,0.294030,1.154680,True
0.48,314,1.549223,0.595183,0.751869,True
0.48,315,1.986948,0.710196,0.724563,True
0.48,316,1.404967,0.323303,1.280947,True
0.48,317,2.138035,0.798731,0.705771,True
0.48,318,3.161215,0.520860,0.913002,True
0.48,319,1.678526,0.716947,0.676371,True
0.48,320,1.873565,0.536311,1.038732,True
0.48,321,1.667219,0.569509,0.992131,True
0.48,322,1.423303,0.455824,0.963734,True
0.48,323,2.091697,0.875639,0.637043,True
0.48,324,1.592429,0.399654,1.094399,True
0.48,325,1.188986,0.455928,0.909548,True
0.48,326,2.111722,0.707874,0.779774,True
0.48,327,2.201256,0.656130,0.677294,True
0.48,328,1.947269,0.649773,0.766157,True
0.48,329,4.747047,0.493674,0.897022,True
0.48,330,2.184291,0.785902,0.634873,True
0.48,331,1.252808,0.273586,1.242014,True
0.48,332,1.813120,0.715038,0.669941,True
0.48,333,0.968626,0.229464,1.036133,True
0.48,334,2.089727,0.331922,1.090522,True
0.48,335,1.859800,0.804489,0.691406,True
0.48,336,2.172443,0.551406,0.991478,True
0.48,337,1.259288,0.287083,1.288890,True
0.48,338,1.312628,0.482263,0.877049,True
0.48,339,3.958980,0.720841,0.739529,True
0.48,340,1.735632,0.401004,1.085490,True
0.48,341,1.553401,0.436060,1.133094,True
0.48,342,0.834975,0.367546,0.972251,True
0.48,343,1.925849,0.535533,0.956726,True
0.48,344,2.047258,0.904423,0.659756,True
0.48,345,2.220411,0.660736,0.853796,True
0.48,346,2.000000,0.781456,0.714282,True
0.48,347,1.008162,0.278201,1.049073,True
0.48,348,1.921700,0.493218,1.043414,True
0.48,349,3.451707,0.665224,0.757104,True
0.48,350,1.384357,0.360682,1.096892,True
0.48,351,2.927425,0.665015,0.794971,True
0.48,352,1.364428,0.315562,1.094464,True
0.48,353,2.205636,0.457490,1.033069,True
0.48,354,2.156777,0.571672,0.925576,True
0.48,355,1.556671,0.489826,0.893313,True
0.48,356,1.035062,0.186068,1.267368,True
0.48,357,1.767034,0.654147,0.614454,True
0.48,358,1.024023,0.332989,1.100763,True
0.48,359,1.461684,0.527060,1.003784,True
0.48,360,1.301779,0.475042,0.912261,True
0.48,361,2.133872,0.508608,0.952834,True
0.48,362,1.641456,0.322772,1.070579,True
0.48,363,1.544945,0.520712,0.880291,True
0.48,364,1.491341,0.539741,0.750150,True
0.48,365,1.323802,0.289802,1.212010,True
0.48,366,1.552542,0.294103,1.326040,True
0.48,367,1.852065,0.413743,0.962584,True
0.48,368,1.501953,0.617944,0.793421,True
0.48,369,1.538206,0.467857,1.038721,True
0.48,370,2.500131,0.562508,0.843038,True
0.48,371,3.184956,0.542644,0.863022,True
0.48,372,1.483137,0.579901,1.162457,True
0.48,373,1.940780,0.612869,0.734942,True
0.48,374,3.543006,0.515044,0.883107,True
0.48,375,4.237581,0.658663,0.752429,True
0.48,376,2.278994,0.570483,0.805304,True
0.48,377,5.276610,0.669249,0.806628,True
0.48,378,2.275071,0.460547,1.007431,True
0.48,379,1.971980,0.604206,0.857081,True
0.48,380,3.283393,0.570295,0.953404,True
0.48,381,1.286577,0.406791,0.969891,True
0.48,382,1.443835,0.417705,1.032399,True
0.48,383,1.147205,0.358923,1.157514,True
0.48,384,1.422544,0.589748,0.959439,True
0.48,385,1.765353,0.740745,0.659307,True
0.48,386,2.132184,0.345621,1.128811,True
0.48,387,7.244806,0.442930,1.074323,True
0.48,388,1.072755,0.387216,0.963827,True
0.48,389,3.625147,0.387934,1.012364,True
0.48,390,1.144000,0.185905,1.157693,True
0.48,391,1.702307,0.522008,0.987746,True
0.48,392,1.593108,0.380879,1.246333,True
0.48,393,1.397549,0.483731,0.909537,True
0.48,394,1.038437,0.293862,1.071621,True
0.48,395,1.165849,0.421108,1.108107,True
0.48,396,1.508394,0.545248,0.971631,True
0.48,397,1.037694,0.381706,1.005902,True
0.48,398,1.866455,0.351302,1.028779,True
0.48,399,1.835918,0.626133,0.806238,True
0.48,400,3.175225,0.534254,0.914679,True
0.48,401,3.320979,0.563972,0.962341,True
0.48,402,1.514151,0.408908,0.971352,True
0.48,403,1.833245,0.596108,1.016000,True
0.48,404,1.653635,0.488537,0.999910,True
0.48,405,1.218153,0.480058,0.886492,True
0.48,406,1.739325,0.634208,0.905191,True
0.48,407,2.941744,0.625597,0.900886,True
0.48,408,1.673423,0.612082,0.829871,True
0.48,409,1.817039,0.332481,1.056488,True
0.48,410,1.668531,0.473790,1.029351,True
0.48,411,1.319467,0.395280,1.019518,True
0.48,412,3.186460,0.506303,0.959584,True
0.48,413,1.326125,0.421650,0.989504,True
0.48,414,2.092485,0.771095,0.674955,True
0.48,415,2.227897,0.491142,1.045310,True
0.48,416,2.149292,0.617467,0.997670,True
0.48,417,4.877126,0.537779,0.917660,True
0.48,418,1.817703,0.502475,0.938924,True
0.48,419,2.217110,0.546056,0.952554,True
0.48,420,3.336504,0.625912,0.940744,True
0.48,421,1.522537,0.509762,0.811386,True
0.48,422,3.482250,0.545976,0.896160,True
0.48,423,1.953771,0.443251,1.081922,True
0.48,424,1.882532,0.674645,0.740721,True
0.48,425,2.915418,0.283985,1.168889,True
0.48,426,2.119420,0.378825,1.096627,True
0.48,427,1.872999,0.690426,0.825156,True
0.48,428,1.476017,0.577632,0.926709,True
0.48,429,2.016794,0.802150,0.779280,True
0.48,430,2.068559,0.785593,0.808226,True
0.48,431,1.541606,0.500145,0.961457,True
0.48,432,1.811445,0.673640,0.839284,True
0.48,433,2.902789,0.456596,0.825302,True
0.48,434,3.114303,0.537245,0.933498,True
0.48,435,1.390578,0.396339,1.146201,True
0.48,436,2.123419,0.531368,0.822834,True
0.48,437,2.906412,0.467859,0.903466,True
0.48,438,1.272413,0.657424,0.757109,True
0.48,439,1.943292,0.648479,0.834235,True
0.48,440,1.691126,0.484556,0.969709,True
0.48,441,0.780055,0.385378,0.902157,True
0.48,442,1.643198,0.473894,1.057472,True
0.48,443,4.162228,0.447996,0.952011,True
0.48,444,1.682922,0.568556,0.931491,True
0.48,445,1.742137,0.483091,0.961298,True
0.48,446,1.781790,0.445815,1.145259,True
0.48,447,3.211487,0.624032,0.825354,True
0.48,448,1.230754,0.548788,0.948930,True
0.48,449,1.893302,0.460905,0.910962,True
0.48,450,1.212301,0.237884,1.271287,True
0.48,451,1.142243,0.524744,1.060383,True
0.48,452,1.672795,0.608575,1.011308,True
0.48,453,2.233905,0.717563,0.795479,True
0.48,454,1.273946,0.378354,1.110092,True
0.48,455,3.449539,0.706050,0.682429,True
0.48,456,1.423618,0.415979,1.009253,True
0.48,457,2.916529,0.362359,1.079687,True
0.48,458,1.426802,0.341971,1.156389,True
0.48,459,1.947541,0.584933,0.884644,True
0.48,460,1.392241,0.429312,0.949929,True
0.48,461,1.232172,0.679926,0.782174,True
0.48,462,0.954399,0.282128,1.117121,True
0.48,463,2.140343,0.269353,1.189264,True
0.48,464,1.414970,0.454290,0.942106,True
0.48,465,2.189545,0.610273,0.937011,True
0.48,466,2.211428,0.354005,0.876041,True
0.48,467,1.760640,0.617829,0.959871,True
0.48,468,1.722978,0.632749,0.891769,True
0.48,469,1.110412,0.384410,0.849900,True
0.48,470,0.962886,0.246295,1.149973,True
0.48,471,1.521068,0.419258,1.081240,True
0.48,472,1.362425,0.472373,0.989018,True
0.48,473,1.486782,0.445397,1.012407,True
0.48,474,1.830086,0.716470,0.624286,True
0.48,475,5.508309,0.613462,0.742306,True
0.48,476,1.479222,0.401100,0.925012,True
0.48,477,1.449223,0.484891,0.930832,True
0.48,478,1.182558,0.421299,1.067664,True
0.48,479,1.432276,0.683885,0.728199,True
0.48,480,1.981966,0.692807,0.820190,True
0.48,481,1.263446,0.518001,0.907562,True
0.48,482,1.155753,0.218724,1.130085,True
0.48,483,1.388148,0.584220,0.921415,True
0.48,484,2.180976,0.785637,0.683590,True
0.48,485,1.905325,0.568344,0.900445,True
0.48,486,3.093450,0.546031,0.728129,True
0.48,487,2.334860,0.605424,0.937573,True
0.48,488,1.689070,0.716850,0.630974,True
0.48,489,1.458354,0.561312,1.038394,True
0.48,490,4.557748,0.898621,0.586527,True
0.48,491,1.348647,0.594402,0.871077,True
0.48,492,1.561378,0.733511,0.966275,True
0.48,493,1.922936,0.813971,0.740497,True
0.48,494,0.986976,0.194497,1.076222,True
0.48,495,1.747000,0.545972,0.981488,True
0.48,496,1.896098,0.421304,1.050143,True
0.48,497,0.871318,0.275744,1.192156,True
0.48,498,2.324151,0.428416,0.942402,True
0.48,499,1.654091,0.415079,1.040923,True
0.50,0,2.080634,0.559973,0.861808,True
0.50,1,4.231529,0.586294,0.853682,True
0.50,2,2.283008,0.636633,0.939213,True
0.50,3,1.351523,0.517362,0.708163,True
0.50,4,1.371784,0.428388,1.139308,True
0.50,5,2.157804,0.649975,0.794772,True
0.50,6,1.042650,0.200060,1.305538,True
0.50,7,1.486068,0.460848,1.013429,True
0.50,8,3.150539,0.679528,0.781898,True
0.50,9,3.155415,0.522853,1.110310,True
0.50,10,2.895774,0.424312,0.905347,True
0.50,11,1.317942,0.303508,1.052861,True
0.50,12,1.885567,0.564314,0.922552,True
0.50,13,1.510967,0.286641,1.131310,True
0.50,14,1.499392,0.448662,1.264294,True
0.50,15,1.503932,0.442279,1.057015,True
0.50,16,1.858214,0.637713,0.935552,True
0.50,17,1.610627,0.855413,0.759445,True
0.50,18,1.590519,0.401249,1.040846,True
0.50,19,2.242587,0.747836,0.750516,True
0.50,20,2.410354,0.722802,0.824785,True
0.50,21,2.032166,0.781205,0.814720,True
0.50,22,1.493132,0.507005,1.103023,True
0.50,23,1.844218,0.702670,0.752907,True
0.50,24,1.687576,0.669005,0.805136,True
0.50,25,1.629486,0.428469,0.946773,True
0.50,26,1.274831,0.469168,0.980407,True
0.50,27,1.672894,0.354139,1.075702,True
0.50,28,1.351598,0.354417,1.024371,True
0.50,29,2.238698,0.910863,0.636982,True
0.50,30,1.142366,0.263269,1.205663,True
0.50,31,1.229675,0.425946,1.017767,True
0.50,32,2.113536,0.463349,0.785268,True
0.50,33,1.956971,0.777252,0.804351,True
0.50,34,1.626772,0.605717,0.911138,True
0.50,35,4.779230,0.776386,0.721928,True
0.50,36,1.516341,0.574071,0.855407,True
0.50,37,2.199621,0.731697,0.670284,True
0.50,38,1.954007,0.696640,0.934593,True
0.50,39,2.286311,0.574005,0.839948,True
0.50,40,2.477717,0.695591,0.802516,True
0.50,41,1.691104,0.661873,0.820506,True
0.50,42,1.398711,0.297229,1.061265,True
0.50,43,1.461715,0.731559,0.729554,True
0.50,44,1.425313,0.652594,0.853082,True
0.50,45,1.345547,0.477241,0.971299,True
0.50,46,3.386045,0.574280,0.933355,True
0.50,47,2.187538,0.804312,0.622324,True
0.50,48,2.135183,0.667132,0.795360,True
0.50,49,1.890045,0.560300,0.825465,True
0.50,50,1.865718,0.639361,0.757150,True
0.50,51,8.012198,0.517997,0.949987,True
0.50,52,1.412275,0.382012,0.974408,True
0.50,53,1.658489,0.513842,1.017294,True
0.50,54,2.890495,0.501348,0.955476,True
0.50,55,0.773312,0.210852,1.246048,True
0.50,56,2.083927,0.373809,1.103083,True
0.50,57,1.958546,0.663015,0.893364,True
0.50,58,2.975570,0.648959,0.707518,True
0.50,59,1.398736,0.559966,0.935613,True
0.50,60,1.777684,0.759852,0.834457,True
0.50,61,1.515607,0.481994,0.925291,True
0.50,62,1.332403,0.498486,1.041966,True
0.50,63,3.200885,0.409442,1.081745,True
0.50,64,3.645944,0.337516,1.101660,True
0.50,65,1.317098,0.714195,0.775664,True
0.50,66,1.722849,0.579295,1.016018,True
0.50,67,1.710579,0.383795,1.054495,True
0.50,68,4.259932,0.779555,0.596194,True
0.50,69,1.670519,0.420256,0.990980,True
0.50,70,1.604499,0.673964,0.761009,True
0.50,71,2.709800,0.638003,0.823487,True
0.50,72,1.657482,0.470570,0.761010,True
0.50,73,2.761565,0.477501,1.153426,True
0.50,74,1.825986,0.830986,0.744559,True
0.50,75,1.818370,0.466041,1.008994,True
0.50,76,2.477686,0.447625,0.938070,True
0.50,77,3.857652,0.642764,0.904527,True
0.50,78,1.342114,0.425567,1.070515,True
0.50,79,1.539884,0.502376,0.934769,True
0.50,80,1.518381,0.406412,1.128117,True
0.50,81,1.179107,0.204868,1.072919,True
0.50,82,5.836828,0.595719,0.988122,True
0.50,83,3.758034,0.604751,0.842232,True
0.50,84,1.327628,0.455601,1.027015,True
0.50,85,1.462137,0.438890,1.085893,True
0.50,86,1.170920,0.326560,1.093659,True
0.50,87,2.090157,0.908176,0.559394,True
0.50,88,0.869944,0.261544,1.334401,True
0.50,89,2.240148,0.584228,0.869006,True
0.50,90,1.442962,0.451694,1.043208,True
0.50,91,2.109714,0.636243,0.949183,True
0.50,92,3.060996,0.366882,1.096123,True
0.50,93,1.265849,0.379480,1.102071,True
0.50,94,2.796014,0.573681,0.937916,True
0.50,95,1.501632,0.296861,1.199645,True
0.50,96,1.530686,0.474486,0.926542,True
0.50,97,3.058252,0.368531,1.038871,True
0.50,98,1.705199,0.463615,0.969054,True
0.50,99,1.863624,0.436742,0.944217,True
0.50,100,2.041267,0.727740,0.679012,True
0.50,101,1.953849,0.585334,0.954017,True
0.50,102,1.406360,0.355329,1.113967,True
0.50,103,3.393424,0.442179,0.952598,True
0.50,104,0.947280,0.411116,0.968781,True
0.50,105,1.277284,0.311538,1.057282,True
0.50,106,1.138096,0.453478,0.844890,True
0.50,107,2.118001,0.464509,1.123886,True
0.50,108,2.030250,0.292653,1.099239,True
0.50,109,1.199009,0.339524,1.080532,True
0.50,110,1.702949,0.510895,0.873293,True
0.50,111,2.997328,0.589494,0.748436,True
0.50,112,1.896563,0.643427,0.852583,True
0.50,113,1.843767,0.799413,0.695872,True
0.50,114,1.547765,0.442409,0.920596,True
0.50,115,1.469414,0.415842,1.085704,True
0.50,116,1.509882,0.335701,1.075882,True
0.50,117,1.807293,0.804841,0.651135,True
0.50,118,1.740329,0.763994,0.651465,True
0.50,119,2.096760,0.503500,0.967350,True
0.50,120,2.093107,0.494320,1.009909,True
0.50,121,3.693245,0.552384,0.903329,True
0.50,122,1.891378,0.461975,1.014810,True
0.50,123,1.710175,0.595551,0.901100,True
0.50,124,3.755243,0.627977,0.812185,True
0.50,125,0.760840,0.289306,1.087194,True
0.50,126,5.106129,0.545769,0.746199,True
0.50,127,2.053322,0.724169,0.686583,True
0.50,128,2.044838,0.418539,1.035336,True
0.50,129,1.367014,0.472494,0.963601,True
0.50,130,1.804474,0.495648,0.898014,True
0.50,131,1.235056,0.561330,0.912294,True
0.50,132,2.770615,0.540900,0.926908,True
0.50,133,1.715139,0.519445,0.935997,True
0.50,134,1.425704,0.656599,0.901199,True
0.50,135,4.829918,0.514376,0.817633,True
0.50,136,1.771995,0.475482,1.036692,True
0.50,137,1.947019,0.547895,0.911106,True
0.50,138,2.785305,0.624064,0.754581,True
0.50,139,1.068546,0.363648,1.098049,True
0.50,140,1.803929,0.554235,0.954884,True
0.50,141,3.288032,0.558853,0.833566,True
0.50,142,1.930126,0.639271,0.905468,True
0.50,143,1.607111,0.615463,0.915710,True
0.50,144,0.781939,0.353309,1.024599,True
0.50,145,0.787544,0.220623,1.164961,True
0.50,146,3.992248,0.796502,0.574451,True
0.50,147,1.742193,0.630486,0.799009,True
0.50,148,1.478659,0.214741,1.143661,True
0.50,149,3.080041,0.675465,0.783507,True
0.50,150,3.519177,0.722248,0.611128,True
0.50,151,1.446337,0.471837,1.089463,True
0.50,152,1.484243,0.522263,1.001800,True
0.50,153,5.179459,0.616221,0.912727,True
0.50,154,1.397949,0.455503,0.859935,True
0.50,155,1.431727,0.586610,0.851424,True
0.50,156,1.291230,0.431920,1.064106,True
0.50,157,3.499802,0.482155,0.776398,True
0.50,158,1.214127,0.288314,1.067318,True
0.50,159,1.583507,0.498099,0.797414,True
0.50,160,1.439675,0.580800,0.860649,True
0.50,161,4.191071,0.558084,0.863436,True
0.50,162,1.601430,0.562302,0.976673,True
0.50,163,3.028372,0.427341,1.030540,True
0.50,164,1.997885,0.755318,0.694787,True
0.50,165,1.082380,0.345756,0.988545,True
0.50,166,4.607715,0.581538,0.928687,True
0.50,167,2.881940,0.629653,0.915026,True
0.50,168,1.827202,0.526504,1.061958,True
0.50,169,1.551503,0.594310,0.888328,True
0.50,170,2.901750,0.528995,0.815118,True
0.50,171,1.845949,0.687501,0.695434,True
0.50,172,1.726571,0.395469,0.974527,True
0.50,173,1.462622,0.402365,1.147023,True
0.50,174,1.570854,0.468662,1.114938,True
0.50,175,1.802566,0.532343,0.932872,True
0.50,176,1.930560,0.373070,1.196678,True
0.50,177,1.675624,0.594800,0.984691,True
0.50,178,2.658532,0.662754,0.890317,True
0.50,179,3.961098,0.636323,0.747067,True
0.50,180,1.539463,0.605981,1.090517,True
0.50,181,1.334476,0.594944,1.017855,True
0.50,182,8.191854,0.540073,0.980095,True
0.50,183,1.633194,0.644346,0.853644,True
0.50,184,2.011011,0.664933,0.917434,True
0.50,185,1.053378,0.341167,1.184794,True
0.50,186,2.013979,0.690982,0.836981,True
0.50,187,1.428501,0.645429,0.878795,True
0.50,188,3.206539,0.517919,0.825627,True
0.50,189,1.426096,0.334445,1.046164,True
0.50,190,1.844558,0.571854,0.897887,True
0.50,191,3.896880,0.580860,0.918707,True
0.50,192,1.797382,0.807406,0.741189,True
0.50,193,1.179673,0.367119,1.072042,True
0.50,194,1.155753,0.331863,1.160005,True
0.50,195,2.110811,0.671028,0.889737,True
0.50,196,1.752111,0.364839,1.047321,True
0.50,197,1.947289,0.667541,0.785811,True
0.50,198,3.067498,0.405634,1.133999,True
0.50,199,2.137737,0.537146,1.077920,True
0.50,200,1.497130,0.314320,1.153565,True
0.50,201,1.641713,0.505728,0.996258,True
0.50,202,1.272827,0.333252,1.143232,True
0.50,203,1.121340,0.535686,0.890064,True
0.50,204,1.364846,0.312174,1.191413,True
0.50,205,2.409958,0.514984,1.073821,True
0.50,206,1.730617,0.514452,0.903462,True
0.50,207,2.112078,0.529448,0.905225,True
0.50,208,0.874995,0.345413,0.933160,True
0.50,209,1.545790,0.419609,1.172772,True
0.50,210,1.413763,0.390027,1.100542,True
0.50,211,1.869117,0.479300,0.986236,True
0.50,212,0.705382,0.153023,1.275585,True
0.50,213,1.406074,0.350926,1.085337,True
0.50,214,1.275305,0.580582,0.883251,True
0.50,215,2.263007,0.901688,0.627305,True
0.50,216,1.007982,0.337174,1.116350,True
0.50,217,2.023717,0.553651,0.877517,True
0.50,218,3.783211,0.545835,0.834478,True
0.50,219,1.319030,0.603145,0.806895,True
0.50,220,1.936654,0.633242,0.912520,True
0.50,221,2.044445,0.459114,1.000058,True
0.50,222,2.078579,0.743524,0.605203,True
0.50,223,1.563351,0.427995,1.015856,True
0.50,224,3.659692,0.412520,0.974106,True
0.50,225,1.166887,0.274505,1.250082,True
0.50,226,1.398298,0.237794,1.307699,True
0.50,227,1.622344,0.311831,1.029205,True
0.50,228,2.444987,0.485766,0.881220,True
0.50,229,1.577960,0.509123,0.984513,True
0.50,230,1.321221,0.427763,1.148629,True
0.50,231,2.965648,0.607173,0.888550,True
0.50,232,1.537781,0.620485,0.906005,True
0.50,233,0.922974,0.296696,1.069888,True
0.50,234,1.282048,0.356672,1.111820,True
0.50,235,2.239579,0.858589,0.708979,True
0.50,236,1.736191,0.508298,0.988013,True
0.50,237,2.155273,0.371350,1.083978,True
0.50,238,1.114002,0.368411,1.201558,True
0.50,239,1.657635,0.477403,0.999784,True
0.50,240,2.421552,0.681123,0.723064,True
0.50,241,1.705449,0.747919,0.674856,True
0.50,242,1.775777,0.792888,0.809594,True
0.50,243,0.966534,0.245993,1.178259,True
0.50,244,1.667405,0.740700,0.729215,True
0.50,245,1.381675,0.243709,1.141268,True
0.50,246,1.341794,0.423631,0.967503,True
0.50,247,1.893678,0.500394,1.050387,True
0.50,248,1.763928,0.290452,1.069488,True
0.50,249,1.915754,0.563921,0.897490,True
0.50,250,1.138094,0.370479,0.956687,True
0.50,251,2.036395,0.470199,0.916003,True
0.50,252,1.222252,0.397793,1.076043,True
0.50,253,6.164693,0.734004,0.756432,True
0.50,254,1.578228,0.378792,1.039703,True
0.50,255,1.618088,0.552601,0.887899,True
0.50,256,5.265095,0.617632,0.775045,True
0.50,257,2.448500,0.654473,0.759539,True
0.50,258,3.707607,0.504880,0.953652,True
0.50,259,4.384053,0.676298,0.824736,True
0.50,260,1.836922,0.693514,0.779249,True
0.50,261,3.542181,0.618543,0.907887,True
0.50,262,1.692965,0.247397,1.184811,True
0.50,263,1.867937,0.523567,0.881607,True
0.50,264,1.643503,0.620252,0.792735,True
0.50,265,1.819645,0.692344,0.760830,True
0.50,266,1.516092,0.536268,0.997218,True
0.50,267,1.255021,0.348672,1.073927,True
0.50,268,2.234846,0.590110,0.868800,True
0.50,269,3.120611,0.428968,1.046912,True
0.50,270,2.004517,0.430773,1.052186,True
0.50,271,1.445920,0.347127,1.221152,True
0.50,272,2.311509,0.731690,0.631947,True
0.50,273,2.016024,0.512059,1.085620,True
0.50,274,1.235643,0.402754,1.010438,True
0.50,275,3.063532,0.399739,0.957958,True
0.50,276,1.454133,0.581105,0.927714,True
0.50,277,5.884060,0.614974,0.782207,True
0.50,278,2.091327,0.526685,0.948936,True
0.50,279,0.910038,0.292135,1.087257,True
0.50,280,1.681231,0.522222,0.945442,True
0.50,281,1.865979,0.783918,0.802832,True
0.50,282,1.425472,0.488749,0.920406,True
0.50,283,1.439098,0.361323,1.135536,True
0.50,284,1.731720,0.643006,0.728299,True
0.50,285,1.388643,0.559001,0.831706,True
0.50,286,1.501462,0.439566,1.034780,True
0.50,287,1.432785,0.591191,0.870535,True
0.50,288,3.639572,0.549812,0.857752,True
0.50,289,0.861287,0.321348,1.000139,True
0.50,290,1.048481,0.345887,1.130721,True
0.50,291,2.899629,0.571737,0.777683,True
0.50,292,1.526211,0.647783,0.872657,True
0.50,293,1.566780,0.463377,0.969781,True
0.50,294,1.852066,0.315226,1.187669,True
0.50,295,1.571989,0.526242,0.926577,True
0.50,296,1.887380,0.415419,1.012537,True
0.50,297,3.119643,0.579662,0.829454,True
0.50,298,1.126716,0.306607,1.068002,True
0.50,299,1.400302,0.344074,1.076508,True
0.50,300,1.262891,0.329253,1.081289,True
0.50,301,1.446408,0.468951,0.983653,True
0.50,302,1.387557,0.359213,1.099884,True
0.50,303,2.087098,0.588798,0.809495,True
0.50,304,1.811400,0.619009,0.824664,True
0.50,305,1.282825,0.594270,0.930045,True
0.50,306,2.810140,0.498096,0.915591,True
0.50,307,2.790261,0.586657,0.694792,True
0.50,308,1.104546,0.376731,1.029809,True
0.50,309,1.694394,0.344051,1.116685,True
0.50,310,1.329866,0.264513,1.157105,True
0.50,311,1.793273,0.780254,0.673050,True
0.50,312,1.320554,0.237114,1.185140,True
0.50,313,2.239354,0.289395,1.158112,True
0.50,314,1.538464,0.592678,0.754011,True
0.50,315,1.973447,0.702289,0.730463,True
0.50,316,1.392101,0.321729,1.282256,True
0.50,317,2.123900,0.789016,0.713193,True
0.50,318,3.161215,0.520860,0.913002,True
0.50,319,1.662918,0.711807,0.680492,True
0.50,320,1.859040,0.532381,1.041920,True
0.50,321,1.652238,0.565765,0.995191,True
0.50,322,1.417784,0.454497,0.964730,True
0.50,323,2.079983,0.864869,0.645040,True
0.50,324,1.584454,0.398035,1.095672,True
0.50,325,1.178258,0.453985,0.911020,True
0.50,326,2.097236,0.699796,0.785990,True
0.50,327,2.188738,0.647110,0.684088,True
0.50,328,1.930986,0.644288,0.770604,True
0.50,329,4.747047,0.493674,0.897022,True
0.50,330,2.172280,0.775058,0.642981,True
0.50,331,1.242165,0.272117,1.243018,True
0.50,332,1.797854,0.710200,0.673980,True
0.50,333,0.963333,0.229032,1.036450,True
0.50,334,2.075392,0.328187,1.093384,True
0.50,335,1.843183,0.798268,0.696529,True
0.50,336,2.159403,0.544274,0.996878,True
0.50,337,1.249703,0.285759,1.289830,True
0.50,338,1.300845,0.480223,0.878767,True
0.50,339,3.958980,0.720841,0.739529,True
0.50,340,1.720184,0.398398,1.087677,True
0.50,341,1.543311,0.434166,1.134653,True
0.50,342,0.833884,0.367410,0.972349,True
0.50,343,1.912217,0.530629,0.960478,True
0.50,344,2.032600,0.895159,0.666940,True
0.50,345,2.215923,0.649915,0.861541,True
0.50,346,1.984681,0.774064,0.720100,True
0.50,347,1.006137,0.277942,1.049248,True
0.50,348,1.906117,0.488759,1.046915,True
0.50,349,3.451707,0.665224,0.757104,True
0.50,350,1.373958,0.359301,1.098072,True
0.50,351,2.927425,0.665015,0.794971,True
0.50,352,1.357804,0.314711,1.095163,True
0.50,353,2.196294,0.450891,1.037934,True
0.50,354,2.143893,0.564466,0.931026,True
0.50,355,1.547642,0.487819,0.894938,True
0.50,356,1.033703,0.185962,1.267446,True
0.50,357,1.755575,0.649668,0.617889,True
0.50,358,1.021388,0.332668,1.101017,True
0.50,359,1.452451,0.525031,1.005457,True
0.50,360,1.293141,0.473617,0.913505,True
0.50,361,2.125571,0.501447,0.958003,True
0.50,362,1.626162,0.320568,1.072354,True
0.50,363,1.531512,0.517958,0.882605,True
0.50,364,1.479984,0.537312,0.752187,True
0.50,365,1.311736,0.288401,1.213119,True
0.50,366,1.542901,0.292844,1.327065,True
0.50,367,1.837355,0.410465,0.965182,True
0.50,368,1.490259,0.615090,0.795820,True
0.50,369,1.530673,0.466311,1.039991,True
0.50,370,2.810403,0.484510,0.896270,True
0.50,371,3.184956,0.542644,0.863022,True
0.50,372,1.472100,0.577473,1.164537,True
0.50,373,1.924449,0.607724,0.739117,True
0.50,374,3.543006,0.515044,0.883107,True
0.50,375,4.237581,0.658663,0.752429,True
0.50,376,2.271615,0.560811,0.812393,True
0.50,377,5.276610,0.669249,0.806628,True
0.50,378,2.741972,0.369471,1.067500,True
0.50,379,1.959578,0.598085,0.861667,True
0.50,380,3.283393,0.570295,0.953404,True
0.50,381,1.277178,0.405503,0.971025,True
0.50,382,1.431808,0.415145,1.034276,True
0.50,383,1.138901,0.357675,1.158429,True
0.50,384,1.409464,0.586859,0.961865,True
0.50,385,1.749311,0.734837,0.663992,True
0.50,386,2.116475,0.341611,1.131931,True
0.50,387,7.244806,0.442930,1.074323,True
0.50,388,1.067010,0.386508,0.964437,True
0.50,389,3.625147,0.387934,1.012364,True
0.50,390,1.140858,0.185644,1.157887,True
0.50,391,1.686984,0.518808,0.990476,True
0.50,392,1.581511,0.379092,1.247845,True
0.50,393,1.385021,0.481725,0.911332,True
0.50,394,1.035974,0.293541,1.071849,True
0.50,395,1.163536,0.420556,1.108477,True
0.50,396,1.495373,0.542659,0.973883,True
0.50,397,1.035475,0.381335,1.006168,True
0.50,398,1.852650,0.347998,1.031262,True
0.50,399,1.820724,0.621429,0.810043,True
0.50,400,3.175225,0.534254,0.914679,True
0.50,401,3.320979,0.563972,0.962341,True
0.50,402,1.500541,0.406821,0.973134,True
0.50,403,1.817685,0.591812,1.019541,True
0.50,404,1.643625,0.485994,1.001901,True
0.50,405,1.211789,0.478670,0.887520,True
0.50,406,1.725782,0.630423,0.908341,True
0.50,407,2.941744,0.625597,0.900886,True
0.50,408,1.658218,0.608407,0.833002,True
0.50,409,1.807384,0.330036,1.058291,True
0.50,410,1.653115,0.470638,1.031934,True
0.50,411,1.315345,0.394504,1.020113,True
0.50,412,3.186460,0.506303,0.959584,True
0.50,413,1.318531,0.420540,0.990486,True
0.50,414,2.828205,0.581477,0.794511,True
0.50,415,2.217070,0.483780,1.050786,True
0.50,416,2.136667,0.609670,1.003544,True
0.50,417,4.877126,0.537779,0.917660,True
0.50,418,1.805960,0.498713,0.941790,True
0.50,419,2.214277,0.537029,0.958957,True
0.50,420,3.336504,0.625912,0.940744,True
0.50,421,1.508698,0.506963,0.813720,True
0.50,422,3.482250,0.545976,0.896160,True
0.50,423,1.941818,0.439231,1.084958,True
0.50,424,1.868335,0.669297,0.744953,True
0.50,425,2.915418,0.283985,1.168889,True
0.50,426,2.117666,0.372941,1.100689,True
0.50,427,1.858564,0.685177,0.829367,True
0.50,428,1.466541,0.575375,0.928578,True
0.50,429,1.999916,0.794598,0.785351,True
0.50,430,2.054911,0.777013,0.814778,True
0.50,431,1.528111,0.497681,0.963606,True
0.50,432,1.796409,0.668938,0.843151,True
0.50,433,2.902789,0.456596,0.825302,True
0.50,434,3.114303,0.537245,0.933498,True
0.50,435,1.381772,0.395110,1.147286,True
0.50,436,2.110783,0.524949,0.827676,True
0.50,437,2.906412,0.467859,0.903466,True
0.50,438,1.264441,0.655573,0.758701,True
0.50,439,1.927642,0.643072,0.838595,True
0.50,440,1.681099,0.481813,0.971820,True
0.50,441,0.779337,0.385286,0.902219,True
0.50,442,1.627901,0.471171,1.059836,True
0.50,443,4.162228,0.447996,0.952011,True
0.50,444,1.667298,0.565015,0.934503,True
0.50,445,1.726526,0.479904,0.963968,True
0.50,446,1.768393,0.443013,1.147557,True
0.50,447,3.211487,0.624032,0.825354,True
0.50,448,1.223252,0.547327,0.950170,True
0.50,449,1.878839,0.457410,0.913776,True
0.50,450,1.206371,0.237314,1.271736,True
0.50,451,1.137672,0.523933,1.061086,True
0.50,452,1.658667,0.604434,1.014591,True
0.50,453,2.225976,0.706428,0.803629,True
0.50,454,1.261404,0.376476,1.111558,True
0.50,455,3.449539,0.706050,0.682429,True
0.50,456,1.413026,0.414092,1.010760,True
0.50,457,2.916529,0.362359,1.079687,True
0.50,458,1.420107,0.340614,1.157360,True
0.50,459,1.932748,0.579886,0.888633,True
0.50,460,1.387039,0.428151,0.950799,True
0.50,461,1.220529,0.676536,0.784674,True
0.50,462,0.952329,0.281905,1.117283,True
0.50,463,2.138572,0.264658,1.192516,True
0.50,464,1.406815,0.452654,0.943411,True
0.50,465,2.177388,0.601967,0.943247,True
0.50,466,2.217715,0.345665,0.881762,True
0.50,467,1.747301,0.613852,0.963091,True
0.50,468,1.706635,0.628868,0.895166,True
0.50,469,1.107811,0.384043,0.850201,True
0.50,470,0.954637,0.245730,1.150458,True
0.50,471,1.507951,0.417225,1.082996,True
0.50,472,1.354254,0.470918,0.990256,True
0.50,473,1.474445,0.443306,1.014182,True
0.50,474,1.815569,0.711252,0.628495,True
0.50,475,5.508309,0.613462,0.742306,True
0.50,476,1.470001,0.399604,0.926266,True
0.50,477,1.439898,0.483164,0.932308,True
0.50,478,1.179128,0.420577,1.068179,True
0.50,479,1.424521,0.681596,0.730055,True
0.50,480,1.968466,0.686304,0.825200,True
0.50,481,1.250251,0.515354,0.909627,True
0.50,482,1.144925,0.217573,1.130840,True
0.50,483,1.374723,0.581219,0.923880,True
0.50,484,2.169445,0.774683,0.691746,True
0.50,485,1.888230,0.563875,0.904162,True
0.50,486,3.093450,0.546031,0.728129,True
0.50,487,2.341266,0.591493,0.947360,True
0.50,488,1.675021,0.712246,0.634710,True
0.50,489,1.445345,0.558664,1.040674,True
0.50,490,4.557748,0.898621,0.586527,True
0.50,491,1.339485,0.592499,0.872747,True
0.50,492,1.546455,0.728736,0.970080,True
0.50,493,1.908405,0.807380,0.745745,True
0.50,494,0.982976,0.194029,1.076473,True
0.50,495,1.731372,0.542416,0.984484,True
0.50,496,1.882711,0.417942,1.052773,True
0.50,497,0.868337,0.275483,1.192350,True
0.50,498,2.323004,0.419726,0.948640,True
0.50,499,1.639636,0.412509,1.043041,True
