beta_true,eta_true,sample_size,offset_value,sim_id,est_beta,est_eta,est_gamma,bias_beta,bias_eta,bias_gamma,r_squared
2.0,1000,3,0.1,1,0.597535,776.613203,1128.625141,-1.402465,-223.386797,128.625141,0.999968
2.0,1000,3,0.1,2,2.299184,1010.906544,881.078083,0.299184,10.906544,-118.921917,0.844987
2.0,1000,3,0.1,3,1.279517,685.043536,1127.469397,-0.720483,-314.956464,127.469397,0.999987
2.0,1000,3,0.1,4,1.881638,821.286952,1140.156490,-0.118362,-178.713048,140.156490,0.999228
2.0,1000,3,0.1,5,1.877003,2008.679770,363.424628,-0.122997,1008.679770,-636.575372,0.999324
2.0,1000,3,0.1,6,2.232814,302.989980,1185.400457,0.232814,-697.010020,185.400457,0.894886
2.0,1000,3,0.1,7,2.168951,1406.456067,560.475976,0.168951,406.456067,-439.524024,0.917657
2.0,1000,3,0.1,8,0.310230,175.408461,1790.272780,-1.689770,-824.591539,790.272780,0.999998
2.0,1000,3,0.1,9,0.432275,220.515203,1309.010094,-1.567725,-779.484797,309.010094,1.000000
2.0,1000,3,0.1,10,2.236898,1594.722298,568.140080,0.236898,594.722298,-431.859920,0.881823
2.0,1000,3,0.1,11,2.231807,974.099478,1016.405112,0.231807,-25.900522,16.405112,0.885266
2.0,1000,3,0.1,12,2.001502,1161.807887,1156.270127,0.001502,161.807887,156.270127,0.980452
2.0,1000,3,0.1,13,1.925638,452.140235,1273.583367,-0.074362,-547.859765,273.583367,0.996269
2.0,1000,3,0.1,14,2.300471,719.756787,1360.583132,0.300471,-280.243213,360.583132,0.847373
2.0,1000,3,0.1,15,0.565898,193.702923,2118.242168,-1.434102,-806.297077,1118.242168,1.000000
2.0,1000,3,0.1,16,0.275337,309.168659,1824.224079,-1.724663,-690.831341,824.224079,0.999997
2.0,1000,3,0.1,17,2.188358,1010.145119,1197.577238,0.188358,10.145119,197.577238,0.909352
2.0,1000,3,0.1,18,0.395160,110.781766,1490.682418,-1.604840,-889.218234,490.682418,1.000000
2.0,1000,3,0.1,19,2.196190,862.942500,981.399499,0.196190,-137.057500,-18.600501,0.904785
2.0,1000,3,0.1,20,1.931257,819.053431,1116.330599,-0.068743,-180.946569,116.330599,0.994529
2.0,1000,3,0.1,21,2.084804,774.820301,1074.375706,0.084804,-225.179699,74.375706,0.955113
2.0,1000,3,0.1,22,2.308114,887.269324,1459.808518,0.308114,-112.730676,459.808518,0.840983
2.0,1000,3,0.1,23,1.886159,855.331496,918.155124,-0.113841,-144.668504,-81.844876,0.998915
2.0,1000,3,0.1,24,2.266049,1016.252267,993.229837,0.266049,16.252267,-6.770163,0.865374
2.0,1000,3,0.1,25,2.116128,771.514815,944.320995,0.116128,-228.485185,-55.679005,0.942139
2.0,1000,3,0.1,26,0.301537,418.072101,1437.171373,-1.698463,-581.927899,437.171373,1.000000
2.0,1000,3,0.1,27,2.241917,751.030788,1077.698233,0.241917,-248.969212,77.698233,0.880838
2.0,1000,3,0.1,28,2.228469,392.525267,1145.610296,0.228469,-607.474733,145.610296,0.893836
2.0,1000,3,0.1,29,0.271940,202.533002,1429.464701,-1.728060,-797.466998,429.464701,0.999992
2.0,1000,3,0.1,30,0.907004,1232.536379,879.131894,-1.092996,232.536379,-120.868106,0.999999
2.0,1000,3,0.1,31,0.409314,94.970597,1059.216812,-1.590686,-905.029403,59.216812,1.000000
2.0,1000,3,0.1,32,0.327987,94.682613,1688.494837,-1.672013,-905.317387,688.494837,0.999989
2.0,1000,3,0.1,33,1.841742,1124.483187,826.105543,-0.158258,124.483187,-173.894457,0.999969
2.0,1000,3,0.1,34,0.435008,109.154977,1544.006621,-1.564992,-890.845023,544.006621,1.000000
2.0,1000,3,0.1,35,0.609342,169.001910,1640.956126,-1.390658,-830.998090,640.956126,1.000000
2.0,1000,3,0.1,36,2.189227,592.801497,1103.731497,0.189227,-407.198503,103.731497,0.910769
2.0,1000,3,0.1,37,2.256501,684.583599,1038.954058,0.256501,-315.416401,38.954058,0.872977
2.0,1000,3,0.1,38,2.195755,877.453815,1477.659320,0.195755,-122.546185,477.659320,0.906923
2.0,1000,3,0.1,39,2.366725,762.628577,1453.638080,0.366725,-237.371423,453.638080,0.802494
2.0,1000,3,0.1,40,2.387634,1095.832632,804.309992,0.387634,95.832632,-195.690008,0.782667
2.0,1000,3,0.1,41,2.139051,1095.351012,1392.294916,0.139051,95.351012,392.294916,0.932929
2.0,1000,3,0.1,42,0.884301,177.755392,1396.661122,-1.115699,-822.244608,396.661122,0.999649
2.0,1000,3,0.1,43,0.933353,388.690662,1791.170867,-1.066647,-611.309338,791.170867,0.999981
2.0,1000,3,0.1,44,1.917273,1663.781238,701.841231,-0.082727,663.781238,-298.158769,0.995932
2.0,1000,3,0.1,45,1.909337,1146.110662,1111.934854,-0.090663,146.110662,111.934854,0.996997
2.0,1000,3,0.1,46,0.419520,23.583732,1611.885912,-1.580480,-976.416268,611.885912,0.999905
2.0,1000,3,0.1,47,0.226620,171.298536,1346.731368,-1.773380,-828.701464,346.731368,0.994431
2.0,1000,3,0.1,48,2.238199,1087.905658,673.826048,0.238199,87.905658,-326.173952,0.881374
2.0,1000,3,0.1,49,0.268700,117.303584,1498.930365,-1.731300,-882.696416,498.930365,0.999906
2.0,1000,3,0.1,50,0.246250,170.073588,1586.881170,-1.753750,-829.926412,586.881170,0.999480
2.0,1000,3,0.1,51,2.260891,606.033243,1433.944870,0.260891,-393.966757,433.944870,0.873542
2.0,1000,3,0.1,52,0.450417,275.369233,1382.130357,-1.549583,-724.630767,382.130357,1.000000
2.0,1000,3,0.1,53,2.055051,847.640579,1304.479829,0.055051,-152.359421,304.479829,0.965542
2.0,1000,3,0.1,54,1.296295,1101.291009,773.404523,-0.703705,101.291009,-226.595477,0.999996
2.0,1000,3,0.1,55,2.175631,723.329166,1857.520291,0.175631,-276.670834,857.520291,0.919694
2.0,1000,3,0.1,56,1.318679,1252.055899,954.690010,-0.681321,252.055899,-45.309990,0.999995
2.0,1000,3,0.1,57,2.166521,587.977872,1448.963188,0.166521,-412.022128,448.963188,0.921605
2.0,1000,3,0.1,58,2.192598,1065.455598,800.347337,0.192598,65.455598,-199.652663,0.906376
2.0,1000,3,0.1,59,2.093492,1090.444918,653.868373,0.093492,90.444918,-346.131627,0.950725
2.0,1000,3,0.1,60,2.092626,1369.281656,553.982153,0.092626,369.281656,-446.017847,0.950857
2.0,1000,3,0.1,61,1.238417,155.835027,1498.765282,-0.761583,-844.164973,498.765282,0.999821
2.0,1000,3,0.1,62,1.411054,178.345203,1753.157302,-0.588946,-821.654797,753.157302,0.999972
2.0,1000,3,0.1,63,1.963863,514.041483,1512.415892,-0.036137,-485.958517,512.415892,0.991085
2.0,1000,3,0.1,64,0.648037,525.360365,1261.192146,-1.351963,-474.639635,261.192146,0.999886
2.0,1000,3,0.1,65,0.998215,226.402027,1243.598297,-1.001785,-773.597973,243.598297,0.999919
2.0,1000,3,0.1,66,1.955608,635.842437,959.583366,-0.044392,-364.157563,-40.416634,0.990767
2.0,1000,3,0.1,67,0.415331,193.824033,1890.416142,-1.584669,-806.175967,890.416142,1.000000
2.0,1000,3,0.1,68,2.414729,1927.837756,664.243076,0.414729,927.837756,-335.756924,0.761434
2.0,1000,3,0.1,69,1.955213,1127.454685,907.357635,-0.044787,127.454685,-92.642365,0.990260
2.0,1000,3,0.1,70,2.046682,1444.682429,701.524323,0.046682,444.682429,-298.475677,0.967113
2.0,1000,3,0.1,71,2.397552,1895.339844,350.066402,0.397552,895.339844,-649.933598,0.774625
2.0,1000,3,0.1,72,2.123340,1031.959284,1245.003651,0.123340,31.959284,245.003651,0.939159
2.0,1000,3,0.1,73,2.342839,1025.901088,1083.107366,0.342839,25.901088,83.107366,0.815438
2.0,1000,3,0.1,74,0.498887,607.594068,1190.361127,-1.501113,-392.405932,190.361127,0.999375
2.0,1000,3,0.1,75,0.446949,224.992037,1456.634303,-1.553051,-775.007963,456.634303,1.000000
2.0,1000,3,0.1,76,1.891030,809.830278,1510.504014,-0.108970,-190.169722,510.504014,0.998767
2.0,1000,3,0.1,77,2.126867,2036.180415,500.949797,0.126867,1036.180415,-499.050203,0.936792
2.0,1000,3,0.1,78,1.462865,1113.154864,904.465180,-0.537135,113.154864,-95.534820,0.999991
2.0,1000,3,0.1,79,0.553005,223.522110,1554.546946,-1.446995,-776.477890,554.546946,0.999994
2.0,1000,3,0.1,80,2.104430,1041.951766,1128.193220,0.104430,41.951766,128.193220,0.947080
2.0,1000,3,0.1,81,2.228782,1826.703868,456.549770,0.228782,826.703868,-543.450230,0.886279
2.0,1000,3,0.1,82,2.338646,745.085000,998.046633,0.338646,-254.915000,-1.953367,0.819133
2.0,1000,3,0.1,83,2.026021,955.304378,849.189437,0.026021,-44.695622,-150.810563,0.973618
2.0,1000,3,0.1,84,2.032450,408.870998,1047.856427,0.032450,-591.129002,47.856427,0.974635
2.0,1000,3,0.1,85,2.012930,527.530356,1572.683519,0.012930,-472.469644,572.683519,0.980737
2.0,1000,3,0.1,86,0.863338,378.265247,1877.839720,-1.136662,-621.734753,877.839720,0.999654
2.0,1000,3,0.1,87,0.556178,516.219906,1218.199091,-1.443822,-483.780094,218.199091,0.999218
2.0,1000,3,0.1,88,1.172890,773.926355,1073.180901,-0.827110,-226.073645,73.180901,0.999994
2.0,1000,3,0.1,89,0.596847,510.377536,1417.418782,-1.403153,-489.622464,417.418782,0.999202
2.0,1000,3,0.1,90,1.204426,1232.268850,996.623304,-0.795574,232.268850,-3.376696,0.999996
2.0,1000,3,0.1,91,1.154932,1195.617409,1196.604086,-0.845068,195.617409,196.604086,0.999996
2.0,1000,3,0.1,92,1.893330,591.557148,1364.946412,-0.106670,-408.442852,364.946412,0.998840
2.0,1000,3,0.1,93,1.949711,1296.879167,567.018563,-0.050289,296.879167,-432.981437,0.991107
2.0,1000,3,0.1,94,2.127529,1516.945167,626.670331,0.127529,516.945167,-373.329669,0.936545
2.0,1000,3,0.1,95,0.255978,173.398178,1727.585403,-1.744022,-826.601822,727.585403,0.999881
2.0,1000,3,0.1,96,2.162662,1662.035743,634.647195,0.162662,662.035743,-365.352805,0.920669
2.0,1000,3,0.1,97,2.161211,299.823482,2259.732775,0.161211,-700.176518,1259.732775,0.946246
2.0,1000,3,0.1,98,2.205823,1738.787030,557.039078,0.205823,738.787030,-442.960922,0.898733
2.0,1000,3,0.1,99,1.916088,1124.350469,595.757453,-0.083912,124.350469,-404.242547,0.996047
2.0,1000,3,0.1,100,1.945851,1940.168832,360.305730,-0.054149,940.168832,-639.694270,0.991727
2.0,1000,3,0.1,101,NaN,NaN,NaN,NaN,NaN,NaN,NaN
2.0,1000,3,0.1,102,NaN,NaN,NaN,NaN,NaN,NaN,NaN
2.0,1000,3,0.1,103,1.914135,622.969419,1342.180181,-0.085865,-377.030581,342.180181,0.996946
2.0,1000,3,0.1,104,1.962473,1038.130389,816.598905,-0.037527,38.130389,-183.401095,0.988998
2.0,1000,3,0.1,105,2.049587,1048.170813,993.818181,0.049587,48.170813,-6.181819,0.966334
2.0,1000,3,0.1,106,0.688578,800.516094,1265.633837,-1.311422,-199.483906,265.633837,0.999992
2.0,1000,3,0.1,107,NaN,NaN,NaN,NaN,NaN,NaN,NaN
2.0,1000,3,0.1,108,1.950088,1766.912377,712.877188,-0.049912,766.912377,-287.122812,0.991054
2.0,1000,3,0.1,109,2.149164,1345.353659,524.377986,0.149164,345.353659,-475.622014,0.926827
2.0,1000,3,0.1,110,10.357009,908.492752,1063.792049,8.357009,-91.507248,63.792049,-948.652302
2.0,1000,3,0.1,111,0.270373,76.815771,1323.215916,-1.729627,-923.184229,323.215916,0.998645
2.0,1000,3,0.1,112,0.325373,191.131301,1394.849750,-1.674627,-808.868699,394.849750,1.000000
2.0,1000,3,0.1,113,1.498463,604.168590,1431.734509,-0.501537,-395.831410,431.734509,0.999960
2.0,1000,3,0.1,114,0.667912,563.292307,1877.086056,-1.332088,-436.707693,877.086056,0.999399
2.0,1000,3,0.1,115,NaN,NaN,NaN,NaN,NaN,NaN,NaN
2.0,1000,3,0.1,116,0.420777,466.955398,1369.175234,-1.579223,-533.044602,369.175234,0.999313
2.0,1000,3,0.1,117,2.252816,931.388646,874.963333,0.252816,-68.611354,-125.036667,0.873623
2.0,1000,3,0.1,118,0.906586,527.915588,1214.745070,-1.093414,-472.084412,214.745070,1.000000
2.0,1000,3,0.1,119,0.537060,222.279036,1444.115161,-1.462940,-777.720964,444.115161,1.000000
2.0,1000,3,0.1,120,2.405260,620.394702,933.452279,0.405260,-379.605298,-66.547721,0.771728
2.0,1000,3,0.1,121,2.032727,828.107895,1025.541661,0.032727,-171.892105,25.541661,0.972158
2.0,1000,3,0.1,122,2.410300,435.905555,1629.762985,0.410300,-564.094445,629.762985,0.779963
2.0,1000,3,0.1,123,1.349562,430.267130,1528.532209,-0.650438,-569.732870,528.532209,0.999969
2.0,1000,3,0.1,124,1.194241,962.703036,810.777103,-0.805759,-37.296964,-189.222897,0.999996
2.0,1000,3,0.1,125,1.933544,2061.465470,137.651341,-0.066456,1061.465470,-862.348659,0.993665
2.0,1000,3,0.1,126,0.364126,182.975974,1891.770481,-1.635874,-817.024026,891.770481,1.000000
2.0,1000,3,0.1,127,0.469941,478.259153,2052.796994,-1.530059,-521.740847,1052.796994,0.999775
2.0,1000,3,0.1,128,1.917524,1351.258028,1645.247312,-0.082476,351.258028,645.247312,0.996182
2.0,1000,3,0.1,129,0.544326,132.557168,1621.073173,-1.455674,-867.442832,621.073173,1.000000
2.0,1000,3,0.1,130,2.020234,1894.597948,399.993693,0.020234,894.597948,-600.006307,0.974909
2.0,1000,3,0.1,131,2.067158,2009.307394,403.489234,0.067158,1009.307394,-596.510766,0.959998
2.0,1000,3,0.1,132,1.951497,468.256618,2067.062065,-0.048503,-531.743382,1067.062065,0.993804
2.0,1000,3,0.1,133,2.069020,1129.880625,1251.051002,0.069020,129.880625,251.051002,0.959994
2.0,1000,3,0.1,134,0.779234,1025.112849,971.820271,-1.220766,25.112849,-28.179729,1.000000
2.0,1000,3,0.1,135,2.128359,957.433121,937.153382,0.128359,-42.566879,-62.846618,0.936941
2.0,1000,3,0.1,136,0.528500,752.334582,1666.323843,-1.471500,-247.665418,666.323843,0.999279
2.0,1000,3,0.1,137,2.151801,1273.550201,820.547240,0.151801,273.550201,-179.452760,0.926099
2.0,1000,3,0.1,138,0.274509,63.734901,1733.688668,-1.725491,-936.265099,733.688668,0.990400
2.0,1000,3,0.1,139,0.697700,633.189169,1033.086353,-1.302300,-366.810831,33.086353,0.999992
2.0,1000,3,0.1,140,1.620393,1356.628944,615.095459,-0.379607,356.628944,-384.904541,0.999991
2.0,1000,3,0.1,141,2.005227,923.903610,879.467662,0.005227,-76.096390,-120.532338,0.979308
2.0,1000,3,0.1,142,1.989365,624.466416,1316.526118,-0.010635,-375.533584,316.526118,0.984277
2.0,1000,3,0.1,143,2.162811,1216.197507,757.767895,0.162811,216.197507,-242.232105,0.920682
2.0,1000,3,0.1,144,2.314755,647.776613,819.347622,0.314755,-352.223387,-180.652378,0.835698
2.0,1000,3,0.1,145,0.912434,693.311475,1338.118518,-1.087566,-306.688525,338.118518,0.999999
2.0,1000,3,0.1,146,2.228970,1692.518579,545.920528,0.228970,692.518579,-454.079472,0.886150
2.0,1000,3,0.1,147,2.233863,1289.322562,529.284037,0.233863,289.322562,-470.715963,0.883595
2.0,1000,3,0.1,148,0.751361,1314.791636,907.910807,-1.248639,314.791636,-92.089193,1.000000
2.0,1000,3,0.1,149,0.358557,543.242683,1535.412374,-1.641443,-456.757317,535.412374,1.000000
2.0,1000,3,0.1,150,0.543871,418.313614,1277.071913,-1.456129,-581.686386,277.071913,0.999744
2.0,1000,3,0.1,151,0.688726,520.622457,1874.132115,-1.311274,-479.377543,874.132115,0.999354
2.0,1000,3,0.1,152,0.421649,328.305287,1814.607013,-1.578351,-671.694713,814.607013,1.000000
2.0,1000,3,0.1,153,0.348276,233.639252,1432.744137,-1.651724,-766.360748,432.744137,1.000000
2.0,1000,3,0.1,154,2.087327,1008.885741,1265.939016,0.087327,8.885741,265.939016,0.953946
2.0,1000,3,0.1,155,1.749722,197.292575,1161.993362,-0.250278,-802.707425,161.993362,0.999728
2.0,1000,3,0.1,156,0.501511,249.950377,1405.440680,-1.498489,-750.049623,405.440680,1.000000
2.0,1000,3,0.1,157,2.206590,1666.325371,799.904572,0.206590,666.325371,-200.095428,0.898406
2.0,1000,3,0.1,158,0.795396,138.035002,2088.719841,-1.204604,-861.964998,1088.719841,0.997338
2.0,1000,3,0.1,159,0.376322,329.677028,1577.251083,-1.623678,-670.322972,577.251083,1.000000
2.0,1000,3,0.1,160,2.104173,640.845353,997.301955,0.104173,-359.154647,-2.698045,0.947745
2.0,1000,3,0.1,161,0.642325,860.265329,1506.234159,-1.357675,-139.734671,506.234159,0.999966
2.0,1000,3,0.1,162,2.470430,202.650231,1663.492224,0.470430,-797.349769,663.492224,0.795768
2.0,1000,3,0.1,163,1.938583,809.111649,789.718997,-0.061417,-190.888351,-210.281003,0.993242
2.0,1000,3,0.1,164,0.373179,218.253172,1331.236735,-1.626821,-781.746828,331.236735,1.000000
2.0,1000,3,0.1,165,1.933973,443.365004,1011.616103,-0.066027,-556.634996,11.616103,0.994852
2.0,1000,3,0.1,166,0.324557,58.137717,2215.250509,-1.675443,-941.862283,1215.250509,0.999299
2.0,1000,3,0.1,167,2.239125,751.602002,1204.274378,0.239125,-248.397998,204.274378,0.882061
2.0,1000,3,0.1,168,2.009436,1203.333082,1138.785506,0.009436,203.333082,138.785506,0.978111
2.0,1000,3,0.1,169,0.626387,168.424087,1537.413641,-1.373613,-831.575913,537.413641,0.997593
2.0,1000,3,0.1,170,1.569287,1120.411007,1297.970469,-0.430713,120.411007,297.970469,0.999979
2.0,1000,3,0.1,171,2.101555,1112.042767,1103.320777,0.101555,112.042767,103.320777,0.948095
2.0,1000,3,0.1,172,0.421882,302.913181,1270.992869,-1.578118,-697.086819,270.992869,1.000000
2.0,1000,3,0.1,173,1.060836,1298.396600,702.855481,-0.939164,298.396600,-297.144519,0.999999
2.0,1000,3,0.1,174,0.917944,887.945524,1152.042482,-1.082056,-112.054476,152.042482,0.999999
2.0,1000,3,0.1,175,2.408054,434.132417,1778.362106,0.408054,-565.867583,778.362106,0.787246
2.0,1000,3,0.1,176,1.930328,1194.701995,1023.652204,-0.069672,194.701995,23.652204,0.994336
2.0,1000,3,0.1,177,0.286591,85.400055,1422.113166,-1.713409,-914.599945,422.113166,0.999890
2.0,1000,3,0.1,178,0.365613,381.398526,1508.143032,-1.634387,-618.601474,508.143032,1.000000
2.0,1000,3,0.1,179,2.119975,1018.597481,847.874958,0.119975,18.597481,-152.125042,0.940129
2.0,1000,3,0.1,180,1.512189,814.689275,1220.986633,-0.487811,-185.310725,220.986633,0.999981
2.0,1000,3,0.1,181,2.049918,864.985000,955.663593,0.049918,-135.015000,-44.336407,0.966416
2.0,1000,3,0.1,182,1.153148,633.428647,1208.408055,-0.846852,-366.571353,208.408055,0.999990
2.0,1000,3,0.1,183,0.635210,714.149436,1250.198460,-1.364790,-285.850564,250.198460,0.999960
2.0,1000,3,0.1,184,2.189158,896.594454,863.089804,0.189158,-103.405546,-136.910196,0.907996
2.0,1000,3,0.1,185,1.879461,812.952791,1152.038755,-0.120539,-187.047209,152.038755,0.999346
2.0,1000,3,0.1,186,1.920529,664.459145,1220.248668,-0.079471,-335.540855,220.248668,0.996153
2.0,1000,3,0.1,187,1.499925,1072.853387,1184.697683,-0.500075,72.853387,184.697683,0.999984
2.0,1000,3,0.1,188,1.236095,1258.349795,791.258271,-0.763905,258.349795,-208.741729,0.999996
2.0,1000,3,0.1,189,2.181493,407.625363,1203.379404,0.181493,-592.374637,203.379404,0.918552
2.0,1000,3,0.1,190,0.275313,73.476995,1668.256584,-1.724687,-926.523005,668.256584,0.993555
2.0,1000,3,0.1,191,2.055182,1418.062450,1258.573717,0.055182,418.062450,258.573717,0.964499
2.0,1000,3,0.1,192,2.214423,1170.599160,1189.279944,0.214423,170.599160,189.279944,0.895351
2.0,1000,3,0.1,193,1.947474,769.811422,1451.614591,-0.052526,-230.188578,451.614591,0.992198
2.0,1000,3,0.1,194,0.832796,1130.359580,1170.798575,-1.167204,130.359580,170.798575,1.000000
2.0,1000,3,0.1,195,0.900737,582.066986,1413.544331,-1.099263,-417.933014,413.544331,1.000000
2.0,1000,3,0.1,196,0.418227,120.673969,1400.465211,-1.581773,-879.326031,400.465211,1.000000
2.0,1000,3,0.1,197,2.164450,1269.016731,1413.829699,0.164450,269.016731,413.829699,0.920587
2.0,1000,3,0.1,198,2.334738,1532.234311,505.009010,0.334738,532.234311,-494.990990,0.820277
2.0,1000,3,0.1,199,NaN,NaN,NaN,NaN,NaN,NaN,NaN
2.0,1000,3,0.1,200,2.034315,1791.996739,734.355605,0.034315,791.996739,-265.644395,0.970820
2.0,1000,3,0.1,201,2.236044,1444.309738,577.068252,0.236044,444.309738,-422.931748,0.882307
2.0,1000,3,0.1,202,0.815592,262.794365,1554.728417,-1.184408,-737.205635,554.728417,0.999304
2.0,1000,3,0.1,203,0.399054,474.498900,1120.612484,-1.600946,-525.501100,120.612484,0.998166
2.0,1000,3,0.1,204,0.406271,294.225777,1375.566103,-1.593729,-705.774223,375.566103,1.000000
2.0,1000,3,0.1,205,1.859018,1102.514159,1053.952634,-0.140982,102.514159,53.952634,0.999958
2.0,1000,3,0.1,206,1.999950,223.214503,2020.937956,-0.000050,-776.785497,1020.937956,0.998755
2.0,1000,3,0.1,207,2.038949,1666.432372,778.162321,0.038949,666.432372,-221.837679,0.969459
2.0,1000,3,0.1,208,1.514812,561.260000,1851.374854,-0.485188,-438.740000,851.374854,0.999942
2.0,1000,3,0.1,209,2.316422,2040.810609,853.080949,0.316422,1040.810609,-146.919051,0.832683
2.0,1000,3,0.1,210,2.466210,282.644511,1471.184012,0.466210,-717.355489,471.184012,0.756022
2.0,1000,3,0.1,211,2.321295,516.362288,1197.792673,0.321295,-483.637712,197.792673,0.835869
2.0,1000,3,0.1,212,2.335378,1238.858608,729.066688,0.335378,238.858608,-270.933312,0.820030
2.0,1000,3,0.1,213,0.345109,227.774681,1565.276393,-1.654891,-772.225319,565.276393,1.000000
2.0,1000,3,0.1,214,0.308289,111.956981,1813.838742,-1.691711,-888.043019,813.838742,0.999979
2.0,1000,3,0.1,215,1.935574,421.275423,1433.463178,-0.064426,-578.724577,433.463178,0.995880
2.0,1000,3,0.1,216,2.102574,730.046817,1730.249753,0.102574,-269.953183,730.249753,0.950258
2.0,1000,3,0.1,217,0.857428,1012.809001,1322.356695,-1.142572,12.809001,322.356695,1.000000
2.0,1000,3,0.1,218,2.317649,761.579834,1064.273505,0.317649,-238.420166,64.273505,0.834422
2.0,1000,3,0.1,219,0.396977,518.794657,1202.571943,-1.603023,-481.205343,202.571943,0.998216
2.0,1000,3,0.1,220,2.055607,932.393381,756.172568,0.055607,-67.606619,-243.827432,0.964373
2.0,1000,3,0.1,221,2.265701,974.402080,1159.960034,0.265701,-25.597920,159.960034,0.866582
2.0,1000,3,0.1,222,2.003974,347.725130,1706.607855,0.003974,-652.274870,706.607855,0.987840
2.0,1000,3,0.1,223,0.456621,100.234876,1916.218082,-1.543379,-899.765124,916.218082,1.000000
2.0,1000,3,0.1,224,2.275249,1139.701950,811.034710,0.275249,139.701950,-188.965290,0.859595
2.0,1000,3,0.1,225,1.920747,1454.361870,642.850872,-0.079253,454.361870,-357.149128,0.995502
2.0,1000,3,0.1,226,2.401735,1962.346783,312.126855,0.401735,962.346783,-687.873145,0.771314
2.0,1000,3,0.1,227,1.873322,695.283931,1093.407270,-0.126678,-304.716069,93.407270,0.999661
2.0,1000,3,0.1,228,0.941476,531.777834,1249.315757,-1.058524,-468.222166,249.315757,1.000000
2.0,1000,3,0.1,229,1.013996,233.637262,1754.849057,-0.986004,-766.362738,754.849057,0.999513
2.0,1000,3,0.1,230,0.355873,171.956840,2072.293987,-1.644127,-828.043160,1072.293987,1.000000
2.0,1000,3,0.1,231,2.085183,839.335078,1063.378653,0.085183,-160.664922,63.378653,0.954777
2.0,1000,3,0.1,232,1.906159,768.404397,1087.705381,-0.093841,-231.595603,87.705381,0.997352
2.0,1000,3,0.1,233,2.356128,401.353471,1462.717416,0.356128,-598.646529,462.717416,0.820146
2.0,1000,3,0.1,234,1.949016,642.567028,1084.921292,-0.050984,-357.432972,84.921292,0.991902
2.0,1000,3,0.1,235,2.052230,967.782164,674.378849,0.052230,-32.217836,-325.621151,0.965462
2.0,1000,3,0.1,236,1.340925,827.230120,1159.324372,-0.659075,-172.769880,159.324372,0.999986
2.0,1000,3,0.1,237,NaN,NaN,NaN,NaN,NaN,NaN,NaN
2.0,1000,3,0.1,238,1.355890,378.609161,1320.309891,-0.644110,-621.390839,320.309891,0.999968
2.0,1000,3,0.1,239,1.869299,2103.196012,164.034911,-0.130701,1103.196012,-835.965089,0.999656
2.0,1000,3,0.1,240,2.041728,836.006294,1590.048009,0.041728,-163.993706,590.048009,0.970014
2.0,1000,3,0.1,241,1.065760,1346.030975,1035.071236,-0.934240,346.030975,35.071236,0.999998
2.0,1000,3,0.1,242,2.236008,512.018881,1478.472051,0.236008,-487.981119,478.472051,0.888892
2.0,1000,3,0.1,243,0.304114,173.857311,1831.397127,-1.695886,-826.142689,831.397127,0.999995
2.0,1000,3,0.1,244,2.114435,1347.261727,744.756341,0.114435,347.261727,-255.243659,0.942261
2.0,1000,3,0.1,245,1.921717,627.679962,1033.235451,-0.078283,-372.320038,33.235451,0.995927
2.0,1000,3,0.1,246,1.992367,759.353682,948.853856,-0.007633,-240.646318,-51.146144,0.982968
2.0,1000,3,0.1,247,1.529247,204.335813,1872.995336,-0.470753,-795.664187,872.995336,0.999974
2.0,1000,3,0.1,248,2.041351,1378.692559,657.927789,0.041351,378.692559,-342.072211,0.968731
2.0,1000,3,0.1,249,0.462867,121.771431,1735.732520,-1.537133,-878.228569,735.732520,1.000000
2.0,1000,3,0.1,250,0.429104,476.997832,1478.349947,-1.570896,-523.002168,478.349947,0.998709
2.0,1000,3,0.1,251,1.041785,245.538568,1962.310649,-0.958215,-754.461432,962.310649,0.999531
2.0,1000,3,0.1,252,0.929846,105.064703,2112.695414,-1.070154,-894.935297,1112.695414,0.999111
2.0,1000,3,0.1,253,0.234694,158.920532,1743.315173,-1.765306,-841.079468,743.315173,0.992974
2.0,1000,3,0.1,254,2.186152,393.000882,1080.869836,0.186152,-606.999118,80.869836,0.914099
2.0,1000,3,0.1,255,0.477663,118.023563,1620.624043,-1.522337,-881.976437,620.624043,1.000000
2.0,1000,3,0.1,256,0.453345,101.946217,1902.838625,-1.546655,-898.053783,902.838625,1.000000
2.0,1000,3,0.1,257,1.670205,1194.721478,843.800572,-0.329795,194.721478,-156.199428,0.999983
2.0,1000,3,0.1,258,0.673608,543.586695,1537.803770,-1.326392,-456.413305,537.803770,0.999754
2.0,1000,3,0.1,259,0.809310,687.809872,1407.935236,-1.190690,-312.190128,407.935236,0.999998
2.0,1000,3,0.1,260,1.940821,2071.192254,418.546173,-0.059179,1071.192254,-581.453827,0.992563
2.0,1000,3,0.1,261,2.325706,1449.421375,717.670893,0.325706,449.421375,-282.329107,0.826695
2.0,1000,3,0.1,262,1.910563,1450.348923,563.660484,-0.089437,450.348923,-436.339516,0.996691
2.0,1000,3,0.1,263,2.354710,727.460639,1141.049641,0.354710,-272.539361,141.049641,0.809546
2.0,1000,3,0.1,264,0.573772,429.617409,1208.448719,-1.426228,-570.382591,208.448719,0.999274
2.0,1000,3,0.1,265,1.092064,553.266683,1435.718939,-0.907936,-446.733317,435.718939,0.999994
2.0,1000,3,0.1,266,1.016291,565.454576,1172.244724,-0.983709,-434.545424,172.244724,0.999997
2.0,1000,3,0.1,267,1.867411,807.009255,1258.786088,-0.132589,-192.990745,258.786088,0.999828
2.0,1000,3,0.1,268,2.423222,822.654365,1017.616541,0.423222,-177.345635,17.616541,0.756390
2.0,1000,3,0.1,269,0.617162,579.876609,1649.294870,-1.382838,-420.123391,649.294870,0.999320
2.0,1000,3,0.1,270,0.572859,605.727143,1030.228749,-1.427141,-394.272857,30.228749,0.999941
2.0,1000,3,0.1,271,1.123896,384.762237,1496.172117,-0.876104,-615.237763,496.172117,0.999996
2.0,1000,3,0.1,272,0.713024,455.534483,1289.247977,-1.286976,-544.465517,289.247977,0.999949
2.0,1000,3,0.1,273,0.675328,501.868414,1322.277010,-1.324672,-498.131586,322.277010,0.999885
2.0,1000,3,0.1,274,1.878360,1608.238837,440.171052,-0.121640,608.238837,-559.828948,0.999271
2.0,1000,3,0.1,275,1.224036,389.501778,1898.094420,-0.775964,-610.498222,898.094420,0.999987
2.0,1000,3,0.1,276,0.428112,139.419818,1096.428444,-1.571888,-860.580182,96.428444,1.000000
2.0,1000,3,0.1,277,2.018707,1749.393604,450.379631,0.018707,749.393604,-549.620369,0.975350
2.0,1000,3,0.1,278,1.927050,1118.061170,829.853666,-0.072950,118.061170,-170.146334,0.994741
2.0,1000,3,0.1,279,0.620028,185.099489,1305.490790,-1.379972,-814.900511,305.490790,0.999148
2.0,1000,3,0.1,280,1.799109,1368.881276,796.524004,-0.200891,368.881276,-203.475996,0.999982
2.0,1000,3,0.1,281,2.161759,461.063045,1606.513637,0.161759,-538.936955,606.513637,0.930366
2.0,1000,3,0.1,282,0.391776,207.836834,1639.033195,-1.608224,-792.163166,639.033195,1.000000
2.0,1000,3,0.1,283,0.626490,408.927237,1194.933122,-1.373510,-591.072763,194.933122,0.999348
2.0,1000,3,0.1,284,1.752130,830.740102,777.769031,-0.247870,-169.259898,-222.230969,0.999973
2.0,1000,3,0.1,285,2.333607,1032.503603,907.297403,0.333607,32.503603,-92.702597,0.822144
2.0,1000,3,0.1,286,0.395417,193.882179,1314.904528,-1.604583,-806.117821,314.904528,1.000000
2.0,1000,3,0.1,287,0.403362,161.141204,1305.162392,-1.596638,-838.858796,305.162392,1.000000
2.0,1000,3,0.1,288,0.369949,57.041051,1596.091274,-1.630051,-942.958949,596.091274,0.999993
2.0,1000,3,0.1,289,1.933234,1041.233534,1153.475034,-0.066766,41.233534,153.475034,0.994015
2.0,1000,3,0.1,290,0.263829,120.248355,1631.998875,-1.736171,-879.751645,631.998875,0.999497
2.0,1000,3,0.1,291,2.292526,1913.654807,318.967723,0.292526,913.654807,-681.032277,0.848036
2.0,1000,3,0.1,292,1.321295,248.830462,1533.051161,-0.678705,-751.169538,533.051161,0.999987
2.0,1000,3,0.1,293,2.259577,1014.973122,598.334505,0.259577,14.973122,-401.665495,0.868576
2.0,1000,3,0.1,294,2.147577,904.412356,1408.575461,0.147577,-95.587644,408.575461,0.929465
2.0,1000,3,0.1,295,2.413667,1013.496156,1012.407994,0.413667,13.496156,12.407994,0.763854
2.0,1000,3,0.1,296,1.785658,1403.234975,494.709039,-0.214342,403.234975,-505.290961,0.999988
2.0,1000,3,0.1,297,2.415451,617.966617,1256.910035,0.415451,-382.033383,256.910035,0.766183
2.0,1000,3,0.1,298,0.815581,982.688795,1124.974506,-1.184419,-17.311205,124.974506,1.000000
2.0,1000,3,0.1,299,2.137288,1173.798574,529.628873,0.137288,173.798574,-470.371127,0.932349
2.0,1000,3,0.1,300,NaN,NaN,NaN,NaN,NaN,NaN,NaN
2.0,1000,3,0.1,301,0.931604,286.435045,1594.050304,-1.068396,-713.564955,594.050304,0.999708
2.0,1000,3,0.1,302,2.275138,1733.293721,779.471000,0.275138,733.293721,-220.529000,0.859046
2.0,1000,3,0.1,303,2.088154,1548.723868,656.671419,0.088154,548.723868,-343.328581,0.952572
2.0,1000,3,0.1,304,2.350483,1666.983899,523.863444,0.350483,666.983899,-476.136556,0.809301
2.0,1000,3,0.1,305,1.043321,653.485082,1778.033212,-0.956679,-346.514918,778.033212,0.999997
2.0,1000,3,0.1,306,1.897799,980.770528,1226.975767,-0.102201,-19.229472,226.975767,0.998152
2.0,1000,3,0.1,307,0.852977,346.014995,1841.749408,-1.147023,-653.985005,841.749408,0.999512
2.0,1000,3,0.1,308,1.058293,951.417376,1430.214757,-0.941707,-48.582624,430.214757,0.999995
2.0,1000,3,0.1,309,0.663520,572.924532,1070.334597,-1.336480,-427.075468,70.334597,0.999969
2.0,1000,3,0.1,310,1.063354,897.051583,1214.490802,-0.936646,-102.948417,214.490802,0.999996
2.0,1000,3,0.1,311,2.351952,1250.339167,848.884852,0.351952,250.339167,-151.115148,0.808484
2.0,1000,3,0.1,312,2.318927,1453.608655,363.615931,0.318927,453.608655,-636.384069,0.830906
2.0,1000,3,0.1,313,0.691207,507.049402,1193.722313,-1.308793,-492.950598,193.722313,0.999947
2.0,1000,3,0.1,314,0.398293,362.422496,1628.915313,-1.601707,-637.577504,628.915313,1.000000
2.0,1000,3,0.1,315,1.395058,754.424376,1598.209182,-0.604942,-245.575624,598.209182,0.999971
2.0,1000,3,0.1,316,0.608325,671.143444,1653.487098,-1.391675,-328.856556,653.487098,0.999590
2.0,1000,3,0.1,317,0.346718,135.888075,1729.298345,-1.653282,-864.111925,729.298345,0.999999
2.0,1000,3,0.1,318,0.781986,271.818522,1265.247193,-1.218014,-728.181478,265.247193,0.999379
2.0,1000,3,0.1,319,0.733737,512.097957,1346.209182,-1.266263,-487.902043,346.209182,0.999952
2.0,1000,3,0.1,320,0.685479,735.439531,1291.891535,-1.314521,-264.560469,291.891535,0.999990
2.0,1000,3,0.1,321,2.004893,1006.208955,1021.015334,0.004893,6.208955,21.015334,0.979433
2.0,1000,3,0.1,322,2.147928,760.165858,1466.473459,0.147928,-239.834142,466.473459,0.929636
2.0,1000,3,0.1,323,2.480883,218.065166,1702.030856,0.480883,-781.934834,702.030856,0.765086
2.0,1000,3,0.1,324,1.939455,891.069792,1022.287499,-0.060545,-108.930208,22.287499,0.993206
2.0,1000,3,0.1,325,1.948385,874.241042,1260.882587,-0.051615,-125.758958,260.882587,0.991874
2.0,1000,3,0.1,326,2.047104,1444.354078,436.301677,0.047104,444.354078,-563.698323,0.966849
2.0,1000,3,0.1,327,2.073274,281.457407,1111.968740,0.073274,-718.542593,111.968740,0.965873
2.0,1000,3,0.1,328,2.214735,2291.140300,356.521508,0.214735,1291.140300,-643.478492,0.893901
2.0,1000,3,0.1,329,1.722235,411.811598,1390.011027,-0.277765,-588.188402,390.011027,0.999906
2.0,1000,3,0.1,330,0.562350,665.525869,1162.572177,-1.437650,-334.474131,162.572177,0.999846
2.0,1000,3,0.1,331,2.181206,488.317327,983.707529,0.181206,-511.682673,-16.292471,0.914911
2.0,1000,3,0.1,332,1.895471,1479.754093,654.715832,-0.104529,479.754093,-345.284168,0.998142
2.0,1000,3,0.1,333,1.977595,1118.004643,823.946827,-0.022405,118.004643,-176.053173,0.985865
2.0,1000,3,0.1,334,1.937525,1105.285340,1056.609677,-0.062475,105.285340,56.609677,0.993359
2.0,1000,3,0.1,335,2.021334,175.458386,1188.586501,0.021334,-824.541614,188.586501,0.988916
2.0,1000,3,0.1,336,0.244823,132.250166,1390.351114,-1.755177,-867.749834,390.351114,0.997328
2.0,1000,3,0.1,337,0.378385,322.044479,1448.008803,-1.621615,-677.955521,448.008803,1.000000
2.0,1000,3,0.1,338,0.261931,100.086869,1543.178956,-1.738069,-899.913131,543.178956,0.997141
2.0,1000,3,0.1,339,2.106918,675.368697,1167.016785,0.106918,-324.631303,167.016785,0.946764
2.0,1000,3,0.1,340,0.559938,657.982249,1227.749782,-1.440062,-342.017751,227.749782,0.999721
2.0,1000,3,0.1,341,2.085703,813.314957,1053.597312,0.085703,-186.685043,53.597312,0.954420
2.0,1000,3,0.1,342,2.347881,1322.376538,997.781566,0.347881,322.376538,-2.218434,0.812001
2.0,1000,3,0.1,343,1.983601,581.356327,1345.973997,-0.016399,-418.643673,345.973997,0.986182
2.0,1000,3,0.1,344,2.234923,646.270344,1380.205836,0.234923,-353.729656,380.205836,0.886957
2.0,1000,3,0.1,345,1.181016,1371.884369,905.196848,-0.818984,371.884369,-94.803152,0.999997
2.0,1000,3,0.1,346,NaN,NaN,NaN,NaN,NaN,NaN,NaN
2.0,1000,3,0.1,347,2.230261,1531.473515,790.201096,0.230261,531.473515,-209.798904,0.885548
2.0,1000,3,0.1,348,2.232020,1020.852735,690.686524,0.232020,20.852735,-309.313476,0.884699
2.0,1000,3,0.1,349,0.830333,535.332853,1318.582806,-1.169667,-464.667147,318.582806,0.999996
2.0,1000,3,0.1,350,0.514109,232.832214,1332.549372,-1.485891,-767.167786,332.549372,1.000000
2.0,1000,3,0.1,351,0.339078,223.415098,1612.003957,-1.660922,-776.584902,612.003957,1.000000
2.0,1000,3,0.1,352,1.951156,1055.939315,1079.990771,-0.048844,55.939315,79.990771,0.991098
2.0,1000,3,0.1,353,1.882385,1806.392236,1341.554531,-0.117615,806.392236,341.554531,0.999076
2.0,1000,3,0.1,354,0.666103,465.744284,1439.443006,-1.333897,-534.255716,439.443006,0.999551
2.0,1000,3,0.1,355,2.408457,505.670984,1137.335631,0.408457,-494.329016,137.335631,0.771652
2.0,1000,3,0.1,356,2.204931,1070.098418,740.123105,0.204931,70.098418,-259.876895,0.899849
2.0,1000,3,0.1,357,1.978657,388.411174,1823.180712,-0.021343,-611.588826,823.180712,0.991348
2.0,1000,3,0.1,358,2.072385,1152.294150,698.731583,0.072385,152.294150,-301.268417,0.958516
2.0,1000,3,0.1,359,1.065531,231.442786,1495.657897,-0.934469,-768.557214,495.657897,0.999858
2.0,1000,3,0.1,360,0.772035,107.660503,1730.981686,-1.227965,-892.339497,730.981686,1.000000
2.0,1000,3,0.1,361,0.975653,501.055722,1530.944053,-1.024347,-498.944278,530.944053,1.000000
2.0,1000,3,0.1,362,2.173752,1021.775893,894.286770,0.173752,21.775893,-105.713230,0.915937
2.0,1000,3,0.1,363,0.363652,278.422599,1558.530772,-1.636348,-721.577401,558.530772,1.000000
2.0,1000,3,0.1,364,1.648719,897.753426,993.818670,-0.351281,-102.246574,-6.181330,0.999973
2.0,1000,3,0.1,365,1.242157,996.503103,1040.993295,-0.757843,-3.496897,40.993295,0.999993
2.0,1000,3,0.1,366,2.122206,700.441103,914.143651,0.122206,-299.558897,-85.856349,0.939923
2.0,1000,3,0.1,367,2.231213,1198.425497,1188.774155,0.231213,198.425497,188.774155,0.886056
2.0,1000,3,0.1,368,1.872491,1083.193842,701.096711,-0.127509,83.193842,-298.903289,0.999556
2.0,1000,3,0.1,369,0.662142,660.221227,1324.695045,-1.337858,-339.778773,324.695045,0.999953
2.0,1000,3,0.1,370,2.226858,896.413864,782.223302,0.226858,-103.586136,-217.776698,0.888283
2.0,1000,3,0.1,371,0.691494,392.557636,1140.618662,-1.308506,-607.442364,140.618662,0.999809
2.0,1000,3,0.1,372,0.829241,842.199515,1255.816613,-1.170759,-157.800485,255.816613,1.000000
2.0,1000,3,0.1,373,1.958491,1811.512591,473.276992,-0.041509,811.512591,-526.723008,0.989512
2.0,1000,3,0.1,374,2.311095,960.867060,1131.889693,0.311095,-39.132940,131.889693,0.838047
2.0,1000,3,0.1,375,1.201575,1052.701352,1081.064774,-0.798425,52.701352,81.064774,0.999995
2.0,1000,3,0.1,376,1.355243,55.089202,1815.886597,-0.644757,-944.910798,815.886597,0.997847
2.0,1000,3,0.1,377,0.994371,820.831701,979.901108,-1.005629,-179.168299,-20.098892,0.999997
2.0,1000,3,0.1,378,2.345260,1742.579810,408.349475,0.345260,742.579810,-591.650525,0.812866
2.0,1000,3,0.1,379,1.986134,839.267932,996.827073,-0.013866,-160.732068,-3.172927,0.984128
2.0,1000,3,0.1,380,2.065164,1303.692097,483.448279,0.065164,303.692097,-516.551721,0.960865
2.0,1000,3,0.1,381,0.496463,565.648762,1135.211812,-1.503537,-434.351238,135.211812,0.999432
2.0,1000,3,0.1,382,0.342981,423.074000,1516.609926,-1.657019,-576.926000,516.609926,1.000000
2.0,1000,3,0.1,383,2.417734,1142.724722,742.866705,0.417734,142.724722,-257.133295,0.759836
2.0,1000,3,0.1,384,NaN,NaN,NaN,NaN,NaN,NaN,NaN
2.0,1000,3,0.1,385,2.279224,540.539870,1479.980689,0.279224,-459.460130,479.980689,0.863588
2.0,1000,3,0.1,386,1.375607,636.789904,1069.088290,-0.624393,-363.210096,69.088290,0.999984
2.0,1000,3,0.1,387,0.235896,65.135657,1664.838131,-1.764104,-934.864343,664.838131,0.994888
2.0,1000,3,0.1,388,1.150711,253.714386,2006.997044,-0.849289,-746.285614,1006.997044,0.999802
2.0,1000,3,0.1,389,1.017595,386.703786,1669.488034,-0.982405,-613.296214,669.488034,0.999993
2.0,1000,3,0.1,390,2.057363,820.314650,656.010758,0.057363,-179.685350,-343.989242,0.963893
2.0,1000,3,0.1,391,1.947606,1351.865624,717.006403,-0.052394,351.865624,-282.993597,0.991501
2.0,1000,3,0.1,392,2.200043,397.614126,1311.557469,0.200043,-602.385874,311.557469,0.908808
2.0,1000,3,0.1,393,0.868514,529.570128,1138.273867,-1.131486,-470.429872,138.273867,1.000000
2.0,1000,3,0.1,394,2.103921,953.963762,1467.229637,0.103921,-46.036238,467.229637,0.948024
2.0,1000,3,0.1,395,0.425877,80.666239,1534.903228,-1.574123,-919.333761,534.903228,1.000000
2.0,1000,3,0.1,396,1.215515,2050.024028,696.512064,-0.784485,1050.024028,-303.487936,0.999998
2.0,1000,3,0.1,397,2.215209,2021.937586,181.572928,0.215209,1021.937586,-818.427072,0.893616
2.0,1000,3,0.1,398,2.127073,1177.231247,499.398175,0.127073,177.231247,-500.601825,0.936829
2.0,1000,3,0.1,399,2.036951,1025.575034,1112.747956,0.036951,25.575034,112.747956,0.970673
2.0,1000,3,0.1,400,1.916259,777.656300,1140.731670,-0.083741,-222.343700,140.731670,0.996472
2.0,1000,3,0.1,401,2.410124,393.646710,966.333294,0.410124,-606.353290,-33.666706,0.771670
2.0,1000,3,0.1,402,0.722782,816.609210,1184.630789,-1.277218,-183.390790,184.630789,0.999998
2.0,1000,3,0.1,403,1.861076,1242.115856,711.016305,-0.138924,242.115856,-288.983695,0.999905
2.0,1000,3,0.1,404,1.166797,69.890362,2580.267825,-0.833203,-930.109638,1580.267825,0.999999
2.0,1000,3,0.1,405,2.357066,1416.814343,494.079688,0.357066,416.814343,-505.920312,0.804555
2.0,1000,3,0.1,406,0.264542,107.883252,1749.199375,-1.735458,-892.116748,749.199375,0.997217
2.0,1000,3,0.1,407,1.473267,816.910900,1027.293936,-0.526733,-183.089100,27.293936,0.999984
2.0,1000,3,0.1,408,0.633790,852.411757,1016.643104,-1.366210,-147.588243,16.643104,0.999997
2.0,1000,3,0.1,409,1.939603,576.633122,1420.704554,-0.060397,-423.366878,420.704554,0.994117
2.0,1000,3,0.1,410,2.229590,521.566782,1161.456635,0.229590,-478.433218,161.456635,0.889610
2.0,1000,3,0.1,411,2.046026,2154.322485,480.378681,0.046026,1154.322485,-519.621319,0.967135
2.0,1000,3,0.1,412,0.828442,517.231266,1402.605053,-1.171558,-482.768734,402.605053,0.999995
2.0,1000,3,0.1,413,2.383166,2378.110571,544.105291,0.383166,1378.110571,-455.894709,0.785468
2.0,1000,3,0.1,414,0.234732,198.783627,1476.928145,-1.765268,-801.216373,476.928145,0.999264
2.0,1000,3,0.1,415,2.016779,382.505703,1555.834992,0.016779,-617.494297,555.834992,0.982624
2.0,1000,3,0.1,416,1.988151,340.534421,1548.723480,-0.011849,-659.465579,548.723480,0.988037
2.0,1000,3,0.1,417,0.980942,858.406137,1215.512033,-1.019058,-141.593863,215.512033,0.999998
2.0,1000,3,0.1,418,1.331531,785.776226,1166.613380,-0.668469,-214.223774,166.613380,0.999988
2.0,1000,3,0.1,419,0.557069,122.963888,1516.978079,-1.442931,-877.036112,516.978079,1.000000
2.0,1000,3,0.1,420,2.409509,1924.158928,261.624389,0.409509,924.158928,-738.375611,0.765312
2.0,1000,3,0.1,421,2.221446,787.393796,906.886979,0.221446,-212.606204,-93.113021,0.891664
2.0,1000,3,0.1,422,0.898674,569.908536,1427.087277,-1.101326,-430.091464,427.087277,1.000000
2.0,1000,3,0.1,423,2.303929,775.563166,703.512124,0.303929,-224.436834,-296.487876,0.841465
2.0,1000,3,0.1,424,0.887445,1153.606914,1400.479470,-1.112555,153.606914,400.479470,0.999999
2.0,1000,3,0.1,425,2.339039,1910.876540,515.744064,0.339039,910.876540,-484.255936,0.817252
2.0,1000,3,0.1,426,2.350790,1220.459482,765.125865,0.350790,220.459482,-234.874135,0.809475
2.0,1000,3,0.1,427,2.031906,718.350259,1549.089756,0.031906,-281.649741,549.089756,0.972921
2.0,1000,3,0.1,428,2.141458,442.073572,1082.751501,0.141458,-557.926428,82.751501,0.933088
2.0,1000,3,0.1,429,0.716323,498.846647,1710.019066,-1.283677,-501.153353,710.019066,0.999643
2.0,1000,3,0.1,430,1.453117,1307.897976,804.683012,-0.546883,307.897976,-195.316988,0.999993
2.0,1000,3,0.1,431,0.281717,226.791846,1574.550662,-1.718283,-773.208154,574.550662,0.999996
2.0,1000,3,0.1,432,2.313702,1159.023472,506.236614,0.313702,159.023472,-493.763386,0.834655
2.0,1000,3,0.1,433,0.971280,187.231330,1308.438004,-1.028720,-812.768670,308.438004,0.999467
2.0,1000,3,0.1,434,2.286031,432.974831,1148.122424,0.286031,-567.025169,148.122424,0.860054
2.0,1000,3,0.1,435,2.143259,2184.315144,205.682267,0.143259,1184.315144,-794.317733,0.929386
2.0,1000,3,0.1,436,1.375311,1214.530193,895.945334,-0.624689,214.530193,-104.054666,0.999995
2.0,1000,3,0.1,437,2.295979,910.722378,757.232159,0.295979,-89.277622,-242.767841,0.846573
2.0,1000,3,0.1,438,1.742543,1341.264306,842.126729,-0.257457,341.264306,-157.873271,0.999984
2.0,1000,3,0.1,439,1.599244,56.135196,2000.636726,-0.400756,-943.864804,1000.636726,0.923009
2.0,1000,3,0.1,440,0.500832,284.220725,1429.669318,-1.499168,-715.779275,429.669318,0.997832
2.0,1000,3,0.1,441,0.463705,332.084486,1499.937571,-1.536295,-667.915514,499.937571,1.000000
2.0,1000,3,0.1,442,0.336370,21.372663,1903.600119,-1.663630,-978.627337,903.600119,0.984775
2.0,1000,3,0.1,443,1.864978,827.389696,1583.917474,-0.135022,-172.610304,583.917474,0.999917
2.0,1000,3,0.1,444,0.805021,632.102735,1336.056334,-1.194979,-367.897265,336.056334,0.999997
2.0,1000,3,0.1,445,2.231682,526.201978,1867.426575,0.231682,-473.798022,867.426575,0.896225
2.0,1000,3,0.1,446,2.265570,2238.302946,37.928772,0.265570,1238.302946,-962.071228,0.864570
2.0,1000,3,0.1,447,1.923769,409.473563,1867.403700,-0.076231,-590.526437,867.403700,0.997797
2.0,1000,3,0.1,448,0.413198,463.271776,1342.553170,-1.586802,-536.728224,342.553170,1.000000
2.0,1000,3,0.1,449,0.304683,161.843145,1479.085948,-1.695317,-838.156855,479.085948,0.999998
2.0,1000,3,0.1,450,2.290636,1785.616383,854.196031,0.290636,785.616383,-145.803969,0.849487
2.0,1000,3,0.1,451,2.209376,1189.253154,933.336404,0.209376,189.253154,-66.663596,0.897464
2.0,1000,3,0.1,452,0.296812,119.075389,1762.489206,-1.703188,-880.924611,762.489206,0.999969
2.0,1000,3,0.1,453,1.384831,474.918305,1099.759096,-0.615169,-525.081695,99.759096,0.999975
2.0,1000,3,0.1,454,2.370128,2307.573319,141.796408,0.370128,1307.573319,-858.203592,0.794866
2.0,1000,3,0.1,455,0.473569,283.319943,1256.319950,-1.526431,-716.680057,256.319950,0.999951
2.0,1000,3,0.1,456,2.115322,1109.450246,733.741046,0.115322,109.450246,-266.258954,0.941930
2.0,1000,3,0.1,457,0.448828,134.013381,1526.852299,-1.551172,-865.986619,526.852299,1.000000
2.0,1000,3,0.1,458,0.673297,533.654094,1385.194951,-1.326703,-466.345906,385.194951,0.999898
2.0,1000,3,0.1,459,2.269049,1434.559750,910.112414,0.269049,434.559750,-89.887586,0.863004
2.0,1000,3,0.1,460,0.812976,696.139784,949.906931,-1.187024,-303.860216,-50.093069,1.000000
2.0,1000,3,0.1,461,2.281937,964.458700,549.961583,0.281937,-35.541300,-450.038417,0.855289
2.0,1000,3,0.1,462,0.637586,296.300216,1452.724991,-1.362414,-703.699784,452.724991,0.999895
2.0,1000,3,0.1,463,2.212374,1138.155549,851.445807,0.212374,138.155549,-148.554193,0.895996
2.0,1000,3,0.1,464,1.957873,356.049354,1437.498218,-0.042127,-643.950646,437.498218,0.993838
2.0,1000,3,0.1,465,2.111242,145.665566,1684.437148,0.111242,-854.334434,684.437148,0.996335
2.0,1000,3,0.1,466,NaN,NaN,NaN,NaN,NaN,NaN,NaN
2.0,1000,3,0.1,467,0.777426,606.425617,1355.647825,-1.222574,-393.574383,355.647825,0.999994
2.0,1000,3,0.1,468,0.419769,136.089746,2211.475033,-1.580231,-863.910254,1211.475033,1.000000
2.0,1000,3,0.1,469,0.346103,82.816934,1277.405425,-1.653897,-917.183066,277.405425,0.999997
2.0,1000,3,0.1,470,2.059204,901.885443,1004.048015,0.059204,-98.114557,4.048015,0.963232
2.0,1000,3,0.1,471,1.862583,1728.590816,541.786866,-0.137417,728.590816,-458.213134,0.999864
2.0,1000,3,0.1,472,2.393648,556.672807,846.155550,0.393648,-443.327193,-153.844450,0.781001
2.0,1000,3,0.1,473,2.399865,1111.553413,530.625696,0.399865,111.553413,-469.374304,0.773266
2.0,1000,3,0.1,474,2.426729,469.567902,1628.572384,0.426729,-530.432098,628.572384,0.767677
2.0,1000,3,0.1,475,1.118968,1132.235351,1189.778935,-0.881032,132.235351,189.778935,0.999996
2.0,1000,3,0.1,476,1.319626,166.158730,1575.198628,-0.680374,-833.841270,575.198628,0.999914
2.0,1000,3,0.1,477,0.627634,800.854871,1086.216000,-1.372366,-199.145129,86.216000,0.999988
2.0,1000,3,0.1,478,0.539060,173.960764,1579.303544,-1.460940,-826.039236,579.303544,1.000000
2.0,1000,3,0.1,479,2.385419,1184.743781,964.061423,0.385419,184.743781,-35.938577,0.785020
2.0,1000,3,0.1,480,0.347667,177.272389,1671.023587,-1.652333,-822.727611,671.023587,1.000000
2.0,1000,3,0.1,481,2.121588,1319.655351,1065.809554,0.121588,319.655351,65.809554,0.939609
2.0,1000,3,0.1,482,0.619084,662.088285,1643.078898,-1.380916,-337.911715,643.078898,0.999647
2.0,1000,3,0.1,483,0.432989,288.572813,1382.878883,-1.567011,-711.427187,382.878883,1.000000
2.0,1000,3,0.1,484,1.880002,421.860261,1556.539462,-0.119998,-578.139739,556.539462,0.999743
2.0,1000,3,0.1,485,0.579633,499.106492,1082.617330,-1.420367,-500.893508,82.617330,0.999611
2.0,1000,3,0.1,486,1.992778,591.604332,1580.292323,-0.007222,-408.395668,580.292323,0.984461
2.0,1000,3,0.1,487,2.179551,583.311326,1403.541685,0.179551,-416.688674,403.541685,0.916482
2.0,1000,3,0.1,488,1.942887,1156.911391,896.593659,-0.057113,156.911391,-103.406341,0.992459
2.0,1000,3,0.1,489,0.776697,200.038258,1568.344550,-1.223303,-799.961742,568.344550,0.999987
2.0,1000,3,0.1,490,2.225658,1098.309890,1007.368811,0.225658,98.309890,7.368811,0.888969
2.0,1000,3,0.1,491,1.962336,1033.746170,911.201367,-0.037664,33.746170,-88.798633,0.988996
2.0,1000,3,0.1,492,2.291553,317.365461,1659.019331,0.291553,-682.634539,659.019331,0.875133
2.0,1000,3,0.1,493,1.891813,758.797519,1744.322354,-0.108187,-241.202481,744.322354,0.998948
2.0,1000,3,0.1,494,1.954732,1397.147354,613.737405,-0.045268,397.147354,-386.262595,0.990229
2.0,1000,3,0.1,495,2.226307,225.612663,1263.816672,0.226307,-774.387337,263.816672,0.905790
2.0,1000,3,0.1,496,2.061702,918.931458,936.062817,0.061702,-81.068542,-63.937183,0.962488
2.0,1000,3,0.1,497,2.097418,487.077993,1002.752837,0.097418,-512.922007,2.752837,0.951840
2.0,1000,3,0.1,498,0.723147,423.992442,1702.681972,-1.276853,-576.007558,702.681972,0.999331
2.0,1000,3,0.1,499,0.569811,281.882284,1394.077359,-1.430189,-718.117716,394.077359,0.999804
2.0,1000,3,0.1,500,2.356542,780.184396,1125.527027,0.356542,-219.815604,125.527027,0.807571
2.0,1000,3,0.1,501,0.930190,332.139705,1734.320809,-1.069810,-667.860295,734.320809,0.999807
2.0,1000,3,0.1,502,2.177995,1053.400792,1348.080880,0.177995,53.400792,348.080880,0.914769
2.0,1000,3,0.1,503,2.160842,528.229656,1223.388512,0.160842,-471.770344,223.388512,0.925937
2.0,1000,3,0.1,504,0.369838,139.159053,1697.975468,-1.630162,-860.840947,697.975468,1.000000
2.0,1000,3,0.1,505,2.423240,1055.276162,1017.547855,0.423240,55.276162,17.547855,0.756144
2.0,1000,3,0.1,506,1.932431,1002.281886,803.648421,-0.067569,2.281886,-196.351579,0.993984
2.0,1000,3,0.1,507,2.236420,1118.111007,937.301324,0.236420,118.111007,-62.698676,0.882444
2.0,1000,3,0.1,508,0.433255,413.528279,1316.345259,-1.566745,-586.471721,316.345259,0.998345
2.0,1000,3,0.1,509,2.304987,1535.826131,915.887223,0.304987,535.826131,-84.112777,0.840405
2.0,1000,3,0.1,510,0.257024,127.357763,1392.726781,-1.742976,-872.642237,392.726781,0.999737
2.0,1000,3,0.1,511,2.281252,1119.311724,1611.466689,0.281252,119.311724,611.466689,0.857432
2.0,1000,3,0.1,512,2.382803,657.852204,1320.689762,0.382803,-342.147796,320.689762,0.789905
2.0,1000,3,0.1,513,1.988706,1180.817412,1167.090456,-0.011294,180.817412,167.090456,0.983565
2.0,1000,3,0.1,514,1.961411,1850.043918,281.304974,-0.038589,850.043918,-718.695026,0.988908
2.0,1000,3,0.1,515,1.299184,487.984589,1139.383268,-0.700816,-512.015411,139.383268,0.999982
2.0,1000,3,0.1,516,2.375200,286.614113,1577.482895,0.375200,-713.385887,577.482895,0.820308
2.0,1000,3,0.1,517,0.586636,63.352842,1970.126580,-1.413364,-936.647158,970.126580,1.000000
2.0,1000,3,0.1,518,0.680680,582.491994,1123.237522,-1.319320,-417.508006,123.237522,0.999977
2.0,1000,3,0.1,519,0.488580,313.115557,1536.626524,-1.511420,-686.884443,536.626524,0.999999
2.0,1000,3,0.1,520,0.621531,740.567033,1290.971184,-1.378469,-259.432967,290.971184,0.999949
2.0,1000,3,0.1,521,2.071118,1397.304785,650.295679,0.071118,397.304785,-349.704321,0.958817
2.0,1000,3,0.1,522,0.277642,168.761464,1753.746694,-1.722358,-831.238536,753.746694,0.999975
2.0,1000,3,0.1,523,2.199377,277.009070,1363.671670,0.199377,-722.990930,363.671670,0.921159
2.0,1000,3,0.1,524,1.278075,699.477107,1700.843443,-0.721925,-300.522893,700.843443,0.999982
2.0,1000,3,0.1,525,2.110708,963.721603,908.075210,0.110708,-36.278397,-91.924790,0.944205
2.0,1000,3,0.1,526,2.304388,238.393743,2103.729689,0.304388,-761.606257,1103.729689,0.912668
2.0,1000,3,0.1,527,1.080957,300.114963,1312.023927,-0.919043,-699.885037,312.023927,1.000000
2.0,1000,3,0.1,528,1.905757,1356.866948,832.212999,-0.094243,356.866948,-167.787001,0.997221
2.0,1000,3,0.1,529,2.396961,629.049402,970.068999,0.396961,-370.950598,-29.931001,0.778838
2.0,1000,3,0.1,530,1.928324,643.205076,1634.363001,-0.071676,-356.794924,634.363001,0.995847
2.0,1000,3,0.1,531,2.000377,2175.698183,231.041219,0.000377,1175.698183,-768.958781,0.980167
2.0,1000,3,0.1,532,1.047330,250.436364,1542.810452,-0.952670,-749.563636,542.810452,0.999880
2.0,1000,3,0.1,533,0.312033,189.104180,1570.930663,-1.687967,-810.895820,570.930663,0.999999
2.0,1000,3,0.1,534,1.971913,1145.093818,799.432651,-0.028087,145.093818,-200.567349,0.986969
2.0,1000,3,0.1,535,0.247380,152.145702,1663.650448,-1.752620,-847.854298,663.650448,0.997809
2.0,1000,3,0.1,536,0.814225,756.470875,1123.206340,-1.185775,-243.529125,123.206340,1.000000
2.0,1000,3,0.1,537,0.541553,730.539983,1129.839920,-1.458447,-269.460017,129.839920,0.999880
2.0,1000,3,0.1,538,2.072884,506.796666,1118.822901,0.072884,-493.203334,118.822901,0.960575
2.0,1000,3,0.1,539,0.252262,153.978962,2071.129595,-1.747738,-846.021038,1071.129595,0.995431
2.0,1000,3,0.1,540,0.703582,643.115524,1212.766942,-1.296418,-356.884476,212.766942,0.999992
2.0,1000,3,0.1,541,0.857614,345.639940,1392.260124,-1.142386,-654.360060,392.260124,0.999964
2.0,1000,3,0.1,542,2.051002,2267.055730,18.209353,0.051002,1267.055730,-981.790647,0.965395
2.0,1000,3,0.1,543,2.399741,393.231510,1384.804961,0.399741,-606.768490,384.804961,0.789049
2.0,1000,3,0.1,544,2.034606,794.116869,1047.890959,0.034606,-205.883131,47.890959,0.971360
2.0,1000,3,0.1,545,2.151609,1242.327266,804.633637,0.151609,242.327266,-195.366363,0.926197
2.0,1000,3,0.1,546,1.360421,841.703996,1013.554891,-0.639579,-158.296004,13.554891,0.999990
2.0,1000,3,0.1,547,1.932308,2513.661599,141.585082,-0.067692,1513.661599,-858.414918,0.993846
2.0,1000,3,0.1,548,0.296399,70.499910,2034.862676,-1.703601,-929.500090,1034.862676,0.997083
2.0,1000,3,0.1,549,1.952103,549.641496,1837.393535,-0.047897,-450.358504,837.393535,0.993536
2.0,1000,3,0.1,550,0.902628,475.980155,1604.545733,-1.097372,-524.019845,604.545733,0.999989
2.0,1000,3,0.1,551,2.245577,887.802640,1397.146699,0.245577,-112.197360,397.146699,0.879106
2.0,1000,3,0.1,552,0.621004,233.995807,2090.821010,-1.378996,-766.004193,1090.821010,0.997523
2.0,1000,3,0.1,553,2.258102,737.263996,1175.192860,0.258102,-262.736004,175.192860,0.871378
2.0,1000,3,0.1,554,1.926746,636.150108,974.759914,-0.073254,-363.849892,-25.240086,0.995091
2.0,1000,3,0.1,555,0.537383,382.849641,2422.518608,-1.462617,-617.150359,1422.518608,0.999557
2.0,1000,3,0.1,556,1.852081,404.676956,1718.318550,-0.147919,-595.323044,718.318550,0.999695
2.0,1000,3,0.1,557,2.293401,443.017063,1368.739250,0.293401,-556.982937,368.739250,0.857665
2.0,1000,3,0.1,558,1.962745,1532.847837,696.150772,-0.037255,532.847837,-303.849228,0.988773
2.0,1000,3,0.1,559,0.548556,258.344735,1747.708456,-1.451444,-741.655265,747.708456,0.999912
2.0,1000,3,0.1,560,0.360004,129.313387,1316.150469,-1.639996,-870.686613,316.150469,1.000000
2.0,1000,3,0.1,561,0.486441,276.812270,1305.430399,-1.513559,-723.187730,305.430399,0.999305
2.0,1000,3,0.1,562,0.657822,117.450900,1587.729058,-1.342178,-882.549100,587.729058,1.000000
2.0,1000,3,0.1,563,2.017160,877.630313,1276.328536,0.017160,-122.369687,276.328536,0.976691
2.0,1000,3,0.1,564,1.334096,318.869481,1814.658206,-0.665904,-681.130519,814.658206,0.999979
2.0,1000,3,0.1,565,1.905412,1130.524939,1034.324927,-0.094588,130.524939,34.324927,0.997346
2.0,1000,3,0.1,566,1.983217,1314.707850,773.810944,-0.016783,314.707850,-226.189056,0.984538
2.0,1000,3,0.1,567,0.353278,253.541995,1641.010938,-1.646722,-746.458005,641.010938,1.000000
2.0,1000,3,0.1,568,2.178674,1533.451690,926.051139,0.178674,533.451690,-73.948861,0.913182
2.0,1000,3,0.1,569,NaN,NaN,NaN,NaN,NaN,NaN,NaN
2.0,1000,3,0.1,570,2.347844,1875.012857,280.807168,0.347844,875.012857,-719.192832,0.810906
2.0,1000,3,0.1,571,1.763436,1190.109881,875.078146,-0.236564,190.109881,-124.921854,0.999977
2.0,1000,3,0.1,572,1.998897,1167.632471,871.532230,-0.001103,167.632471,-128.467770,0.980862
2.0,1000,3,0.1,573,2.266906,337.584323,1625.794008,0.266906,-662.415677,625.794008,0.883478
2.0,1000,3,0.1,574,1.894512,654.631374,1146.388683,-0.105488,-345.368626,146.388683,0.998573
2.0,1000,3,0.1,575,1.105543,983.950748,1093.090444,-0.894457,-16.049252,93.090444,0.999995
2.0,1000,3,0.1,576,NaN,NaN,NaN,NaN,NaN,NaN,NaN
2.0,1000,3,0.1,577,0.705085,455.617063,1086.597557,-1.294915,-544.382937,86.597557,0.999951
2.0,1000,3,0.1,578,NaN,NaN,NaN,NaN,NaN,NaN,NaN
2.0,1000,3,0.1,579,2.163890,1719.536184,517.697595,0.163890,719.536184,-482.302405,0.919977
2.0,1000,3,0.1,580,0.411325,559.672189,1372.873432,-1.588675,-440.327811,372.873432,0.998616
2.0,1000,3,0.1,581,1.373360,142.195981,1671.380251,-0.626640,-857.804019,671.380251,0.999935
2.0,1000,3,0.1,582,2.348030,1150.515558,850.524183,0.348030,150.515558,-149.475817,0.811637
2.0,1000,3,0.1,583,1.424265,1222.547695,1334.216556,-0.575735,222.547695,334.216556,0.999990
2.0,1000,3,0.1,584,0.444213,191.638657,1642.642623,-1.555787,-808.361343,642.642623,1.000000
2.0,1000,3,0.1,585,1.250487,577.079200,1590.724190,-0.749513,-422.920800,590.724190,0.999983
2.0,1000,3,0.1,586,2.124444,1019.648208,935.163953,0.124444,19.648208,-64.836047,0.938608
2.0,1000,3,0.1,587,0.852743,618.664376,1618.718901,-1.147257,-381.335624,618.718901,0.999997
2.0,1000,3,0.1,588,0.356275,424.059708,1382.506247,-1.643725,-575.940292,382.506247,1.000000
2.0,1000,3,0.1,589,0.343092,203.614665,1193.005760,-1.656908,-796.385335,193.005760,1.000000
2.0,1000,3,0.1,590,NaN,NaN,NaN,NaN,NaN,NaN,NaN
2.0,1000,3,0.1,591,0.312832,196.152759,1341.333632,-1.687168,-803.847241,341.333632,1.000000
2.0,1000,3,0.1,592,1.012151,640.081873,1288.965352,-0.987849,-359.918127,288.965352,0.999997
2.0,1000,3,0.1,593,0.282614,145.821730,1352.951494,-1.717386,-854.178270,352.951494,0.999987
2.0,1000,3,0.1,594,0.898915,746.358398,1121.122297,-1.101085,-253.641602,121.122297,0.999999
2.0,1000,3,0.1,595,0.324747,64.096281,1842.494326,-1.675253,-935.903719,842.494326,0.999885
2.0,1000,3,0.1,596,0.587544,707.215813,1334.732968,-1.412456,-292.784187,334.732968,0.999895
2.0,1000,3,0.1,597,0.531853,296.062942,1811.739825,-1.468147,-703.937058,811.739825,0.999329
2.0,1000,3,0.1,598,2.412842,1934.978963,688.058865,0.412842,934.978963,-311.941135,0.763117
2.0,1000,3,0.1,599,2.199947,2201.879542,15.434503,0.199947,1201.879542,-984.565497,0.902494
2.0,1000,3,0.1,600,2.043631,1718.373738,378.274980,0.043631,718.373738,-621.725020,0.967866
2.0,1000,3,0.1,601,2.242127,527.386265,1211.203986,0.242127,-472.613735,211.203986,0.884092
2.0,1000,3,0.1,602,2.445248,106.732684,2107.126403,0.445248,-893.267316,1107.126403,0.915810
2.0,1000,3,0.1,603,0.363178,197.655343,1511.322954,-1.636822,-802.344657,511.322954,1.000000
2.0,1000,3,0.1,604,2.194548,583.290012,1640.352243,0.194548,-416.709988,640.352243,0.908622
2.0,1000,3,0.1,605,0.691497,552.069195,1815.041123,-1.308503,-447.930805,815.041123,0.999584
2.0,1000,3,0.1,606,0.553825,348.726871,1552.172389,-1.446175,-651.273129,552.172389,0.999881
2.0,1000,3,0.1,607,2.162348,789.102721,709.441353,0.162348,-210.897279,-290.558647,0.921235
2.0,1000,3,0.1,608,1.926471,1017.358080,681.941532,-0.073529,17.358080,-318.058468,0.994839
2.0,1000,3,0.1,609,1.367127,1060.460084,1143.253238,-0.632873,60.460084,143.253238,0.999989
2.0,1000,3,0.1,610,2.061788,632.509208,1116.988784,0.061788,-367.490792,116.988784,0.963433
2.0,1000,3,0.1,611,1.149879,767.742931,1060.371959,-0.850121,-232.257069,60.371959,0.999994
2.0,1000,3,0.1,612,0.253501,89.283062,1563.631970,-1.746499,-910.716938,563.631970,0.991780
2.0,1000,3,0.1,613,2.133749,1179.173682,735.646138,0.133749,179.173682,-264.353862,0.933917
2.0,1000,3,0.1,614,2.267455,833.540716,1230.580966,0.267455,-166.459284,230.580966,0.865431
2.0,1000,3,0.1,615,2.236292,2203.421072,525.742049,0.236292,1203.421072,-474.257951,0.881902
2.0,1000,3,0.1,616,2.232129,466.027818,1737.100165,0.232129,-533.972182,737.100165,0.894245
2.0,1000,3,0.1,617,0.247810,133.534904,1110.353454,-1.752190,-866.465096,110.353454,0.999876
2.0,1000,3,0.1,618,0.621034,190.014218,1759.414338,-1.378966,-809.985782,759.414338,0.999927
2.0,1000,3,0.1,619,2.063636,1788.867314,363.247801,0.063636,788.867314,-636.752199,0.961223
2.0,1000,3,0.1,620,0.414081,154.973497,1828.146354,-1.585919,-845.026503,828.146354,1.000000
2.0,1000,3,0.1,621,0.331815,264.304246,1731.354302,-1.668185,-735.695754,731.354302,1.000000
2.0,1000,3,0.1,622,2.057505,645.468151,1059.833938,0.057505,-354.531849,59.833938,0.965077
2.0,1000,3,0.1,623,1.515683,1451.629231,825.977670,-0.484317,451.629231,-174.022330,0.999994
2.0,1000,3,0.1,624,0.790323,480.431108,1153.289274,-1.209677,-519.568892,153.289274,0.999996
2.0,1000,3,0.1,625,2.346435,633.487913,1223.051245,0.346435,-366.512087,223.051245,0.816388
2.0,1000,3,0.1,626,2.403302,1666.917070,551.146298,0.403302,666.917070,-448.853702,0.770428
2.0,1000,3,0.1,627,1.039417,363.091782,1430.314443,-0.960583,-636.908218,430.314443,1.000000
2.0,1000,3,0.1,628,2.007567,824.527010,1079.667749,0.007567,-175.472990,79.667749,0.978849
2.0,1000,3,0.1,629,0.846864,318.620705,1638.544247,-1.153136,-681.379295,638.544247,0.999538
2.0,1000,3,0.1,630,2.174641,1392.247170,697.755120,0.174641,392.247170,-302.244880,0.914997
2.0,1000,3,0.1,631,1.918051,271.381611,923.241217,-0.081949,-728.618389,-76.758783,0.997719
2.0,1000,3,0.1,632,0.707448,400.608715,1327.292668,-1.292552,-599.391285,327.292668,0.999658
2.0,1000,3,0.1,633,2.045254,331.847365,988.961585,0.045254,-668.152635,-11.038415,0.971945
2.0,1000,3,0.1,634,1.437201,492.544060,1568.988069,-0.562799,-507.455940,568.988069,0.999960
2.0,1000,3,0.1,635,0.484540,219.848222,1854.149071,-1.515460,-780.151778,854.149071,1.000000
2.0,1000,3,0.1,636,2.402836,1788.488358,396.628490,0.402836,788.488358,-603.371510,0.770539
2.0,1000,3,0.1,637,2.150136,695.805369,1046.987645,0.150136,-304.194631,46.987645,0.928438
2.0,1000,3,0.1,638,0.695296,642.986243,1488.202629,-1.304704,-357.013757,488.202629,0.999950
2.0,1000,3,0.1,639,1.076075,173.089072,1754.847494,-0.923925,-826.910928,754.847494,0.999761
2.0,1000,3,0.1,640,0.251157,199.841110,1266.625159,-1.748843,-800.158890,266.625159,0.999965
2.0,1000,3,0.1,641,0.877311,397.012006,1412.565308,-1.122689,-602.987994,412.565308,0.999974
2.0,1000,3,0.1,642,0.260456,209.613937,1508.392596,-1.739544,-790.386063,508.392596,0.999982
2.0,1000,3,0.1,643,1.394250,774.800292,1694.606865,-0.605750,-225.199708,694.606865,0.999976
2.0,1000,3,0.1,644,0.335722,193.551725,1991.495513,-1.664278,-806.448275,991.495513,0.999999
2.0,1000,3,0.1,645,2.246091,1393.624766,838.663299,0.246091,393.624766,-161.336701,0.876855
2.0,1000,3,0.1,646,0.732497,360.389461,1112.405515,-1.267503,-639.610539,112.405515,0.999909
2.0,1000,3,0.1,647,0.762943,511.638704,1043.870944,-1.237057,-488.361296,43.870944,0.999993
2.0,1000,3,0.1,648,1.955833,1292.016047,842.987252,-0.044167,292.016047,-157.012748,0.990076
2.0,1000,3,0.1,649,0.620602,222.727036,2035.765799,-1.379398,-777.272964,1035.765799,0.999498
2.0,1000,3,0.1,650,0.576113,683.281495,1194.337663,-1.423887,-316.718505,194.337663,0.999930
2.0,1000,3,0.1,651,2.213105,1611.874348,607.231767,0.213105,611.874348,-392.768233,0.895042
2.0,1000,3,0.1,652,0.302223,185.008620,1543.188895,-1.697777,-814.991380,543.188895,0.999998
2.0,1000,3,0.1,653,0.299035,110.031912,1762.124573,-1.700965,-889.968088,762.124573,0.999955
2.0,1000,3,0.1,654,2.167691,1014.300195,691.174753,0.167691,14.300195,-308.825247,0.918554
2.0,1000,3,0.1,655,2.291040,1607.504269,439.573050,0.291040,607.504269,-560.426950,0.849063
2.0,1000,3,0.1,656,0.260194,112.056684,1484.631312,-1.739806,-887.943316,484.631312,0.999275
2.0,1000,3,0.1,657,0.697928,459.459974,1511.689721,-1.302072,-540.540026,511.689721,0.999618
2.0,1000,3,0.1,658,0.728174,538.298124,1359.776535,-1.271826,-461.701876,359.776535,0.999954
2.0,1000,3,0.1,659,NaN,NaN,NaN,NaN,NaN,NaN,NaN
2.0,1000,3,0.1,660,NaN,NaN,NaN,NaN,NaN,NaN,NaN
2.0,1000,3,0.1,661,2.322585,1632.223368,307.463273,0.322585,632.223368,-692.536727,0.828282
2.0,1000,3,0.1,662,0.252027,232.407288,1424.308715,-1.747973,-767.592712,424.308715,0.999977
2.0,1000,3,0.1,663,1.408071,1160.748492,1130.267536,-0.591929,160.748492,130.267536,0.999992
2.0,1000,3,0.1,664,1.036705,275.841039,1543.511761,-0.963295,-724.158961,543.511761,0.999970
2.0,1000,3,0.1,665,0.454057,345.848002,1538.280099,-1.545943,-654.151998,538.280099,1.000000
2.0,1000,3,0.1,666,0.342303,122.877818,1532.801600,-1.657697,-877.122182,532.801600,0.999999
2.0,1000,3,0.1,667,1.891178,1102.557636,1754.297982,-0.108822,102.557636,754.297982,0.998761
2.0,1000,3,0.1,668,2.181034,1203.160961,722.379145,0.181034,203.160961,-277.620855,0.911982
2.0,1000,3,0.1,669,1.074332,453.047367,1160.620782,-0.925668,-546.952633,160.620782,0.999995
2.0,1000,3,0.1,670,2.049805,2165.771595,153.757901,0.049805,1165.771595,-846.242099,0.965821
2.0,1000,3,0.1,671,2.194807,1412.874423,1439.128203,0.194807,412.874423,439.128203,0.905638
2.0,1000,3,0.1,672,1.084069,279.337092,1895.219506,-0.915931,-720.662908,895.219506,0.999836
2.0,1000,3,0.1,673,1.957020,524.741705,1179.757396,-0.042980,-475.258295,179.757396,0.991333
2.0,1000,3,0.1,674,0.492728,274.293404,1563.301787,-1.507272,-725.706596,563.301787,1.000000
2.0,1000,3,0.1,675,2.029910,2044.558937,189.321606,0.029910,1044.558937,-810.678394,0.972022
2.0,1000,3,0.1,676,0.247101,249.419344,1230.958917,-1.752899,-750.580656,230.958917,0.999987
2.0,1000,3,0.1,677,1.995867,507.595320,1898.223989,-0.004133,-492.404680,898.223989,0.984430
2.0,1000,3,0.1,678,0.494727,149.338044,1662.493140,-1.505273,-850.661956,662.493140,1.000000
2.0,1000,3,0.1,679,0.333663,269.978753,1899.731624,-1.666337,-730.021247,899.731624,1.000000
2.0,1000,3,0.1,680,1.252299,430.596543,1795.471787,-0.747701,-569.403457,795.471787,0.999984
2.0,1000,3,0.1,681,2.144424,786.603748,1824.769692,0.144424,-213.396252,824.769692,0.933327
2.0,1000,3,0.1,682,NaN,NaN,NaN,NaN,NaN,NaN,NaN
2.0,1000,3,0.1,683,2.260671,980.172379,762.381153,0.260671,-19.827621,-237.618847,0.868135
2.0,1000,3,0.1,684,0.871680,645.918709,1121.605608,-1.128320,-354.081291,121.605608,1.000000
2.0,1000,3,0.1,685,2.147858,959.948566,1120.639334,0.147858,-40.051434,120.639334,0.928778
2.0,1000,3,0.1,686,0.421783,397.032107,1500.262277,-1.578217,-602.967893,500.262277,1.000000
2.0,1000,3,0.1,687,0.816846,1246.669251,1100.097489,-1.183154,246.669251,100.097489,1.000000
2.0,1000,3,0.1,688,2.214437,1091.201889,890.188336,0.214437,91.201889,-109.811664,0.894915
2.0,1000,3,0.1,689,0.507390,303.581066,1516.895799,-1.492610,-696.418934,516.895799,0.998028
2.0,1000,3,0.1,690,2.043028,225.594885,1570.973992,0.043028,-774.405115,570.973992,0.983713
2.0,1000,3,0.1,691,1.775023,1283.966814,1226.241508,-0.224977,283.966814,226.241508,0.999982
2.0,1000,3,0.1,692,2.188624,1332.344427,376.985245,0.188624,332.344427,-623.014755,0.907770
2.0,1000,3,0.1,693,0.771376,687.671487,1374.629671,-1.228624,-312.328513,374.629671,0.999995
2.0,1000,3,0.1,694,2.205845,991.725717,968.010136,0.205845,-8.274283,-31.989864,0.899575
2.0,1000,3,0.1,695,2.019000,679.131474,1118.984285,0.019000,-320.868526,118.984285,0.976687
2.0,1000,3,0.1,696,0.840342,893.069531,1074.587363,-1.159658,-106.930469,74.587363,0.999999
2.0,1000,3,0.1,697,2.024307,1222.967854,632.985886,0.024307,222.967854,-367.014114,0.973934
2.0,1000,3,0.1,698,1.972639,1336.631794,935.329873,-0.027361,336.631794,-64.670127,0.986802
2.0,1000,3,0.1,699,1.990105,1211.038967,1031.857810,-0.009895,211.038967,31.857810,0.983122
2.0,1000,3,0.1,700,0.453540,303.597035,1551.720435,-1.546460,-696.402965,551.720435,1.000000
2.0,1000,3,0.1,701,0.555054,146.515716,1627.592148,-1.444946,-853.484284,627.592148,1.000000
2.0,1000,3,0.1,702,2.418152,2085.253925,417.192990,0.418152,1085.253925,-582.807010,0.758736
2.0,1000,3,0.1,703,0.798766,315.107387,1585.797490,-1.201234,-684.892613,585.797490,0.999278
2.0,1000,3,0.1,704,2.173371,882.248934,1008.835173,0.173371,-117.751066,8.835173,0.916457
2.0,1000,3,0.1,705,0.597364,666.881463,1241.245503,-1.402636,-333.118537,241.245503,0.999937
2.0,1000,3,0.1,706,2.019203,1406.030595,719.095154,0.019203,406.030595,-280.904846,0.975346
2.0,1000,3,0.1,707,2.095498,1750.931609,1100.151649,0.095498,750.931609,100.151649,0.949856
2.0,1000,3,0.1,708,2.085344,873.782803,1011.612227,0.085344,-126.217197,11.612227,0.954538
2.0,1000,3,0.1,709,2.258672,1200.273305,935.287089,0.258672,200.273305,-64.712911,0.869344
2.0,1000,3,0.1,710,2.141710,794.787626,1128.299235,0.141710,-205.212374,128.299235,0.931816
2.0,1000,3,0.1,711,2.287635,267.051102,1415.674974,0.287635,-732.948898,415.674974,0.877167
2.0,1000,3,0.1,712,1.994867,1099.279224,771.602250,-0.005133,99.279224,-228.397750,0.981759
2.0,1000,3,0.1,713,0.445936,236.576216,1822.186643,-1.554064,-763.423784,822.186643,1.000000
2.0,1000,3,0.1,714,NaN,NaN,NaN,NaN,NaN,NaN,NaN
2.0,1000,3,0.1,715,2.107919,790.578175,759.991752,0.107919,-209.421825,-240.008248,0.945152
2.0,1000,3,0.1,716,2.141363,707.612827,1225.951222,0.141363,-292.387173,225.951222,0.932314
2.0,1000,3,0.1,717,0.499229,270.539082,1575.683243,-1.500771,-729.460918,575.683243,1.000000
2.0,1000,3,0.1,718,0.272539,148.066015,1360.572412,-1.727461,-851.933985,360.572412,0.999982
2.0,1000,3,0.1,719,0.263955,276.021451,1125.050278,-1.736045,-723.978549,125.050278,0.999998
2.0,1000,3,0.1,720,2.337413,411.404261,1203.966269,0.337413,-588.595739,203.966269,0.827313
2.0,1000,3,0.1,721,1.998884,1282.089532,987.932480,-0.001116,282.089532,-12.067520,0.980893
2.0,1000,3,0.1,722,0.623184,474.736470,1384.218159,-1.376816,-525.263530,384.218159,0.999312
2.0,1000,3,0.1,723,0.644745,662.103812,1688.912338,-1.355255,-337.896188,688.912338,0.999765
2.0,1000,3,0.1,724,0.265041,90.739846,1486.768764,-1.734959,-909.260154,486.768764,0.997202
2.0,1000,3,0.1,725,1.464992,1148.114724,960.084043,-0.535008,148.114724,-39.915957,0.999990
2.0,1000,3,0.1,726,1.293896,374.324837,1087.627865,-0.706104,-625.675163,87.627865,0.999978
2.0,1000,3,0.1,727,2.239285,1485.549894,407.904922,0.239285,485.549894,-592.095078,0.880276
2.0,1000,3,0.1,728,0.287123,255.990191,1451.813288,-1.712877,-744.009809,451.813288,0.999999
2.0,1000,3,0.1,729,2.168052,219.470998,1577.172492,0.168052,-780.529002,577.172492,0.943332
2.0,1000,3,0.1,730,1.999847,711.068284,875.786168,-0.000153,-288.931716,-124.213832,0.981091
2.0,1000,3,0.1,731,2.295247,617.078431,806.478676,0.295247,-382.921569,-193.521324,0.848537
2.0,1000,3,0.1,732,1.990515,903.887121,712.253800,-0.009485,-96.112879,-287.746200,0.982990
2.0,1000,3,0.1,733,2.301312,2112.055752,532.384106,0.301312,1112.055752,-467.615894,0.842485
2.0,1000,3,0.1,734,1.949007,583.882595,1415.456147,-0.050993,-416.117405,415.456147,0.992373
2.0,1000,3,0.1,735,0.456279,444.225003,1669.899814,-1.543721,-555.774997,669.899814,0.997856
2.0,1000,3,0.1,736,2.396683,1675.286192,622.565529,0.396683,675.286192,-377.434471,0.775298
2.0,1000,3,0.1,737,2.117049,1866.359651,630.469399,0.117049,866.359651,-369.530601,0.940908
2.0,1000,3,0.1,738,2.224278,1358.268916,864.520968,0.224278,358.268916,-135.479032,0.889137
2.0,1000,3,0.1,739,0.447590,486.815416,1807.553739,-1.552410,-513.184584,807.553739,0.999980
2.0,1000,3,0.1,740,0.782783,111.573926,1986.814403,-1.217217,-888.426074,986.814403,1.000000
2.0,1000,3,0.1,741,1.896831,896.984371,898.739151,-0.103169,-103.015629,-101.260849,0.998090
2.0,1000,3,0.1,742,2.188414,2106.804948,82.446580,0.188414,1106.804948,-917.553420,0.907687
2.0,1000,3,0.1,743,1.303270,1472.982172,580.746866,-0.696730,472.982172,-419.253134,0.999998
2.0,1000,3,0.1,744,0.797671,532.919624,1989.869754,-1.202329,-467.080376,989.869754,0.999882
2.0,1000,3,0.1,745,1.969534,1151.283718,618.611558,-0.030466,151.283718,-381.388442,0.987381
2.0,1000,3,0.1,746,0.677194,424.243651,1407.514940,-1.322806,-575.756349,407.514940,0.999494
2.0,1000,3,0.1,747,0.674272,816.124639,1116.930576,-1.325728,-183.875361,116.930576,0.999998
2.0,1000,3,0.1,748,2.562603,95.968992,1520.707344,0.562603,-904.031008,520.707344,0.912835
2.0,1000,3,0.1,749,0.683263,135.015678,1525.605303,-1.316737,-864.984322,525.605303,0.999047
2.0,1000,3,0.1,750,0.413632,388.324354,1281.808207,-1.586368,-611.675646,281.808207,1.000000
2.0,1000,3,0.1,751,2.373049,981.159713,940.527242,0.373049,-18.840287,-59.472758,0.794312
2.0,1000,3,0.1,752,0.536355,487.437176,1324.357324,-1.463645,-512.562824,324.357324,0.999570
2.0,1000,3,0.1,753,2.196655,1406.883396,567.039152,0.196655,406.883396,-432.960848,0.903788
2.0,1000,3,0.1,754,1.205627,910.386028,837.188654,-0.794373,-89.613972,-162.811346,0.999995
2.0,1000,3,0.1,755,2.383303,1906.516533,447.331114,0.383303,906.516533,-552.668886,0.785410
2.0,1000,3,0.1,756,1.813950,1089.185392,1149.976928,-0.186050,89.185392,149.976928,0.999975
2.0,1000,3,0.1,757,0.364126,197.193409,1298.293643,-1.635874,-802.806591,298.293643,1.000000
2.0,1000,3,0.1,758,0.608699,538.796293,1289.502952,-1.391301,-461.203707,289.502952,0.999642
2.0,1000,3,0.1,759,1.864206,1052.370878,736.517780,-0.135794,52.370878,-263.482220,0.999840
2.0,1000,3,0.1,760,0.381682,402.870841,1775.185165,-1.618318,-597.129159,775.185165,1.000000
2.0,1000,3,0.1,761,1.014268,483.668161,1197.549764,-0.985732,-516.331839,197.549764,0.999998
2.0,1000,3,0.1,762,2.151022,738.857016,1265.611694,0.151022,-261.142984,265.611694,0.928296
2.0,1000,3,0.1,763,0.876856,755.967351,1557.684603,-1.123144,-244.032649,557.684603,1.000000
2.0,1000,3,0.1,764,0.728453,386.626917,1540.033110,-1.271547,-613.373083,540.033110,0.999428
2.0,1000,3,0.1,765,1.913772,454.302013,1551.481946,-0.086228,-545.697987,551.481946,0.998092
2.0,1000,3,0.1,766,1.971913,839.938713,868.095483,-0.028087,-160.061287,-131.904517,0.987211
2.0,1000,3,0.1,767,2.227481,1083.515164,1369.887636,0.227481,83.515164,369.887636,0.888782
2.0,1000,3,0.1,768,1.923582,479.282846,1099.037096,-0.076418,-520.717154,99.037096,0.996131
2.0,1000,3,0.1,769,0.230410,164.400803,1523.810232,-1.769590,-835.599197,523.810232,0.993620
2.0,1000,3,0.1,770,1.808992,1360.841449,794.016460,-0.191008,360.841449,-205.983540,0.999978
2.0,1000,3,0.1,771,1.378986,1196.782144,1202.890014,-0.621014,196.782144,202.890014,0.999990
2.0,1000,3,0.1,772,0.607812,668.783794,1368.340653,-1.392188,-331.216206,368.340653,0.999899
2.0,1000,3,0.1,773,0.765091,108.677192,1536.972754,-1.234909,-891.322808,536.972754,0.998232
2.0,1000,3,0.1,774,1.901411,603.466884,1970.149769,-0.098589,-396.533116,970.149769,0.998817
2.0,1000,3,0.1,775,2.008523,922.718599,788.323226,0.008523,-77.281401,-211.676774,0.978535
2.0,1000,3,0.1,776,0.990089,973.959574,1333.114055,-1.009911,-26.040426,333.114055,0.999997
2.0,1000,3,0.1,777,2.298420,366.945219,1167.410542,0.298420,-633.054781,167.410542,0.853354
2.0,1000,3,0.1,778,2.325625,750.083031,677.294742,0.325625,-249.916969,-322.705258,0.826966
2.0,1000,3,0.1,779,0.441233,436.730259,1487.674428,-1.558767,-563.269741,487.674428,0.998661
2.0,1000,3,0.1,780,1.046534,854.064117,1272.289597,-0.953466,-145.935883,272.289597,0.999996
2.0,1000,3,0.1,781,2.033972,779.121885,1152.351510,0.033972,-220.878115,152.351510,0.972119
2.0,1000,3,0.1,782,1.939706,534.375441,1289.423408,-0.060294,-465.624559,289.423408,0.993735
2.0,1000,3,0.1,783,2.118211,1698.550171,448.054323,0.118211,698.550171,-551.945677,0.940479
2.0,1000,3,0.1,784,2.214353,1411.089156,974.128786,0.214353,411.089156,-25.871214,0.894794
2.0,1000,3,0.1,785,0.610302,364.309042,1168.429119,-1.389698,-635.690958,168.429119,0.999223
2.0,1000,3,0.1,786,2.391001,97.652577,1359.350944,0.391001,-902.347423,359.350944,0.965151
2.0,1000,3,0.1,787,0.520264,496.843499,1364.143495,-1.479736,-503.156501,364.143495,0.999782
2.0,1000,3,0.1,788,2.160329,937.516316,1181.172875,0.160329,-62.483684,181.172875,0.923169
2.0,1000,3,0.1,789,2.463057,321.762102,1723.820904,0.463057,-678.237898,723.820904,0.758415
2.0,1000,3,0.1,790,2.239498,1567.145488,879.525625,0.239498,567.145488,-120.474375,0.880578
2.0,1000,3,0.1,791,2.181957,1151.582007,1345.517760,0.181957,151.582007,345.517760,0.912559
2.0,1000,3,0.1,792,2.313368,380.659771,1613.889889,0.313368,-619.340229,613.889889,0.853714
2.0,1000,3,0.1,793,0.650246,475.860862,1240.176344,-1.349754,-524.139138,240.176344,0.999761
2.0,1000,3,0.1,794,2.034987,850.623881,1363.176468,0.034987,-149.376119,363.176468,0.971802
2.0,1000,3,0.1,795,1.123673,490.399421,1366.878121,-0.876327,-509.600579,366.878121,0.999993
2.0,1000,3,0.1,796,2.120890,1514.333282,465.251720,0.120890,514.333282,-534.748280,0.939387
2.0,1000,3,0.1,797,2.084198,1696.088097,311.540601,0.084198,696.088097,-688.459399,0.953859
2.0,1000,3,0.1,798,0.766706,1332.376896,954.882803,-1.233294,332.376896,-45.117197,1.000000
2.0,1000,3,0.1,799,1.951774,824.649271,1115.339238,-0.048226,-175.350729,115.339238,0.991351
2.0,1000,3,0.1,800,0.736184,258.380585,1450.896679,-1.263816,-741.619415,450.896679,0.999539
2.0,1000,3,0.1,801,0.474597,305.161754,1359.382777,-1.525403,-694.838246,359.382777,0.999918
2.0,1000,3,0.1,802,1.997430,988.500750,818.088586,-0.002570,-11.499250,-181.911414,0.981289
2.0,1000,3,0.1,803,2.220324,721.111236,1037.431242,0.220324,-278.888764,37.431242,0.892761
2.0,1000,3,0.1,804,1.214998,1593.017793,743.616931,-0.785002,593.017793,-256.383069,0.999998
2.0,1000,3,0.1,805,0.470973,443.260031,1547.252973,-1.529027,-556.739969,547.252973,0.999089
2.0,1000,3,0.1,806,2.226295,510.795401,1177.035349,0.226295,-489.204599,177.035349,0.892957
2.0,1000,3,0.1,807,2.130490,865.240765,1071.266363,0.130490,-134.759235,71.266363,0.936341
2.0,1000,3,0.1,808,1.932532,441.898327,1232.805545,-0.067468,-558.101673,232.805545,0.995281
2.0,1000,3,0.1,809,1.976785,583.708442,1298.669312,-0.023215,-416.291558,298.669312,0.987539
2.0,1000,3,0.1,810,1.135001,1329.266681,773.566017,-0.864999,329.266681,-226.433983,0.999998
2.0,1000,3,0.1,811,1.924561,1083.563410,891.777760,-0.075439,83.563410,-108.222240,0.995137
2.0,1000,3,0.1,812,0.251669,196.426763,1300.547211,-1.748331,-803.573237,300.547211,0.999958
2.0,1000,3,0.1,813,0.384767,243.412379,1182.230007,-1.615233,-756.587621,182.230007,1.000000
2.0,1000,3,0.1,814,0.337086,75.120260,1608.101965,-1.662914,-924.879740,608.101965,0.999983
2.0,1000,3,0.1,815,2.161121,1294.932315,756.289278,0.161121,294.932315,-243.710722,0.921392
2.0,1000,3,0.1,816,2.137548,791.976055,867.099353,0.137548,-208.023945,-132.900647,0.933160
2.0,1000,3,0.1,817,2.120944,1059.665621,964.806787,0.120944,59.665621,-35.193213,0.940032
2.0,1000,3,0.1,818,0.606621,465.611274,1487.240864,-1.393379,-534.388726,487.240864,0.999240
2.0,1000,3,0.1,819,2.256906,1180.366292,851.467864,0.256906,180.366292,-148.532136,0.870421
2.0,1000,3,0.1,820,0.576274,541.339716,1085.121425,-1.423726,-458.660284,85.121425,0.999721
2.0,1000,3,0.1,821,2.403862,1593.048334,345.736267,0.403862,593.048334,-654.263733,0.769849
2.0,1000,3,0.1,822,2.016911,1192.195883,562.379518,0.016911,192.195883,-437.620482,0.975884
2.0,1000,3,0.1,823,1.918176,401.978087,1345.365331,-0.081824,-598.021913,345.365331,0.997654
2.0,1000,3,0.1,824,2.037166,1859.417470,424.467552,0.037166,859.417470,-575.532448,0.969924
2.0,1000,3,0.1,825,2.221983,837.510660,891.202829,0.221983,-162.489340,-108.797171,0.891208
2.0,1000,3,0.1,826,2.155639,488.597408,1527.574687,0.155639,-511.402592,527.574687,0.930320
2.0,1000,3,0.1,827,0.288003,177.394483,1846.898284,-1.711997,-822.605517,846.898284,0.999985
2.0,1000,3,0.1,828,1.918818,1214.021135,932.130467,-0.081182,214.021135,-67.869533,0.995848
2.0,1000,3,0.1,829,0.602008,396.359461,1342.495738,-1.397992,-603.640539,342.495738,0.999378
2.0,1000,3,0.1,830,0.311815,102.993810,1762.610597,-1.688185,-897.006190,762.610597,0.999979
2.0,1000,3,0.1,831,2.075335,1491.214126,507.243131,0.075335,491.214126,-492.756869,0.957174
2.0,1000,3,0.1,832,1.948602,803.288049,1200.389140,-0.051398,-196.711951,200.389140,0.991991
2.0,1000,3,0.1,833,2.320084,1375.432876,582.560343,0.320084,375.432876,-417.439657,0.830100
2.0,1000,3,0.1,834,1.674022,1069.287071,934.406836,-0.325978,69.287071,-65.593164,0.999979
2.0,1000,3,0.1,835,2.335203,1262.524905,631.427293,0.335203,262.524905,-368.572707,0.820268
2.0,1000,3,0.1,836,1.881302,1990.888869,626.018401,-0.118698,990.888869,-373.981599,0.999114
2.0,1000,3,0.1,837,1.962247,1879.113403,866.534208,-0.037753,879.113403,-133.465792,0.988839
2.0,1000,3,0.1,838,1.084059,1038.875803,908.709673,-0.915941,38.875803,-91.290327,0.999997
2.0,1000,3,0.1,839,0.663851,174.074406,1822.263140,-1.336149,-825.925594,822.263140,0.997841
2.0,1000,3,0.1,840,0.255026,130.225143,1427.903217,-1.744974,-869.774857,427.903217,0.999604
2.0,1000,3,0.1,841,2.187749,591.132490,1745.871307,0.187749,-408.867510,745.871307,0.915523
2.0,1000,3,0.1,842,1.098343,1020.561018,1125.168596,-0.901657,20.561018,125.168596,0.999996
2.0,1000,3,0.1,843,0.390347,268.174928,1731.710899,-1.609653,-731.825072,731.710899,1.000000
2.0,1000,3,0.1,844,0.399852,172.580920,1648.300084,-1.600148,-827.419080,648.300084,1.000000
2.0,1000,3,0.1,845,0.533025,186.147165,1168.516577,-1.466975,-813.852835,168.516577,0.999967
2.0,1000,3,0.1,846,1.995767,284.997336,1962.184901,-0.004233,-715.002664,962.184901,0.992796
2.0,1000,3,0.1,847,1.113715,737.003560,1120.135804,-0.886285,-262.996440,120.135804,0.999994
2.0,1000,3,0.1,848,2.249131,1269.444228,1137.998654,0.249131,269.444228,137.998654,0.875176
2.0,1000,3,0.1,849,2.073581,648.925450,917.200287,0.073581,-351.074550,-82.799713,0.958975
2.0,1000,3,0.1,850,2.048437,893.162424,1190.271183,0.048437,-106.837576,190.271183,0.967257
2.0,1000,3,0.1,851,0.765675,1023.765163,1569.241780,-1.234325,23.765163,569.241780,0.999999
2.0,1000,3,0.1,852,0.530717,269.234879,1707.277277,-1.469283,-730.765121,707.277277,1.000000
2.0,1000,3,0.1,853,0.591813,629.376595,1273.570292,-1.408187,-370.623405,273.570292,0.999816
2.0,1000,3,0.1,854,0.914335,436.384375,1690.521329,-1.085665,-563.615625,690.521329,0.999978
2.0,1000,3,0.1,855,1.892537,1094.112080,882.020108,-0.107463,94.112080,-117.979892,0.998406
2.0,1000,3,0.1,856,1.046646,78.917914,1636.178453,-0.953354,-921.082086,636.178453,0.997255
2.0,1000,3,0.1,857,0.737343,515.904768,1291.514071,-1.262657,-484.095232,291.514071,0.999960
2.0,1000,3,0.1,858,1.981138,1018.778079,1647.424568,-0.018862,18.778079,647.424568,0.985871
2.0,1000,3,0.1,859,1.875737,721.799514,1370.732479,-0.124263,-278.200486,370.732479,0.999582
2.0,1000,3,0.1,860,NaN,NaN,NaN,NaN,NaN,NaN,NaN
2.0,1000,3,0.1,861,2.046036,1497.464775,675.581321,0.046036,497.464775,-324.418679,0.967279
2.0,1000,3,0.1,862,0.457645,262.674754,1545.146019,-1.542355,-737.325246,545.146019,1.000000
2.0,1000,3,0.1,863,1.987002,868.126714,1094.058739,-0.012998,-131.873286,94.058739,0.984205
2.0,1000,3,0.1,864,0.340067,151.334974,1273.310173,-1.659933,-848.665026,273.310173,1.000000
2.0,1000,3,0.1,865,0.390069,148.684334,1667.877846,-1.609931,-851.315666,667.877846,1.000000
2.0,1000,3,0.1,866,0.970139,755.243560,1507.369065,-1.029861,-244.756440,507.369065,0.999999
2.0,1000,3,0.1,867,NaN,NaN,NaN,NaN,NaN,NaN,NaN
2.0,1000,3,0.1,868,1.906120,1270.418998,647.319445,-0.093880,270.418998,-352.680555,0.997185
2.0,1000,3,0.1,869,0.490537,660.622927,1431.616914,-1.509463,-339.377073,431.616914,0.999657
2.0,1000,3,0.1,870,0.753524,804.947258,1412.211929,-1.246476,-195.052742,412.211929,0.999998
2.0,1000,3,0.1,871,1.880247,1691.963577,693.599766,-0.119753,691.963577,-306.400234,0.999180
2.0,1000,3,0.1,872,0.411488,405.715313,1134.817929,-1.588512,-594.284687,134.817929,1.000000
2.0,1000,3,0.1,873,1.225844,239.259056,1231.230331,-0.774156,-760.740944,231.230331,0.999994
2.0,1000,3,0.1,874,0.465724,100.591276,1817.242059,-1.534276,-899.408724,817.242059,1.000000
2.0,1000,3,0.1,875,0.732545,54.668042,2491.084378,-1.267455,-945.331958,1491.084378,1.000000
2.0,1000,3,0.1,876,2.319587,2008.864356,126.899896,0.319587,1008.864356,-873.100104,0.830151
2.0,1000,3,0.1,877,0.436236,395.178084,1335.340290,-1.563764,-604.821916,335.340290,0.999852
2.0,1000,3,0.1,878,0.770792,65.658834,1785.777778,-1.229208,-934.341166,785.777778,1.000000
2.0,1000,3,0.1,879,1.347801,342.738109,1331.756929,-0.652199,-657.261891,331.756929,0.999962
2.0,1000,3,0.1,880,1.953252,726.791488,1114.810563,-0.046748,-273.208512,114.810563,0.991065
2.0,1000,3,0.1,881,0.271185,90.236767,1479.257591,-1.728815,-909.763233,479.257591,0.999295
2.0,1000,3,0.1,882,0.489779,128.085528,1371.586893,-1.510221,-871.914472,371.586893,1.000000
2.0,1000,3,0.1,883,0.317111,133.300732,1559.579613,-1.682889,-866.699268,559.579613,0.999997
2.0,1000,3,0.1,884,0.596242,891.128492,1026.042737,-1.403758,-108.871508,26.042737,0.999988
2.0,1000,3,0.1,885,0.396641,16.695521,1852.782369,-1.603359,-983.304479,852.782369,0.988668
2.0,1000,3,0.1,886,2.123269,924.045935,801.118801,0.123269,-75.954065,-198.881199,0.938997
2.0,1000,3,0.1,887,0.732904,223.243730,1468.713014,-1.267096,-776.756270,468.713014,0.999907
2.0,1000,3,0.1,888,0.769170,567.782684,1043.889777,-1.230830,-432.217316,43.889777,0.999998
2.0,1000,3,0.1,889,2.169635,1554.824914,549.601152,0.169635,554.824914,-450.398848,0.917310
2.0,1000,3,0.1,890,1.948880,2095.215621,565.734583,-0.051120,1095.215621,-434.265417,0.991214
2.0,1000,3,0.1,891,1.655175,1113.502058,688.954788,-0.344825,113.502058,-311.045212,0.999992
2.0,1000,3,0.1,892,2.070900,971.949106,639.699225,0.070900,-28.050894,-360.300775,0.958988
2.0,1000,3,0.1,893,0.832008,519.321582,1090.811070,-1.167992,-480.678418,90.811070,1.000000
2.0,1000,3,0.1,894,2.179833,168.880319,1713.848070,0.179833,-831.119681,713.848070,0.959237
2.0,1000,3,0.1,895,0.350812,264.552395,1948.765995,-1.649188,-735.447605,948.765995,1.000000
2.0,1000,3,0.1,896,1.875676,1192.079344,844.741021,-0.124324,192.079344,-155.258979,0.999447
2.0,1000,3,0.1,897,0.314782,31.946323,1359.165298,-1.685218,-968.053677,359.165298,0.992880
2.0,1000,3,0.1,898,0.871656,527.607986,1731.267636,-1.128344,-472.392014,731.267636,0.999981
2.0,1000,3,0.1,899,0.360355,168.918761,1621.297123,-1.639645,-831.081239,621.297123,1.000000
2.0,1000,3,0.1,900,1.990728,783.338301,1173.584237,-0.009272,-216.661699,173.584237,0.983620
2.0,1000,3,0.1,901,2.600512,110.956198,1289.169012,0.600512,-889.043802,289.169012,0.761195
2.0,1000,3,0.1,902,1.928095,1923.740341,692.142433,-0.071905,923.740341,-307.857567,0.994502
2.0,1000,3,0.1,903,2.207767,1332.849466,634.363120,0.207767,332.849466,-365.636880,0.897879
2.0,1000,3,0.1,904,2.020700,314.383400,1940.984378,0.020700,-685.616600,940.984378,0.988603
2.0,1000,3,0.1,905,2.380797,1206.343492,982.776965,0.380797,206.343492,-17.223035,0.788447
2.0,1000,3,0.1,906,2.022717,537.039702,1119.999836,0.022717,-462.960298,119.999836,0.976149
2.0,1000,3,0.1,907,1.976319,1440.588029,592.177589,-0.023681,440.588029,-407.822411,0.985908
2.0,1000,3,0.1,908,2.028194,827.660691,1119.281197,0.028194,-172.339309,119.281197,0.973645
2.0,1000,3,0.1,909,2.258977,1472.803004,405.448397,0.258977,472.803004,-594.551603,0.868755
2.0,1000,3,0.1,910,2.091377,634.682932,1253.125524,0.091377,-365.317068,253.125524,0.953392
2.0,1000,3,0.1,911,2.068393,347.240406,1536.421830,0.068393,-652.759594,536.421830,0.967107
2.0,1000,3,0.1,912,0.453391,286.068461,1590.079119,-1.546609,-713.931539,590.079119,1.000000
2.0,1000,3,0.1,913,0.452939,336.457732,1294.264134,-1.547061,-663.542268,294.264134,0.999942
2.0,1000,3,0.1,914,1.953856,672.663812,875.969666,-0.046144,-327.336188,-124.030334,0.990694
2.0,1000,3,0.1,915,0.254958,276.471225,1490.975187,-1.745042,-723.528775,490.975187,0.999988
2.0,1000,3,0.1,916,0.456567,386.571454,1753.277339,-1.543433,-613.428546,753.277339,1.000000
2.0,1000,3,0.1,917,2.059420,825.575384,836.939885,0.059420,-174.424616,-163.060115,0.963319
2.0,1000,3,0.1,918,0.626576,309.639170,1130.248519,-1.373424,-690.360830,130.248519,0.999335
2.0,1000,3,0.1,919,2.199991,729.946139,1551.113103,0.199991,-270.053861,551.113103,0.905714
2.0,1000,3,0.1,920,0.234815,224.623399,1180.532483,-1.765185,-775.376601,180.532483,0.999926
2.0,1000,3,0.1,921,2.156223,687.150428,985.566568,0.156223,-312.849572,-14.433432,0.925026
2.0,1000,3,0.1,922,2.450911,294.440113,1723.463089,0.450911,-705.559887,723.463089,0.760711
2.0,1000,3,0.1,923,0.470459,419.002515,1761.760158,-1.529541,-580.997485,761.760158,0.998717
2.0,1000,3,0.1,924,2.135628,975.542175,832.959617,0.135628,-24.457825,-167.040383,0.933686
2.0,1000,3,0.1,925,2.021184,1835.385007,466.865184,0.021184,835.385007,-533.134816,0.974615
2.0,1000,3,0.1,926,0.853178,705.249708,1723.470235,-1.146822,-294.750292,723.470235,0.999997
2.0,1000,3,0.1,927,0.565545,257.242783,1542.832542,-1.434455,-742.757217,542.832542,0.998803
2.0,1000,3,0.1,928,0.437633,449.465285,1474.099115,-1.562367,-550.534715,474.099115,0.998065
2.0,1000,3,0.1,929,0.696825,870.281953,1035.854428,-1.303175,-129.718047,35.854428,1.000000
2.0,1000,3,0.1,930,0.853816,546.645884,1341.376038,-1.146184,-453.354116,341.376038,0.999997
2.0,1000,3,0.1,931,2.344994,1162.346930,1092.481923,0.344994,162.346930,92.481923,0.814485
2.0,1000,3,0.1,932,1.735932,962.690610,969.758571,-0.264068,-37.309390,-30.241429,0.999977
2.0,1000,3,0.1,933,0.380239,303.693577,1326.065675,-1.619761,-696.306423,326.065675,1.000000
2.0,1000,3,0.1,934,1.264642,1283.105272,1110.140817,-0.735358,283.105272,110.140817,0.999995
2.0,1000,3,0.1,935,2.166355,1075.165443,819.189608,0.166355,75.165443,-180.810392,0.919266
2.0,1000,3,0.1,936,2.072833,814.032984,1232.376140,0.072833,-185.967016,232.376140,0.959652
2.0,1000,3,0.1,937,2.319920,467.919215,1512.414685,0.319920,-532.080785,512.414685,0.838453
2.0,1000,3,0.1,938,2.091221,1355.253328,552.906813,0.091221,355.253328,-447.093187,0.951366
2.0,1000,3,0.1,939,NaN,NaN,NaN,NaN,NaN,NaN,NaN
2.0,1000,3,0.1,940,2.249028,1382.307728,1010.008551,0.249028,382.307728,10.008551,0.875150
2.0,1000,3,0.1,941,0.440241,336.905871,1437.315506,-1.559759,-663.094129,437.315506,1.000000
2.0,1000,3,0.1,942,1.628516,816.936553,993.139053,-0.371484,-183.063447,-6.860947,0.999981
2.0,1000,3,0.1,943,2.276528,132.225214,1329.688493,0.276528,-867.774786,329.688493,0.923268
2.0,1000,3,0.1,944,1.874963,1513.372301,679.760707,-0.125037,513.372301,-320.239293,0.999452
2.0,1000,3,0.1,945,2.025766,171.114100,1134.875980,0.025766,-828.885900,134.875980,0.988407
2.0,1000,3,0.1,946,1.906678,292.581694,1659.984198,-0.093322,-707.418306,659.984198,0.999649
2.0,1000,3,0.1,947,1.468530,1383.045984,788.974813,-0.531470,383.045984,-211.025187,0.999993
2.0,1000,3,0.1,948,2.412823,1899.672656,336.076619,0.412823,899.672656,-663.923381,0.762717
2.0,1000,3,0.1,949,0.574930,799.098364,1470.454849,-1.425070,-200.901636,470.454849,0.999852
2.0,1000,3,0.1,950,2.288315,406.685766,1662.621960,0.288315,-593.314234,662.621960,0.867535
2.0,1000,3,0.1,951,2.143381,1652.217963,297.057655,0.143381,652.217963,-702.942345,0.929455
2.0,1000,3,0.1,952,0.239153,145.874867,1368.242054,-1.760847,-854.125133,368.242054,0.996824
2.0,1000,3,0.1,953,NaN,NaN,NaN,NaN,NaN,NaN,NaN
2.0,1000,3,0.1,954,2.110275,1657.352221,942.125494,0.110275,657.352221,-57.874506,0.944024
2.0,1000,3,0.1,955,0.922071,96.279703,1875.354145,-1.077929,-903.720297,875.354145,0.996232
2.0,1000,3,0.1,956,0.879502,374.487086,1643.700366,-1.120498,-625.512914,643.700366,0.999917
2.0,1000,3,0.1,957,1.253423,975.316485,1178.752040,-0.746577,-24.683515,178.752040,0.999993
2.0,1000,3,0.1,958,2.258756,170.124238,1828.748870,0.258756,-829.875762,828.748870,0.924246
2.0,1000,3,0.1,959,0.495676,303.863278,1518.901064,-1.504324,-696.136722,518.901064,0.999374
2.0,1000,3,0.1,960,2.303451,596.126328,1097.344393,0.303451,-403.873672,97.344393,0.845144
2.0,1000,3,0.1,961,NaN,NaN,NaN,NaN,NaN,NaN,NaN
2.0,1000,3,0.1,962,1.525529,680.046279,1094.675060,-0.474471,-319.953721,94.675060,0.999972
2.0,1000,3,0.1,963,2.012792,573.211444,1321.497746,0.012792,-426.788556,321.497746,0.979366
2.0,1000,3,0.1,964,0.717132,382.103338,1242.915216,-1.282868,-617.896662,242.915216,0.999745
2.0,1000,3,0.1,965,0.275194,160.658726,1872.117067,-1.724806,-839.341274,872.117067,0.999934
2.0,1000,3,0.1,966,1.966195,578.145074,1122.960632,-0.033805,-421.854926,122.960632,0.989052
2.0,1000,3,0.1,967,NaN,NaN,NaN,NaN,NaN,NaN,NaN
2.0,1000,3,0.1,968,1.205489,319.503537,1679.001881,-0.794511,-680.496463,679.001881,0.999998
2.0,1000,3,0.1,969,0.921029,728.832672,1051.138255,-1.078971,-271.167328,51.138255,0.999999
2.0,1000,3,0.1,970,2.146078,605.146728,1082.921956,0.146078,-394.853272,82.921956,0.930515
2.0,1000,3,0.1,971,0.390743,183.993460,1591.228568,-1.609257,-816.006540,591.228568,1.000000
2.0,1000,3,0.1,972,2.107673,1414.736466,758.011399,0.107673,414.736466,-241.988601,0.944993
2.0,1000,3,0.1,973,2.040948,1063.085533,1044.958111,0.040948,63.085533,44.958111,0.969403
2.0,1000,3,0.1,974,2.092914,929.383967,1183.319191,0.092914,-70.616033,183.319191,0.951876
2.0,1000,3,0.1,975,0.568319,230.178452,1719.337112,-1.431681,-769.821548,719.337112,0.999993
2.0,1000,3,0.1,976,0.309846,115.677547,1727.214612,-1.690154,-884.322453,727.214612,0.999983
2.0,1000,3,0.1,977,2.033990,164.907804,1540.416545,0.033990,-835.092196,540.416545,0.995557
2.0,1000,3,0.1,978,1.939346,1001.962185,843.393037,-0.060654,1.962185,-156.606963,0.993052
2.0,1000,3,0.1,979,1.970824,945.556740,842.769858,-0.029176,-54.443260,-157.230142,0.987373
2.0,1000,3,0.1,980,1.978520,1695.535629,589.472244,-0.021480,695.535629,-410.527756,0.985459
2.0,1000,3,0.1,981,0.371062,162.943103,1443.819945,-1.628938,-837.056897,443.819945,1.000000
2.0,1000,3,0.1,982,0.532603,573.212160,1039.317803,-1.467397,-426.787840,39.317803,0.999566
2.0,1000,3,0.1,983,0.555667,177.788760,1228.225067,-1.444333,-822.211240,228.225067,0.999427
2.0,1000,3,0.1,984,2.039736,823.186636,742.575635,0.039736,-176.813364,-257.424365,0.969649
2.0,1000,3,0.1,985,0.480028,319.489466,1460.733160,-1.519972,-680.510534,460.733160,0.999690
2.0,1000,3,0.1,986,2.189961,1083.560966,716.854931,0.189961,83.560966,-283.145069,0.907486
2.0,1000,3,0.1,987,0.240479,59.932097,1746.245180,-1.759521,-940.067903,746.245180,0.994764
2.0,1000,3,0.1,988,0.801121,417.390974,1689.092934,-1.198879,-582.609026,689.092934,0.999757
2.0,1000,3,0.1,989,2.117943,1132.257958,934.584808,0.117943,132.257958,-65.415192,0.940839
2.0,1000,3,0.1,990,1.119609,417.098639,1187.509559,-0.880391,-582.901361,187.509559,0.999994
2.0,1000,3,0.1,991,2.272892,365.048601,1116.207875,0.272892,-634.951399,116.207875,0.870121
2.0,1000,3,0.1,992,2.223851,1779.916533,462.982636,0.223851,779.916533,-537.017364,0.888940
2.0,1000,3,0.1,993,1.068631,312.706613,1159.820518,-0.931369,-687.293387,159.820518,0.999998
2.0,1000,3,0.1,994,1.922482,829.051466,1283.251907,-0.077518,-170.948534,283.251907,0.995542
2.0,1000,3,0.1,995,2.359142,1285.053543,631.206211,0.359142,285.053543,-368.793789,0.803329
2.0,1000,3,0.1,996,0.535949,119.072980,1449.854076,-1.464051,-880.927020,449.854076,1.000000
2.0,1000,3,0.1,997,0.301263,193.236238,1605.020429,-1.698737,-806.763762,605.020429,0.999998
2.0,1000,3,0.1,998,1.858114,126.556066,1591.140264,-0.141886,-873.443934,591.140264,0.999853
2.0,1000,3,0.1,999,0.248322,114.636150,1517.003934,-1.751678,-885.363850,517.003934,0.994030
2.0,1000,3,0.1,1000,2.068850,1348.746178,781.847549,0.068850,348.746178,-218.152451,0.959557
2.0,1000,3,0.1,1001,1.156730,1523.195079,1208.997910,-0.843270,523.195079,208.997910,0.999996
2.0,1000,3,0.1,1002,2.201655,994.078235,1351.021634,0.201655,-5.921765,351.021634,0.902651
2.0,1000,3,0.1,1003,1.933407,1035.260625,993.394381,-0.066593,35.260625,-6.605619,0.993986
2.0,1000,3,0.1,1004,0.286619,339.188536,1306.851855,-1.713381,-660.811464,306.851855,1.000000
2.0,1000,3,0.1,1005,2.170633,600.472835,1469.644505,0.170633,-399.527165,469.644505,0.919907
2.0,1000,3,0.1,1006,2.362212,1304.923629,501.978749,0.362212,304.923629,-498.021251,0.801076
2.0,1000,3,0.1,1007,2.060549,1793.497010,225.542893,0.060549,793.497010,-774.457107,0.962293
2.0,1000,3,0.1,1008,2.103458,651.752728,1356.524792,0.103458,-348.247272,356.524792,0.949472
2.0,1000,3,0.1,1009,0.643684,661.363819,1619.341139,-1.356316,-338.636181,619.341139,0.999829
2.0,1000,3,0.1,1010,0.322856,482.539489,1072.706311,-1.677144,-517.460511,72.706311,1.000000
2.0,1000,3,0.1,1011,2.001852,1169.931830,892.389612,0.001852,169.931830,-107.610388,0.980056
2.0,1000,3,0.1,1012,0.664555,513.103973,1292.837764,-1.335445,-486.896027,292.837764,0.999899
2.0,1000,3,0.1,1013,0.413339,521.096914,1276.175835,-1.586661,-478.903086,276.175835,0.998735
2.0,1000,3,0.1,1014,0.540230,976.107378,1473.378304,-1.459770,-23.892622,473.378304,0.999903
2.0,1000,3,0.1,1015,0.495386,86.595283,1734.683368,-1.504614,-913.404717,734.683368,1.000000
2.0,1000,3,0.1,1016,0.550363,71.449174,1421.875781,-1.449637,-928.550826,421.875781,1.000000
2.0,1000,3,0.1,1017,2.073920,838.923603,840.192056,0.073920,-161.076397,-159.807944,0.958424
2.0,1000,3,0.1,1018,2.167442,2271.073142,310.623671,0.167442,1271.073142,-689.376329,0.918169
2.0,1000,3,0.1,1019,0.588600,589.907469,1433.063972,-1.411400,-410.092531,433.063972,0.999492
2.0,1000,3,0.1,1020,0.693559,598.948691,1246.906054,-1.306441,-401.051309,246.906054,0.999968
2.0,1000,3,0.1,1021,1.867258,160.267288,1602.243060,-0.132742,-839.732712,602.243060,0.999505
2.0,1000,3,0.1,1022,2.084567,571.218062,1543.883739,0.084567,-428.781938,543.883739,0.957608
2.0,1000,3,0.1,1023,2.356955,117.149548,1434.858643,0.356955,-882.850452,434.858643,0.945697
2.0,1000,3,0.1,1024,2.334066,774.414450,851.812357,0.334066,-225.585550,-148.187643,0.822458
2.0,1000,3,0.1,1025,2.399456,667.372200,1089.506990,0.399456,-332.627800,89.506990,0.775837
2.0,1000,3,0.1,1026,0.816775,547.177440,1129.695629,-1.183225,-452.822560,129.695629,0.999999
2.0,1000,3,0.1,1027,0.629502,449.539817,1271.848923,-1.370498,-550.460183,271.848923,0.999493
2.0,1000,3,0.1,1028,1.966004,1829.851742,776.150412,-0.033996,829.851742,-223.849588,0.988119
2.0,1000,3,0.1,1029,0.873988,611.412283,1541.845708,-1.126012,-388.587717,541.845708,0.999998
2.0,1000,3,0.1,1030,1.272419,1050.637796,1025.798432,-0.727581,50.637796,25.798432,0.999993
2.0,1000,3,0.1,1031,0.267752,96.079035,1484.076914,-1.732248,-903.920965,484.076914,0.999263
2.0,1000,3,0.1,1032,0.281447,167.957110,1986.605354,-1.718553,-832.042890,986.605354,0.999959
2.0,1000,3,0.1,1033,0.487777,204.030548,1755.267013,-1.512223,-795.969452,755.267013,1.000000
2.0,1000,3,0.1,1034,1.005192,944.282753,1014.090842,-0.994808,-55.717247,14.090842,0.999997
2.0,1000,3,0.1,1035,1.243471,1394.501538,837.440219,-0.756529,394.501538,-162.559781,0.999997
2.0,1000,3,0.1,1036,2.064413,469.156035,2416.818601,0.064413,-530.843965,1416.818601,0.973598
2.0,1000,3,0.1,1037,0.761612,409.706193,1163.977541,-1.238388,-590.293807,163.977541,0.999956
2.0,1000,3,0.1,1038,1.949312,1094.309189,1074.038144,-0.050688,94.309189,74.038144,0.991505
2.0,1000,3,0.1,1039,1.411198,972.085976,924.436903,-0.588802,-27.914024,-75.563097,0.999991
2.0,1000,3,0.1,1040,2.045110,1829.044995,470.848573,0.045110,829.044995,-529.151427,0.967432
2.0,1000,3,0.1,1041,2.387715,981.287627,890.332390,0.387715,-18.712373,-109.667610,0.782728
2.0,1000,3,0.1,1042,0.527292,224.752417,1865.535378,-1.472708,-775.247583,865.535378,1.000000
2.0,1000,3,0.1,1043,9.468126,987.491243,1036.328445,7.468126,-12.508757,36.328445,-941.301583
2.0,1000,3,0.1,1044,0.317684,147.646860,2328.260103,-1.682316,-852.353140,1328.260103,0.999987
2.0,1000,3,0.1,1045,0.785979,528.635998,1383.420465,-1.214021,-471.364002,383.420465,0.999981
2.0,1000,3,0.1,1046,2.192881,203.127386,1725.997513,0.192881,-796.872614,725.997513,0.955940
2.0,1000,3,0.1,1047,2.376313,1465.600188,509.171656,0.376313,465.600188,-490.828344,0.790541
2.0,1000,3,0.1,1048,1.244813,753.608767,1296.149856,-0.755187,-246.391233,296.149856,0.999989
2.0,1000,3,0.1,1049,2.274656,830.125562,1517.842171,0.274656,-169.874438,517.842171,0.862958
2.0,1000,3,0.1,1050,0.523535,290.889503,1704.928914,-1.476465,-709.110497,704.928914,0.999384
2.0,1000,3,0.1,1051,0.677236,113.002911,1233.393053,-1.322764,-886.997089,233.393053,0.997530
2.0,1000,3,0.1,1052,2.190264,1420.379959,546.649913,0.190264,420.379959,-453.350087,0.907009
2.0,1000,3,0.1,1053,0.919539,240.976862,1576.474776,-1.080461,-759.023138,576.474776,0.999372
2.0,1000,3,0.1,1054,0.475420,25.084881,2424.253523,-1.524580,-974.915119,1424.253523,0.999932
2.0,1000,3,0.1,1055,1.130700,679.491784,1321.536733,-0.869300,-320.508216,321.536733,0.999993
2.0,1000,3,0.1,1056,0.242572,146.296379,1428.364070,-1.757428,-853.703621,428.364070,0.997803
2.0,1000,3,0.1,1057,2.283214,761.838113,1665.896267,0.283214,-238.161887,665.896267,0.857607
2.0,1000,3,0.1,1058,2.228691,1034.442924,861.495450,0.228691,34.442924,-138.504550,0.886727
2.0,1000,3,0.1,1059,1.983226,616.562913,1048.214614,-0.016774,-383.437087,48.214614,0.985255
2.0,1000,3,0.1,1060,0.546862,193.422949,1287.055636,-1.453138,-806.577051,287.055636,0.999666
2.0,1000,3,0.1,1061,2.347889,2385.038075,239.846678,0.347889,1385.038075,-760.153322,0.810858
2.0,1000,3,0.1,1062,2.120084,452.520872,1076.809971,0.120084,-547.479128,76.809971,0.943261
2.0,1000,3,0.1,1063,1.867796,395.815604,1684.593189,-0.132204,-604.184396,684.593189,0.999615
2.0,1000,3,0.1,1064,0.321417,210.424204,1615.663110,-1.678583,-789.575796,615.663110,1.000000
2.0,1000,3,0.1,1065,0.232883,122.731323,1089.081249,-1.767117,-877.268677,89.081249,0.994885
2.0,1000,3,0.1,1066,1.993277,1773.770945,586.885465,-0.006723,773.770945,-413.114535,0.982006
2.0,1000,3,0.1,1067,0.335349,197.306132,1401.319710,-1.664651,-802.693868,401.319710,1.000000
2.0,1000,3,0.1,1068,0.565628,230.134853,1672.645851,-1.434372,-769.865147,672.645851,0.999610
2.0,1000,3,0.1,1069,2.002797,898.742315,1207.652110,0.002797,-101.257685,207.652110,0.980476
2.0,1000,3,0.1,1070,1.684803,1641.015410,417.464525,-0.315197,641.015410,-582.535475,0.999993
2.0,1000,3,0.1,1071,2.288731,1276.251702,795.153453,0.288731,276.251702,-204.846547,0.850985
2.0,1000,3,0.1,1072,0.606515,437.904660,1168.784254,-1.393485,-562.095340,168.784254,0.999409
2.0,1000,3,0.1,1073,1.925863,997.412289,773.084627,-0.074137,-2.587711,-226.915373,0.994964
2.0,1000,3,0.1,1074,1.967668,770.124108,1086.566407,-0.032332,-229.875892,86.566407,0.988208
2.0,1000,3,0.1,1075,2.375105,504.393690,2447.386216,0.375105,-495.606310,1447.386216,0.815848
2.0,1000,3,0.1,1076,1.993438,1010.745549,900.821035,-0.006562,10.745549,-99.178965,0.982313
2.0,1000,3,0.1,1077,2.400527,850.930442,1648.930500,0.400527,-149.069558,648.930500,0.777176
2.0,1000,3,0.1,1078,2.151298,793.808685,837.809772,0.151298,-206.191315,-162.190228,0.926795
2.0,1000,3,0.1,1079,1.983994,1010.168691,1208.718647,-0.016006,10.168691,208.718647,0.984513
2.0,1000,3,0.1,1080,0.533237,468.665049,1232.260145,-1.466763,-531.334951,232.260145,0.999534
2.0,1000,3,0.1,1081,2.224471,1447.740607,768.474269,0.224471,447.740607,-231.525731,0.889044
2.0,1000,3,0.1,1082,0.717821,715.636692,1089.456092,-1.282179,-284.363308,89.456092,0.999999
2.0,1000,3,0.1,1083,2.304476,556.001812,1522.383433,0.304476,-443.998188,522.383433,0.848002
2.0,1000,3,0.1,1084,0.600465,886.642414,1400.111124,-1.399535,-113.357586,400.111124,0.999952
2.0,1000,3,0.1,1085,0.713065,929.179248,918.753064,-1.286935,-70.820752,-81.246936,1.000000
2.0,1000,3,0.1,1086,2.156837,928.060859,1132.382050,0.156837,-71.939141,132.382050,0.924039
2.0,1000,3,0.1,1087,2.063127,752.408989,759.445093,0.063127,-247.591011,-240.554907,0.962116
2.0,1000,3,0.1,1088,0.554733,576.061951,1453.093219,-1.445267,-423.938049,453.093219,0.999254
2.0,1000,3,0.1,1089,2.250189,684.659760,1250.267487,0.250189,-315.340240,250.267487,0.877473
2.0,1000,3,0.1,1090,2.252095,237.550890,2021.248445,0.252095,-762.449110,1021.248445,0.932575
2.0,1000,3,0.1,1091,2.037586,171.708326,1399.642838,0.037586,-828.291674,399.642838,0.992935
2.0,1000,3,0.1,1092,0.362744,267.006322,1705.006846,-1.637256,-732.993678,705.006846,1.000000
2.0,1000,3,0.1,1093,2.160567,1541.682701,598.778197,0.160567,541.682701,-401.221803,0.921551
2.0,1000,3,0.1,1094,1.366665,167.623990,1348.187000,-0.633335,-832.376010,348.187000,0.999999
2.0,1000,3,0.1,1095,0.728148,904.994179,1184.331088,-1.271852,-95.005821,184.331088,1.000000
2.0,1000,3,0.1,1096,0.471107,311.557346,1663.060014,-1.528893,-688.442654,663.060014,1.000000
2.0,1000,3,0.1,1097,1.924899,819.718602,1062.732114,-0.075101,-180.281398,62.732114,0.995160
2.0,1000,3,0.1,1098,1.977349,1368.658420,547.143393,-0.022651,368.658420,-452.856607,0.985733
2.0,1000,3,0.1,1099,2.223689,1004.218041,1111.997827,0.223689,4.218041,111.997827,0.890398
2.0,1000,3,0.1,1100,1.936486,937.951726,1187.222259,-0.063514,-62.048274,187.222259,0.993674
2.0,1000,3,0.1,1101,0.333275,76.215962,1696.347660,-1.666725,-923.784038,696.347660,0.999979
2.0,1000,3,0.1,1102,2.026739,475.579061,1620.913844,0.026739,-524.420939,620.913844,0.978283
2.0,1000,3,0.1,1103,1.279228,578.586641,1175.298376,-0.720772,-421.413359,175.298376,0.999986
2.0,1000,3,0.1,1104,2.181360,880.759861,1314.109688,0.181360,-119.240139,314.109688,0.913407
2.0,1000,3,0.1,1105,0.320879,173.918412,1479.059993,-1.679121,-826.081588,479.059993,0.999999
2.0,1000,3,0.1,1106,0.510315,231.697348,1254.763967,-1.489685,-768.302652,254.763967,0.999084
2.0,1000,3,0.1,1107,0.386185,158.888653,1500.370943,-1.613815,-841.111347,500.370943,1.000000
2.0,1000,3,0.1,1108,2.029185,852.156167,1003.128549,0.029185,-147.843833,3.128549,0.973076
2.0,1000,3,0.1,1109,2.420300,865.041841,1478.661060,0.420300,-134.958159,478.661060,0.761675
2.0,1000,3,0.1,1110,2.348671,714.902189,1193.639152,0.348671,-285.097811,193.639152,0.814186
2.0,1000,3,0.1,1111,1.913370,551.306172,1854.043577,-0.086630,-448.693828,854.043577,0.998094
2.0,1000,3,0.1,1112,1.873993,1235.517094,752.413104,-0.126007,235.517094,-247.586896,0.999500
2.0,1000,3,0.1,1113,2.469356,196.294965,1563.753725,0.469356,-803.705035,563.753725,0.784158
2.0,1000,3,0.1,1114,2.183611,1006.763070,776.603012,0.183611,6.763070,-223.396988,0.910602
2.0,1000,3,0.1,1115,0.529245,225.164146,2076.305106,-1.470755,-774.835854,1076.305106,1.000000
2.0,1000,3,0.1,1116,1.878247,2736.400364,104.217263,-0.121753,1736.400364,-895.782737,0.999259
2.0,1000,3,0.1,1117,0.389144,326.951269,1608.382689,-1.610856,-673.048731,608.382689,1.000000
2.0,1000,3,0.1,1118,0.315967,103.724761,1661.421188,-1.684033,-896.275239,661.421188,0.999984
2.0,1000,3,0.1,1119,1.539029,582.185690,1090.099169,-0.460971,-417.814310,90.099169,0.999963
2.0,1000,3,0.1,1120,0.331594,125.563170,1562.359561,-1.668406,-874.436830,562.359561,0.999998
2.0,1000,3,0.1,1121,2.010929,37.121980,2084.853719,0.010929,-962.878020,1084.853719,0.977428
2.0,1000,3,0.1,1122,1.588429,1034.818542,912.560956,-0.411571,34.818542,-87.439044,0.999987
2.0,1000,3,0.1,1123,1.872385,586.335958,1236.917188,-0.127615,-413.664042,236.917188,0.999712
2.0,1000,3,0.1,1124,0.260419,214.107721,1626.581164,-1.739581,-785.892279,626.581164,0.999969
2.0,1000,3,0.1,1125,0.577550,101.761789,1804.214325,-1.422450,-898.238211,804.214325,1.000000
2.0,1000,3,0.1,1126,1.126093,627.967562,1787.834669,-0.873907,-372.032438,787.834669,0.999993
2.0,1000,3,0.1,1127,0.938054,258.610364,1649.649726,-1.061946,-741.389636,649.649726,0.999517
2.0,1000,3,0.1,1128,2.103691,164.222896,1773.276027,0.103691,-835.777104,773.276027,0.985057
2.0,1000,3,0.1,1129,2.072997,1729.229698,567.191537,0.072997,729.229698,-432.808463,0.958079
2.0,1000,3,0.1,1130,0.338050,241.325196,2100.857503,-1.661950,-758.674804,1100.857503,1.000000
2.0,1000,3,0.1,1131,0.509068,14.456750,2005.902278,-1.490932,-985.543250,1005.902278,0.999836
2.0,1000,3,0.1,1132,0.729898,615.021435,1325.492239,-1.270102,-384.978565,325.492239,0.999988
2.0,1000,3,0.1,1133,0.484655,213.336289,1275.107725,-1.515345,-786.663711,275.107725,1.000000
2.0,1000,3,0.1,1134,2.072563,1049.160492,1108.915608,0.072563,49.160492,108.915608,0.958971
2.0,1000,3,0.1,1135,2.304685,535.332378,1680.976265,0.304685,-464.667622,680.976265,0.850169
2.0,1000,3,0.1,1136,1.892346,685.396206,1077.509047,-0.107654,-314.603794,77.509047,0.998639
2.0,1000,3,0.1,1137,NaN,NaN,NaN,NaN,NaN,NaN,NaN
2.0,1000,3,0.1,1138,2.338158,1735.084849,592.505822,0.338158,735.084849,-407.494178,0.817838
2.0,1000,3,0.1,1139,0.617101,483.478823,1061.326922,-1.382899,-516.521177,61.326922,0.999847
2.0,1000,3,0.1,1140,2.079165,2058.308559,53.385065,0.079165,1058.308559,-946.614935,0.955641
2.0,1000,3,0.1,1141,1.889322,1665.905908,744.574224,-0.110678,665.905908,-255.425776,0.998617
2.0,1000,3,0.1,1142,2.029040,213.620609,1827.611220,0.029040,-786.379391,827.611220,0.995746
2.0,1000,3,0.1,1143,2.088516,744.111498,1600.352625,0.088516,-255.888502,600.352625,0.954303
2.0,1000,3,0.1,1144,0.436980,201.053010,1308.792207,-1.563020,-798.946990,308.792207,1.000000
2.0,1000,3,0.1,1145,1.352298,380.437443,1389.386558,-0.647702,-619.562557,389.386558,0.999968
2.0,1000,3,0.1,1146,0.888946,976.128950,917.488142,-1.111054,-23.871050,-82.511858,0.999999
2.0,1000,3,0.1,1147,0.661547,402.564549,1268.588062,-1.338453,-597.435451,268.588062,0.999495
2.0,1000,3,0.1,1148,2.361873,1370.578343,505.173589,0.361873,370.578343,-494.826411,0.801070
2.0,1000,3,0.1,1149,2.124268,468.107174,1292.827251,0.124268,-531.892826,292.827251,0.941612
2.0,1000,3,0.1,1150,2.171772,822.495386,949.072606,0.171772,-177.504614,-50.927394,0.917425
2.0,1000,3,0.1,1151,1.299118,680.675811,1551.396284,-0.700882,-319.324189,551.396284,0.999978
2.0,1000,3,0.1,1152,0.765929,338.425236,1111.213033,-1.234071,-661.574764,111.213033,0.999948
2.0,1000,3,0.1,1153,2.017130,1026.954662,794.478277,0.017130,26.954662,-205.521723,0.976111
2.0,1000,3,0.1,1154,0.760522,283.786008,1283.269100,-1.239478,-716.213992,283.269100,0.999287
2.0,1000,3,0.1,1155,NaN,NaN,NaN,NaN,NaN,NaN,NaN
2.0,1000,3,0.1,1156,2.042891,814.107112,968.326113,0.042891,-185.892888,-31.673887,0.968847
2.0,1000,3,0.1,1157,0.370096,693.513976,1272.774626,-1.629904,-306.486024,272.774626,0.999713
2.0,1000,3,0.1,1158,2.110243,874.978630,1280.389197,0.110243,-125.021370,280.389197,0.945012
2.0,1000,3,0.1,1159,2.113454,1163.104759,929.618623,0.113454,163.104759,-70.381377,0.943030
2.0,1000,3,0.1,1160,0.990567,288.345270,1405.691852,-1.009433,-711.654730,405.691852,0.999992
2.0,1000,3,0.1,1161,1.934089,973.782237,713.416977,-0.065911,-26.217763,-286.583023,0.993785
2.0,1000,3,0.1,1162,2.133233,654.426960,1311.170150,0.133233,-345.573040,311.170150,0.936932
2.0,1000,3,0.1,1163,2.102689,1603.341037,417.506509,0.102689,603.341037,-582.493491,0.946796
2.0,1000,3,0.1,1164,2.348951,1290.427324,615.549166,0.348951,290.427324,-384.450834,0.810563
2.0,1000,3,0.1,1165,1.079283,1071.354736,1048.349118,-0.920717,71.354736,48.349118,0.999997
2.0,1000,3,0.1,1166,0.462847,144.177132,1936.489317,-1.537153,-855.822868,936.489317,1.000000
2.0,1000,3,0.1,1167,0.427886,330.603149,1399.333559,-1.572114,-669.396851,399.333559,1.000000
2.0,1000,3,0.1,1168,2.180439,641.800907,1525.400726,0.180439,-358.199093,525.400726,0.916440
2.0,1000,3,0.1,1169,2.174463,2032.378366,472.848696,0.174463,1032.378366,-527.151304,0.914813
2.0,1000,3,0.1,1170,0.662642,730.149241,2211.837555,-1.337358,-269.850759,1211.837555,0.999566
2.0,1000,3,0.1,1171,0.827739,116.735044,1959.960947,-1.172261,-883.264956,959.960947,0.999993
2.0,1000,3,0.1,1172,1.860533,1451.881704,717.401404,-0.139467,451.881704,-282.598596,0.999908
2.0,1000,3,0.1,1173,0.685688,701.846682,1182.062915,-1.314312,-298.153318,182.062915,0.999990
2.0,1000,3,0.1,1174,1.898333,1702.364085,841.814134,-0.101667,702.364085,-158.185866,0.997871
2.0,1000,3,0.1,1175,0.512408,518.411293,1351.745870,-1.487592,-481.588707,351.745870,0.999767
2.0,1000,3,0.1,1176,0.233825,196.142794,1507.820812,-1.766175,-803.857206,507.820812,0.998236
2.0,1000,3,0.1,1177,0.583710,130.061016,1700.752263,-1.416290,-869.938984,700.752263,1.000000
2.0,1000,3,0.1,1178,2.209236,1393.559224,427.592802,0.209236,393.559224,-572.407198,0.897044
2.0,1000,3,0.1,1179,2.175346,734.082419,1147.985419,0.175346,-265.917581,147.985419,0.916407
2.0,1000,3,0.1,1180,0.892825,1165.417400,1192.055286,-1.107175,165.417400,192.055286,0.999999
2.0,1000,3,0.1,1181,1.243753,691.989183,1758.799919,-0.756247,-308.010817,758.799919,0.999981
2.0,1000,3,0.1,1182,1.923779,1128.107750,984.051402,-0.076221,128.107750,-15.948598,0.995192
2.0,1000,3,0.1,1183,2.318057,1174.247707,673.980476,0.318057,174.247707,-326.019524,0.832002
2.0,1000,3,0.1,1184,0.846877,51.279316,1741.264803,-1.153123,-948.720684,741.264803,1.000000
2.0,1000,3,0.1,1185,0.693002,484.411384,1344.757555,-1.306998,-515.588616,344.757555,0.999892
2.0,1000,3,0.1,1186,0.814052,354.846817,1637.304747,-1.185948,-645.153183,637.304747,0.999581
2.0,1000,3,0.1,1187,2.180772,1006.083083,1243.417868,0.180772,6.083083,243.417868,0.912828
2.0,1000,3,0.1,1188,1.937409,1554.467515,541.901710,-0.062591,554.467515,-458.098290,0.993141
2.0,1000,3,0.1,1189,NaN,NaN,NaN,NaN,NaN,NaN,NaN
2.0,1000,3,0.1,1190,0.412168,212.956903,1384.081943,-1.587832,-787.043097,384.081943,1.000000
2.0,1000,3,0.1,1191,1.285646,1548.315740,797.176748,-0.714354,548.315740,-202.823252,0.999997
2.0,1000,3,0.1,1192,2.046752,1122.084829,1122.938248,0.046752,122.084829,122.938248,0.967560
2.0,1000,3,0.1,1193,0.736549,557.566520,1399.356068,-1.263451,-442.433480,399.356068,0.999959
2.0,1000,3,0.1,1194,1.963169,830.315644,1287.631267,-0.036831,-169.684356,287.631267,0.989142
2.0,1000,3,0.1,1195,2.009404,1332.264129,878.845698,0.009404,332.264129,-121.154302,0.977979
2.0,1000,3,0.1,1196,1.101138,407.889480,1510.789525,-0.898862,-592.110520,510.789525,0.999998
2.0,1000,3,0.1,1197,1.505482,527.558505,1327.334798,-0.494518,-472.441495,327.334798,0.999961
2.0,1000,3,0.1,1198,2.265513,1447.437904,1108.207193,0.265513,447.437904,108.207193,0.865571
2.0,1000,3,0.1,1199,0.299202,196.934786,1357.286181,-1.700798,-803.065214,357.286181,0.999999
2.0,1000,3,0.1,1200,1.174866,587.059946,1467.050145,-0.825134,-412.940054,467.050145,0.999990
2.0,1000,3,0.1,1201,0.339892,32.495337,1614.485142,-1.660108,-967.504663,614.485142,0.998787
2.0,1000,3,0.1,1202,1.195123,948.880777,1474.587407,-0.804877,-51.119223,474.587407,0.999990
2.0,1000,3,0.1,1203,1.967693,961.291354,762.496052,-0.032307,-38.708646,-237.503948,0.987955
2.0,1000,3,0.1,1204,0.650185,436.082837,1343.020749,-1.349815,-563.917163,343.020749,0.999473
2.0,1000,3,0.1,1205,2.275131,599.160063,1583.372292,0.275131,-400.839937,583.372292,0.866627
2.0,1000,3,0.1,1206,1.442576,396.061992,1251.738444,-0.557424,-603.938008,251.738444,0.999960
2.0,1000,3,0.1,1207,0.430612,163.486887,1707.864796,-1.569388,-836.513113,707.864796,1.000000
2.0,1000,3,0.1,1208,1.936117,1226.173053,1127.925228,-0.063883,226.173053,127.925228,0.993542
2.0,1000,3,0.1,1209,NaN,NaN,NaN,NaN,NaN,NaN,NaN
2.0,1000,3,0.1,1210,2.049672,749.680776,2124.356855,0.049672,-250.319224,1124.356855,0.969480
2.0,1000,3,0.1,1211,0.397734,23.512994,2079.630843,-1.602266,-976.487006,1079.630843,0.998894
2.0,1000,3,0.1,1212,2.036603,349.481784,1588.951016,0.036603,-650.518216,588.951016,0.976088
2.0,1000,3,0.1,1213,0.506964,596.035185,1159.212704,-1.493036,-403.964815,159.212704,0.999288
2.0,1000,3,0.1,1214,1.324196,753.066876,1453.050223,-0.675804,-246.933124,453.050223,0.999983
2.0,1000,3,0.1,1215,2.221253,428.513376,2278.750806,0.221253,-571.486624,1278.750806,0.912202
2.0,1000,3,0.1,1216,2.209762,569.054554,1217.180802,0.209762,-430.945446,217.180802,0.900458
2.0,1000,3,0.1,1217,0.584446,440.070135,1745.297346,-1.415554,-559.929865,745.297346,0.999885
2.0,1000,3,0.1,1218,1.977301,2083.656466,172.398462,-0.022699,1083.656466,-827.601538,0.985603
2.0,1000,3,0.1,1219,1.952910,1106.199947,868.744488,-0.047090,106.199947,-131.255512,0.990766
2.0,1000,3,0.1,1220,0.251872,96.602010,1168.528941,-1.748128,-903.397990,168.528941,0.997838
2.0,1000,3,0.1,1221,2.294781,380.689044,1101.948873,0.294781,-619.310956,101.948873,0.854169
2.0,1000,3,0.1,1222,2.163846,1369.991104,685.424041,0.163846,369.991104,-314.575959,0.920229
2.0,1000,3,0.1,1223,0.693403,379.119716,1425.771999,-1.306597,-620.880284,425.771999,0.999257
2.0,1000,3,0.1,1224,0.461621,313.098487,1264.414933,-1.538379,-686.901513,264.414933,0.999643
2.0,1000,3,0.1,1225,1.474614,776.532510,1454.880787,-0.525386,-223.467490,454.880787,0.999976
2.0,1000,3,0.1,1226,1.007561,1177.864310,1014.647596,-0.992439,177.864310,14.647596,0.999998
2.0,1000,3,0.1,1227,NaN,NaN,NaN,NaN,NaN,NaN,NaN
2.0,1000,3,0.1,1228,0.268307,86.982202,1724.520174,-1.731693,-913.017798,724.520174,0.993802
2.0,1000,3,0.1,1229,2.376307,541.959156,1788.902130,0.376307,-458.040844,788.902130,0.798925
2.0,1000,3,0.1,1230,2.337800,684.258313,1194.611676,0.337800,-315.741687,194.611676,0.821530
2.0,1000,3,0.1,1231,1.942420,389.074233,1055.877223,-0.057580,-610.925767,55.877223,0.993488
2.0,1000,3,0.1,1232,2.206105,1884.075284,413.680856,0.206105,884.075284,-586.319144,0.898537
2.0,1000,3,0.1,1233,2.153428,206.773536,1274.453847,0.153428,-793.226464,274.453847,0.949617
2.0,1000,3,0.1,1234,NaN,NaN,NaN,NaN,NaN,NaN,NaN
2.0,1000,3,0.1,1235,2.098764,972.905816,626.561196,0.098764,-27.094184,-373.438804,0.948730
2.0,1000,3,0.1,1236,0.370324,346.597853,1858.344667,-1.629676,-653.402147,858.344667,1.000000
2.0,1000,3,0.1,1237,2.004410,608.798441,1448.012924,0.004410,-391.201559,448.012924,0.981033
2.0,1000,3,0.1,1238,2.040478,1584.573223,321.762986,0.040478,584.573223,-678.237014,0.968843
2.0,1000,3,0.1,1239,2.226273,729.623413,1274.541053,0.226273,-270.376587,274.541053,0.890079
2.0,1000,3,0.1,1240,2.217896,1381.472146,632.161443,0.217896,381.472146,-367.838557,0.892504
2.0,1000,3,0.1,1241,2.392881,1049.837308,1055.851081,0.392881,49.837308,55.851081,0.779914
2.0,1000,3,0.1,1242,2.311576,1708.623084,811.805171,0.311576,708.623084,-188.194829,0.836039
2.0,1000,3,0.1,1243,0.342074,184.071542,1766.921106,-1.657926,-815.928458,766.921106,1.000000
2.0,1000,3,0.1,1244,2.007568,1123.370500,1223.281026,0.007568,123.370500,223.281026,0.978900
2.0,1000,3,0.1,1245,2.031701,1840.991498,638.426352,0.031701,840.991498,-361.573648,0.971654
2.0,1000,3,0.1,1246,1.936348,1060.881050,961.681814,-0.063652,60.881050,-38.318186,0.993541
2.0,1000,3,0.1,1247,2.298292,1900.476357,290.692580,0.298292,900.476357,-709.307420,0.844329
2.0,1000,3,0.1,1248,2.310617,804.102960,889.376129,0.310617,-195.897040,-110.623871,0.838095
2.0,1000,3,0.1,1249,0.465359,461.233383,1927.668513,-1.534641,-538.766617,927.668513,0.999877
2.0,1000,3,0.1,1250,NaN,NaN,NaN,NaN,NaN,NaN,NaN
2.0,1000,3,0.1,1251,0.520600,353.622766,2030.508959,-1.479400,-646.377234,1030.508959,0.999146
2.0,1000,3,0.1,1252,2.359908,1220.264375,615.492063,0.359908,220.264375,-384.507937,0.802935
2.0,1000,3,0.1,1253,2.001648,1096.142282,981.335029,0.001648,96.142282,-18.664971,0.980315
2.0,1000,3,0.1,1254,0.472551,105.137282,1636.016724,-1.527449,-894.862718,636.016724,1.000000
2.0,1000,3,0.1,1255,2.181930,1810.876947,388.918825,0.181930,810.876947,-611.081175,0.911097
2.0,1000,3,0.1,1256,0.537365,242.717261,1531.306477,-1.462635,-757.282739,531.306477,0.999426
2.0,1000,3,0.1,1257,0.816563,331.561408,1448.850981,-1.183437,-668.438592,448.850981,0.999686
2.0,1000,3,0.1,1258,NaN,NaN,NaN,NaN,NaN,NaN,NaN
2.0,1000,3,0.1,1259,2.411333,1457.618096,527.996408,0.411333,457.618096,-472.003592,0.764292
2.0,1000,3,0.1,1260,1.537491,1286.914539,687.553226,-0.462509,286.914539,-312.446774,0.999995
2.0,1000,3,0.1,1261,0.581650,155.305306,1639.585333,-1.418350,-844.694694,639.585333,1.000000
2.0,1000,3,0.1,1262,0.683175,381.694253,1171.683586,-1.316825,-618.305747,171.683586,0.999661
2.0,1000,3,0.1,1263,2.180237,1490.868056,909.911134,0.180237,490.868056,-90.088866,0.912402
2.0,1000,3,0.1,1264,1.904408,838.270111,747.789361,-0.095592,-161.729889,-252.210639,0.997460
2.0,1000,3,0.1,1265,1.967837,1535.739476,1289.588619,-0.032163,535.739476,289.588619,0.987983
2.0,1000,3,0.1,1266,1.897626,884.794609,1227.556010,-0.102374,-115.205391,227.556010,0.998157
2.0,1000,3,0.1,1267,2.031394,1099.454626,862.244058,0.031394,99.454626,-137.755942,0.972086
2.0,1000,3,0.1,1268,2.415342,1904.481657,276.090736,0.415342,904.481657,-723.909264,0.760782
2.0,1000,3,0.1,1269,1.324632,119.875586,1235.346166,-0.675368,-880.124414,235.346166,0.999896
2.0,1000,3,0.1,1270,0.874053,727.737705,1121.126278,-1.125947,-272.262295,121.126278,1.000000
2.0,1000,3,0.1,1271,0.521869,115.280171,2161.726459,-1.478131,-884.719829,1161.726459,1.000000
2.0,1000,3,0.1,1272,1.948521,770.298186,1189.513107,-0.051479,-229.701814,189.513107,0.991796
2.0,1000,3,0.1,1273,1.951135,1285.590595,839.567477,-0.048865,285.590595,-160.432523,0.990911
2.0,1000,3,0.1,1274,NaN,NaN,NaN,NaN,NaN,NaN,NaN
2.0,1000,3,0.1,1275,2.182083,218.709468,1594.030019,0.182083,-781.290532,594.030019,0.936183
2.0,1000,3,0.1,1276,0.371115,272.946760,1414.630189,-1.628885,-727.053240,414.630189,1.000000
2.0,1000,3,0.1,1277,1.094519,403.976981,1397.014995,-0.905481,-596.023019,397.014995,0.999997
2.0,1000,3,0.1,1278,2.310521,1203.106486,594.797918,0.310521,203.106486,-405.202082,0.836813
2.0,1000,3,0.1,1279,0.846156,727.960386,1606.938936,-1.153844,-272.039614,606.938936,0.999999
2.0,1000,3,0.1,1280,NaN,NaN,NaN,NaN,NaN,NaN,NaN
2.0,1000,3,0.1,1281,1.950328,693.761059,1058.986392,-0.049672,-306.238941,58.986392,0.991606
2.0,1000,3,0.1,1282,1.155009,612.675991,1794.991554,-0.844991,-387.324009,794.991554,0.999991
2.0,1000,3,0.1,1283,2.160501,1159.107662,811.674324,0.160501,159.107662,-188.325676,0.922098
2.0,1000,3,0.1,1284,0.286105,429.162461,1303.803668,-1.713895,-570.837539,303.803668,1.000000
2.0,1000,3,0.1,1285,2.384066,1013.907862,1409.241557,0.384066,13.907862,409.241557,0.787686
2.0,1000,3,0.1,1286,1.125983,882.473210,1691.137859,-0.874017,-117.526790,691.137859,0.999993
2.0,1000,3,0.1,1287,0.282880,46.560009,1528.580064,-1.717120,-953.439991,528.580064,0.989584
2.0,1000,3,0.1,1288,2.151607,598.327285,1512.993042,0.151607,-401.672715,512.993042,0.930259
2.0,1000,3,0.1,1289,2.231532,185.091912,1500.112076,0.231532,-814.908088,500.112076,0.933479
2.0,1000,3,0.1,1290,0.926303,770.249106,1417.530905,-1.073697,-229.750894,417.530905,0.999999
2.0,1000,3,0.1,1291,0.414166,255.791635,1312.202884,-1.585834,-744.208365,312.202884,1.000000
2.0,1000,3,0.1,1292,2.209790,789.812994,1030.298760,0.209790,-210.187006,30.298760,0.898364
2.0,1000,3,0.1,1293,2.016270,808.842255,1009.002265,0.016270,-191.157745,9.002265,0.976889
2.0,1000,3,0.1,1294,1.965058,1023.880587,831.533932,-0.034942,23.880587,-168.466068,0.988359
2.0,1000,3,0.1,1295,0.465918,383.786023,1553.169094,-1.534082,-616.213977,553.169094,0.998262
2.0,1000,3,0.1,1296,1.158612,453.075667,1005.315743,-0.841388,-546.924333,5.315743,0.999989
2.0,1000,3,0.1,1297,0.638381,81.447258,1636.066598,-1.361619,-918.552742,636.066598,1.000000
2.0,1000,3,0.1,1298,1.959363,733.229912,1566.813673,-0.040637,-266.770088,566.813673,0.990195
2.0,1000,3,0.1,1299,1.338689,787.330628,1217.781848,-0.661311,-212.669372,217.781848,0.999986
2.0,1000,3,0.1,1300,2.260374,1805.918036,477.570669,0.260374,805.918036,-522.429331,0.867983
2.0,1000,3,0.1,1301,0.690448,368.701897,1543.394307,-1.309552,-631.298103,543.394307,0.999200
2.0,1000,3,0.1,1302,1.024953,367.814165,1397.389177,-0.975047,-632.185835,397.389177,1.000000
2.0,1000,3,0.1,1303,0.666667,509.286212,2078.886039,-1.333333,-490.713788,1078.886039,0.999286
2.0,1000,3,0.1,1304,0.245050,150.329359,1700.359301,-1.754950,-849.670641,700.359301,0.995743
2.0,1000,3,0.1,1305,1.968026,818.700221,1605.612899,-0.031974,-181.299779,605.612899,0.988845
2.0,1000,3,0.1,1306,1.534364,138.638379,1461.516993,-0.465636,-861.361621,461.516993,1.000000
2.0,1000,3,0.1,1307,2.264657,1500.173023,550.401676,0.264657,500.173023,-449.598324,0.865360
2.0,1000,3,0.1,1308,0.355887,144.264420,1624.004460,-1.644113,-855.735580,624.004460,1.000000
2.0,1000,3,0.1,1309,0.787044,850.460890,1286.420655,-1.212956,-149.539110,286.420655,1.000000
2.0,1000,3,0.1,1310,0.495751,379.529789,1920.323596,-1.504249,-620.470211,920.323596,0.999805
2.0,1000,3,0.1,1311,2.019965,1874.774030,505.681201,0.019965,874.774030,-494.318799,0.974965
2.0,1000,3,0.1,1312,0.778538,475.546359,1665.718548,-1.221462,-524.453641,665.718548,0.999906
2.0,1000,3,0.1,1313,2.039731,1269.875415,618.229585,0.039731,269.875415,-381.770415,0.969307
2.0,1000,3,0.1,1314,2.027147,500.280475,1248.379801,0.027147,-499.719525,248.379801,0.975630
2.0,1000,3,0.1,1315,0.674038,500.362906,1547.335769,-1.325962,-499.637094,547.335769,0.999595
2.0,1000,3,0.1,1316,2.218864,773.680512,1132.910552,0.218864,-226.319488,132.910552,0.893058
2.0,1000,3,0.1,1317,0.251129,344.268192,1647.707746,-1.748871,-655.731808,647.707746,0.999990
2.0,1000,3,0.1,1318,2.050858,1552.553671,873.951912,0.050858,552.553671,-126.048088,0.965823
2.0,1000,3,0.1,1319,0.522839,255.572840,1468.393279,-1.477161,-744.427160,468.393279,0.998397
2.0,1000,3,0.1,1320,0.616744,731.687188,1250.197095,-1.383256,-268.312812,250.197095,0.999950
2.0,1000,3,0.1,1321,2.331354,1684.978299,466.314987,0.331354,684.978299,-533.685013,0.822423
2.0,1000,3,0.1,1322,0.945493,63.865973,2104.464303,-1.054507,-936.134027,1104.464303,1.000000
2.0,1000,3,0.1,1323,0.893763,376.418710,1547.467083,-1.106237,-623.581290,547.467083,0.999977
2.0,1000,3,0.1,1324,0.873978,634.161493,1178.186260,-1.126022,-365.838507,178.186260,1.000000
2.0,1000,3,0.1,1325,0.495159,829.177129,1035.217806,-1.504841,-170.822871,35.217806,0.999832
2.0,1000,3,0.1,1326,0.945038,563.816505,1373.548844,-1.054962,-436.183495,373.548844,0.999999
2.0,1000,3,0.1,1327,2.037047,698.982351,1113.512342,0.037047,-301.017649,113.512342,0.971043
2.0,1000,3,0.1,1328,2.113319,908.398039,1767.801074,0.113319,-91.601961,767.801074,0.944072
2.0,1000,3,0.1,1329,2.281848,122.822950,1946.981163,0.281848,-877.177050,946.981163,0.992841
2.0,1000,3,0.1,1330,1.925555,965.258776,759.532550,-0.074445,-34.741224,-240.467450,0.994997
2.0,1000,3,0.1,1331,0.305638,42.265013,1852.274296,-1.694362,-957.734987,852.274296,0.989030
2.0,1000,3,0.1,1332,2.123167,2042.728580,240.206592,0.123167,1042.728580,-759.793408,0.938219
2.0,1000,3,0.1,1333,2.269466,817.043476,1199.061692,0.269466,-182.956524,199.061692,0.863851
2.0,1000,3,0.1,1334,1.957463,970.393810,1679.871732,-0.042537,-29.606190,679.871732,0.990356
2.0,1000,3,0.1,1335,1.858807,1053.552446,843.648132,-0.141193,53.552446,-156.351868,0.999945
2.0,1000,3,0.1,1336,1.033196,345.851879,1933.827224,-0.966804,-654.148121,933.827224,0.999965
2.0,1000,3,0.1,1337,0.415505,252.337829,1575.518184,-1.584495,-747.662171,575.518184,1.000000
2.0,1000,3,0.1,1338,2.115795,1244.707280,1116.631628,0.115795,244.707280,116.631628,0.941972
2.0,1000,3,0.1,1339,2.016667,1442.763205,491.608978,0.016667,442.763205,-508.391022,0.975954
2.0,1000,3,0.1,1340,2.336102,664.670456,1470.250521,0.336102,-335.329544,470.250521,0.822603
2.0,1000,3,0.1,1341,1.600097,882.669666,1306.963192,-0.399903,-117.330334,306.963192,0.999977
2.0,1000,3,0.1,1342,0.339706,96.780954,1447.515288,-1.660294,-903.219046,447.515288,0.999997
2.0,1000,3,0.1,1343,1.898258,690.767349,1655.308045,-0.101742,-309.232651,655.308045,0.998379
2.0,1000,3,0.1,1344,2.354225,1349.578553,482.090109,0.354225,349.578553,-517.909891,0.806741
2.0,1000,3,0.1,1345,0.545354,135.699838,2100.474810,-1.454646,-864.300162,1100.474810,1.000000
2.0,1000,3,0.1,1346,2.350407,576.312570,1096.997354,0.350407,-423.687430,96.997354,0.814023
2.0,1000,3,0.1,1347,0.455659,304.682124,1652.754458,-1.544341,-695.317876,652.754458,1.000000
2.0,1000,3,0.1,1348,1.888543,1179.522522,642.488668,-0.111457,179.522522,-357.511332,0.998688
2.0,1000,3,0.1,1349,1.925914,908.561536,959.890749,-0.074086,-91.438464,-40.109251,0.995082
2.0,1000,3,0.1,1350,2.168779,1132.659861,574.547001,0.168779,132.659861,-425.452999,0.917749
2.0,1000,3,0.1,1351,2.192763,581.243466,994.362255,0.192763,-418.756534,-5.637745,0.908316
2.0,1000,3,0.1,1352,1.098369,704.384580,1511.567007,-0.901631,-295.615420,511.567007,0.999992
2.0,1000,3,0.1,1353,1.943304,1841.219053,345.694020,-0.056696,841.219053,-654.305980,0.992162
2.0,1000,3,0.1,1354,2.029402,435.545709,1265.941436,0.029402,-564.454291,265.941436,0.976213
2.0,1000,3,0.1,1355,2.079008,602.205436,1595.205028,0.079008,-397.794564,595.205028,0.959957
2.0,1000,3,0.1,1356,0.455930,282.466722,1645.946447,-1.544070,-717.533278,645.946447,1.000000
2.0,1000,3,0.1,1357,0.231869,320.955780,1512.758616,-1.768131,-679.044220,512.758616,0.999936
2.0,1000,3,0.1,1358,2.189509,708.641903,1395.079157,0.189509,-291.358097,395.079157,0.909599
2.0,1000,3,0.1,1359,0.535892,179.870294,1121.704298,-1.464108,-820.129706,121.704298,0.999216
2.0,1000,3,0.1,1360,1.921190,1944.134445,405.292248,-0.078810,944.134445,-594.707752,0.995396
2.0,1000,3,0.1,1361,0.656098,331.351915,1561.908468,-1.343902,-668.648085,561.908468,0.999681
2.0,1000,3,0.1,1362,2.054875,1721.852231,415.435223,0.054875,721.852231,-584.564777,0.964264
2.0,1000,3,0.1,1363,1.567675,1104.011864,1114.828263,-0.432325,104.011864,114.828263,0.999987
2.0,1000,3,0.1,1364,0.609228,603.783426,1299.022992,-1.390772,-396.216574,299.022992,0.999830
2.0,1000,3,0.1,1365,0.557581,247.278244,1709.086257,-1.442419,-752.721756,709.086257,0.998918
2.0,1000,3,0.1,1366,0.231597,213.621071,1586.734393,-1.768403,-786.378929,586.734393,0.997733
2.0,1000,3,0.1,1367,0.454091,268.753554,1528.106445,-1.545909,-731.246446,528.106445,1.000000
2.0,1000,3,0.1,1368,2.085374,566.499033,1027.791380,0.085374,-433.500967,27.791380,0.955715
2.0,1000,3,0.1,1369,1.998693,397.198214,1724.682445,-0.001307,-602.801786,724.682445,0.986001
2.0,1000,3,0.1,1370,0.817682,537.143730,1459.703838,-1.182318,-462.856270,459.703838,0.999990
2.0,1000,3,0.1,1371,2.125553,1929.756966,371.957031,0.125553,929.756966,-628.042969,0.937305
2.0,1000,3,0.1,1372,2.232611,1809.652658,543.205585,0.232611,809.652658,-456.794415,0.884065
2.0,1000,3,0.1,1373,1.865698,1076.316093,742.884128,-0.134302,76.316093,-257.115872,0.999794
2.0,1000,3,0.1,1374,0.670885,168.403537,2514.185535,-1.329115,-831.596463,1514.185535,1.000000
2.0,1000,3,0.1,1375,2.375645,997.306113,697.591862,0.375645,-2.693887,-302.408138,0.791930
2.0,1000,3,0.1,1376,1.502667,665.572357,1124.404934,-0.497333,-334.427643,124.404934,0.999978
2.0,1000,3,0.1,1377,1.997349,1702.157934,852.328391,-0.002651,702.157934,-147.671609,0.981032
2.0,1000,3,0.1,1378,2.329815,312.868004,1200.647554,0.329815,-687.131996,200.647554,0.833348
2.0,1000,3,0.1,1379,1.904645,633.253909,1223.267689,-0.095355,-366.746091,223.267689,0.997789
2.0,1000,3,0.1,1380,2.244691,1179.696630,893.339955,0.244691,179.696630,-106.660045,0.877957
2.0,1000,3,0.1,1381,2.008042,1012.930439,711.095823,0.008042,12.930439,-288.904177,0.978430
2.0,1000,3,0.1,1382,1.836759,2185.047919,424.283220,-0.163241,1185.047919,-575.716780,0.999995
2.0,1000,3,0.1,1383,0.383825,472.177642,1281.091486,-1.616175,-527.822358,281.091486,1.000000
2.0,1000,3,0.1,1384,1.065341,883.403412,1159.006739,-0.934659,-116.596588,159.006739,0.999996
2.0,1000,3,0.1,1385,1.347762,983.186346,882.460314,-0.652238,-16.813654,-117.539686,0.999992
2.0,1000,3,0.1,1386,2.287958,1585.001060,447.902126,0.287958,585.001060,-552.097874,0.850998
2.0,1000,3,0.1,1387,0.308088,48.047427,1532.029507,-1.691912,-951.952573,532.029507,0.998981
2.0,1000,3,0.1,1388,0.764980,690.006702,1521.096921,-1.235020,-309.993298,521.096921,0.999994
2.0,1000,3,0.1,1389,1.298956,470.038469,1733.598650,-0.701044,-529.961531,733.598650,0.999972
2.0,1000,3,0.1,1390,NaN,NaN,NaN,NaN,NaN,NaN,NaN
2.0,1000,3,0.1,1391,0.607549,196.541140,1682.747689,-1.392451,-803.458860,682.747689,0.998525
2.0,1000,3,0.1,1392,0.243522,201.916409,1668.718244,-1.756478,-798.083591,668.718244,0.999670
2.0,1000,3,0.1,1393,0.938753,186.793839,1784.153388,-1.061247,-813.206161,784.153388,0.999888
2.0,1000,3,0.1,1394,2.231939,1367.431437,939.902422,0.231939,367.431437,-60.097578,0.885039
2.0,1000,3,0.1,1395,2.405115,1528.877939,650.370259,0.405115,528.877939,-349.629741,0.768897
2.0,1000,3,0.1,1396,2.234625,262.924430,1847.879196,0.234625,-737.075570,847.879196,0.916704
2.0,1000,3,0.1,1397,0.966053,1145.689038,894.192558,-1.033947,145.689038,-105.807442,0.999999
2.0,1000,3,0.1,1398,1.556310,718.603230,1190.273456,-0.443690,-281.396770,190.273456,0.999966
2.0,1000,3,0.1,1399,2.314929,1169.191247,1737.988579,0.314929,169.191247,737.988579,0.835667
2.0,1000,3,0.1,1400,2.189992,1420.229838,974.259862,0.189992,420.229838,-25.740138,0.907547
2.0,1000,3,0.1,1401,0.311130,173.283502,1637.003319,-1.688870,-826.716498,637.003319,0.999998
2.0,1000,3,0.1,1402,1.578522,68.254309,2105.468053,-0.421478,-931.745691,1105.468053,0.983178
2.0,1000,3,0.1,1403,1.872299,1538.329989,807.056459,-0.127701,538.329989,-192.943541,0.999559
2.0,1000,3,0.1,1404,0.851250,515.745610,1763.570128,-1.148750,-484.254390,763.570128,0.999970
2.0,1000,3,0.1,1405,2.033412,1653.344407,1079.871249,0.033412,653.344407,79.871249,0.971286
2.0,1000,3,0.1,1406,0.307901,165.447957,1265.671318,-1.692099,-834.552043,265.671318,0.999999
2.0,1000,3,0.1,1407,2.372923,322.672286,1930.952623,0.372923,-677.327714,930.952623,0.825910
2.0,1000,3,0.1,1408,NaN,NaN,NaN,NaN,NaN,NaN,NaN
2.0,1000,3,0.1,1409,2.218393,553.809447,1261.030510,0.218393,-446.190553,261.030510,0.896897
2.0,1000,3,0.1,1410,0.942087,841.420981,990.999610,-1.057913,-158.579019,-9.000390,0.999999
2.0,1000,3,0.1,1411,1.084583,1122.688901,856.093446,-0.915417,122.688901,-143.906554,0.999998
2.0,1000,3,0.1,1412,NaN,NaN,NaN,NaN,NaN,NaN,NaN
2.0,1000,3,0.1,1413,0.433679,41.837567,1744.198665,-1.566321,-958.162433,744.198665,0.999995
2.0,1000,3,0.1,1414,1.275406,446.828607,1253.727372,-0.724594,-553.171393,253.727372,0.999981
2.0,1000,3,0.1,1415,1.980900,753.488002,1470.800032,-0.019100,-246.511998,470.800032,0.986121
2.0,1000,3,0.1,1416,0.827455,469.129501,1378.010773,-1.172545,-530.870499,378.010773,0.999980
2.0,1000,3,0.1,1417,0.357667,633.196283,1332.511533,-1.642333,-366.803717,332.511533,1.000000
2.0,1000,3,0.1,1418,2.053460,1141.564825,1124.512967,0.053460,141.564825,124.512967,0.965424
2.0,1000,3,0.1,1419,0.582118,746.466419,1300.084537,-1.417882,-253.533581,300.084537,0.999936
2.0,1000,3,0.1,1420,0.855572,685.622793,1137.880575,-1.144428,-314.377207,137.880575,1.000000
2.0,1000,3,0.1,1421,2.113965,685.979599,1053.279019,0.113965,-314.020401,53.279019,0.944035
2.0,1000,3,0.1,1422,1.947353,1464.588082,1121.157158,-0.052647,464.588082,121.157158,0.991685
2.0,1000,3,0.1,1423,2.254460,104.262491,1794.327478,0.254460,-895.737509,794.327478,0.993642
2.0,1000,3,0.1,1424,2.259350,1718.416235,744.920839,0.259350,718.416235,-255.079161,0.868841
2.0,1000,3,0.1,1425,1.052397,522.678704,1184.494392,-0.947603,-477.321296,184.494392,0.999996
2.0,1000,3,0.1,1426,1.889870,890.414525,1007.827148,-0.110130,-109.585475,7.827148,0.998726
2.0,1000,3,0.1,1427,0.376478,111.367491,1220.601922,-1.623522,-888.632509,220.601922,1.000000
2.0,1000,3,0.1,1428,0.724412,518.855174,1336.649951,-1.275588,-481.144826,336.649951,0.999951
2.0,1000,3,0.1,1429,1.055033,892.955037,1558.126772,-0.944967,-107.044963,558.126772,0.999995
2.0,1000,3,0.1,1430,2.311115,1232.761588,792.004796,0.311115,232.761588,-207.995204,0.836571
2.0,1000,3,0.1,1431,NaN,NaN,NaN,NaN,NaN,NaN,NaN
2.0,1000,3,0.1,1432,0.775376,176.892113,1639.838777,-1.224624,-823.107887,639.838777,0.999849
2.0,1000,3,0.1,1433,0.869022,501.415414,1864.455916,-1.130978,-498.584586,864.455916,0.999971
2.0,1000,3,0.1,1434,2.336614,1104.060468,1370.097599,0.336614,104.060468,370.097599,0.820102
2.0,1000,3,0.1,1435,2.105173,600.075244,1141.955583,0.105173,-399.924756,141.955583,0.947971
2.0,1000,3,0.1,1436,0.307879,114.755637,1553.486394,-1.692121,-885.244363,553.486394,0.999988
2.0,1000,3,0.1,1437,2.367395,622.234548,1856.254754,0.367395,-377.765452,856.254754,0.807986
2.0,1000,3,0.1,1438,0.681263,543.519296,1516.782490,-1.318737,-456.480704,516.782490,0.999823
2.0,1000,3,0.1,1439,1.984457,1408.328908,963.122522,-0.015543,408.328908,-36.877478,0.984319
2.0,1000,3,0.1,1440,2.020790,2474.787769,135.652712,0.020790,1474.787769,-864.347288,0.974682
2.0,1000,3,0.1,1441,1.992561,1770.813696,705.342343,-0.007439,770.813696,-294.657657,0.982253
2.0,1000,3,0.1,1442,2.134024,1321.829703,840.164713,0.134024,321.829703,-159.835287,0.934021
2.0,1000,3,0.1,1443,0.486950,697.309352,1358.248118,-1.513050,-302.690648,358.248118,0.999488
2.0,1000,3,0.1,1444,0.839080,856.783213,1213.768934,-1.160920,-143.216787,213.768934,1.000000
2.0,1000,3,0.1,1445,0.550111,326.385833,1206.339857,-1.449889,-673.614167,206.339857,0.999985
2.0,1000,3,0.1,1446,2.054250,659.082084,1248.977001,0.054250,-340.917916,248.977001,0.966189
2.0,1000,3,0.1,1447,0.819584,826.361247,1144.840460,-1.180416,-173.638753,144.840460,1.000000
2.0,1000,3,0.1,1448,2.195596,623.063597,996.933613,0.195596,-376.936403,-3.066387,0.905528
2.0,1000,3,0.1,1449,1.903633,1014.113415,1409.360725,-0.096367,14.113415,409.360725,0.997631
2.0,1000,3,0.1,1450,2.175865,608.655135,927.723518,0.175865,-391.344865,-72.276482,0.916417
2.0,1000,3,0.1,1451,0.737450,987.464054,1309.451823,-1.262550,-12.535946,309.451823,1.000000
2.0,1000,3,0.1,1452,2.087359,852.282590,1148.691506,0.087359,-147.717410,148.691506,0.953930
2.0,1000,3,0.1,1453,1.957605,360.099108,1901.389725,-0.042395,-639.900892,901.389725,0.995141
2.0,1000,3,0.1,1454,0.563346,318.861647,1334.861775,-1.436654,-681.138353,334.861775,0.999998
2.0,1000,3,0.1,1455,0.492679,753.700924,1293.702091,-1.507321,-246.299076,293.702091,0.999283
2.0,1000,3,0.1,1456,0.688991,394.789593,1235.897500,-1.311009,-605.210407,235.897500,0.999658
2.0,1000,3,0.1,1457,0.833247,298.347029,1219.000066,-1.166753,-701.652971,219.000066,0.999873
2.0,1000,3,0.1,1458,0.486327,98.433323,2233.817352,-1.513673,-901.566677,1233.817352,1.000000
2.0,1000,3,0.1,1459,2.324535,1367.946622,906.124687,0.324535,367.946622,-93.875313,0.827801
2.0,1000,3,0.1,1460,2.001586,319.274005,1345.591788,0.001586,-680.725995,345.591788,0.985989
2.0,1000,3,0.1,1461,1.990722,1089.926527,1047.153352,-0.009278,89.926527,47.153352,0.983011
2.0,1000,3,0.1,1462,0.652857,238.684628,1621.978785,-1.347143,-761.315372,621.978785,0.999794
2.0,1000,3,0.1,1463,2.286660,1087.095540,983.804766,0.286660,87.095540,-16.195234,0.852455
2.0,1000,3,0.1,1464,1.813408,625.911436,1232.494556,-0.186592,-374.088564,232.494556,0.999893
2.0,1000,3,0.1,1465,0.763629,555.032796,1579.054714,-1.236371,-444.967204,579.054714,0.999956
2.0,1000,3,0.1,1466,0.370164,91.895430,1302.985376,-1.629836,-908.104570,302.985376,1.000000
2.0,1000,3,0.1,1467,0.692825,382.679904,1069.679910,-1.307175,-617.320096,69.679910,0.999881
2.0,1000,3,0.1,1468,1.626820,881.182650,678.570933,-0.373180,-118.817350,-321.429067,0.999989
2.0,1000,3,0.1,1469,0.323585,141.203492,1284.342658,-1.676415,-858.796508,284.342658,0.999999
2.0,1000,3,0.1,1470,1.933543,392.841039,1440.089545,-0.066457,-607.158961,440.089545,0.995501
2.0,1000,3,0.1,1471,1.229503,694.154723,1246.438041,-0.770497,-305.845277,246.438041,0.999988
2.0,1000,3,0.1,1472,2.244102,702.226626,1226.431706,0.244102,-297.773374,226.431706,0.880137
2.0,1000,3,0.1,1473,2.195237,399.069564,935.628279,0.195237,-600.930436,-64.371721,0.909346
2.0,1000,3,0.1,1474,2.192512,623.013259,1268.138867,0.192512,-376.986741,268.138867,0.909570
2.0,1000,3,0.1,1475,0.515932,315.088460,1905.948614,-1.484068,-684.911540,905.948614,1.000000
2.0,1000,3,0.1,1476,2.415867,1946.385281,404.800745,0.415867,946.385281,-595.199255,0.760344
2.0,1000,3,0.1,1477,0.281740,84.985556,1775.799376,-1.718260,-915.014444,775.799376,0.999003
2.0,1000,3,0.1,1478,2.364750,903.971290,857.557908,0.364750,-96.028710,-142.442092,0.800469
2.0,1000,3,0.1,1479,0.691549,474.232407,1391.030238,-1.308451,-525.767593,391.030238,0.999793
2.0,1000,3,0.1,1480,0.383884,536.252537,1330.320170,-1.616116,-463.747463,330.320170,1.000000
2.0,1000,3,0.1,1481,2.369584,733.538205,1997.971157,0.369584,-266.461795,997.971157,0.804508
2.0,1000,3,0.1,1482,2.099164,1522.444715,548.622311,0.099164,522.444715,-451.377689,0.948188
2.0,1000,3,0.1,1483,2.076997,1311.621516,636.499769,0.076997,311.621516,-363.500231,0.956759
2.0,1000,3,0.1,1484,0.381419,36.118458,1584.684937,-1.618581,-963.881542,584.684937,0.999959
2.0,1000,3,0.1,1485,2.356208,485.892760,1099.283333,0.356208,-514.107240,99.283333,0.810743
2.0,1000,3,0.1,1486,2.027371,1200.601609,848.524845,0.027371,200.601609,-151.475155,0.973018
2.0,1000,3,0.1,1487,0.809531,667.007632,1015.553272,-1.190469,-332.992368,15.553272,1.000000
2.0,1000,3,0.1,1488,2.040860,1854.027026,216.439434,0.040860,854.027026,-783.560566,0.968679
2.0,1000,3,0.1,1489,2.121896,1246.777562,1529.103859,0.121896,246.777562,529.103859,0.939777
2.0,1000,3,0.1,1490,2.248363,993.163599,1411.752789,0.248363,-6.836401,411.752789,0.877338
2.0,1000,3,0.1,1491,1.142760,1219.246089,1258.547974,-0.857240,219.246089,258.547974,0.999995
2.0,1000,3,0.1,1492,2.248999,1792.574646,600.457098,0.248999,792.574646,-399.542902,0.874800
2.0,1000,3,0.1,1493,1.902113,1080.975370,623.271810,-0.097887,80.975370,-376.728190,0.997579
2.0,1000,3,0.1,1494,2.037337,1347.664062,709.651770,0.037337,347.664062,-290.348230,0.970060
2.0,1000,3,0.1,1495,2.119323,1098.732984,1195.065585,0.119323,98.732984,195.065585,0.941010
2.0,1000,3,0.1,1496,1.986279,293.394576,1367.286953,-0.013721,-706.605424,367.286953,0.989678
2.0,1000,3,0.1,1497,1.412009,1138.001458,1080.156088,-0.587991,138.001458,80.156088,0.999990
2.0,1000,3,0.1,1498,1.947448,633.050206,1086.106466,-0.052552,-366.949794,86.106466,0.991962
2.0,1000,3,0.1,1499,0.500899,102.537341,1776.893251,-1.499101,-897.462659,776.893251,1.000000
2.0,1000,3,0.1,1500,0.247910,174.899381,1880.775409,-1.752090,-825.100619,880.775409,0.998467
2.0,1000,3,0.1,1501,1.135650,227.024262,1794.460025,-0.864350,-772.975738,794.460025,0.999775
2.0,1000,3,0.1,1502,2.285100,128.227884,2203.768176,0.285100,-871.772116,1203.768176,0.989581
2.0,1000,3,0.1,1503,0.925066,607.771489,1118.745190,-1.074934,-392.228511,118.745190,0.999999
2.0,1000,3,0.1,1504,2.081289,1112.566741,999.937189,0.081289,112.566741,-0.062811,0.955531
2.0,1000,3,0.1,1505,0.246528,148.203686,1600.097860,-1.753472,-851.796314,600.097860,0.997641
2.0,1000,3,0.1,1506,1.238148,474.479713,1850.407491,-0.761852,-525.520287,850.407491,0.999984
2.0,1000,3,0.1,1507,1.946006,1657.470525,703.470590,-0.053994,657.470525,-296.529410,0.991791
2.0,1000,3,0.1,1508,0.467754,238.379190,1414.209778,-1.532246,-761.620810,414.209778,1.000000
2.0,1000,3,0.1,1509,0.480471,323.469695,1531.882273,-1.519529,-676.530305,531.882273,1.000000
2.0,1000,3,0.1,1510,2.180022,925.233351,856.659790,0.180022,-74.766649,-143.340210,0.913039
2.0,1000,3,0.1,1511,0.976196,730.487119,1568.118080,-1.023804,-269.512881,568.118080,0.999997
2.0,1000,3,0.1,1512,1.997930,589.594983,1475.546117,-0.002070,-410.405017,475.546117,0.983249
2.0,1000,3,0.1,1513,1.530870,312.655382,1626.410498,-0.469130,-687.344618,626.410498,0.999918
2.0,1000,3,0.1,1514,0.441975,207.681966,1624.141911,-1.558025,-792.318034,624.141911,1.000000
2.0,1000,3,0.1,1515,0.364695,269.389331,1593.666975,-1.635305,-730.610669,593.666975,1.000000
2.0,1000,3,0.1,1516,2.318159,945.028506,1104.700003,0.318159,-54.971494,104.700003,0.833257
2.0,1000,3,0.1,1517,1.175494,718.555757,1262.993162,-0.824506,-281.444243,262.993162,0.999991
2.0,1000,3,0.1,1518,2.313457,775.259549,1063.154141,0.313457,-224.740451,63.154141,0.836706
2.0,1000,3,0.1,1519,2.048510,1260.160310,653.840631,0.048510,260.160310,-346.159369,0.966550
2.0,1000,3,0.1,1520,0.294219,108.701449,2394.206743,-1.705781,-891.298551,1394.206743,0.999727
2.0,1000,3,0.1,1521,1.740794,734.130635,1245.859135,-0.259206,-265.869365,245.859135,0.999934
2.0,1000,3,0.1,1522,2.182971,1093.348864,564.849599,0.182971,93.348864,-435.150401,0.910774
2.0,1000,3,0.1,1523,0.369940,198.110449,1555.068056,-1.630060,-801.889551,555.068056,1.000000
2.0,1000,3,0.1,1524,0.354090,17.133911,1421.574548,-1.645910,-982.866089,421.574548,0.985811
2.0,1000,3,0.1,1525,2.010528,2149.597039,588.454491,0.010528,1149.597039,-411.545509,0.977574
2.0,1000,3,0.1,1526,1.366314,910.342190,1236.621649,-0.633686,-89.657810,236.621649,0.999988
2.0,1000,3,0.1,1527,1.415512,466.661937,2106.736668,-0.584488,-533.338063,1106.736668,0.999944
2.0,1000,3,0.1,1528,2.418732,2236.029520,216.140847,0.418732,1236.029520,-783.859153,0.757996
2.0,1000,3,0.1,1529,1.178877,608.802960,939.889947,-0.821123,-391.197040,-60.110053,0.999992
2.0,1000,3,0.1,1530,2.279954,775.579658,1456.362984,0.279954,-224.420342,456.362984,0.860216
2.0,1000,3,0.1,1531,0.690726,423.750155,1076.131302,-1.309274,-576.249845,76.131302,0.999942
2.0,1000,3,0.1,1532,0.239865,122.692091,1364.971637,-1.760135,-877.307909,364.971637,0.993900
2.0,1000,3,0.1,1533,0.420873,189.353860,1730.459417,-1.579127,-810.646140,730.459417,1.000000
2.0,1000,3,0.1,1534,1.919810,1912.984636,290.599938,-0.080190,912.984636,-709.400062,0.995549
2.0,1000,3,0.1,1535,1.068114,425.671844,1628.896878,-0.931886,-574.328156,628.896878,0.999997
2.0,1000,3,0.1,1536,2.378301,860.999002,773.335588,0.378301,-139.000998,-226.664412,0.790062
2.0,1000,3,0.1,1537,2.377963,777.784684,760.018196,0.377963,-222.215316,-239.981804,0.790103
2.0,1000,3,0.1,1538,0.290081,167.736526,1587.947382,-1.709919,-832.263474,587.947382,0.999995
2.0,1000,3,0.1,1539,2.090921,176.106800,1396.507529,0.090921,-823.893200,396.507529,0.979662
2.0,1000,3,0.1,1540,1.984414,1081.036145,1288.946046,-0.015586,81.036145,288.946046,0.984468
2.0,1000,3,0.1,1541,0.504782,109.505913,1548.510595,-1.495218,-890.494087,548.510595,1.000000
2.0,1000,3,0.1,1542,0.760643,676.917690,1132.915359,-1.239357,-323.082310,132.915359,0.999999
2.0,1000,3,0.1,1543,2.128438,841.819271,821.125720,0.128438,-158.180729,-178.874280,0.936854
2.0,1000,3,0.1,1544,2.136896,1107.939784,903.843281,0.136896,107.939784,-96.156719,0.932921
2.0,1000,3,0.1,1545,2.115490,930.107599,901.693778,0.115490,-69.892401,-98.306222,0.942224
2.0,1000,3,0.1,1546,0.457329,128.258554,1079.416448,-1.542671,-871.741446,79.416448,1.000000
2.0,1000,3,0.1,1547,0.282618,208.050583,1535.511172,-1.717382,-791.949417,535.511172,0.999995
2.0,1000,3,0.1,1548,NaN,NaN,NaN,NaN,NaN,NaN,NaN
2.0,1000,3,0.1,1549,2.172266,1537.988367,579.918133,0.172266,537.988367,-420.081867,0.916054
2.0,1000,3,0.1,1550,2.305655,1680.887751,541.845639,0.305655,680.887751,-458.154361,0.839565
2.0,1000,3,0.1,1551,0.941133,1023.332254,1352.270424,-1.058867,23.332254,352.270424,0.999999
2.0,1000,3,0.1,1552,0.420951,417.319571,1228.538039,-1.579049,-582.680429,228.538039,0.999410
2.0,1000,3,0.1,1553,2.404804,2084.753899,324.401649,0.404804,1084.753899,-675.598351,0.769036
2.0,1000,3,0.1,1554,2.255026,234.449224,1931.570661,0.255026,-765.550776,931.570661,0.926091
2.0,1000,3,0.1,1555,0.849178,477.830471,1868.976634,-1.150822,-522.169529,868.976634,0.999975
2.0,1000,3,0.1,1556,2.273470,1017.450034,981.069394,0.273470,17.450034,-18.930606,0.860846
2.0,1000,3,0.1,1557,1.980361,275.904196,1425.041490,-0.019639,-724.095804,425.041490,0.992205
2.0,1000,3,0.1,1558,NaN,NaN,NaN,NaN,NaN,NaN,NaN
2.0,1000,3,0.1,1559,2.016676,817.075388,1066.516458,0.016676,-182.924612,66.516458,0.976446
2.0,1000,3,0.1,1560,0.562940,536.906466,1190.425258,-1.437060,-463.093534,190.425258,0.999425
2.0,1000,3,0.1,1561,1.560853,516.436754,1343.094619,-0.439147,-483.563246,343.094619,0.999954
2.0,1000,3,0.1,1562,2.279550,787.742987,1043.745323,0.279550,-212.257013,43.745323,0.858011
2.0,1000,3,0.1,1563,2.323738,955.869422,1133.167248,0.323738,-44.130578,133.167248,0.829714
2.0,1000,3,0.1,1564,0.750249,443.262081,1232.396079,-1.249751,-556.737919,232.396079,0.999954
2.0,1000,3,0.1,1565,1.976732,1362.656288,719.385133,-0.023268,362.656288,-280.614867,0.985899
2.0,1000,3,0.1,1566,0.333913,41.327221,1793.300092,-1.666087,-958.672779,793.300092,0.999240
2.0,1000,3,0.1,1567,1.961535,1802.970653,840.004174,-0.038465,802.970653,-159.995826,0.988936
2.0,1000,3,0.1,1568,1.953941,1233.100897,799.015339,-0.046059,233.100897,-200.984661,0.990455
2.0,1000,3,0.1,1569,1.896301,626.593237,1064.807044,-0.103699,-373.406763,64.807044,0.998276
2.0,1000,3,0.1,1570,1.962555,1055.827436,803.208031,-0.037445,55.827436,-196.791969,0.988884
2.0,1000,3,0.1,1571,0.655149,161.661840,1688.540176,-1.344851,-838.338160,688.540176,0.999846
2.0,1000,3,0.1,1572,0.776411,118.254114,1723.031552,-1.223589,-881.745886,723.031552,0.998398
2.0,1000,3,0.1,1573,2.311374,1667.363713,443.843388,0.311374,667.363713,-556.156612,0.835923
2.0,1000,3,0.1,1574,0.486268,368.323215,1732.798507,-1.513732,-631.676785,732.798507,0.999241
2.0,1000,3,0.1,1575,0.496628,212.624999,1386.412352,-1.503372,-787.375001,386.412352,1.000000
2.0,1000,3,0.1,1576,0.674119,581.538640,1160.642167,-1.325881,-418.461360,160.642167,0.999963
2.0,1000,3,0.1,1577,2.348088,1322.706793,1686.884234,0.348088,322.706793,686.884234,0.813227
2.0,1000,3,0.1,1578,1.401158,855.664135,952.064439,-0.598842,-144.335865,-47.935561,0.999987
2.0,1000,3,0.1,1579,0.960609,273.630082,1508.538360,-1.039391,-726.369918,508.538360,0.999815
2.0,1000,3,0.1,1580,1.059992,208.352599,1750.663534,-0.940008,-791.647401,750.663534,0.999552
2.0,1000,3,0.1,1581,2.389462,465.511371,1464.994248,0.389462,-534.488629,464.994248,0.792582
2.0,1000,3,0.1,1582,1.698460,1962.166300,434.948028,-0.301540,962.166300,-565.051972,0.999994
2.0,1000,3,0.1,1583,2.136553,900.446273,920.138110,0.136553,-99.553727,-79.861890,0.933338
2.0,1000,3,0.1,1584,0.428946,161.229255,1093.636103,-1.571054,-838.770745,93.636103,1.000000
2.0,1000,3,0.1,1585,0.273772,233.280500,1999.885153,-1.726228,-766.719500,999.885153,0.999984
2.0,1000,3,0.1,1586,0.719536,548.041450,1353.268715,-1.280464,-451.958550,353.268715,0.999953
2.0,1000,3,0.1,1587,1.888615,579.577800,1355.189908,-0.111385,-420.422200,355.189908,0.999070
2.0,1000,3,0.1,1588,0.921367,846.512217,1468.773950,-1.078633,-153.487783,468.773950,0.999999
2.0,1000,3,0.1,1589,2.267831,1971.038234,184.330102,0.267831,971.038234,-815.669898,0.863293
2.0,1000,3,0.1,1590,2.157235,421.177583,1489.973829,0.157235,-578.822417,489.973829,0.932473
2.0,1000,3,0.1,1591,0.371140,139.393661,1739.973296,-1.628860,-860.606339,739.973296,1.000000
2.0,1000,3,0.1,1592,0.876212,512.915286,1873.328107,-1.123788,-487.084714,873.328107,0.999972
2.0,1000,3,0.1,1593,0.282872,307.577871,1990.217971,-1.717128,-692.422129,990.217971,0.999998
2.0,1000,3,0.1,1594,0.367969,247.655077,1248.577131,-1.632031,-752.344923,248.577131,1.000000
2.0,1000,3,0.1,1595,2.253182,893.715254,1060.776081,0.253182,-106.284746,60.776081,0.874013
2.0,1000,3,0.1,1596,1.988780,600.597014,1282.743403,-0.011220,-399.402986,282.743403,0.984129
2.0,1000,3,0.1,1597,2.106150,1640.420723,604.283802,0.106150,640.420723,-395.716198,0.945473
2.0,1000,3,0.1,1598,0.272451,91.730007,1491.137709,-1.727549,-908.269993,491.137709,0.999446
2.0,1000,3,0.1,1599,0.565088,841.839973,1689.102476,-1.434912,-158.160027,689.102476,0.999638
2.0,1000,3,0.1,1600,2.077363,1189.007877,1091.549165,0.077363,189.007877,91.549165,0.957116
2.0,1000,3,0.1,1601,1.982851,1151.579672,879.331286,-0.017149,151.579672,-120.668714,0.984643
2.0,1000,3,0.1,1602,0.768132,350.232200,1325.135507,-1.231868,-649.767800,325.135507,0.999727
2.0,1000,3,0.1,1603,2.313826,377.101051,1657.245947,0.313826,-622.898949,657.245947,0.852530
2.0,1000,3,0.1,1604,2.397389,513.490283,1365.173494,0.397389,-486.509717,365.173494,0.784472
2.0,1000,3,0.1,1605,0.429129,829.543112,1213.581068,-1.570871,-170.456888,213.581068,0.999762
2.0,1000,3,0.1,1606,2.123843,1052.738666,927.652028,0.123843,52.738666,-72.347972,0.938572
2.0,1000,3,0.1,1607,0.829313,241.299071,1745.123069,-1.170687,-758.700929,745.123069,0.999667
2.0,1000,3,0.1,1608,0.795314,880.545598,1055.203593,-1.204686,-119.454402,55.203593,1.000000
2.0,1000,3,0.1,1609,2.073548,1725.634770,359.449802,0.073548,725.634770,-640.550198,0.957799
2.0,1000,3,0.1,1610,1.926046,784.678650,1104.612735,-0.073954,-215.321350,104.612735,0.995056
2.0,1000,3,0.1,1611,2.129138,1114.469276,704.382930,0.129138,114.469276,-295.617070,0.936094
2.0,1000,3,0.1,1612,2.283869,1207.607101,1373.476349,0.283869,207.607101,373.476349,0.854437
2.0,1000,3,0.1,1613,0.734522,1062.050257,1475.924554,-1.265478,62.050257,475.924554,0.999999
2.0,1000,3,0.1,1614,0.878502,616.174535,1249.890351,-1.121498,-383.825465,249.890351,1.000000
2.0,1000,3,0.1,1615,2.022826,1203.032134,645.398240,0.022826,203.032134,-354.601760,0.974251
2.0,1000,3,0.1,1616,1.960359,612.559653,1317.803929,-0.039641,-387.440347,317.803929,0.990172
2.0,1000,3,0.1,1617,1.945110,1046.990488,745.902273,-0.054890,46.990488,-254.097727,0.992034
2.0,1000,3,0.1,1618,2.057318,1183.281877,1159.056736,0.057318,183.281877,159.056736,0.964125
2.0,1000,3,0.1,1619,2.130180,764.001388,1341.610271,0.130180,-235.998612,341.610271,0.936706
2.0,1000,3,0.1,1620,0.580577,384.021720,1282.622716,-1.419423,-615.978280,282.622716,0.999551
2.0,1000,3,0.1,1621,2.130324,2289.302158,163.091187,0.130324,1289.302158,-836.908813,0.935137
2.0,1000,3,0.1,1622,1.155691,707.635277,1244.319084,-0.844309,-292.364723,244.319084,0.999993
2.0,1000,3,0.1,1623,1.948235,1996.260808,434.645581,-0.051765,996.260808,-565.354419,0.991328
2.0,1000,3,0.1,1624,1.926682,1316.263485,931.042998,-0.073318,316.263485,-68.957002,0.994786
2.0,1000,3,0.1,1625,2.394735,2386.146159,92.636577,0.394735,1386.146159,-907.363423,0.776591
2.0,1000,3,0.1,1626,2.332985,866.566623,1309.043048,0.332985,-133.433377,309.043048,0.824269
2.0,1000,3,0.1,1627,1.863566,314.226742,1341.036130,-0.136434,-685.773258,341.036130,0.999643
2.0,1000,3,0.1,1628,0.330609,233.201554,1186.150619,-1.669391,-766.798446,186.150619,1.000000
2.0,1000,3,0.1,1629,0.999336,1227.347261,893.889756,-1.000664,227.347261,-106.110244,0.999998
2.0,1000,3,0.1,1630,0.536788,807.620245,1467.977291,-1.463212,-192.379755,467.977291,0.999591
2.0,1000,3,0.1,1631,0.875420,260.059415,1765.923738,-1.124580,-739.940585,765.923738,0.999391
2.0,1000,3,0.1,1632,1.089490,653.652448,1501.093231,-0.910510,-346.347552,501.093231,0.999995
2.0,1000,3,0.1,1633,0.286833,93.807070,1507.938932,-1.713167,-906.192930,507.938932,0.999898
2.0,1000,3,0.1,1634,1.907848,551.125402,1458.080869,-0.092152,-448.874598,458.080869,0.997845
2.0,1000,3,0.1,1635,0.588480,855.639500,1119.685595,-1.411520,-144.360500,119.685595,0.999985
2.0,1000,3,0.1,1636,2.070600,1350.050225,836.299928,0.070600,350.050225,-163.700072,0.958973
2.0,1000,3,0.1,1637,2.327676,1984.988528,84.382303,0.327676,984.988528,-915.617697,0.824716
2.0,1000,3,0.1,1638,2.313751,1763.846563,227.382469,0.313751,763.846563,-772.617531,0.834186
2.0,1000,3,0.1,1639,NaN,NaN,NaN,NaN,NaN,NaN,NaN
2.0,1000,3,0.1,1640,2.162710,1760.213478,510.159369,0.162710,760.213478,-489.840631,0.920553
2.0,1000,3,0.1,1641,2.041424,595.598242,1167.258592,0.041424,-404.401758,167.258592,0.970300
2.0,1000,3,0.1,1642,2.101213,827.131118,965.227202,0.101213,-172.868882,-34.772798,0.948506
2.0,1000,3,0.1,1643,1.930905,2662.249494,174.836474,-0.069095,1662.249494,-825.163526,0.994051
2.0,1000,3,0.1,1644,1.232575,220.081321,1791.677913,-0.767425,-779.918679,791.677913,0.999906
2.0,1000,3,0.1,1645,2.013492,1683.402938,789.697853,0.013492,683.402938,-210.302147,0.976816
2.0,1000,3,0.1,1646,2.410399,1446.452053,491.691120,0.410399,446.452053,-508.308880,0.764945
2.0,1000,3,0.1,1647,0.238700,121.970761,1324.864139,-1.761300,-878.029239,324.864139,0.993877
2.0,1000,3,0.1,1648,2.327031,365.673294,1748.911166,0.327031,-634.326706,748.911166,0.845648
2.0,1000,3,0.1,1649,0.250724,153.557943,1488.789550,-1.749276,-846.442057,488.789550,0.999690
2.0,1000,3,0.1,1650,1.946857,439.566781,1649.048012,-0.053143,-560.433219,649.048012,0.993968
2.0,1000,3,0.1,1651,1.786044,7.206743,1669.260569,-0.213956,-992.793257,669.260569,0.999934
2.0,1000,3,0.1,1652,0.561387,223.983265,1556.138479,-1.438613,-776.016735,556.138479,0.997916
2.0,1000,3,0.1,1653,2.306908,1328.738854,648.234964,0.306908,328.738854,-351.765036,0.839027
2.0,1000,3,0.1,1654,0.260353,201.471526,1533.557425,-1.739647,-798.528474,533.557425,0.999968
2.0,1000,3,0.1,1655,2.223006,1530.360441,919.350317,0.223006,530.360441,-80.649683,0.889913
2.0,1000,3,0.1,1656,0.813528,673.648184,1250.588061,-1.186472,-326.351816,250.588061,1.000000
2.0,1000,3,0.1,1657,0.314092,121.130085,2227.798348,-1.685908,-878.869915,1227.798348,0.999981
2.0,1000,3,0.1,1658,1.050213,912.501012,1177.651249,-0.949787,-87.498988,177.651249,0.999996
2.0,1000,3,0.1,1659,0.599771,410.836151,1239.155107,-1.400229,-589.163849,239.155107,0.999203
2.0,1000,3,0.1,1660,1.276068,125.304576,1478.998217,-0.723932,-874.695424,478.998217,0.999893
2.0,1000,3,0.1,1661,0.547425,120.949314,1706.392295,-1.452575,-879.050686,706.392295,1.000000
2.0,1000,3,0.1,1662,0.374119,597.762607,1555.118061,-1.625881,-402.237393,555.118061,1.000000
2.0,1000,3,0.1,1663,1.950334,608.074972,1232.214244,-0.049666,-391.925028,232.214244,0.992192
2.0,1000,3,0.1,1664,2.387826,1166.117298,1125.045624,0.387826,166.117298,125.045624,0.783265
2.0,1000,3,0.1,1665,2.042846,1131.115224,838.670227,0.042846,131.115224,-161.329773,0.968543
2.0,1000,3,0.1,1666,2.051233,1796.924566,502.193138,0.051233,796.924566,-497.806862,0.965489
2.0,1000,3,0.1,1667,2.160497,2161.049522,305.328859,0.160497,1161.049522,-694.671141,0.921474
2.0,1000,3,0.1,1668,0.697378,402.790540,1611.008355,-1.302622,-597.209460,611.008355,0.999176
2.0,1000,3,0.1,1669,0.795691,104.513902,1806.065316,-1.204309,-895.486098,806.065316,1.000000
2.0,1000,3,0.1,1670,0.631539,398.986396,1670.037424,-1.368461,-601.013604,670.037424,0.999600
2.0,1000,3,0.1,1671,0.597988,237.366013,1940.649245,-1.402012,-762.633987,940.649245,0.997908
2.0,1000,3,0.1,1672,0.649006,679.338493,1548.431214,-1.350994,-320.661507,548.431214,0.999943
2.0,1000,3,0.1,1673,1.909639,1124.106029,1380.336037,-0.090361,124.106029,380.336037,0.997067
2.0,1000,3,0.1,1674,1.985875,246.558750,1147.559701,-0.014125,-753.441250,147.559701,0.989699
2.0,1000,3,0.1,1675,0.648046,577.276025,1454.264073,-1.351954,-422.723975,454.264073,0.999807
2.0,1000,3,0.1,1676,2.040322,617.601847,1504.684242,0.040322,-382.398153,504.684242,0.970833
2.0,1000,3,0.1,1677,1.973881,1060.988208,977.619849,-0.026119,60.988208,-22.380151,0.986759
2.0,1000,3,0.1,1678,0.297237,234.288631,1520.031522,-1.702763,-765.711369,520.031522,0.999999
2.0,1000,3,0.1,1679,0.355644,226.907988,1508.018489,-1.644356,-773.092012,508.018489,1.000000
2.0,1000,3,0.1,1680,2.186124,1421.617212,1023.258672,0.186124,421.617212,23.258672,0.909256
2.0,1000,3,0.1,1681,0.865333,426.328611,1538.913753,-1.134667,-573.671389,538.913753,0.999971
2.0,1000,3,0.1,1682,2.247472,602.744128,1396.412156,0.247472,-397.255872,396.412156,0.881251
2.0,1000,3,0.1,1683,0.708321,861.730175,1041.357385,-1.291679,-138.269825,41.357385,1.000000
2.0,1000,3,0.1,1684,1.141974,485.975463,1113.047617,-0.858026,-514.024537,113.047617,0.999991
2.0,1000,3,0.1,1685,0.379119,685.358161,1459.258722,-1.620881,-314.641839,459.258722,1.000000
2.0,1000,3,0.1,1686,0.609235,255.499743,1972.663072,-1.390765,-744.500257,972.663072,0.998201
2.0,1000,3,0.1,1687,1.648648,856.322696,1020.215633,-0.351352,-143.677304,20.215633,0.999971
2.0,1000,3,0.1,1688,0.914610,96.142289,1615.483064,-1.085390,-903.857711,615.483064,0.997752
2.0,1000,3,0.1,1689,0.675702,620.422250,1081.135175,-1.324298,-379.577750,81.135175,0.999990
2.0,1000,3,0.1,1690,0.843156,1577.682541,1063.893514,-1.156844,577.682541,63.893514,1.000000
2.0,1000,3,0.1,1691,0.243161,177.232522,1404.317845,-1.756839,-822.767478,404.317845,0.999757
2.0,1000,3,0.1,1692,2.128800,980.511781,1092.519215,0.128800,-19.488219,92.519215,0.936666
2.0,1000,3,0.1,1693,2.338694,508.825163,865.981661,0.338694,-491.174837,-134.018339,0.821404
2.0,1000,3,0.1,1694,2.023154,663.970585,1365.129341,0.023154,-336.029415,365.129341,0.976160
2.0,1000,3,0.1,1695,0.258958,124.820374,1492.157166,-1.741042,-875.179626,492.157166,0.999595
2.0,1000,3,0.1,1696,0.404309,536.942319,1354.321589,-1.595691,-463.057681,354.321589,0.999022
2.0,1000,3,0.1,1697,0.443882,327.845328,1133.928311,-1.556118,-672.154672,133.928311,0.998380
2.0,1000,3,0.1,1698,0.437810,211.902426,1202.073928,-1.562190,-788.097574,202.073928,1.000000
2.0,1000,3,0.1,1699,1.927827,1186.646351,639.541958,-0.072173,186.646351,-360.458042,0.994587
2.0,1000,3,0.1,1700,0.660060,722.221315,1211.798550,-1.339940,-277.778685,211.798550,0.999990
2.0,1000,3,0.1,1701,1.222888,819.901098,1083.062543,-0.777112,-180.098902,83.062543,0.999993
2.0,1000,3,0.1,1702,0.336628,116.478584,1190.891528,-1.663372,-883.521416,190.891528,0.999999
2.0,1000,3,0.1,1703,2.390533,1469.688928,474.872864,0.390533,469.688928,-525.127136,0.779870
2.0,1000,3,0.1,1704,0.285335,183.715990,1542.112787,-1.714665,-816.284010,542.112787,0.999995
2.0,1000,3,0.1,1705,1.881092,957.809941,696.277042,-0.118908,-42.190059,-303.722958,0.999178
2.0,1000,3,0.1,1706,0.462562,58.006466,2051.431891,-1.537438,-941.993534,1051.431891,0.999999
2.0,1000,3,0.1,1707,2.308914,904.075180,1021.976829,0.308914,-95.924820,21.976829,0.838690
2.0,1000,3,0.1,1708,2.430620,301.783835,1286.220546,0.430620,-698.216165,286.220546,0.772646
2.0,1000,3,0.1,1709,2.214248,1331.587621,676.869482,0.214248,331.587621,-323.130518,0.894454
2.0,1000,3,0.1,1710,1.909315,943.565671,1329.999365,-0.090685,-56.434329,329.999365,0.996994
2.0,1000,3,0.1,1711,2.124763,397.049171,1144.712994,0.124763,-602.950829,144.712994,0.942967
2.0,1000,3,0.1,1712,2.048040,711.115489,1152.656915,0.048040,-288.884511,152.656915,0.967980
2.0,1000,3,0.1,1713,0.578241,226.674313,1524.533568,-1.421759,-773.325687,524.533568,0.998342
2.0,1000,3,0.1,1714,1.922152,821.562639,1108.987166,-0.077848,-178.437361,108.987166,0.995719
2.0,1000,3,0.1,1715,0.376988,181.998334,1792.858585,-1.623012,-818.001666,792.858585,1.000000
2.0,1000,3,0.1,1716,0.353270,172.382792,1532.962135,-1.646730,-827.617208,532.962135,1.000000
2.0,1000,3,0.1,1717,2.333403,484.541191,1776.461829,0.333403,-515.458809,776.461829,0.835098
2.0,1000,3,0.1,1718,2.434843,614.320874,1653.176924,0.434843,-385.679126,653.176924,0.755878
2.0,1000,3,0.1,1719,0.794305,351.987232,1610.982131,-1.205695,-648.012768,610.982131,0.999515
2.0,1000,3,0.1,1720,1.915776,1640.281829,323.063727,-0.084224,640.281829,-676.936273,0.996040
2.0,1000,3,0.1,1721,2.072868,1566.518400,372.571094,0.072868,566.518400,-627.428906,0.958007
2.0,1000,3,0.1,1722,2.058643,1729.349301,689.059088,0.058643,729.349301,-310.940912,0.963119
2.0,1000,3,0.1,1723,0.792878,205.928968,1498.754736,-1.207122,-794.071032,498.754736,0.999839
2.0,1000,3,0.1,1724,2.338012,472.587970,1283.550533,0.338012,-527.412030,283.550533,0.826418
2.0,1000,3,0.1,1725,1.791367,415.181745,1600.473477,-0.208633,-584.818255,600.473477,0.999775
2.0,1000,3,0.1,1726,0.341215,63.850200,1584.262448,-1.658785,-936.149800,584.262448,0.999978
2.0,1000,3,0.1,1727,2.052199,1452.463290,697.712589,0.052199,452.463290,-302.287411,0.965287
2.0,1000,3,0.1,1728,2.206344,636.610306,977.697646,0.206344,-363.389694,-22.302354,0.900993
2.0,1000,3,0.1,1729,0.569623,575.572288,1384.799929,-1.430377,-424.427712,384.799929,0.999262
2.0,1000,3,0.1,1730,2.050696,649.295054,993.298224,0.050696,-350.704946,-6.701776,0.967007
2.0,1000,3,0.1,1731,1.862737,922.653782,1322.331816,-0.137263,-77.346218,322.331816,0.999926
2.0,1000,3,0.1,1732,1.511813,518.403425,1131.578268,-0.488187,-481.596575,131.578268,0.999968
2.0,1000,3,0.1,1733,2.177854,978.653842,700.569586,0.177854,-21.346158,-299.430414,0.913486
2.0,1000,3,0.1,1734,1.964467,1238.918278,681.280574,-0.035533,238.918278,-318.719426,0.988483
2.0,1000,3,0.1,1735,0.711321,401.950724,1674.932888,-1.288679,-598.049276,674.932888,0.999180
2.0,1000,3,0.1,1736,2.426823,1068.634625,1085.293987,0.426823,68.634625,85.293987,0.753808
2.0,1000,3,0.1,1737,2.263417,633.577669,996.082359,0.263417,-366.422331,-3.917641,0.868730
2.0,1000,3,0.1,1738,0.239059,181.609000,1592.297363,-1.760941,-818.391000,592.297363,0.998276
2.0,1000,3,0.1,1739,0.303643,200.816011,1284.640612,-1.696357,-799.183989,284.640612,0.999999
2.0,1000,3,0.1,1740,0.368166,86.949650,1194.474715,-1.631834,-913.050350,194.474715,1.000000
2.0,1000,3,0.1,1741,0.544281,303.136830,1966.577473,-1.455719,-696.863170,966.577473,0.999030
2.0,1000,3,0.1,1742,2.324819,866.577809,1434.355193,0.324819,-133.422191,434.355193,0.830197
2.0,1000,3,0.1,1743,0.947295,455.997387,1747.930178,-1.052705,-544.002613,747.930178,0.999987
2.0,1000,3,0.1,1744,2.408545,297.343079,1294.817561,0.408545,-702.656921,294.817561,0.788885
2.0,1000,3,0.1,1745,1.985017,1016.892221,893.608657,-0.014983,16.892221,-106.391343,0.984162
2.0,1000,3,0.1,1746,2.132851,922.320734,990.568788,0.132851,-77.679266,-9.431212,0.935266
2.0,1000,3,0.1,1747,0.824233,683.728866,977.755847,-1.175767,-316.271134,-22.244153,1.000000
2.0,1000,3,0.1,1748,0.762209,92.080556,1481.912952,-1.237791,-907.919444,481.912952,1.000000
2.0,1000,3,0.1,1749,1.898259,1379.451266,992.281831,-0.101741,379.451266,-7.718169,0.997970
2.0,1000,3,0.1,1750,2.222956,972.916976,629.684568,0.222956,-27.083024,-370.315432,0.890051
2.0,1000,3,0.1,1751,2.223086,1465.898004,1025.953779,0.223086,465.898004,25.953779,0.890078
2.0,1000,3,0.1,1752,0.945719,71.702046,1497.488544,-1.054281,-928.297954,497.488544,0.999923
2.0,1000,3,0.1,1753,0.496981,221.364266,1110.919852,-1.503019,-778.635734,110.919852,0.999184
2.0,1000,3,0.1,1754,0.689193,797.677323,946.745417,-1.310807,-202.322677,-53.254583,0.999999
2.0,1000,3,0.1,1755,1.943147,1514.726433,395.402393,-0.056853,514.726433,-604.597607,0.992213
2.0,1000,3,0.1,1756,2.252370,1625.455806,596.002284,0.252370,625.455806,-403.997716,0.872680
2.0,1000,3,0.1,1757,2.302503,1551.468073,1063.605064,0.302503,551.468073,63.605064,0.842202
2.0,1000,3,0.1,1758,0.441055,305.309912,1554.162983,-1.558945,-694.690088,554.162983,1.000000
2.0,1000,3,0.1,1759,1.987569,1779.897111,730.646040,-0.012431,779.897111,-269.353960,0.983361
2.0,1000,3,0.1,1760,2.082681,509.423824,1425.033632,0.082681,-490.576176,425.033632,0.957577
2.0,1000,3,0.1,1761,2.057845,389.563449,1345.939185,0.057845,-610.436551,345.939185,0.969563
2.0,1000,3,0.1,1762,1.913636,291.688296,1119.796529,-0.086364,-708.311704,119.796529,0.998282
2.0,1000,3,0.1,1763,0.357942,319.548421,1266.100410,-1.642058,-680.451579,266.100410,1.000000
2.0,1000,3,0.1,1764,1.929116,682.449789,1090.715681,-0.070884,-317.550211,90.715681,0.994945
2.0,1000,3,0.1,1765,1.403111,538.870443,1210.616097,-0.596889,-461.129557,210.616097,0.999976
2.0,1000,3,0.1,1766,1.906003,1802.929766,680.665120,-0.093997,802.929766,-319.334880,0.997135
2.0,1000,3,0.1,1767,1.941554,899.106441,1074.682945,-0.058446,-100.893559,74.682945,0.992730
2.0,1000,3,0.1,1768,2.427463,539.936243,1457.353536,0.427463,-460.063757,457.353536,0.761635
2.0,1000,3,0.1,1769,0.685264,878.491678,1362.364859,-1.314736,-121.508322,362.364859,0.999992
2.0,1000,3,0.1,1770,0.844558,329.325577,2136.779021,-1.155442,-670.674423,1136.779021,0.999390
2.0,1000,3,0.1,1771,2.108306,495.969731,987.345324,0.108306,-504.030269,-12.654676,0.947090
2.0,1000,3,0.1,1772,0.622537,726.686257,1415.495222,-1.377463,-273.313743,415.495222,0.999938
2.0,1000,3,0.1,1773,1.946217,688.160880,1016.229589,-0.053783,-311.839120,16.229589,0.992374
2.0,1000,3,0.1,1774,2.337564,413.359982,1080.573292,0.337564,-586.640018,80.573292,0.826488
2.0,1000,3,0.1,1775,2.074890,760.360957,1054.108261,0.074890,-239.639043,54.108261,0.958691
2.0,1000,3,0.1,1776,2.046876,1058.835498,746.129990,0.046876,58.835498,-253.870010,0.967102
2.0,1000,3,0.1,1777,0.620161,209.570668,1911.348634,-1.379839,-790.429332,911.348634,0.999471
2.0,1000,3,0.1,1778,1.253758,589.649841,1308.416545,-0.746242,-410.350159,308.416545,0.999985
2.0,1000,3,0.1,1779,0.416787,81.750276,1611.015015,-1.583213,-918.249724,611.015015,1.000000
2.0,1000,3,0.1,1780,0.771508,481.508028,1333.688725,-1.228492,-518.491972,333.688725,0.999962
2.0,1000,3,0.1,1781,0.442718,234.338893,1622.101347,-1.557282,-765.661107,622.101347,1.000000
2.0,1000,3,0.1,1782,1.007464,672.521139,1261.226746,-0.992536,-327.478861,261.226746,0.999996
2.0,1000,3,0.1,1783,1.934877,1411.400485,901.486995,-0.065123,411.400485,-98.513005,0.993626
2.0,1000,3,0.1,1784,1.416151,410.335923,1680.810217,-0.583849,-589.664077,680.810217,0.999947
2.0,1000,3,0.1,1785,0.470909,240.938433,1250.467036,-1.529091,-759.061567,250.467036,1.000000
2.0,1000,3,0.1,1786,2.317341,1730.516561,496.487922,0.317341,730.516561,-503.512078,0.832001
2.0,1000,3,0.1,1787,2.267740,1353.620768,726.103935,0.267740,353.620768,-273.896065,0.863946
2.0,1000,3,0.1,1788,2.227453,1019.670503,1107.920430,0.227453,19.670503,107.920430,0.888450
2.0,1000,3,0.1,1789,2.162262,635.806372,1458.511361,0.162262,-364.193628,458.511361,0.925184
2.0,1000,3,0.1,1790,2.005211,1930.589366,297.164364,0.005211,930.589366,-702.835636,0.978940
2.0,1000,3,0.1,1791,2.193962,536.457062,1457.783546,0.193962,-463.542938,457.783546,0.910768
2.0,1000,3,0.1,1792,0.901318,570.294878,1474.201883,-1.098682,-429.705122,474.201883,0.999999
2.0,1000,3,0.1,1793,0.426187,402.511100,1371.058681,-1.573813,-597.488900,371.058681,1.000000
2.0,1000,3,0.1,1794,2.238147,499.140597,1236.314817,0.238147,-500.859403,236.314817,0.884398
2.0,1000,3,0.1,1795,0.610908,818.236547,1066.424565,-1.389092,-181.763453,66.424565,0.999987
2.0,1000,3,0.1,1796,1.937960,1010.554860,1464.673356,-0.062040,10.554860,464.673356,0.993574
2.0,1000,3,0.1,1797,0.319268,62.410385,1444.869398,-1.680732,-937.589615,444.869398,0.999930
2.0,1000,3,0.1,1798,1.966710,835.620417,1158.652532,-0.033290,-164.379583,158.652532,0.988559
2.0,1000,3,0.1,1799,1.351175,1115.414324,793.047163,-0.648825,115.414324,-206.952837,0.999995
2.0,1000,3,0.1,1800,2.426177,862.797677,1392.921826,0.426177,-137.202323,392.921826,0.755115
2.0,1000,3,0.1,1801,0.710036,1149.852876,903.087480,-1.289964,149.852876,-96.912520,1.000000
2.0,1000,3,0.1,1802,2.401418,737.095456,1460.843149,0.401418,-262.904544,460.843149,0.775041
2.0,1000,3,0.1,1803,0.866793,110.664001,1990.097354,-1.133207,-889.335999,990.097354,0.999492
2.0,1000,3,0.1,1804,2.322561,711.884843,1069.170907,0.322561,-288.115157,69.170907,0.831088
2.0,1000,3,0.1,1805,0.985035,315.540139,1261.255337,-1.014965,-684.459861,261.255337,0.999993
2.0,1000,3,0.1,1806,2.119893,942.820556,1294.496273,0.119893,-57.179444,294.496273,0.941324
2.0,1000,3,0.1,1807,1.002744,831.913582,1553.909000,-0.997256,-168.086418,553.909000,0.999996
2.0,1000,3,0.1,1808,1.308430,530.575672,874.233207,-0.691570,-469.424328,-125.766793,0.999987
2.0,1000,3,0.1,1809,1.143163,431.897496,1720.089599,-0.856837,-568.102504,720.089599,0.999994
2.0,1000,3,0.1,1810,2.134153,1125.570038,593.521971,0.134153,125.570038,-406.478029,0.933901
2.0,1000,3,0.1,1811,1.980475,1359.804178,830.374366,-0.019525,359.804178,-169.625634,0.985064
2.0,1000,3,0.1,1812,0.294018,87.984559,1634.658185,-1.705982,-912.015441,634.658185,0.999887
2.0,1000,3,0.1,1813,2.374608,2016.920568,436.430474,0.374608,1016.920568,-563.569526,0.791816
2.0,1000,3,0.1,1814,NaN,NaN,NaN,NaN,NaN,NaN,NaN
2.0,1000,3,0.1,1815,0.758468,696.644878,1276.225203,-1.241532,-303.355122,276.225203,0.999997
2.0,1000,3,0.1,1816,1.928455,620.414386,1676.343815,-0.071545,-379.585614,676.343815,0.995451
2.0,1000,3,0.1,1817,2.427393,712.176676,1286.132785,0.427393,-287.823324,286.132785,0.754851
2.0,1000,3,0.1,1818,1.883713,2000.018613,267.798716,-0.116287,1000.018613,-732.201284,0.998953
2.0,1000,3,0.1,1819,2.019013,1772.357634,581.198731,0.019013,772.357634,-418.801269,0.975307
2.0,1000,3,0.1,1820,0.408250,143.822177,1757.919748,-1.591750,-856.177823,757.919748,1.000000
2.0,1000,3,0.1,1821,1.951879,666.069081,975.937624,-0.048121,-333.930919,-24.062376,0.991400
2.0,1000,3,0.1,1822,0.547902,559.827664,1086.961700,-1.452098,-440.172336,86.961700,0.999569
2.0,1000,3,0.1,1823,2.331646,1683.381022,624.283891,0.331646,683.381022,-375.716109,0.822256
2.0,1000,3,0.1,1824,0.275651,118.019304,1403.601040,-1.724349,-881.980696,403.601040,0.999931
2.0,1000,3,0.1,1825,NaN,NaN,NaN,NaN,NaN,NaN,NaN
2.0,1000,3,0.1,1826,2.073894,1257.506139,459.114464,0.073894,257.506139,-540.885536,0.957721
2.0,1000,3,0.1,1827,0.433356,194.695107,1480.746100,-1.566644,-805.304893,480.746100,1.000000
2.0,1000,3,0.1,1828,2.330947,1533.948757,311.216318,0.330947,533.948757,-688.783682,0.822670
2.0,1000,3,0.1,1829,0.426788,258.775987,1592.416344,-1.573212,-741.224013,592.416344,1.000000
2.0,1000,3,0.1,1830,2.100167,567.507014,1283.157131,0.100167,-432.492986,283.157131,0.951243
2.0,1000,3,0.1,1831,0.374607,352.358018,2464.437182,-1.625393,-647.641982,1464.437182,1.000000
2.0,1000,3,0.1,1832,0.263202,89.138906,1424.756391,-1.736798,-910.861094,424.756391,0.996867
2.0,1000,3,0.1,1833,2.410263,764.190068,738.827396,0.410263,-235.809932,-261.172604,0.766181
2.0,1000,3,0.1,1834,0.634161,105.022457,1714.265930,-1.365839,-894.977543,714.265930,1.000000
2.0,1000,3,0.1,1835,2.227349,1041.707941,1000.764189,0.227349,41.707941,0.764189,0.887798
2.0,1000,3,0.1,1836,2.146292,385.864509,2062.684387,0.146292,-614.135491,1062.684387,0.945042
2.0,1000,3,0.1,1837,2.024383,1000.061624,1438.051872,0.024383,0.061624,438.051872,0.974417
2.0,1000,3,0.1,1838,0.709543,797.287684,1484.131145,-1.290457,-202.712316,484.131145,0.999991
2.0,1000,3,0.1,1839,0.880770,303.858996,1539.929294,-1.119230,-696.141004,539.929294,0.999685
2.0,1000,3,0.1,1840,2.020223,1260.535524,754.815793,0.020223,260.535524,-245.184207,0.975156
2.0,1000,3,0.1,1841,0.258328,119.365016,1688.485557,-1.741672,-880.634984,688.485557,0.997435
2.0,1000,3,0.1,1842,2.110658,687.857352,1437.527037,0.110658,-312.142648,437.527037,0.946609
2.0,1000,3,0.1,1843,2.049139,481.795443,1852.539727,0.049139,-518.204557,852.539727,0.971920
2.0,1000,3,0.1,1844,0.259912,139.430832,1294.368142,-1.740088,-860.569168,294.368142,0.999924
2.0,1000,3,0.1,1845,1.011074,39.160160,1554.252098,-0.988926,-960.839840,554.252098,1.000000
2.0,1000,3,0.1,1846,0.808431,437.800851,1897.682171,-1.191569,-562.199149,897.682171,0.999665
2.0,1000,3,0.1,1847,1.947910,1301.092633,918.237958,-0.052090,301.092633,-81.762042,0.991514
2.0,1000,3,0.1,1848,2.117488,928.648986,979.206903,0.117488,-71.351014,-20.793097,0.941615
2.0,1000,3,0.1,1849,0.252911,128.533489,1402.289028,-1.747089,-871.466511,402.289028,0.999454
2.0,1000,3,0.1,1850,1.901242,734.403471,1236.417189,-0.098758,-265.596529,236.417189,0.997930
2.0,1000,3,0.1,1851,0.427838,200.440187,1444.601977,-1.572162,-799.559813,444.601977,1.000000
2.0,1000,3,0.1,1852,1.306298,345.939693,1285.290759,-0.693702,-654.060307,285.290759,0.999971
2.0,1000,3,0.1,1853,0.803948,822.259267,1772.414789,-1.196052,-177.740733,772.414789,0.999996
2.0,1000,3,0.1,1854,2.042830,858.413620,883.079612,0.042830,-141.586380,-116.920388,0.968532
2.0,1000,3,0.1,1855,2.275708,982.840859,1005.216358,0.275708,-17.159141,5.216358,0.860001
2.0,1000,3,0.1,1856,2.207851,952.544749,1066.520565,0.207851,-47.455251,66.520565,0.898692
2.0,1000,3,0.1,1857,1.892002,2343.390279,169.438820,-0.107998,1343.390279,-830.561180,0.998364
2.0,1000,3,0.1,1858,1.218488,836.993892,1484.031141,-0.781512,-163.006108,484.031141,0.999988
2.0,1000,3,0.1,1859,1.277421,636.337173,1258.809725,-0.722579,-363.662827,258.809725,0.999986
2.0,1000,3,0.1,1860,0.926530,802.287527,1147.661248,-1.073470,-197.712473,147.661248,0.999999
2.0,1000,3,0.1,1861,0.462755,314.043596,1223.168555,-1.537245,-685.956404,223.168555,0.997915
2.0,1000,3,0.1,1862,0.714565,623.026918,1257.151760,-1.285435,-376.973082,257.151760,0.999992
2.0,1000,3,0.1,1863,0.361122,106.598858,1305.292797,-1.638878,-893.401142,305.292797,1.000000
2.0,1000,3,0.1,1864,0.391292,386.390793,1052.033070,-1.608708,-613.609207,52.033070,1.000000
2.0,1000,3,0.1,1865,2.213417,970.625762,1014.835261,0.213417,-29.374238,14.835261,0.895350
2.0,1000,3,0.1,1866,2.183739,641.730930,1532.916946,0.183739,-358.269070,532.916946,0.914701
2.0,1000,3,0.1,1867,0.727449,109.036830,1388.908025,-1.272551,-890.963170,388.908025,0.997786
2.0,1000,3,0.1,1868,2.059913,352.134726,1192.133178,0.059913,-647.865274,192.133178,0.968570
2.0,1000,3,0.1,1869,2.064010,1320.302035,701.128611,0.064010,320.302035,-298.871389,0.961361
2.0,1000,3,0.1,1870,1.055718,1061.904296,936.335018,-0.944282,61.904296,-63.664982,0.999998
2.0,1000,3,0.1,1871,0.268513,166.333460,1460.094583,-1.731487,-833.666540,460.094583,0.999974
2.0,1000,3,0.1,1872,1.505223,534.757596,1301.773912,-0.494777,-465.242404,301.773912,0.999965
2.0,1000,3,0.1,1873,2.282692,654.771242,1214.137841,0.282692,-345.228758,214.137841,0.858419
2.0,1000,3,0.1,1874,1.172747,1070.147901,1294.997620,-0.827253,70.147901,294.997620,0.999994
2.0,1000,3,0.1,1875,0.391002,431.446121,1738.985548,-1.608998,-568.553879,738.985548,1.000000
2.0,1000,3,0.1,1876,NaN,NaN,NaN,NaN,NaN,NaN,NaN
2.0,1000,3,0.1,1877,2.178533,616.621574,1713.631882,0.178533,-383.378426,713.631882,0.917189
2.0,1000,3,0.1,1878,2.376092,615.148074,1345.410540,0.376092,-384.851926,345.410540,0.795509
2.0,1000,3,0.1,1879,1.474292,598.162993,1821.508239,-0.525708,-401.837007,821.508239,0.999943
2.0,1000,3,0.1,1880,0.905023,595.446582,1318.627654,-1.094977,-404.553418,318.627654,1.000000
2.0,1000,3,0.1,1881,0.598022,174.548101,1438.607566,-1.401978,-825.451899,438.607566,0.998603
2.0,1000,3,0.1,1882,0.769348,1531.131161,1034.153860,-1.230652,531.131161,34.153860,1.000000
2.0,1000,3,0.1,1883,0.724125,522.990497,1386.772425,-1.275875,-477.009503,386.772425,0.999950
2.0,1000,3,0.1,1884,1.937216,1528.285894,388.172113,-0.062784,528.285894,-611.827887,0.993143
2.0,1000,3,0.1,1885,2.012498,960.188280,1044.586879,0.012498,-39.811720,44.586879,0.977611
2.0,1000,3,0.1,1886,2.023189,1129.220146,869.413437,0.023189,129.220146,-130.586563,0.974365
2.0,1000,3,0.1,1887,1.015566,706.047712,1385.117040,-0.984434,-293.952288,385.117040,0.999997
2.0,1000,3,0.1,1888,2.050524,1107.333922,543.567130,0.050524,107.333922,-456.432870,0.965877
2.0,1000,3,0.1,1889,1.949714,397.888689,1333.108295,-0.050286,-602.111311,333.108295,0.993912
2.0,1000,3,0.1,1890,0.464215,290.375059,1175.404766,-1.535785,-709.624941,175.404766,0.998968
2.0,1000,3,0.1,1891,2.251306,1032.914409,1234.742065,0.251306,32.914409,234.742065,0.875059
2.0,1000,3,0.1,1892,2.316647,1073.846080,947.684576,0.316647,73.846080,-52.315424,0.833513
2.0,1000,3,0.1,1893,1.957087,826.967788,1231.070164,-0.042913,-173.032212,231.070164,0.990532
2.0,1000,3,0.1,1894,2.183489,881.173688,714.992375,0.183489,-118.826312,-285.007625,0.911051
2.0,1000,3,0.1,1895,2.103824,397.941513,1453.935976,0.103824,-602.058487,453.935976,0.953282
2.0,1000,3,0.1,1896,2.180702,992.517280,1480.043339,0.180702,-7.482720,480.043339,0.913720
2.0,1000,3,0.1,1897,2.143907,1230.846409,1037.295398,0.143907,230.846409,37.295398,0.929879
2.0,1000,3,0.1,1898,0.251181,198.458219,1133.342913,-1.748819,-801.541781,133.342913,0.999987
2.0,1000,3,0.1,1899,2.133505,472.232743,1328.579478,0.133505,-527.767257,328.579478,0.937668
2.0,1000,3,0.1,1900,1.749360,673.656091,1026.988040,-0.250640,-326.343909,26.988040,0.999945
2.0,1000,3,0.1,1901,NaN,NaN,NaN,NaN,NaN,NaN,NaN
2.0,1000,3,0.1,1902,0.708917,773.580331,1590.155592,-1.291083,-226.419669,590.155592,0.999984
2.0,1000,3,0.1,1903,1.322585,337.781184,1255.751892,-0.677415,-662.218816,255.751892,0.999969
2.0,1000,3,0.1,1904,1.029065,872.221743,1175.940403,-0.970935,-127.778257,175.940403,0.999997
2.0,1000,3,0.1,1905,0.338890,54.982877,1711.591440,-1.661110,-945.017123,711.591440,0.999913
2.0,1000,3,0.1,1906,0.442074,177.514329,1333.464649,-1.557926,-822.485671,333.464649,1.000000
2.0,1000,3,0.1,1907,0.834722,1137.645161,928.293958,-1.165278,137.645161,-71.706042,1.000000
2.0,1000,3,0.1,1908,1.956177,2356.547110,262.718388,-0.043823,1356.547110,-737.281612,0.989898
2.0,1000,3,0.1,1909,0.567851,132.191909,1894.291890,-1.432149,-867.808091,894.291890,1.000000
2.0,1000,3,0.1,1910,0.592734,162.535055,1296.966964,-1.407266,-837.464945,296.966964,0.997702
2.0,1000,3,0.1,1911,0.904300,847.620384,1011.058602,-1.095700,-152.379616,11.058602,0.999999
2.0,1000,3,0.1,1912,0.768707,540.653016,1150.906460,-1.231293,-459.346984,150.906460,0.999993
2.0,1000,3,0.1,1913,2.318082,2187.046933,161.569670,0.318082,1187.046933,-838.430330,0.831153
2.0,1000,3,0.1,1914,2.001357,1763.205887,364.648781,0.001357,763.205887,-635.351219,0.979982
2.0,1000,3,0.1,1915,2.114688,1135.221438,832.220769,0.114688,135.221438,-167.779231,0.942407
2.0,1000,3,0.1,1916,2.254743,2021.982879,408.657835,0.254743,1021.982879,-591.342165,0.871236
2.0,1000,3,0.1,1917,1.907452,741.593489,894.453112,-0.092548,-258.406511,-105.546888,0.997237
2.0,1000,3,0.1,1918,0.274650,187.991815,1250.749375,-1.725350,-812.008185,250.749375,0.999995
2.0,1000,3,0.1,1919,1.945452,686.938878,1112.478164,-0.054548,-313.061122,112.478164,0.992609
2.0,1000,3,0.1,1920,1.584888,1733.942924,580.108912,-0.415112,733.942924,-419.891088,0.999994
2.0,1000,3,0.1,1921,0.645844,172.836013,1380.172773,-1.354156,-827.163987,380.172773,0.998929
2.0,1000,3,0.1,1922,0.695041,739.356565,1093.427385,-1.304959,-260.643435,93.427385,0.999997
2.0,1000,3,0.1,1923,NaN,NaN,NaN,NaN,NaN,NaN,NaN
2.0,1000,3,0.1,1924,0.966718,190.688791,1256.928045,-1.033282,-809.311209,256.928045,0.999585
2.0,1000,3,0.1,1925,2.411242,1118.949512,725.171559,0.411242,118.949512,-274.828441,0.764846
2.0,1000,3,0.1,1926,0.258782,190.031020,1489.876253,-1.741218,-809.968980,489.876253,0.999953
2.0,1000,3,0.1,1927,0.765317,864.949246,1197.563135,-1.234683,-135.050754,197.563135,1.000000
2.0,1000,3,0.1,1928,2.312254,395.510586,1875.145043,0.312254,-604.489414,875.145043,0.853459
2.0,1000,3,0.1,1929,1.965501,923.988194,660.154089,-0.034499,-76.011806,-339.845911,0.988329
2.0,1000,3,0.1,1930,0.825732,501.148806,1512.476488,-1.174268,-498.851194,512.476488,0.999975
2.0,1000,3,0.1,1931,0.254735,202.047220,1396.995115,-1.745265,-797.952780,396.995115,0.999963
2.0,1000,3,0.1,1932,1.878871,505.753702,1373.626493,-0.121129,-494.246298,373.626493,0.999580
2.0,1000,3,0.1,1933,2.268442,323.613735,1931.260680,0.268442,-676.386265,931.260680,0.890407
2.0,1000,3,0.1,1934,2.081209,571.869291,910.833415,0.081209,-428.130709,-89.166585,0.956179
2.0,1000,3,0.1,1935,0.228925,153.754756,1196.239784,-1.771075,-846.245244,196.239784,0.995430
2.0,1000,3,0.1,1936,2.084853,856.796238,1314.188084,0.084853,-143.203762,314.188084,0.955281
2.0,1000,3,0.1,1937,2.127938,1360.207329,517.740682,0.127938,360.207329,-482.259318,0.936428
2.0,1000,3,0.1,1938,1.494458,1057.303954,1274.375841,-0.505542,57.303954,274.375841,0.999983
2.0,1000,3,0.1,1939,2.096288,2116.525578,263.876972,0.096288,1116.525578,-736.123028,0.949245
2.0,1000,3,0.1,1940,2.334902,1592.148299,1097.213020,0.334902,592.148299,97.213020,0.820660
2.0,1000,3,0.1,1941,1.496799,1422.684053,686.658493,-0.503201,422.684053,-313.341507,0.999995
2.0,1000,3,0.1,1942,2.290102,509.877396,1655.328594,0.290102,-490.122604,655.328594,0.856780
2.0,1000,3,0.1,1943,0.361120,192.777939,1464.816221,-1.638880,-807.222061,464.816221,1.000000
2.0,1000,3,0.1,1944,0.318838,154.932205,1355.468431,-1.681162,-845.067795,355.468431,0.999999
2.0,1000,3,0.1,1945,1.268729,1382.570758,723.453737,-0.731271,382.570758,-276.546263,0.999997
2.0,1000,3,0.1,1946,0.257768,144.175414,1760.940387,-1.742232,-855.824586,760.940387,0.999418
2.0,1000,3,0.1,1947,0.336881,105.906926,1456.740493,-1.663119,-894.093074,456.740493,0.999997
2.0,1000,3,0.1,1948,0.238138,207.735212,1456.656719,-1.761862,-792.264788,456.656719,0.999755
2.0,1000,3,0.1,1949,1.876888,1112.619411,987.846585,-0.123112,112.619411,-12.153415,0.999420
2.0,1000,3,0.1,1950,1.976422,249.244966,1945.232427,-0.023578,-750.755034,945.232427,0.998241
2.0,1000,3,0.1,1951,0.549668,560.612890,1199.123656,-1.450332,-439.387110,199.123656,0.999340
2.0,1000,3,0.1,1952,2.186161,390.757022,1175.164374,0.186161,-609.242978,175.164374,0.916729
2.0,1000,3,0.1,1953,0.689297,519.410137,1735.136947,-1.310703,-480.589863,735.136947,0.999545
2.0,1000,3,0.1,1954,1.789848,1126.949858,892.028743,-0.210152,126.949858,-107.971257,0.999978
2.0,1000,3,0.1,1955,1.879220,997.555671,1669.980144,-0.120780,-2.444329,669.980144,0.999409
2.0,1000,3,0.1,1956,2.120983,1720.918348,293.652846,0.120983,720.918348,-706.347154,0.939185
2.0,1000,3,0.1,1957,0.610578,190.805997,1639.863726,-1.389422,-809.194003,639.863726,0.997752
2.0,1000,3,0.1,1958,0.242741,77.020613,1303.702495,-1.757259,-922.979387,303.702495,0.991888
2.0,1000,3,0.1,1959,2.013501,1660.576874,862.435606,0.013501,660.576874,-137.564394,0.976962
2.0,1000,3,0.1,1960,1.878170,1249.293251,559.667820,-0.121830,249.293251,-440.332180,0.999299
2.0,1000,3,0.1,1961,2.210291,1724.969977,1005.227023,0.210291,724.969977,5.227023,0.896641
2.0,1000,3,0.1,1962,2.090941,1592.769939,306.814729,0.090941,592.769939,-693.185271,0.951347
2.0,1000,3,0.1,1963,1.870075,583.618896,1161.191057,-0.129925,-416.381104,161.191057,0.999844
2.0,1000,3,0.1,1964,1.907748,788.527073,953.936899,-0.092252,-211.472927,-46.063101,0.997220
2.0,1000,3,0.1,1965,2.027742,579.862777,1543.655091,0.027742,-420.137223,543.655091,0.975823
2.0,1000,3,0.1,1966,1.879566,610.095051,1062.369833,-0.120434,-389.904949,62.369833,0.999442
2.0,1000,3,0.1,1967,1.874358,864.684463,1132.307048,-0.125642,-135.315537,132.307048,0.999582
2.0,1000,3,0.1,1968,2.369496,1011.130386,1317.592856,0.369496,11.130386,317.592856,0.798168
2.0,1000,3,0.1,1969,2.204744,1141.896230,738.157022,0.204744,141.896230,-261.842978,0.899882
2.0,1000,3,0.1,1970,NaN,NaN,NaN,NaN,NaN,NaN,NaN
2.0,1000,3,0.1,1971,1.286239,778.805039,943.468444,-0.713761,-221.194961,-56.531556,0.999990
2.0,1000,3,0.1,1972,1.993676,1512.739231,572.955356,-0.006324,512.739231,-427.044644,0.981934
2.0,1000,3,0.1,1973,NaN,NaN,NaN,NaN,NaN,NaN,NaN
2.0,1000,3,0.1,1974,2.066394,341.514714,1378.520380,0.066394,-658.485286,378.520380,0.968880
2.0,1000,3,0.1,1975,2.135284,1623.082047,339.877116,0.135284,623.082047,-660.122884,0.933087
2.0,1000,3,0.1,1976,0.542819,323.181763,2114.683617,-1.457181,-676.818237,1114.683617,0.999782
2.0,1000,3,0.1,1977,2.145398,1012.693281,652.791712,0.145398,12.693281,-347.208288,0.929030
2.0,1000,3,0.1,1978,0.604191,729.545754,1488.608482,-1.395809,-270.454246,488.608482,0.999882
2.0,1000,3,0.1,1979,0.360361,138.107733,2100.378369,-1.639639,-861.892267,1100.378369,0.999999
2.0,1000,3,0.1,1980,2.200964,1503.108574,803.773110,0.200964,503.108574,-196.226890,0.901696
2.0,1000,3,0.1,1981,0.348593,123.263041,1748.146367,-1.651407,-876.736959,748.146367,0.999999
2.0,1000,3,0.1,1982,0.306533,262.791309,1376.401557,-1.693467,-737.208691,376.401557,1.000000
2.0,1000,3,0.1,1983,2.056556,1450.274467,775.452342,0.056556,450.274467,-224.547658,0.963844
2.0,1000,3,0.1,1984,0.449120,129.748356,1584.169339,-1.550880,-870.251644,584.169339,1.000000
2.0,1000,3,0.1,1985,0.327901,322.834690,1220.050573,-1.672099,-677.165310,220.050573,1.000000
2.0,1000,3,0.1,1986,1.900166,1253.331622,802.291900,-0.099834,253.331622,-197.708100,0.997763
2.0,1000,3,0.1,1987,0.530677,251.848314,1540.950290,-1.469323,-748.151686,540.950290,0.999605
2.0,1000,3,0.1,1988,0.421713,280.925911,1963.526722,-1.578287,-719.074089,963.526722,1.000000
2.0,1000,3,0.1,1989,2.383823,737.942873,1016.793563,0.383823,-262.057127,16.793563,0.787551
2.0,1000,3,0.1,1990,0.372774,84.825932,1527.663473,-1.627226,-915.174068,527.663473,0.999999
2.0,1000,3,0.1,1991,2.030371,263.243626,1611.698738,0.030371,-736.756374,611.698738,0.986343
2.0,1000,3,0.1,1992,1.146423,765.103101,1161.865192,-0.853577,-234.896899,161.865192,0.999994
2.0,1000,3,0.1,1993,0.257007,100.616403,1406.539697,-1.742993,-899.383597,406.539697,0.997013
2.0,1000,3,0.1,1994,2.002015,918.231885,1062.616362,0.002015,-81.768115,62.616362,0.980514
2.0,1000,3,0.1,1995,0.367421,298.336348,1636.791453,-1.632579,-701.663652,636.791453,1.000000
2.0,1000,3,0.1,1996,0.791232,524.797837,1325.807720,-1.208768,-475.202163,325.807720,0.999991
2.0,1000,3,0.1,1997,2.166765,1660.472249,542.628161,0.166765,660.472249,-457.371839,0.918663
2.0,1000,3,0.1,1998,2.359550,525.111304,1678.504863,0.359550,-474.888696,678.504863,0.812873
2.0,1000,3,0.1,1999,2.014851,1078.341891,1112.738792,0.014851,78.341891,112.738792,0.976839
2.0,1000,3,0.1,2000,0.733016,355.924748,1461.181554,-1.266984,-644.075252,461.181554,0.999355
2.0,1000,3,0.1,2001,1.867550,1453.394262,805.019407,-0.132450,453.394262,-194.980593,0.999741
2.0,1000,3,0.1,2002,0.990915,818.189057,1414.467064,-1.009085,-181.810943,414.467064,0.999998
2.0,1000,3,0.1,2003,2.210828,2237.482726,166.931862,0.210828,1237.482726,-833.068138,0.895918
2.0,1000,3,0.1,2004,0.449708,151.576047,2167.609217,-1.550292,-848.423953,1167.609217,1.000000
2.0,1000,3,0.1,2005,0.548335,267.490980,1735.684892,-1.451665,-732.509020,735.684892,0.997475
2.0,1000,3,0.1,2006,2.172313,971.370561,981.657483,0.172313,-28.629439,-18.342517,0.916944
2.0,1000,3,0.1,2007,1.338666,740.641305,960.728187,-0.661334,-259.358695,-39.271813,0.999990
2.0,1000,3,0.1,2008,2.163974,1005.673665,1067.283660,0.163974,5.673665,67.283660,0.920954
2.0,1000,3,0.1,2009,NaN,NaN,NaN,NaN,NaN,NaN,NaN
2.0,1000,3,0.1,2010,0.633772,132.181479,1270.223796,-1.366228,-867.818521,270.223796,0.999528
2.0,1000,3,0.1,2011,1.184028,185.499287,1713.111292,-0.815972,-814.500713,713.111292,0.999753
2.0,1000,3,0.1,2012,2.198000,440.119128,1466.988507,0.198000,-559.880872,466.988507,0.910853
2.0,1000,3,0.1,2013,1.928326,717.312932,877.196310,-0.071674,-282.687068,-122.803690,0.994838
2.0,1000,3,0.1,2014,2.324266,1093.631254,913.030210,0.324266,93.631254,-86.969790,0.827942
2.0,1000,3,0.1,2015,0.647593,605.430982,1118.697688,-1.352407,-394.569018,118.697688,0.999958
2.0,1000,3,0.1,2016,1.945494,1704.833621,543.707648,-0.054506,704.833621,-456.292352,0.991843
2.0,1000,3,0.1,2017,1.930096,2415.228000,154.402272,-0.069904,1415.228000,-845.597728,0.994164
2.0,1000,3,0.1,2018,0.377687,594.927511,1204.979264,-1.622313,-405.072489,204.979264,0.999990
2.0,1000,3,0.1,2019,1.905045,794.551392,853.206746,-0.094955,-205.448608,-146.793254,0.997415
2.0,1000,3,0.1,2020,1.869990,659.791261,1079.114618,-0.130010,-340.208739,79.114618,0.999789
2.0,1000,3,0.1,2021,1.125976,863.633266,1452.321012,-0.874024,-136.366734,452.321012,0.999994
2.0,1000,3,0.1,2022,0.235047,99.859646,1153.356611,-1.764953,-900.140354,153.356611,0.992727
2.0,1000,3,0.1,2023,1.630526,108.181368,1293.577288,-0.369474,-891.818632,293.577288,0.999995
2.0,1000,3,0.1,2024,2.086977,894.132958,797.572814,0.086977,-105.867042,-202.427186,0.953291
2.0,1000,3,0.1,2025,2.118689,905.355178,1463.905655,0.118689,-94.644822,463.905655,0.941973
2.0,1000,3,0.1,2026,0.407964,104.380073,1519.594754,-1.592036,-895.619927,519.594754,1.000000
2.0,1000,3,0.1,2027,1.911620,722.658092,1046.708704,-0.088380,-277.341908,46.708704,0.996936
2.0,1000,3,0.1,2028,2.131303,1135.550458,1154.151657,0.131303,135.550458,154.151657,0.935700
2.0,1000,3,0.1,2029,0.754160,624.386023,1336.942095,-1.245840,-375.613977,336.942095,0.999993
2.0,1000,3,0.1,2030,0.783104,295.206920,1484.134444,-1.216896,-704.793080,484.134444,0.999218
2.0,1000,3,0.1,2031,1.872014,1148.691610,1115.609780,-0.127986,148.691610,115.609780,0.999634
2.0,1000,3,0.1,2032,0.551238,80.467914,2480.808917,-1.448762,-919.532086,1480.808917,1.000000
2.0,1000,3,0.1,2033,0.464639,266.356807,1112.821227,-1.535361,-733.643193,112.821227,0.999953
2.0,1000,3,0.1,2034,2.243919,773.075512,984.016054,0.243919,-226.924488,-15.983946,0.879598
2.0,1000,3,0.1,2035,0.592685,526.694706,1141.295773,-1.407315,-473.305294,141.295773,0.999705
2.0,1000,3,0.1,2036,2.140724,1353.475004,722.504412,0.140724,353.475004,-277.495588,0.930963
2.0,1000,3,0.1,2037,0.739336,599.717929,1357.910353,-1.260664,-400.282071,357.910353,0.999983
2.0,1000,3,0.1,2038,0.317156,191.508250,2139.788572,-1.682844,-808.491750,1139.788572,0.999998
2.0,1000,3,0.1,2039,2.112368,1054.334089,709.302498,0.112368,54.334089,-290.697502,0.943138
2.0,1000,3,0.1,2040,0.624432,510.958767,1276.738662,-1.375568,-489.041233,276.738662,0.999670
2.0,1000,3,0.1,2041,1.780454,1648.094092,719.858632,-0.219546,648.094092,-280.141368,0.999985
2.0,1000,3,0.1,2042,1.978231,290.579165,1761.053163,-0.021769,-709.420835,761.053163,0.994998
2.0,1000,3,0.1,2043,2.166445,409.539248,1231.759635,0.166445,-590.460752,231.759635,0.926046
2.0,1000,3,0.1,2044,2.224791,759.606175,1201.590812,0.224791,-240.393825,201.590812,0.890569
2.0,1000,3,0.1,2045,1.002811,326.553428,1747.694001,-0.997189,-673.446572,747.694001,0.999958
2.0,1000,3,0.1,2046,0.369925,140.715673,1664.207948,-1.630075,-859.284327,664.207948,1.000000
2.0,1000,3,0.1,2047,1.667698,854.929486,982.056222,-0.332302,-145.070514,-17.943778,0.999982
2.0,1000,3,0.1,2048,2.033614,1635.152008,757.548107,0.033614,635.152008,-242.451893,0.971123
2.0,1000,3,0.1,2049,2.105407,399.905512,1562.471410,0.105407,-600.094488,562.471410,0.953867
2.0,1000,3,0.1,2050,1.854065,1770.446039,242.150074,-0.145935,770.446039,-757.849926,0.999987
2.0,1000,3,0.1,2051,1.030202,790.903917,1377.113087,-0.969798,-209.096083,377.113087,0.999997
2.0,1000,3,0.1,2052,2.139259,814.100944,1138.562497,0.139259,-185.899056,138.562497,0.933069
2.0,1000,3,0.1,2053,1.777785,847.623932,856.103777,-0.222215,-152.376068,-143.896223,0.999962
2.0,1000,3,0.1,2054,2.237708,864.068462,918.489992,0.237708,-135.931538,-81.510008,0.882377
2.0,1000,3,0.1,2055,0.408823,456.662717,1199.376168,-1.591177,-543.337283,199.376168,0.999016
2.0,1000,3,0.1,2056,0.288939,331.856872,1225.797068,-1.711061,-668.143128,225.797068,1.000000
2.0,1000,3,0.1,2057,0.943088,68.774618,2024.653206,-1.056912,-931.225382,1024.653206,1.000000
2.0,1000,3,0.1,2058,0.712452,911.849220,1471.235857,-1.287548,-88.150780,471.235857,0.999996
2.0,1000,3,0.1,2059,2.213354,1080.714305,809.092086,0.213354,80.714305,-190.907914,0.895469
2.0,1000,3,0.1,2060,2.307590,1858.898720,499.310947,0.307590,858.898720,-500.689053,0.838430
2.0,1000,3,0.1,2061,1.858168,725.575390,1561.718202,-0.141832,-274.424610,561.718202,0.999912
2.0,1000,3,0.1,2062,2.137825,777.270241,970.122587,0.137825,-222.729759,-29.877413,0.933293
2.0,1000,3,0.1,2063,2.066970,1110.168427,840.622517,0.066970,110.168427,-159.377483,0.960444
2.0,1000,3,0.1,2064,1.706595,484.131484,892.977228,-0.293405,-515.868516,-107.022772,0.999935
2.0,1000,3,0.1,2065,0.684340,345.813555,1879.312351,-1.315660,-654.186445,879.312351,0.999802
2.0,1000,3,0.1,2066,2.341039,1208.046257,803.038461,0.341039,208.046257,-196.961539,0.816501
2.0,1000,3,0.1,2067,2.409440,402.148758,1420.157205,0.409440,-597.851242,420.157205,0.781956
2.0,1000,3,0.1,2068,2.063702,1359.884193,1182.175999,0.063702,359.884193,182.175999,0.961747
2.0,1000,3,0.1,2069,0.346978,277.662167,1611.325475,-1.653022,-722.337833,611.325475,1.000000
2.0,1000,3,0.1,2070,1.932891,307.449968,1178.936343,-0.067109,-692.550032,178.936343,0.996384
2.0,1000,3,0.1,2071,2.063795,387.238893,1151.574718,0.063795,-612.761107,151.574718,0.966206
2.0,1000,3,0.1,2072,0.978567,638.268307,1167.630956,-1.021433,-361.731693,167.630956,0.999998
2.0,1000,3,0.1,2073,2.084598,1683.353080,546.366906,0.084598,683.353080,-453.633094,0.953840
2.0,1000,3,0.1,2074,0.625386,139.026201,1496.169190,-1.374614,-860.973799,496.169190,1.000000
2.0,1000,3,0.1,2075,1.710207,1171.430054,1163.560872,-0.289793,171.430054,163.560872,0.999981
2.0,1000,3,0.1,2076,1.888196,779.484347,1424.553359,-0.111804,-220.515653,424.553359,0.999015
2.0,1000,3,0.1,2077,2.266058,390.443125,1601.788751,0.266058,-609.556875,601.788751,0.880797
2.0,1000,3,0.1,2078,0.261298,292.318489,1419.721018,-1.738702,-707.681511,419.721018,0.999996
2.0,1000,3,0.1,2079,1.117662,191.909046,1640.097376,-0.882338,-808.090954,640.097376,0.999667
2.0,1000,3,0.1,2080,0.743199,76.255064,1704.486141,-1.256801,-923.744936,704.486141,1.000000
2.0,1000,3,0.1,2081,0.563227,554.360225,1199.735920,-1.436773,-445.639775,199.735920,0.999509
2.0,1000,3,0.1,2082,0.214336,99.612012,1478.440378,-1.785664,-900.387988,478.440378,0.996229
2.0,1000,3,0.1,2083,2.052247,617.559468,1435.763318,0.052247,-382.440532,435.763318,0.968064
2.0,1000,3,0.1,2084,0.888360,541.998881,1273.420277,-1.111640,-458.001119,273.420277,1.000000
2.0,1000,3,0.1,2085,2.351286,862.247542,778.990063,0.351286,-137.752458,-221.009937,0.809291
2.0,1000,3,0.1,2086,1.986923,739.691744,920.246510,-0.013077,-260.308256,-79.753490,0.984223
2.0,1000,3,0.1,2087,2.277085,1258.393755,1074.256323,0.277085,258.393755,74.256323,0.858726
2.0,1000,3,0.1,2088,0.452374,350.839215,1339.381507,-1.547626,-649.160785,339.381507,0.999883
2.0,1000,3,0.1,2089,0.644145,835.442740,1237.882006,-1.355855,-164.557260,237.882006,0.999988
2.0,1000,3,0.1,2090,1.888293,1447.627117,513.810009,-0.111707,447.627117,-486.189991,0.998661
2.0,1000,3,0.1,2091,2.067220,1530.364329,660.652061,0.067220,530.364329,-339.347939,0.960192
2.0,1000,3,0.1,2092,2.033471,1137.897917,948.500076,0.033471,137.897917,-51.499924,0.971458
2.0,1000,3,0.1,2093,1.612850,925.420264,921.731859,-0.387150,-74.579736,-78.268141,0.999979
2.0,1000,3,0.1,2094,2.129486,1734.957665,666.702617,0.129486,734.957665,-333.297383,0.935714
2.0,1000,3,0.1,2095,0.453825,371.823209,1432.290334,-1.546175,-628.176791,432.290334,0.999854
2.0,1000,3,0.1,2096,1.924033,1113.464520,692.644427,-0.075967,113.464520,-307.355573,0.995139
2.0,1000,3,0.1,2097,1.238017,340.454004,1985.650631,-0.761983,-659.545996,985.650631,0.999997
2.0,1000,3,0.1,2098,0.665844,557.788808,1228.509570,-1.334156,-442.211192,228.509570,0.999944
2.0,1000,3,0.1,2099,2.603026,119.637438,1451.591472,0.603026,-880.362562,451.591472,0.798313
2.0,1000,3,0.1,2100,2.096938,1186.325546,989.720539,0.096938,186.325546,-10.279461,0.949517
2.0,1000,3,0.1,2101,2.117976,1580.396211,660.401471,0.117976,580.396211,-339.598529,0.940579
2.0,1000,3,0.1,2102,2.121039,460.598987,1485.702707,0.121039,-539.401013,485.702707,0.943356
2.0,1000,3,0.1,2103,2.096689,1591.975483,867.480801,0.096689,591.975483,-132.519199,0.949251
2.0,1000,3,0.1,2104,2.197588,1268.329280,600.146933,0.197588,268.329280,-399.853067,0.903294
2.0,1000,3,0.1,2105,2.003438,1322.610601,1022.866363,0.003438,322.610601,22.866363,0.979763
2.0,1000,3,0.1,2106,2.036794,2358.871857,24.152592,0.036794,1358.871857,-975.847408,0.969936
2.0,1000,3,0.1,2107,2.285030,1367.644216,741.890978,0.285030,367.644216,-258.109022,0.853219
2.0,1000,3,0.1,2108,2.323592,1098.162936,751.161044,0.323592,98.162936,-248.838956,0.828189
2.0,1000,3,0.1,2109,2.379815,1028.680464,804.304772,0.379815,28.680464,-195.695228,0.788517
2.0,1000,3,0.1,2110,0.444283,415.724078,2210.070427,-1.555717,-584.275922,1210.070427,1.000000
2.0,1000,3,0.1,2111,2.445542,311.970373,1535.184577,0.445542,-688.029627,535.184577,0.766285
2.0,1000,3,0.1,2112,0.337605,393.632634,1430.744983,-1.662395,-606.367366,430.744983,1.000000
2.0,1000,3,0.1,2113,0.867996,527.299147,1115.494089,-1.132004,-472.700853,115.494089,1.000000
2.0,1000,3,0.1,2114,2.005569,802.501086,1133.633948,0.005569,-197.498914,133.633948,0.979629
2.0,1000,3,0.1,2115,1.875935,531.836869,1313.772304,-0.124065,-468.163131,313.772304,0.999760
2.0,1000,3,0.1,2116,2.140460,897.288001,871.543399,0.140460,-102.711999,-128.456601,0.931491
2.0,1000,3,0.1,2117,0.357040,274.739566,1930.787226,-1.642960,-725.260434,930.787226,1.000000
2.0,1000,3,0.1,2118,2.253169,345.403141,1411.841065,0.253169,-654.596859,411.841065,0.887846
2.0,1000,3,0.1,2119,0.286763,74.653757,1801.660915,-1.713237,-925.346243,801.660915,0.997679
2.0,1000,3,0.1,2120,2.338561,762.420588,1314.308768,0.338561,-237.579412,314.308768,0.821379
2.0,1000,3,0.1,2121,1.871550,1032.954340,974.433889,-0.128450,32.954340,-25.566111,0.999639
2.0,1000,3,0.1,2122,2.002006,1274.635647,485.496180,0.002006,274.635647,-514.503820,0.979841
2.0,1000,3,0.1,2123,1.903117,1260.254721,1087.689963,-0.096883,260.254721,87.689963,0.997495
2.0,1000,3,0.1,2124,1.239745,921.803174,1344.719622,-0.760255,-78.196826,344.719622,0.999990
2.0,1000,3,0.1,2125,2.150924,2085.672739,204.105932,0.150924,1085.672739,-795.894068,0.925929
2.0,1000,3,0.1,2126,1.861018,1580.100135,1053.485671,-0.138982,580.100135,53.485671,0.999913
2.0,1000,3,0.1,2127,0.601310,170.179564,1443.092559,-1.398690,-829.820436,443.092559,0.999571
2.0,1000,3,0.1,2128,1.983763,415.073458,1608.777131,-0.016237,-584.926542,608.777131,0.988689
2.0,1000,3,0.1,2129,2.570471,137.139749,1718.346097,0.570471,-862.860251,718.346097,0.844662
2.0,1000,3,0.1,2130,0.324494,259.824736,1698.130012,-1.675506,-740.175264,698.130012,1.000000
2.0,1000,3,0.1,2131,1.743598,840.190691,1223.284371,-0.256402,-159.809309,223.284371,0.999972
2.0,1000,3,0.1,2132,1.148653,936.940498,1432.906063,-0.851347,-63.059502,432.906063,0.999994
2.0,1000,3,0.1,2133,0.840247,838.788396,870.261697,-1.159753,-161.211604,-129.738303,0.999999
2.0,1000,3,0.1,2134,0.383915,478.882938,1727.258908,-1.616085,-521.117062,727.258908,1.000000
2.0,1000,3,0.1,2135,0.736854,96.853572,1623.971577,-1.263146,-903.146428,623.971577,1.000000
2.0,1000,3,0.1,2136,0.784018,268.922956,982.022831,-1.215982,-731.077044,-17.977169,0.999863
2.0,1000,3,0.1,2137,0.303529,167.234408,1398.463063,-1.696471,-832.765592,398.463063,0.999998
2.0,1000,3,0.1,2138,NaN,NaN,NaN,NaN,NaN,NaN,NaN
2.0,1000,3,0.1,2139,0.242829,165.902376,2138.895913,-1.757171,-834.097624,1138.895913,0.992872
2.0,1000,3,0.1,2140,0.706020,410.704430,1435.053635,-1.293980,-589.295570,435.053635,0.999555
2.0,1000,3,0.1,2141,2.186982,610.875283,1609.264268,0.186982,-389.124717,609.264268,0.914686
2.0,1000,3,0.1,2142,1.902537,1245.223540,979.232161,-0.097463,245.223540,-20.767839,0.997592
2.0,1000,3,0.1,2143,0.457042,530.246351,1107.925867,-1.542958,-469.753649,107.925867,0.999965
2.0,1000,3,0.1,2144,1.882885,498.278287,1429.018302,-0.117115,-501.721713,429.018302,0.999645
2.0,1000,3,0.1,2145,0.341321,81.671879,1883.111489,-1.658679,-918.328121,883.111489,0.999981
2.0,1000,3,0.1,2146,0.409243,357.523568,1720.326889,-1.590757,-642.476432,720.326889,1.000000
2.0,1000,3,0.1,2147,2.196821,981.751835,628.843440,0.196821,-18.248165,-371.156560,0.903968
2.0,1000,3,0.1,2148,1.046417,686.040419,1492.147124,-0.953583,-313.959581,492.147124,0.999996
2.0,1000,3,0.1,2149,2.176182,254.134434,1848.495205,0.176182,-745.865566,848.495205,0.938822
2.0,1000,3,0.1,2150,0.647656,753.803151,1225.932512,-1.352344,-246.196849,225.932512,0.999990
2.0,1000,3,0.1,2151,2.130805,923.780317,800.583209,0.130805,-76.219683,-199.416791,0.935778
2.0,1000,3,0.1,2152,1.310831,539.170473,1584.988452,-0.689169,-460.829527,584.988452,0.999976
2.0,1000,3,0.1,2153,0.562836,189.876293,1543.048174,-1.437164,-810.123707,543.048174,1.000000
2.0,1000,3,0.1,2154,0.512032,122.494216,1633.091282,-1.487968,-877.505784,633.091282,1.000000
2.0,1000,3,0.1,2155,2.236063,701.269440,1285.201776,0.236063,-298.730560,285.201776,0.885653
2.0,1000,3,0.1,2156,0.477195,304.548623,1576.040709,-1.522805,-695.451377,576.040709,1.000000
2.0,1000,3,0.1,2157,1.965352,1915.311582,309.201408,-0.034648,915.311582,-690.798592,0.988151
2.0,1000,3,0.1,2158,2.154771,1167.192318,1126.027097,0.154771,167.192318,126.027097,0.924773
2.0,1000,3,0.1,2159,1.983524,1354.108121,512.203449,-0.016476,354.108121,-487.796551,0.984321
2.0,1000,3,0.1,2160,2.406245,1408.678989,905.418380,0.406245,408.678989,-94.581620,0.768529
2.0,1000,3,0.1,2161,0.561716,245.128744,1700.609436,-1.438284,-754.871256,700.609436,0.997647
2.0,1000,3,0.1,2162,0.282251,90.264696,1534.039492,-1.717749,-909.735304,534.039492,0.999857
2.0,1000,3,0.1,2163,2.274450,1260.227058,552.334878,0.274450,260.227058,-447.665122,0.859700
2.0,1000,3,0.1,2164,0.776713,655.968323,1382.897218,-1.223287,-344.031677,382.897218,0.999994
2.0,1000,3,0.1,2165,2.103762,801.176457,1735.702872,0.103762,-198.823543,735.702872,0.948251
2.0,1000,3,0.1,2166,1.833468,798.371981,1633.674583,-0.166532,-201.628019,633.674583,0.999888
2.0,1000,3,0.1,2167,0.293798,84.661660,2397.389250,-1.706202,-915.338340,1397.389250,0.996316
2.0,1000,3,0.1,2168,0.658340,613.902578,1719.181019,-1.341660,-386.097422,719.181019,0.999680
2.0,1000,3,0.1,2169,1.595787,810.935000,946.553510,-0.404213,-189.065000,-53.446490,0.999975
2.0,1000,3,0.1,2170,1.938410,309.517098,1595.017393,-0.061590,-690.482902,595.017393,0.997494
2.0,1000,3,0.1,2171,1.977390,842.157507,965.461042,-0.022610,-157.842493,-34.538958,0.986238
2.0,1000,3,0.1,2172,0.426231,244.665617,1783.025119,-1.573769,-755.334383,783.025119,1.000000
2.0,1000,3,0.1,2173,0.389015,244.363129,2420.674691,-1.610985,-755.636871,1420.674691,1.000000
2.0,1000,3,0.1,2174,1.008844,1044.771916,1723.463356,-0.991156,44.771916,723.463356,0.999997
2.0,1000,3,0.1,2175,2.014911,495.184802,1701.633108,0.014911,-504.815198,701.633108,0.981374
2.0,1000,3,0.1,2176,0.953403,766.242612,1857.041232,-1.046597,-233.757388,857.041232,1.000000
2.0,1000,3,0.1,2177,2.309484,456.290920,1561.755723,0.309484,-543.709080,561.755723,0.849287
2.0,1000,3,0.1,2178,0.233783,146.882091,1263.010732,-1.766217,-853.117909,263.010732,0.995850
2.0,1000,3,0.1,2179,2.038875,1893.455315,464.295623,0.038875,893.455315,-535.704377,0.969410
2.0,1000,3,0.1,2180,2.305655,951.442939,1263.942668,0.305655,-48.557061,263.942668,0.841452
2.0,1000,3,0.1,2181,2.350122,1098.320812,700.905514,0.350122,98.320812,-299.094486,0.809792
2.0,1000,3,0.1,2182,2.280181,418.098992,1628.386419,0.280181,-581.901008,628.386419,0.866834
2.0,1000,3,0.1,2183,2.128710,1124.922168,887.788323,0.128710,124.922168,-112.211677,0.936576
2.0,1000,3,0.1,2184,0.744831,1076.083341,1412.641864,-1.255169,76.083341,412.641864,1.000000
2.0,1000,3,0.1,2185,2.017041,416.550547,1657.417824,0.017041,-583.449453,657.417824,0.982158
2.0,1000,3,0.1,2186,0.334147,157.693574,1142.977029,-1.665853,-842.306426,142.977029,1.000000
2.0,1000,3,0.1,2187,1.981030,996.943116,1010.992792,-0.018970,-3.056884,10.992792,0.985125
2.0,1000,3,0.1,2188,NaN,NaN,NaN,NaN,NaN,NaN,NaN
2.0,1000,3,0.1,2189,1.906743,1086.813823,1237.527555,-0.093257,86.813823,237.527555,0.997322
2.0,1000,3,0.1,2190,1.913943,1700.488308,573.922254,-0.086057,700.488308,-426.077746,0.996299
2.0,1000,3,0.1,2191,1.996743,2315.542755,189.136136,-0.003257,1315.542755,-810.863864,0.981063
2.0,1000,3,0.1,2192,0.314804,152.067848,1459.671169,-1.685196,-847.932152,459.671169,0.999998
2.0,1000,3,0.1,2193,1.994085,523.942389,1646.604658,-0.005915,-476.057611,646.604658,0.984276
2.0,1000,3,0.1,2194,0.844764,249.715928,1668.981980,-1.155236,-750.284072,668.981980,0.999436
2.0,1000,3,0.1,2195,2.355666,1078.073173,1223.272843,0.355666,78.073173,223.272843,0.806781
2.0,1000,3,0.1,2196,0.257593,156.584644,1846.285831,-1.742407,-843.415356,846.285831,0.999543
2.0,1000,3,0.1,2197,1.972524,914.140418,1232.203811,-0.027476,-85.859582,232.203811,0.987428
2.0,1000,3,0.1,2198,0.485138,389.199804,1683.135938,-1.514862,-610.800196,683.135938,0.998196
2.0,1000,3,0.1,2199,0.724957,588.335715,1881.584105,-1.275043,-411.664285,881.584105,0.999817
2.0,1000,3,0.1,2200,2.230067,1499.277484,827.094646,0.230067,499.277484,-172.905354,0.885684
2.0,1000,3,0.1,2201,2.055752,1134.217067,789.591262,0.055752,134.217067,-210.408738,0.964309
2.0,1000,3,0.1,2202,1.990980,1113.154658,760.310614,-0.009020,113.154658,-239.689386,0.982806
2.0,1000,3,0.1,2203,0.433109,207.872392,1203.112489,-1.566891,-792.127608,203.112489,1.000000
2.0,1000,3,0.1,2204,1.999540,929.206585,1114.723880,-0.000460,-70.793415,114.723880,0.980810
2.0,1000,3,0.1,2205,0.274303,168.582005,1930.609877,-1.725697,-831.417995,930.609877,0.999934
2.0,1000,3,0.1,2206,2.333091,1010.688169,572.434578,0.333091,10.688169,-427.565422,0.821795
2.0,1000,3,0.1,2207,2.297378,1925.369467,453.665498,0.297378,925.369467,-546.334502,0.844976
2.0,1000,3,0.1,2208,0.800278,607.410481,1051.924700,-1.199722,-392.589519,51.924700,0.999999
2.0,1000,3,0.1,2209,0.492961,174.529509,1861.948182,-1.507039,-825.470491,861.948182,1.000000
2.0,1000,3,0.1,2210,2.078823,804.980363,1614.875412,0.078823,-195.019637,614.875412,0.958435
2.0,1000,3,0.1,2211,2.263968,383.954715,1563.824141,0.263968,-616.045285,563.824141,0.881522
2.0,1000,3,0.1,2212,2.227890,1020.380159,911.442656,0.227890,20.380159,-88.557344,0.887340
2.0,1000,3,0.1,2213,2.006994,948.354909,1180.463787,0.006994,-51.645091,180.463787,0.979341
2.0,1000,3,0.1,2214,2.057688,1377.351590,952.085470,0.057688,377.351590,-47.914530,0.963689
2.0,1000,3,0.1,2215,1.946853,349.747749,1375.487663,-0.053147,-650.252251,375.487663,0.995090
2.0,1000,3,0.1,2216,1.081614,738.181529,1516.117744,-0.918386,-261.818471,516.117744,0.999993
2.0,1000,3,0.1,2217,2.134174,1238.383614,885.024743,0.134174,238.383614,-114.975257,0.933850
2.0,1000,3,0.1,2218,2.229258,1045.847792,821.349342,0.229258,45.847792,-178.650658,0.886580
2.0,1000,3,0.1,2219,0.350009,318.512467,1315.640592,-1.649991,-681.487533,315.640592,1.000000
2.0,1000,3,0.1,2220,0.854626,247.237907,1267.510194,-1.145374,-752.762093,267.510194,0.999570
2.0,1000,3,0.1,2221,0.544515,598.663250,1302.546334,-1.455485,-401.336750,302.546334,0.999252
2.0,1000,3,0.1,2222,2.414715,853.081498,800.952998,0.414715,-146.918502,-199.047002,0.763064
2.0,1000,3,0.1,2223,2.137696,1703.709291,895.686004,0.137696,703.709291,-104.313996,0.932335
2.0,1000,3,0.1,2224,1.937613,835.673843,810.574299,-0.062387,-164.326157,-189.425701,0.993386
2.0,1000,3,0.1,2225,0.732036,504.191417,1099.767849,-1.267964,-495.808583,99.767849,0.999986
2.0,1000,3,0.1,2226,2.244349,590.876474,1204.471896,0.244349,-409.123526,204.471896,0.881694
2.0,1000,3,0.1,2227,0.822854,612.902441,1449.056952,-1.177146,-387.097559,449.056952,0.999996
2.0,1000,3,0.1,2228,2.304833,330.454985,1317.806407,0.304833,-669.545015,317.806407,0.854958
2.0,1000,3,0.1,2229,2.034730,1586.017785,575.490450,0.034730,586.017785,-424.509550,0.970688
2.0,1000,3,0.1,2230,1.993165,1267.703341,452.505033,-0.006835,267.703341,-547.494967,0.982014
2.0,1000,3,0.1,2231,0.373238,299.944434,1189.291250,-1.626762,-700.055566,189.291250,1.000000
2.0,1000,3,0.1,2232,2.390566,393.254593,1044.666047,0.390566,-606.745407,44.666047,0.789512
2.0,1000,3,0.1,2233,2.099863,1347.250884,605.475914,0.099863,347.250884,-394.524086,0.948021
2.0,1000,3,0.1,2234,0.863277,456.058995,1143.784492,-1.136723,-543.941005,143.784492,0.999998
2.0,1000,3,0.1,2235,2.063512,1181.404600,689.528626,0.063512,181.404600,-310.471374,0.961499
2.0,1000,3,0.1,2236,1.912089,907.298670,1012.017803,-0.087911,-92.701330,12.017803,0.996736
2.0,1000,3,0.1,2237,2.342738,1859.023025,552.105349,0.342738,859.023025,-447.894651,0.814608
2.0,1000,3,0.1,2238,0.511922,18.428114,1432.355411,-1.488078,-981.571886,432.355411,0.999991
2.0,1000,3,0.1,2239,1.311307,549.742709,1147.150696,-0.688693,-450.257291,147.150696,0.999983
2.0,1000,3,0.1,2240,0.976929,647.188020,1527.709229,-1.023071,-352.811980,527.709229,0.999999
2.0,1000,3,0.1,2241,0.767622,1082.688311,1100.349633,-1.232378,82.688311,100.349633,1.000000
2.0,1000,3,0.1,2242,2.154968,334.267727,1531.188400,0.154968,-665.732273,531.188400,0.933082
2.0,1000,3,0.1,2243,NaN,NaN,NaN,NaN,NaN,NaN,NaN
2.0,1000,3,0.1,2244,2.338835,133.969022,1762.998095,0.338835,-866.030978,762.998095,0.971201
2.0,1000,3,0.1,2245,2.339591,2098.720018,176.377702,0.339591,1098.720018,-823.622298,0.816554
2.0,1000,3,0.1,2246,1.604143,301.779030,1312.487035,-0.395857,-698.220970,312.487035,0.999908
2.0,1000,3,0.1,2247,0.503314,250.157949,1716.051696,-1.496686,-749.842051,716.051696,1.000000
2.0,1000,3,0.1,2248,2.435979,280.972850,1446.760792,0.435979,-719.027150,446.760792,0.778778
2.0,1000,3,0.1,2249,1.043265,1379.336057,1029.220261,-0.956735,379.336057,29.220261,0.999998
2.0,1000,3,0.1,2250,0.334152,159.554036,1773.153574,-1.665848,-840.445964,773.153574,0.999999
2.0,1000,3,0.1,2251,2.142157,1335.126488,569.977103,0.142157,335.126488,-430.022897,0.930217
2.0,1000,3,0.1,2252,0.780596,932.835519,1610.774647,-1.219404,-67.164481,610.774647,0.999999
2.0,1000,3,0.1,2253,1.104754,729.824355,1559.266476,-0.895246,-270.175645,559.266476,0.999991
2.0,1000,3,0.1,2254,2.323132,870.196857,1115.011880,0.323132,-129.803143,115.011880,0.830392
2.0,1000,3,0.1,2255,0.486178,324.887103,1501.247451,-1.513822,-675.112897,501.247451,0.998202
2.0,1000,3,0.1,2256,2.296540,1230.215056,1092.484720,0.296540,230.215056,92.484720,0.846494
2.0,1000,3,0.1,2257,0.868717,894.984302,1144.771561,-1.131283,-105.015698,144.771561,0.999999
2.0,1000,3,0.1,2258,2.507073,167.665071,1393.513216,0.507073,-832.334929,393.513216,0.772703
2.0,1000,3,0.1,2259,0.633617,702.392984,1146.937389,-1.366383,-297.607016,146.937389,0.999976
2.0,1000,3,0.1,2260,0.591834,326.451874,1256.511408,-1.408166,-673.548126,256.511408,0.999768
2.0,1000,3,0.1,2261,0.767626,927.896336,967.918336,-1.232374,-72.103664,-32.081664,1.000000
2.0,1000,3,0.1,2262,2.051145,572.930174,2106.481720,0.051145,-427.069826,1106.481720,0.970547
2.0,1000,3,0.1,2263,2.302357,564.490330,1123.573008,0.302357,-435.509670,123.573008,0.845026
2.0,1000,3,0.1,2264,1.964204,382.335553,1705.954175,-0.035796,-617.664447,705.954175,0.991537
2.0,1000,3,0.1,2265,0.331592,49.701094,1844.275671,-1.668408,-950.298906,844.275671,0.999790
2.0,1000,3,0.1,2266,1.947219,987.323169,1476.014212,-0.052781,-12.676831,476.014212,0.992217
2.0,1000,3,0.1,2267,1.965035,740.959269,1167.557944,-0.034965,-259.040731,167.557944,0.988880
2.0,1000,3,0.1,2268,0.266672,162.770480,1544.711442,-1.733328,-837.229520,544.711442,0.999945
2.0,1000,3,0.1,2269,2.204382,552.333080,1273.730079,0.204382,-447.666920,273.730079,0.904604
2.0,1000,3,0.1,2270,2.085631,44.445405,2045.442809,0.085631,-955.554595,1045.442809,0.943990
2.0,1000,3,0.1,2271,1.908042,1823.122105,397.061510,-0.091958,823.122105,-602.938490,0.996921
2.0,1000,3,0.1,2272,2.210109,1383.848944,452.800512,0.210109,383.848944,-547.199488,0.896587
2.0,1000,3,0.1,2273,0.345596,233.383659,1414.026669,-1.654404,-766.616341,414.026669,1.000000
2.0,1000,3,0.1,2274,2.018606,711.819991,1430.137586,0.018606,-288.180009,430.137586,0.977351
2.0,1000,3,0.1,2275,1.611138,1546.929897,805.260730,-0.388862,546.929897,-194.739270,0.999992
2.0,1000,3,0.1,2276,2.369009,1508.055393,555.048831,0.369009,508.055393,-444.951169,0.795937
2.0,1000,3,0.1,2277,0.502250,140.743649,1511.494682,-1.497750,-859.256351,511.494682,1.000000
2.0,1000,3,0.1,2278,0.929485,677.800644,1402.765327,-1.070515,-322.199356,402.765327,0.999999
2.0,1000,3,0.1,2279,2.420433,1117.111566,560.178532,0.420433,117.111566,-439.821468,0.757479
2.0,1000,3,0.1,2280,2.330490,1283.986446,1264.666379,0.330490,283.986446,264.666379,0.824139
2.0,1000,3,0.1,2281,0.366826,372.703091,1543.658085,-1.633174,-627.296909,543.658085,1.000000
2.0,1000,3,0.1,2282,0.866510,402.398439,1456.696769,-1.133490,-597.601561,456.696769,0.999971
2.0,1000,3,0.1,2283,0.608407,216.821420,2022.119415,-1.391593,-783.178580,1022.119415,1.000000
2.0,1000,3,0.1,2284,2.028456,1228.140535,977.136615,0.028456,228.140535,-22.863385,0.972950
2.0,1000,3,0.1,2285,2.494882,165.892737,1816.021706,0.494882,-834.107263,816.021706,0.786881
2.0,1000,3,0.1,2286,1.126800,442.272947,1121.996901,-0.873200,-557.727053,121.996901,0.999991
2.0,1000,3,0.1,2287,2.077404,2225.763773,491.470495,0.077404,1225.763773,-508.529505,0.956366
2.0,1000,3,0.1,2288,0.250905,207.707301,1610.260590,-1.749095,-792.292699,610.260590,0.999919
2.0,1000,3,0.1,2289,0.322938,86.009816,2236.617283,-1.677062,-913.990184,1236.617283,0.999909
2.0,1000,3,0.1,2290,0.483297,362.699084,1681.038129,-1.516703,-637.300916,681.038129,0.999416
2.0,1000,3,0.1,2291,2.006902,674.855699,1275.238219,0.006902,-325.144301,275.238219,0.979830
2.0,1000,3,0.1,2292,0.809999,400.076658,1834.144070,-1.190001,-599.923342,834.144070,0.999575
2.0,1000,3,0.1,2293,1.921548,1249.513327,597.117506,-0.078452,249.513327,-402.882494,0.995421
2.0,1000,3,0.1,2294,0.335830,158.878747,1376.357259,-1.664170,-841.121253,376.357259,1.000000
2.0,1000,3,0.1,2295,2.395286,1553.483810,272.501355,0.395286,553.483810,-727.498645,0.776172
2.0,1000,3,0.1,2296,0.792898,200.386720,1661.649648,-1.207102,-799.613280,661.649648,0.999997
2.0,1000,3,0.1,2297,1.198975,903.400281,1019.591968,-0.801025,-96.599719,19.591968,0.999994
2.0,1000,3,0.1,2298,2.319989,157.139463,1288.608755,0.319989,-842.860537,288.608755,0.892222
2.0,1000,3,0.1,2299,2.060078,1474.687646,617.814311,0.060078,474.687646,-382.185689,0.962599
2.0,1000,3,0.1,2300,2.416037,122.592392,1421.439001,0.416037,-877.407608,421.439001,0.888850
2.0,1000,3,0.1,2301,0.334013,99.804870,1559.857581,-1.665987,-900.195130,559.857581,0.999995
2.0,1000,3,0.1,2302,1.893300,821.909208,834.194978,-0.106700,-178.090792,-165.805022,0.998400
2.0,1000,3,0.1,2303,0.611553,631.090285,1304.539231,-1.388447,-368.909715,304.539231,0.999905
2.0,1000,3,0.1,2304,2.161178,592.021342,1072.471811,0.161178,-407.978658,72.471811,0.923965
2.0,1000,3,0.1,2305,0.556216,288.021630,2036.129553,-1.443784,-711.978370,1036.129553,0.999998
2.0,1000,3,0.1,2306,0.839951,281.093699,1586.244622,-1.160049,-718.906301,586.244622,0.999277
2.0,1000,3,0.1,2307,0.483786,370.366701,1797.471618,-1.516214,-629.633299,797.471618,1.000000
2.0,1000,3,0.1,2308,1.908329,304.445732,1295.176657,-0.091671,-695.554268,295.176657,0.998824
2.0,1000,3,0.1,2309,2.326586,1401.057193,598.454086,0.326586,401.057193,-401.545914,0.825855
2.0,1000,3,0.1,2310,2.360576,455.152785,1412.585883,0.360576,-544.847215,412.585883,0.813583
2.0,1000,3,0.1,2311,0.894819,443.588005,1182.128036,-1.105181,-556.411995,182.128036,0.999998
2.0,1000,3,0.1,2312,1.098160,230.796051,1187.206784,-0.901840,-769.203949,187.206784,0.999998
2.0,1000,3,0.1,2313,NaN,NaN,NaN,NaN,NaN,NaN,NaN
2.0,1000,3,0.1,2314,1.940262,755.522788,1044.012811,-0.059738,-244.477212,44.012811,0.993178
2.0,1000,3,0.1,2315,2.371094,1032.858305,887.485530,0.371094,32.858305,-112.514470,0.795536
2.0,1000,3,0.1,2316,0.435033,453.075668,1475.461689,-1.564967,-546.924332,475.461689,0.998825
2.0,1000,3,0.1,2317,2.205924,710.277848,1543.813166,0.205924,-289.722152,543.813166,0.901731
2.0,1000,3,0.1,2318,2.033470,1933.745569,307.441240,0.033470,933.745569,-692.558760,0.970994
2.0,1000,3,0.1,2319,2.287413,1370.934674,751.153181,0.287413,370.934674,-248.846819,0.851592
2.0,1000,3,0.1,2320,1.112453,323.615569,1772.495313,-0.887547,-676.384431,772.495313,0.999999
2.0,1000,3,0.1,2321,2.000618,894.259431,868.050538,0.000618,-105.740569,-131.949462,0.980666
2.0,1000,3,0.1,2322,1.107872,236.803429,1370.785369,-0.892128,-763.196571,370.785369,1.000000
2.0,1000,3,0.1,2323,2.279970,1771.707611,586.056791,0.279970,771.707611,-413.943209,0.856139
2.0,1000,3,0.1,2324,0.333392,25.978628,1487.598333,-1.666608,-974.021372,487.598333,0.990574
2.0,1000,3,0.1,2325,1.896757,1789.746983,595.748961,-0.103243,789.746983,-404.251039,0.998005
2.0,1000,3,0.1,2326,0.454981,421.135505,1638.178383,-1.545019,-578.864495,638.178383,0.999885
2.0,1000,3,0.1,2327,0.525006,259.165441,1714.254387,-1.474994,-740.834559,714.254387,1.000000
2.0,1000,3,0.1,2328,0.645839,337.577121,1812.499269,-1.354161,-662.422879,812.499269,0.999974
2.0,1000,3,0.1,2329,2.126742,293.460113,1169.957818,0.126742,-706.539887,169.957818,0.946901
2.0,1000,3,0.1,2330,0.745574,550.106720,1695.490632,-1.254426,-449.893280,695.490632,0.999958
2.0,1000,3,0.1,2331,2.281625,1038.349568,862.555664,0.281625,38.349568,-137.444336,0.855630
2.0,1000,3,0.1,2332,0.793309,523.259682,1438.709968,-1.206691,-476.740318,438.709968,0.999975
2.0,1000,3,0.1,2333,1.013692,1185.059106,803.252479,-0.986308,185.059106,-196.747521,0.999998
2.0,1000,3,0.1,2334,0.602824,207.598216,1885.602338,-1.397176,-792.401784,885.602338,1.000000
2.0,1000,3,0.1,2335,2.221296,1031.195548,880.069111,0.221296,31.195548,-119.930889,0.891280
2.0,1000,3,0.1,2336,0.337930,295.269896,1628.854760,-1.662070,-704.730104,628.854760,1.000000
2.0,1000,3,0.1,2337,2.109364,498.085922,1683.938095,0.109364,-501.914078,683.938095,0.951264
2.0,1000,3,0.1,2338,0.736610,339.252769,1455.428378,-1.263390,-660.747231,455.428378,0.999250
2.0,1000,3,0.1,2339,2.154298,1541.924557,605.672859,0.154298,541.924557,-394.327141,0.924517
2.0,1000,3,0.1,2340,1.915055,2277.135051,301.215870,-0.084945,1277.135051,-698.784130,0.996133
2.0,1000,3,0.1,2341,0.917765,282.526476,1583.272903,-1.082235,-717.473524,583.272903,0.999652
2.0,1000,3,0.1,2342,0.431185,318.132805,1579.064741,-1.568815,-681.867195,579.064741,1.000000
2.0,1000,3,0.1,2343,2.125121,1195.009012,706.996522,0.125121,195.009012,-293.003478,0.937804
2.0,1000,3,0.1,2344,1.148238,680.730885,1068.583382,-0.851762,-319.269115,68.583382,0.999993
2.0,1000,3,0.1,2345,1.969946,751.334832,1249.620849,-0.030054,-248.665168,249.620849,0.988222
2.0,1000,3,0.1,2346,2.147008,1316.494734,442.328478,0.147008,316.494734,-557.671522,0.927874
2.0,1000,3,0.1,2347,1.939435,630.876909,1223.701432,-0.060565,-369.123091,223.701432,0.993639
2.0,1000,3,0.1,2348,1.860069,1227.118236,1058.021659,-0.139931,227.118236,58.021659,0.999928
2.0,1000,3,0.1,2349,0.746848,354.754623,1563.338355,-1.253152,-645.245377,563.338355,0.999256
2.0,1000,3,0.1,2350,0.729943,728.538424,1583.847151,-1.270057,-271.461576,583.847151,0.999986
2.0,1000,3,0.1,2351,1.962827,856.880064,1321.959874,-0.037173,-143.119936,321.959874,0.989274
2.0,1000,3,0.1,2352,1.509617,565.661541,1105.070029,-0.490383,-434.338459,105.070029,0.999972
2.0,1000,3,0.1,2353,2.080392,749.912829,1257.153350,0.080392,-250.087171,257.153350,0.957242
2.0,1000,3,0.1,2354,2.147427,1041.021450,898.170645,0.147427,41.021450,-101.829355,0.928424
2.0,1000,3,0.1,2355,2.155295,1868.841612,501.700949,0.155295,868.841612,-498.299051,0.924044
2.0,1000,3,0.1,2356,0.639044,171.836646,1676.606046,-1.360956,-828.163354,676.606046,0.999289
2.0,1000,3,0.1,2357,0.975233,530.253168,1105.187513,-1.024767,-469.746832,105.187513,0.999998
2.0,1000,3,0.1,2358,1.886490,728.892762,1050.812050,-0.113510,-271.107238,50.812050,0.999010
2.0,1000,3,0.1,2359,0.340229,65.201637,2513.626348,-1.659771,-934.798363,1513.626348,0.999858
2.0,1000,3,0.1,2360,1.672173,702.932017,913.100030,-0.327827,-297.067983,-86.899970,0.999972
2.0,1000,3,0.1,2361,1.922503,1109.627983,786.270038,-0.077497,109.627983,-213.729962,0.995345
2.0,1000,3,0.1,2362,2.303387,1870.066599,538.498624,0.303387,870.066599,-461.501376,0.841195
2.0,1000,3,0.1,2363,1.543081,1169.890014,779.952887,-0.456919,169.890014,-220.047113,0.999993
2.0,1000,3,0.1,2364,0.488233,78.618255,1775.823511,-1.511767,-921.381745,775.823511,1.000000
2.0,1000,3,0.1,2365,1.572890,943.414847,973.454636,-0.427110,-56.585153,-26.545364,0.999983
2.0,1000,3,0.1,2366,2.201781,1507.423697,1007.453299,0.201781,507.423697,7.453299,0.901243
2.0,1000,3,0.1,2367,0.822998,232.315549,1148.260081,-1.177002,-767.684451,148.260081,0.999510
2.0,1000,3,0.1,2368,0.915477,393.939010,1824.265155,-1.084523,-606.060990,824.265155,0.999942
2.0,1000,3,0.1,2369,2.061281,563.231570,2256.526808,0.061281,-436.768430,1256.526808,0.970235
2.0,1000,3,0.1,2370,0.800233,107.034987,1643.160669,-1.199767,-892.965013,643.160669,0.997773
2.0,1000,3,0.1,2371,1.917428,743.991450,1056.643299,-0.082572,-256.008550,56.643299,0.996159
2.0,1000,3,0.1,2372,2.388072,1763.145421,430.538444,0.388072,763.145421,-569.461556,0.781744
2.0,1000,3,0.1,2373,0.519826,299.126834,1704.789523,-1.480174,-700.873166,704.789523,0.998957
2.0,1000,3,0.1,2374,2.192154,1929.396401,542.345082,0.192154,929.396401,-457.654918,0.905932
2.0,1000,3,0.1,2375,0.291206,58.024747,1944.308062,-1.708794,-941.975253,944.308062,0.990527
2.0,1000,3,0.1,2376,0.274452,72.625417,1646.518628,-1.725548,-927.374583,646.518628,0.993227
2.0,1000,3,0.1,2377,0.445081,159.878691,1218.014468,-1.554919,-840.121309,218.014468,1.000000
2.0,1000,3,0.1,2378,2.267905,991.938708,1133.828630,0.267905,-8.061292,133.828630,0.864530
2.0,1000,3,0.1,2379,0.404593,421.835554,1080.134096,-1.595407,-578.164446,80.134096,0.999504
2.0,1000,3,0.1,2380,2.038761,1567.711634,1176.833748,0.038761,567.711634,176.833748,0.969745
2.0,1000,3,0.1,2381,1.450028,966.843581,1130.402136,-0.549972,-33.156419,130.402136,0.999987
2.0,1000,3,0.1,2382,2.086579,1096.678744,1537.869843,0.086579,96.678744,537.869843,0.954391
2.0,1000,3,0.1,2383,0.269921,337.110975,1263.497906,-1.730079,-662.889025,263.497906,0.999999
2.0,1000,3,0.1,2384,0.702570,435.140845,1467.403493,-1.297430,-564.859155,467.403493,0.999599
2.0,1000,3,0.1,2385,2.006569,1201.571605,1516.566667,0.006569,201.571605,516.566667,0.979461
2.0,1000,3,0.1,2386,1.986889,1598.679638,831.747283,-0.013111,598.679638,-168.252717,0.983661
2.0,1000,3,0.1,2387,2.245694,1028.648854,764.229557,0.245694,28.648854,-235.770443,0.877353
2.0,1000,3,0.1,2388,NaN,NaN,NaN,NaN,NaN,NaN,NaN
2.0,1000,3,0.1,2389,1.878441,909.481908,713.185147,-0.121559,-90.518092,-286.814853,0.999322
2.0,1000,3,0.1,2390,2.002479,708.678445,1514.987971,0.002479,-291.321555,514.987971,0.980887
2.0,1000,3,0.1,2391,2.200168,1320.258128,1115.973323,0.200168,320.258128,115.973323,0.902469
2.0,1000,3,0.1,2392,0.378581,291.467583,1324.879771,-1.621419,-708.532417,324.879771,1.000000
2.0,1000,3,0.1,2393,2.193416,1502.295896,547.423281,0.193416,502.295896,-452.576719,0.905261
2.0,1000,3,0.1,2394,0.920819,298.219182,1941.658781,-1.079181,-701.780818,941.658781,0.999382
2.0,1000,3,0.1,2395,2.372486,1294.500544,839.120040,0.372486,294.500544,-160.879960,0.794055
2.0,1000,3,0.1,2396,0.535235,106.185653,1312.682160,-1.464765,-893.814347,312.682160,1.000000
2.0,1000,3,0.1,2397,0.331631,43.664918,1982.698641,-1.668369,-956.335082,982.698641,0.998696
2.0,1000,3,0.1,2398,0.257434,133.388420,1502.743194,-1.742566,-866.611580,502.743194,0.999680
2.0,1000,3,0.1,2399,2.127237,840.233769,1384.451284,0.127237,-159.766231,384.451284,0.938806
2.0,1000,3,0.1,2400,2.093142,1107.241886,1265.255882,0.093142,107.241886,265.255882,0.951481
2.0,1000,3,0.1,2401,2.318539,1100.869578,1185.078664,0.318539,100.869578,185.078664,0.832711
2.0,1000,3,0.1,2402,1.914499,892.374698,1906.622848,-0.085501,-107.625302,906.622848,0.996809
2.0,1000,3,0.1,2403,0.458689,513.154776,1704.111840,-1.541311,-486.845224,704.111840,0.998913
2.0,1000,3,0.1,2404,0.495089,531.298829,1102.992577,-1.504911,-468.701171,102.992577,0.999508
2.0,1000,3,0.1,2405,1.295855,552.363676,1570.903622,-0.704145,-447.636324,570.903622,0.999979
2.0,1000,3,0.1,2406,2.172412,130.139630,1674.067755,0.172412,-869.860370,674.067755,0.998333
2.0,1000,3,0.1,2407,1.683741,1307.533068,1003.276283,-0.316259,307.533068,3.276283,0.999981
2.0,1000,3,0.1,2408,0.510487,231.322195,2087.291626,-1.489513,-768.677805,1087.291626,1.000000
2.0,1000,3,0.1,2409,2.154972,521.986449,1317.513351,0.154972,-478.013551,317.513351,0.928637
2.0,1000,3,0.1,2410,0.556998,518.663792,1453.862462,-1.443002,-481.336208,453.862462,0.999410
2.0,1000,3,0.1,2411,2.059311,321.883492,1493.824087,0.059311,-678.116508,493.824087,0.971189
2.0,1000,3,0.1,2412,2.512101,220.625748,1791.290326,0.512101,-779.374252,791.290326,0.759428
2.0,1000,3,0.1,2413,1.330618,622.774170,1370.688753,-0.669382,-377.225830,370.688753,0.999980
2.0,1000,3,0.1,2414,2.419823,1264.179466,584.008049,0.419823,264.179466,-415.991951,0.757767
2.0,1000,3,0.1,2415,1.422823,1664.042178,928.797048,-0.577177,664.042178,-71.202952,0.999994
2.0,1000,3,0.1,2416,0.405451,196.473412,1335.494183,-1.594549,-803.526588,335.494183,1.000000
2.0,1000,3,0.1,2417,1.494085,467.634998,1595.660665,-0.505915,-532.365002,595.660665,0.999947
2.0,1000,3,0.1,2418,0.883195,668.956549,1205.062381,-1.116805,-331.043451,205.062381,1.000000
2.0,1000,3,0.1,2419,0.459159,278.320234,1269.044751,-1.540841,-721.679766,269.044751,1.000000
2.0,1000,3,0.1,2420,0.611600,464.281368,1086.236123,-1.388400,-535.718632,86.236123,0.999701
2.0,1000,3,0.1,2421,2.232463,1384.983845,1495.712625,0.232463,384.983845,495.712625,0.885618
2.0,1000,3,0.1,2422,1.910527,1059.728207,703.994241,-0.089473,59.728207,-296.005759,0.996760
2.0,1000,3,0.1,2423,1.985694,907.399005,1230.967132,-0.014306,-92.600995,230.967132,0.984616
2.0,1000,3,0.1,2424,1.032750,328.856266,1351.836946,-0.967250,-671.143734,351.836946,0.999999
2.0,1000,3,0.1,2425,0.340886,263.496040,1753.565533,-1.659114,-736.503960,753.565533,1.000000
2.0,1000,3,0.1,2426,0.453453,432.006443,1999.154933,-1.546547,-567.993557,999.154933,1.000000
2.0,1000,3,0.1,2427,2.248011,1957.717229,517.983485,0.248011,957.717229,-482.016515,0.875291
2.0,1000,3,0.1,2428,2.078082,546.443188,1240.156243,0.078082,-453.556812,240.156243,0.959427
2.0,1000,3,0.1,2429,0.377654,77.806668,1494.680939,-1.622346,-922.193332,494.680939,0.999998
2.0,1000,3,0.1,2430,0.975556,179.089099,1938.062488,-1.024444,-820.910901,938.062488,0.999982
2.0,1000,3,0.1,2431,1.885576,1640.030062,1006.947311,-0.114424,640.030062,6.947311,0.998886
2.0,1000,3,0.1,2432,0.292937,212.611617,1756.379702,-1.707063,-787.388383,756.379702,0.999996
2.0,1000,3,0.1,2433,0.784456,387.436912,1625.671997,-1.215544,-612.563088,625.671997,0.999616
2.0,1000,3,0.1,2434,2.094161,868.446261,1175.451922,0.094161,-131.553739,175.451922,0.951428
2.0,1000,3,0.1,2435,1.991716,1453.163904,737.107367,-0.008284,453.163904,-262.892633,0.982469
2.0,1000,3,0.1,2436,0.537541,217.764279,1738.857401,-1.462459,-782.235721,738.857401,1.000000
2.0,1000,3,0.1,2437,2.117132,1138.551877,1052.514397,0.117132,138.551877,52.514397,0.941696
2.0,1000,3,0.1,2438,0.847488,558.940931,1782.478081,-1.152512,-441.059069,782.478081,0.999976
2.0,1000,3,0.1,2439,2.305658,1102.329904,1020.201020,0.305658,102.329904,20.201020,0.840858
2.0,1000,3,0.1,2440,0.600275,194.623164,1621.933863,-1.399725,-805.376836,621.933863,0.998740
2.0,1000,3,0.1,2441,2.134453,693.603786,949.354086,0.134453,-306.396214,-50.645914,0.935085
2.0,1000,3,0.1,2442,1.654404,881.497202,1168.538677,-0.345596,-118.502798,168.538677,0.999965
2.0,1000,3,0.1,2443,1.972108,254.365412,1300.333226,-0.027892,-745.634588,300.333226,0.993537
2.0,1000,3,0.1,2444,0.806860,63.326187,2311.775357,-1.193140,-936.673813,1311.775357,1.000000
2.0,1000,3,0.1,2445,2.204938,1117.909034,1483.694154,0.204938,117.909034,483.694154,0.900469
2.0,1000,3,0.1,2446,2.116213,1376.680922,1294.491450,0.116213,376.680922,294.491450,0.941979
2.0,1000,3,0.1,2447,2.028990,1076.629055,1186.797957,0.028990,76.629055,186.797957,0.972854
2.0,1000,3,0.1,2448,NaN,NaN,NaN,NaN,NaN,NaN,NaN
2.0,1000,3,0.1,2449,0.775456,456.043747,1126.225966,-1.224544,-543.956253,126.225966,0.999987
2.0,1000,3,0.1,2450,2.400167,1147.357074,891.167373,0.400167,147.357074,-108.832627,0.773466
2.0,1000,3,0.1,2451,0.282942,285.773756,1983.276260,-1.717058,-714.226244,983.276260,0.999997
2.0,1000,3,0.1,2452,2.150294,822.821477,1320.071644,0.150294,-177.178523,320.071644,0.927823
2.0,1000,3,0.1,2453,0.404183,305.297094,1319.807045,-1.595817,-694.702906,319.807045,1.000000
2.0,1000,3,0.1,2454,2.090380,1365.355907,563.970677,0.090380,365.355907,-436.029323,0.951607
2.0,1000,3,0.1,2455,1.875562,1395.017221,445.505285,-0.124438,395.017221,-554.494715,0.999413
2.0,1000,3,0.1,2456,2.236274,513.284069,878.671414,0.236274,-486.715931,-121.328586,0.885113
2.0,1000,3,0.1,2457,2.244161,2137.026503,427.493586,0.244161,1137.026503,-572.506414,0.877459
2.0,1000,3,0.1,2458,1.896477,182.239807,1599.816930,-0.103523,-817.760193,599.816930,0.999393
2.0,1000,3,0.1,2459,1.949213,1155.648451,830.549222,-0.050787,155.648451,-169.450778,0.991370
2.0,1000,3,0.1,2460,2.121463,2602.971748,72.643963,0.121463,1602.971748,-927.356037,0.938945
2.0,1000,3,0.1,2461,0.814997,1214.502638,1006.104739,-1.185003,214.502638,6.104739,1.000000
2.0,1000,3,0.1,2462,1.912967,1111.703997,1132.601795,-0.087033,111.703997,132.601795,0.996562
2.0,1000,3,0.1,2463,0.699732,105.365617,1739.059006,-1.300268,-894.634383,739.059006,1.000000
2.0,1000,3,0.1,2464,2.371142,1815.200588,605.221601,0.371142,815.200588,-394.778399,0.794530
2.0,1000,3,0.1,2465,1.878955,1374.741123,932.855296,-0.121045,374.741123,-67.144704,0.999284
2.0,1000,3,0.1,2466,1.135733,644.097985,1452.990210,-0.864267,-355.902015,452.990210,0.999990
2.0,1000,3,0.1,2467,1.939050,2622.188323,39.354161,-0.060950,1622.188323,-960.645839,0.992802
2.0,1000,3,0.1,2468,1.939540,402.241848,1579.082745,-0.060460,-597.758152,579.082745,0.995984
2.0,1000,3,0.1,2469,1.758996,1454.677047,560.175904,-0.241004,454.677047,-439.824096,0.999994
2.0,1000,3,0.1,2470,2.034907,334.854897,1375.603432,0.034907,-665.145103,375.603432,0.978192
2.0,1000,3,0.1,2471,1.951334,2305.517118,121.757829,-0.048666,1305.517118,-878.242171,0.990751
2.0,1000,3,0.1,2472,2.303770,1763.109947,571.138283,0.303770,763.109947,-428.861717,0.840855
2.0,1000,3,0.1,2473,1.964220,2005.153632,767.663648,-0.035780,1005.153632,-232.336352,0.988395
2.0,1000,3,0.1,2474,1.913209,973.135642,629.982296,-0.086791,-26.864358,-370.017704,0.996416
2.0,1000,3,0.1,2475,2.273273,641.159936,2253.234063,0.273273,-358.840064,1253.234063,0.872802
2.0,1000,3,0.1,2476,0.444134,113.569030,1825.462067,-1.555866,-886.430970,825.462067,1.000000
2.0,1000,3,0.1,2477,1.970415,272.013412,1559.585430,-0.029585,-727.986588,559.585430,0.993973
2.0,1000,3,0.1,2478,1.880354,702.159002,1045.505397,-0.119646,-297.840998,45.505397,0.999362
2.0,1000,3,0.1,2479,2.177278,994.105219,893.254910,0.177278,-5.894781,-106.745090,0.913956
2.0,1000,3,0.1,2480,2.309602,1956.524246,149.996708,0.309602,956.524246,-850.003292,0.836862
2.0,1000,3,0.1,2481,0.895996,31.858004,1649.382308,-1.104004,-968.141996,649.382308,1.000000
2.0,1000,3,0.1,2482,1.957777,464.855034,1622.333727,-0.042223,-535.144966,622.333727,0.992809
2.0,1000,3,0.1,2483,2.427848,385.656615,1651.236523,0.427848,-614.343385,651.236523,0.774793
2.0,1000,3,0.1,2484,2.121937,932.043003,1281.904181,0.121937,-67.956997,281.904181,0.940485
2.0,1000,3,0.1,2485,1.247859,893.056976,1092.765689,-0.752141,-106.943024,92.765689,0.999993
2.0,1000,3,0.1,2486,0.511148,444.097058,1170.362159,-1.488852,-555.902942,170.362159,0.999803
2.0,1000,3,0.1,2487,2.293308,212.846119,1046.480077,0.293308,-787.153881,46.480077,0.870736
2.0,1000,3,0.1,2488,2.124835,1819.642887,439.723149,0.124835,819.642887,-560.276851,0.937630
2.0,1000,3,0.1,2489,2.210833,1801.220165,515.695674,0.210833,801.220165,-484.304326,0.896167
2.0,1000,3,0.1,2490,1.002564,428.733993,1185.055434,-0.997436,-571.266007,185.055434,0.999997
2.0,1000,3,0.1,2491,2.303753,403.255921,1021.799573,0.303753,-596.744079,21.799573,0.846761
2.0,1000,3,0.1,2492,0.441085,179.510488,1390.442763,-1.558915,-820.489512,390.442763,1.000000
2.0,1000,3,0.1,2493,0.571854,467.523273,1047.825207,-1.428146,-532.476727,47.825207,0.999511
2.0,1000,3,0.1,2494,1.746319,657.571186,1306.728092,-0.253681,-342.428814,306.728092,0.999955
2.0,1000,3,0.1,2495,1.298352,1361.771842,788.582994,-0.701648,361.771842,-211.417006,0.999996
2.0,1000,3,0.1,2496,2.332946,512.973181,857.269621,0.332946,-487.026819,-142.730379,0.825050
2.0,1000,3,0.1,2497,2.108177,850.810210,1158.974262,0.108177,-149.189790,158.974262,0.946026
2.0,1000,3,0.1,2498,2.152353,1617.582608,1048.607849,0.152353,617.582608,48.607849,0.925854
2.0,1000,3,0.1,2499,1.905828,1331.509950,784.367421,-0.094172,331.509950,-215.632579,0.997234
2.0,1000,3,0.1,2500,0.790732,894.240533,1345.447817,-1.209268,-105.759467,345.447817,1.000000
2.0,1000,3,0.1,2501,1.972891,1322.653981,783.792304,-0.027109,322.653981,-216.207696,0.986795
2.0,1000,3,0.1,2502,0.461067,374.426234,1494.416535,-1.538933,-625.573766,494.416535,0.999340
2.0,1000,3,0.1,2503,0.292511,101.483046,1347.579324,-1.707489,-898.516954,347.579324,0.999980
2.0,1000,3,0.1,2504,2.165736,944.174212,862.484959,0.165736,-55.825788,-137.515041,0.919904
2.0,1000,3,0.1,2505,0.935893,1229.574729,757.756591,-1.064107,229.574729,-242.243409,0.999999
2.0,1000,3,0.1,2506,0.286359,88.469476,1945.745326,-1.713641,-911.530524,945.745326,0.999175
2.0,1000,3,0.1,2507,2.292349,370.935558,1478.997534,0.292349,-629.064442,478.997534,0.862694
2.0,1000,3,0.1,2508,0.686978,456.014774,1240.677281,-1.313022,-543.985226,240.677281,0.999894
2.0,1000,3,0.1,2509,1.089019,1151.507155,1209.254471,-0.910981,151.507155,209.254471,0.999996
2.0,1000,3,0.1,2510,0.514318,633.101539,1228.824986,-1.485682,-366.898461,228.824986,0.999256
2.0,1000,3,0.1,2511,2.132189,799.619993,951.544101,0.132189,-200.380007,-48.455899,0.935633
2.0,1000,3,0.1,2512,0.699445,652.811737,1338.421304,-1.300555,-347.188263,338.421304,0.999977
2.0,1000,3,0.1,2513,2.097306,1183.214236,1216.106234,0.097306,183.214236,216.106234,0.949433
2.0,1000,3,0.1,2514,1.315581,484.677808,1882.961573,-0.684419,-515.322192,882.961573,0.999963
2.0,1000,3,0.1,2515,NaN,NaN,NaN,NaN,NaN,NaN,NaN
2.0,1000,3,0.1,2516,1.757255,551.005019,1378.935580,-0.242745,-448.994981,378.935580,0.999922
2.0,1000,3,0.1,2517,1.972379,1927.136470,992.473100,-0.027621,927.136470,-7.526900,0.986859
2.0,1000,3,0.1,2518,1.940666,1766.109190,353.712216,-0.059334,766.109190,-646.287784,0.992576
2.0,1000,3,0.1,2519,1.831244,668.672176,1374.503542,-0.168756,-331.327824,374.503542,0.999924
2.0,1000,3,0.1,2520,2.316611,1285.503443,890.709884,0.316611,285.503443,-109.290116,0.833120
2.0,1000,3,0.1,2521,0.447390,150.924346,1351.455982,-1.552610,-849.075654,351.455982,1.000000
2.0,1000,3,0.1,2522,1.871774,988.855180,913.634963,-0.128226,-11.144820,-86.365037,0.999608
2.0,1000,3,0.1,2523,2.296704,759.714714,1174.569135,0.296704,-240.285286,174.569135,0.848523
2.0,1000,3,0.1,2524,1.460519,367.456253,925.132213,-0.539481,-632.543747,-74.867787,0.999961
2.0,1000,3,0.1,2525,1.272270,831.173735,1058.529164,-0.727730,-168.826265,58.529164,0.999992
2.0,1000,3,0.1,2526,0.400151,192.771521,1765.509260,-1.599849,-807.228479,765.509260,1.000000
2.0,1000,3,0.1,2527,1.860311,1461.031432,875.658220,-0.139689,461.031432,-124.341780,0.999915
2.0,1000,3,0.1,2528,NaN,NaN,NaN,NaN,NaN,NaN,NaN
2.0,1000,3,0.1,2529,2.037575,910.097559,770.979082,0.037575,-89.902441,-229.020918,0.970293
2.0,1000,3,0.1,2530,2.114943,1149.971887,728.257264,0.114943,149.971887,-271.742736,0.942131
2.0,1000,3,0.1,2531,2.226125,1836.837156,145.993880,0.226125,836.837156,-854.006120,0.887602
2.0,1000,3,0.1,2532,0.696624,382.126281,1410.699451,-1.303376,-617.873719,410.699451,0.999351
2.0,1000,3,0.1,2533,0.443224,212.923091,1561.162978,-1.556776,-787.076909,561.162978,1.000000
2.0,1000,3,0.1,2534,0.403778,141.233065,1345.413040,-1.596222,-858.766935,345.413040,1.000000
2.0,1000,3,0.1,2535,0.448942,225.631695,1448.275166,-1.551058,-774.368305,448.275166,1.000000
2.0,1000,3,0.1,2536,0.637479,512.471300,1370.756542,-1.362521,-487.528700,370.756542,0.999633
2.0,1000,3,0.1,2537,1.954061,475.788158,1509.940690,-0.045939,-524.211842,509.940690,0.992055
2.0,1000,3,0.1,2538,0.956904,407.543398,1458.897708,-1.043096,-592.456602,458.897708,0.999997
2.0,1000,3,0.1,2539,NaN,NaN,NaN,NaN,NaN,NaN,NaN
2.0,1000,3,0.1,2540,1.140404,656.453853,1362.384735,-0.859596,-343.546147,362.384735,0.999992
2.0,1000,3,0.1,2541,0.325738,261.125955,1579.606949,-1.674262,-738.874045,579.606949,1.000000
2.0,1000,3,0.1,2542,2.310967,1753.158381,527.108857,0.310967,753.158381,-472.891143,0.836064
2.0,1000,3,0.1,2543,1.913070,1338.654133,644.891095,-0.086930,338.654133,-355.108905,0.996437
2.0,1000,3,0.1,2544,0.323361,383.668077,1292.866076,-1.676639,-616.331923,292.866076,1.000000
2.0,1000,3,0.1,2545,NaN,NaN,NaN,NaN,NaN,NaN,NaN
2.0,1000,3,0.1,2546,1.919587,35.494087,2216.826637,-0.080413,-964.505913,1216.826637,0.995576
2.0,1000,3,0.1,2547,2.342592,945.531193,1281.146957,0.342592,-54.468807,281.146957,0.816343
2.0,1000,3,0.1,2548,2.051623,1127.960287,780.554490,0.051623,127.960287,-219.445510,0.965688
2.0,1000,3,0.1,2549,NaN,NaN,NaN,NaN,NaN,NaN,NaN
2.0,1000,3,0.1,2550,1.922081,934.907571,1631.382829,-0.077919,-65.092429,631.382829,0.995865
2.0,1000,3,0.1,2551,0.664664,579.298714,1876.257997,-1.335336,-420.701286,876.257997,0.999470
2.0,1000,3,0.1,2552,2.418036,1381.232459,666.861458,0.418036,381.232459,-333.138542,0.759062
2.0,1000,3,0.1,2553,1.359318,488.279720,1260.048134,-0.640682,-511.720280,260.048134,0.999975
2.0,1000,3,0.1,2554,NaN,NaN,NaN,NaN,NaN,NaN,NaN
2.0,1000,3,0.1,2555,2.250206,36.572063,1866.013928,0.250206,-963.427937,866.013928,0.873809
2.0,1000,3,0.1,2556,2.116342,1554.332498,639.711498,0.116342,554.332498,-360.288502,0.941303
2.0,1000,3,0.1,2557,1.866911,1360.733186,721.379854,-0.133089,360.733186,-278.620146,0.999754
2.0,1000,3,0.1,2558,1.596699,850.513536,929.156389,-0.403301,-149.486464,-70.843611,0.999985
2.0,1000,3,0.1,2559,0.295390,56.762853,1986.060067,-1.704610,-943.237147,986.060067,0.990808
2.0,1000,3,0.1,2560,0.775909,888.456702,1078.579671,-1.224091,-111.543298,78.579671,1.000000
2.0,1000,3,0.1,2561,2.202779,1232.303173,880.640931,0.202779,232.303173,-119.359069,0.900821
2.0,1000,3,0.1,2562,2.174157,472.598221,1218.473514,0.174157,-527.401779,218.473514,0.920527
2.0,1000,3,0.1,2563,1.961078,1558.637825,545.451493,-0.038922,558.637825,-454.548507,0.989039
2.0,1000,3,0.1,2564,0.529036,321.396819,1897.636848,-1.470964,-678.603181,897.636848,0.997921
2.0,1000,3,0.1,2565,2.207159,489.230461,1050.363729,0.207159,-510.769539,50.363729,0.901675
2.0,1000,3,0.1,2566,0.290162,225.524965,1334.995451,-1.709838,-774.475035,334.995451,0.999999
2.0,1000,3,0.1,2567,2.012905,1012.250075,1084.303335,0.012905,12.250075,84.303335,0.977590
2.0,1000,3,0.1,2568,0.618649,411.690056,1027.270262,-1.381351,-588.309944,27.270262,0.999635
2.0,1000,3,0.1,2569,1.004481,681.301562,1440.907937,-0.995519,-318.698438,440.907937,0.999998
2.0,1000,3,0.1,2570,0.572798,793.847671,1420.067450,-1.427202,-206.152329,420.067450,0.999880
2.0,1000,3,0.1,2571,2.273954,551.853394,903.536727,0.273954,-448.146606,-96.463273,0.862352
2.0,1000,3,0.1,2572,1.455933,732.580412,838.547220,-0.544067,-267.419588,-161.452780,0.999985
2.0,1000,3,0.1,2573,2.019147,2126.736161,254.761386,0.019147,1126.736161,-745.238614,0.975164
2.0,1000,3,0.1,2574,0.719924,1078.067932,1306.867267,-1.280076,78.067932,306.867267,1.000000
2.0,1000,3,0.1,2575,1.091320,955.734653,1200.421145,-0.908680,-44.265347,200.421145,0.999996
2.0,1000,3,0.1,2576,0.660209,432.836111,1161.168786,-1.339791,-567.163889,161.168786,0.999770
2.0,1000,3,0.1,2577,0.639430,154.195653,1485.869624,-1.360570,-845.804347,485.869624,0.998156
2.0,1000,3,0.1,2578,0.773673,851.951667,1303.133574,-1.226327,-148.048333,303.133574,1.000000
2.0,1000,3,0.1,2579,0.502705,375.366492,1934.439938,-1.497295,-624.633508,934.439938,0.998755
2.0,1000,3,0.1,2580,1.477867,708.392459,1161.004748,-0.522133,-291.607541,161.004748,0.999980
2.0,1000,3,0.1,2581,1.922880,296.166662,1408.436802,-0.077120,-703.833338,408.436802,0.998545
2.0,1000,3,0.1,2582,0.473802,264.656229,1569.750666,-1.526198,-735.343771,569.750666,1.000000
2.0,1000,3,0.1,2583,1.907830,489.958011,927.830179,-0.092170,-510.041989,-72.169821,0.997297
2.0,1000,3,0.1,2584,2.248433,1233.236248,960.555126,0.248433,233.236248,-39.444874,0.875386
2.0,1000,3,0.1,2585,2.419325,987.507753,773.653063,0.419325,-12.492247,-226.346937,0.758412
2.0,1000,3,0.1,2586,2.318079,2000.226799,384.680581,0.318079,1000.226799,-615.319419,0.831301
2.0,1000,3,0.1,2587,0.324836,308.310945,1214.030413,-1.675164,-691.689055,214.030413,1.000000
2.0,1000,3,0.1,2588,0.333308,368.933767,1521.410923,-1.666692,-631.066233,521.410923,1.000000
2.0,1000,3,0.1,2589,0.893313,793.647261,1596.779444,-1.106687,-206.352739,596.779444,1.000000
2.0,1000,3,0.1,2590,2.392850,588.165588,1351.002072,0.392850,-411.834412,351.002072,0.785161
2.0,1000,3,0.1,2591,0.393486,243.552562,1458.000276,-1.606514,-756.447438,458.000276,1.000000
2.0,1000,3,0.1,2592,0.938090,371.120771,1329.140771,-1.061910,-628.879229,329.140771,0.999992
2.0,1000,3,0.1,2593,0.791620,448.039966,1610.147852,-1.208380,-551.960034,610.147852,0.999917
2.0,1000,3,0.1,2594,2.291481,734.708545,1908.978376,0.291481,-265.291455,908.978376,0.856179
2.0,1000,3,0.1,2595,1.870853,831.168064,1011.578578,-0.129147,-168.831936,11.578578,0.999708
2.0,1000,3,0.1,2596,2.006334,869.387283,1095.247504,0.006334,-130.612717,95.247504,0.979525
2.0,1000,3,0.1,2597,2.141614,592.176639,1280.223863,0.141614,-407.823361,280.223863,0.932742
2.0,1000,3,0.1,2598,0.522196,230.959516,1344.127370,-1.477804,-769.040484,344.127370,0.999392
2.0,1000,3,0.1,2599,2.108143,1460.411838,504.924665,0.108143,460.411838,-495.075335,0.944671
2.0,1000,3,0.1,2600,2.087509,1731.814065,596.819856,0.087509,731.814065,-403.180144,0.952740
2.0,1000,3,0.1,2601,1.257202,2075.252052,414.952796,-0.742798,1075.252052,-585.047204,0.999999
2.0,1000,3,0.1,2602,0.270502,143.995287,1499.520609,-1.729498,-856.004713,499.520609,0.999940
2.0,1000,3,0.1,2603,1.321267,936.376461,1738.390713,-0.678733,-63.623539,738.390713,0.999985
2.0,1000,3,0.1,2604,0.234589,124.798168,1402.889765,-1.765411,-875.201832,402.889765,0.992825
2.0,1000,3,0.1,2605,2.139374,222.903812,1756.582312,0.139374,-777.096188,756.582312,0.964278
2.0,1000,3,0.1,2606,1.856904,1589.344517,765.943887,-0.143096,589.344517,-234.056113,0.999966
2.0,1000,3,0.1,2607,0.256534,139.331219,1380.985045,-1.743466,-860.668781,380.985045,0.999907
2.0,1000,3,0.1,2608,0.894224,1227.120588,816.931414,-1.105776,227.120588,-183.068586,0.999999
2.0,1000,3,0.1,2609,1.504452,741.020198,1193.403191,-0.495548,-258.979802,193.403191,0.999971
2.0,1000,3,0.1,2610,2.166588,474.493918,1960.468356,0.166588,-525.506082,960.468356,0.931599
2.0,1000,3,0.1,2611,0.756752,500.876248,1619.941701,-1.243248,-499.123752,619.941701,0.999937
2.0,1000,3,0.1,2612,2.126150,1811.183553,634.586080,0.126150,811.183553,-365.413920,0.937190
2.0,1000,3,0.1,2613,0.304339,417.746945,1818.869102,-1.695661,-582.253055,818.869102,1.000000
2.0,1000,3,0.1,2614,0.763506,354.000249,1222.915162,-1.236494,-645.999751,222.915162,0.999867
2.0,1000,3,0.1,2615,NaN,NaN,NaN,NaN,NaN,NaN,NaN
2.0,1000,3,0.1,2616,0.405718,675.690890,1754.437448,-1.594282,-324.309110,754.437448,0.999623
2.0,1000,3,0.1,2617,1.941891,430.091577,1505.512583,-0.058109,-569.908423,505.512583,0.995053
2.0,1000,3,0.1,2618,1.862037,1121.459084,1240.816893,-0.137963,121.459084,240.816893,0.999916
2.0,1000,3,0.1,2619,2.043180,1573.649058,492.899411,0.043180,573.649058,-507.100589,0.968013
2.0,1000,3,0.1,2620,0.649522,467.041561,1584.208620,-1.350478,-532.958439,584.208620,0.999183
2.0,1000,3,0.1,2621,1.131785,818.797887,1485.725406,-0.868215,-181.202113,485.725406,0.999993
2.0,1000,3,0.1,2622,1.561982,487.857477,1344.552020,-0.438018,-512.142523,344.552020,0.999934
2.0,1000,3,0.1,2623,2.219245,1478.514501,517.335623,0.219245,478.514501,-482.664377,0.891651
2.0,1000,3,0.1,2624,1.657719,1425.549556,727.641900,-0.342281,425.549556,-272.358100,0.999993
2.0,1000,3,0.1,2625,1.069148,595.064169,1375.761798,-0.930852,-404.935831,375.761798,0.999995
2.0,1000,3,0.1,2626,0.408923,288.935361,1155.711077,-1.591077,-711.064639,155.711077,1.000000
2.0,1000,3,0.1,2627,0.322813,195.729663,1448.295614,-1.677187,-804.270337,448.295614,1.000000
2.0,1000,3,0.1,2628,2.146918,1336.399567,780.367787,0.146918,336.399567,-219.632213,0.927982
2.0,1000,3,0.1,2629,1.489203,965.603743,1264.920455,-0.510797,-34.396257,264.920455,0.999980
2.0,1000,3,0.1,2630,1.983340,2475.319113,144.397126,-0.016660,1475.319113,-855.602874,0.984271
2.0,1000,3,0.1,2631,0.234056,159.777901,1335.620773,-1.765944,-840.222099,335.620773,0.996569
2.0,1000,3,0.1,2632,0.532523,110.542219,1742.405746,-1.467477,-889.457781,742.405746,1.000000
2.0,1000,3,0.1,2633,0.776763,422.562333,1366.722955,-1.223237,-577.437667,366.722955,0.999956
2.0,1000,3,0.1,2634,0.961151,500.928328,1371.767050,-1.038849,-499.071672,371.767050,1.000000
2.0,1000,3,0.1,2635,0.586803,232.454119,1861.293849,-1.413197,-767.545881,861.293849,0.999717
2.0,1000,3,0.1,2636,0.244330,199.457678,1691.375900,-1.755670,-800.542322,691.375900,0.999651
2.0,1000,3,0.1,2637,1.855412,1821.907397,712.568852,-0.144588,821.907397,-287.431148,0.999980
2.0,1000,3,0.1,2638,1.989598,527.955205,1369.259304,-0.010402,-472.044795,369.259304,0.985435
2.0,1000,3,0.1,2639,0.356740,74.695210,1939.815846,-1.643260,-925.304790,939.815846,0.999986
2.0,1000,3,0.1,2640,0.754707,424.738570,1347.236939,-1.245293,-575.261430,347.236939,0.999954
2.0,1000,3,0.1,2641,2.377017,917.682649,1612.309261,0.377017,-82.317351,612.309261,0.793618
2.0,1000,3,0.1,2642,2.096046,239.966283,1159.299575,0.096046,-760.033717,159.299575,0.962212
2.0,1000,3,0.1,2643,2.294101,1268.617001,719.946268,0.294101,268.617001,-280.053732,0.847600
2.0,1000,3,0.1,2644,0.813732,389.718871,1168.016184,-1.186268,-610.281129,168.016184,0.999970
2.0,1000,3,0.1,2645,1.091950,1561.452198,808.544624,-0.908050,561.452198,-191.455376,0.999998
2.0,1000,3,0.1,2646,2.208614,1843.248683,406.254205,0.208614,843.248683,-593.745795,0.897177
2.0,1000,3,0.1,2647,1.091414,700.923443,1137.552375,-0.908586,-299.076557,137.552375,0.999995
2.0,1000,3,0.1,2648,2.343198,1198.756910,622.875170,0.343198,198.756910,-377.124830,0.814441
2.0,1000,3,0.1,2649,0.407286,612.093906,1569.318268,-1.592714,-387.906094,569.318268,0.998516
2.0,1000,3,0.1,2650,1.172979,922.972422,890.301386,-0.827021,-77.027578,-109.698614,0.999995
2.0,1000,3,0.1,2651,0.692675,345.964505,1492.590406,-1.307325,-654.035495,492.590406,0.999237
2.0,1000,3,0.1,2652,2.213514,1476.838453,878.575037,0.213514,476.838453,-121.424963,0.894990
2.0,1000,3,0.1,2653,1.278303,537.425248,1062.427778,-0.721697,-462.574752,62.427778,0.999986
2.0,1000,3,0.1,2654,0.249648,72.608729,1691.797142,-1.750352,-927.391271,691.797142,0.991705
2.0,1000,3,0.1,2655,2.212346,1019.737057,988.935153,0.212346,19.737057,-11.064847,0.895898
2.0,1000,3,0.1,2656,1.905931,696.511796,1404.546995,-0.094069,-303.488204,404.546995,0.997804
2.0,1000,3,0.1,2657,1.314506,841.448688,1476.134139,-0.685494,-158.551312,476.134139,0.999983
2.0,1000,3,0.1,2658,2.124766,1001.090874,1033.467827,0.124766,1.090874,33.467827,0.938216
2.0,1000,3,0.1,2659,2.123274,907.027171,1403.390636,0.123274,-92.972829,403.390636,0.940114
2.0,1000,3,0.1,2660,2.395230,1303.396645,754.035385,0.395230,303.396645,-245.964615,0.777072
2.0,1000,3,0.1,2661,2.321000,1012.764711,1021.201793,0.321000,12.764711,21.201793,0.831032
2.0,1000,3,0.1,2662,2.326710,534.454922,1522.551476,0.326710,-465.545078,522.551476,0.831433
2.0,1000,3,0.1,2663,0.719869,416.272583,1333.035784,-1.280131,-583.727417,333.035784,0.999788
2.0,1000,3,0.1,2664,2.090356,806.867655,1107.249117,0.090356,-193.132345,107.249117,0.953028
2.0,1000,3,0.1,2665,2.369054,1718.157807,540.800459,0.369054,718.157807,-459.199541,0.795997
2.0,1000,3,0.1,2666,0.444379,345.363256,1536.127770,-1.555621,-654.636744,536.127770,1.000000
2.0,1000,3,0.1,2667,2.392204,375.896634,1832.993029,0.392204,-624.103366,832.993029,0.804598
2.0,1000,3,0.1,2668,0.686588,725.785413,1404.047189,-1.313412,-274.214587,404.047189,0.999981
2.0,1000,3,0.1,2669,2.367332,1161.288448,937.143276,0.367332,161.288448,-62.856724,0.798259
2.0,1000,3,0.1,2670,1.950886,579.264762,1634.874617,-0.049114,-420.735238,634.874617,0.992822
2.0,1000,3,0.1,2671,0.578170,588.841709,1390.939576,-1.421830,-411.158291,390.939576,0.999438
2.0,1000,3,0.1,2672,NaN,NaN,NaN,NaN,NaN,NaN,NaN
2.0,1000,3,0.1,2673,1.930085,1270.005396,915.810127,-0.069915,270.005396,-84.189873,0.994365
2.0,1000,3,0.1,2674,0.484196,224.127380,1721.289977,-1.515804,-775.872620,721.289977,1.000000
2.0,1000,3,0.1,2675,0.360103,30.057667,1833.486920,-1.639897,-969.942333,833.486920,0.998969
2.0,1000,3,0.1,2676,0.367445,37.855510,2082.781301,-1.632555,-962.144490,1082.781301,0.999859
2.0,1000,3,0.1,2677,0.302603,303.780596,1585.333875,-1.697397,-696.219404,585.333875,1.000000
2.0,1000,3,0.1,2678,2.163028,858.736695,842.255744,0.163028,-141.263305,-157.744256,0.921250
2.0,1000,3,0.1,2679,0.366038,192.354375,1507.288902,-1.633962,-807.645625,507.288902,1.000000
2.0,1000,3,0.1,2680,0.645056,180.930895,2044.769582,-1.354944,-819.069105,1044.769582,1.000000
2.0,1000,3,0.1,2681,0.765103,462.246954,1249.147871,-1.234897,-537.753046,249.147871,0.999962
2.0,1000,3,0.1,2682,1.041107,216.286476,1561.578756,-0.958893,-783.713524,561.578756,0.999668
2.0,1000,3,0.1,2683,1.863480,712.304353,1007.394140,-0.136520,-287.695647,7.394140,0.999899
2.0,1000,3,0.1,2684,0.257518,122.245514,1713.065821,-1.742482,-877.754486,713.065821,0.997233
2.0,1000,3,0.1,2685,1.628857,1396.992537,1231.262851,-0.371143,396.992537,231.262851,0.999988
2.0,1000,3,0.1,2686,0.391017,336.803464,1569.906299,-1.608983,-663.196536,569.906299,1.000000
2.0,1000,3,0.1,2687,2.417690,898.586156,1247.822954,0.417690,-101.413844,247.822954,0.762064
2.0,1000,3,0.1,2688,2.129361,1771.930692,502.255911,0.129361,771.930692,-497.744089,0.935744
2.0,1000,3,0.1,2689,0.340282,276.746631,1345.496903,-1.659718,-723.253369,345.496903,1.000000
2.0,1000,3,0.1,2690,2.057520,830.677263,801.016690,0.057520,-169.322737,-198.983310,0.963899
2.0,1000,3,0.1,2691,1.884061,2196.179941,244.670395,-0.115939,1196.179941,-755.329605,0.998927
2.0,1000,3,0.1,2692,1.873047,1227.629234,502.937333,-0.126953,227.629234,-497.062667,0.999530
2.0,1000,3,0.1,2693,2.426598,1115.400952,922.924155,0.426598,115.400952,-77.075845,0.753263
2.0,1000,3,0.1,2694,1.925768,339.430029,1920.651270,-0.074232,-660.569971,920.651270,0.998506
2.0,1000,3,0.1,2695,2.393861,464.835291,1868.002112,0.393861,-535.164709,868.002112,0.795353
2.0,1000,3,0.1,2696,0.388384,318.361598,1718.876486,-1.611616,-681.638402,718.876486,1.000000
2.0,1000,3,0.1,2697,0.379786,474.335404,1366.963395,-1.620214,-525.664596,366.963395,1.000000
2.0,1000,3,0.1,2698,1.930120,619.798564,1356.742610,-0.069880,-380.201436,356.742610,0.995217
2.0,1000,3,0.1,2699,0.377373,277.516813,1777.721960,-1.622627,-722.483187,777.721960,1.000000
2.0,1000,3,0.1,2700,0.299498,208.929596,1280.363352,-1.700502,-791.070404,280.363352,0.999999
2.0,1000,3,0.1,2701,0.436252,71.636768,1777.602303,-1.563748,-928.363232,777.602303,1.000000
2.0,1000,3,0.1,2702,1.882341,871.528399,854.099618,-0.117659,-128.471601,-145.900382,0.999148
2.0,1000,3,0.1,2703,0.906616,1058.300817,1606.415987,-1.093384,58.300817,606.415987,0.999999
2.0,1000,3,0.1,2704,1.049443,593.039135,1324.475628,-0.950557,-406.960865,324.475628,0.999996
2.0,1000,3,0.1,2705,0.266657,159.557559,1781.294745,-1.733343,-840.442441,781.294745,0.999905
2.0,1000,3,0.1,2706,2.142917,543.071025,1097.444853,0.142917,-456.928975,97.444853,0.932933
2.0,1000,3,0.1,2707,2.149256,1668.392047,513.962085,0.149256,668.392047,-486.037915,0.926885
2.0,1000,3,0.1,2708,2.334376,927.463044,887.991862,0.334376,-72.536956,-112.008138,0.821633
2.0,1000,3,0.1,2709,0.968890,258.572416,1228.674325,-1.031110,-741.427584,228.674325,0.999990
2.0,1000,3,0.1,2710,0.769422,752.703098,1240.368758,-1.230578,-247.296902,240.368758,0.999999
2.0,1000,3,0.1,2711,0.529660,237.889173,1583.460280,-1.470340,-762.110827,583.460280,1.000000
2.0,1000,3,0.1,2712,0.448783,423.583753,1535.887898,-1.551217,-576.416247,535.887898,0.998966
2.0,1000,3,0.1,2713,0.384952,306.333359,1131.678107,-1.615048,-693.666641,131.678107,1.000000
2.0,1000,3,0.1,2714,NaN,NaN,NaN,NaN,NaN,NaN,NaN
2.0,1000,3,0.1,2715,0.275011,142.287099,1747.314340,-1.724989,-857.712901,747.314340,0.999923
2.0,1000,3,0.1,2716,0.475220,364.362064,1581.955150,-1.524780,-635.637936,581.955150,0.998740
2.0,1000,3,0.1,2717,1.490795,1506.542734,1031.748846,-0.509205,506.542734,31.748846,0.999993
2.0,1000,3,0.1,2718,2.130707,867.170706,1387.880117,0.130707,-132.829294,387.880117,0.936485
2.0,1000,3,0.1,2719,1.930939,1170.136656,1031.889368,-0.069061,170.136656,31.889368,0.994273
2.0,1000,3,0.1,2720,0.270115,67.862458,1638.588504,-1.729885,-932.137542,638.588504,0.990998
2.0,1000,3,0.1,2721,1.181031,676.397148,1574.820583,-0.818969,-323.602852,574.820583,0.999986
2.0,1000,3,0.1,2722,2.086732,557.221644,1174.814060,0.086732,-442.778356,174.814060,0.955542
2.0,1000,3,0.1,2723,2.181011,2110.698307,459.751241,0.181011,1110.698307,-540.248759,0.911516
2.0,1000,3,0.1,2724,1.859541,1804.292161,590.051615,-0.140459,804.292161,-409.948385,0.999920
2.0,1000,3,0.1,2725,0.351252,108.033692,1504.586206,-1.648748,-891.966308,504.586206,0.999999
2.0,1000,3,0.1,2726,1.886932,994.595729,914.796169,-0.113068,-5.404271,-85.203831,0.998835
2.0,1000,3,0.1,2727,1.965457,875.031866,1538.517480,-0.034543,-124.968134,538.517480,0.989094
2.0,1000,3,0.1,2728,1.925336,347.512082,1351.273800,-0.074664,-652.487918,351.273800,0.997403
2.0,1000,3,0.1,2729,2.321232,815.093115,1156.498465,0.321232,-184.906885,156.498465,0.832086
2.0,1000,3,0.1,2730,0.423863,334.426848,1688.322957,-1.576137,-665.573152,688.322957,1.000000
2.0,1000,3,0.1,2731,1.913086,621.828232,1783.116375,-0.086914,-378.171768,783.116375,0.997714
2.0,1000,3,0.1,2732,1.936396,726.970544,1029.732689,-0.063604,-273.029456,29.732689,0.993574
2.0,1000,3,0.1,2733,1.973030,1844.690611,205.582543,-0.026970,844.690611,-794.417457,0.986555
2.0,1000,3,0.1,2734,2.307572,1956.075920,255.340880,0.307572,956.075920,-744.659120,0.838223
2.0,1000,3,0.1,2735,0.274210,126.683483,1164.755853,-1.725790,-873.316517,164.755853,0.999983
2.0,1000,3,0.1,2736,1.925639,695.817231,738.997229,-0.074361,-304.182769,-261.002771,0.995111
2.0,1000,3,0.1,2737,2.296380,1239.025084,472.846977,0.296380,239.025084,-527.153023,0.845853
2.0,1000,3,0.1,2738,0.520208,682.732188,1183.517510,-1.479792,-317.267812,183.517510,0.999545
2.0,1000,3,0.1,2739,0.710086,454.045630,1301.952925,-1.289914,-545.954370,301.952925,0.999921
2.0,1000,3,0.1,2740,0.966753,1319.629347,900.983691,-1.033247,319.629347,-99.016309,0.999999
2.0,1000,3,0.1,2741,0.691187,488.938086,1131.500950,-1.308813,-511.061914,131.500950,0.999948
2.0,1000,3,0.1,2742,2.081987,818.791008,689.379867,0.081987,-181.208992,-310.620133,0.955290
2.0,1000,3,0.1,2743,0.954538,990.475229,1267.670188,-1.045462,-9.524771,267.670188,0.999998
2.0,1000,3,0.1,2744,2.183395,1330.401036,681.500048,0.183395,330.401036,-318.499952,0.910432
2.0,1000,3,0.1,2745,0.433360,230.273829,1619.751468,-1.566640,-769.726171,619.751468,1.000000
2.0,1000,3,0.1,2746,1.959644,40.824191,1779.184948,-0.040356,-959.175809,779.184948,0.937372
2.0,1000,3,0.1,2747,2.180610,1917.694112,467.677066,0.180610,917.694112,-532.322934,0.911772
2.0,1000,3,0.1,2748,2.241178,1125.297269,1115.219516,0.241178,125.297269,115.219516,0.880390
2.0,1000,3,0.1,2749,2.181517,975.918686,684.392610,0.181517,-24.081314,-315.607390,0.911892
2.0,1000,3,0.1,2750,1.227950,882.028819,1448.269168,-0.772050,-117.971181,448.269168,0.999990
2.0,1000,3,0.1,2751,2.140208,367.452300,1195.052102,0.140208,-632.547700,195.052102,0.935940
2.0,1000,3,0.1,2752,0.373328,337.962879,1640.300707,-1.626672,-662.037121,640.300707,1.000000
2.0,1000,3,0.1,2753,1.962777,616.718726,1468.884716,-0.037223,-383.281274,468.884716,0.989885
2.0,1000,3,0.1,2754,1.979789,1434.424270,1076.609742,-0.020211,434.424270,76.609742,0.985298
2.0,1000,3,0.1,2755,0.986832,442.880805,1826.587878,-1.013168,-557.119195,826.587878,0.999991
2.0,1000,3,0.1,2756,0.621731,715.107398,1345.825405,-1.378269,-284.892602,345.825405,0.999941
2.0,1000,3,0.1,2757,0.373650,176.674925,2288.140753,-1.626350,-823.325075,1288.140753,1.000000
2.0,1000,3,0.1,2758,0.608977,197.963311,1992.868981,-1.391023,-802.036689,992.868981,1.000000
2.0,1000,3,0.1,2759,1.098890,1117.547369,1289.524055,-0.901110,117.547369,289.524055,0.999996
2.0,1000,3,0.1,2760,0.624287,455.951421,1740.457319,-1.375713,-544.048579,740.457319,0.999443
2.0,1000,3,0.1,2761,0.327598,74.857379,2054.514058,-1.672402,-925.142621,1054.514058,0.999910
2.0,1000,3,0.1,2762,2.073492,1474.149455,908.101310,0.073492,474.149455,-91.898690,0.958011
2.0,1000,3,0.1,2763,0.437152,346.814726,1368.125917,-1.562848,-653.185274,368.125917,1.000000
2.0,1000,3,0.1,2764,2.332810,378.589186,1751.666901,0.332810,-621.410814,751.666901,0.834916
2.0,1000,3,0.1,2765,2.116310,1292.943385,955.365086,0.116310,292.943385,-44.634914,0.941774
2.0,1000,3,0.1,2766,1.024753,149.611106,1481.406480,-0.975247,-850.388894,481.406480,0.999786
2.0,1000,3,0.1,2767,2.317029,1955.254061,350.978747,0.317029,955.254061,-649.021253,0.832057
2.0,1000,3,0.1,2768,1.936725,1649.162186,366.104493,-0.063275,649.162186,-633.895507,0.993221
2.0,1000,3,0.1,2769,0.372244,163.141594,1406.065351,-1.627756,-836.858406,406.065351,1.000000
2.0,1000,3,0.1,2770,0.231644,283.107939,1622.927010,-1.768356,-716.892061,622.927010,0.999825
2.0,1000,3,0.1,2771,0.486710,328.702934,1549.040628,-1.513290,-671.297066,549.040628,0.999188
2.0,1000,3,0.1,2772,0.280638,79.628552,1751.683507,-1.719362,-920.371448,751.683507,0.997230
2.0,1000,3,0.1,2773,1.468736,737.425755,822.641618,-0.531264,-262.574245,-177.358382,0.999988
2.0,1000,3,0.1,2774,0.352401,178.562726,1359.085674,-1.647599,-821.437274,359.085674,1.000000
2.0,1000,3,0.1,2775,2.165264,799.024313,1398.965356,0.165264,-200.975687,398.965356,0.921049
2.0,1000,3,0.1,2776,2.243766,1915.685824,340.941575,0.243766,915.685824,-659.058425,0.877650
2.0,1000,3,0.1,2777,2.138599,309.936839,1728.424267,0.138599,-690.063161,728.424267,0.945207
2.0,1000,3,0.1,2778,2.193058,1280.809813,671.001607,0.193058,280.809813,-328.998393,0.905775
2.0,1000,3,0.1,2779,1.231634,706.350171,1081.771090,-0.768366,-293.649829,81.771090,0.999991
2.0,1000,3,0.1,2780,0.950483,1092.482382,1013.427013,-1.049517,92.482382,13.427013,0.999999
2.0,1000,3,0.1,2781,0.502930,132.181205,1782.157308,-1.497070,-867.818795,782.157308,1.000000
2.0,1000,3,0.1,2782,0.450790,133.997167,1236.308162,-1.549210,-866.002833,236.308162,1.000000
2.0,1000,3,0.1,2783,2.268458,949.060796,1138.420557,0.268458,-50.939204,138.420557,0.864850
2.0,1000,3,0.1,2784,1.984951,612.862067,1086.045580,-0.015049,-387.137933,86.045580,0.985141
2.0,1000,3,0.1,2785,2.131628,1800.281302,465.975193,0.131628,800.281302,-534.024807,0.934682
2.0,1000,3,0.1,2786,1.978997,1658.026298,418.738527,-0.021003,658.026298,-581.261473,0.985273
2.0,1000,3,0.1,2787,0.845835,437.560439,1180.293327,-1.154165,-562.439561,180.293327,0.999998
2.0,1000,3,0.1,2788,1.315523,469.502351,1212.427218,-0.684477,-530.497649,212.427218,0.999976
2.0,1000,3,0.1,2789,1.982915,788.509665,1210.756735,-0.017085,-211.490335,210.756735,0.985236
2.0,1000,3,0.1,2790,1.928825,847.137138,964.889255,-0.071175,-152.862862,-35.110745,0.994740
2.0,1000,3,0.1,2791,2.117046,715.548362,1092.516742,0.117046,-284.451638,92.516742,0.942814
2.0,1000,3,0.1,2792,1.900702,915.985023,697.545349,-0.099298,-84.014977,-302.454651,0.997752
2.0,1000,3,0.1,2793,2.295395,822.782896,955.724198,0.295395,-177.217104,-44.275802,0.847943
2.0,1000,3,0.1,2794,2.186920,400.962970,1385.170315,0.186920,-599.037030,385.170315,0.918465
2.0,1000,3,0.1,2795,2.246289,536.868124,1412.941154,0.246289,-463.131876,412.941154,0.883372
2.0,1000,3,0.1,2796,0.647552,860.995286,1671.677016,-1.352448,-139.004714,671.677016,0.999949
2.0,1000,3,0.1,2797,0.481988,235.691694,1555.842129,-1.518012,-764.308306,555.842129,1.000000
2.0,1000,3,0.1,2798,0.264260,305.806019,1359.523210,-1.735740,-694.193981,359.523210,0.999998
2.0,1000,3,0.1,2799,2.417675,730.547010,1325.578700,0.417675,-269.452990,325.578700,0.762913
2.0,1000,3,0.1,2800,0.288644,161.468923,1733.951105,-1.711356,-838.531077,733.951105,0.999984
2.0,1000,3,0.1,2801,1.945778,776.549820,1656.168466,-0.054222,-223.450180,656.168466,0.992521
2.0,1000,3,0.1,2802,0.467858,93.729775,1491.282322,-1.532142,-906.270225,491.282322,1.000000
2.0,1000,3,0.1,2803,2.423236,2392.208526,231.651960,0.423236,1392.208526,-768.348040,0.754447
2.0,1000,3,0.1,2804,0.429047,358.082559,1439.502248,-1.570953,-641.917441,439.502248,1.000000
2.0,1000,3,0.1,2805,0.669575,330.491039,1309.178440,-1.330425,-669.508961,309.178440,0.999213
2.0,1000,3,0.1,2806,2.271339,1367.194553,658.326237,0.271339,367.194553,-341.673763,0.861383
2.0,1000,3,0.1,2807,0.784292,917.451627,1248.759944,-1.215708,-82.548373,248.759944,1.000000
2.0,1000,3,0.1,2808,0.820177,675.092835,962.061368,-1.179823,-324.907165,-37.938632,1.000000
2.0,1000,3,0.1,2809,2.067500,1726.505827,645.997385,0.067500,726.505827,-354.002615,0.960060
2.0,1000,3,0.1,2810,0.865809,322.539810,1450.470038,-1.134191,-677.460190,450.470038,0.999834
2.0,1000,3,0.1,2811,2.318078,823.415476,1181.452796,0.318078,-176.584524,181.452796,0.834002
2.0,1000,3,0.1,2812,0.621769,685.093014,1429.789433,-1.378231,-314.906986,429.789433,0.999943
2.0,1000,3,0.1,2813,2.093126,742.563091,1057.921409,0.093126,-257.436909,57.921409,0.951697
2.0,1000,3,0.1,2814,0.808503,420.729590,1906.171137,-1.191497,-579.270410,906.171137,0.999588
2.0,1000,3,0.1,2815,1.960413,1923.642131,491.072594,-0.039587,923.642131,-508.927406,0.989135
2.0,1000,3,0.1,2816,0.593857,201.514758,1623.159490,-1.406143,-798.485242,623.159490,0.998136
2.0,1000,3,0.1,2817,0.309149,201.123446,2052.396775,-1.690851,-798.876554,1052.396775,0.999998
2.0,1000,3,0.1,2818,2.085248,538.353436,999.224702,0.085248,-461.646564,-0.775298,0.955857
2.0,1000,3,0.1,2819,0.252912,176.835644,2082.448516,-1.747088,-823.164356,1082.448516,0.998951
2.0,1000,3,0.1,2820,0.713435,568.644813,1524.119184,-1.286565,-431.355187,524.119184,0.999945
2.0,1000,3,0.1,2821,0.297365,107.027678,1465.999901,-1.702635,-892.972322,465.999901,0.999980
2.0,1000,3,0.1,2822,0.228445,91.496846,1162.265313,-1.771555,-908.503154,162.265313,0.992892
2.0,1000,3,0.1,2823,0.279474,163.421215,2174.096103,-1.720526,-836.578785,1174.096103,0.999922
2.0,1000,3,0.1,2824,2.001433,1279.266700,1413.760973,0.001433,279.266700,413.760973,0.980281
2.0,1000,3,0.1,2825,0.764235,658.785573,1723.585256,-1.235765,-341.214427,723.585256,0.999968
2.0,1000,3,0.1,2826,1.179169,686.153061,1566.904650,-0.820831,-313.846939,566.904650,0.999988
2.0,1000,3,0.1,2827,0.763998,920.669168,1525.296374,-1.236002,-79.330832,525.296374,0.999999
2.0,1000,3,0.1,2828,2.091641,810.447096,1233.947576,0.091641,-189.552904,233.947576,0.952809
2.0,1000,3,0.1,2829,0.894889,341.177818,1566.031595,-1.105111,-658.822182,566.031595,0.999898
2.0,1000,3,0.1,2830,0.460841,177.126799,1995.330284,-1.539159,-822.873201,995.330284,1.000000
2.0,1000,3,0.1,2831,2.175590,1755.478455,706.749918,0.175590,755.478455,-293.250082,0.914449
2.0,1000,3,0.1,2832,1.760891,1079.327656,666.036567,-0.239109,79.327656,-333.963433,0.999990
2.0,1000,3,0.1,2833,0.262202,80.303709,1419.533449,-1.737798,-919.696291,419.533449,0.993811
2.0,1000,3,0.1,2834,0.623967,115.639728,1584.835256,-1.376033,-884.360272,584.835256,1.000000
2.0,1000,3,0.1,2835,0.776359,360.475060,1509.347599,-1.223641,-639.524940,509.347599,0.999583
2.0,1000,3,0.1,2836,2.229188,198.836745,1466.889284,0.229188,-801.163255,466.889284,0.913726
2.0,1000,3,0.1,2837,0.432456,248.201917,1237.651959,-1.567544,-751.798083,237.651959,1.000000
2.0,1000,3,0.1,2838,1.758402,1122.388697,787.541971,-0.241598,122.388697,-212.458029,0.999984
2.0,1000,3,0.1,2839,1.706534,1028.997292,1666.724966,-0.293466,28.997292,666.724966,0.999954
2.0,1000,3,0.1,2840,0.522444,146.660100,1531.997425,-1.477556,-853.339900,531.997425,1.000000
2.0,1000,3,0.1,2841,1.065469,648.049659,1677.915114,-0.934531,-351.950341,677.915114,0.999996
2.0,1000,3,0.1,2842,1.457725,515.065651,1232.368490,-0.542275,-484.934349,232.368490,0.999969
2.0,1000,3,0.1,2843,1.901359,977.423674,1126.825840,-0.098641,-22.576326,126.825840,0.997811
2.0,1000,3,0.1,2844,0.429539,173.467900,1626.673136,-1.570461,-826.532100,626.673136,1.000000
2.0,1000,3,0.1,2845,2.055931,795.485933,1126.856263,0.055931,-204.514067,126.856263,0.964927
2.0,1000,3,0.1,2846,2.127985,1293.782921,488.024405,0.127985,293.782921,-511.975595,0.936425
2.0,1000,3,0.1,2847,1.885073,1142.685165,1358.663986,-0.114927,142.685165,358.663986,0.998991
2.0,1000,3,0.1,2848,1.876756,1248.494092,860.824748,-0.123244,248.494092,-139.175252,0.999376
2.0,1000,3,0.1,2849,1.754654,381.090983,1641.130924,-0.245346,-618.909017,641.130924,0.999821
2.0,1000,3,0.1,2850,1.971890,1105.599371,714.077254,-0.028110,105.599371,-285.922746,0.986993
2.0,1000,3,0.1,2851,2.260994,732.983168,1121.286590,0.260994,-267.016832,121.286590,0.870425
2.0,1000,3,0.1,2852,2.064241,271.730315,1320.340166,0.064241,-728.269685,320.340166,0.972627
2.0,1000,3,0.1,2853,2.067233,432.357824,1287.961892,0.067233,-567.642176,287.961892,0.965100
2.0,1000,3,0.1,2854,0.581086,464.022123,1160.958029,-1.418914,-535.977877,160.958029,0.999281
2.0,1000,3,0.1,2855,2.170400,817.473434,2110.175224,0.170400,-182.526566,1110.175224,0.922345
2.0,1000,3,0.1,2856,2.044607,664.561390,1606.134577,0.044607,-335.438610,606.134577,0.969544
2.0,1000,3,0.1,2857,2.081808,1621.118881,347.574434,0.081808,621.118881,-652.425566,0.954778
2.0,1000,3,0.1,2858,0.799592,1141.541660,964.114685,-1.200408,141.541660,-35.885315,1.000000
2.0,1000,3,0.1,2859,1.889315,1365.544978,494.241892,-0.110685,365.544978,-505.758108,0.998604
2.0,1000,3,0.1,2860,1.891235,1057.003637,592.509219,-0.108765,57.003637,-407.490781,0.998475
2.0,1000,3,0.1,2861,0.573953,233.079637,1767.376642,-1.426047,-766.920363,767.376642,0.999783
2.0,1000,3,0.1,2862,2.420247,1480.808344,822.373752,0.420247,480.808344,-177.626248,0.757306
2.0,1000,3,0.1,2863,0.324045,268.460928,1592.423503,-1.675955,-731.539072,592.423503,1.000000
2.0,1000,3,0.1,2864,1.894263,1258.537331,1110.541282,-0.105737,258.537331,110.541282,0.998327
2.0,1000,3,0.1,2865,2.128414,1054.827187,825.582685,0.128414,54.827187,-174.417315,0.936624
2.0,1000,3,0.1,2866,NaN,NaN,NaN,NaN,NaN,NaN,NaN
2.0,1000,3,0.1,2867,2.252170,1091.718445,1014.485575,0.252170,91.718445,14.485575,0.873991
2.0,1000,3,0.1,2868,0.621874,370.578560,1512.826773,-1.378126,-629.421440,512.826773,0.999627
2.0,1000,3,0.1,2869,1.038444,168.611715,1375.312458,-0.961556,-831.388285,375.312458,0.999520
2.0,1000,3,0.1,2870,2.034974,1350.684793,662.188828,0.034974,350.684793,-337.811172,0.970763
2.0,1000,3,0.1,2871,2.363152,1285.494780,751.561771,0.363152,285.494780,-248.438229,0.800634
2.0,1000,3,0.1,2872,0.413932,522.394103,1680.642301,-1.586068,-477.605897,680.642301,1.000000
2.0,1000,3,0.1,2873,0.859143,416.545886,1571.676453,-1.140857,-583.454114,571.676453,0.999971
2.0,1000,3,0.1,2874,0.390352,201.170211,1649.168265,-1.609648,-798.829789,649.168265,1.000000
2.0,1000,3,0.1,2875,1.855284,2049.853593,325.797511,-0.144716,1049.853593,-674.202489,0.999977
2.0,1000,3,0.1,2876,2.195101,565.620099,1800.622563,0.195101,-434.379901,800.622563,0.910914
2.0,1000,3,0.1,2877,1.052027,582.822032,1507.669274,-0.947973,-417.177968,507.669274,0.999997
2.0,1000,3,0.1,2878,2.156093,1091.446009,743.029396,0.156093,91.446009,-256.970604,0.924057
2.0,1000,3,0.1,2879,2.229384,804.256980,739.140454,0.229384,-195.743020,-260.859546,0.886924
2.0,1000,3,0.1,2880,1.432269,899.077760,946.953917,-0.567731,-100.922240,-53.046083,0.999989
2.0,1000,3,0.1,2881,2.386212,1663.507978,491.621504,0.386212,663.507978,-508.378496,0.783281
2.0,1000,3,0.1,2882,0.779284,545.728264,1300.922453,-1.220716,-454.271736,300.922453,0.999995
2.0,1000,3,0.1,2883,0.584342,240.126266,1841.565472,-1.415658,-759.873734,841.565472,0.997362
2.0,1000,3,0.1,2884,1.612265,917.147385,1615.063419,-0.387735,-82.852615,615.063419,0.999958
2.0,1000,3,0.1,2885,0.692455,571.248158,1215.939300,-1.307545,-428.751842,215.939300,0.999962
2.0,1000,3,0.1,2886,2.368341,694.295220,1230.283455,0.368341,-305.704780,230.283455,0.799412
2.0,1000,3,0.1,2887,1.981419,346.740910,1324.093220,-0.018581,-653.259090,324.093220,0.988614
2.0,1000,3,0.1,2888,0.265804,102.561075,1603.634200,-1.734196,-897.438925,603.634200,0.998777
2.0,1000,3,0.1,2889,2.393346,1581.426984,415.013530,0.393346,581.426984,-584.986470,0.777770
2.0,1000,3,0.1,2890,0.382213,185.360105,1912.141889,-1.617787,-814.639895,912.141889,1.000000
2.0,1000,3,0.1,2891,2.107700,785.824439,1024.670328,0.107700,-214.175561,24.670328,0.945864
2.0,1000,3,0.1,2892,0.276712,88.526051,1928.374042,-1.723288,-911.473949,928.374042,0.995383
2.0,1000,3,0.1,2893,2.083514,1745.092198,705.343314,0.083514,745.092198,-294.656686,0.954299
2.0,1000,3,0.1,2894,1.540880,1177.724879,935.034806,-0.459120,177.724879,-64.965194,0.999989
2.0,1000,3,0.1,2895,0.380573,461.973285,1264.232410,-1.619427,-538.026715,264.232410,1.000000
2.0,1000,3,0.1,2896,2.016768,665.952300,822.978136,0.016768,-334.047700,-177.021864,0.976696
2.0,1000,3,0.1,2897,2.283706,673.513757,2371.223547,0.283706,-326.486243,1371.223547,0.866658
2.0,1000,3,0.1,2898,1.090796,307.410708,1399.070206,-0.909204,-692.589292,399.070206,1.000000
2.0,1000,3,0.1,2899,2.016495,1878.889500,601.624824,0.016495,878.889500,-398.375176,0.976007
2.0,1000,3,0.1,2900,0.579622,238.753436,1838.784217,-1.420378,-761.246564,838.784217,0.999353
2.0,1000,3,0.1,2901,2.190364,1468.936513,929.169795,0.190364,468.936513,-70.830205,0.907129
2.0,1000,3,0.1,2902,0.269742,155.241322,1076.076368,-1.730258,-844.758678,76.076368,0.999990
2.0,1000,3,0.1,2903,0.743109,589.933069,1140.029226,-1.256891,-410.066931,140.029226,0.999992
2.0,1000,3,0.1,2904,0.651894,309.246650,1391.755524,-1.348106,-690.753350,391.755524,0.999602
2.0,1000,3,0.1,2905,0.287887,133.402288,1339.295864,-1.712113,-866.597712,339.295864,0.999987
2.0,1000,3,0.1,2906,0.598644,526.459773,1234.181762,-1.401356,-473.540227,234.181762,0.999610
2.0,1000,3,0.1,2907,1.722726,461.817257,1924.050764,-0.277274,-538.182743,924.050764,0.999856
2.0,1000,3,0.1,2908,0.251157,170.525027,1666.519481,-1.748843,-829.474973,666.519481,0.999694
2.0,1000,3,0.1,2909,2.070653,865.402670,1110.320010,0.070653,-134.597330,110.320010,0.959935
2.0,1000,3,0.1,2910,0.524766,286.261406,1774.078655,-1.475234,-713.738594,774.078655,1.000000
2.0,1000,3,0.1,2911,0.261803,104.469570,1386.180550,-1.738197,-895.530430,386.180550,0.999421
2.0,1000,3,0.1,2912,1.843968,1494.640482,596.533951,-0.156032,494.640482,-403.466049,0.999990
2.0,1000,3,0.1,2913,2.156783,1195.326424,718.583001,0.156783,195.326424,-281.416999,0.923723
2.0,1000,3,0.1,2914,2.082085,1058.492781,1378.686134,0.082085,58.492781,378.686134,0.955654
2.0,1000,3,0.1,2915,1.944954,980.084805,1082.648447,-0.055046,-19.915195,82.648447,0.992170
2.0,1000,3,0.1,2916,2.099595,1338.887581,813.499636,0.099595,338.887581,-186.500364,0.948338
2.0,1000,3,0.1,2917,2.074868,1173.491429,1262.110108,0.074868,173.491429,262.110108,0.958221
2.0,1000,3,0.1,2918,1.325276,1176.705924,636.591202,-0.674724,176.705924,-363.408798,0.999996
2.0,1000,3,0.1,2919,0.270152,209.002083,2206.284131,-1.729848,-790.997917,1206.284131,0.999936
2.0,1000,3,0.1,2920,1.856306,1079.702295,651.260185,-0.143694,79.702295,-348.739815,0.999971
2.0,1000,3,0.1,2921,0.518000,356.792866,2061.687808,-1.482000,-643.207134,1061.687808,0.999924
2.0,1000,3,0.1,2922,2.344549,661.531798,1910.787366,0.344549,-338.468202,910.787366,0.821047
2.0,1000,3,0.1,2923,2.287756,1017.355617,1137.244280,0.287756,17.355617,137.244280,0.852551
2.0,1000,3,0.1,2924,0.710530,109.746927,1365.911913,-1.289470,-890.253073,365.911913,0.999846
2.0,1000,3,0.1,2925,1.782752,1889.845383,638.948891,-0.217248,889.845383,-361.051109,0.999995
2.0,1000,3,0.1,2926,0.325897,48.923337,2101.050955,-1.674103,-951.076663,1101.050955,0.998257
2.0,1000,3,0.1,2927,2.224577,1044.008899,750.341120,0.224577,44.008899,-249.658880,0.888982
2.0,1000,3,0.1,2928,0.503552,600.768217,1251.371427,-1.496448,-399.231783,251.371427,0.999418
2.0,1000,3,0.1,2929,2.236521,594.623832,899.984918,0.236521,-405.376168,-100.015082,0.884446
2.0,1000,3,0.1,2930,0.246074,125.770676,1268.131039,-1.753926,-874.229324,268.131039,0.998902
2.0,1000,3,0.1,2931,2.367912,847.081157,1577.466611,0.367912,-152.918843,577.466611,0.801562
2.0,1000,3,0.1,2932,0.297159,159.786380,1400.360240,-1.702841,-840.213620,400.360240,0.999997
2.0,1000,3,0.1,2933,0.409083,264.251992,1727.981873,-1.590917,-735.748008,727.981873,1.000000
2.0,1000,3,0.1,2934,0.298208,327.987791,1793.729161,-1.701792,-672.012209,793.729161,1.000000
2.0,1000,3,0.1,2935,1.903536,915.902373,836.352129,-0.096464,-84.097627,-163.647871,0.997530
2.0,1000,3,0.1,2936,1.197708,369.134942,1353.918449,-0.802292,-630.865058,353.918449,0.999987
2.0,1000,3,0.1,2937,1.117462,764.723839,1266.932106,-0.882538,-235.276161,266.932106,0.999994
2.0,1000,3,0.1,2938,1.100748,555.005140,1558.221424,-0.899252,-444.994860,558.221424,0.999995
2.0,1000,3,0.1,2939,2.309694,1165.648521,600.600574,0.309694,165.648521,-399.399426,0.837127
2.0,1000,3,0.1,2940,1.938450,879.309803,1022.648836,-0.061550,-120.690197,22.648836,0.993324
2.0,1000,3,0.1,2941,0.295827,190.109237,1728.740708,-1.704173,-809.890763,728.740708,0.999995
2.0,1000,3,0.1,2942,2.296176,1348.077795,771.427917,0.296176,348.077795,-228.572083,0.846297
2.0,1000,3,0.1,2943,1.211252,468.183999,1114.634200,-0.788748,-531.816001,114.634200,0.999985
2.0,1000,3,0.1,2944,2.202789,765.947650,1091.054053,0.202789,-234.052350,91.054053,0.902319
2.0,1000,3,0.1,2945,2.314218,608.183882,1037.867840,0.314218,-391.816118,37.867840,0.837784
2.0,1000,3,0.1,2946,2.078480,667.502237,852.020092,0.078480,-332.497763,-147.979908,0.957200
2.0,1000,3,0.1,2947,0.588942,227.089026,1804.302989,-1.411058,-772.910974,804.302989,0.998737
2.0,1000,3,0.1,2948,2.368856,881.324840,744.164007,0.368856,-118.675160,-255.835993,0.796631
2.0,1000,3,0.1,2949,0.816273,95.278965,1550.005128,-1.183727,-904.721035,550.005128,0.999809
2.0,1000,3,0.1,2950,1.353939,749.365490,1571.776985,-0.646061,-250.634510,571.776985,0.999978
2.0,1000,3,0.1,2951,1.920252,597.062224,1001.642165,-0.079748,-402.937776,1.642165,0.996020
2.0,1000,3,0.1,2952,1.883521,1659.767468,760.106538,-0.116479,659.767468,-239.893462,0.998985
2.0,1000,3,0.1,2953,2.155866,1611.808157,872.220148,0.155866,611.808157,-127.779852,0.923941
2.0,1000,3,0.1,2954,0.608487,797.838731,1113.758662,-1.391513,-202.161269,113.758662,0.999989
2.0,1000,3,0.1,2955,2.278384,934.672003,785.403624,0.278384,-65.327997,-214.596376,0.857518
2.0,1000,3,0.1,2956,1.999014,909.622851,995.702914,-0.000986,-90.377149,-4.297086,0.981010
2.0,1000,3,0.1,2957,0.544489,468.498592,1487.789684,-1.455511,-531.501408,487.789684,0.999818
2.0,1000,3,0.1,2958,2.069689,937.030708,777.561686,0.069689,-62.969292,-222.438314,0.959565
2.0,1000,3,0.1,2959,1.906091,1262.447598,851.046068,-0.093909,262.447598,-148.953932,0.997232
2.0,1000,3,0.1,2960,0.418055,323.539739,2061.388020,-1.581945,-676.460261,1061.388020,1.000000
2.0,1000,3,0.1,2961,0.754723,352.068474,1946.004831,-1.245277,-647.931526,946.004831,0.999400
2.0,1000,3,0.1,2962,2.141602,1571.586419,838.887844,0.141602,571.586419,-161.112156,0.930570
2.0,1000,3,0.1,2963,2.283375,305.398306,1816.660514,0.283375,-694.601694,816.660514,0.881187
2.0,1000,3,0.1,2964,0.894004,955.332412,1484.708591,-1.105996,-44.667588,484.708591,0.999999
2.0,1000,3,0.1,2965,0.475722,577.018167,1354.537925,-1.524278,-422.981833,354.537925,0.999954
2.0,1000,3,0.1,2966,NaN,NaN,NaN,NaN,NaN,NaN,NaN
2.0,1000,3,0.1,2967,0.366567,335.384874,1754.294357,-1.633433,-664.615126,754.294357,1.000000
2.0,1000,3,0.1,2968,2.076750,474.949066,1918.298174,0.076750,-525.050934,918.298174,0.965597
2.0,1000,3,0.1,2969,1.881320,782.429862,909.909484,-0.118680,-217.570138,-90.090516,0.999217
2.0,1000,3,0.1,2970,1.981561,1721.208679,677.742738,-0.018439,721.208679,-322.257262,0.984808
2.0,1000,3,0.1,2971,2.098782,472.738946,1198.690402,0.098782,-527.261054,198.690402,0.952375
2.0,1000,3,0.1,2972,0.243546,157.281876,1637.547665,-1.756454,-842.718124,637.547665,0.996848
2.0,1000,3,0.1,2973,1.836637,532.458757,1386.206447,-0.163363,-467.541243,386.206447,0.999828
2.0,1000,3,0.1,2974,0.530474,121.290463,2035.109848,-1.469526,-878.709537,1035.109848,1.000000
2.0,1000,3,0.1,2975,0.455173,449.678942,1849.341534,-1.544827,-550.321058,849.341534,1.000000
2.0,1000,3,0.1,2976,2.073907,1595.355835,615.645868,0.073907,595.355835,-384.354132,0.957678
2.0,1000,3,0.1,2977,2.190127,1375.881342,779.062048,0.190127,375.881342,-220.937952,0.907368
2.0,1000,3,0.1,2978,0.264841,100.704591,1531.324932,-1.735159,-899.295409,531.324932,0.998953
2.0,1000,3,0.1,2979,2.348505,635.601317,1256.775350,0.348505,-364.398683,256.775350,0.813551
2.0,1000,3,0.1,2980,1.398383,994.967322,1258.172222,-0.601617,-5.032678,258.172222,0.999988
2.0,1000,3,0.1,2981,2.218742,1405.704637,839.900147,0.218742,405.704637,-160.099853,0.892202
2.0,1000,3,0.1,2982,2.115186,1436.911852,1007.650957,0.115186,436.911852,7.650957,0.942137
2.0,1000,3,0.1,2983,2.028143,644.656888,1235.086566,0.028143,-355.343112,235.086566,0.973820
2.0,1000,3,0.1,2984,2.044045,528.549231,1094.361102,0.044045,-471.450769,94.361102,0.970067
2.0,1000,3,0.1,2985,1.143260,955.553625,1184.383215,-0.856740,-44.446375,184.383215,0.999995
2.0,1000,3,0.1,2986,2.109790,156.710604,1491.863017,0.109790,-843.289396,491.863017,0.982341
2.0,1000,3,0.1,2987,1.885945,2302.524567,319.366889,-0.114055,1302.524567,-680.633111,0.998802
2.0,1000,3,0.1,2988,2.186520,546.861849,1090.805793,0.186520,-453.138151,90.805793,0.911855
2.0,1000,3,0.1,2989,1.216203,701.396545,1000.780923,-0.783797,-298.603455,0.780923,0.999992
2.0,1000,3,0.1,2990,2.115697,2243.645462,341.450896,0.115697,1243.645462,-658.549104,0.941443
2.0,1000,3,0.1,2991,2.190285,2040.078624,417.896616,0.190285,1040.078624,-582.103384,0.906743
2.0,1000,3,0.1,2992,0.359736,266.865121,1442.965609,-1.640264,-733.134879,442.965609,1.000000
2.0,1000,3,0.1,2993,2.242348,631.346462,1172.165255,0.242348,-368.653538,172.165255,0.882352
2.0,1000,3,0.1,2994,2.073105,462.952945,1900.604800,0.073105,-537.047055,900.604800,0.967111
2.0,1000,3,0.1,2995,2.134706,401.086710,1680.403053,0.134706,-598.913290,680.403053,0.945191
2.0,1000,3,0.1,2996,0.262485,130.313614,2041.000648,-1.737515,-869.686386,1041.000648,0.997023
2.0,1000,3,0.1,2997,2.218739,533.234653,1248.873603,0.218739,-466.765347,248.873603,0.897172
2.0,1000,3,0.1,2998,2.377257,261.635525,1415.052189,0.377257,-738.364475,415.052189,0.820373
2.0,1000,3,0.1,2999,0.576096,67.211350,2110.914024,-1.423904,-932.788650,1110.914024,1.000000
2.0,1000,3,0.1,3000,1.103008,619.474475,1189.148877,-0.896992,-380.525525,189.148877,0.999994
2.0,1000,3,0.1,3001,2.056092,1028.704039,729.901178,0.056092,28.704039,-270.098822,0.964028
2.0,1000,3,0.1,3002,2.236592,1205.902806,950.900855,0.236592,205.902806,-49.099145,0.882518
2.0,1000,3,0.1,3003,0.294742,157.783628,1747.294219,-1.705258,-842.216372,747.294219,0.999988
2.0,1000,3,0.1,3004,1.951615,1279.330920,773.754330,-0.048385,279.330920,-226.245670,0.990852
2.0,1000,3,0.1,3005,0.841943,352.127236,1778.520272,-1.158057,-647.872764,778.520272,0.999547
2.0,1000,3,0.1,3006,0.637048,420.466732,1621.486740,-1.362952,-579.533268,621.486740,0.999364
2.0,1000,3,0.1,3007,0.552481,207.660036,1555.951920,-1.447519,-792.339964,555.951920,1.000000
2.0,1000,3,0.1,3008,2.398746,1184.434497,922.657360,0.398746,184.434497,-77.342640,0.774467
2.0,1000,3,0.1,3009,1.864977,1283.623071,848.425917,-0.135023,283.623071,-151.574083,0.999825
2.0,1000,3,0.1,3010,2.161030,649.554007,1109.786984,0.161030,-350.445993,109.786984,0.923751
2.0,1000,3,0.1,3011,1.495318,184.155153,1838.042598,-0.504682,-815.844847,838.042598,0.999999
2.0,1000,3,0.1,3012,2.174433,2031.670672,415.286674,0.174433,1031.670672,-584.713326,0.914700
2.0,1000,3,0.1,3013,2.154201,575.758703,1139.659131,0.154201,-424.241297,139.659131,0.927079
2.0,1000,3,0.1,3014,2.343535,869.019464,1600.653921,0.343535,-130.980536,600.653921,0.818404
2.0,1000,3,0.1,3015,2.254042,1974.764344,245.839913,0.254042,974.764344,-754.160087,0.871618
2.0,1000,3,0.1,3016,1.925461,756.704839,1157.200264,-0.074539,-243.295161,157.200264,0.995272
2.0,1000,3,0.1,3017,1.974445,626.667838,1193.771344,-0.025555,-373.332162,193.771344,0.987096
2.0,1000,3,0.1,3018,1.458855,1966.110040,415.192643,-0.541145,966.110040,-584.807357,0.999998
2.0,1000,3,0.1,3019,2.042604,1018.901459,1594.952794,0.042604,18.901459,594.952794,0.969171
2.0,1000,3,0.1,3020,2.402738,788.882047,1601.537874,0.402738,-211.117953,601.537874,0.775823
2.0,1000,3,0.1,3021,2.292492,1519.058259,578.889090,0.292492,519.058259,-421.110910,0.848336
2.0,1000,3,0.1,3022,2.451369,153.532713,1733.506750,0.451369,-846.467287,733.506750,0.846933
2.0,1000,3,0.1,3023,0.330128,215.233776,1418.518320,-1.669872,-784.766224,418.518320,1.000000
2.0,1000,3,0.1,3024,1.110099,1304.207746,921.929702,-0.889901,304.207746,-78.070298,0.999998
2.0,1000,3,0.1,3025,0.262230,81.843119,1244.276088,-1.737770,-918.156881,244.276088,0.997679
2.0,1000,3,0.1,3026,2.423306,1302.704476,445.390430,0.423306,302.704476,-554.609570,0.754798
2.0,1000,3,0.1,3027,0.821319,944.954922,1511.916606,-1.178681,-55.045078,511.916606,1.000000
2.0,1000,3,0.1,3028,0.568374,242.336019,1748.984177,-1.431626,-757.663981,748.984177,0.998371
2.0,1000,3,0.1,3029,2.204849,331.428184,1137.428950,0.204849,-668.571816,137.428950,0.909345
2.0,1000,3,0.1,3030,1.693356,496.853298,1267.983053,-0.306644,-503.146702,267.983053,0.999922
2.0,1000,3,0.1,3031,2.049766,1071.894878,1441.220621,0.049766,71.894878,441.220621,0.966984
2.0,1000,3,0.1,3032,0.961833,1255.251754,1094.253799,-1.038167,255.251754,94.253799,0.999999
2.0,1000,3,0.1,3033,0.402168,54.695476,1850.292551,-1.597832,-945.304524,850.292551,0.999993
2.0,1000,3,0.1,3034,NaN,NaN,NaN,NaN,NaN,NaN,NaN
2.0,1000,3,0.1,3035,0.696657,144.450585,2090.329076,-1.303343,-855.549415,1090.329076,1.000000
2.0,1000,3,0.1,3036,1.051753,616.077531,1566.697591,-0.948247,-383.922469,566.697591,0.999997
2.0,1000,3,0.1,3037,2.354757,1332.074270,630.915810,0.354757,332.074270,-369.084190,0.806526
2.0,1000,3,0.1,3038,1.590317,1025.658605,1207.876148,-0.409683,25.658605,207.876148,0.999979
2.0,1000,3,0.1,3039,2.081626,617.441504,1234.265078,0.081626,-382.558496,234.265078,0.957354
2.0,1000,3,0.1,3040,2.010916,1155.305431,929.508253,0.010916,155.305431,-70.491747,0.977786
2.0,1000,3,0.1,3041,2.130155,1071.053429,692.218523,0.130155,71.053429,-307.781477,0.935789
2.0,1000,3,0.1,3042,2.474093,239.848251,1553.961802,0.474093,-760.151749,553.961802,0.768610
2.0,1000,3,0.1,3043,2.034659,1303.007093,1295.619589,0.034659,303.007093,295.619589,0.971318
2.0,1000,3,0.1,3044,0.495319,276.934279,1879.122308,-1.504681,-723.065721,879.122308,1.000000
2.0,1000,3,0.1,3045,0.293841,172.149355,1420.579977,-1.706159,-827.850645,420.579977,0.999997
2.0,1000,3,0.1,3046,0.265979,134.319224,1219.415843,-1.734021,-865.680776,219.415843,0.999953
2.0,1000,3,0.1,3047,2.323271,702.166434,1291.002996,0.323271,-297.833566,291.002996,0.832107
2.0,1000,3,0.1,3048,2.350144,1170.255427,1636.197411,0.350144,170.255427,636.197411,0.812283
2.0,1000,3,0.1,3049,2.125607,1773.017446,579.433178,0.125607,773.017446,-420.566822,0.937401
2.0,1000,3,0.1,3050,1.933113,1134.383935,491.008730,-0.066887,134.383935,-508.991270,0.993777
2.0,1000,3,0.1,3051,0.351231,82.305054,1675.405876,-1.648769,-917.694946,675.405876,0.999993
2.0,1000,3,0.1,3052,0.704923,440.965613,2023.374297,-1.295077,-559.034387,1023.374297,0.999289
2.0,1000,3,0.1,3053,0.274697,142.696647,1483.922939,-1.725303,-857.303353,483.922939,0.999960
2.0,1000,3,0.1,3054,2.229119,588.344876,1414.087668,0.229119,-411.655124,414.087668,0.891068
2.0,1000,3,0.1,3055,0.322645,148.236978,1493.383226,-1.677355,-851.763022,493.383226,0.999999
2.0,1000,3,0.1,3056,2.062590,383.788235,1606.431025,0.062590,-616.211765,606.431025,0.970433
2.0,1000,3,0.1,3057,0.444141,228.671320,1614.195495,-1.555859,-771.328680,614.195495,1.000000
2.0,1000,3,0.1,3058,0.831022,407.304878,1397.868272,-1.168978,-592.695122,397.868272,0.999965
2.0,1000,3,0.1,3059,0.846556,269.708012,1652.579708,-1.153444,-730.291988,652.579708,0.999291
2.0,1000,3,0.1,3060,1.891246,2891.418563,114.027932,-0.108754,1891.418563,-885.972068,0.998422
2.0,1000,3,0.1,3061,1.178963,900.074076,1016.098053,-0.821037,-99.925924,16.098053,0.999995
2.0,1000,3,0.1,3062,0.358866,318.633894,1268.726752,-1.641134,-681.366106,268.726752,1.000000
2.0,1000,3,0.1,3063,1.138686,321.462455,1695.448268,-0.861314,-678.537545,695.448268,1.000000
2.0,1000,3,0.1,3064,1.944308,1266.003853,738.227348,-0.055692,266.003853,-261.772652,0.992131
2.0,1000,3,0.1,3065,0.710526,579.686363,1413.438675,-1.289474,-420.313637,413.438675,0.999951
2.0,1000,3,0.1,3066,1.876385,1009.331333,1093.047143,-0.123615,9.331333,93.047143,0.999424
2.0,1000,3,0.1,3067,1.950050,824.842384,1236.501298,-0.049950,-175.157616,236.501298,0.991744
2.0,1000,3,0.1,3068,1.905628,656.286666,1274.936295,-0.094372,-343.713334,274.936295,0.997737
2.0,1000,3,0.1,3069,0.452770,354.737847,1881.250493,-1.547230,-645.262153,881.250493,1.000000
2.0,1000,3,0.1,3070,0.931680,144.517282,1604.734910,-1.068320,-855.482718,604.734910,0.999991
2.0,1000,3,0.1,3071,2.172676,650.715687,1489.005701,0.172676,-349.284313,489.005701,0.920236
2.0,1000,3,0.1,3072,0.534580,363.761310,1660.311690,-1.465420,-636.238690,660.311690,0.999520
2.0,1000,3,0.1,3073,1.901313,610.997217,1381.917185,-0.098687,-389.002783,381.917185,0.998320
2.0,1000,3,0.1,3074,2.139950,2053.702571,503.156878,0.139950,1053.702571,-496.843122,0.931047
2.0,1000,3,0.1,3075,2.169042,1507.811980,455.352913,0.169042,507.811980,-544.647087,0.917509
2.0,1000,3,0.1,3076,2.354283,293.784242,1160.405568,0.354283,-706.215758,160.405568,0.820883
2.0,1000,3,0.1,3077,1.929602,948.647118,1131.962362,-0.070398,-51.352882,131.962362,0.994504
2.0,1000,3,0.1,3078,0.424805,323.018310,1393.972117,-1.575195,-676.981690,393.972117,1.000000
2.0,1000,3,0.1,3079,0.359923,42.994498,2061.461504,-1.640077,-957.005502,1061.461504,0.999842
2.0,1000,3,0.1,3080,2.390205,1085.687877,707.155513,0.390205,85.687877,-292.844487,0.780987
2.0,1000,3,0.1,3081,0.299259,156.773846,1310.372679,-1.700741,-843.226154,310.372679,0.999998
2.0,1000,3,0.1,3082,2.155205,862.050036,789.442837,0.155205,-137.949964,-210.557163,0.924904
2.0,1000,3,0.1,3083,1.450139,808.061365,1316.354147,-0.549861,-191.938635,316.354147,0.999982
2.0,1000,3,0.1,3084,2.175111,1170.991505,832.971919,0.175111,170.991505,-167.028081,0.914934
2.0,1000,3,0.1,3085,2.202538,1385.812106,572.153465,0.202538,385.812106,-427.846535,0.900656
2.0,1000,3,0.1,3086,2.313374,2077.101172,209.220944,0.313374,1077.101172,-790.779056,0.834419
2.0,1000,3,0.1,3087,2.320351,1554.739745,455.851734,0.320351,554.739745,-544.148266,0.829979
2.0,1000,3,0.1,3088,2.400910,451.155749,1357.995234,0.400910,-548.844251,357.995234,0.784088
2.0,1000,3,0.1,3089,2.054315,223.400180,1536.541211,0.054315,-776.599820,536.541211,0.981627
2.0,1000,3,0.1,3090,1.589459,698.986218,1319.312279,-0.410541,-301.013782,319.312279,0.999956
2.0,1000,3,0.1,3091,1.309848,641.275637,1308.471822,-0.690152,-358.724363,308.471822,0.999984
2.0,1000,3,0.1,3092,2.390313,1784.928457,764.101575,0.390313,784.928457,-235.898425,0.780293
2.0,1000,3,0.1,3093,1.670089,696.678259,1939.430120,-0.329911,-303.321741,939.430120,0.999937
2.0,1000,3,0.1,3094,1.071530,1028.088471,1513.699440,-0.928470,28.088471,513.699440,0.999995
2.0,1000,3,0.1,3095,0.287662,252.806062,1162.248376,-1.712338,-747.193938,162.248376,1.000000
2.0,1000,3,0.1,3096,0.417187,545.399037,1582.915457,-1.582813,-454.600963,582.915457,0.999891
2.0,1000,3,0.1,3097,2.030266,1465.823827,413.633460,0.030266,465.823827,-586.366540,0.972044
2.0,1000,3,0.1,3098,0.339626,322.641693,1771.502864,-1.660374,-677.358307,771.502864,1.000000
2.0,1000,3,0.1,3099,0.480171,682.722945,1472.193375,-1.519829,-317.277055,472.193375,0.999782
2.0,1000,3,0.1,3100,2.245249,1371.995852,477.968336,0.245249,371.995852,-522.031664,0.876953
2.0,1000,3,0.1,3101,0.865834,671.895621,1600.579421,-1.134166,-328.104379,600.579421,0.999999
2.0,1000,3,0.1,3102,1.563613,669.022409,1293.514062,-0.436387,-330.977591,293.514062,0.999968
2.0,1000,3,0.1,3103,0.651947,84.978479,1739.759643,-1.348053,-915.021521,739.759643,1.000000
2.0,1000,3,0.1,3104,1.980184,607.090512,1372.484946,-0.019816,-392.909488,372.484946,0.986950
2.0,1000,3,0.1,3105,2.128515,1260.242864,768.154877,0.128515,260.242864,-231.845123,0.936423
2.0,1000,3,0.1,3106,2.167598,1735.913035,1407.040309,0.167598,735.913035,407.040309,0.918853
2.0,1000,3,0.1,3107,2.006049,408.704817,1189.277152,0.006049,-591.295183,189.277152,0.982267
2.0,1000,3,0.1,3108,1.466773,697.790251,1048.756231,-0.533227,-302.209749,48.756231,0.999982
2.0,1000,3,0.1,3109,2.366669,1388.151540,469.571297,0.366669,388.151540,-530.428703,0.797750
2.0,1000,3,0.1,3110,1.997109,465.240813,1730.447478,-0.002891,-534.759187,730.447478,0.984095
2.0,1000,3,0.1,3111,0.348323,312.551683,1328.003056,-1.651677,-687.448317,328.003056,1.000000
2.0,1000,3,0.1,3112,0.562432,543.475199,1466.442320,-1.437568,-456.524801,466.442320,0.999299
2.0,1000,3,0.1,3113,0.340281,34.490241,1867.523763,-1.659719,-965.509759,867.523763,0.996403
2.0,1000,3,0.1,3114,1.867046,830.482828,1267.640575,-0.132954,-169.517172,267.640575,0.999817
2.0,1000,3,0.1,3115,0.563833,252.641582,1846.451703,-1.436167,-747.358418,846.451703,0.999983
2.0,1000,3,0.1,3116,1.731728,1662.218156,508.636845,-0.268272,662.218156,-491.363155,0.999995
2.0,1000,3,0.1,3117,1.944833,648.556565,1117.774501,-0.055167,-351.443435,117.774501,0.992468
2.0,1000,3,0.1,3118,0.685213,692.418440,1448.696006,-1.314787,-307.581560,448.696006,0.999961
2.0,1000,3,0.1,3119,2.308337,853.344732,1121.062293,0.308337,-146.655268,121.062293,0.840034
2.0,1000,3,0.1,3120,1.176587,1176.426198,919.262653,-0.823413,176.426198,-80.737347,0.999997
2.0,1000,3,0.1,3121,0.928167,705.191795,1565.417227,-1.071833,-294.808205,565.417227,1.000000
2.0,1000,3,0.1,3122,2.422762,1363.559582,673.374822,0.422762,363.559582,-326.625178,0.755503
2.0,1000,3,0.1,3123,2.423284,880.760666,1166.000641,0.423284,-119.239334,166.000641,0.757346
2.0,1000,3,0.1,3124,0.783579,324.071568,1704.762101,-1.216421,-675.928432,704.762101,0.999222
2.0,1000,3,0.1,3125,1.553139,562.138590,1653.282642,-0.446861,-437.861410,653.282642,0.999949
2.0,1000,3,0.1,3126,2.393301,694.667487,1378.437566,0.393301,-305.332513,378.437566,0.781027
2.0,1000,3,0.1,3127,0.326045,213.813300,1391.204664,-1.673955,-786.186700,391.204664,1.000000
2.0,1000,3,0.1,3128,0.845224,286.151902,1974.270529,-1.154776,-713.848098,974.270529,0.999497
2.0,1000,3,0.1,3129,1.990529,682.903171,1396.988269,-0.009471,-317.096829,396.988269,0.984346
2.0,1000,3,0.1,3130,1.873173,1117.570317,1206.223750,-0.126827,117.570317,206.223750,0.999569
2.0,1000,3,0.1,3131,0.415126,319.048740,1788.868147,-1.584874,-680.951260,788.868147,1.000000
2.0,1000,3,0.1,3132,1.891877,1606.882030,609.728786,-0.108123,606.882030,-390.271214,0.998399
2.0,1000,3,0.1,3133,0.841452,511.629509,1627.862579,-1.158548,-488.370491,627.862579,0.999973
2.0,1000,3,0.1,3134,0.598206,181.104790,1707.350849,-1.401794,-818.895210,707.350849,1.000000
2.0,1000,3,0.1,3135,2.149109,1265.514260,1034.113230,0.149109,265.514260,34.113230,0.927424
2.0,1000,3,0.1,3136,1.106859,833.373728,1149.169361,-0.893141,-166.626272,149.169361,0.999994
2.0,1000,3,0.1,3137,2.054401,1191.324169,1197.414415,0.054401,191.324169,197.414415,0.965066
2.0,1000,3,0.1,3138,0.258916,125.842154,1446.408034,-1.741084,-874.157846,446.408034,0.999712
2.0,1000,3,0.1,3139,2.490695,121.333685,1628.241046,0.490695,-878.666315,628.241046,0.920037
2.0,1000,3,0.1,3140,1.998923,1394.162622,550.354903,-0.001077,394.162622,-449.645097,0.980689
2.0,1000,3,0.1,3141,1.177598,1063.392410,1409.394521,-0.822402,63.392410,409.394521,0.999993
2.0,1000,3,0.1,3142,0.274819,244.180287,1478.136447,-1.725181,-755.819713,478.136447,0.999996
2.0,1000,3,0.1,3143,2.045804,1065.269947,1198.280537,0.045804,65.269947,198.280537,0.967846
2.0,1000,3,0.1,3144,0.483923,947.953632,1030.024385,-1.516077,-52.046368,30.024385,0.999924
2.0,1000,3,0.1,3145,0.518795,498.754201,1673.918508,-1.481205,-501.245799,673.918508,0.999998
2.0,1000,3,0.1,3146,2.053268,225.073612,1777.400397,0.053268,-774.926388,777.400397,0.987951
2.0,1000,3,0.1,3147,0.557415,802.750278,1129.486869,-1.442585,-197.249722,129.486869,0.999940
2.0,1000,3,0.1,3148,0.590173,781.221809,1343.748834,-1.409827,-218.778191,343.748834,0.999935
2.0,1000,3,0.1,3149,0.441199,337.475737,1145.229077,-1.558801,-662.524263,145.229077,0.998461
2.0,1000,3,0.1,3150,1.497672,426.322056,897.403045,-0.502328,-573.677944,-102.596955,0.999971
2.0,1000,3,0.1,3151,2.157544,564.982172,1108.842496,0.157544,-435.017828,108.842496,0.925060
2.0,1000,3,0.1,3152,2.012655,495.951452,1643.666929,0.012655,-504.048548,643.666929,0.981263
2.0,1000,3,0.1,3153,0.504584,321.427803,1649.902269,-1.495416,-678.572197,649.902269,0.997678
2.0,1000,3,0.1,3154,1.947711,507.072800,1366.159179,-0.052289,-492.927200,366.159179,0.992820
2.0,1000,3,0.1,3155,0.329350,341.111240,1491.739554,-1.670650,-658.888760,491.739554,1.000000
2.0,1000,3,0.1,3156,0.829868,301.810633,1357.533864,-1.170132,-698.189367,357.533864,0.999691
2.0,1000,3,0.1,3157,0.352261,131.181482,1573.914668,-1.647739,-868.818518,573.914668,0.999999
2.0,1000,3,0.1,3158,NaN,NaN,NaN,NaN,NaN,NaN,NaN
2.0,1000,3,0.1,3159,1.038219,1024.610349,1373.792722,-0.961781,24.610349,373.792722,0.999997
2.0,1000,3,0.1,3160,0.272784,152.182877,1250.455113,-1.727216,-847.817123,250.455113,0.999985
2.0,1000,3,0.1,3161,1.878516,1273.233253,653.260012,-0.121484,273.233253,-346.739988,0.999288
2.0,1000,3,0.1,3162,2.343034,1704.528943,325.678087,0.343034,704.528943,-674.321913,0.814209
2.0,1000,3,0.1,3163,2.154379,1207.524855,729.583740,0.154379,207.524855,-270.416260,0.924857
2.0,1000,3,0.1,3164,2.010529,672.266366,1454.593717,0.010529,-327.733634,454.593717,0.979047
2.0,1000,3,0.1,3165,2.311690,646.918814,1136.398436,0.311690,-353.081186,136.398436,0.838653
2.0,1000,3,0.1,3166,0.473421,338.618610,1490.077619,-1.526579,-661.381390,490.077619,0.999823
2.0,1000,3,0.1,3167,1.919834,1407.537324,497.097500,-0.080166,407.537324,-502.902500,0.995566
2.0,1000,3,0.1,3168,1.053845,638.482477,1479.418357,-0.946155,-361.517523,479.418357,0.999995
2.0,1000,3,0.1,3169,2.259789,1010.975474,1327.834576,0.259789,10.975474,327.834576,0.870179
2.0,1000,3,0.1,3170,1.051303,1022.381457,1217.110047,-0.948697,22.381457,217.110047,0.999997
2.0,1000,3,0.1,3171,0.479767,363.518409,1634.297279,-1.520233,-636.481591,634.297279,0.999033
2.0,1000,3,0.1,3172,2.034275,1126.503921,1086.185763,0.034275,126.503921,86.185763,0.971304
2.0,1000,3,0.1,3173,2.060365,1232.123640,953.383034,0.060365,232.123640,-46.616966,0.962770
2.0,1000,3,0.1,3174,2.026748,1594.942952,687.295555,0.026748,594.942952,-312.704445,0.973154
2.0,1000,3,0.1,3175,1.617475,1399.632628,1392.473044,-0.382525,399.632628,392.473044,0.999978
2.0,1000,3,0.1,3176,0.554956,222.703207,1703.168197,-1.445044,-777.296793,703.168197,1.000000
2.0,1000,3,0.1,3177,1.020310,691.909648,1153.023748,-0.979690,-308.090352,153.023748,0.999997
2.0,1000,3,0.1,3178,1.979537,850.441031,984.388401,-0.020463,-149.558969,-15.611599,0.985771
2.0,1000,3,0.1,3179,0.839019,465.401499,1343.272969,-1.160981,-534.598501,343.272969,0.999989
2.0,1000,3,0.1,3180,2.208194,742.263355,1085.849883,0.208194,-257.736645,85.849883,0.898788
2.0,1000,3,0.1,3181,2.075810,375.035192,1418.412334,0.075810,-624.964808,418.412334,0.961879
2.0,1000,3,0.1,3182,0.702492,708.011758,1232.411312,-1.297508,-291.988242,232.411312,0.999991
2.0,1000,3,0.1,3183,1.020734,440.586131,1536.532916,-0.979266,-559.413869,536.532916,1.000000
2.0,1000,3,0.1,3184,2.306059,459.995361,1381.907276,0.306059,-540.004639,381.907276,0.849517
2.0,1000,3,0.1,3185,0.605564,690.163027,1512.406884,-1.394436,-309.836973,512.406884,0.999775
2.0,1000,3,0.1,3186,2.002683,935.260461,1304.720526,0.002683,-64.739539,304.720526,0.980503
2.0,1000,3,0.1,3187,1.499637,1828.017973,476.981382,-0.500363,828.017973,-523.018618,0.999996
2.0,1000,3,0.1,3188,1.264034,347.983295,1732.861222,-0.735966,-652.016705,732.861222,0.999975
2.0,1000,3,0.1,3189,1.340537,1022.278330,833.337769,-0.659463,22.278330,-166.662231,0.999993
2.0,1000,3,0.1,3190,1.207700,864.631226,1072.292396,-0.792300,-135.368774,72.292396,0.999992
2.0,1000,3,0.1,3191,2.020748,783.336923,1416.075748,0.020748,-216.663077,416.075748,0.976440
2.0,1000,3,0.1,3192,2.247855,642.288953,1723.324572,0.247855,-357.711047,723.324572,0.882479
2.0,1000,3,0.1,3193,2.118081,470.263481,1174.214253,0.118081,-529.736519,174.214253,0.944100
2.0,1000,3,0.1,3194,0.872796,245.173040,1364.670530,-1.127204,-754.826960,364.670530,0.999518
2.0,1000,3,0.1,3195,2.677831,98.216387,1730.510090,0.677831,-901.783613,730.510090,0.841893
2.0,1000,3,0.1,3196,0.278588,60.214134,1227.364668,-1.721412,-939.785866,227.364668,0.998337
2.0,1000,3,0.1,3197,1.291442,465.895702,1871.473174,-0.708558,-534.104298,871.473174,0.999972
2.0,1000,3,0.1,3198,1.339435,541.285968,880.002139,-0.660565,-458.714032,-119.997861,0.999986
2.0,1000,3,0.1,3199,0.472223,202.383396,1450.722327,-1.527777,-797.616604,450.722327,1.000000
2.0,1000,3,0.1,3200,NaN,NaN,NaN,NaN,NaN,NaN,NaN
2.0,1000,3,0.1,3201,2.323085,2003.944522,199.982952,0.323085,1003.944522,-800.017048,0.827920
2.0,1000,3,0.1,3202,2.086258,1601.022913,809.198544,0.086258,601.022913,-190.801456,0.953216
2.0,1000,3,0.1,3203,0.816107,280.873418,1934.513044,-1.183893,-719.126582,934.513044,0.999610
2.0,1000,3,0.1,3204,2.065959,2417.547199,245.898138,0.065959,1417.547199,-754.101862,0.960418
2.0,1000,3,0.1,3205,0.860509,1163.589652,1196.101251,-1.139491,163.589652,196.101251,0.999999
2.0,1000,3,0.1,3206,0.379332,370.785132,1715.415067,-1.620668,-629.214868,715.415067,1.000000
2.0,1000,3,0.1,3207,0.754131,453.564382,1557.960184,-1.245869,-546.435618,557.960184,0.999834
2.0,1000,3,0.1,3208,2.294765,674.767084,1604.424812,0.294765,-325.232916,604.424812,0.852986
2.0,1000,3,0.1,3209,2.332029,393.435578,1091.927336,0.332029,-606.564422,91.927336,0.829372
2.0,1000,3,0.1,3210,1.592231,48.373877,1896.257954,-0.407769,-951.626123,896.257954,0.999744
2.0,1000,3,0.1,3211,2.375367,1661.783969,1232.851105,0.375367,661.783969,232.851105,0.792072
2.0,1000,3,0.1,3212,0.285453,140.622380,1473.002439,-1.714547,-859.377620,473.002439,0.999984
2.0,1000,3,0.1,3213,0.706181,427.657357,1430.762222,-1.293819,-572.342643,430.762222,0.999633
2.0,1000,3,0.1,3214,0.984769,1026.315157,1404.257478,-1.015231,26.315157,404.257478,0.999998
2.0,1000,3,0.1,3215,2.280195,2097.014717,174.179713,0.280195,1097.014717,-825.820287,0.855661
2.0,1000,3,0.1,3216,2.192855,1056.217678,1157.405592,0.192855,56.217678,157.405592,0.906857
2.0,1000,3,0.1,3217,0.257071,115.078196,1441.912935,-1.742929,-884.921804,441.912935,0.999229
2.0,1000,3,0.1,3218,2.085579,682.467463,1644.513517,0.085579,-317.532537,644.513517,0.956059
2.0,1000,3,0.1,3219,0.591099,270.989637,2178.257936,-1.408901,-729.010363,1178.257936,0.998914
2.0,1000,3,0.1,3220,1.865319,1282.450295,708.931856,-0.134681,282.450295,-291.068144,0.999807
2.0,1000,3,0.1,3221,0.462196,152.892520,1642.964548,-1.537804,-847.107480,642.964548,1.000000
2.0,1000,3,0.1,3222,0.320759,110.449434,1643.653518,-1.679241,-889.550566,643.653518,0.999994
2.0,1000,3,0.1,3223,2.172489,498.162581,1147.918189,0.172489,-501.837419,147.918189,0.920439
2.0,1000,3,0.1,3224,0.492415,396.151525,1945.741419,-1.507585,-603.848475,945.741419,0.999472
2.0,1000,3,0.1,3225,0.802153,337.486753,1508.089421,-1.197847,-662.513247,508.089421,0.999585
2.0,1000,3,0.1,3226,2.364249,626.883824,2035.313369,0.364249,-373.116176,1035.313369,0.808159
2.0,1000,3,0.1,3227,0.697199,423.436576,1406.244573,-1.302801,-576.563424,406.244573,0.999597
2.0,1000,3,0.1,3228,0.579360,436.483482,1223.206512,-1.420640,-563.516518,223.206512,0.999228
2.0,1000,3,0.1,3229,0.657116,368.660688,1307.200724,-1.342884,-631.339312,307.200724,0.999169
2.0,1000,3,0.1,3230,1.939091,655.356997,1341.750240,-0.060909,-344.643003,341.750240,0.993890
2.0,1000,3,0.1,3231,0.411925,410.081152,1705.559669,-1.588075,-589.918848,705.559669,1.000000
2.0,1000,3,0.1,3232,2.038234,353.278423,2344.626894,0.038234,-646.721577,1344.626894,0.985926
2.0,1000,3,0.1,3233,0.684174,525.353496,1315.531985,-1.315826,-474.646504,315.531985,0.999942
2.0,1000,3,0.1,3234,0.308867,128.357456,1944.165378,-1.691133,-871.642544,944.165378,0.999982
2.0,1000,3,0.1,3235,1.058107,1247.547573,1191.366132,-0.941893,247.547573,191.366132,0.999997
2.0,1000,3,0.1,3236,2.269917,1530.643832,668.955062,0.269917,530.643832,-331.044938,0.862477
2.0,1000,3,0.1,3237,1.482763,1506.329323,766.221330,-0.517237,506.329323,-233.778670,0.999994
2.0,1000,3,0.1,3238,2.032849,1773.463673,453.730048,0.032849,773.463673,-546.269952,0.971217
2.0,1000,3,0.1,3239,0.536155,158.975407,1692.444721,-1.463845,-841.024593,692.444721,1.000000
2.0,1000,3,0.1,3240,0.372530,57.467759,1360.658143,-1.627470,-942.532241,360.658143,0.999996
2.0,1000,3,0.1,3241,1.157620,37.287848,1755.287283,-0.842380,-962.712152,755.287283,0.999999
2.0,1000,3,0.1,3242,2.310131,1807.051428,485.071092,0.310131,807.051428,-514.928908,0.836761
2.0,1000,3,0.1,3243,2.018566,1054.581347,967.478757,0.018566,54.581347,-32.521243,0.975894
2.0,1000,3,0.1,3244,0.347701,193.062722,1586.669032,-1.652299,-806.937278,586.669032,1.000000
2.0,1000,3,0.1,3245,0.183887,83.938026,1105.573995,-1.816113,-916.061974,105.573995,0.999937
2.0,1000,3,0.1,3246,1.180879,837.541829,924.034155,-0.819121,-162.458171,-75.965845,0.999994
2.0,1000,3,0.1,3247,2.204791,1718.712836,1029.927371,0.204791,718.712836,29.927371,0.899743
2.0,1000,3,0.1,3248,1.872546,1466.507576,877.611505,-0.127454,466.507576,-122.388495,0.999558
2.0,1000,3,0.1,3249,0.375211,276.615225,1491.578288,-1.624789,-723.384775,491.578288,1.000000
2.0,1000,3,0.1,3250,0.389448,192.372600,1902.559386,-1.610552,-807.627400,902.559386,1.000000
2.0,1000,3,0.1,3251,1.301487,291.476032,2219.053704,-0.698513,-708.523968,1219.053704,1.000000
2.0,1000,3,0.1,3252,0.331536,225.934457,1727.181846,-1.668464,-774.065543,727.181846,1.000000
2.0,1000,3,0.1,3253,2.020100,1715.869638,1040.030982,0.020100,715.869638,40.030982,0.975155
2.0,1000,3,0.1,3254,1.981324,591.990876,1893.604614,-0.018676,-408.009124,893.604614,0.987164
2.0,1000,3,0.1,3255,2.121083,1491.869379,815.724989,0.121083,491.869379,-184.275011,0.939360
2.0,1000,3,0.1,3256,0.718960,714.991438,1311.568324,-1.281040,-285.008562,311.568324,0.999991
2.0,1000,3,0.1,3257,2.441616,119.224542,1341.098368,0.441616,-880.775458,341.098368,0.850363
2.0,1000,3,0.1,3258,1.971726,1789.907470,263.318925,-0.028274,789.907470,-736.681075,0.986842
2.0,1000,3,0.1,3259,2.010542,1476.995049,817.735884,0.010542,476.995049,-182.264116,0.977781
2.0,1000,3,0.1,3260,1.966226,417.687583,1290.851870,-0.033774,-582.312417,290.851870,0.990265
2.0,1000,3,0.1,3261,2.217380,1505.785654,418.750351,0.217380,505.785654,-581.249649,0.892469
2.0,1000,3,0.1,3262,NaN,NaN,NaN,NaN,NaN,NaN,NaN
2.0,1000,3,0.1,3263,2.070513,1204.350855,674.933925,0.070513,204.350855,-325.066075,0.959160
2.0,1000,3,0.1,3264,1.867059,1560.959659,496.384199,-0.132941,560.959659,-503.615801,0.999745
2.0,1000,3,0.1,3265,0.297816,261.920106,1649.708594,-1.702184,-738.079894,649.708594,0.999999
2.0,1000,3,0.1,3266,0.610828,645.840076,1389.724581,-1.389172,-354.159924,389.724581,0.999840
2.0,1000,3,0.1,3267,1.961801,1225.519220,1340.338542,-0.038199,225.519220,340.338542,0.989151
2.0,1000,3,0.1,3268,1.519652,1694.416024,586.599970,-0.480348,694.416024,-413.400030,0.999995
2.0,1000,3,0.1,3269,0.506884,265.784720,1390.497706,-1.493116,-734.215280,390.497706,0.998111
2.0,1000,3,0.1,3270,1.931426,930.739181,893.935233,-0.068574,-69.260819,-106.064767,0.994273
2.0,1000,3,0.1,3271,2.153086,495.218624,999.845720,0.153086,-504.781376,-0.154280,0.928337
2.0,1000,3,0.1,3272,2.322031,1554.920440,542.221308,0.322031,554.920440,-457.778692,0.828844
2.0,1000,3,0.1,3273,2.161407,1600.595651,878.040243,0.161407,600.595651,-121.959757,0.921263
2.0,1000,3,0.1,3274,1.908354,985.990492,1065.461066,-0.091646,-14.009508,65.461066,0.997063
2.0,1000,3,0.1,3275,1.589415,478.345889,1381.464882,-0.410585,-521.654111,381.464882,0.999922
2.0,1000,3,0.1,3276,0.304597,39.108726,1552.845249,-1.695403,-960.891274,552.845249,0.990785
2.0,1000,3,0.1,3277,2.271723,1024.617548,1186.262806,0.271723,24.617548,186.262806,0.862641
2.0,1000,3,0.1,3278,2.048221,654.654147,1197.615938,0.048221,-345.345853,197.615938,0.968421
2.0,1000,3,0.1,3279,0.572854,197.900009,1505.443605,-1.427146,-802.099991,505.443605,0.999972
2.0,1000,3,0.1,3280,2.272216,954.642368,1459.148095,0.272216,-45.357632,459.148095,0.863685
2.0,1000,3,0.1,3281,0.654055,48.541185,1471.755400,-1.345945,-951.458815,471.755400,1.000000
2.0,1000,3,0.1,3282,2.315895,1184.580296,878.189839,0.315895,184.580296,-121.810161,0.833658
2.0,1000,3,0.1,3283,2.407348,400.622483,1329.807028,0.407348,-599.377517,329.807028,0.776723
2.0,1000,3,0.1,3284,0.402544,89.333920,1975.665190,-1.597456,-910.666080,975.665190,0.999999
2.0,1000,3,0.1,3285,1.952069,1689.069045,527.583360,-0.047931,689.069045,-472.416640,0.990672
2.0,1000,3,0.1,3286,2.073636,194.600712,1667.076349,0.073636,-805.399288,667.076349,0.989020
2.0,1000,3,0.1,3287,2.152889,962.156300,960.994525,0.152889,-37.843700,-39.005475,0.926162
2.0,1000,3,0.1,3288,0.501481,268.417921,1396.275515,-1.498519,-731.582079,396.275515,0.999598
2.0,1000,3,0.1,3289,2.168470,904.937500,828.941418,0.168470,-95.062500,-171.058582,0.918620
2.0,1000,3,0.1,3290,0.447274,106.911088,1317.529728,-1.552726,-893.088912,317.529728,1.000000
2.0,1000,3,0.1,3291,2.277334,843.008926,984.325530,0.277334,-156.991074,-15.674470,0.859389
2.0,1000,3,0.1,3292,1.908025,308.328293,1314.264030,-0.091975,-691.671707,314.264030,0.998829
2.0,1000,3,0.1,3293,0.330342,152.716183,1780.694531,-1.669658,-847.283817,780.694531,0.999999
2.0,1000,3,0.1,3294,2.104326,1344.871728,509.826616,0.104326,344.871728,-490.173384,0.946246
2.0,1000,3,0.1,3295,0.292695,299.373324,1085.682692,-1.707305,-700.626676,85.682692,1.000000
2.0,1000,3,0.1,3296,2.308454,316.554541,2031.558212,0.308454,-683.445459,1031.558212,0.878710
2.0,1000,3,0.1,3297,2.409803,1560.634069,838.711608,0.409803,560.634069,-161.288392,0.765850
2.0,1000,3,0.1,3298,0.588353,310.741436,1600.682771,-1.411647,-689.258564,600.682771,0.999890
2.0,1000,3,0.1,3299,0.530680,184.467267,1513.573140,-1.469320,-815.532733,513.573140,1.000000
2.0,1000,3,0.1,3300,1.921945,973.240007,1052.757096,-0.078055,-26.759993,52.757096,0.995517
2.0,1000,3,0.1,3301,0.562103,205.206720,1457.852800,-1.437897,-794.793280,457.852800,0.999293
2.0,1000,3,0.1,3302,1.869602,507.907602,1063.849209,-0.130398,-492.092398,63.849209,0.999793
2.0,1000,3,0.1,3303,1.638146,1312.149016,689.704394,-0.361854,312.149016,-310.295606,0.999989
2.0,1000,3,0.1,3304,2.235319,656.604989,1470.208704,0.235319,-343.395011,470.208704,0.886769
2.0,1000,3,0.1,3305,2.429397,401.043890,1431.944905,0.429397,-598.956110,431.944905,0.767116
2.0,1000,3,0.1,3306,2.427499,498.972004,1440.707437,0.427499,-501.027996,440.707437,0.759590
2.0,1000,3,0.1,3307,0.374223,159.975997,1752.526676,-1.625777,-840.024003,752.526676,1.000000
2.0,1000,3,0.1,3308,2.072504,579.042297,1007.535465,0.072504,-420.957703,7.535465,0.959335
2.0,1000,3,0.1,3309,0.719372,958.817505,1261.402874,-1.280628,-41.182495,261.402874,0.999999
2.0,1000,3,0.1,3310,0.590612,140.074064,1130.073571,-1.409388,-859.925936,130.073571,0.999289
2.0,1000,3,0.1,3311,0.871262,711.976680,1095.824131,-1.128738,-288.023320,95.824131,1.000000
2.0,1000,3,0.1,3312,0.277162,203.590382,1463.680678,-1.722838,-796.409618,463.680678,0.999995
2.0,1000,3,0.1,3313,1.147465,266.225066,1669.729559,-0.852535,-733.774934,669.729559,0.999998
2.0,1000,3,0.1,3314,1.150505,584.949875,1737.718292,-0.849495,-415.050125,737.718292,0.999992
2.0,1000,3,0.1,3315,2.263360,1003.198159,873.775028,0.263360,3.198159,-126.224972,0.867232
2.0,1000,3,0.1,3316,2.075272,298.531762,1572.748350,0.075272,-701.468238,572.748350,0.970088
2.0,1000,3,0.1,3317,0.311174,101.423034,1509.874626,-1.688826,-898.576966,509.874626,0.999985
2.0,1000,3,0.1,3318,2.010162,553.120355,1308.110034,0.010162,-446.879645,308.110034,0.979724
2.0,1000,3,0.1,3319,2.114132,1938.102726,464.892712,0.114132,938.102726,-535.107288,0.942106
2.0,1000,3,0.1,3320,1.880234,658.215382,1443.809435,-0.119766,-341.784618,443.809435,0.999546
2.0,1000,3,0.1,3321,2.017110,874.379686,1327.167873,0.017110,-125.620314,327.167873,0.976961
2.0,1000,3,0.1,3322,0.867943,247.520149,1400.280291,-1.132057,-752.479851,400.280291,0.999419
2.0,1000,3,0.1,3323,2.319945,566.972517,1408.588916,0.319945,-433.027483,408.588916,0.834520
2.0,1000,3,0.1,3324,2.108603,537.149305,1666.685494,0.108603,-462.850695,666.685494,0.949985
2.0,1000,3,0.1,3325,0.330384,145.274135,1828.163928,-1.669616,-854.725865,828.163928,0.999997
2.0,1000,3,0.1,3326,0.965435,715.313816,1327.486845,-1.034565,-284.686184,327.486845,0.999999
2.0,1000,3,0.1,3327,0.848347,406.657652,1185.271313,-1.151653,-593.342348,185.271313,0.999991
2.0,1000,3,0.1,3328,0.371888,618.953947,1301.786926,-1.628112,-381.046053,301.786926,1.000000
2.0,1000,3,0.1,3329,2.194785,920.348253,1044.681510,0.194785,-79.651747,44.681510,0.905448
2.0,1000,3,0.1,3330,0.614807,41.677159,1234.693034,-1.385193,-958.322841,234.693034,1.000000
2.0,1000,3,0.1,3331,1.945955,645.621353,1145.647157,-0.054045,-354.378647,145.647157,0.992629
2.0,1000,3,0.1,3332,1.912730,1488.064902,1046.479459,-0.087270,488.064902,46.479459,0.996495
2.0,1000,3,0.1,3333,2.152857,1664.770744,622.224025,0.152857,664.770744,-377.775975,0.925280
2.0,1000,3,0.1,3334,0.384222,216.501457,1199.134490,-1.615778,-783.498543,199.134490,1.000000
2.0,1000,3,0.1,3335,0.303312,354.202474,1738.524999,-1.696688,-645.797526,738.524999,1.000000
2.0,1000,3,0.1,3336,NaN,NaN,NaN,NaN,NaN,NaN,NaN
2.0,1000,3,0.1,3337,1.949732,1577.782908,518.298706,-0.050268,577.782908,-481.701294,0.991097
2.0,1000,3,0.1,3338,0.627167,138.484823,1817.068534,-1.372833,-861.515177,817.068534,1.000000
2.0,1000,3,0.1,3339,0.706991,360.657830,1306.332940,-1.293009,-639.342170,306.332940,0.999501
2.0,1000,3,0.1,3340,1.837022,1052.289078,1449.724568,-0.162978,52.289078,449.724568,0.999946
2.0,1000,3,0.1,3341,2.216756,340.275663,1253.784284,0.216756,-659.724337,253.784284,0.903020
2.0,1000,3,0.1,3342,2.287264,553.288982,1177.187200,0.287264,-446.711018,177.187200,0.856379
2.0,1000,3,0.1,3343,1.896580,1004.239163,690.993675,-0.103420,4.239163,-309.006325,0.998077
2.0,1000,3,0.1,3344,0.429686,389.541399,1312.338387,-1.570314,-610.458601,312.338387,1.000000
2.0,1000,3,0.1,3345,0.455161,388.436560,1530.562197,-1.544839,-611.563440,530.562197,1.000000
2.0,1000,3,0.1,3346,2.032288,496.102571,1468.508303,0.032288,-503.897429,468.508303,0.975633
2.0,1000,3,0.1,3347,1.879602,835.419024,877.192328,-0.120398,-164.580976,-122.807672,0.999315
2.0,1000,3,0.1,3348,1.861645,1087.052051,1020.464073,-0.138355,87.052051,20.464073,0.999910
2.0,1000,3,0.1,3349,1.004999,731.398009,993.992098,-0.995001,-268.601991,-6.007902,0.999997
2.0,1000,3,0.1,3350,0.304398,281.956292,1328.063842,-1.695602,-718.043708,328.063842,1.000000
2.0,1000,3,0.1,3351,0.481885,96.240644,1880.501283,-1.518115,-903.759356,880.501283,1.000000
2.0,1000,3,0.1,3352,2.130114,860.617023,1027.820671,0.130114,-139.382977,27.820671,0.936476
2.0,1000,3,0.1,3353,1.336029,826.551313,1065.072083,-0.663971,-173.448687,65.072083,0.999989
2.0,1000,3,0.1,3354,0.689336,464.439943,1454.960777,-1.310664,-535.560057,454.960777,0.999659
2.0,1000,3,0.1,3355,2.101935,986.984206,1165.928827,0.101935,-13.015794,165.928827,0.948175
2.0,1000,3,0.1,3356,1.878593,1316.845308,739.471241,-0.121407,316.845308,-260.528759,0.999270
2.0,1000,3,0.1,3357,2.205561,2547.813020,355.468415,0.205561,1547.813020,-644.531585,0.898838
2.0,1000,3,0.1,3358,2.063053,1713.427331,485.900144,0.063053,713.427331,-514.099856,0.961536
2.0,1000,3,0.1,3359,2.065524,596.851245,1299.517569,0.065524,-403.148755,299.517569,0.962565
2.0,1000,3,0.1,3360,2.363718,1114.573605,582.816292,0.363718,114.573605,-417.183708,0.800011
2.0,1000,3,0.1,3361,1.903933,873.976570,1010.305295,-0.096067,-126.023430,10.305295,0.997571
2.0,1000,3,0.1,3362,2.230466,1236.855339,563.751496,0.230466,236.855339,-436.248504,0.885503
2.0,1000,3,0.1,3363,0.460771,375.043914,1630.108557,-1.539229,-624.956086,630.108557,1.000000
2.0,1000,3,0.1,3364,1.176496,737.040778,1369.197722,-0.823504,-262.959222,369.197722,0.999991
2.0,1000,3,0.1,3365,2.051019,792.718515,1614.990061,0.051019,-207.281485,614.990061,0.967950
2.0,1000,3,0.1,3366,0.448861,221.460101,1743.449704,-1.551139,-778.539899,743.449704,1.000000
2.0,1000,3,0.1,3367,1.202501,755.045587,1643.584722,-0.797499,-244.954413,643.584722,0.999989
2.0,1000,3,0.1,3368,2.387057,1397.165583,801.863683,0.387057,397.165583,-198.136317,0.783228
2.0,1000,3,0.1,3369,1.012135,1230.254148,1221.705718,-0.987865,230.254148,221.705718,0.999998
2.0,1000,3,0.1,3370,2.011958,991.336503,1129.172962,0.011958,-8.663497,129.172962,0.977900
2.0,1000,3,0.1,3371,0.307159,62.557914,1729.406822,-1.692841,-937.442086,729.406822,0.999647
2.0,1000,3,0.1,3372,2.348482,427.576886,1122.730691,0.348482,-572.423114,122.730691,0.819201
2.0,1000,3,0.1,3373,2.341911,691.172565,1179.888914,0.341911,-308.827435,179.888914,0.819194
2.0,1000,3,0.1,3374,0.570364,226.490454,1697.595337,-1.429636,-773.509546,697.595337,0.999909
2.0,1000,3,0.1,3375,2.303280,633.383577,1425.047559,0.303280,-366.616423,425.047559,0.846076
2.0,1000,3,0.1,3376,2.165847,1573.895167,608.752325,0.165847,573.895167,-391.247675,0.919072
2.0,1000,3,0.1,3377,0.241830,146.474261,1348.386114,-1.758170,-853.525739,348.386114,0.998683
2.0,1000,3,0.1,3378,1.602919,705.438998,1204.686897,-0.397081,-294.561002,204.686897,0.999959
2.0,1000,3,0.1,3379,2.136175,1932.245956,215.020721,0.136175,932.245956,-784.979279,0.932627
2.0,1000,3,0.1,3380,2.111948,471.132197,1489.446382,0.111948,-528.867803,489.446382,0.947964
2.0,1000,3,0.1,3381,0.381694,161.452700,1432.060609,-1.618306,-838.547300,432.060609,1.000000
2.0,1000,3,0.1,3382,2.136011,263.480494,2508.469170,0.136011,-736.519506,1508.469170,0.976057
2.0,1000,3,0.1,3383,2.051574,756.633945,1249.935769,0.051574,-243.366055,249.935769,0.967036
2.0,1000,3,0.1,3384,2.068545,1050.298480,901.093587,0.068545,50.298480,-98.906413,0.960157
2.0,1000,3,0.1,3385,2.281895,417.441107,1327.365547,0.281895,-582.558893,327.365547,0.863472
2.0,1000,3,0.1,3386,0.618104,699.787134,1521.175222,-1.381896,-300.212866,521.175222,0.999869
2.0,1000,3,0.1,3387,0.625169,140.860858,1965.197623,-1.374831,-859.139142,965.197623,1.000000
2.0,1000,3,0.1,3388,2.312554,722.088084,927.144570,0.312554,-277.911916,-72.855430,0.837427
2.0,1000,3,0.1,3389,0.217712,189.950118,1079.689996,-1.782288,-810.049882,79.689996,0.995630
2.0,1000,3,0.1,3390,2.050504,1445.833149,859.890513,0.050504,445.833149,-140.109487,0.965971
2.0,1000,3,0.1,3391,2.418665,706.542922,1153.543633,0.418665,-293.457078,153.543633,0.760983
2.0,1000,3,0.1,3392,1.983366,1356.527538,1256.674762,-0.016634,356.527538,256.674762,0.984676
2.0,1000,3,0.1,3393,2.197605,1130.440649,1080.535547,0.197605,130.440649,80.535547,0.903847
2.0,1000,3,0.1,3394,1.331414,805.334804,1038.980620,-0.668586,-194.665196,38.980620,0.999990
2.0,1000,3,0.1,3395,1.008594,614.575233,1690.734581,-0.991406,-385.424767,690.734581,0.999997
2.0,1000,3,0.1,3396,1.953723,1322.945183,1036.773664,-0.046277,322.945183,36.773664,0.990624
2.0,1000,3,0.1,3397,1.947684,387.014577,1536.547088,-0.052316,-612.985423,536.547088,0.995099
2.0,1000,3,0.1,3398,0.276750,137.590796,1477.685214,-1.723250,-862.409204,477.685214,0.999962
2.0,1000,3,0.1,3399,0.341002,60.989385,1492.818238,-1.658998,-939.010615,492.818238,0.999978
2.0,1000,3,0.1,3400,2.281678,1523.013024,572.653698,0.281678,523.013024,-427.346302,0.855102
2.0,1000,3,0.1,3401,2.007937,248.883829,1490.734862,0.007937,-751.116171,490.734862,0.989860
2.0,1000,3,0.1,3402,2.144594,1425.663106,948.899157,0.144594,425.663106,-51.100843,0.929200
2.0,1000,3,0.1,3403,2.417159,2071.992722,215.330451,0.417159,1071.992722,-784.669549,0.759378
2.0,1000,3,0.1,3404,0.386517,223.999581,2040.857917,-1.613483,-776.000419,1040.857917,1.000000
2.0,1000,3,0.1,3405,2.093963,741.302113,1410.425564,0.093963,-258.697887,410.425564,0.952269
2.0,1000,3,0.1,3406,0.228650,189.888612,1295.069652,-1.771350,-810.111388,295.069652,0.997869
2.0,1000,3,0.1,3407,2.414031,344.940264,1281.368717,0.414031,-655.059736,281.368717,0.777688
2.0,1000,3,0.1,3408,1.881900,1043.641620,1844.588534,-0.118100,43.641620,844.588534,0.999362
2.0,1000,3,0.1,3409,2.052927,531.091649,1069.703323,0.052927,-468.908351,69.703323,0.967258
2.0,1000,3,0.1,3410,1.259842,1477.052529,973.661758,-0.740158,477.052529,-26.338242,0.999996
2.0,1000,3,0.1,3411,1.918046,994.533475,862.704782,-0.081954,-5.466525,-137.295218,0.995881
2.0,1000,3,0.1,3412,0.769524,71.351147,1685.376782,-1.230476,-928.648853,685.376782,1.000000
2.0,1000,3,0.1,3413,0.543607,230.183747,1530.845462,-1.456393,-769.816253,530.845462,0.999999
2.0,1000,3,0.1,3414,1.991842,1661.971988,480.290577,-0.008158,661.971988,-519.709423,0.982322
2.0,1000,3,0.1,3415,0.949646,388.215969,1591.073881,-1.050354,-611.784031,591.073881,0.999983
2.0,1000,3,0.1,3416,2.320598,1112.859104,1150.197054,0.320598,112.859104,150.197054,0.831110
2.0,1000,3,0.1,3417,0.500082,250.444889,1285.041110,-1.499918,-749.555111,285.041110,0.999366
2.0,1000,3,0.1,3418,2.128187,357.273757,988.863410,0.128187,-642.726243,-11.136590,0.939888
2.0,1000,3,0.1,3419,2.310382,1259.274895,571.089275,0.310382,259.274895,-428.910725,0.836604
2.0,1000,3,0.1,3420,1.899507,454.046593,1295.207889,-0.100493,-545.953407,295.207889,0.998766
2.0,1000,3,0.1,3421,1.992581,1651.480188,715.760011,-0.007419,651.480188,-284.239989,0.982223
2.0,1000,3,0.1,3422,0.638417,547.490911,1234.541212,-1.361583,-452.509089,234.541212,0.999925
2.0,1000,3,0.1,3423,2.109552,2495.049362,161.106418,0.109552,1495.049362,-838.893582,0.943901
2.0,1000,3,0.1,3424,2.306424,592.854949,1521.237585,0.306424,-407.145051,521.237585,0.846029
2.0,1000,3,0.1,3425,1.526635,249.218108,2025.127049,-0.473365,-750.781892,1025.127049,0.999885
2.0,1000,3,0.1,3426,1.407614,754.241616,1003.488866,-0.592386,-245.758384,3.488866,0.999984
2.0,1000,3,0.1,3427,2.050200,1330.142424,892.141092,0.050200,330.142424,-107.858908,0.966044
2.0,1000,3,0.1,3428,1.990653,1781.705536,521.129812,-0.009347,781.705536,-478.870188,0.982612
2.0,1000,3,0.1,3429,2.322933,1595.926337,461.763272,0.322933,595.926337,-538.236728,0.828273
2.0,1000,3,0.1,3430,2.384892,1094.535624,670.746682,0.384892,94.535624,-329.253318,0.784924
2.0,1000,3,0.1,3431,0.550861,211.701640,1699.960358,-1.449139,-788.298360,699.960358,1.000000
2.0,1000,3,0.1,3432,0.610473,841.512603,1012.935716,-1.389527,-158.487397,12.935716,0.999989
2.0,1000,3,0.1,3433,2.296954,494.826325,1086.686637,0.296954,-505.173675,86.686637,0.848765
2.0,1000,3,0.1,3434,0.841849,587.579291,1191.984196,-1.158151,-412.420709,191.984196,1.000000
2.0,1000,3,0.1,3435,2.232693,1067.382303,1023.127038,0.232693,67.382303,23.127038,0.884875
2.0,1000,3,0.1,3436,0.260523,179.891973,1339.174323,-1.739477,-820.108027,339.174323,0.999975
2.0,1000,3,0.1,3437,0.601133,472.502392,1163.209494,-1.398867,-527.497608,163.209494,0.999546
2.0,1000,3,0.1,3438,0.480181,305.800703,2067.489258,-1.519819,-694.199297,1067.489258,1.000000
2.0,1000,3,0.1,3439,2.016822,2276.785849,247.139134,0.016822,1276.785849,-752.860866,0.975816
2.0,1000,3,0.1,3440,2.338253,653.681277,1079.332580,0.338253,-346.318723,79.332580,0.820953
2.0,1000,3,0.1,3441,1.296974,367.825836,1715.007019,-0.703026,-632.174164,715.007019,0.999974
2.0,1000,3,0.1,3442,NaN,NaN,NaN,NaN,NaN,NaN,NaN
2.0,1000,3,0.1,3443,2.398907,467.364953,871.094215,0.398907,-532.635047,-128.905785,0.778748
2.0,1000,3,0.1,3444,1.540129,1541.824198,858.751019,-0.459871,541.824198,-141.248981,0.999992
2.0,1000,3,0.1,3445,0.372546,63.904268,1799.743878,-1.627454,-936.095732,799.743878,0.999992
2.0,1000,3,0.1,3446,2.103939,991.500253,885.316141,0.103939,-8.499747,-114.683859,0.946718
2.0,1000,3,0.1,3447,2.163423,1068.331194,1447.501535,0.163423,68.331194,447.501535,0.921679
2.0,1000,3,0.1,3448,1.921492,937.519377,1636.994536,-0.078508,-62.480623,636.994536,0.995941
2.0,1000,3,0.1,3449,0.957250,499.929650,1044.776046,-1.042750,-500.070350,44.776046,0.999998
2.0,1000,3,0.1,3450,0.397367,85.289847,1595.294417,-1.602633,-914.710153,595.294417,0.999999
2.0,1000,3,0.1,3451,2.371480,1783.365537,425.864393,0.371480,783.365537,-574.135607,0.794040
2.0,1000,3,0.1,3452,0.351632,126.830393,1541.085029,-1.648368,-873.169607,541.085029,0.999999
2.0,1000,3,0.1,3453,2.181359,583.628973,1009.661879,0.181359,-416.371027,9.661879,0.913738
2.0,1000,3,0.1,3454,2.405182,851.032970,1302.465525,0.405182,-148.967030,302.465525,0.772459
2.0,1000,3,0.1,3455,2.253656,1953.072460,231.999842,0.253656,953.072460,-768.000158,0.871762
2.0,1000,3,0.1,3456,0.445628,163.266377,1957.423970,-1.554372,-836.733623,957.423970,1.000000
2.0,1000,3,0.1,3457,0.790385,399.615695,1835.516390,-1.209615,-600.384305,835.516390,0.999495
2.0,1000,3,0.1,3458,0.312679,239.306770,1779.513395,-1.687321,-760.693230,779.513395,0.999999
2.0,1000,3,0.1,3459,2.042962,1714.079265,389.370112,0.042962,714.079265,-610.629888,0.968124
2.0,1000,3,0.1,3460,1.986694,138.600351,1281.209720,-0.013306,-861.399649,281.209720,0.998894
2.0,1000,3,0.1,3461,0.352548,117.388336,1384.072370,-1.647452,-882.611664,384.072370,0.999999
2.0,1000,3,0.1,3462,0.898912,297.791751,1388.854492,-1.101088,-702.208249,388.854492,0.999887
2.0,1000,3,0.1,3463,0.870414,1290.340365,1122.160564,-1.129586,290.340365,122.160564,0.999999
2.0,1000,3,0.1,3464,NaN,NaN,NaN,NaN,NaN,NaN,NaN
2.0,1000,3,0.1,3465,0.791107,197.771814,1301.095066,-1.208893,-802.228186,301.095066,0.999619
2.0,1000,3,0.1,3466,0.570367,308.273834,1472.503008,-1.429633,-691.726166,472.503008,0.999889
2.0,1000,3,0.1,3467,0.955213,1013.945383,1131.628238,-1.044787,13.945383,131.628238,0.999998
2.0,1000,3,0.1,3468,1.929642,1285.306506,624.169451,-0.070358,285.306506,-375.830549,0.994333
2.0,1000,3,0.1,3469,0.685454,118.551257,1324.699420,-1.314546,-881.448743,324.699420,0.997163
2.0,1000,3,0.1,3470,2.135497,987.521418,962.104936,0.135497,-12.478582,-37.895064,0.933756
2.0,1000,3,0.1,3471,0.597926,136.301220,1675.949330,-1.402074,-863.698780,675.949330,1.000000
2.0,1000,3,0.1,3472,0.894781,555.810667,1277.999444,-1.105219,-444.189333,277.999444,1.000000
2.0,1000,3,0.1,3473,0.700822,540.177684,1326.601877,-1.299178,-459.822316,326.601877,0.999947
2.0,1000,3,0.1,3474,1.933454,1712.079634,980.502923,-0.066546,712.079634,-19.497077,0.993770
2.0,1000,3,0.1,3475,1.826649,1018.124303,924.374661,-0.173351,18.124303,-75.625339,0.999968
2.0,1000,3,0.1,3476,0.401279,364.240495,1355.659488,-1.598721,-635.759505,355.659488,1.000000
2.0,1000,3,0.1,3477,1.982781,1230.739217,1079.956481,-0.017219,230.739217,79.956481,0.984656
2.0,1000,3,0.1,3478,0.525935,180.714773,1863.865173,-1.474065,-819.285227,863.865173,1.000000
2.0,1000,3,0.1,3479,0.914601,1131.780404,1360.736289,-1.085399,131.780404,360.736289,0.999999
2.0,1000,3,0.1,3480,2.220743,736.352738,1029.335659,0.220743,-263.647262,29.335659,0.892924
2.0,1000,3,0.1,3481,2.052913,1066.678955,632.181752,0.052913,66.678955,-367.818248,0.965173
2.0,1000,3,0.1,3482,2.297796,1526.567882,883.319903,0.297796,526.567882,-116.680097,0.845213
2.0,1000,3,0.1,3483,1.153146,233.298600,2138.292425,-0.846854,-766.701400,1138.292425,0.999691
2.0,1000,3,0.1,3484,2.561914,118.570723,1710.681845,0.561914,-881.429277,710.681845,0.904756
2.0,1000,3,0.1,3485,0.401968,483.925011,1759.435768,-1.598032,-516.074989,759.435768,1.000000
2.0,1000,3,0.1,3486,0.250821,253.663288,1343.288655,-1.749179,-746.336712,343.288655,0.999987
2.0,1000,3,0.1,3487,1.897040,2343.982216,330.321254,-0.102960,1343.982216,-669.678746,0.997954
2.0,1000,3,0.1,3488,1.378092,1131.499921,939.121397,-0.621908,131.499921,-60.878603,0.999992
2.0,1000,3,0.1,3489,2.371858,865.491566,1140.816868,0.371858,-134.508434,140.816868,0.796283
2.0,1000,3,0.1,3490,1.897740,359.763603,1428.820749,-0.102260,-640.236397,428.820749,0.999486
2.0,1000,3,0.1,3491,2.297819,741.208666,908.159811,0.297819,-258.791334,-91.840189,0.846090
2.0,1000,3,0.1,3492,1.935900,1202.820372,734.166263,-0.064100,202.820372,-265.833737,0.993391
2.0,1000,3,0.1,3493,2.035870,502.057294,1451.172760,0.035870,-497.942706,451.172760,0.974276
2.0,1000,3,0.1,3494,0.514596,366.730873,2070.956269,-1.485404,-633.269127,1070.956269,0.999830
2.0,1000,3,0.1,3495,2.013815,2276.408252,586.387725,0.013815,1276.408252,-413.612275,0.976706
2.0,1000,3,0.1,3496,0.401331,578.706872,1801.195120,-1.598669,-421.293128,801.195120,1.000000
2.0,1000,3,0.1,3497,2.161422,1024.109246,957.398534,0.161422,24.109246,-42.601466,0.922033
2.0,1000,3,0.1,3498,0.725708,486.903212,1488.364587,-1.274292,-513.096788,488.364587,0.999895
2.0,1000,3,0.1,3499,0.420655,406.600996,1569.372519,-1.579345,-593.399004,569.372519,1.000000
2.0,1000,3,0.1,3500,1.681168,895.143558,1032.450024,-0.318832,-104.856442,32.450024,0.999981
2.0,1000,3,0.1,3501,1.137191,620.828282,1625.932057,-0.862809,-379.171718,625.932057,0.999989
2.0,1000,3,0.1,3502,2.162873,614.697738,897.944332,0.162873,-385.302262,-102.055668,0.921671
2.0,1000,3,0.1,3503,2.069202,1230.794296,728.533770,0.069202,230.794296,-271.466230,0.959624
2.0,1000,3,0.1,3504,1.059836,510.223412,1058.101576,-0.940164,-489.776588,58.101576,0.999995
2.0,1000,3,0.1,3505,1.936063,1743.144504,310.159013,-0.063937,743.144504,-689.840987,0.993308
2.0,1000,3,0.1,3506,1.885982,1071.160349,1627.885583,-0.114018,71.160349,627.885583,0.999017
2.0,1000,3,0.1,3507,2.006827,1094.646277,1388.385161,0.006827,94.646277,388.385161,0.979377
2.0,1000,3,0.1,3508,2.035640,775.809352,1220.034366,0.035640,-224.190648,220.034366,0.971166
2.0,1000,3,0.1,3509,2.154755,691.068984,1117.501891,0.154755,-308.931016,117.501891,0.926088
2.0,1000,3,0.1,3510,2.059250,605.848997,1143.769609,0.059250,-394.151003,143.769609,0.964644
2.0,1000,3,0.1,3511,1.869039,1564.586873,632.881586,-0.130961,564.586873,-367.118414,0.999676
2.0,1000,3,0.1,3512,2.413674,1585.929379,744.602442,0.413674,585.929379,-255.397558,0.762704
2.0,1000,3,0.1,3513,NaN,NaN,NaN,NaN,NaN,NaN,NaN
2.0,1000,3,0.1,3514,0.372073,205.853736,1640.566551,-1.627927,-794.146264,640.566551,1.000000
2.0,1000,3,0.1,3515,2.342488,1259.371722,838.626139,0.342488,259.371722,-161.373861,0.815480
2.0,1000,3,0.1,3516,1.047664,639.174448,945.430959,-0.952336,-360.825552,-54.569041,0.999995
2.0,1000,3,0.1,3517,2.208319,1148.058012,692.300843,0.208319,148.058012,-307.699157,0.897913
2.0,1000,3,0.1,3518,0.279792,87.734111,1513.108053,-1.720208,-912.265889,513.108053,0.999717
2.0,1000,3,0.1,3519,0.435045,250.480672,1303.122203,-1.564955,-749.519328,303.122203,1.000000
2.0,1000,3,0.1,3520,0.288103,62.095353,1379.412482,-1.711897,-937.904647,379.412482,0.999282
2.0,1000,3,0.1,3521,2.271205,265.539110,1665.803090,0.271205,-734.460890,665.803090,0.896998
2.0,1000,3,0.1,3522,1.902290,357.086607,1429.703139,-0.097710,-642.913393,429.703139,0.999291
2.0,1000,3,0.1,3523,2.185924,752.869338,870.070630,0.185924,-247.130662,-129.929370,0.910444
2.0,1000,3,0.1,3524,0.612559,526.339403,1257.894788,-1.387441,-473.660597,257.894788,0.999670
2.0,1000,3,0.1,3525,0.364094,293.625236,1189.879800,-1.635906,-706.374764,189.879800,1.000000
2.0,1000,3,0.1,3526,2.394550,708.259898,980.500324,0.394550,-291.740102,-19.499676,0.779713
2.0,1000,3,0.1,3527,1.170147,812.860529,1003.292047,-0.829853,-187.139471,3.292047,0.999994
2.0,1000,3,0.1,3528,1.905652,1275.512477,718.350766,-0.094348,275.512477,-281.649234,0.997209
2.0,1000,3,0.1,3529,0.236981,202.806259,1742.438987,-1.763019,-797.193741,742.438987,0.997584
2.0,1000,3,0.1,3530,1.882162,1919.856567,416.119766,-0.117838,919.856567,-583.880234,0.999051
2.0,1000,3,0.1,3531,1.961589,581.635057,983.123846,-0.038411,-418.364943,-16.876154,0.989692
2.0,1000,3,0.1,3532,1.915482,1268.921434,869.195021,-0.084518,268.921434,-130.804979,0.996204
2.0,1000,3,0.1,3533,2.172024,464.608721,1375.701180,0.172024,-535.391279,375.701180,0.923159
2.0,1000,3,0.1,3534,2.366823,727.901432,1336.793111,0.366823,-272.098568,336.793111,0.801847
2.0,1000,3,0.1,3535,2.057580,2295.565619,210.697737,0.057580,1295.565619,-789.302263,0.963266
2.0,1000,3,0.1,3536,2.268397,420.657849,1569.173852,0.268397,-579.342151,569.173852,0.874063
2.0,1000,3,0.1,3537,1.980894,790.851701,1167.434369,-0.019106,-209.148299,167.434369,0.985788
2.0,1000,3,0.1,3538,0.232677,256.064948,1670.138462,-1.767323,-743.935052,670.138462,0.999570
2.0,1000,3,0.1,3539,2.325628,1283.932285,978.472004,0.325628,283.932285,-21.527996,0.827269
2.0,1000,3,0.1,3540,2.166721,1142.726848,505.479256,0.166721,142.726848,-494.520744,0.918708
2.0,1000,3,0.1,3541,2.302015,524.243385,1515.968015,0.302015,-475.756615,515.968015,0.849476
2.0,1000,3,0.1,3542,1.994369,1529.102693,1021.642956,-0.005631,529.102693,21.642956,0.981930
2.0,1000,3,0.1,3543,2.243269,1353.801360,464.411099,0.243269,353.801360,-535.588901,0.877938
2.0,1000,3,0.1,3544,2.078697,1660.271298,285.214706,0.078697,660.271298,-714.785294,0.955840
2.0,1000,3,0.1,3545,0.828908,344.354845,1275.187619,-1.171092,-655.645155,275.187619,0.999968
2.0,1000,3,0.1,3546,1.997543,898.508832,1264.724815,-0.002457,-101.491168,264.724815,0.981671
2.0,1000,3,0.1,3547,0.951767,832.292260,1014.554169,-1.048233,-167.707740,14.554169,0.999998
2.0,1000,3,0.1,3548,0.760616,1014.964868,1027.166439,-1.239384,14.964868,27.166439,1.000000
2.0,1000,3,0.1,3549,1.102506,752.879779,1182.049332,-0.897494,-247.120221,182.049332,0.999993
2.0,1000,3,0.1,3550,2.137851,1512.937223,497.095449,0.137851,512.937223,-502.904551,0.932061
2.0,1000,3,0.1,3551,0.257405,213.479455,1262.879255,-1.742595,-786.520545,262.879255,0.999987
2.0,1000,3,0.1,3552,2.406754,679.608505,1165.463438,0.406754,-320.391495,165.463438,0.772118
2.0,1000,3,0.1,3553,0.255610,208.008212,1165.411138,-1.744390,-791.991788,165.411138,0.999987
2.0,1000,3,0.1,3554,0.355315,229.493152,1103.577020,-1.644685,-770.506848,103.577020,1.000000
2.0,1000,3,0.1,3555,0.744840,429.224135,1576.006621,-1.255160,-570.775865,576.006621,0.999666
2.0,1000,3,0.1,3556,2.635752,104.111605,1508.525694,0.635752,-895.888395,508.525694,0.866943
2.0,1000,3,0.1,3557,1.028495,61.966251,1460.701485,-0.971505,-938.033749,460.701485,0.999692
2.0,1000,3,0.1,3558,2.366104,981.038165,940.094053,0.366104,-18.961835,-59.905947,0.799351
2.0,1000,3,0.1,3559,0.684971,57.950341,2529.650139,-1.315029,-942.049659,1529.650139,1.000000
2.0,1000,3,0.1,3560,2.186962,1969.192068,123.402147,0.186962,969.192068,-876.597853,0.908367
2.0,1000,3,0.1,3561,2.328651,722.661959,882.482139,0.328651,-277.338041,-117.517861,0.825977
2.0,1000,3,0.1,3562,2.398870,1456.307571,543.455040,0.398870,456.307571,-456.544960,0.773705
2.0,1000,3,0.1,3563,2.151781,411.099352,1395.841627,0.151781,-588.900648,395.841627,0.933968
2.0,1000,3,0.1,3564,0.458814,356.530262,1380.996764,-1.541186,-643.469738,380.996764,0.998614
2.0,1000,3,0.1,3565,2.448874,317.868402,1806.104038,0.448874,-682.131598,806.104038,0.762687
2.0,1000,3,0.1,3566,0.660730,549.209442,1378.314638,-1.339270,-450.790558,378.314638,0.999885
2.0,1000,3,0.1,3567,1.573492,917.489034,1293.583706,-0.426508,-82.510966,293.583706,0.999978
2.0,1000,3,0.1,3568,1.932003,2281.057328,445.595881,-0.067997,1281.057328,-554.404119,0.993907
2.0,1000,3,0.1,3569,1.997333,708.287762,1534.076503,-0.002667,-291.712238,534.076503,0.982421
2.0,1000,3,0.1,3570,NaN,NaN,NaN,NaN,NaN,NaN,NaN
2.0,1000,3,0.1,3571,0.343914,175.751753,1913.374524,-1.656086,-824.248247,913.374524,0.999999
2.0,1000,3,0.1,3572,0.666248,1029.221913,1291.107340,-1.333752,29.221913,291.107340,0.999997
2.0,1000,3,0.1,3573,0.935285,440.114337,1691.775439,-1.064715,-559.885663,691.775439,0.999984
2.0,1000,3,0.1,3574,0.867841,252.339182,1423.589995,-1.132159,-747.660818,423.589995,0.999427
2.0,1000,3,0.1,3575,2.124511,1406.653637,712.423193,0.124511,406.653637,-287.576807,0.937886
2.0,1000,3,0.1,3576,2.133730,1258.993927,610.323918,0.133730,258.993927,-389.676082,0.933987
2.0,1000,3,0.1,3577,1.388550,743.849712,997.377577,-0.611450,-256.150288,-2.622423,0.999985
2.0,1000,3,0.1,3578,0.338173,166.235835,1366.913796,-1.661827,-833.764165,366.913796,1.000000
2.0,1000,3,0.1,3579,0.460101,398.265295,1572.494350,-1.539899,-601.734705,572.494350,0.999154
2.0,1000,3,0.1,3580,2.144125,945.117965,1124.839691,0.144125,-54.882035,124.839691,0.930381
2.0,1000,3,0.1,3581,2.339174,1664.080392,428.984220,0.339174,664.080392,-571.015780,0.817010
2.0,1000,3,0.1,3582,2.221498,813.583027,978.357407,0.221498,-186.416973,-21.642593,0.891778
2.0,1000,3,0.1,3583,2.005345,849.213048,807.551503,0.005345,-150.786952,-192.448497,0.979263
2.0,1000,3,0.1,3584,0.491202,37.233548,1397.913850,-1.508798,-962.766452,397.913850,1.000000
2.0,1000,3,0.1,3585,2.305508,2183.437273,72.363401,0.305508,1183.437273,-927.636599,0.839475
2.0,1000,3,0.1,3586,1.089687,1319.316887,1080.286734,-0.910313,319.316887,80.286734,0.999997
2.0,1000,3,0.1,3587,0.578494,189.992303,1444.047606,-1.421506,-810.007697,444.047606,0.998827
2.0,1000,3,0.1,3588,0.703310,250.534188,1240.937742,-1.296690,-749.465812,240.937742,0.999447
2.0,1000,3,0.1,3589,0.343117,278.051435,1628.518846,-1.656883,-721.948565,628.518846,1.000000
2.0,1000,3,0.1,3590,1.911788,652.413517,740.106788,-0.088212,-347.586483,-259.893212,0.996805
2.0,1000,3,0.1,3591,0.305226,256.155521,1679.336580,-1.694774,-743.844479,679.336580,0.999999
2.0,1000,3,0.1,3592,1.991667,506.542081,1255.043979,-0.008333,-493.457919,255.043979,0.984489
2.0,1000,3,0.1,3593,2.129198,1021.508976,1374.048182,0.129198,21.508976,374.048182,0.937011
2.0,1000,3,0.1,3594,0.612798,682.209866,1405.627246,-1.387202,-317.790134,405.627246,0.999916
2.0,1000,3,0.1,3595,1.672938,1223.742984,938.941557,-0.327062,223.742984,-61.058443,0.999983
2.0,1000,3,0.1,3596,1.364203,1039.564994,926.500730,-0.635797,39.564994,-73.499270,0.999992
2.0,1000,3,0.1,3597,0.449431,287.373408,1286.696112,-1.550569,-712.626592,286.696112,1.000000
2.0,1000,3,0.1,3598,0.873506,344.646654,1667.393680,-1.126494,-655.353346,667.393680,0.999737
2.0,1000,3,0.1,3599,1.971139,2302.144753,393.026070,-0.028861,1302.144753,-606.973930,0.986945
2.0,1000,3,0.1,3600,2.073091,2331.534931,382.190411,0.073091,1331.534931,-617.809589,0.957941
2.0,1000,3,0.1,3601,0.365081,349.077718,1389.515792,-1.634919,-650.922282,389.515792,1.000000
2.0,1000,3,0.1,3602,1.422279,1692.512510,512.495798,-0.577721,692.512510,-487.504202,0.999997
2.0,1000,3,0.1,3603,2.136405,1379.037592,560.037566,0.136405,379.037592,-439.962434,0.932766
2.0,1000,3,0.1,3604,0.679365,177.266398,1485.437773,-1.320635,-822.733602,485.437773,0.999274
2.0,1000,3,0.1,3605,1.970749,536.761122,1250.326292,-0.029251,-463.238878,250.326292,0.988727
2.0,1000,3,0.1,3606,2.371312,426.934037,1597.141180,0.371312,-573.065963,597.141180,0.808096
2.0,1000,3,0.1,3607,1.581419,953.654986,1075.051748,-0.418581,-46.345014,75.051748,0.999981
2.0,1000,3,0.1,3608,2.184095,1393.936991,540.517725,0.184095,393.936991,-459.482275,0.910081
2.0,1000,3,0.1,3609,2.113917,716.055164,1288.570000,0.113917,-283.944836,288.570000,0.944506
2.0,1000,3,0.1,3610,0.982505,376.355712,1920.253525,-1.017495,-623.644288,920.253525,0.999970
2.0,1000,3,0.1,3611,1.468645,501.561781,1399.642021,-0.531355,-498.438219,399.642021,0.999961
2.0,1000,3,0.1,3612,2.083649,1281.815234,659.568538,0.083649,281.815234,-340.431462,0.954299
2.0,1000,3,0.1,3613,2.286341,211.463359,1862.871125,0.286341,-788.536641,862.871125,0.921056
2.0,1000,3,0.1,3614,1.325305,972.151251,868.361445,-0.674695,-27.848749,-131.638555,0.999994
2.0,1000,3,0.1,3615,2.285064,1875.814055,523.516733,0.285064,875.814055,-476.483267,0.852705
2.0,1000,3,0.1,3616,1.947132,1205.823050,762.608523,-0.052868,205.823050,-237.391477,0.991693
2.0,1000,3,0.1,3617,2.404127,862.275096,689.644341,0.404127,-137.724904,-310.355659,0.770689
2.0,1000,3,0.1,3618,0.674540,705.893681,1307.818971,-1.325460,-294.106319,307.818971,0.999981
2.0,1000,3,0.1,3619,0.930298,443.135978,1560.191410,-1.069702,-556.864022,560.191410,0.999992
2.0,1000,3,0.1,3620,0.378377,451.887597,1629.175259,-1.621623,-548.112403,629.175259,1.000000
2.0,1000,3,0.1,3621,1.945338,494.790624,1223.653906,-0.054662,-505.209376,223.653906,0.993314
2.0,1000,3,0.1,3622,2.050415,1413.319786,691.394598,0.050415,413.319786,-308.605402,0.965915
2.0,1000,3,0.1,3623,2.069527,1981.066802,636.084216,0.069527,981.066802,-363.915784,0.959288
2.0,1000,3,0.1,3624,2.193160,702.054432,967.293842,0.193160,-297.945568,-32.706158,0.907356
2.0,1000,3,0.1,3625,1.081752,662.050109,1478.818834,-0.918248,-337.949891,478.818834,0.999995
2.0,1000,3,0.1,3626,2.273356,900.264412,1533.959258,0.273356,-99.735588,533.959258,0.863548
2.0,1000,3,0.1,3627,0.473333,378.817280,1672.166276,-1.526667,-621.182720,672.166276,0.999903
2.0,1000,3,0.1,3628,2.023057,1323.951013,821.161748,0.023057,323.951013,-178.838252,0.974246
2.0,1000,3,0.1,3629,2.172345,819.486100,943.500772,0.172345,-180.513900,-56.499228,0.917107
2.0,1000,3,0.1,3630,1.455795,1610.155336,1191.384970,-0.544205,610.155336,191.384970,0.999993
2.0,1000,3,0.1,3631,0.587339,169.453770,2040.493230,-1.412661,-830.546230,1040.493230,1.000000
2.0,1000,3,0.1,3632,2.315431,974.971220,1208.609363,0.315431,-25.028780,208.609363,0.834401
2.0,1000,3,0.1,3633,1.872397,581.518693,1037.673700,-0.127603,-418.481307,37.673700,0.999747
2.0,1000,3,0.1,3634,2.000378,1152.467581,741.214765,0.000378,152.467581,-258.785235,0.980465
2.0,1000,3,0.1,3635,1.068635,473.078302,1721.149328,-0.931365,-526.921698,721.149328,0.999999
2.0,1000,3,0.1,3636,2.124855,1026.801512,1366.688841,0.124855,26.801512,366.688841,0.938546
2.0,1000,3,0.1,3637,1.925973,746.424615,1104.422102,-0.074027,-253.575385,104.422102,0.995316
2.0,1000,3,0.1,3638,1.241750,1148.519376,880.952190,-0.758250,148.519376,-119.047810,0.999996
2.0,1000,3,0.1,3639,1.976307,1071.609628,1199.647294,-0.023693,71.609628,199.647294,0.986344
2.0,1000,3,0.1,3640,0.622171,314.717631,1278.148609,-1.377829,-685.282369,278.148609,0.999612
2.0,1000,3,0.1,3641,0.417295,305.194273,2083.471992,-1.582705,-694.805727,1083.471992,1.000000
2.0,1000,3,0.1,3642,1.866431,1326.229600,732.904366,-0.133569,326.229600,-267.095634,0.999776
2.0,1000,3,0.1,3643,0.663779,357.703389,1479.430390,-1.336221,-642.296611,479.430390,0.999323
2.0,1000,3,0.1,3644,2.062397,1636.545874,388.470501,0.062397,636.545874,-611.529499,0.961672
2.0,1000,3,0.1,3645,1.953095,546.086039,1391.932920,-0.046905,-453.913961,391.932920,0.992354
2.0,1000,3,0.1,3646,0.391469,195.090496,1630.206510,-1.608531,-804.909504,630.206510,1.000000
2.0,1000,3,0.1,3647,1.975281,1973.825014,154.186996,-0.024719,973.825014,-845.813004,0.986064
2.0,1000,3,0.1,3648,2.085443,2157.807440,710.426666,0.085443,1157.807440,-289.573334,0.953522
2.0,1000,3,0.1,3649,2.214901,772.742484,1215.135032,0.214901,-227.257516,215.135032,0.896103
2.0,1000,3,0.1,3650,0.720752,357.017033,1994.965620,-1.279248,-642.982967,994.965620,0.999626
2.0,1000,3,0.1,3651,0.549519,187.686618,1789.506519,-1.450481,-812.313382,789.506519,1.000000
2.0,1000,3,0.1,3652,2.433381,601.409677,1413.873548,0.433381,-398.590323,413.873548,0.754904
2.0,1000,3,0.1,3653,0.346664,233.112609,1275.781003,-1.653336,-766.887391,275.781003,1.000000
2.0,1000,3,0.1,3654,1.999302,428.477756,1522.217402,-0.000698,-571.522244,522.217402,0.984855
2.0,1000,3,0.1,3655,0.394567,528.314961,1223.990560,-1.605433,-471.685039,223.990560,0.999253
2.0,1000,3,0.1,3656,2.377533,249.560135,1768.838818,0.377533,-750.439865,768.838818,0.836455
2.0,1000,3,0.1,3657,1.943807,440.462803,1203.273411,-0.056193,-559.537197,203.273411,0.993184
2.0,1000,3,0.1,3658,2.076053,830.566890,724.475627,0.076053,-169.433110,-275.524373,0.957390
2.0,1000,3,0.1,3659,0.886787,761.680323,1724.525223,-1.113213,-238.319677,724.525223,1.000000
2.0,1000,3,0.1,3660,2.358301,310.979377,1802.254958,0.358301,-689.020623,802.254958,0.826005
2.0,1000,3,0.1,3661,0.825041,330.848290,1564.009031,-1.174959,-669.151710,564.009031,0.999586
2.0,1000,3,0.1,3662,0.753984,686.317877,1443.678262,-1.246016,-313.682123,443.678262,0.999993
2.0,1000,3,0.1,3663,2.053535,1271.736541,581.439180,0.053535,271.736541,-418.560820,0.964868
2.0,1000,3,0.1,3664,0.837098,524.070442,1628.764838,-1.162902,-475.929558,628.764838,0.999975
2.0,1000,3,0.1,3665,2.380671,1990.227305,228.121943,0.380671,990.227305,-771.878057,0.787216
2.0,1000,3,0.1,3666,1.021891,693.422106,1440.453316,-0.978109,-306.577894,440.453316,0.999997
2.0,1000,3,0.1,3667,1.976902,1176.496623,715.369058,-0.023098,176.496623,-284.630942,0.985871
2.0,1000,3,0.1,3668,2.443548,152.032644,1401.918977,0.443548,-847.967356,401.918977,0.837735
2.0,1000,3,0.1,3669,2.367782,527.847392,1594.911607,0.367782,-472.152608,594.911607,0.808326
2.0,1000,3,0.1,3670,2.047059,1500.303696,720.610846,0.047059,500.303696,-279.389154,0.966956
2.0,1000,3,0.1,3671,2.056246,1185.786561,799.361760,0.056246,185.786561,-200.638240,0.964095
2.0,1000,3,0.1,3672,1.946671,1507.347372,557.806515,-0.053329,507.347372,-442.193485,0.991662
2.0,1000,3,0.1,3673,1.808355,870.598208,1411.587361,-0.191645,-129.401792,411.587361,0.999921
2.0,1000,3,0.1,3674,0.785482,282.799183,1501.675815,-1.214518,-717.200817,501.675815,0.999227
2.0,1000,3,0.1,3675,2.030253,450.400133,1660.455969,0.030253,-549.599867,660.455969,0.976337
2.0,1000,3,0.1,3676,0.246299,111.978610,1499.235499,-1.753701,-888.021390,499.235499,0.993210
2.0,1000,3,0.1,3677,0.615230,848.402087,1203.646565,-1.384770,-151.597913,203.646565,0.999988
2.0,1000,3,0.1,3678,0.268705,115.579065,2114.595373,-1.731295,-884.420935,1114.595373,0.996127
2.0,1000,3,0.1,3679,0.401957,562.981811,1397.594375,-1.598043,-437.018189,397.594375,0.999253
2.0,1000,3,0.1,3680,2.280855,1456.606930,356.590477,0.280855,456.606930,-643.409523,0.855433
2.0,1000,3,0.1,3681,0.523383,193.414994,1602.542304,-1.476617,-806.585006,602.542304,1.000000
2.0,1000,3,0.1,3682,2.144058,379.098536,1796.856060,0.144058,-620.901464,796.856060,0.942399
2.0,1000,3,0.1,3683,1.916118,2173.937523,429.058937,-0.083882,1173.937523,-570.941063,0.995997
2.0,1000,3,0.1,3684,0.380770,286.203716,1464.556046,-1.619230,-713.796284,464.556046,1.000000
2.0,1000,3,0.1,3685,1.056257,362.659303,1133.085098,-0.943743,-637.340697,133.085098,0.999997
2.0,1000,3,0.1,3686,0.255310,186.534236,1402.398060,-1.744690,-813.465764,402.398060,0.999947
2.0,1000,3,0.1,3687,0.850478,298.629067,1399.086085,-1.149522,-701.370933,399.086085,0.999703
2.0,1000,3,0.1,3688,0.349745,422.861602,1150.767958,-1.650255,-577.138398,150.767958,1.000000
2.0,1000,3,0.1,3689,1.370798,1192.352867,901.532000,-0.629202,192.352867,-98.468000,0.999994
2.0,1000,3,0.1,3690,0.230036,194.949644,1369.936528,-1.769964,-805.050356,369.936528,0.998022
2.0,1000,3,0.1,3691,2.093340,862.861165,1258.618031,0.093340,-137.138835,258.618031,0.951599
2.0,1000,3,0.1,3692,2.187254,1644.056564,593.747579,0.187254,644.056564,-406.252421,0.908487
2.0,1000,3,0.1,3693,NaN,NaN,NaN,NaN,NaN,NaN,NaN
2.0,1000,3,0.1,3694,0.880443,1570.438051,916.020237,-1.119557,570.438051,-83.979763,0.999999
2.0,1000,3,0.1,3695,2.051570,486.635337,1427.136048,0.051570,-513.364663,427.136048,0.969900
2.0,1000,3,0.1,3696,0.993918,214.003596,1550.605689,-1.006082,-785.996404,550.605689,0.999495
2.0,1000,3,0.1,3697,NaN,NaN,NaN,NaN,NaN,NaN,NaN
2.0,1000,3,0.1,3698,1.983063,549.504142,996.753838,-0.016937,-450.495858,-3.246162,0.985729
2.0,1000,3,0.1,3699,2.251679,393.666669,1267.540975,0.251679,-606.333331,267.540975,0.880134
2.0,1000,3,0.1,3700,0.683875,929.111795,1477.494953,-1.316125,-70.888205,477.494953,0.999991
2.0,1000,3,0.1,3701,2.158095,706.717302,1491.943745,0.158095,-293.282698,491.943745,0.926174
2.0,1000,3,0.1,3702,1.892651,1059.311892,967.663233,-0.107349,59.311892,-32.336767,0.998449
2.0,1000,3,0.1,3703,2.038750,691.140549,927.042144,0.038750,-308.859451,-72.957856,0.970408
2.0,1000,3,0.1,3704,2.025749,313.849727,1098.406138,0.025749,-686.150273,98.406138,0.978669
2.0,1000,3,0.1,3705,2.341966,1202.572459,590.175648,0.341966,202.572459,-409.824352,0.815443
2.0,1000,3,0.1,3706,2.160694,752.354263,701.116766,0.160694,-247.645737,-298.883234,0.922389
2.0,1000,3,0.1,3707,NaN,NaN,NaN,NaN,NaN,NaN,NaN
2.0,1000,3,0.1,3708,2.087626,848.359027,999.395084,0.087626,-151.640973,-0.604916,0.953667
2.0,1000,3,0.1,3709,1.075902,1158.107766,1123.862781,-0.924098,158.107766,123.862781,0.999997
2.0,1000,3,0.1,3710,2.046173,1548.830589,786.907878,0.046173,548.830589,-213.092122,0.967188
2.0,1000,3,0.1,3711,0.365743,149.984960,1468.502393,-1.634257,-850.015040,468.502393,1.000000
2.0,1000,3,0.1,3712,0.539785,620.333028,1009.929711,-1.460215,-379.666972,9.929711,0.999789
2.0,1000,3,0.1,3713,0.432486,147.765473,1689.437438,-1.567514,-852.234527,689.437438,1.000000
2.0,1000,3,0.1,3714,2.326062,2105.278887,402.875615,0.326062,1105.278887,-597.124385,0.825893
2.0,1000,3,0.1,3715,0.395077,224.430417,1432.044674,-1.604923,-775.569583,432.044674,1.000000
2.0,1000,3,0.1,3716,2.283017,772.681782,1302.723674,0.283017,-227.318218,302.723674,0.857623
2.0,1000,3,0.1,3717,0.451742,240.050347,1571.579040,-1.548258,-759.949653,571.579040,1.000000
2.0,1000,3,0.1,3718,1.917355,2274.251609,341.271208,-0.082645,1274.251609,-658.728792,0.995859
2.0,1000,3,0.1,3719,0.711562,359.789597,1509.266277,-1.288438,-640.210403,509.266277,0.999176
2.0,1000,3,0.1,3720,2.140145,322.025224,1158.423762,0.140145,-677.974776,158.423762,0.939551
2.0,1000,3,0.1,3721,2.009772,522.103059,1365.014427,0.009772,-477.896941,365.014427,0.980704
2.0,1000,3,0.1,3722,2.226705,1586.089374,590.413386,0.226705,586.089374,-409.586614,0.887513
2.0,1000,3,0.1,3723,2.217918,672.309793,1303.838778,0.217918,-327.690207,303.838778,0.895022
2.0,1000,3,0.1,3724,NaN,NaN,NaN,NaN,NaN,NaN,NaN
2.0,1000,3,0.1,3725,2.380391,1350.959890,760.007311,0.380391,350.959890,-239.992689,0.787987
2.0,1000,3,0.1,3726,0.808286,341.438623,1306.073420,-1.191714,-658.561377,306.073420,0.999884
2.0,1000,3,0.1,3727,1.305400,406.112430,1107.816357,-0.694600,-593.887570,107.816357,0.999976
2.0,1000,3,0.1,3728,2.298699,863.617148,1739.103701,0.298699,-136.382852,739.103701,0.848219
2.0,1000,3,0.1,3729,2.272220,1979.450248,312.720021,0.272220,979.450248,-687.279979,0.860645
2.0,1000,3,0.1,3730,1.879605,797.915033,950.333021,-0.120395,-202.084967,-49.666979,0.999305
2.0,1000,3,0.1,3731,2.036462,947.810277,775.610168,0.036462,-52.189723,-224.389832,0.970330
2.0,1000,3,0.1,3732,0.672800,238.136379,1285.149808,-1.327200,-761.863621,285.149808,0.999858
2.0,1000,3,0.1,3733,1.829200,616.283587,1415.721017,-0.170800,-383.716413,415.721017,0.999878
2.0,1000,3,0.1,3734,0.326030,290.214681,1152.239641,-1.673970,-709.785319,152.239641,1.000000
2.0,1000,3,0.1,3735,1.037733,544.587885,1424.422733,-0.962267,-455.412115,424.422733,0.999998
2.0,1000,3,0.1,3736,2.215233,846.845971,1134.719449,0.215233,-153.154029,134.719449,0.894842
2.0,1000,3,0.1,3737,1.904650,1919.352379,769.288461,-0.095350,919.352379,-230.711539,0.997288
2.0,1000,3,0.1,3738,0.794667,364.513221,1307.935800,-1.205333,-635.486779,307.935800,0.999929
2.0,1000,3,0.1,3739,1.893570,473.859201,1179.646221,-0.106430,-526.140799,179.646221,0.998966
2.0,1000,3,0.1,3740,2.289625,1537.758940,818.799854,0.289625,537.758940,-181.200146,0.850395
2.0,1000,3,0.1,3741,2.379608,1740.985728,1011.473633,0.379608,740.985728,11.473633,0.788719
2.0,1000,3,0.1,3742,2.140543,1068.857011,1256.085245,0.140543,68.857011,256.085245,0.932067
2.0,1000,3,0.1,3743,2.228903,646.296357,1626.579553,0.228903,-353.703643,626.579553,0.891045
2.0,1000,3,0.1,3744,0.582042,597.754487,1221.909554,-1.417958,-402.245513,221.909554,0.999729
2.0,1000,3,0.1,3745,2.429842,521.788249,1300.929965,0.429842,-478.211751,300.929965,0.755055
2.0,1000,3,0.1,3746,1.763165,931.100098,1182.663913,-0.236835,-68.899902,182.663913,0.999957
2.0,1000,3,0.1,3747,0.278551,161.537610,2036.442557,-1.721449,-838.462390,1036.442557,0.999929
2.0,1000,3,0.1,3748,0.445943,135.163313,1241.961974,-1.554057,-864.836687,241.961974,1.000000
2.0,1000,3,0.1,3749,0.327469,183.182417,1897.822537,-1.672531,-816.817583,897.822537,0.999999
2.0,1000,3,0.1,3750,2.128988,1475.478920,384.007967,0.128988,475.478920,-615.992033,0.935855
2.0,1000,3,0.1,3751,NaN,NaN,NaN,NaN,NaN,NaN,NaN
2.0,1000,3,0.1,3752,0.665544,858.938290,1245.159303,-1.334456,-141.061710,245.159303,0.999992
2.0,1000,3,0.1,3753,1.977931,1551.280773,889.489214,-0.022069,551.280773,-110.510786,0.985588
2.0,1000,3,0.1,3754,0.776321,383.848506,2049.852253,-1.223679,-616.151494,1049.852253,0.999253
2.0,1000,3,0.1,3755,0.444356,253.863007,1208.798471,-1.555644,-746.136993,208.798471,1.000000
2.0,1000,3,0.1,3756,1.327549,525.668735,1426.827988,-0.672451,-474.331265,426.827988,0.999970
2.0,1000,3,0.1,3757,0.247043,166.670147,1615.507603,-1.752957,-833.329853,615.507603,0.999400
2.0,1000,3,0.1,3758,2.056902,1782.992172,818.816187,0.056902,782.992172,-181.183813,0.963748
2.0,1000,3,0.1,3759,0.406330,150.375800,1369.044124,-1.593670,-849.624200,369.044124,1.000000
2.0,1000,3,0.1,3760,0.451154,67.789589,1636.748190,-1.548846,-932.210411,636.748190,1.000000
2.0,1000,3,0.1,3761,0.516932,58.742725,1331.486937,-1.483068,-941.257275,331.486937,1.000000
2.0,1000,3,0.1,3762,0.360223,292.640073,1482.216855,-1.639777,-707.359927,482.216855,1.000000
2.0,1000,3,0.1,3763,NaN,NaN,NaN,NaN,NaN,NaN,NaN
2.0,1000,3,0.1,3764,1.167824,1591.997785,827.336311,-0.832176,591.997785,-172.663689,0.999998
2.0,1000,3,0.1,3765,0.326759,192.505725,1425.525243,-1.673241,-807.494275,425.525243,1.000000
2.0,1000,3,0.1,3766,0.652647,496.120884,1482.409189,-1.347353,-503.879116,482.409189,0.999533
2.0,1000,3,0.1,3767,0.330932,233.483146,1361.860695,-1.669068,-766.516854,361.860695,1.000000
2.0,1000,3,0.1,3768,2.341363,884.854764,1547.187467,0.341363,-115.145236,547.187467,0.819032
2.0,1000,3,0.1,3769,2.356239,2682.215519,22.718975,0.356239,1682.215519,-977.281025,0.804781
2.0,1000,3,0.1,3770,2.195779,1054.779588,1051.509562,0.195779,54.779588,51.509562,0.905194
2.0,1000,3,0.1,3771,0.627806,134.056126,1656.561185,-1.372194,-865.943874,656.561185,1.000000
2.0,1000,3,0.1,3772,2.363407,950.017497,712.562199,0.363407,-49.982503,-287.437801,0.800939
2.0,1000,3,0.1,3773,2.268818,539.575004,1449.942903,0.268818,-460.424996,449.942903,0.870351
2.0,1000,3,0.1,3774,1.236905,254.456015,1958.282864,-0.763095,-745.543985,958.282864,0.999955
2.0,1000,3,0.1,3775,2.014993,196.787313,1290.461869,0.014993,-803.212687,290.461869,0.990433
2.0,1000,3,0.1,3776,1.739591,1329.900923,535.002922,-0.260409,329.900923,-464.997078,0.999991
2.0,1000,3,0.1,3777,0.498435,171.886996,1604.010426,-1.501565,-828.113004,604.010426,1.000000
2.0,1000,3,0.1,3778,2.373401,572.404705,1568.414265,0.373401,-427.595295,568.414265,0.801562
2.0,1000,3,0.1,3779,0.565568,471.991923,1759.848430,-1.434432,-528.008077,759.848430,0.999919
2.0,1000,3,0.1,3780,1.880648,941.859107,1142.568522,-0.119352,-58.140893,142.568522,0.999290
2.0,1000,3,0.1,3781,2.339862,1008.267287,623.140258,0.339862,8.267287,-376.859742,0.817259
2.0,1000,3,0.1,3782,2.303162,1071.353530,949.900847,0.303162,71.353530,-50.099153,0.842269
2.0,1000,3,0.1,3783,0.723826,1167.924104,1082.302141,-1.276174,167.924104,82.302141,1.000000
2.0,1000,3,0.1,3784,1.000057,1684.177285,759.379583,-0.999943,684.177285,-240.620417,0.999999
2.0,1000,3,0.1,3785,2.132321,1224.961187,994.740135,0.132321,224.961187,-5.259865,0.934974
2.0,1000,3,0.1,3786,0.231765,42.003281,1155.346791,-1.768235,-957.996719,155.346791,0.996185
2.0,1000,3,0.1,3787,0.327469,34.275517,1320.679278,-1.672531,-965.724483,320.679278,0.999443
2.0,1000,3,0.1,3788,1.218865,697.708736,867.051320,-0.781135,-302.291264,-132.948680,0.999992
2.0,1000,3,0.1,3789,0.395795,362.534734,1883.592865,-1.604205,-637.465266,883.592865,1.000000
2.0,1000,3,0.1,3790,0.408844,125.227151,1542.263236,-1.591156,-874.772849,542.263236,1.000000
2.0,1000,3,0.1,3791,1.127662,685.528667,1779.312267,-0.872338,-314.471333,779.312267,0.999990
2.0,1000,3,0.1,3792,2.276935,929.285273,930.665567,0.276935,-70.714727,-69.334433,0.859269
2.0,1000,3,0.1,3793,1.981984,294.164116,1464.855349,-0.018016,-705.835884,464.855349,0.992005
2.0,1000,3,0.1,3794,1.878731,1132.988665,698.573583,-0.121269,132.988665,-301.426417,0.999287
2.0,1000,3,0.1,3795,2.151355,967.745806,1096.364264,0.151355,-32.254194,96.364264,0.926681
2.0,1000,3,0.1,3796,0.393715,309.487201,1301.056103,-1.606285,-690.512799,301.056103,1.000000
2.0,1000,3,0.1,3797,1.294240,1040.144006,1096.708048,-0.705760,40.144006,96.708048,0.999993
2.0,1000,3,0.1,3798,0.449492,119.731292,1478.723027,-1.550508,-880.268708,478.723027,1.000000
2.0,1000,3,0.1,3799,0.448784,221.394620,1116.587531,-1.551216,-778.605380,116.587531,1.000000
2.0,1000,3,0.1,3800,2.225185,1190.712493,534.709465,0.225185,190.712493,-465.290535,0.888268
2.0,1000,3,0.1,3801,1.707667,1433.935267,1201.799418,-0.292333,433.935267,201.799418,0.999977
2.0,1000,3,0.1,3802,0.424848,270.858301,1416.599440,-1.575152,-729.141699,416.599440,1.000000
2.0,1000,3,0.1,3803,2.177310,2302.553920,195.723653,0.177310,1302.553920,-804.276347,0.913246
2.0,1000,3,0.1,3804,0.247993,135.090536,1407.721176,-1.752007,-864.909464,407.721176,0.999128
2.0,1000,3,0.1,3805,2.352607,2112.513048,893.329190,0.352607,1112.513048,-106.670810,0.807701
2.0,1000,3,0.1,3806,2.362821,558.029999,1606.164971,0.362821,-441.970001,606.164971,0.807764
2.0,1000,3,0.1,3807,2.255675,450.494846,1157.752002,0.255675,-549.505154,157.752002,0.877211
2.0,1000,3,0.1,3808,2.052195,1524.527594,594.567474,0.052195,524.527594,-405.432526,0.965196
2.0,1000,3,0.1,3809,1.970640,321.365984,1468.680462,-0.029360,-678.634016,468.680462,0.991631
2.0,1000,3,0.1,3810,0.927352,70.318984,1586.646930,-1.072648,-929.681016,586.646930,1.000000
2.0,1000,3,0.1,3811,0.621934,373.879078,1566.370282,-1.378066,-626.120922,566.370282,0.999689
2.0,1000,3,0.1,3812,1.278052,883.766184,1139.649642,-0.721948,-116.233816,139.649642,0.999991
2.0,1000,3,0.1,3813,2.222022,191.743108,1454.242413,0.222022,-808.256892,454.242413,0.920295
2.0,1000,3,0.1,3814,0.668562,349.398937,1246.904285,-1.331438,-650.601063,246.904285,0.999199
2.0,1000,3,0.1,3815,2.240633,865.554835,1015.512029,0.240633,-134.445165,15.512029,0.881234
2.0,1000,3,0.1,3816,2.207735,1752.814081,1064.154107,0.207735,752.814081,64.154107,0.898246
2.0,1000,3,0.1,3817,0.382859,228.611457,1631.874967,-1.617141,-771.388543,631.874967,1.000000
2.0,1000,3,0.1,3818,2.226146,1728.360323,543.098923,0.226146,728.360323,-456.901077,0.887772
2.0,1000,3,0.1,3819,2.318896,594.178106,1530.969422,0.318896,-405.821894,530.969422,0.838185
2.0,1000,3,0.1,3820,2.308877,1332.708132,877.092178,0.308877,332.708132,-122.907822,0.838228
2.0,1000,3,0.1,3821,0.278411,76.922328,1769.662221,-1.721589,-923.077672,769.662221,0.994664
2.0,1000,3,0.1,3822,1.932283,974.338078,843.635434,-0.067717,-25.661922,-156.364566,0.994004
2.0,1000,3,0.1,3823,1.856067,1394.736787,623.659395,-0.143933,394.736787,-376.340605,0.999975
2.0,1000,3,0.1,3824,NaN,NaN,NaN,NaN,NaN,NaN,NaN
2.0,1000,3,0.1,3825,1.372700,997.827190,1238.543569,-0.627300,-2.172810,238.543569,0.999989
2.0,1000,3,0.1,3826,0.699723,436.449592,1290.627825,-1.300277,-563.550408,290.627825,0.999823
2.0,1000,3,0.1,3827,2.409269,1246.378984,972.601407,0.409269,246.378984,-27.398593,0.766360
2.0,1000,3,0.1,3828,0.746723,492.670866,1295.705884,-1.253277,-507.329134,295.705884,0.999958
2.0,1000,3,0.1,3829,2.101105,917.255793,674.287540,0.101105,-82.744207,-325.712460,0.947907
2.0,1000,3,0.1,3830,1.281577,814.374318,1222.691469,-0.718423,-185.625682,222.691469,0.999987
2.0,1000,3,0.1,3831,10.453122,901.520989,1129.702029,8.453122,-98.479011,129.702029,-934.906637
2.0,1000,3,0.1,3832,0.762397,437.453268,1640.928298,-1.237603,-562.546732,640.928298,0.999715
2.0,1000,3,0.1,3833,2.371397,1182.938742,808.806590,0.371397,182.938742,-191.193410,0.794574
2.0,1000,3,0.1,3834,1.842261,1826.857064,249.809474,-0.157739,826.857064,-750.190526,0.999989
2.0,1000,3,0.1,3835,2.346729,904.780042,698.237702,0.346729,-95.219958,-301.762298,0.812612
2.0,1000,3,0.1,3836,1.147023,697.718546,1093.257312,-0.852977,-302.281454,93.257312,0.999993
2.0,1000,3,0.1,3837,1.929747,1284.000536,618.206525,-0.070253,284.000536,-381.793475,0.994324
2.0,1000,3,0.1,3838,2.319487,1670.502200,436.054999,0.319487,670.502200,-563.945001,0.830393
2.0,1000,3,0.1,3839,0.340464,456.735264,1300.185688,-1.659536,-543.264736,300.185688,1.000000
2.0,1000,3,0.1,3840,1.263809,1001.065679,1391.315420,-0.736191,1.065679,391.315420,0.999991
2.0,1000,3,0.1,3841,2.024252,434.057194,1094.781762,0.024252,-565.942806,94.781762,0.976685
2.0,1000,3,0.1,3842,2.076600,1184.628077,648.209732,0.076600,184.628077,-351.790268,0.956870
2.0,1000,3,0.1,3843,0.303259,44.880708,1516.896169,-1.696741,-955.119292,516.896169,0.995282
2.0,1000,3,0.1,3844,1.925231,560.079703,1602.882363,-0.074769,-439.920297,602.882363,0.996467
2.0,1000,3,0.1,3845,0.828881,989.631938,1307.209182,-1.171119,-10.368062,307.209182,1.000000
2.0,1000,3,0.1,3846,2.322296,1286.894298,623.726207,0.322296,286.894298,-376.273793,0.828685
2.0,1000,3,0.1,3847,1.182904,630.224257,1309.085141,-0.817096,-369.775743,309.085141,0.999990
2.0,1000,3,0.1,3848,1.920535,1314.027240,572.396643,-0.079465,314.027240,-427.603357,0.995496
2.0,1000,3,0.1,3849,0.525032,36.678634,1790.938752,-1.474968,-963.321366,790.938752,0.999999
2.0,1000,3,0.1,3850,0.478163,517.030761,1184.345259,-1.521837,-482.969239,184.345259,0.999905
2.0,1000,3,0.1,3851,2.034729,721.438934,1305.277249,0.034729,-278.561066,305.277249,0.972464
2.0,1000,3,0.1,3852,2.051732,404.619663,1743.613475,0.051732,-595.380337,743.613475,0.973115
2.0,1000,3,0.1,3853,2.033877,1069.766114,690.822745,0.033877,69.766114,-309.177255,0.971204
2.0,1000,3,0.1,3854,2.073029,598.668322,1203.374858,0.073029,-401.331678,203.374858,0.960514
2.0,1000,3,0.1,3855,2.020187,517.593378,1171.480661,0.020187,-482.406622,171.480661,0.977404
2.0,1000,3,0.1,3856,1.657727,562.281981,1185.513556,-0.342273,-437.718019,185.513556,0.999959
2.0,1000,3,0.1,3857,1.904601,906.204730,1337.575007,-0.095399,-93.795270,337.575007,0.997666
2.0,1000,3,0.1,3858,0.591303,595.589316,1486.178165,-1.408697,-404.410684,486.178165,0.999438
2.0,1000,3,0.1,3859,0.548091,554.525714,1129.626329,-1.451909,-445.474286,129.626329,0.999497
2.0,1000,3,0.1,3860,2.212335,573.991731,842.429041,0.212335,-426.008269,-157.570959,0.896731
2.0,1000,3,0.1,3861,0.329807,69.676554,1345.866961,-1.670193,-930.323446,345.866961,0.999984
2.0,1000,3,0.1,3862,0.718994,362.399705,1845.020858,-1.281006,-637.600295,845.020858,0.999413
2.0,1000,3,0.1,3863,2.053041,627.997788,1305.368692,0.053041,-372.002212,305.368692,0.967235
2.0,1000,3,0.1,3864,0.336257,559.764994,1647.346960,-1.663743,-440.235006,647.346960,1.000000
2.0,1000,3,0.1,3865,2.156278,644.143323,1122.036242,0.156278,-355.856677,122.036242,0.925428
2.0,1000,3,0.1,3866,0.604868,654.318238,1442.611911,-1.395132,-345.681762,442.611911,0.999760
2.0,1000,3,0.1,3867,0.352493,250.956194,1543.774802,-1.647507,-749.043806,543.774802,1.000000
2.0,1000,3,0.1,3868,2.283664,1750.009823,780.415485,0.283664,750.009823,-219.584515,0.853873
2.0,1000,3,0.1,3869,0.601312,180.365149,2003.506630,-1.398688,-819.634851,1003.506630,1.000000
2.0,1000,3,0.1,3870,2.081763,540.582305,1639.048685,0.081763,-459.417695,639.048685,0.960183
2.0,1000,3,0.1,3871,0.893331,226.248127,1668.861444,-1.106669,-773.751873,668.861444,0.999492
2.0,1000,3,0.1,3872,2.179189,1215.059222,737.773209,0.179189,215.059222,-262.226791,0.912932
2.0,1000,3,0.1,3873,2.246989,425.753456,1421.359251,0.246989,-574.246544,421.359251,0.884650
2.0,1000,3,0.1,3874,1.934341,937.593703,801.160031,-0.065659,-62.406297,-198.839969,0.993772
2.0,1000,3,0.1,3875,1.897517,569.674851,1914.282077,-0.102483,-430.325149,914.282077,0.999183
2.0,1000,3,0.1,3876,1.928708,1096.458395,747.986560,-0.071292,96.458395,-252.013440,0.994533
2.0,1000,3,0.1,3877,1.879683,1772.887690,338.826996,-0.120317,772.887690,-661.173004,0.999193
2.0,1000,3,0.1,3878,2.173845,291.131299,992.151233,0.173845,-708.868701,-7.848767,0.924122
2.0,1000,3,0.1,3879,1.994395,1464.280561,694.811654,-0.005605,464.280561,-305.188346,0.981806
2.0,1000,3,0.1,3880,2.121068,498.130809,1551.260259,0.121068,-501.869191,551.260259,0.945010
2.0,1000,3,0.1,3881,1.957930,1357.858807,1322.551328,-0.042070,357.858807,322.551328,0.989979
2.0,1000,3,0.1,3882,1.878704,429.829895,1388.588702,-0.121296,-570.170105,388.588702,0.999819
2.0,1000,3,0.1,3883,2.260681,904.342836,925.990357,0.260681,-95.657164,-74.009643,0.869059
2.0,1000,3,0.1,3884,NaN,NaN,NaN,NaN,NaN,NaN,NaN
2.0,1000,3,0.1,3885,0.883327,450.459839,1779.417826,-1.116673,-549.540161,779.417826,0.999975
2.0,1000,3,0.1,3886,0.383210,222.304883,1359.042219,-1.616790,-777.695117,359.042219,1.000000
2.0,1000,3,0.1,3887,2.011903,965.402793,1318.349885,0.011903,-34.597207,318.349885,0.978209
2.0,1000,3,0.1,3888,0.333789,93.429305,2043.734449,-1.666211,-906.570695,1043.734449,0.999979
2.0,1000,3,0.1,3889,2.445612,234.368578,1675.003210,0.445612,-765.631422,675.003210,0.788972
2.0,1000,3,0.1,3890,0.295295,197.435583,1341.735463,-1.704705,-802.564417,341.735463,0.999999
2.0,1000,3,0.1,3891,0.631822,436.270891,1258.327438,-1.368178,-563.729109,258.327438,0.999476
2.0,1000,3,0.1,3892,1.365914,426.843950,1225.727505,-0.634086,-573.156050,225.727505,0.999966
2.0,1000,3,0.1,3893,0.476687,514.315215,1112.873480,-1.523313,-485.684785,112.873480,0.999830
2.0,1000,3,0.1,3894,2.137194,1755.367158,506.358595,0.137194,755.367158,-493.641405,0.932301
2.0,1000,3,0.1,3895,0.319033,136.176668,2073.173158,-1.680967,-863.823332,1073.173158,0.999992
2.0,1000,3,0.1,3896,0.391976,53.567683,1590.567636,-1.608024,-946.432317,590.567636,0.999994
2.0,1000,3,0.1,3897,0.253364,100.301193,1169.531597,-1.746636,-899.698807,169.531597,0.999192
2.0,1000,3,0.1,3898,2.368323,1394.182423,424.245329,0.368323,394.182423,-575.754671,0.796422
2.0,1000,3,0.1,3899,2.122486,251.300258,1466.710067,0.122486,-748.699742,466.710067,0.955060
2.0,1000,3,0.1,3900,2.284388,420.969286,1488.704864,0.284388,-579.030714,488.704864,0.866335
2.0,1000,3,0.1,3901,1.360543,178.717499,1356.779522,-0.639457,-821.282501,356.779522,0.999973
2.0,1000,3,0.1,3902,2.125776,1189.043070,730.620719,0.125776,189.043070,-269.379281,0.937545
2.0,1000,3,0.1,3903,0.495139,84.105609,1577.698237,-1.504861,-915.894391,577.698237,1.000000
2.0,1000,3,0.1,3904,1.737511,1868.246468,619.219467,-0.262489,868.246468,-380.780533,0.999995
2.0,1000,3,0.1,3905,1.125875,513.821891,1729.421700,-0.874125,-486.178109,729.421700,0.999993
2.0,1000,3,0.1,3906,1.872152,1590.958664,546.038725,-0.127848,590.958664,-453.961275,0.999563
2.0,1000,3,0.1,3907,0.556960,260.121181,1791.075792,-1.443040,-739.878819,791.075792,0.998864
2.0,1000,3,0.1,3908,1.918191,1089.333568,818.500906,-0.081809,89.333568,-181.499094,0.995846
2.0,1000,3,0.1,3909,0.505184,239.303964,1813.092412,-1.494816,-760.696036,813.092412,1.000000
2.0,1000,3,0.1,3910,0.260027,273.827127,1310.682625,-1.739973,-726.172873,310.682625,0.999996
2.0,1000,3,0.1,3911,0.376014,205.617782,1508.627102,-1.623986,-794.382218,508.627102,1.000000
2.0,1000,3,0.1,3912,1.880601,1736.792255,342.131813,-0.119399,736.792255,-657.868187,0.999131
2.0,1000,3,0.1,3913,0.261908,112.361548,1854.224173,-1.738092,-887.638452,854.224173,0.995309
2.0,1000,3,0.1,3914,0.258246,119.638023,1856.729838,-1.741754,-880.361977,856.729838,0.995002
2.0,1000,3,0.1,3915,0.798528,308.416413,1754.925222,-1.201472,-691.583587,754.925222,0.999288
2.0,1000,3,0.1,3916,1.910341,1554.145680,721.877609,-0.089659,554.145680,-278.122391,0.996694
2.0,1000,3,0.1,3917,2.406047,1051.725830,1008.773882,0.406047,51.725830,8.773882,0.769626
2.0,1000,3,0.1,3918,2.346511,470.082365,1972.827516,0.346511,-529.917635,972.827516,0.832182
2.0,1000,3,0.1,3919,0.600057,210.107589,1960.632271,-1.399943,-789.892411,960.632271,1.000000
2.0,1000,3,0.1,3920,0.346682,95.182575,1544.909639,-1.653318,-904.817425,544.909639,0.999997
2.0,1000,3,0.1,3921,0.696998,338.934240,1454.977261,-1.303002,-661.065760,454.977261,0.999209
2.0,1000,3,0.1,3922,2.028604,594.259941,1241.479443,0.028604,-405.740059,241.479443,0.974489
2.0,1000,3,0.1,3923,2.305636,635.430699,1344.883162,0.305636,-364.569301,344.883162,0.844926
2.0,1000,3,0.1,3924,1.979687,492.437464,1091.833992,-0.020313,-507.562536,91.833992,0.986897
2.0,1000,3,0.1,3925,2.115841,1678.016348,369.636590,0.115841,678.016348,-630.363410,0.941341
2.0,1000,3,0.1,3926,2.281580,1120.297511,865.901390,0.281580,120.297511,-134.098610,0.855572
2.0,1000,3,0.1,3927,0.419114,371.638856,1235.731827,-1.580886,-628.361144,235.731827,1.000000
2.0,1000,3,0.1,3928,2.249878,1579.501861,782.778764,0.249878,579.501861,-217.221236,0.874527
2.0,1000,3,0.1,3929,0.434088,174.208216,1855.185421,-1.565912,-825.791784,855.185421,1.000000
2.0,1000,3,0.1,3930,2.300349,986.677471,836.206058,0.300349,-13.322529,-163.793942,0.843856
2.0,1000,3,0.1,3931,0.609507,165.946527,1465.846747,-1.390493,-834.053473,465.846747,0.999871
2.0,1000,3,0.1,3932,2.304920,464.910432,1081.190187,0.304920,-535.089568,81.190187,0.846563
2.0,1000,3,0.1,3933,0.612940,166.756158,1749.094079,-1.387060,-833.243842,749.094079,1.000000
2.0,1000,3,0.1,3934,2.081685,848.932060,1123.396367,0.081685,-151.067940,123.396367,0.955584
2.0,1000,3,0.1,3935,NaN,NaN,NaN,NaN,NaN,NaN,NaN
2.0,1000,3,0.1,3936,2.154409,1666.047237,1011.798231,0.154409,666.047237,11.798231,0.924841
2.0,1000,3,0.1,3937,1.599490,881.362021,886.013381,-0.400510,-118.637979,-113.986619,0.999986
2.0,1000,3,0.1,3938,2.298096,764.959130,1383.054857,0.298096,-235.040870,383.054857,0.847757
2.0,1000,3,0.1,3939,2.153640,621.482534,1403.965876,0.153640,-378.517466,403.965876,0.928780
2.0,1000,3,0.1,3940,1.913828,641.159972,1118.047861,-0.086172,-358.840028,118.047861,0.996807
2.0,1000,3,0.1,3941,2.292687,1286.729538,910.235682,0.292687,286.729538,-89.764318,0.848754
2.0,1000,3,0.1,3942,1.902112,647.367488,1384.111676,-0.097888,-352.632512,384.111676,0.998022
2.0,1000,3,0.1,3943,2.003858,1157.894867,1135.627951,0.003858,157.894867,135.627951,0.979879
2.0,1000,3,0.1,3944,1.155166,1008.669135,943.411672,-0.844834,8.669135,-56.588328,0.999996
2.0,1000,3,0.1,3945,0.838171,507.361637,1654.067539,-1.161829,-492.638363,654.067539,0.999969
2.0,1000,3,0.1,3946,2.303273,1228.201583,941.045294,0.303273,228.201583,-58.954706,0.841976
2.0,1000,3,0.1,3947,1.900609,600.040772,1030.786253,-0.099391,-399.959228,30.786253,0.997977
2.0,1000,3,0.1,3948,0.317102,47.432076,1629.285782,-1.682898,-952.567924,629.285782,0.999315
2.0,1000,3,0.1,3949,2.200710,688.268375,720.542999,0.200710,-311.731625,-279.457001,0.902183
2.0,1000,3,0.1,3950,1.120806,1016.240578,1019.976823,-0.879194,16.240578,19.976823,0.999996
2.0,1000,3,0.1,3951,1.182256,505.391533,1548.243744,-0.817744,-494.608467,548.243744,0.999989
2.0,1000,3,0.1,3952,0.694366,528.132107,1019.707185,-1.305634,-471.867893,19.707185,0.999987
2.0,1000,3,0.1,3953,0.893291,224.082288,1725.217144,-1.106709,-775.917712,725.217144,0.999576
2.0,1000,3,0.1,3954,2.357483,311.564734,1880.121853,0.357483,-688.435266,880.121853,0.838511
2.0,1000,3,0.1,3955,0.364492,230.451034,1429.712261,-1.635508,-769.548966,429.712261,1.000000
2.0,1000,3,0.1,3956,1.949361,2030.015804,611.628717,-0.050639,1030.015804,-388.371283,0.991177
2.0,1000,3,0.1,3957,2.348935,362.986307,1144.244490,0.348935,-637.013693,144.244490,0.821044
2.0,1000,3,0.1,3958,1.791904,932.520474,667.882354,-0.208096,-67.479526,-332.117646,0.999985
2.0,1000,3,0.1,3959,0.262465,119.590670,2020.161559,-1.737535,-880.409330,1020.161559,0.994995
2.0,1000,3,0.1,3960,0.462775,151.938557,1494.791207,-1.537225,-848.061443,494.791207,1.000000
2.0,1000,3,0.1,3961,0.764490,796.974023,1604.362627,-1.235510,-203.025977,604.362627,0.999994
2.0,1000,3,0.1,3962,0.564186,95.063726,1939.128129,-1.435814,-904.936274,939.128129,1.000000
2.0,1000,3,0.1,3963,2.120111,924.430426,1061.653559,0.120111,-75.569574,61.653559,0.940738
2.0,1000,3,0.1,3964,2.276126,415.780176,1507.573658,0.276126,-584.219824,507.573658,0.871058
2.0,1000,3,0.1,3965,0.344066,193.677259,1900.835486,-1.655934,-806.322741,900.835486,1.000000
2.0,1000,3,0.1,3966,2.029933,1871.495194,940.399400,0.029933,871.495194,-59.600600,0.972156
2.0,1000,3,0.1,3967,NaN,NaN,NaN,NaN,NaN,NaN,NaN
2.0,1000,3,0.1,3968,0.556362,385.142580,1118.226590,-1.443638,-614.857420,118.226590,0.999490
2.0,1000,3,0.1,3969,1.630555,1520.959277,532.121968,-0.369445,520.959277,-467.878032,0.999993
2.0,1000,3,0.1,3970,1.009430,285.465910,1566.278731,-0.990570,-714.534090,566.278731,0.999944
2.0,1000,3,0.1,3971,0.346634,213.353274,1503.767465,-1.653366,-786.646726,503.767465,1.000000
2.0,1000,3,0.1,3972,2.289143,566.690695,1317.423947,0.289143,-433.309305,317.423947,0.856497
2.0,1000,3,0.1,3973,1.508730,767.869920,1891.096060,-0.491270,-232.130080,891.096060,0.999963
2.0,1000,3,0.1,3974,1.983835,1568.191236,538.250627,-0.016165,568.191236,-461.749373,0.984270
2.0,1000,3,0.1,3975,2.022827,669.781027,1475.920122,0.022827,-330.218973,475.920122,0.976256
2.0,1000,3,0.1,3976,2.084811,530.690019,1560.030520,0.084811,-469.309981,560.030520,0.958956
2.0,1000,3,0.1,3977,0.357344,250.777256,1455.010524,-1.642656,-749.222744,455.010524,1.000000
2.0,1000,3,0.1,3978,2.118319,1421.462708,482.828669,0.118319,421.462708,-517.171331,0.940358
2.0,1000,3,0.1,3979,0.324785,223.908672,1212.437813,-1.675215,-776.091328,212.437813,1.000000
2.0,1000,3,0.1,3980,2.420812,845.869386,1038.507446,0.420812,-154.130614,38.507446,0.758623
2.0,1000,3,0.1,3981,2.396433,1712.332673,364.867065,0.396433,712.332673,-635.132935,0.775501
2.0,1000,3,0.1,3982,0.802363,397.375638,1199.022915,-1.197637,-602.624362,199.022915,0.999964
2.0,1000,3,0.1,3983,1.029372,273.579886,1191.577141,-0.970628,-726.420114,191.577141,0.999995
2.0,1000,3,0.1,3984,0.471906,392.701621,1418.205867,-1.528094,-607.298379,418.205867,0.998922
2.0,1000,3,0.1,3985,0.953138,438.517918,1600.409899,-1.046862,-561.482082,600.409899,0.999994
2.0,1000,3,0.1,3986,0.323296,163.512611,2226.093104,-1.676704,-836.487389,1226.093104,0.999995
2.0,1000,3,0.1,3987,0.263780,153.086564,1375.212242,-1.736220,-846.913436,375.212242,0.999945
2.0,1000,3,0.1,3988,1.903108,1053.606788,1108.849652,-0.096892,53.606788,108.849652,0.997635
2.0,1000,3,0.1,3989,1.906181,964.942244,854.887664,-0.093819,-35.057756,-145.112336,0.997277
2.0,1000,3,0.1,3990,0.355362,129.781534,1284.515640,-1.644638,-870.218466,284.515640,1.000000
2.0,1000,3,0.1,3991,2.135053,839.148022,1453.064586,0.135053,-160.851978,453.064586,0.935080
2.0,1000,3,0.1,3992,0.648727,214.522029,1506.737682,-1.351273,-785.477971,506.737682,0.999643
2.0,1000,3,0.1,3993,2.378912,680.007201,1281.204552,0.378912,-319.992799,281.204552,0.793759
2.0,1000,3,0.1,3994,2.247360,683.635011,1012.570164,0.247360,-316.364989,12.570164,0.877538
2.0,1000,3,0.1,3995,0.424174,372.421481,1557.281019,-1.575826,-627.578519,557.281019,1.000000
2.0,1000,3,0.1,3996,0.544936,709.651876,1451.465019,-1.455064,-290.348124,451.465019,0.999417
2.0,1000,3,0.1,3997,2.394650,2204.974011,482.545618,0.394650,1204.974011,-517.454382,0.776850
2.0,1000,3,0.1,3998,2.081052,972.549506,856.835211,0.081052,-27.450494,-143.164789,0.955446
2.0,1000,3,0.1,3999,1.123591,1460.294613,1604.538091,-0.876409,460.294613,604.538091,0.999996
2.0,1000,3,0.1,4000,1.463423,2219.071848,424.681181,-0.536577,1219.071848,-575.318819,0.999997
