delta,rep,beta_hat,eta_hat,gamma_hat,status
0.00,0,2.427014,1.028302,0.000000,True
0.00,1,2.998128,1.306481,0.000000,True
0.00,2,0.751100,0.515028,0.524647,True
0.00,3,2.962633,0.866599,0.114617,True
0.00,4,1.742062,0.699393,0.270057,True
0.00,5,1.660939,0.746653,0.267728,True
0.00,6,2.017839,0.939832,0.125555,True
0.00,7,2.754568,0.852745,0.082874,True
0.00,8,1.998731,1.163288,0.000000,True
0.00,9,1.201848,0.772308,0.231937,True
0.00,10,1.317045,0.909339,0.281774,True
0.00,11,1.289436,0.883270,0.291402,True
0.00,12,2.165397,1.200813,0.041945,True
0.00,13,1.521674,0.781638,0.114633,True
0.00,14,2.188921,1.114627,0.000000,True
0.00,15,1.235869,0.755517,0.205356,True
0.00,16,2.437754,1.042024,0.000000,True
0.00,17,2.423631,1.382054,0.000000,True
0.00,18,0.974254,0.494727,0.443628,True
0.00,19,2.252188,0.884668,0.084705,True
0.00,20,1.986715,0.833201,0.179798,True
0.00,21,3.166980,1.134313,0.000000,True
0.00,22,1.623219,0.892756,0.211425,True
0.00,23,2.584482,1.144732,0.032147,True
0.00,24,2.528482,0.971413,0.015186,True
0.00,25,2.846661,1.250216,0.000000,True
0.00,26,2.262135,1.347014,0.000000,True
0.00,27,1.344377,0.744132,0.224163,True
0.00,28,1.788488,0.993362,0.000000,True
0.00,29,1.813996,1.066181,0.020103,True
0.00,30,1.688110,1.026210,0.000000,True
0.00,31,1.659686,0.950411,0.081840,True
0.00,32,2.236048,1.053433,0.000000,True
0.00,33,2.504037,1.003259,0.000000,True
0.00,34,1.619703,0.651512,0.376502,True
0.00,35,1.726506,1.160924,0.080489,True
0.00,36,2.379316,1.044598,0.000000,True
0.00,37,1.743458,1.139956,0.000000,True
0.00,38,2.330576,1.268452,0.000000,True
0.00,39,1.289142,0.933723,0.110612,True
0.00,40,1.371959,0.969824,0.264986,True
0.00,41,1.765602,0.870224,0.183226,True
0.00,42,2.385860,1.276627,0.000000,True
0.00,43,2.686523,0.971761,0.061053,True
0.00,44,2.357678,1.118656,0.000000,True
0.00,45,1.113829,0.678116,0.368428,True
0.00,46,2.030525,1.257153,0.000000,True
0.00,47,1.474349,0.820173,0.330841,True
0.00,48,1.349502,0.741145,0.184673,True
0.00,49,2.169522,1.070837,0.000000,True
0.00,50,2.619819,1.167430,0.000000,True
0.00,51,1.150981,0.668924,0.320557,True
0.00,52,2.388948,1.099617,0.000000,True
0.00,53,2.084995,1.090363,0.063741,True
0.00,54,2.387618,1.006336,0.185256,True
0.00,55,2.716338,1.298393,0.000000,True
0.00,56,1.721066,0.919868,0.108850,True
0.00,57,2.178468,1.061298,0.000000,True
0.00,58,1.220328,0.553550,0.257838,True
0.00,59,2.126044,1.091252,0.000000,True
0.00,60,2.168471,0.867581,0.187399,True
0.00,61,2.061335,0.995633,0.000000,True
0.00,62,1.943309,1.058639,0.000000,True
0.00,63,2.724797,0.859350,0.254579,True
0.00,64,2.171474,0.898394,0.059054,True
0.00,65,2.140864,0.895142,0.107796,True
0.00,66,2.312577,0.913397,0.000000,True
0.00,67,1.353527,0.807112,0.295665,True
0.00,68,1.633665,1.063933,0.204548,True
0.00,69,2.200462,1.172450,0.000000,True
0.00,70,1.176116,0.712285,0.495770,True
0.00,71,2.543285,1.152402,0.000000,True
0.00,72,1.648583,0.748426,0.170086,True
0.00,73,1.181003,0.609991,0.363659,True
0.00,74,2.001174,0.998602,0.000000,True
0.00,75,1.636147,0.802201,0.266681,True
0.00,76,2.274061,1.150817,0.031967,True
0.00,77,2.682915,1.111901,0.000000,True
0.00,78,2.372014,0.999669,0.000000,True
0.00,79,1.959098,1.069910,0.000000,True
0.00,80,2.405405,1.068116,0.076835,True
0.00,81,1.272780,0.584207,0.265344,True
0.00,82,1.847962,0.926021,0.000000,True
0.00,83,1.733629,1.021724,0.071302,True
0.00,84,1.728665,0.661620,0.378352,True
0.00,85,1.308409,0.772638,0.199608,True
0.00,86,2.471765,1.192097,0.000000,True
0.00,87,1.731704,0.733073,0.233588,True
0.00,88,2.139419,1.133032,0.093576,True
0.00,89,3.282468,1.110919,0.000000,True
0.00,90,1.285684,0.717743,0.257241,True
0.00,91,1.328406,0.558009,0.444853,True
0.00,92,2.766600,1.226986,0.000000,True
0.00,93,1.900882,0.833330,0.111219,True
0.00,94,2.406121,1.149406,0.000000,True
0.00,95,2.228407,0.853358,0.110427,True
0.00,96,2.147693,1.219382,0.000000,True
0.00,97,2.242242,1.047719,0.111770,True
0.00,98,1.868017,0.859280,0.141752,True
0.00,99,1.992556,0.624090,0.283820,True
0.00,100,1.580942,0.799004,0.174587,True
0.00,101,2.099986,1.082464,0.000000,True
0.00,102,1.464857,0.892419,0.054338,True
0.00,103,2.057957,0.968445,0.088091,True
0.00,104,1.773718,0.845929,0.110381,True
0.00,105,2.001597,0.838160,0.081606,True
0.00,106,1.682234,0.937058,0.065315,True
0.00,107,1.759690,0.853710,0.308808,True
0.00,108,2.690347,0.898651,0.177415,True
0.00,109,2.342285,1.160558,0.000000,True
0.00,110,2.172296,1.006580,0.000000,True
0.00,111,2.083039,1.102993,0.000000,True
0.00,112,1.801871,0.937808,0.096375,True
0.00,113,1.897669,0.701796,0.309740,True
0.00,114,1.793599,1.200144,0.025860,True
0.00,115,1.735830,0.884577,0.170414,True
0.00,116,1.436252,0.690135,0.241199,True
0.00,117,2.044498,1.254074,0.000000,True
0.00,118,3.202767,0.859395,0.000000,True
0.00,119,1.269304,0.506008,0.179940,True
0.00,120,1.891108,1.016783,0.134137,True
0.00,121,1.665859,1.209324,0.051216,True
0.00,122,1.958114,0.732213,0.214320,True
0.00,123,2.644008,1.251066,0.000000,True
0.00,124,1.872332,0.820525,0.263189,True
0.00,125,2.124019,1.158984,0.000000,True
0.00,126,2.545389,1.115737,0.000000,True
0.00,127,1.402581,0.676972,0.293895,True
0.00,128,2.720275,1.390575,0.000000,True
0.00,129,1.709440,0.733248,0.205140,True
0.00,130,2.370603,1.106035,0.000000,True
0.00,131,1.451738,0.520482,0.526392,True
0.00,132,2.022248,1.214328,0.000000,True
0.00,133,1.649496,0.786201,0.108550,True
0.00,134,1.507626,1.034544,0.233371,True
0.00,135,2.477702,1.245656,0.000000,True
0.00,136,1.547050,1.045263,0.048250,True
0.00,137,1.851609,0.856493,0.154028,True
0.00,138,1.701843,0.840938,0.269637,True
0.00,139,1.784468,1.038734,0.000000,True
0.00,140,1.618893,0.899882,0.271525,True
0.00,141,2.375728,0.977326,0.000000,True
0.00,142,2.409519,1.247141,0.001256,True
0.00,143,3.103692,1.241749,0.000000,True
0.00,144,1.868846,1.164566,0.173786,True
0.00,145,2.863941,1.090169,0.131741,True
0.00,146,1.900057,0.799458,0.032229,True
0.00,147,1.242170,0.823254,0.192099,True
0.00,148,2.167332,1.081047,0.012902,True
0.00,149,1.582594,1.047176,0.000000,True
0.00,150,1.527555,0.998807,0.155924,True
0.00,151,2.126896,1.017019,0.098365,True
0.00,152,1.459139,0.808310,0.281634,True
0.00,153,1.973952,0.866196,0.169847,True
0.00,154,2.587907,1.219188,0.000000,True
0.00,155,2.035129,0.853825,0.185126,True
0.00,156,2.008898,1.125373,0.000000,True
0.00,157,2.160898,1.121608,0.000000,True
0.00,158,2.207109,0.949369,0.000000,True
0.00,159,1.701208,1.107105,0.000000,True
0.00,160,2.616000,1.317519,0.000000,True
0.00,161,1.592751,0.724744,0.334133,True
0.00,162,2.044791,1.078807,0.000000,True
0.00,163,1.728127,1.010225,0.125715,True
0.00,164,1.367688,0.436060,0.487725,True
0.00,165,1.711932,0.848188,0.167230,True
0.00,166,2.119558,1.232171,0.000000,True
0.00,167,2.329783,1.112906,0.013165,True
0.00,168,1.727777,1.005210,0.164571,True
0.00,169,1.504393,0.911731,0.242437,True
0.00,170,1.697485,0.682560,0.408766,True
0.00,171,2.348945,1.005166,0.106212,True
0.00,172,1.730718,0.750560,0.420166,True
0.00,173,1.398453,0.762116,0.180842,True
0.00,174,1.902507,0.966404,0.227381,True
0.00,175,2.068911,1.190339,0.016166,True
0.00,176,2.237990,0.920289,0.095304,True
0.00,177,2.760775,0.950378,0.000000,True
0.00,178,1.414117,0.808349,0.269878,True
0.00,179,1.287499,0.809007,0.148944,True
0.00,180,2.871663,1.171402,0.000000,True
0.00,181,1.234767,0.688308,0.249455,True
0.00,182,1.578353,0.808000,0.167327,True
0.00,183,2.140017,1.157912,0.000000,True
0.00,184,2.369666,0.812360,0.241095,True
0.00,185,1.738028,0.941471,0.055025,True
0.00,186,2.121723,0.791068,0.136064,True
0.00,187,1.277833,0.604122,0.342272,True
0.00,188,1.398902,0.716295,0.308318,True
0.00,189,2.357722,1.255378,0.000000,True
0.00,190,1.837327,1.114864,0.000000,True
0.00,191,1.698039,0.934058,0.110438,True
0.00,192,1.808746,0.846277,0.277489,True
0.00,193,2.664014,1.083636,0.000000,True
0.00,194,2.220227,1.032533,0.000000,True
0.00,195,1.614892,0.943960,0.140560,True
0.00,196,1.574050,0.539329,0.394199,True
0.00,197,2.094449,0.880723,0.000000,True
0.00,198,1.986475,0.924809,0.219885,True
0.00,199,2.401458,0.949547,0.043628,True
0.00,200,1.688504,1.103060,0.062507,True
0.00,201,2.235949,0.866483,0.281299,True
0.00,202,2.509910,0.621157,0.385658,True
0.00,203,1.144024,0.741229,0.346661,True
0.00,204,2.433726,1.077603,0.047539,True
0.00,205,1.319325,0.762549,0.296460,True
0.00,206,2.033519,1.142625,0.000000,True
0.00,207,1.904689,1.234920,0.000000,True
0.00,208,1.619243,0.703699,0.262990,True
0.00,209,2.843776,1.176027,0.000000,True
0.00,210,1.644441,0.832917,0.231779,True
0.00,211,2.532907,1.138655,0.000000,True
0.00,212,3.085516,1.005202,0.000000,True
0.00,213,2.067617,0.925534,0.146820,True
0.00,214,1.890232,0.788150,0.230062,True
0.00,215,2.406587,1.062076,0.000000,True
0.00,216,1.811480,1.081644,0.104244,True
0.00,217,2.435772,1.134771,0.077295,True
0.00,218,1.429390,0.716763,0.302879,True
0.00,219,1.686363,1.180008,0.000000,True
0.00,220,1.530219,0.910511,0.045958,True
0.00,221,1.209591,0.479122,0.526808,True
0.00,222,2.514597,1.175847,0.000000,True
0.00,223,0.904702,0.564894,0.464903,True
0.00,224,1.127159,0.587746,0.268623,True
0.00,225,1.956525,1.009236,0.000000,True
0.00,226,1.783661,1.181716,0.115880,True
0.00,227,1.812941,0.655467,0.304744,True
0.00,228,2.497145,1.087817,0.000000,True
0.00,229,1.589403,0.817063,0.142106,True
0.00,230,2.188973,1.176160,0.003468,True
0.00,231,1.648560,0.952021,0.053194,True
0.00,232,2.689732,1.221810,0.000000,True
0.00,233,2.558808,1.112109,0.075468,True
0.00,234,1.868475,1.086777,0.032673,True
0.00,235,1.692893,0.897991,0.127157,True
0.00,236,1.885016,0.965538,0.139967,True
0.00,237,1.585200,0.950953,0.206196,True
0.00,238,2.819578,1.132099,0.000000,True
0.00,239,1.383871,0.729962,0.446518,True
0.00,240,1.716776,0.799722,0.186192,True
0.00,241,1.676253,1.136991,0.000000,True
0.00,242,1.900358,0.998342,0.000000,True
0.00,243,1.918810,1.068073,0.000000,True
0.00,244,1.368577,0.732104,0.202820,True
0.00,245,2.298377,1.321979,0.000000,True
0.00,246,1.744158,0.848680,0.272796,True
0.00,247,2.438142,1.132177,0.000000,True
0.00,248,1.299859,0.751526,0.416758,True
0.00,249,1.264504,0.615455,0.160221,True
0.00,250,2.166358,0.969286,0.145667,True
0.00,251,1.085831,0.613024,0.239903,True
0.00,252,2.131228,1.119544,0.000000,True
0.00,253,1.521323,0.971985,0.170572,True
0.00,254,2.194928,0.931148,0.000000,True
0.00,255,1.521965,0.742192,0.347284,True
0.00,256,2.127448,1.080806,0.106215,True
0.00,257,1.962676,0.919425,0.144368,True
0.00,258,2.356833,1.097673,0.141577,True
0.00,259,2.455079,1.181479,0.000000,True
0.00,260,1.741211,0.977295,0.045608,True
0.00,261,2.034519,1.148739,0.009986,True
0.00,262,1.693830,0.767352,0.521160,True
0.00,263,1.633587,0.913287,0.104438,True
0.00,264,1.835497,0.961631,0.000000,True
0.00,265,3.063557,0.968534,0.050811,True
0.00,266,1.746654,0.909276,0.099022,True
0.00,267,2.105781,0.978237,0.000000,True
0.00,268,1.709587,0.942770,0.000000,True
0.00,269,3.527037,1.142508,0.000000,True
0.00,270,1.954451,0.984874,0.167764,True
0.00,271,1.340568,0.672784,0.418905,True
0.00,272,1.282012,0.913966,0.333736,True
0.00,273,2.256124,0.719634,0.290038,True
0.00,274,2.656343,1.173721,0.000000,True
0.00,275,2.058853,1.145350,0.045272,True
0.00,276,1.869043,0.712922,0.172912,True
0.00,277,2.771657,1.160680,0.000000,True
0.00,278,1.813621,0.922403,0.000000,True
0.00,279,3.506835,1.172393,0.000000,True
0.00,280,2.213339,0.938257,0.072857,True
0.00,281,1.157193,0.778776,0.366944,True
0.00,282,2.523144,0.997627,0.108809,True
0.00,283,1.244075,0.453967,0.382204,True
0.00,284,1.045782,0.599533,0.365794,True
0.00,285,2.319384,1.210066,0.000000,True
0.00,286,1.254854,0.713863,0.354792,True
0.00,287,2.882852,1.062794,0.000000,True
0.00,288,1.161937,0.652447,0.307410,True
0.00,289,1.887217,1.167672,0.000000,True
0.00,290,1.399910,0.823267,0.254626,True
0.00,291,3.456846,1.031849,0.000000,True
0.00,292,1.233148,0.481032,0.332215,True
0.00,293,2.428114,1.247004,0.000000,True
0.00,294,1.919447,0.806232,0.137482,True
0.00,295,2.738884,1.191394,0.000000,True
0.00,296,1.550944,0.866186,0.199648,True
0.00,297,1.616401,0.888623,0.278524,True
0.00,298,2.309052,1.242791,0.000000,True
0.00,299,1.787750,0.755591,0.333115,True
0.00,300,1.800822,1.135298,0.000000,True
0.00,301,2.350698,0.932395,0.002509,True
0.00,302,2.601181,0.944561,0.000000,True
0.00,303,1.724953,1.103627,0.069150,True
0.00,304,1.643959,0.831634,0.330459,True
0.00,305,2.617158,0.808064,0.123310,True
0.00,306,2.821493,1.114911,0.000000,True
0.00,307,2.558072,0.880606,0.000000,True
0.00,308,2.513200,1.197870,0.000000,True
0.00,309,1.964512,0.973823,0.102557,True
0.00,310,2.344179,1.016155,0.379029,True
0.00,311,2.186638,1.116892,0.000000,True
0.00,312,2.746560,1.077309,0.000000,True
0.00,313,1.634644,0.961581,0.272849,True
0.00,314,1.594844,1.073209,0.169870,True
0.00,315,1.788949,1.098261,0.001558,True
0.00,316,1.828593,0.792842,0.382868,True
0.00,317,1.952655,0.752146,0.335066,True
0.00,318,1.728913,0.986749,0.039039,True
0.00,319,2.404538,1.059276,0.000000,True
0.00,320,2.273365,0.997584,0.000000,True
0.00,321,1.737307,0.610154,0.472547,True
0.00,322,2.185958,0.924863,0.179651,True
0.00,323,1.593838,0.856807,0.172188,True
0.00,324,1.668279,0.932865,0.201630,True
0.00,325,1.451400,0.881224,0.112111,True
0.00,326,2.428446,1.174882,0.047881,True
0.00,327,0.762236,0.511392,0.482469,True
0.00,328,2.282632,0.935323,0.001262,True
0.00,329,2.030320,1.170998,0.000000,True
0.00,330,1.151396,0.740314,0.331587,True
0.00,331,2.937996,1.042609,0.048793,True
0.00,332,1.166921,0.532407,0.427498,True
0.00,333,1.109334,0.571254,0.312831,True
0.00,334,2.537590,0.908166,0.098056,True
0.00,335,0.970035,0.533100,0.415711,True
0.00,336,1.614961,0.852983,0.221905,True
0.00,337,1.360344,0.679930,0.380708,True
0.00,338,2.020857,1.127034,0.000000,True
0.00,339,3.211400,1.143413,0.000000,True
0.00,340,1.566213,1.006718,0.125022,True
0.00,341,2.419215,1.035060,0.000000,True
0.00,342,2.067402,1.199677,0.000000,True
0.00,343,1.883577,1.140418,0.000000,True
0.00,344,2.247473,1.083846,0.000000,True
0.00,345,1.566640,1.061916,0.000000,True
0.00,346,1.340304,0.709278,0.257126,True
0.00,347,1.855718,0.898581,0.110535,True
0.00,348,1.443140,0.647016,0.486239,True
0.00,349,1.801602,0.824768,0.122488,True
0.00,350,2.257638,0.977652,0.051534,True
0.00,351,1.638554,0.778864,0.103321,True
0.00,352,1.983020,0.917007,0.402883,True
0.00,353,1.853022,0.834507,0.147914,True
0.00,354,2.012977,1.284512,0.000000,True
0.00,355,1.836640,0.951125,0.038110,True
0.00,356,2.235041,1.091277,0.000000,True
0.00,357,1.292577,0.798616,0.209632,True
0.00,358,1.587434,0.814857,0.227342,True
0.00,359,2.580469,0.915180,0.000000,True
0.00,360,2.714662,0.942735,0.000000,True
0.00,361,2.146658,1.045939,0.046105,True
0.00,362,1.972413,1.148649,0.000000,True
0.00,363,1.443470,0.855812,0.112801,True
0.00,364,2.457895,0.898186,0.245294,True
0.00,365,1.893752,1.123077,0.000000,True
0.00,366,1.689710,0.744670,0.130892,True
0.00,367,1.531391,0.817083,0.172016,True
0.00,368,2.189343,1.049599,0.218613,True
0.00,369,2.043584,1.138742,0.000000,True
0.00,370,2.524612,1.178567,0.000000,True
0.00,371,2.849377,1.168097,0.000000,True
0.00,372,1.228600,0.623530,0.337780,True
0.00,373,3.715180,1.166553,0.000000,True
0.00,374,1.317710,0.724675,0.477084,True
0.00,375,2.088012,0.796752,0.120172,True
0.00,376,1.521245,0.686482,0.139504,True
0.00,377,1.863016,0.970640,0.193907,True
0.00,378,1.792093,1.114082,0.000000,True
0.00,379,2.057119,1.110263,0.108626,True
0.00,380,1.805865,1.200455,0.000000,True
0.00,381,1.553084,0.971471,0.030225,True
0.00,382,2.692497,1.277609,0.000000,True
0.00,383,1.934261,1.067894,0.103346,True
0.00,384,1.800052,0.901199,0.000000,True
0.00,385,1.873147,1.240849,0.000000,True
0.00,386,2.223908,1.152621,0.000000,True
0.00,387,1.765246,1.322932,0.000000,True
0.00,388,3.032193,1.117713,0.000000,True
0.00,389,1.581726,0.648673,0.532642,True
0.00,390,1.791887,0.841274,0.127316,True
0.00,391,2.308078,1.179486,0.000000,True
0.00,392,2.600242,0.786286,0.202985,True
0.00,393,2.292000,0.864061,0.092044,True
0.00,394,2.335757,1.184131,0.000000,True
0.00,395,1.849118,0.917566,0.000000,True
0.00,396,2.488622,1.226449,0.000000,True
0.00,397,1.411156,0.672477,0.250473,True
0.00,398,2.750999,1.081779,0.000000,True
0.00,399,2.089033,1.079768,0.000000,True
0.00,400,1.918617,1.100028,0.000000,True
0.00,401,2.955398,1.089606,0.000000,True
0.00,402,2.471746,1.111377,0.000000,True
0.00,403,2.561338,1.296678,0.000000,True
0.00,404,1.724253,0.574634,0.620432,True
0.00,405,1.930071,0.919590,0.115171,True
0.00,406,1.398041,0.727354,0.306179,True
0.00,407,2.620237,1.055331,0.000000,True
0.00,408,1.822300,0.905340,0.086255,True
0.00,409,2.527366,1.272977,0.000000,True
0.00,410,1.487363,1.036359,0.170483,True
0.00,411,2.399875,0.912893,0.113262,True
0.00,412,2.172518,1.196599,0.000000,True
0.00,413,2.039183,1.124316,0.000000,True
0.00,414,1.443409,0.969992,0.155621,True
0.00,415,1.922967,1.116492,0.000000,True
0.00,416,1.535741,0.735748,0.311020,True
0.00,417,1.654186,1.188527,0.060638,True
0.00,418,1.401986,0.842320,0.134799,True
0.00,419,1.742315,0.950503,0.000000,True
0.00,420,1.822410,1.156264,0.000000,True
0.00,421,2.498866,1.253367,0.000000,True
0.00,422,2.152594,1.060203,0.000000,True
0.00,423,1.796551,1.024758,0.000000,True
0.00,424,1.270789,0.730284,0.339099,True
0.00,425,2.205994,1.064106,0.000000,True
0.00,426,1.272043,0.809983,0.215544,True
0.00,427,1.578662,0.795016,0.217603,True
0.00,428,2.607320,1.110598,0.000000,True
0.00,429,2.696079,0.903793,0.000000,True
0.00,430,2.438795,1.177023,0.085649,True
0.00,431,2.249083,0.821904,0.166170,True
0.00,432,2.080136,1.091273,0.000000,True
0.00,433,3.470595,1.187209,0.000000,True
0.00,434,1.719881,1.020527,0.000000,True
0.00,435,1.799406,1.295502,0.000000,True
0.00,436,2.262505,0.982576,0.000000,True
0.00,437,1.365567,0.940037,0.227707,True
0.00,438,1.485709,0.818569,0.325179,True
0.00,439,1.671727,0.919928,0.165362,True
0.00,440,2.850989,1.112534,0.000000,True
0.00,441,1.942544,1.023261,0.103725,True
0.00,442,1.163860,0.829576,0.377771,True
0.00,443,2.437798,0.904768,0.031448,True
0.00,444,1.427622,0.672393,0.417240,True
0.00,445,3.511567,1.251777,0.000000,True
0.00,446,2.022002,1.190870,0.084291,True
0.00,447,2.391750,1.163017,0.000000,True
0.00,448,1.151594,0.686904,0.242839,True
0.00,449,2.049275,1.260401,0.000000,True
0.00,450,2.348736,0.924334,0.000000,True
0.00,451,1.768965,0.779792,0.283042,True
0.00,452,2.816347,1.377738,0.000000,True
0.00,453,2.234368,1.027528,0.000000,True
0.00,454,1.802018,1.011105,0.071900,True
0.00,455,2.720015,0.908310,0.020135,True
0.00,456,1.073184,0.627839,0.293450,True
0.00,457,2.507405,1.227234,0.000000,True
0.00,458,1.920941,1.072986,0.134229,True
0.00,459,1.878071,0.789290,0.302301,True
0.00,460,1.718491,0.906424,0.000000,True
0.00,461,2.220041,1.062397,0.000000,True
0.00,462,2.633386,1.229842,0.000000,True
0.00,463,2.499606,0.819198,0.000000,True
0.00,464,1.442995,0.657421,0.467203,True
0.00,465,2.734739,1.070473,0.000000,True
0.00,466,2.098397,1.080698,0.000000,True
0.00,467,2.859700,1.028972,0.000000,True
0.00,468,1.447191,0.524006,0.390784,True
0.00,469,1.243408,0.739590,0.215053,True
0.00,470,3.029882,1.196106,0.000000,True
0.00,471,2.963952,1.082803,0.000000,True
0.00,472,2.003248,0.701744,0.321100,True
0.00,473,2.809001,1.167610,0.000000,True
0.00,474,2.033501,1.159486,0.000000,True
0.00,475,1.653744,0.893706,0.252590,True
0.00,476,1.026502,0.636899,0.394419,True
0.00,477,2.056807,0.833371,0.190532,True
0.00,478,2.440664,1.025282,0.000000,True
0.00,479,1.714912,1.291522,0.000000,True
0.00,480,2.088518,1.297753,0.000000,True
0.00,481,2.151275,1.075772,0.120571,True
0.00,482,2.617016,1.178045,0.000000,True
0.00,483,2.110852,0.932676,0.053640,True
0.00,484,2.666593,1.277728,0.000000,True
0.00,485,2.953065,1.117206,0.000000,True
0.00,486,1.049593,0.835720,0.160433,True
0.00,487,2.488568,0.778232,0.112653,True
0.00,488,2.242479,1.096870,0.000000,True
0.00,489,2.057605,1.037118,0.169259,True
0.00,490,2.221690,1.194026,0.000000,True
0.00,491,2.388938,1.027936,0.000000,True
0.00,492,1.689249,1.290321,0.027249,True
0.00,493,1.309407,0.584512,0.272732,True
0.00,494,1.417061,1.128496,0.000000,True
0.00,495,1.165752,0.734547,0.373016,True
0.00,496,1.981481,1.226630,0.000000,True
0.00,497,1.300282,0.672254,0.267154,True
0.00,498,1.843944,0.881494,0.235811,True
0.00,499,2.016464,0.982162,0.000000,True
0.02,0,2.427014,1.028302,0.000000,True
0.02,1,2.770559,1.236648,0.067403,True
0.02,2,0.750583,0.515021,0.524677,True
0.02,3,2.820263,0.836148,0.143768,True
0.02,4,1.720013,0.694451,0.274436,True
0.02,5,1.634415,0.740102,0.273381,True
0.02,6,1.994735,0.932735,0.131914,True
0.02,7,2.458301,0.787721,0.144308,True
0.02,8,1.998731,1.163288,0.000000,True
0.02,9,1.170696,0.766932,0.237162,True
0.02,10,1.311869,0.907894,0.283006,True
0.02,11,1.286912,0.882518,0.292016,True
0.02,12,2.106174,1.180875,0.060649,True
0.02,13,1.512906,0.779523,0.116515,True
0.02,14,2.188921,1.114627,0.000000,True
0.02,15,1.225847,0.752975,0.207296,True
0.02,16,2.437754,1.042024,0.000000,True
0.02,17,2.423631,1.382054,0.000000,True
0.02,18,0.973286,0.494594,0.443729,True
0.02,19,2.140501,0.856013,0.111146,True
0.02,20,1.932919,0.820691,0.191568,True
0.02,21,3.166980,1.134313,0.000000,True
0.02,22,1.615088,0.890318,0.213542,True
0.02,23,2.496544,1.114782,0.059744,True
0.02,24,2.462071,0.952433,0.032759,True
0.02,25,2.832417,1.245634,0.004365,True
0.02,26,2.262135,1.347014,0.000000,True
0.02,27,1.336394,0.742296,0.225723,True
0.02,28,1.788488,0.993362,0.000000,True
0.02,29,1.786309,1.057142,0.028281,True
0.02,30,1.688110,1.026210,0.000000,True
0.02,31,1.644259,0.945229,0.086221,True
0.02,32,2.236048,1.053433,0.000000,True
0.02,33,2.504037,1.003259,0.000000,True
0.02,34,1.575910,0.641889,0.384599,True
0.02,35,1.711055,1.155105,0.085646,True
0.02,36,2.379316,1.044598,0.000000,True
0.02,37,1.743458,1.139956,0.000000,True
0.02,38,2.330576,1.268452,0.000000,True
0.02,39,1.281740,0.931625,0.112389,True
0.02,40,1.356214,0.965045,0.269001,True
0.02,41,1.565828,0.814348,0.230796,True
0.02,42,2.385860,1.276627,0.000000,True
0.02,43,2.590463,0.944339,0.086386,True
0.02,44,2.357678,1.118656,0.000000,True
0.02,45,1.112320,0.677760,0.368689,True
0.02,46,2.030525,1.257153,0.000000,True
0.02,47,1.422972,0.807159,0.341942,True
0.02,48,1.339383,0.738865,0.186632,True
0.02,49,2.169522,1.070837,0.000000,True
0.02,50,2.619819,1.167430,0.000000,True
0.02,51,1.148718,0.668516,0.320916,True
0.02,52,2.338629,1.080963,0.016667,True
0.02,53,1.982300,1.058466,0.093326,True
0.02,54,2.307126,0.982564,0.207208,True
0.02,55,2.716338,1.298393,0.000000,True
0.02,56,1.685360,0.909839,0.117848,True
0.02,57,2.178468,1.061298,0.000000,True
0.02,58,1.217458,0.553043,0.258252,True
0.02,59,2.123466,1.090383,0.000790,True
0.02,60,2.019602,0.832379,0.220527,True
0.02,61,2.061335,0.995633,0.000000,True
0.02,62,1.943309,1.058639,0.000000,True
0.02,63,2.179836,0.732266,0.371488,True
0.02,64,2.097889,0.879130,0.076856,True
0.02,65,2.104687,0.882462,0.118628,True
0.02,66,2.312577,0.913397,0.000000,True
0.02,67,1.337196,0.803783,0.298854,True
0.02,68,1.613872,1.057873,0.210139,True
0.02,69,2.200462,1.172450,0.000000,True
0.02,70,1.172402,0.711525,0.496410,True
0.02,71,2.543285,1.152402,0.000000,True
0.02,72,1.633068,0.744845,0.173294,True
0.02,73,1.177074,0.609044,0.364321,True
0.02,74,2.001174,0.998602,0.000000,True
0.02,75,1.572104,0.781130,0.282843,True
0.02,76,2.230235,1.133830,0.047146,True
0.02,77,2.682915,1.111901,0.000000,True
0.02,78,2.372014,0.999669,0.000000,True
0.02,79,1.959098,1.069910,0.000000,True
0.02,80,2.285913,1.033460,0.109476,True
0.02,81,1.268771,0.583346,0.266007,True
0.02,82,1.847962,0.926021,0.000000,True
0.02,83,1.710774,1.014539,0.077776,True
0.02,84,1.709424,0.656937,0.382324,True
0.02,85,1.299025,0.770671,0.201401,True
0.02,86,2.304503,1.134812,0.052685,True
0.02,87,1.714618,0.728754,0.237325,True
0.02,88,2.105307,1.119057,0.105794,True
0.02,89,3.282468,1.110919,0.000000,True
0.02,90,1.282475,0.716787,0.257937,True
0.02,91,1.324427,0.557313,0.445449,True
0.02,92,2.227884,1.055826,0.159825,True
0.02,93,1.882498,0.828309,0.115715,True
0.02,94,2.406121,1.149406,0.000000,True
0.02,95,2.178241,0.839587,0.122869,True
0.02,96,2.147693,1.219382,0.000000,True
0.02,97,2.089095,1.005081,0.152218,True
0.02,98,1.779780,0.835795,0.162688,True
0.02,99,1.969310,0.619593,0.287911,True
0.02,100,1.570405,0.796213,0.177002,True
0.02,101,2.099986,1.082464,0.000000,True
0.02,102,1.459415,0.890749,0.055742,True
0.02,103,2.031428,0.959075,0.096235,True
0.02,104,1.760585,0.842511,0.113479,True
0.02,105,1.978165,0.830427,0.088204,True
0.02,106,1.668743,0.932303,0.069271,True
0.02,107,1.732733,0.845937,0.315555,True
0.02,108,2.485516,0.850973,0.222597,True
0.02,109,2.342285,1.160558,0.000000,True
0.02,110,2.172296,1.006580,0.000000,True
0.02,111,2.083039,1.102993,0.000000,True
0.02,112,1.775453,0.929607,0.103585,True
0.02,113,1.803963,0.681235,0.328014,True
0.02,114,1.730341,1.175856,0.047167,True
0.02,115,1.669120,0.866083,0.186702,True
0.02,116,1.427234,0.687940,0.242989,True
0.02,117,2.044498,1.254074,0.000000,True
0.02,118,3.202767,0.859395,0.000000,True
0.02,119,1.266288,0.505362,0.180407,True
0.02,120,1.854095,1.005571,0.144406,True
0.02,121,1.650461,1.202901,0.056716,True
0.02,122,1.915323,0.723101,0.222757,True
0.02,123,2.644008,1.251066,0.000000,True
0.02,124,1.852290,0.815216,0.267936,True
0.02,125,2.124019,1.158984,0.000000,True
0.02,126,2.545389,1.115737,0.000000,True
0.02,127,1.397794,0.675681,0.294901,True
0.02,128,2.720275,1.390575,0.000000,True
0.02,129,1.691753,0.728950,0.208908,True
0.02,130,2.370603,1.106035,0.000000,True
0.02,131,1.441326,0.518530,0.527978,True
0.02,132,2.022248,1.214328,0.000000,True
0.02,133,1.635941,0.782948,0.111486,True
0.02,134,1.488485,1.028717,0.238596,True
0.02,135,2.477702,1.245656,0.000000,True
0.02,136,1.535965,1.041573,0.051483,True
0.02,137,1.837977,0.852955,0.157265,True
0.02,138,1.693199,0.838660,0.271684,True
0.02,139,1.784468,1.038734,0.000000,True
0.02,140,1.609796,0.896648,0.274158,True
0.02,141,2.367058,0.975032,0.002174,True
0.02,142,2.068684,1.118615,0.116384,True
0.02,143,3.103692,1.241749,0.000000,True
0.02,144,1.849704,1.157793,0.179975,True
0.02,145,2.693663,1.043917,0.175951,True
0.02,146,1.882826,0.795081,0.036171,True
0.02,147,1.236150,0.821866,0.193310,True
0.02,148,2.102127,1.061137,0.031504,True
0.02,149,1.582594,1.047176,0.000000,True
0.02,150,1.519393,0.996143,0.158229,True
0.02,151,2.082919,1.003543,0.110726,True
0.02,152,1.452295,0.806106,0.283365,True
0.02,153,1.951049,0.858323,0.176520,True
0.02,154,2.587907,1.219188,0.000000,True
0.02,155,1.894069,0.817326,0.218006,True
0.02,156,2.008898,1.125373,0.000000,True
0.02,157,2.160898,1.121608,0.000000,True
0.02,158,2.207109,0.949369,0.000000,True
0.02,159,1.701208,1.107105,0.000000,True
0.02,160,2.616000,1.317519,0.000000,True
0.02,161,1.572913,0.719463,0.338480,True
0.02,162,2.044791,1.078807,0.000000,True
0.02,163,1.699209,1.000507,0.134186,True
0.02,164,1.357673,0.434698,0.488880,True
0.02,165,1.696763,0.843230,0.171348,True
0.02,166,2.119558,1.232171,0.000000,True
0.02,167,2.283284,1.096789,0.027906,True
0.02,168,1.716191,1.001029,0.168166,True
0.02,169,1.493104,0.908711,0.245175,True
0.02,170,1.674773,0.677720,0.413112,True
0.02,171,2.295392,0.989825,0.120543,True
0.02,172,1.555467,0.704610,0.457708,True
0.02,173,1.393446,0.760713,0.181969,True
0.02,174,1.882790,0.959866,0.233117,True
0.02,175,2.035521,1.177788,0.027532,True
0.02,176,2.169699,0.902695,0.111788,True
0.02,177,2.668576,0.924130,0.024118,True
0.02,178,1.408498,0.805997,0.271511,True
0.02,179,1.284131,0.808130,0.149675,True
0.02,180,2.871663,1.171402,0.000000,True
0.02,181,1.231074,0.687418,0.250151,True
0.02,182,1.565127,0.804304,0.170452,True
0.02,183,2.140017,1.157912,0.000000,True
0.02,184,2.284925,0.792898,0.259257,True
0.02,185,1.720396,0.935940,0.059858,True
0.02,186,1.973248,0.757150,0.167247,True
0.02,187,1.271319,0.602976,0.343260,True
0.02,188,1.389464,0.714270,0.310097,True
0.02,189,2.357722,1.255378,0.000000,True
0.02,190,1.837327,1.114864,0.000000,True
0.02,191,1.686158,0.930254,0.113726,True
0.02,192,1.783139,0.839674,0.283513,True
0.02,193,2.664014,1.083636,0.000000,True
0.02,194,2.220227,1.032533,0.000000,True
0.02,195,1.601776,0.939511,0.144303,True
0.02,196,1.566404,0.537566,0.395597,True
0.02,197,2.088763,0.879034,0.001503,True
0.02,198,1.930334,0.909073,0.234188,True
0.02,199,2.341602,0.932433,0.059351,True
0.02,200,1.668104,1.096477,0.068550,True
0.02,201,2.187925,0.854018,0.292793,True
0.02,202,2.382164,0.599677,0.405925,True
0.02,203,1.142753,0.740882,0.346915,True
0.02,204,2.370807,1.057244,0.066264,True
0.02,205,1.315876,0.761662,0.297187,True
0.02,206,2.033519,1.142625,0.000000,True
0.02,207,1.904689,1.234920,0.000000,True
0.02,208,1.610706,0.701376,0.264893,True
0.02,209,2.843776,1.176027,0.000000,True
0.02,210,1.630000,0.828988,0.235219,True
0.02,211,2.532907,1.138655,0.000000,True
0.02,212,3.085516,1.005202,0.000000,True
0.02,213,2.041121,0.916223,0.154858,True
0.02,214,1.825315,0.772337,0.244243,True
0.02,215,2.406587,1.062076,0.000000,True
0.02,216,1.789374,1.073933,0.111119,True
0.02,217,2.374874,1.115603,0.095311,True
0.02,218,1.424663,0.715665,0.303820,True
0.02,219,1.686363,1.180008,0.000000,True
0.02,220,1.515851,0.906035,0.049730,True
0.02,221,1.201576,0.478260,0.527674,True
0.02,222,2.514597,1.175847,0.000000,True
0.02,223,0.904412,0.564842,0.464937,True
0.02,224,1.121013,0.586690,0.269456,True
0.02,225,1.956525,1.009236,0.000000,True
0.02,226,1.763858,1.174349,0.122493,True
0.02,227,1.797173,0.651254,0.308246,True
0.02,228,2.497145,1.087817,0.000000,True
0.02,229,1.575932,0.813629,0.145155,True
0.02,230,2.144686,1.160079,0.018121,True
0.02,231,1.631517,0.946563,0.057899,True
0.02,232,2.689732,1.221810,0.000000,True
0.02,233,2.426941,1.071987,0.113089,True
0.02,234,1.835577,1.074997,0.043051,True
0.02,235,1.677615,0.893104,0.131350,True
0.02,236,1.684112,0.912690,0.189274,True
0.02,237,1.564270,0.945027,0.211535,True
0.02,238,2.819578,1.132099,0.000000,True
0.02,239,1.377110,0.728331,0.447882,True
0.02,240,1.700969,0.795433,0.189918,True
0.02,241,1.676253,1.136991,0.000000,True
0.02,242,1.893707,0.996280,0.001874,True
0.02,243,1.918810,1.068073,0.000000,True
0.02,244,1.354647,0.729188,0.205413,True
0.02,245,2.298377,1.321979,0.000000,True
0.02,246,1.694387,0.835883,0.284293,True
0.02,247,2.438142,1.132177,0.000000,True
0.02,248,1.296642,0.750688,0.417430,True
0.02,249,1.259495,0.614556,0.161000,True
0.02,250,2.128263,0.957605,0.156302,True
0.02,251,1.083964,0.612683,0.240174,True
0.02,252,2.131228,1.119544,0.000000,True
0.02,253,1.511104,0.968694,0.173393,True
0.02,254,2.194928,0.931148,0.000000,True
0.02,255,1.509357,0.739119,0.349912,True
0.02,256,2.079460,1.063474,0.121609,True
0.02,257,1.928159,0.910409,0.152810,True
0.02,258,2.292725,1.077850,0.160135,True
0.02,259,2.455079,1.181479,0.000000,True
0.02,260,1.731314,0.974310,0.048312,True
0.02,261,2.001006,1.136786,0.020852,True
0.02,262,1.680608,0.764363,0.523908,True
0.02,263,1.608361,0.905842,0.110915,True
0.02,264,1.835497,0.961631,0.000000,True
0.02,265,2.939053,0.940426,0.078022,True
0.02,266,1.692742,0.892637,0.113219,True
0.02,267,2.105781,0.978237,0.000000,True
0.02,268,1.709587,0.942770,0.000000,True
0.02,269,3.216248,1.062664,0.076675,True
0.02,270,1.905524,0.969420,0.181545,True
0.02,271,1.322573,0.668669,0.422155,True
0.02,272,1.273181,0.911588,0.335765,True
0.02,273,2.196099,0.706890,0.301804,True
0.02,274,2.656343,1.173721,0.000000,True
0.02,275,2.034779,1.136881,0.053022,True
0.02,276,1.806591,0.699416,0.185115,True
0.02,277,2.771657,1.160680,0.000000,True
0.02,278,1.813621,0.922403,0.000000,True
0.02,279,3.506835,1.172393,0.000000,True
0.02,280,2.172429,0.927487,0.082979,True
0.02,281,1.154232,0.778111,0.367500,True
0.02,282,2.308107,0.940027,0.162881,True
0.02,283,1.240886,0.453441,0.382608,True
0.02,284,1.042572,0.598914,0.366225,True
0.02,285,2.319384,1.210066,0.000000,True
0.02,286,1.250072,0.712756,0.355685,True
0.02,287,2.880362,1.062115,0.000646,True
0.02,288,1.158588,0.651674,0.307987,True
0.02,289,1.887217,1.167672,0.000000,True
0.02,290,1.389571,0.820682,0.256872,True
0.02,291,3.380842,1.012469,0.018431,True
0.02,292,1.230746,0.480400,0.332615,True
0.02,293,2.428114,1.247004,0.000000,True
0.02,294,1.894087,0.800017,0.143155,True
0.02,295,2.738884,1.191394,0.000000,True
0.02,296,1.542995,0.863679,0.201723,True
0.02,297,1.605123,0.884325,0.281928,True
0.02,298,2.309052,1.242791,0.000000,True
0.02,299,1.718099,0.739686,0.347410,True
0.02,300,1.800822,1.135298,0.000000,True
0.02,301,2.287770,0.913837,0.019326,True
0.02,302,2.532027,0.925359,0.017738,True
0.02,303,1.525600,1.035734,0.127798,True
0.02,304,1.629226,0.827658,0.333946,True
0.02,305,2.538705,0.790054,0.140101,True
0.02,306,2.715323,1.083879,0.029380,True
0.02,307,2.483522,0.862863,0.016754,True
0.02,308,2.513200,1.197870,0.000000,True
0.02,309,1.904147,0.956662,0.118370,True
0.02,310,2.265938,0.994112,0.399728,True
0.02,311,2.186638,1.116892,0.000000,True
0.02,312,2.746560,1.077309,0.000000,True
0.02,313,1.605446,0.951633,0.281139,True
0.02,314,1.564437,1.063922,0.178421,True
0.02,315,1.775625,1.093269,0.005917,True
0.02,316,1.806845,0.786625,0.388188,True
0.02,317,1.928374,0.745672,0.340686,True
0.02,318,1.678587,0.970682,0.053012,True
0.02,319,2.404538,1.059276,0.000000,True
0.02,320,1.961615,0.908638,0.081029,True
0.02,321,1.719094,0.606528,0.475750,True
0.02,322,2.102051,0.903262,0.199915,True
0.02,323,1.583666,0.853871,0.174717,True
0.02,324,1.654082,0.928332,0.205526,True
0.02,325,1.445889,0.879436,0.113579,True
0.02,326,2.345467,1.148389,0.072891,True
0.02,327,0.761909,0.511380,0.482490,True
0.02,328,2.231314,0.917572,0.016706,True
0.02,329,2.030320,1.170998,0.000000,True
0.02,330,1.149491,0.739931,0.331922,True
0.02,331,2.801536,1.007359,0.082551,True
0.02,332,1.164976,0.532046,0.427771,True
0.02,333,1.107574,0.570964,0.313068,True
0.02,334,2.374486,0.869205,0.135006,True
0.02,335,0.965908,0.532739,0.416100,True
0.02,336,1.591947,0.846083,0.227663,True
0.02,337,1.352588,0.678211,0.382137,True
0.02,338,2.020857,1.127034,0.000000,True
0.02,339,3.211400,1.143413,0.000000,True
0.02,340,1.544408,1.000302,0.130844,True
0.02,341,2.419215,1.035060,0.000000,True
0.02,342,2.067402,1.199677,0.000000,True
0.02,343,1.883577,1.140418,0.000000,True
0.02,344,2.247473,1.083846,0.000000,True
0.02,345,1.566640,1.061916,0.000000,True
0.02,346,1.336199,0.708412,0.257885,True
0.02,347,1.833375,0.892034,0.116360,True
0.02,348,1.433780,0.644970,0.487943,True
0.02,349,1.785207,0.820341,0.126408,True
0.02,350,2.151624,0.948349,0.078823,True
0.02,351,1.597590,0.768707,0.112149,True
0.02,352,1.961732,0.910388,0.408736,True
0.02,353,1.827157,0.828329,0.153679,True
0.02,354,2.012977,1.284512,0.000000,True
0.02,355,1.809576,0.943474,0.045124,True
0.02,356,2.235041,1.091277,0.000000,True
0.02,357,1.288745,0.797634,0.210451,True
0.02,358,1.574189,0.811347,0.230398,True
0.02,359,2.580469,0.915180,0.000000,True
0.02,360,2.424110,0.876493,0.063851,True
0.02,361,2.110689,1.034824,0.056387,True
0.02,362,1.972413,1.148649,0.000000,True
0.02,363,1.437557,0.854154,0.114213,True
0.02,364,2.395439,0.881661,0.260604,True
0.02,365,1.893752,1.123077,0.000000,True
0.02,366,1.663394,0.738851,0.136186,True
0.02,367,1.514038,0.812724,0.175858,True
0.02,368,2.089779,1.020017,0.246144,True
0.02,369,2.043584,1.138742,0.000000,True
0.02,370,2.524612,1.178567,0.000000,True
0.02,371,2.849377,1.168097,0.000000,True
0.02,372,1.225868,0.622961,0.338235,True
0.02,373,3.715180,1.166553,0.000000,True
0.02,374,1.313750,0.723635,0.477910,True
0.02,375,2.063790,0.791011,0.125474,True
0.02,376,1.511630,0.683797,0.141610,True
0.02,377,1.835171,0.961458,0.201918,True
0.02,378,1.792093,1.114082,0.000000,True
0.02,379,2.001051,1.090630,0.126308,True
0.02,380,1.805865,1.200455,0.000000,True
0.02,381,1.539420,0.967522,0.033786,True
0.02,382,2.692497,1.277609,0.000000,True
0.02,383,1.906132,1.058424,0.111874,True
0.02,384,1.800052,0.901199,0.000000,True
0.02,385,1.873147,1.240849,0.000000,True
0.02,386,2.223908,1.152621,0.000000,True
0.02,387,1.765246,1.322932,0.000000,True
0.02,388,3.032193,1.117713,0.000000,True
0.02,389,1.571644,0.646370,0.534583,True
0.02,390,1.767208,0.834905,0.133066,True
0.02,391,2.308078,1.179486,0.000000,True
0.02,392,2.507520,0.766772,0.221430,True
0.02,393,2.237118,0.849607,0.105284,True
0.02,394,2.335757,1.184131,0.000000,True
0.02,395,1.849118,0.917566,0.000000,True
0.02,396,2.488622,1.226449,0.000000,True
0.02,397,1.407043,0.671421,0.251313,True
0.02,398,2.750999,1.081779,0.000000,True
0.02,399,2.089033,1.079768,0.000000,True
0.02,400,1.918617,1.100028,0.000000,True
0.02,401,2.955398,1.089606,0.000000,True
0.02,402,2.464316,1.109005,0.002221,True
0.02,403,2.561338,1.296678,0.000000,True
0.02,404,1.688441,0.568708,0.625892,True
0.02,405,1.895169,0.910243,0.123823,True
0.02,406,1.392148,0.725374,0.307618,True
0.02,407,2.620237,1.055331,0.000000,True
0.02,408,1.669765,0.863340,0.123501,True
0.02,409,2.527366,1.272977,0.000000,True
0.02,410,1.465798,1.029943,0.176297,True
0.02,411,2.309066,0.890286,0.134607,True
0.02,412,2.172518,1.196599,0.000000,True
0.02,413,1.956428,1.094469,0.026316,True
0.02,414,1.432426,0.966897,0.158408,True
0.02,415,1.922967,1.116492,0.000000,True
0.02,416,1.527765,0.733372,0.312908,True
0.02,417,1.644526,1.184721,0.063967,True
0.02,418,1.397078,0.840735,0.136058,True
0.02,419,1.742315,0.950503,0.000000,True
0.02,420,1.822410,1.156264,0.000000,True
0.02,421,2.498866,1.253367,0.000000,True
0.02,422,2.152594,1.060203,0.000000,True
0.02,423,1.796551,1.024758,0.000000,True
0.02,424,1.267819,0.729425,0.339741,True
0.02,425,2.205994,1.064106,0.000000,True
0.02,426,1.268760,0.809119,0.216259,True
0.02,427,1.571276,0.792903,0.219379,True
0.02,428,2.607320,1.110598,0.000000,True
0.02,429,2.696079,0.903793,0.000000,True
0.02,430,2.278203,1.125393,0.134052,True
0.02,431,2.183442,0.805625,0.181078,True
0.02,432,2.080136,1.091273,0.000000,True
0.02,433,3.470595,1.187209,0.000000,True
0.02,434,1.719881,1.020527,0.000000,True
0.02,435,1.799406,1.295502,0.000000,True
0.02,436,2.262505,0.982576,0.000000,True
0.02,437,1.358992,0.938032,0.229389,True
0.02,438,1.470601,0.814273,0.328725,True
0.02,439,1.623660,0.906148,0.177491,True
0.02,440,2.850989,1.112534,0.000000,True
0.02,441,1.916762,1.015359,0.111001,True
0.02,442,1.162134,0.829140,0.378129,True
0.02,443,2.368687,0.886153,0.048609,True
0.02,444,1.423197,0.671320,0.418118,True
0.02,445,3.270328,1.184774,0.064719,True
0.02,446,1.978539,1.175300,0.098555,True
0.02,447,2.391750,1.163017,0.000000,True
0.02,448,1.149438,0.686457,0.243205,True
0.02,449,2.049275,1.260401,0.000000,True
0.02,450,2.348736,0.924334,0.000000,True
0.02,451,1.743211,0.773243,0.288802,True
0.02,452,2.816347,1.377738,0.000000,True
0.02,453,2.234368,1.027528,0.000000,True
0.02,454,1.785483,1.006030,0.076526,True
0.02,455,2.616054,0.882489,0.044391,True
0.02,456,1.059096,0.624253,0.295521,True
0.02,457,2.507405,1.227234,0.000000,True
0.02,458,1.900827,1.066355,0.140268,True
0.02,459,1.759695,0.756488,0.329922,True
0.02,460,1.718491,0.906424,0.000000,True
0.02,461,2.220041,1.062397,0.000000,True
0.02,462,2.633386,1.229842,0.000000,True
0.02,463,2.499606,0.819198,0.000000,True
0.02,464,1.432542,0.655384,0.469022,True
0.02,465,2.734739,1.070473,0.000000,True
0.02,466,2.098397,1.080698,0.000000,True
0.02,467,2.859700,1.028972,0.000000,True
0.02,468,1.439860,0.522713,0.391877,True
0.02,469,1.235536,0.737954,0.216476,True
0.02,470,3.029882,1.196106,0.000000,True
0.02,471,2.963952,1.082803,0.000000,True
0.02,472,1.965931,0.693207,0.328719,True
0.02,473,2.809001,1.167610,0.000000,True
0.02,474,2.033501,1.159486,0.000000,True
0.02,475,1.630609,0.887195,0.258339,True
0.02,476,1.023960,0.636497,0.394756,True
0.02,477,2.028855,0.825185,0.197711,True
0.02,478,2.440664,1.025282,0.000000,True
0.02,479,1.714912,1.291522,0.000000,True
0.02,480,2.088518,1.297753,0.000000,True
0.02,481,2.092558,1.058028,0.137210,True
0.02,482,2.617016,1.178045,0.000000,True
0.02,483,2.069567,0.920681,0.064533,True
0.02,484,2.666593,1.277728,0.000000,True
0.02,485,2.953065,1.117206,0.000000,True
0.02,486,1.044329,0.834772,0.161325,True
0.02,487,2.422628,0.764279,0.125842,True
0.02,488,2.242479,1.096870,0.000000,True
0.02,489,2.020303,1.025533,0.179927,True
0.02,490,2.126598,1.161403,0.030219,True
0.02,491,2.388938,1.027936,0.000000,True
0.02,492,1.669336,1.282745,0.034193,True
0.02,493,1.304380,0.583422,0.273568,True
0.02,494,1.417061,1.128496,0.000000,True
0.02,495,1.163302,0.733902,0.373496,True
0.02,496,1.981481,1.226630,0.000000,True
0.02,497,1.292413,0.670471,0.268577,True
0.02,498,1.813864,0.872917,0.243416,True
0.02,499,1.997421,0.976512,0.005129,True
0.04,0,2.375873,1.012353,0.014613,True
0.04,1,2.591201,1.182520,0.119481,True
0.04,2,0.750073,0.515014,0.524707,True
0.04,3,2.718999,0.814543,0.164360,True
0.04,4,1.700529,0.690102,0.278280,True
0.04,5,1.611646,0.734522,0.278181,True
0.04,6,1.974134,0.926384,0.137580,True
0.04,7,2.302813,0.754440,0.175521,True
0.04,8,1.998731,1.163288,0.000000,True
0.04,9,1.148493,0.763327,0.240771,True
0.04,10,1.306936,0.906519,0.284177,True
0.04,11,1.284454,0.881785,0.292614,True
0.04,12,2.058753,1.165052,0.075465,True
0.04,13,1.504723,0.777549,0.118268,True
0.04,14,2.188921,1.114627,0.000000,True
0.04,15,1.216661,0.750669,0.209054,True
0.04,16,2.437754,1.042024,0.000000,True
0.04,17,2.423631,1.382054,0.000000,True
0.04,18,0.972334,0.494463,0.443827,True
0.04,19,2.062351,0.836267,0.129275,True
0.04,20,1.890960,0.811027,0.200647,True
0.04,21,3.072903,1.100771,0.030682,True
0.04,22,1.607409,0.888013,0.215539,True
0.04,23,2.430692,1.092118,0.080446,True
0.04,24,2.408923,0.937144,0.046824,True
0.04,25,2.722242,1.210207,0.038026,True
0.04,26,2.262135,1.347014,0.000000,True
0.04,27,1.328945,0.740592,0.227170,True
0.04,28,1.788488,0.993362,0.000000,True
0.04,29,1.762527,1.049413,0.035257,True
0.04,30,1.688110,1.026210,0.000000,True
0.04,31,1.630267,0.940530,0.090180,True
0.04,32,2.206610,1.043472,0.008990,True
0.04,33,2.504037,1.003259,0.000000,True
0.04,34,1.541279,0.634412,0.390862,True
0.04,35,1.697013,1.149815,0.090319,True
0.04,36,2.379316,1.044598,0.000000,True
0.04,37,1.743458,1.139956,0.000000,True
0.04,38,2.330576,1.268452,0.000000,True
0.04,39,1.274798,0.929668,0.114046,True
0.04,40,1.342201,0.960844,0.272530,True
0.04,41,1.474781,0.790772,0.250695,True
0.04,42,2.385860,1.276627,0.000000,True
0.04,43,2.518968,0.923710,0.105278,True
0.04,44,2.357678,1.118656,0.000000,True
0.04,45,1.110843,0.677411,0.368945,True
0.04,46,2.030525,1.257153,0.000000,True
0.04,47,1.385993,0.798109,0.349674,True
0.04,48,1.330106,0.736788,0.188415,True
0.04,49,2.169522,1.070837,0.000000,True
0.04,50,2.619819,1.167430,0.000000,True
0.04,51,1.146523,0.668120,0.321264,True
0.04,52,2.290749,1.062971,0.032600,True
0.04,53,1.912158,1.037147,0.113058,True
0.04,54,2.245894,0.964499,0.223789,True
0.04,55,2.716338,1.298393,0.000000,True
0.04,56,1.655951,0.901678,0.125160,True
0.04,57,2.154733,1.054072,0.006742,True
0.04,58,1.214676,0.552551,0.258652,True
0.04,59,2.048439,1.065182,0.023598,True
0.04,60,1.936309,0.813071,0.238628,True
0.04,61,2.061335,0.995633,0.000000,True
0.04,62,1.943309,1.058639,0.000000,True
0.04,63,1.993428,0.690898,0.408683,True
0.04,64,2.043574,0.864981,0.089866,True
0.04,65,2.074320,0.871616,0.127795,True
0.04,66,2.312577,0.913397,0.000000,True
0.04,67,1.323188,0.800968,0.301561,True
0.04,68,1.596502,1.052592,0.215010,True
0.04,69,2.200462,1.172450,0.000000,True
0.04,70,1.168855,0.710800,0.497019,True
0.04,71,2.543285,1.152402,0.000000,True
0.04,72,1.619031,0.741616,0.176182,True
0.04,73,1.173362,0.608141,0.364947,True
0.04,74,2.001174,0.998602,0.000000,True
0.04,75,1.524090,0.765611,0.294546,True
0.04,76,2.193776,1.119527,0.059825,True
0.04,77,2.647986,1.101528,0.009822,True
0.04,78,2.372014,0.999669,0.000000,True
0.04,79,1.955240,1.068685,0.001132,True
0.04,80,2.203171,1.009757,0.131717,True
0.04,81,1.264934,0.582519,0.266641,True
0.04,82,1.825326,0.920029,0.005576,True
0.04,83,1.690605,1.008237,0.083447,True
0.04,84,1.692176,0.652724,0.385876,True
0.04,85,1.290443,0.768886,0.203030,True
0.04,86,2.095184,1.064916,0.116251,True
0.04,87,1.699161,0.724844,0.240693,True
0.04,88,2.076287,1.106999,0.116245,True
0.04,89,3.282468,1.110919,0.000000,True
0.04,90,1.279389,0.715863,0.258607,True
0.04,91,1.320612,0.556645,0.446019,True
0.04,92,2.035862,0.998136,0.212937,True
0.04,93,1.865837,0.823743,0.119787,True
0.04,94,2.406121,1.149406,0.000000,True
0.04,95,2.137060,0.828217,0.133069,True
0.04,96,2.147693,1.219382,0.000000,True
0.04,97,1.998832,0.980596,0.175426,True
0.04,98,1.717785,0.819729,0.176957,True
0.04,99,1.948631,0.615590,0.291543,True
0.04,100,1.560699,0.793637,0.179224,True
0.04,101,2.099986,1.082464,0.000000,True
0.04,102,1.454233,0.889155,0.057079,True
0.04,103,2.008235,0.950791,0.103382,True
0.04,104,1.748442,0.839354,0.116335,True
0.04,105,1.957517,0.823495,0.094063,True
0.04,106,1.656474,0.927954,0.072869,True
0.04,107,1.709210,0.839187,0.321391,True
0.04,108,2.361377,0.822529,0.249406,True
0.04,109,2.342285,1.160558,0.000000,True
0.04,110,2.149535,1.000084,0.006078,True
0.04,111,2.083039,1.102993,0.000000,True
0.04,112,1.752473,0.922490,0.109817,True
0.04,113,1.741561,0.667822,0.339858,True
0.04,114,1.682801,1.157957,0.062805,True
0.04,115,1.621401,0.853134,0.198061,True
0.04,116,1.418842,0.685900,0.244648,True
0.04,117,2.044498,1.254074,0.000000,True
0.04,118,3.202767,0.859395,0.000000,True
0.04,119,1.263377,0.504735,0.180858,True
0.04,120,1.823137,0.996266,0.152913,True
0.04,121,1.636476,1.197070,0.061691,True
0.04,122,1.879954,0.715637,0.229659,True
0.04,123,2.644008,1.251066,0.000000,True
0.04,124,1.834296,0.810446,0.272187,True
0.04,125,2.124019,1.158984,0.000000,True
0.04,126,2.545389,1.115737,0.000000,True
0.04,127,1.393212,0.674442,0.295863,True
0.04,128,2.720275,1.390575,0.000000,True
0.04,129,1.675778,0.725073,0.212296,True
0.04,130,2.370603,1.106035,0.000000,True
0.04,131,1.431785,0.516737,0.529427,True
0.04,132,2.022248,1.214328,0.000000,True
0.04,133,1.623578,0.779987,0.114154,True
0.04,134,1.471691,1.023663,0.243133,True
0.04,135,2.477702,1.245656,0.000000,True
0.04,136,1.525785,1.038186,0.054444,True
0.04,137,1.825306,0.849673,0.160265,True
0.04,138,1.685019,0.836505,0.273619,True
0.04,139,1.784468,1.038734,0.000000,True
0.04,140,1.601328,0.893615,0.276614,True
0.04,141,2.290238,0.954796,0.021325,True
0.04,142,1.918260,1.063941,0.164241,True
0.04,143,3.103692,1.241749,0.000000,True
0.04,144,1.832518,1.151714,0.185517,True
0.04,145,2.580149,1.013335,0.205055,True
0.04,146,1.867095,0.791083,0.039762,True
0.04,147,1.230487,0.820568,0.194444,True
0.04,148,2.050779,1.045623,0.045969,True
0.04,149,1.582594,1.047176,0.000000,True
0.04,150,1.511755,0.993648,0.160383,True
0.04,151,2.046268,0.992338,0.120964,True
0.04,152,1.445884,0.804026,0.284989,True
0.04,153,1.930843,0.851270,0.182446,True
0.04,154,2.587907,1.219188,0.000000,True
0.04,155,1.808752,0.795865,0.237198,True
0.04,156,2.008898,1.125373,0.000000,True
0.04,157,2.160898,1.121608,0.000000,True
0.04,158,2.207109,0.949369,0.000000,True
0.04,159,1.701208,1.107105,0.000000,True
0.04,160,2.542160,1.292064,0.024234,True
0.04,161,1.555425,0.714812,0.342285,True
0.04,162,2.044791,1.078807,0.000000,True
0.04,163,1.674166,0.992152,0.141445,True
0.04,164,1.348465,0.433453,0.489936,True
0.04,165,1.683061,0.838718,0.175071,True
0.04,166,2.119558,1.232171,0.000000,True
0.04,167,2.244350,1.083193,0.040264,True
0.04,168,1.705447,0.997132,0.171503,True
0.04,169,1.482731,0.905948,0.247678,True
0.04,170,1.654782,0.673481,0.416910,True
0.04,171,2.251615,0.977274,0.132221,True
0.04,172,1.466344,0.682691,0.475277,True
0.04,173,1.388678,0.759371,0.183043,True
0.04,174,1.865159,0.953989,0.238246,True
0.04,175,2.007085,1.167057,0.037199,True
0.04,176,2.115878,0.888963,0.124626,True
0.04,177,2.578465,0.898124,0.047780,True
0.04,178,1.403211,0.803757,0.273053,True
0.04,179,1.280883,0.807283,0.150379,True
0.04,180,2.871663,1.171402,0.000000,True
0.04,181,1.227539,0.686564,0.250816,True
0.04,182,1.553001,0.800921,0.173303,True
0.04,183,2.140017,1.157912,0.000000,True
0.04,184,2.220061,0.778105,0.273005,True
0.04,185,1.704686,0.931001,0.064155,True
0.04,186,1.885111,0.737549,0.185176,True
0.04,187,1.265192,0.601906,0.344184,True
0.04,188,1.380736,0.712407,0.311732,True
0.04,189,2.357722,1.255378,0.000000,True
0.04,190,1.837327,1.114864,0.000000,True
0.04,191,1.675218,0.926742,0.116750,True
0.04,192,1.760653,0.833902,0.288766,True
0.04,193,2.453056,1.018874,0.059700,True
0.04,194,2.220227,1.032533,0.000000,True
0.04,195,1.589930,0.935466,0.147684,True
0.04,196,1.559223,0.535894,0.396914,True
0.04,197,2.055354,0.869068,0.010339,True
0.04,198,1.885868,0.896742,0.245359,True
0.04,199,2.293537,0.918632,0.071955,True
0.04,200,1.650038,1.090689,0.073862,True
0.04,201,2.148531,0.843756,0.302205,True
0.04,202,2.291564,0.584601,0.420085,True
0.04,203,1.141507,0.740539,0.347165,True
0.04,204,2.320805,1.040965,0.081139,True
0.04,205,1.312547,0.760807,0.297888,True
0.04,206,2.033519,1.142625,0.000000,True
0.04,207,1.904689,1.234920,0.000000,True
0.04,208,1.602716,0.699189,0.266676,True
0.04,209,2.843776,1.176027,0.000000,True
0.04,210,1.616911,0.825427,0.238327,True
0.04,211,2.532907,1.138655,0.000000,True
0.04,212,3.085516,1.005202,0.000000,True
0.04,213,2.017966,0.907958,0.161931,True
0.04,214,1.776422,0.760615,0.254717,True
0.04,215,2.406587,1.062076,0.000000,True
0.04,216,1.769874,1.067128,0.117163,True
0.04,217,2.325735,1.100140,0.109790,True
0.04,218,1.420138,0.714612,0.304721,True
0.04,219,1.686363,1.180008,0.000000,True
0.04,220,1.503132,0.902057,0.053062,True
0.04,221,1.194259,0.477481,0.528460,True
0.04,222,2.514597,1.175847,0.000000,True
0.04,223,0.904124,0.564789,0.464971,True
0.04,224,1.115268,0.585710,0.270228,True
0.04,225,1.956525,1.009236,0.000000,True
0.04,226,1.746285,1.167812,0.128342,True
0.04,227,1.782909,0.647392,0.311430,True
0.04,228,2.497145,1.087817,0.000000,True
0.04,229,1.563763,0.810528,0.147901,True
0.04,230,2.107931,1.146708,0.030243,True
0.04,231,1.616400,0.941716,0.062060,True
0.04,232,2.689732,1.221810,0.000000,True
0.04,233,2.334858,1.044227,0.138978,True
0.04,234,1.807545,1.064998,0.051823,True
0.04,235,1.663697,0.888639,0.135164,True
0.04,236,1.598387,0.891680,0.209067,True
0.04,237,1.546010,0.939905,0.216150,True
0.04,238,2.819578,1.132099,0.000000,True
0.04,239,1.370779,0.726801,0.449156,True
0.04,240,1.686727,0.791557,0.193271,True
0.04,241,1.676253,1.136991,0.000000,True
0.04,242,1.873427,0.989989,0.007581,True
0.04,243,1.918810,1.068073,0.000000,True
0.04,244,1.342339,0.726635,0.207684,True
0.04,245,2.298377,1.321979,0.000000,True
0.04,246,1.655772,0.826122,0.293049,True
0.04,247,2.438142,1.132177,0.000000,True
0.04,248,1.293530,0.749877,0.418080,True
0.04,249,1.254758,0.613706,0.161735,True
0.04,250,2.095983,0.947633,0.165324,True
0.04,251,1.082155,0.612351,0.240438,True
0.04,252,2.131228,1.119544,0.000000,True
0.04,253,1.501597,0.965639,0.176007,True
0.04,254,2.194928,0.931148,0.000000,True
0.04,255,1.497826,0.736319,0.352301,True
0.04,256,2.040448,1.049314,0.134090,True
0.04,257,1.898894,0.902810,0.159917,True
0.04,258,2.242172,1.062227,0.174699,True
0.04,259,2.455079,1.181479,0.000000,True
0.04,260,1.721995,0.971502,0.050852,True
0.04,261,1.972027,1.126472,0.030196,True
0.04,262,1.668474,0.761627,0.526420,True
0.04,263,1.587097,0.899592,0.116330,True
0.04,264,1.835497,0.961631,0.000000,True
0.04,265,2.843827,0.919040,0.098684,True
0.04,266,1.650602,0.879843,0.124072,True
0.04,267,2.105781,0.978237,0.000000,True
0.04,268,1.709587,0.942770,0.000000,True
0.04,269,2.561428,0.898865,0.232084,True
0.04,270,1.866916,0.957250,0.192329,True
0.04,271,1.306827,0.665118,0.424955,True
0.04,272,1.265040,0.909412,0.337621,True
0.04,273,2.147932,0.696694,0.311176,True
0.04,274,2.586501,1.151756,0.020759,True
0.04,275,2.013219,1.129291,0.059948,True
0.04,276,1.759260,0.689351,0.194184,True
0.04,277,2.771657,1.160680,0.000000,True
0.04,278,1.813621,0.922403,0.000000,True
0.04,279,3.506835,1.172393,0.000000,True
0.04,280,2.137777,0.918387,0.091512,True
0.04,281,1.151374,0.777470,0.368036,True
0.04,282,2.183894,0.907536,0.193204,True
0.04,283,1.237822,0.452935,0.382997,True
0.04,284,1.039490,0.598323,0.366636,True
0.04,285,2.276312,1.193955,0.014718,True
0.04,286,1.245512,0.711701,0.356534,True
0.04,287,2.653881,1.000776,0.058742,True
0.04,288,1.155391,0.650932,0.308537,True
0.04,289,1.887217,1.167672,0.000000,True
0.04,290,1.380061,0.818318,0.258926,True
0.04,291,3.193289,0.964092,0.064127,True
0.04,292,1.228426,0.479782,0.333003,True
0.04,293,2.428114,1.247004,0.000000,True
0.04,294,1.871668,0.794541,0.148142,True
0.04,295,2.738884,1.191394,0.000000,True
0.04,296,1.535551,0.861324,0.203664,True
0.04,297,1.594793,0.880341,0.285057,True
0.04,298,2.309052,1.242791,0.000000,True
0.04,299,1.670575,0.729020,0.356961,True
0.04,300,1.800822,1.135298,0.000000,True
0.04,301,2.238511,0.899179,0.032500,True
0.04,302,2.460224,0.905297,0.036142,True
0.04,303,1.444642,1.010435,0.149649,True
0.04,304,1.615820,0.824048,0.337106,True
0.04,305,2.477396,0.775913,0.153207,True
0.04,306,2.617576,1.055248,0.056332,True
0.04,307,2.400163,0.843110,0.035336,True
0.04,308,2.513200,1.197870,0.000000,True
0.04,309,1.857247,0.943523,0.130459,True
0.04,310,2.206772,0.977528,0.415243,True
0.04,311,2.186638,1.116892,0.000000,True
0.04,312,2.746560,1.077309,0.000000,True
0.04,313,1.580710,0.943263,0.288077,True
0.04,314,1.539722,1.056468,0.185287,True
0.04,315,1.763359,1.088657,0.009928,True
0.04,316,1.787832,0.781150,0.392841,True
0.04,317,1.907149,0.739970,0.345604,True
0.04,318,1.639321,0.958351,0.063695,True
0.04,319,2.404538,1.059276,0.000000,True
0.04,320,1.724612,0.845832,0.137593,True
0.04,321,1.702695,0.603269,0.478621,True
0.04,322,2.040269,0.887567,0.214607,True
0.04,323,1.574241,0.851147,0.177056,True
0.04,324,1.641093,0.924187,0.209076,True
0.04,325,1.440634,0.877726,0.114979,True
0.04,326,2.281284,1.128048,0.092037,True
0.04,327,0.761585,0.511368,0.482510,True
0.04,328,2.190118,0.903045,0.029202,True
0.04,329,2.030320,1.170998,0.000000,True
0.04,330,1.147631,0.739557,0.332248,True
0.04,331,2.704076,0.982199,0.106535,True
0.04,332,1.163081,0.531694,0.428037,True
0.04,333,1.105857,0.570680,0.313299,True
0.04,334,2.276545,0.845922,0.156939,True
0.04,335,0.962033,0.532407,0.416463,True
0.04,336,1.571850,0.840094,0.232639,True
0.04,337,1.345330,0.676607,0.383467,True
0.04,338,2.020857,1.127034,0.000000,True
0.04,339,3.211400,1.143413,0.000000,True
0.04,340,1.525621,0.994831,0.135811,True
0.04,341,2.398570,1.028360,0.006118,True
0.04,342,2.067402,1.199677,0.000000,True
0.04,343,1.883577,1.140418,0.000000,True
0.04,344,2.242566,1.082391,0.001378,True
0.04,345,1.566640,1.061916,0.000000,True
0.04,346,1.332251,0.707581,0.258614,True
0.04,347,1.813596,0.886233,0.121500,True
0.04,348,1.425095,0.643076,0.489516,True
0.04,349,1.770284,0.816311,0.129966,True
0.04,350,2.076107,0.927809,0.097888,True
0.04,351,1.565054,0.760771,0.119030,True
0.04,352,1.942688,0.904439,0.413973,True
0.04,353,1.804650,0.822980,0.158665,True
0.04,354,2.012977,1.284512,0.000000,True
0.04,355,1.785999,0.936852,0.051187,True
0.04,356,2.235041,1.091277,0.000000,True
0.04,357,1.285067,0.796691,0.211236,True
0.04,358,1.562134,0.808155,0.233169,True
0.04,359,2.525726,0.901494,0.012871,True
0.04,360,2.272377,0.842791,0.096247,True
0.04,361,2.079853,1.025302,0.065168,True
0.04,362,1.972413,1.148649,0.000000,True
0.04,363,1.431920,0.852575,0.115557,True
0.04,364,2.344878,0.868221,0.272983,True
0.04,365,1.893752,1.123077,0.000000,True
0.04,366,1.640769,0.733897,0.140691,True
0.04,367,1.498671,0.808892,0.179233,True
0.04,368,2.019700,0.999513,0.265164,True
0.04,369,2.043584,1.138742,0.000000,True
0.04,370,2.524612,1.178567,0.000000,True
0.04,371,2.849377,1.168097,0.000000,True
0.04,372,1.223230,0.622409,0.338675,True
0.04,373,3.715180,1.166553,0.000000,True
0.04,374,1.309959,0.722635,0.478700,True
0.04,375,2.042060,0.785865,0.130217,True
0.04,376,1.502806,0.681312,0.143546,True
0.04,377,1.811513,0.953625,0.208709,True
0.04,378,1.792093,1.114082,0.000000,True
0.04,379,1.956378,1.075067,0.140249,True
0.04,380,1.805865,1.200455,0.000000,True
0.04,381,1.527011,0.963955,0.037002,True
0.04,382,2.692497,1.277609,0.000000,True
0.04,383,1.881653,1.050197,0.119258,True
0.04,384,1.800052,0.901199,0.000000,True
0.04,385,1.873147,1.240849,0.000000,True
0.04,386,2.223908,1.152621,0.000000,True
0.04,387,1.765246,1.322932,0.000000,True
0.04,388,3.032193,1.117713,0.000000,True
0.04,389,1.562337,0.644236,0.536373,True
0.04,390,1.745512,0.829339,0.138083,True
0.04,391,2.308078,1.179486,0.000000,True
0.04,392,2.437646,0.752099,0.235240,True
0.04,393,2.192937,0.837920,0.115925,True
0.04,394,2.300250,1.169493,0.012987,True
0.04,395,1.849118,0.917566,0.000000,True
0.04,396,2.488622,1.226449,0.000000,True
0.04,397,1.403090,0.670402,0.252121,True
0.04,398,2.750999,1.081779,0.000000,True
0.04,399,2.089033,1.079768,0.000000,True
0.04,400,1.918617,1.100028,0.000000,True
0.04,401,2.955398,1.089606,0.000000,True
0.04,402,2.402742,1.089288,0.020618,True
0.04,403,2.561338,1.296678,0.000000,True
0.04,404,1.658946,0.563899,0.630326,True
0.04,405,1.865806,0.902428,0.131044,True
0.04,406,1.386621,0.723495,0.308973,True
0.04,407,2.509319,1.023251,0.030082,True
0.04,408,1.591326,0.842752,0.141677,True
0.04,409,2.527366,1.272977,0.000000,True
0.04,410,1.447651,1.024599,0.181140,True
0.04,411,2.240205,0.873283,0.150609,True
0.04,412,2.172518,1.196599,0.000000,True
0.04,413,1.752033,1.023555,0.088092,True
0.04,414,1.422423,0.964092,0.160934,True
0.04,415,1.922967,1.116492,0.000000,True
0.04,416,1.520280,0.731130,0.314680,True
0.04,417,1.635464,1.181149,0.067082,True
0.04,418,1.392401,0.839217,0.137259,True
0.04,419,1.742315,0.950503,0.000000,True
0.04,420,1.822410,1.156264,0.000000,True
0.04,421,2.498866,1.253367,0.000000,True
0.04,422,2.152594,1.060203,0.000000,True
0.04,423,1.796551,1.024758,0.000000,True
0.04,424,1.264946,0.728591,0.340362,True
0.04,425,2.205994,1.064106,0.000000,True
0.04,426,1.265588,0.808282,0.216949,True
0.04,427,1.564303,0.790901,0.221056,True
0.04,428,2.550796,1.094737,0.015221,True
0.04,429,2.696079,0.903793,0.000000,True
0.04,430,2.174639,1.092725,0.164533,True
0.04,431,2.133096,0.793119,0.192457,True
0.04,432,2.080136,1.091273,0.000000,True
0.04,433,3.470595,1.187209,0.000000,True
0.04,434,1.719881,1.020527,0.000000,True
0.04,435,1.799406,1.295502,0.000000,True
0.04,436,2.262505,0.982576,0.000000,True
0.04,437,1.352839,0.936152,0.230961,True
0.04,438,1.457088,0.810442,0.331875,True
0.04,439,1.587672,0.895994,0.186403,True
0.04,440,2.798843,1.097593,0.014232,True
0.04,441,1.893933,1.008383,0.117411,True
0.04,442,1.160447,0.828714,0.378478,True
0.04,443,2.314340,0.871448,0.062076,True
0.04,444,1.418950,0.670287,0.418960,True
0.04,445,3.001267,1.110676,0.135901,True
0.04,446,1.942351,1.162414,0.110327,True
0.04,447,2.391750,1.163017,0.000000,True
0.04,448,1.147345,0.686022,0.243560,True
0.04,449,2.049275,1.260401,0.000000,True
0.04,450,2.348736,0.924334,0.000000,True
0.04,451,1.720895,0.767589,0.293758,True
0.04,452,2.816347,1.377738,0.000000,True
0.04,453,2.234368,1.027528,0.000000,True
0.04,454,1.770382,1.001408,0.080733,True
0.04,455,2.539503,0.863376,0.062226,True
0.04,456,1.046824,0.621181,0.297281,True
0.04,457,2.507405,1.227234,0.000000,True
0.04,458,1.882725,1.060389,0.145686,True
0.04,459,1.685090,0.736291,0.346658,True
0.04,460,1.718491,0.906424,0.000000,True
0.04,461,2.220041,1.062397,0.000000,True
0.04,462,2.600847,1.219323,0.009996,True
0.04,463,2.499606,0.819198,0.000000,True
0.04,464,1.422947,0.653522,0.470684,True
0.04,465,2.734739,1.070473,0.000000,True
0.04,466,2.098397,1.080698,0.000000,True
0.04,467,2.751286,1.000181,0.027351,True
0.04,468,1.432970,0.521496,0.392902,True
0.04,469,1.228256,0.736452,0.217782,True
0.04,470,3.029882,1.196106,0.000000,True
0.04,471,2.963952,1.082803,0.000000,True
0.04,472,1.934974,0.686095,0.335025,True
0.04,473,2.809001,1.167610,0.000000,True
0.04,474,2.033501,1.159486,0.000000,True
0.04,475,1.610265,0.881520,0.263343,True
0.04,476,1.021508,0.636111,0.395079,True
0.04,477,2.004553,0.818004,0.203967,True
0.04,478,2.440664,1.025282,0.000000,True
0.04,479,1.714912,1.291522,0.000000,True
0.04,480,2.088518,1.297753,0.000000,True
0.04,481,2.045937,1.044054,0.150286,True
0.04,482,2.617016,1.178045,0.000000,True
0.04,483,2.035547,0.910759,0.073492,True
0.04,484,2.666593,1.277728,0.000000,True
0.04,485,2.953065,1.117206,0.000000,True
0.04,486,1.039491,0.833907,0.162140,True
0.04,487,2.369296,0.753013,0.136456,True
0.04,488,2.242479,1.096870,0.000000,True
0.04,489,1.988964,1.015799,0.188855,True
0.04,490,2.051386,1.135832,0.053774,True
0.04,491,2.388938,1.027936,0.000000,True
0.04,492,1.651840,1.276117,0.040259,True
0.04,493,1.299584,0.582383,0.274363,True
0.04,494,1.417061,1.128496,0.000000,True
0.04,495,1.160935,0.733276,0.373961,True
0.04,496,1.981481,1.226630,0.000000,True
0.04,497,1.285102,0.668819,0.269890,True
0.04,498,1.788571,0.865702,0.249782,True
0.04,499,1.864259,0.937822,0.040141,True
0.06,0,2.321571,0.995313,0.030127,True
0.06,1,2.469792,1.146402,0.154138,True
0.06,2,0.749569,0.515008,0.524737,True
0.06,3,2.639510,0.797595,0.180450,True
0.06,4,1.683043,0.686212,0.281709,True
0.06,5,1.591675,0.729659,0.282351,True
0.06,6,1.955495,0.920616,0.142706,True
0.06,7,2.197271,0.732252,0.196231,True
0.06,8,1.998731,1.163288,0.000000,True
0.06,9,1.131161,0.760650,0.243522,True
0.06,10,1.302221,0.905209,0.285293,True
0.06,11,1.282057,0.881069,0.293197,True
0.06,12,2.018988,1.151882,0.087776,True
0.06,13,1.497042,0.775698,0.119909,True
0.06,14,2.188921,1.114627,0.000000,True
0.06,15,1.208182,0.748560,0.210661,True
0.06,16,2.395102,1.029512,0.011712,True
0.06,17,2.423631,1.382054,0.000000,True
0.06,18,0.971399,0.494335,0.443924,True
0.06,19,2.002106,0.821230,0.143027,True
0.06,20,1.856423,0.803135,0.208052,True
0.06,21,2.974574,1.064273,0.063635,True
0.06,22,1.600126,0.885823,0.217430,True
0.06,23,2.377944,1.073750,0.097087,True
0.06,24,2.364449,0.924255,0.058610,True
0.06,25,2.637519,1.182953,0.063797,True
0.06,26,2.238548,1.335668,0.009975,True
0.06,27,1.321962,0.739002,0.228520,True
0.06,28,1.788488,0.993362,0.000000,True
0.06,29,1.741626,1.042644,0.041352,True
0.06,30,1.688110,1.026210,0.000000,True
0.06,31,1.617448,0.936223,0.093793,True
0.06,32,2.166160,1.029686,0.021358,True
0.06,33,2.504037,1.003259,0.000000,True
0.06,34,1.512604,0.628315,0.395952,True
0.06,35,1.684129,1.144957,0.094599,True
0.06,36,2.379316,1.044598,0.000000,True
0.06,37,1.743458,1.139956,0.000000,True
0.06,38,2.330576,1.268452,0.000000,True
0.06,39,1.268256,0.927838,0.115597,True
0.06,40,1.329562,0.957104,0.275676,True
0.06,41,1.416190,0.776393,0.262830,True
0.06,42,2.385860,1.276627,0.000000,True
0.06,43,2.461887,0.907042,0.120417,True
0.06,44,2.357678,1.118656,0.000000,True
0.06,45,1.109398,0.677068,0.369195,True
0.06,46,2.030525,1.257153,0.000000,True
0.06,47,1.357076,0.791233,0.355563,True
0.06,48,1.321537,0.734882,0.190052,True
0.06,49,2.169522,1.070837,0.000000,True
0.06,50,2.546013,1.143937,0.021975,True
0.06,51,1.144392,0.667735,0.321601,True
0.06,52,2.251049,1.047817,0.045894,True
0.06,53,1.858770,1.021199,0.127801,True
0.06,54,2.196293,0.949856,0.237154,True
0.06,55,2.716338,1.298393,0.000000,True
0.06,56,1.630903,0.894800,0.131316,True
0.06,57,2.118571,1.043086,0.016971,True
0.06,58,1.211976,0.552074,0.259040,True
0.06,59,1.990981,1.046019,0.040831,True
0.06,60,1.878262,0.799768,0.251058,True
0.06,61,2.061335,0.995633,0.000000,True
0.06,62,1.943309,1.058639,0.000000,True
0.06,63,1.881885,0.666882,0.430030,True
0.06,64,2.000375,0.853755,0.100140,True
0.06,65,2.048166,0.862091,0.135763,True
0.06,66,2.312577,0.913397,0.000000,True
0.06,67,1.310911,0.798532,0.303913,True
0.06,68,1.580990,1.047905,0.219332,True
0.06,69,2.200462,1.172450,0.000000,True
0.06,70,1.165459,0.710107,0.497601,True
0.06,71,2.543285,1.152402,0.000000,True
0.06,72,1.606188,0.738671,0.178811,True
0.06,73,1.169844,0.607279,0.365542,True
0.06,74,2.001174,0.998602,0.000000,True
0.06,75,1.485741,0.753401,0.303622,True
0.06,76,2.162523,1.107106,0.070748,True
0.06,77,2.577511,1.080582,0.029594,True
0.06,78,2.372014,0.999669,0.000000,True
0.06,79,1.932690,1.061527,0.007735,True
0.06,80,2.139498,0.991688,0.148619,True
0.06,81,1.261256,0.581723,0.267248,True
0.06,82,1.793507,0.911672,0.013349,True
0.06,83,1.672517,1.002616,0.088497,True
0.06,84,1.676541,0.648892,0.389088,True
0.06,85,1.282527,0.767252,0.204523,True
0.06,86,1.970404,1.024437,0.152650,True
0.06,87,1.685036,0.721266,0.243764,True
0.06,88,2.051025,1.096344,0.125401,True
0.06,89,3.282468,1.110919,0.000000,True
0.06,90,1.276417,0.714968,0.259253,True
0.06,91,1.316945,0.556002,0.446568,True
0.06,92,1.921408,0.964951,0.243316,True
0.06,93,1.850576,0.819545,0.123516,True
0.06,94,2.406121,1.149406,0.000000,True
0.06,95,2.102097,0.818496,0.141730,True
0.06,96,2.147693,1.219382,0.000000,True
0.06,97,1.934609,0.963492,0.191632,True
0.06,98,1.670013,0.807620,0.187687,True
0.06,99,1.929942,0.611966,0.294820,True
0.06,100,1.551692,0.791241,0.181283,True
0.06,101,2.099986,1.082464,0.000000,True
0.06,102,1.449283,0.887629,0.058356,True
0.06,103,1.987611,0.943336,0.109767,True
0.06,104,1.737114,0.836412,0.118992,True
0.06,105,1.939070,0.817192,0.099344,True
0.06,106,1.645213,0.923937,0.076174,True
0.06,107,1.688319,0.833216,0.326535,True
0.06,108,2.271982,0.802272,0.268417,True
0.06,109,2.342285,1.160558,0.000000,True
0.06,110,2.098902,0.985701,0.019510,True
0.06,111,2.083039,1.102993,0.000000,True
0.06,112,1.732113,0.916192,0.115310,True
0.06,113,1.694717,0.657910,0.348568,True
0.06,114,1.644670,1.143834,0.075104,True
0.06,115,1.584196,0.843210,0.206742,True
0.06,116,1.410989,0.683992,0.246195,True
0.06,117,2.044498,1.254074,0.000000,True
0.06,118,3.202767,0.859395,0.000000,True
0.06,119,1.260563,0.504126,0.181294,True
0.06,120,1.796434,0.988293,0.160189,True
0.06,121,1.623648,1.191722,0.066238,True
0.06,122,1.849703,0.709303,0.235508,True
0.06,123,2.644008,1.251066,0.000000,True
0.06,124,1.817932,0.806105,0.276043,True
0.06,125,2.124019,1.158984,0.000000,True
0.06,126,2.545389,1.115737,0.000000,True
0.06,127,1.388819,0.673248,0.296785,True
0.06,128,2.720275,1.390575,0.000000,True
0.06,129,1.661195,0.721538,0.215376,True
0.06,130,2.370603,1.106035,0.000000,True
0.06,131,1.422977,0.515079,0.530762,True
0.06,132,2.005892,1.207983,0.005721,True
0.06,133,1.612192,0.777263,0.116604,True
0.06,134,1.456707,1.019202,0.247140,True
0.06,135,2.477702,1.245656,0.000000,True
0.06,136,1.516363,1.035052,0.057176,True
0.06,137,1.813425,0.846598,0.163070,True
0.06,138,1.677234,0.834455,0.275456,True
0.06,139,1.784468,1.038734,0.000000,True
0.06,140,1.593401,0.890754,0.278918,True
0.06,141,2.229401,0.938888,0.036340,True
0.06,142,1.822356,1.029937,0.193586,True
0.06,143,3.103692,1.241749,0.000000,True
0.06,144,1.816872,1.146180,0.190550,True
0.06,145,2.494265,0.990321,0.226874,True
0.06,146,1.852578,0.787392,0.043069,True
0.06,147,1.225139,0.819349,0.195509,True
0.06,148,2.008156,1.032859,0.057850,True
0.06,149,1.582594,1.047176,0.000000,True
0.06,150,1.504568,0.991299,0.162406,True
0.06,151,2.014714,0.982705,0.129735,True
0.06,152,1.439850,0.802054,0.286519,True
0.06,153,1.912773,0.844859,0.187785,True
0.06,154,2.587907,1.219188,0.000000,True
0.06,155,1.747555,0.780799,0.250606,True
0.06,156,2.008898,1.125373,0.000000,True
0.06,157,2.160898,1.121608,0.000000,True
0.06,158,2.207109,0.949369,0.000000,True
0.06,159,1.701208,1.107105,0.000000,True
0.06,160,2.470803,1.267515,0.047527,True
0.06,161,1.539780,0.710654,0.345670,True
0.06,162,2.044791,1.078807,0.000000,True
0.06,163,1.652065,0.984824,0.147791,True
0.06,164,1.339934,0.432305,0.490908,True
0.06,165,1.670563,0.834568,0.178473,True
0.06,166,2.119558,1.232171,0.000000,True
0.06,167,2.210792,1.071377,0.050939,True
0.06,168,1.695419,0.993474,0.174620,True
0.06,169,1.473121,0.903399,0.249987,True
0.06,170,1.636915,0.669707,0.420283,True
0.06,171,2.214374,0.966577,0.142133,True
0.06,172,1.407236,0.668823,0.486291,True
0.06,173,1.384123,0.758085,0.184068,True
0.06,174,1.849186,0.948636,0.242895,True
0.06,175,1.982253,1.157643,0.045638,True
0.06,176,2.071165,0.877644,0.135187,True
0.06,177,2.509894,0.877991,0.065904,True
0.06,178,1.398218,0.801616,0.274517,True
0.06,179,1.277745,0.806464,0.151059,True
0.06,180,2.871663,1.171402,0.000000,True
0.06,181,1.224147,0.685741,0.251454,True
0.06,182,1.541793,0.797799,0.175926,True
0.06,183,2.117556,1.149891,0.007327,True
0.06,184,2.167253,0.766124,0.284098,True
0.06,185,1.690495,0.926529,0.068030,True
0.06,186,1.822340,0.723860,0.197656,True
0.06,187,1.259407,0.600900,0.345052,True
0.06,188,1.372611,0.710681,0.313247,True
0.06,189,2.357722,1.255378,0.000000,True
0.06,190,1.837327,1.114864,0.000000,True
0.06,191,1.665066,0.923472,0.119556,True
0.06,192,1.740583,0.828769,0.293427,True
0.06,193,2.300931,0.972802,0.101663,True
0.06,194,2.220227,1.032533,0.000000,True
0.06,195,1.579126,0.931750,0.150772,True
0.06,196,1.552452,0.534301,0.398160,True
0.06,197,2.026587,0.860419,0.017954,True
0.06,198,1.848917,0.886586,0.254535,True
0.06,199,2.253204,0.906990,0.082526,True
0.06,200,1.633786,1.085516,0.078609,True
0.06,201,2.115035,0.834988,0.310204,True
0.06,202,2.221315,0.573000,0.430936,True
0.06,203,1.140281,0.740201,0.347411,True
0.06,204,2.279144,1.027308,0.093541,True
0.06,205,1.309333,0.759979,0.298564,True
0.06,206,2.033519,1.142625,0.000000,True
0.06,207,1.904689,1.234920,0.000000,True
0.06,208,1.595199,0.697119,0.268356,True
0.06,209,2.843776,1.176027,0.000000,True
0.06,210,1.604925,0.822165,0.241166,True
0.06,211,2.532907,1.138655,0.000000,True
0.06,212,3.085516,1.005202,0.000000,True
0.06,213,1.997404,0.900497,0.168261,True
0.06,214,1.737124,0.751317,0.262999,True
0.06,215,2.406587,1.062076,0.000000,True
0.06,216,1.752406,1.061024,0.122563,True
0.06,217,2.284226,1.087069,0.121986,True
0.06,218,1.415793,0.713601,0.305584,True
0.06,219,1.686363,1.180008,0.000000,True
0.06,220,1.491714,0.898468,0.056050,True
0.06,221,1.187524,0.476771,0.529178,True
0.06,222,2.491785,1.167995,0.007257,True
0.06,223,0.903838,0.564737,0.465004,True
0.06,224,1.109867,0.584799,0.270949,True
0.06,225,1.956525,1.009236,0.000000,True
0.06,226,1.730461,1.161921,0.133596,True
0.06,227,1.769889,0.643817,0.314354,True
0.06,228,2.497145,1.087817,0.000000,True
0.06,229,1.552652,0.807696,0.150401,True
0.06,230,2.076397,1.135208,0.040619,True
0.06,231,1.602801,0.937346,0.065794,True
0.06,232,2.689732,1.221810,0.000000,True
0.06,233,2.263686,1.022917,0.158761,True
0.06,234,1.783074,1.056292,0.059429,True
0.06,235,1.650912,0.884521,0.138662,True
0.06,236,1.543396,0.878782,0.221328,True
0.06,237,1.529787,0.935392,0.220214,True
0.06,238,2.819578,1.132099,0.000000,True
0.06,239,1.364822,0.725360,0.450354,True
0.06,240,1.673747,0.788014,0.196322,True
0.06,241,1.676253,1.136991,0.000000,True
0.06,242,1.855165,0.984320,0.012707,True
0.06,243,1.918810,1.068073,0.000000,True
0.06,244,1.331299,0.724366,0.209705,True
0.06,245,2.298377,1.321979,0.000000,True
0.06,246,1.624147,0.818244,0.300109,True
0.06,247,2.278575,1.084603,0.044986,True
0.06,248,1.290515,0.749090,0.418710,True
0.06,249,1.250264,0.612901,0.162431,True
0.06,250,2.067937,0.938896,0.173179,True
0.06,251,1.080398,0.612027,0.240694,True
0.06,252,2.131228,1.119544,0.000000,True
0.06,253,1.492703,0.962785,0.178443,True
0.06,254,2.169983,0.923943,0.006522,True
0.06,255,1.487192,0.733744,0.354494,True
0.06,256,2.007538,1.037298,0.144605,True
0.06,257,1.873383,0.896217,0.166075,True
0.06,258,2.200202,1.049246,0.186751,True
0.06,259,2.455079,1.181479,0.000000,True
0.06,260,1.713168,0.968844,0.053253,True
0.06,261,1.946423,1.117370,0.038414,True
0.06,262,1.657233,0.759098,0.528740,True
0.06,263,1.568703,0.894200,0.120985,True
0.06,264,1.835497,0.961631,0.000000,True
0.06,265,2.764737,0.901350,0.115741,True
0.06,266,1.615996,0.869486,0.132817,True
0.06,267,2.036060,0.957782,0.018574,True
0.06,268,1.709587,0.942770,0.000000,True
0.06,269,2.269816,0.829002,0.297324,True
0.06,270,1.834980,0.947187,0.201194,True
0.06,271,1.292824,0.661999,0.427410,True
0.06,272,1.257482,0.907408,0.339333,True
0.06,273,2.107537,0.688156,0.318992,True
0.06,274,2.504632,1.126062,0.044946,True
0.06,275,1.993622,1.122386,0.066231,True
0.06,276,1.721067,0.681343,0.201386,True
0.06,277,2.771657,1.160680,0.000000,True
0.06,278,1.813621,0.922403,0.000000,True
0.06,279,3.336437,1.127554,0.043265,True
0.06,280,2.107518,0.910451,0.098936,True
0.06,281,1.148612,0.776852,0.368552,True
0.06,282,2.096264,0.885018,0.214137,True
0.06,283,1.234875,0.452445,0.383371,True
0.06,284,1.036524,0.597756,0.367030,True
0.06,285,2.234800,1.178351,0.028892,True
0.06,286,1.241149,0.710696,0.357344,True
0.06,287,2.506040,0.961259,0.095910,True
0.06,288,1.152331,0.650219,0.309064,True
0.06,289,1.887217,1.167672,0.000000,True
0.06,290,1.371250,0.816140,0.260817,True
0.06,291,3.063371,0.929882,0.096101,True
0.06,292,1.226181,0.479180,0.333379,True
0.06,293,2.428114,1.247004,0.000000,True
0.06,294,1.851505,0.789630,0.152606,True
0.06,295,2.738884,1.191394,0.000000,True
0.06,296,1.528546,0.859098,0.205492,True
0.06,297,1.585267,0.876622,0.287956,True
0.06,298,2.309052,1.242791,0.000000,True
0.06,299,1.634452,0.721009,0.364111,True
0.06,300,1.800822,1.135298,0.000000,True
0.06,301,2.197959,0.886988,0.043369,True
0.06,302,2.403143,0.889214,0.050785,True
0.06,303,1.393737,0.995354,0.162742,True
0.06,304,1.603505,0.820737,0.339996,True
0.06,305,2.426814,0.764177,0.164021,True
0.06,306,2.542866,1.033270,0.076895,True
0.06,307,2.334320,0.827564,0.049899,True
0.06,308,2.513200,1.197870,0.000000,True
0.06,309,1.818778,0.932878,0.140240,True
0.06,310,2.158918,0.964158,0.427708,True
0.06,311,2.186638,1.116892,0.000000,True
0.06,312,2.746560,1.077309,0.000000,True
0.06,313,1.559235,0.936038,0.294035,True
0.06,314,1.518862,1.050243,0.191022,True
0.06,315,1.751963,1.084364,0.013651,True
0.06,316,1.770925,0.776241,0.396985,True
0.06,317,1.888262,0.734857,0.349988,True
0.06,318,1.607069,0.948363,0.072321,True
0.06,319,2.404538,1.059276,0.000000,True
0.06,320,1.612780,0.818244,0.162378,True
0.06,321,1.687758,0.600301,0.481227,True
0.06,322,1.991190,0.875228,0.226135,True
0.06,323,1.565454,0.848601,0.179234,True
0.06,324,1.629104,0.920363,0.212343,True
0.06,325,1.435611,0.876084,0.116317,True
0.06,326,2.228566,1.111439,0.107630,True
0.06,327,0.761263,0.511356,0.482530,True
0.06,328,2.155721,0.890672,0.039731,True
0.06,329,2.030320,1.170998,0.000000,True
0.06,330,1.145813,0.739192,0.332567,True
0.06,331,2.627581,0.962429,0.125300,True
0.06,332,1.161236,0.531348,0.428297,True
0.06,333,1.104181,0.570402,0.313525,True
0.06,334,2.206338,0.829238,0.172559,True
0.06,335,0.958382,0.532101,0.416802,True
0.06,336,1.553995,0.834799,0.237022,True
0.06,337,1.338506,0.675103,0.384712,True
0.06,338,2.020857,1.127034,0.000000,True
0.06,339,3.211400,1.143413,0.000000,True
0.06,340,1.509097,0.990061,0.140142,True
0.06,341,2.352636,1.013339,0.019767,True
0.06,342,2.067402,1.199677,0.000000,True
0.06,343,1.883577,1.140418,0.000000,True
0.06,344,2.188880,1.066517,0.016399,True
0.06,345,1.566640,1.061916,0.000000,True
0.06,346,1.328447,0.706781,0.259315,True
0.06,347,1.795823,0.881013,0.126108,True
0.06,348,1.416986,0.641310,0.490980,True
0.06,349,1.756558,0.812602,0.133231,True
0.06,350,2.017311,0.912018,0.112503,True
0.06,351,1.538026,0.754267,0.124658,True
0.06,352,1.925419,0.899015,0.418724,True
0.06,353,1.784650,0.818249,0.163070,True
0.06,354,2.012977,1.284512,0.000000,True
0.06,355,1.765039,0.931000,0.056540,True
0.06,356,2.235041,1.091277,0.000000,True
0.06,357,1.281529,0.795783,0.211990,True
0.06,358,1.551059,0.805224,0.235707,True
0.06,359,2.444154,0.881112,0.031959,True
0.06,360,2.174346,0.821377,0.116792,True
0.06,361,2.052739,1.016928,0.072866,True
0.06,362,1.972413,1.148649,0.000000,True
0.06,363,1.426530,0.851067,0.116839,True
0.06,364,2.302266,0.856830,0.283415,True
0.06,365,1.893752,1.123077,0.000000,True
0.06,366,1.620887,0.729581,0.144615,True
0.06,367,1.484862,0.805471,0.182243,True
0.06,368,1.965364,0.983808,0.279694,True
0.06,369,2.043584,1.138742,0.000000,True
0.06,370,2.524612,1.178567,0.000000,True
0.06,371,2.849377,1.168097,0.000000,True
0.06,372,1.220678,0.621874,0.339100,True
0.06,373,3.715180,1.166553,0.000000,True
0.06,374,1.306326,0.721673,0.479458,True
0.06,375,2.022254,0.781174,0.134530,True
0.06,376,1.494655,0.678994,0.145339,True
0.06,377,1.790908,0.946772,0.214615,True
0.06,378,1.792093,1.114082,0.000000,True
0.06,379,1.919195,1.062156,0.151756,True
0.06,380,1.805865,1.200455,0.000000,True
0.06,381,1.515626,0.960699,0.039936,True
0.06,382,2.692497,1.277609,0.000000,True
0.06,383,1.859919,1.042898,0.125787,True
0.06,384,1.800052,0.901199,0.000000,True
0.06,385,1.873147,1.240849,0.000000,True
0.06,386,2.223908,1.152621,0.000000,True
0.06,387,1.765246,1.322932,0.000000,True
0.06,388,3.032193,1.117713,0.000000,True
0.06,389,1.553690,0.642245,0.538036,True
0.06,390,1.726096,0.824384,0.142542,True
0.06,391,2.308078,1.179486,0.000000,True
0.06,392,2.381085,0.740230,0.246367,True
0.06,393,2.155845,0.828056,0.124852,True
0.06,394,2.261999,1.153491,0.027068,True
0.06,395,1.849118,0.917566,0.000000,True
0.06,396,2.488622,1.226449,0.000000,True
0.06,397,1.399284,0.669417,0.252899,True
0.06,398,2.750999,1.081779,0.000000,True
0.06,399,2.089033,1.079768,0.000000,True
0.06,400,1.918617,1.100028,0.000000,True
0.06,401,2.955398,1.089606,0.000000,True
0.06,402,2.352072,1.072951,0.035769,True
0.06,403,2.561338,1.296678,0.000000,True
0.06,404,1.633802,0.559854,0.634060,True
0.06,405,1.840361,0.895687,0.137262,True
0.06,406,1.381416,0.721705,0.310254,True
0.06,407,2.407360,0.993931,0.057416,True
0.06,408,1.538449,0.829322,0.153518,True
0.06,409,2.527366,1.272977,0.000000,True
0.06,410,1.431968,1.020017,0.185291,True
0.06,411,2.184533,0.859620,0.163427,True
0.06,412,2.172518,1.196599,0.000000,True
0.06,413,1.639285,0.986594,0.119884,True
0.06,414,1.413231,0.961523,0.163244,True
0.06,415,1.922967,1.116492,0.000000,True
0.06,416,1.513227,0.729005,0.316351,True
0.06,417,1.626916,1.177778,0.070016,True
0.06,418,1.387932,0.837758,0.138407,True
0.06,419,1.742315,0.950503,0.000000,True
0.06,420,1.822410,1.156264,0.000000,True
0.06,421,2.498866,1.253367,0.000000,True
0.06,422,2.152594,1.060203,0.000000,True
0.06,423,1.796551,1.024758,0.000000,True
0.06,424,1.262166,0.727780,0.340963,True
0.06,425,2.205994,1.064106,0.000000,True
0.06,426,1.262515,0.807473,0.217616,True
0.06,427,1.557695,0.788996,0.222645,True
0.06,428,2.442470,1.064589,0.044107,True
0.06,429,2.696079,0.903793,0.000000,True
0.06,430,2.098006,1.068908,0.186678,True
0.06,431,2.092133,0.782912,0.201688,True
0.06,432,2.080136,1.091273,0.000000,True
0.06,433,3.470595,1.187209,0.000000,True
0.06,434,1.719881,1.020527,0.000000,True
0.06,435,1.799406,1.295502,0.000000,True
0.06,436,2.262505,0.982576,0.000000,True
0.06,437,1.347053,0.934381,0.232436,True
0.06,438,1.444858,0.806983,0.334709,True
0.06,439,1.558888,0.887969,0.193427,True
0.06,440,2.715659,1.073711,0.036901,True
0.06,441,1.873385,1.002119,0.123155,True
0.06,442,1.158795,0.828296,0.378820,True
0.06,443,2.269412,0.859224,0.073202,True
0.06,444,1.414865,0.669290,0.419770,True
0.06,445,2.827245,1.063132,0.181297,True
0.06,446,1.911243,1.151390,0.120369,True
0.06,447,2.391750,1.163017,0.000000,True
0.06,448,1.145310,0.685598,0.243905,True
0.06,449,2.049275,1.260401,0.000000,True
0.06,450,2.330107,0.919726,0.004370,True
0.06,451,1.701168,0.762602,0.298114,True
0.06,452,2.816347,1.377738,0.000000,True
0.06,453,2.234368,1.027528,0.000000,True
0.06,454,1.756442,0.997151,0.084602,True
0.06,455,2.478626,0.848073,0.076415,True
0.06,456,1.035949,0.618501,0.298806,True
0.06,457,2.507405,1.227234,0.000000,True
0.06,458,1.866206,1.054947,0.150618,True
0.06,459,1.630674,0.721819,0.358507,True
0.06,460,1.718491,0.906424,0.000000,True
0.06,461,2.220041,1.062397,0.000000,True
0.06,462,2.497687,1.185923,0.041610,True
0.06,463,2.499606,0.819198,0.000000,True
0.06,464,1.414071,0.651805,0.472213,True
0.06,465,2.734739,1.070473,0.000000,True
0.06,466,2.098397,1.080698,0.000000,True
0.06,467,2.658944,0.975592,0.050582,True
0.06,468,1.426467,0.520347,0.393867,True
0.06,469,1.221483,0.735066,0.218990,True
0.06,470,3.029882,1.196106,0.000000,True
0.06,471,2.963952,1.082803,0.000000,True
0.06,472,1.908478,0.679976,0.340416,True
0.06,473,2.809001,1.167610,0.000000,True
0.06,474,2.033501,1.159486,0.000000,True
0.06,475,1.592078,0.876490,0.267775,True
0.06,476,1.019141,0.635740,0.395391,True
0.06,477,1.983022,0.811582,0.209524,True
0.06,478,2.440664,1.025282,0.000000,True
0.06,479,1.714912,1.291522,0.000000,True
0.06,480,2.088518,1.297753,0.000000,True
0.06,481,2.007093,1.032485,0.161090,True
0.06,482,2.617016,1.178045,0.000000,True
0.06,483,2.006528,0.902257,0.081128,True
0.06,484,2.666593,1.277728,0.000000,True
0.06,485,2.953065,1.117206,0.000000,True
0.06,486,1.035016,0.833112,0.162890,True
0.06,487,2.324208,0.743492,0.145397,True
0.06,488,2.242479,1.096870,0.000000,True
0.06,489,1.961864,1.007372,0.196554,True
0.06,490,1.995574,1.116964,0.071061,True
0.06,491,2.375122,1.023932,0.003755,True
0.06,492,1.636205,1.270212,0.045654,True
0.06,493,1.295002,0.581389,0.275120,True
0.06,494,1.417061,1.128496,0.000000,True
0.06,495,1.158646,0.732668,0.374410,True
0.06,496,1.981481,1.226630,0.000000,True
0.06,497,1.278273,0.667281,0.271112,True
0.06,498,1.766706,0.859456,0.255265,True
0.06,499,1.777795,0.913572,0.062002,True
0.08,0,2.276582,0.981079,0.042995,True
0.08,1,2.378037,1.119409,0.179984,True
0.08,2,0.749074,0.515002,0.524766,True
0.08,3,2.573662,0.783547,0.193734,True
0.08,4,1.667158,0.682687,0.284809,True
0.08,5,1.573874,0.725350,0.286037,True
0.08,6,1.938439,0.915314,0.147396,True
0.08,7,2.117660,0.715758,0.211569,True
0.08,8,1.998731,1.163288,0.000000,True
0.08,9,1.116927,0.758544,0.245738,True
0.08,10,1.297703,0.903956,0.286359,True
0.08,11,1.279717,0.880370,0.293765,True
0.08,12,1.984621,1.140571,0.098332,True
0.08,13,1.489799,0.773952,0.121453,True
0.08,14,2.188921,1.114627,0.000000,True
0.08,15,1.200301,0.746618,0.212140,True
0.08,16,2.342103,1.013921,0.026246,True
0.08,17,2.423631,1.382054,0.000000,True
0.08,18,0.970480,0.494208,0.444019,True
0.08,19,1.953080,0.809115,0.154067,True
0.08,20,1.827010,0.796454,0.214311,True
0.08,21,2.898493,1.034578,0.090049,True
0.08,22,1.593190,0.883735,0.219230,True
0.08,23,2.333929,1.058223,0.111040,True
0.08,24,2.326126,0.913054,0.068790,True
0.08,25,2.568418,1.160682,0.084756,True
0.08,26,2.206018,1.319819,0.023812,True
0.08,27,1.315385,0.737509,0.229786,True
0.08,28,1.788488,0.993362,0.000000,True
0.08,29,1.722940,1.036610,0.046772,True
0.08,30,1.688110,1.026210,0.000000,True
0.08,31,1.605608,0.932243,0.097120,True
0.08,32,2.131814,1.017868,0.031882,True
0.08,33,2.504037,1.003259,0.000000,True
0.08,34,1.488129,0.623180,0.400225,True
0.08,35,1.672206,1.140456,0.098550,True
0.08,36,2.379316,1.044598,0.000000,True
0.08,37,1.743458,1.139956,0.000000,True
0.08,38,2.330576,1.268452,0.000000,True
0.08,39,1.262071,0.926117,0.117055,True
0.08,40,1.318046,0.953735,0.278512,True
0.08,41,1.373382,0.766335,0.271343,True
0.08,42,2.366115,1.268846,0.007129,True
0.08,43,2.414345,0.892977,0.133092,True
0.08,44,2.357678,1.118656,0.000000,True
0.08,45,1.107982,0.676733,0.369440,True
0.08,46,2.030525,1.257153,0.000000,True
0.08,47,1.333348,0.785728,0.360291,True
0.08,48,1.313575,0.733119,0.191564,True
0.08,49,2.132070,1.057360,0.011977,True
0.08,50,2.381867,1.092281,0.070031,True
0.08,51,1.142320,0.667361,0.321928,True
0.08,52,2.217144,1.034659,0.057333,True
0.08,53,1.815671,1.008508,0.139521,True
0.08,54,2.154522,0.937504,0.248367,True
0.08,55,2.716338,1.298393,0.000000,True
0.08,56,1.609067,0.888858,0.136628,True
0.08,57,2.086794,1.033454,0.025917,True
0.08,58,1.209351,0.551611,0.259417,True
0.08,59,1.944445,1.030576,0.054638,True
0.08,60,1.833786,0.789645,0.260484,True
0.08,61,2.061335,0.995633,0.000000,True
0.08,62,1.943309,1.058639,0.000000,True
0.08,63,1.803353,0.650369,0.444591,True
0.08,64,1.964451,0.844430,0.108637,True
0.08,65,2.025222,0.853562,0.142827,True
0.08,66,2.249433,0.898159,0.014533,True
0.08,67,1.299978,0.796384,0.305991,True
0.08,68,1.566954,1.043687,0.223220,True
0.08,69,2.200462,1.172450,0.000000,True
0.08,70,1.162202,0.709443,0.498158,True
0.08,71,2.543285,1.152402,0.000000,True
0.08,72,1.594336,0.735960,0.181228,True
0.08,73,1.166501,0.606454,0.366107,True
0.08,74,2.001174,0.998602,0.000000,True
0.08,75,1.453876,0.743389,0.310974,True
0.08,76,2.135161,1.096081,0.080369,True
0.08,77,2.518567,1.063029,0.046092,True
0.08,78,2.372014,0.999669,0.000000,True
0.08,79,1.912329,1.055070,0.013677,True
0.08,80,2.087613,0.977074,0.162250,True
0.08,81,1.257721,0.580956,0.267832,True
0.08,82,1.766143,0.904548,0.019972,True
0.08,83,1.656096,0.997536,0.093054,True
0.08,84,1.662244,0.645372,0.392021,True
0.08,85,1.275183,0.765744,0.205901,True
0.08,86,1.882771,0.996651,0.177437,True
0.08,87,1.672014,0.717964,0.246587,True
0.08,88,2.028660,1.086763,0.133565,True
0.08,89,3.282468,1.110919,0.000000,True
0.08,90,1.273549,0.714100,0.259877,True
0.08,91,1.313413,0.555381,0.447095,True
0.08,92,1.841067,0.942302,0.263990,True
0.08,93,1.836478,0.815651,0.126962,True
0.08,94,2.406121,1.149406,0.000000,True
0.08,95,2.071706,0.809978,0.149266,True
0.08,96,2.147693,1.219382,0.000000,True
0.08,97,1.884792,0.950415,0.204021,True
0.08,98,1.631210,0.797973,0.196225,True
0.08,99,1.912840,0.608644,0.297814,True
0.08,100,1.543281,0.788998,0.183204,True
0.08,101,2.098061,1.081824,0.000583,True
0.08,102,1.444542,0.886163,0.059579,True
0.08,103,1.969027,0.936537,0.115549,True
0.08,104,1.726478,0.833651,0.121482,True
0.08,105,1.922410,0.811392,0.104159,True
0.08,106,1.634802,0.920198,0.079232,True
0.08,107,1.669514,0.827858,0.331133,True
0.08,108,2.202154,0.786585,0.283085,True
0.08,109,2.342285,1.160558,0.000000,True
0.08,110,2.056324,0.973681,0.030708,True
0.08,111,2.083039,1.102993,0.000000,True
0.08,112,1.713813,0.910536,0.120223,True
0.08,113,1.657250,0.650080,0.355419,True
0.08,114,1.612832,1.132212,0.085201,True
0.08,115,1.553712,0.835195,0.213737,True
0.08,116,1.403609,0.682198,0.247644,True
0.08,117,2.044498,1.254074,0.000000,True
0.08,118,3.202767,0.859395,0.000000,True
0.08,119,1.257840,0.503533,0.181717,True
0.08,120,1.772902,0.981308,0.166553,True
0.08,121,1.611789,1.186776,0.070429,True
0.08,122,1.823213,0.703793,0.240590,True
0.08,123,2.644008,1.251066,0.000000,True
0.08,124,1.802899,0.802110,0.279579,True
0.08,125,2.124019,1.158984,0.000000,True
0.08,126,2.545389,1.115737,0.000000,True
0.08,127,1.384596,0.672096,0.297672,True
0.08,128,2.720275,1.390575,0.000000,True
0.08,129,1.647765,0.718285,0.218202,True
0.08,130,2.370603,1.106035,0.000000,True
0.08,131,1.414793,0.513534,0.531999,True
0.08,132,1.984690,1.199732,0.013134,True
0.08,133,1.601623,0.774737,0.118871,True
0.08,134,1.443169,1.015212,0.250729,True
0.08,135,2.477702,1.245656,0.000000,True
0.08,136,1.507585,1.032132,0.059716,True
0.08,137,1.802207,0.843698,0.165713,True
0.08,138,1.669795,0.832496,0.277209,True
0.08,139,1.784468,1.038734,0.000000,True
0.08,140,1.585945,0.888043,0.281089,True
0.08,141,2.178840,0.925744,0.048718,True
0.08,142,1.752608,1.005694,0.214286,True
0.08,143,3.103692,1.241749,0.000000,True
0.08,144,1.802476,1.141085,0.195173,True
0.08,145,2.424931,0.971809,0.244363,True
0.08,146,1.839068,0.783953,0.046142,True
0.08,147,1.220069,0.818199,0.196514,True
0.08,148,1.971570,1.021987,0.067954,True
0.08,149,1.582594,1.047176,0.000000,True
0.08,150,1.497777,0.989075,0.164316,True
0.08,151,1.986925,0.974228,0.137426,True
0.08,152,1.434153,0.800177,0.287968,True
0.08,153,1.896435,0.838966,0.192651,True
0.08,154,2.587907,1.219188,0.000000,True
0.08,155,1.699942,0.769283,0.260817,True
0.08,156,2.008898,1.125373,0.000000,True
0.08,157,2.160898,1.121608,0.000000,True
0.08,158,2.207109,0.949369,0.000000,True
0.08,159,1.700109,1.106706,0.000351,True
0.08,160,2.411804,1.247234,0.066701,True
0.08,161,1.525625,0.706890,0.348716,True
0.08,162,2.044791,1.078807,0.000000,True
0.08,163,1.632278,0.978298,0.153424,True
0.08,164,1.331978,0.431241,0.491808,True
0.08,165,1.659072,0.830719,0.181607,True
0.08,166,2.119558,1.232171,0.000000,True
0.08,167,2.181271,1.060884,0.060358,True
0.08,168,1.686013,0.990023,0.177547,True
0.08,169,1.464160,0.901031,0.252131,True
0.08,170,1.620756,0.666305,0.423317,True
0.08,171,2.181838,0.957208,0.150781,True
0.08,172,1.363461,0.658945,0.494100,True
0.08,173,1.379763,0.756849,0.185049,True
0.08,174,1.834562,0.943705,0.247156,True
0.08,175,1.960175,1.149226,0.053143,True
0.08,176,2.032752,0.867986,0.144182,True
0.08,177,2.454646,0.861463,0.080631,True
0.08,178,1.393490,0.799564,0.275909,True
0.08,179,1.274707,0.805672,0.151717,True
0.08,180,2.871663,1.171402,0.000000,True
0.08,181,1.220888,0.684948,0.252068,True
0.08,182,1.531365,0.794898,0.178357,True
0.08,183,2.090364,1.140149,0.016192,True
0.08,184,2.122585,0.756032,0.293410,True
0.08,185,1.677539,0.922433,0.071563,True
0.08,186,1.773680,0.713414,0.207155,True
0.08,187,1.253924,0.599952,0.345871,True
0.08,188,1.365006,0.709073,0.314657,True
0.08,189,2.357722,1.255378,0.000000,True
0.08,190,1.837327,1.114864,0.000000,True
0.08,191,1.655585,0.920406,0.122176,True
0.08,192,1.722433,0.824143,0.297621,True
0.08,193,2.194040,0.940780,0.130522,True
0.08,194,2.220227,1.032533,0.000000,True
0.08,195,1.569188,0.928307,0.153616,True
0.08,196,1.546045,0.532779,0.399344,True
0.08,197,2.001314,0.852753,0.024657,True
0.08,198,1.817230,0.877944,0.262322,True
0.08,199,2.218361,0.896871,0.091662,True
0.08,200,1.618987,1.080832,0.082905,True
0.08,201,2.085838,0.827303,0.317179,True
0.08,202,2.164002,0.563588,0.439706,True
0.08,203,1.139075,0.739868,0.347652,True
0.08,204,2.243347,1.015481,0.104215,True
0.08,205,1.306224,0.759177,0.299218,True
0.08,206,2.033519,1.142625,0.000000,True
0.08,207,1.904689,1.234920,0.000000,True
0.08,208,1.588096,0.695152,0.269945,True
0.08,209,2.843776,1.176027,0.000000,True
0.08,210,1.593859,0.819150,0.243780,True
0.08,211,2.532907,1.138655,0.000000,True
0.08,212,2.979773,0.981218,0.023362,True
0.08,213,1.978917,0.893673,0.174002,True
0.08,214,1.704250,0.743627,0.269833,True
0.08,215,2.406587,1.062076,0.000000,True
0.08,216,1.736569,1.055479,0.127449,True
0.08,217,2.248102,1.075676,0.132577,True
0.08,218,1.411612,0.712627,0.306414,True
0.08,219,1.686363,1.180008,0.000000,True
0.08,220,1.481351,0.895193,0.058761,True
0.08,221,1.181283,0.476120,0.529841,True
0.08,222,2.418781,1.142823,0.030426,True
0.08,223,0.903554,0.564685,0.465038,True
0.08,224,1.104773,0.583948,0.271624,True
0.08,225,1.956525,1.009236,0.000000,True
0.08,226,1.716039,1.156547,0.138373,True
0.08,227,1.757919,0.640481,0.317061,True
0.08,228,2.497145,1.087817,0.000000,True
0.08,229,1.542415,0.805086,0.152699,True
0.08,230,2.048715,1.125078,0.049715,True
0.08,231,1.590434,0.933363,0.069183,True
0.08,232,2.689732,1.221810,0.000000,True
0.08,233,2.205530,1.005596,0.174773,True
0.08,234,1.761332,1.048571,0.066146,True
0.08,235,1.639086,0.880695,0.141897,True
0.08,236,1.503055,0.869637,0.230096,True
0.08,237,1.515174,0.931357,0.223848,True
0.08,238,2.784029,1.121853,0.009782,True
0.08,239,1.359193,0.723997,0.451483,True
0.08,240,1.661813,0.784744,0.199126,True
0.08,241,1.666513,1.133881,0.002886,True
0.08,242,1.838516,0.979145,0.017373,True
0.08,243,1.918810,1.068073,0.000000,True
0.08,244,1.321288,0.722325,0.211524,True
0.08,245,2.298377,1.321979,0.000000,True
0.08,246,1.597337,0.811649,0.306014,True
0.08,247,2.153042,1.048104,0.079407,True
0.08,248,1.287590,0.748326,0.419319,True
0.08,249,1.245989,0.612134,0.163092,True
0.08,250,2.043125,0.931095,0.180149,True
0.08,251,1.078688,0.611711,0.240942,True
0.08,252,2.131228,1.119544,0.000000,True
0.08,253,1.484336,0.960106,0.180726,True
0.08,254,2.104666,0.905153,0.023459,True
0.08,255,1.477312,0.731358,0.356522,True
0.08,256,1.979067,1.026829,0.153700,True
0.08,257,1.850698,0.890379,0.171521,True
0.08,258,2.164191,1.038087,0.197068,True
0.08,259,2.455079,1.181479,0.000000,True
0.08,260,1.704766,0.966314,0.055536,True
0.08,261,1.923436,1.109203,0.045764,True
0.08,262,1.646740,0.756742,0.530899,True
0.08,263,1.552484,0.889454,0.125066,True
0.08,264,1.835497,0.961631,0.000000,True
0.08,265,2.696008,0.886026,0.130489,True
0.08,266,1.586647,0.860810,0.140111,True
0.08,267,1.939119,0.929841,0.043816,True
0.08,268,1.709587,0.942770,0.000000,True
0.08,269,2.094288,0.788385,0.334894,True
0.08,270,1.807732,0.938592,0.208722,True
0.08,271,1.280213,0.659224,0.429593,True
0.08,272,1.250426,0.905551,0.340920,True
0.08,273,2.072655,0.680789,0.325708,True
0.08,274,2.437717,1.105088,0.064603,True
0.08,275,1.975605,1.116027,0.072000,True
0.08,276,1.689024,0.674705,0.207345,True
0.08,277,2.771657,1.160680,0.000000,True
0.08,278,1.813621,0.922403,0.000000,True
0.08,279,3.177424,1.085447,0.083660,True
0.08,280,2.080516,0.903379,0.105538,True
0.08,281,1.145940,0.776254,0.369050,True
0.08,282,2.028636,0.867893,0.230010,True
0.08,283,1.232035,0.451970,0.383731,True
0.08,284,1.033667,0.597212,0.367408,True
0.08,285,2.199022,1.164820,0.041112,True
0.08,286,1.236967,0.709734,0.358117,True
0.08,287,2.397112,0.932436,0.122861,True
0.08,288,1.149399,0.649531,0.309569,True
0.08,289,1.887217,1.167672,0.000000,True
0.08,290,1.363034,0.814120,0.262571,True
0.08,291,2.964560,0.903256,0.120731,True
0.08,292,1.224006,0.478590,0.333746,True
0.08,293,2.428114,1.247004,0.000000,True
0.08,294,1.833128,0.785164,0.156657,True
0.08,295,2.738884,1.191394,0.000000,True
0.08,296,1.521925,0.856986,0.207219,True
0.08,297,1.576430,0.873129,0.290657,True
0.08,298,2.309052,1.242791,0.000000,True
0.08,299,1.605332,0.714607,0.369807,True
0.08,300,1.800822,1.135298,0.000000,True
0.08,301,2.163471,0.876504,0.052645,True
0.08,302,2.355713,0.875720,0.062981,True
0.08,303,1.356867,0.984873,0.171899,True
0.08,304,1.592102,0.817674,0.342663,True
0.08,305,2.383621,0.754087,0.173266,True
0.08,306,2.482239,1.015332,0.093579,True
0.08,307,2.279772,0.814713,0.061891,True
0.08,308,2.513200,1.197870,0.000000,True
0.08,309,1.786119,0.923935,0.148449,True
0.08,310,2.118598,0.952915,0.438154,True
0.08,311,2.186638,1.116892,0.000000,True
0.08,312,2.746560,1.077309,0.000000,True
0.08,313,1.540253,0.929682,0.299252,True
0.08,314,1.500800,1.044900,0.195945,True
0.08,315,1.741316,1.080336,0.017130,True
0.08,316,1.755693,0.771781,0.400725,True
0.08,317,1.871228,0.730207,0.353949,True
0.08,318,1.579680,0.939985,0.079538,True
0.08,319,2.404538,1.059276,0.000000,True
0.08,320,1.541890,0.801616,0.177359,True
0.08,321,1.674024,0.597575,0.483614,True
0.08,322,1.950409,0.865062,0.235617,True
0.08,323,1.557215,0.846207,0.181275,True
0.08,324,1.617959,0.916806,0.215370,True
0.08,325,1.430796,0.874504,0.117600,True
0.08,326,2.183633,1.097348,0.120825,True
0.08,327,0.760944,0.511344,0.482550,True
0.08,328,2.126237,0.879839,0.048851,True
0.08,329,2.030320,1.170998,0.000000,True
0.08,330,1.144034,0.738836,0.332878,True
0.08,331,2.564314,0.946037,0.140791,True
0.08,332,1.159433,0.531011,0.428550,True
0.08,333,1.102540,0.570130,0.313746,True
0.08,334,2.151671,0.816217,0.184678,True
0.08,335,0.954928,0.531818,0.417120,True
0.08,336,1.537914,0.830053,0.240936,True
0.08,337,1.332060,0.673688,0.385883,True
0.08,338,2.020857,1.127034,0.000000,True
0.08,339,3.211400,1.143413,0.000000,True
0.08,340,1.494334,0.985832,0.143982,True
0.08,341,2.313449,1.000368,0.031466,True
0.08,342,2.067402,1.199677,0.000000,True
0.08,343,1.883577,1.140418,0.000000,True
0.08,344,2.144024,1.053307,0.028867,True
0.08,345,1.566640,1.061916,0.000000,True
0.08,346,1.324771,0.706009,0.259990,True
0.08,347,1.779661,0.876256,0.130290,True
0.08,348,1.409377,0.639655,0.492348,True
0.08,349,1.743828,0.809159,0.136253,True
0.08,350,1.969138,0.899221,0.124321,True
0.08,351,1.514889,0.748768,0.129408,True
0.08,352,1.909597,0.894016,0.423083,True
0.08,353,1.766601,0.813995,0.167028,True
0.08,354,2.012977,1.284512,0.000000,True
0.08,355,1.746123,0.925744,0.061342,True
0.08,356,2.235041,1.091277,0.000000,True
0.08,357,1.278122,0.794906,0.212716,True
0.08,358,1.540803,0.802511,0.238049,True
0.08,359,2.379322,0.864897,0.047063,True
0.08,360,2.102266,0.805814,0.131697,True
0.08,361,2.028454,1.009423,0.079743,True
0.08,362,1.972413,1.148649,0.000000,True
0.08,363,1.421362,0.849621,0.118065,True
0.08,364,2.265369,0.846902,0.292457,True
0.08,365,1.893752,1.123077,0.000000,True
0.08,366,1.603127,0.725755,0.148092,True
0.08,367,1.472312,0.802380,0.184960,True
0.08,368,1.920907,0.971089,0.291436,True
0.08,369,2.043584,1.138742,0.000000,True
0.08,370,2.524612,1.178567,0.000000,True
0.08,371,2.849377,1.168097,0.000000,True
0.08,372,1.218207,0.621354,0.339511,True
0.08,373,3.715180,1.166553,0.000000,True
0.08,374,1.302838,0.720743,0.480186,True
0.08,375,2.003976,0.776846,0.138502,True
0.08,376,1.487072,0.676820,0.147010,True
0.08,377,1.772638,0.940662,0.219850,True
0.08,378,1.792093,1.114082,0.000000,True
0.08,379,1.887330,1.051117,0.161548,True
0.08,380,1.805865,1.200455,0.000000,True
0.08,381,1.505096,0.957700,0.042637,True
0.08,382,2.692497,1.277609,0.000000,True
0.08,383,1.840330,1.036322,0.131651,True
0.08,384,1.800052,0.901199,0.000000,True
0.08,385,1.873147,1.240849,0.000000,True
0.08,386,2.223908,1.152621,0.000000,True
0.08,387,1.765246,1.322932,0.000000,True
0.08,388,3.032193,1.117713,0.000000,True
0.08,389,1.545606,0.640377,0.539591,True
0.08,390,1.708479,0.819910,0.146563,True
0.08,391,2.308078,1.179486,0.000000,True
0.08,392,2.333315,0.730201,0.255733,True
0.08,393,2.123827,0.819487,0.132563,True
0.08,394,2.229131,1.139500,0.039269,True
0.08,395,1.843822,0.915965,0.001396,True
0.08,396,2.488622,1.226449,0.000000,True
0.08,397,1.395611,0.668462,0.253650,True
0.08,398,2.750999,1.081779,0.000000,True
0.08,399,2.089033,1.079768,0.000000,True
0.08,400,1.918617,1.100028,0.000000,True
0.08,401,2.955398,1.089606,0.000000,True
0.08,402,2.309007,1.058953,0.048670,True
0.08,403,2.518213,1.279326,0.015816,True
0.08,404,1.611849,0.556363,0.637286,True
0.08,405,1.817837,0.889745,0.142733,True
0.08,406,1.376500,0.719993,0.311470,True
0.08,407,2.327691,0.971120,0.078555,True
0.08,408,1.498717,0.819486,0.162188,True
0.08,409,2.527366,1.272977,0.000000,True
0.08,410,1.418148,1.016007,0.188922,True
0.08,411,2.137715,0.848186,0.174124,True
0.08,412,2.172518,1.196599,0.000000,True
0.08,413,1.563534,0.962855,0.140188,True
0.08,414,1.404720,0.959153,0.165374,True
0.08,415,1.905856,1.110597,0.005329,True
0.08,416,1.506555,0.726983,0.317933,True
0.08,417,1.618818,1.174582,0.072791,True
0.08,418,1.383652,0.836354,0.139509,True
0.08,419,1.742315,0.950503,0.000000,True
0.08,420,1.822410,1.156264,0.000000,True
0.08,421,2.498866,1.253367,0.000000,True
0.08,422,2.152594,1.060203,0.000000,True
0.08,423,1.796551,1.024758,0.000000,True
0.08,424,1.259468,0.726991,0.341546,True
0.08,425,2.205994,1.064106,0.000000,True
0.08,426,1.259536,0.806687,0.218263,True
0.08,427,1.551409,0.787177,0.224158,True
0.08,428,2.358898,1.041563,0.066121,True
0.08,429,2.696079,0.903793,0.000000,True
0.08,430,2.037204,1.050243,0.203983,True
0.08,431,2.057548,0.774256,0.209470,True
0.08,432,2.058529,1.082864,0.007322,True
0.08,433,3.301291,1.143556,0.042412,True
0.08,434,1.719881,1.020527,0.000000,True
0.08,435,1.799406,1.295502,0.000000,True
0.08,436,2.262505,0.982576,0.000000,True
0.08,437,1.341586,0.932708,0.233827,True
0.08,438,1.433685,0.803828,0.337283,True
0.08,439,1.534913,0.881348,0.199208,True
0.08,440,2.647073,1.053946,0.055574,True
0.08,441,1.854656,0.996419,0.128370,True
0.08,442,1.157181,0.827886,0.379155,True
0.08,443,2.231057,0.848717,0.082706,True
0.08,444,1.410926,0.668326,0.420550,True
0.08,445,2.699274,1.028356,0.214326,True
0.08,446,1.883902,1.141739,0.129137,True
0.08,447,2.391750,1.163017,0.000000,True
0.08,448,1.143330,0.685186,0.244240,True
0.08,449,2.049275,1.260401,0.000000,True
0.08,450,2.231119,0.895435,0.027372,True
0.08,451,1.683464,0.758134,0.302002,True
0.08,452,2.816347,1.377738,0.000000,True
0.08,453,2.234368,1.027528,0.000000,True
0.08,454,1.743463,0.993196,0.088192,True
0.08,455,2.427973,0.835239,0.088240,True
0.08,456,1.026185,0.616130,0.300148,True
0.08,457,2.507405,1.227234,0.000000,True
0.08,458,1.850969,1.049927,0.155156,True
0.08,459,1.587962,0.710626,0.367582,True
0.08,460,1.718491,0.906424,0.000000,True
0.08,461,2.220041,1.062397,0.000000,True
0.08,462,2.420229,1.160727,0.065302,True
0.08,463,2.499606,0.819198,0.000000,True
0.08,464,1.405808,0.650213,0.473632,True
0.08,465,2.734739,1.070473,0.000000,True
0.08,466,2.098397,1.080698,0.000000,True
0.08,467,2.585230,0.955874,0.069104,True
0.08,468,1.420307,0.519256,0.394781,True
0.08,469,1.215147,0.733778,0.220113,True
0.08,470,3.029882,1.196106,0.000000,True
0.08,471,2.963952,1.082803,0.000000,True
0.08,472,1.885299,0.674592,0.345131,True
0.08,473,2.809001,1.167610,0.000000,True
0.08,474,2.033501,1.159486,0.000000,True
0.08,475,1.575612,0.871970,0.271754,True
0.08,476,1.016848,0.635383,0.395691,True
0.08,477,1.963676,0.805753,0.214535,True
0.08,478,2.440664,1.025282,0.000000,True
0.08,479,1.714912,1.291522,0.000000,True
0.08,480,2.088518,1.297753,0.000000,True
0.08,481,1.973695,1.022588,0.170314,True
0.08,482,2.617016,1.178045,0.000000,True
0.08,483,1.981173,0.894788,0.087799,True
0.08,484,2.666593,1.277728,0.000000,True
0.08,485,2.953065,1.117206,0.000000,True
0.08,486,1.030851,0.832376,0.163585,True
0.08,487,2.284961,0.735202,0.153156,True
0.08,488,2.242479,1.096870,0.000000,True
0.08,489,1.937938,0.999916,0.203339,True
0.08,490,1.951232,1.102020,0.084685,True
0.08,491,2.339212,1.013522,0.013500,True
0.08,492,1.622048,1.264879,0.050519,True
0.08,493,1.290609,0.580436,0.275845,True
0.08,494,1.417061,1.128496,0.000000,True
0.08,495,1.156429,0.732077,0.374845,True
0.08,496,1.981481,1.226630,0.000000,True
0.08,497,1.271867,0.665841,0.272252,True
0.08,498,1.747426,0.853936,0.260088,True
0.08,499,1.714346,0.896285,0.077559,True
0.10,0,2.238151,0.968807,0.054011,True
0.10,1,2.304396,1.097939,0.200500,True
0.10,2,0.748583,0.514997,0.524795,True
0.10,3,2.517242,0.771489,0.205091,True
0.10,4,1.652589,0.679461,0.287639,True
0.10,5,1.557811,0.721479,0.289338,True
0.10,6,1.922689,0.910396,0.151730,True
0.10,7,2.053962,0.702722,0.223654,True
0.10,8,1.998731,1.163288,0.000000,True
0.10,9,1.104844,0.756824,0.247588,True
0.10,10,1.293363,0.902755,0.287380,True
0.10,11,1.277432,0.879686,0.294320,True
0.10,12,1.954284,1.130639,0.107587,True
0.10,13,1.482940,0.772299,0.122913,True
0.10,14,2.188921,1.114627,0.000000,True
0.10,15,1.192941,0.744820,0.213509,True
0.10,16,2.297157,1.000639,0.038564,True
0.10,17,2.423631,1.382054,0.000000,True
0.10,18,0.969576,0.494083,0.444113,True
0.10,19,1.911765,0.798993,0.163262,True
0.10,20,1.801359,0.790655,0.219736,True
0.10,21,2.837128,1.009293,0.112212,True
0.10,22,1.586560,0.881737,0.220948,True
0.10,23,2.296170,1.044715,0.123083,True
0.10,24,2.292405,0.903106,0.077777,True
0.10,25,2.509953,1.141781,0.102460,True
0.10,26,2.177511,1.305697,0.036036,True
0.10,27,1.309164,0.736104,0.230977,True
0.10,28,1.788488,0.993362,0.000000,True
0.10,29,1.706019,1.031157,0.051658,True
0.10,30,1.688110,1.026210,0.000000,True
0.10,31,1.594600,0.928538,0.100205,True
0.10,32,2.101968,1.007489,0.041059,True
0.10,33,2.504037,1.003259,0.000000,True
0.10,34,1.466781,0.618756,0.403898,True
0.10,35,1.661102,1.136257,0.102225,True
0.10,36,2.379316,1.044598,0.000000,True
0.10,37,1.743458,1.139956,0.000000,True
0.10,38,2.330576,1.268452,0.000000,True
0.10,39,1.256204,0.924493,0.118432,True
0.10,40,1.307470,0.950672,0.281092,True
0.10,41,1.339882,0.758757,0.277788,True
0.10,42,2.323965,1.252124,0.022378,True
0.10,43,2.373606,0.880752,0.144021,True
0.10,44,2.357678,1.118656,0.000000,True
0.10,45,1.106595,0.676403,0.369680,True
0.10,46,2.030525,1.257153,0.000000,True
0.10,47,1.313242,0.781166,0.364220,True
0.10,48,1.306134,0.731480,0.192970,True
0.10,49,2.096804,1.044577,0.023257,True
0.10,50,2.261181,1.054901,0.104553,True
0.10,51,1.140306,0.666997,0.322247,True
0.10,52,2.187576,1.022981,0.067395,True
0.10,53,1.779558,0.998004,0.149215,True
0.10,54,2.118410,0.926795,0.258037,True
0.10,55,2.716338,1.298393,0.000000,True
0.10,56,1.589701,0.883630,0.141297,True
0.10,57,2.058345,1.024845,0.033892,True
0.10,58,1.206797,0.551160,0.259782,True
0.10,59,1.905373,1.017658,0.066126,True
0.10,60,1.797805,0.781490,0.268050,True
0.10,61,2.061335,0.995633,0.000000,True
0.10,62,1.943309,1.058639,0.000000,True
0.10,63,1.743310,0.637993,0.455440,True
0.10,64,1.933684,0.836439,0.115885,True
0.10,65,2.004802,0.845811,0.149183,True
0.10,66,2.192434,0.884496,0.027539,True
0.10,67,1.290118,0.794466,0.307853,True
0.10,68,1.554123,1.039847,0.226756,True
0.10,69,2.200462,1.172450,0.000000,True
0.10,70,1.159073,0.708805,0.498692,True
0.10,71,2.515181,1.143986,0.008040,True
0.10,72,1.583314,0.733445,0.183467,True
0.10,73,1.163316,0.605660,0.366647,True
0.10,74,2.001174,0.998602,0.000000,True
0.10,75,1.426666,0.734940,0.317109,True
0.10,76,2.110824,1.086131,0.088983,True
0.10,77,2.467757,1.047853,0.060296,True
0.10,78,2.372014,0.999669,0.000000,True
0.10,79,1.893718,1.049170,0.019094,True
0.10,80,2.043773,0.964800,0.173667,True
0.10,81,1.254318,0.580216,0.268393,True
0.10,82,1.742103,0.898337,0.025743,True
0.10,83,1.641041,0.992898,0.097208,True
0.10,84,1.649075,0.642114,0.394720,True
0.10,85,1.268326,0.764345,0.207181,True
0.10,86,1.815902,0.975856,0.195875,True
0.10,87,1.659932,0.714892,0.249202,True
0.10,88,2.008600,1.078028,0.140946,True
0.10,89,3.282468,1.110919,0.000000,True
0.10,90,1.270781,0.713255,0.260481,True
0.10,91,1.310007,0.554782,0.447604,True
0.10,92,1.779798,0.925432,0.279363,True
0.10,93,1.823362,0.812011,0.130169,True
0.10,94,2.406121,1.149406,0.000000,True
0.10,95,2.044830,0.802379,0.155944,True
0.10,96,2.147693,1.219382,0.000000,True
0.10,97,1.844151,0.939870,0.214010,True
0.10,98,1.598591,0.790001,0.203273,True
0.10,99,1.897038,0.605569,0.300578,True
0.10,100,1.535386,0.786886,0.185006,True
0.10,101,2.058525,1.068707,0.012523,True
0.10,102,1.439992,0.884751,0.060753,True
0.10,103,1.952113,0.930268,0.120842,True
0.10,104,1.716428,0.831042,0.123830,True
0.10,105,1.907232,0.806006,0.108591,True
0.10,106,1.625115,0.916695,0.082082,True
0.10,107,1.652403,0.822997,0.335291,True
0.10,108,2.144925,0.773816,0.294984,True
0.10,109,2.259294,1.133356,0.025214,True
0.10,110,2.019531,0.963346,0.040314,True
0.10,111,2.083039,1.102993,0.000000,True
0.10,112,1.697187,0.905397,0.124670,True
0.10,113,1.626067,0.643632,0.361041,True
0.10,114,1.585511,1.122367,0.093737,True
0.10,115,1.527902,0.828494,0.219573,True
0.10,116,1.396641,0.680505,0.249008,True
0.10,117,2.044498,1.254074,0.000000,True
0.10,118,3.202767,0.859395,0.000000,True
0.10,119,1.255200,0.502956,0.182127,True
0.10,120,1.751833,0.975084,0.172214,True
0.10,121,1.600752,1.182169,0.074318,True
0.10,122,1.799610,0.698911,0.245086,True
0.10,123,2.644008,1.251066,0.000000,True
0.10,124,1.788974,0.798403,0.282850,True
0.10,125,2.124019,1.158984,0.000000,True
0.10,126,2.545389,1.115737,0.000000,True
0.10,127,1.380532,0.670983,0.298527,True
0.10,128,2.720275,1.390575,0.000000,True
0.10,129,1.635310,0.715269,0.220814,True
0.10,130,2.370603,1.106035,0.000000,True
0.10,131,1.407150,0.512087,0.533153,True
0.10,132,1.965408,1.192195,0.019876,True
0.10,133,1.591751,0.772379,0.120984,True
0.10,134,1.430813,1.011604,0.253978,True
0.10,135,2.397637,1.218878,0.025180,True
0.10,136,1.499362,1.029394,0.062091,True
0.10,137,1.791551,0.840945,0.168218,True
0.10,138,1.662660,0.830617,0.278889,True
0.10,139,1.784468,1.038734,0.000000,True
0.10,140,1.578906,0.885462,0.283145,True
0.10,141,2.135478,0.914523,0.059259,True
0.10,142,1.698185,0.987093,0.230031,True
0.10,143,3.103692,1.241749,0.000000,True
0.10,144,1.789111,1.136352,0.199456,True
0.10,145,2.366692,0.956294,0.258970,True
0.10,146,1.826406,0.780726,0.049018,True
0.10,147,1.215249,0.817111,0.197466,True
0.10,148,1.939430,1.012501,0.076757,True
0.10,149,1.582594,1.047176,0.000000,True
0.10,150,1.491336,0.986961,0.166126,True
0.10,151,1.962046,0.966637,0.144289,True
0.10,152,1.428754,0.798384,0.289343,True
0.10,153,1.881536,0.833497,0.197128,True
0.10,154,2.587907,1.219188,0.000000,True
0.10,155,1.661063,0.760023,0.269005,True
0.10,156,2.008898,1.125373,0.000000,True
0.10,157,2.160898,1.121608,0.000000,True
0.10,158,2.207109,0.949369,0.000000,True
0.10,159,1.689242,1.102758,0.003822,True
0.10,160,2.361408,1.229904,0.083025,True
0.10,161,1.512701,0.703451,0.351485,True
0.10,162,2.027945,1.072760,0.005365,True
0.10,163,1.614364,0.972417,0.158485,True
0.10,164,1.324523,0.430248,0.492648,True
0.10,165,1.648436,0.827125,0.184515,True
0.10,166,2.119558,1.232171,0.000000,True
0.10,167,2.154891,1.051415,0.068806,True
0.10,168,1.677148,0.986751,0.180310,True
0.10,169,1.455758,0.898818,0.254132,True
0.10,170,1.606002,0.663205,0.426074,True
0.10,171,2.152856,0.948836,0.158478,True
0.10,172,1.328956,0.651420,0.500036,True
0.10,173,1.375579,0.755658,0.185992,True
0.10,174,1.821061,0.939125,0.251096,True
0.10,175,1.940268,1.141593,0.059916,True
0.10,176,1.998976,0.859546,0.152030,True
0.10,177,2.408476,0.847374,0.093060,True
0.10,178,1.389000,0.797591,0.277239,True
0.10,179,1.271767,0.804901,0.152353,True
0.10,180,2.871663,1.171402,0.000000,True
0.10,181,1.217750,0.684182,0.252658,True
0.10,182,1.521609,0.792185,0.180623,True
0.10,183,2.065970,1.131371,0.024146,True
0.10,184,2.083816,0.747299,0.301439,True
0.10,185,1.665607,0.918648,0.074815,True
0.10,186,1.734025,0.705013,0.214779,True
0.10,187,1.248713,0.599056,0.346646,True
0.10,188,1.357851,0.707568,0.315978,True
0.10,189,2.357722,1.255378,0.000000,True
0.10,190,1.837327,1.114864,0.000000,True
0.10,191,1.646680,0.917516,0.124637,True
0.10,192,1.705853,0.819927,0.301434,True
0.10,193,2.112489,0.916550,0.152158,True
0.10,194,2.220227,1.032533,0.000000,True
0.10,195,1.559987,0.925092,0.156254,True
0.10,196,1.539965,0.531319,0.400472,True
0.10,197,1.978771,0.845851,0.030652,True
0.10,198,1.789456,0.870418,0.269086,True
0.10,199,2.187634,0.887886,0.099729,True
0.10,200,1.605380,1.076548,0.086832,True
0.10,201,2.059927,0.820439,0.323376,True
0.10,202,2.115658,0.555683,0.447044,True
0.10,203,1.137888,0.739540,0.347890,True
0.10,204,2.211914,1.005006,0.113612,True
0.10,205,1.303214,0.758398,0.299851,True
0.10,206,2.033519,1.142625,0.000000,True
0.10,207,1.904689,1.234920,0.000000,True
0.10,208,1.581359,0.693276,0.271454,True
0.10,209,2.843776,1.176027,0.000000,True
0.10,210,1.583569,0.816344,0.246206,True
0.10,211,2.532907,1.138655,0.000000,True
0.10,212,2.846762,0.951164,0.052570,True
0.10,213,1.962132,0.887366,0.179263,True
0.10,214,1.675992,0.737081,0.275636,True
0.10,215,2.406587,1.062076,0.000000,True
0.10,216,1.722069,1.050391,0.131914,True
0.10,217,2.216000,1.065529,0.141977,True
0.10,218,1.407581,0.711686,0.307214,True
0.10,219,1.686363,1.180008,0.000000,True
0.10,220,1.471861,0.892176,0.061243,True
0.10,221,1.175468,0.475518,0.530455,True
0.10,222,2.358843,1.122075,0.049394,True
0.10,223,0.903271,0.564633,0.465071,True
0.10,224,1.099951,0.583148,0.272258,True
0.10,225,1.956525,1.009236,0.000000,True
0.10,226,1.702778,1.151598,0.142758,True
0.10,227,1.746840,0.637347,0.319583,True
0.10,228,2.497145,1.087817,0.000000,True
0.10,229,1.532916,0.802662,0.154827,True
0.10,230,2.023998,1.115996,0.057830,True
0.10,231,1.579085,0.929696,0.072289,True
0.10,232,2.689732,1.221810,0.000000,True
0.10,233,2.156306,0.990995,0.188218,True
0.10,234,1.741747,1.041626,0.072165,True
0.10,235,1.628084,0.877118,0.144905,True
0.10,236,1.471313,0.862640,0.236856,True
0.10,237,1.501869,0.927707,0.227134,True
0.10,238,2.707190,1.099686,0.030889,True
0.10,239,1.353860,0.722702,0.452552,True
0.10,240,1.650759,0.781703,0.201722,True
0.10,241,1.626573,1.121246,0.014608,True
0.10,242,1.823192,0.974372,0.021661,True
0.10,243,1.918810,1.068073,0.000000,True
0.10,244,1.312127,0.720469,0.213178,True
0.10,245,2.267439,1.310669,0.010620,True
0.10,246,1.574056,0.805987,0.311080,True
0.10,247,2.059906,1.021641,0.104321,True
0.10,248,1.284750,0.747583,0.419911,True
0.10,249,1.241908,0.611403,0.163721,True
0.10,250,2.020868,0.924028,0.186423,True
0.10,251,1.077026,0.611402,0.241185,True
0.10,252,2.131228,1.119544,0.000000,True
0.10,253,1.476436,0.957578,0.182874,True
0.10,254,2.050994,0.889791,0.037221,True
0.10,255,1.468080,0.729134,0.358408,True
0.10,256,1.953980,1.017532,0.161720,True
0.10,257,1.830225,0.885127,0.176412,True
0.10,258,2.132572,1.028264,0.206114,True
0.10,259,2.455079,1.181479,0.000000,True
0.10,260,1.696731,0.963895,0.057715,True
0.10,261,1.902541,1.101780,0.052423,True
0.10,262,1.636883,0.754531,0.532922,True
0.10,263,1.537977,0.885211,0.128699,True
0.10,264,1.813884,0.955660,0.005553,True
0.10,265,2.634610,0.872374,0.143603,True
0.10,266,1.561181,0.853366,0.146347,True
0.10,267,1.865501,0.909059,0.062491,True
0.10,268,1.709234,0.942670,0.000091,True
0.10,269,1.973201,0.761190,0.359893,True
0.10,270,1.783970,0.931082,0.215263,True
0.10,271,1.268741,0.656727,0.431555,True
0.10,272,1.243808,0.903820,0.342400,True
0.10,273,2.041904,0.674294,0.331607,True
0.10,274,2.381092,1.087338,0.081165,True
0.10,275,1.958887,1.110116,0.077346,True
0.10,276,1.661416,0.669047,0.212417,True
0.10,277,2.771657,1.160680,0.000000,True
0.10,278,1.813621,0.922403,0.000000,True
0.10,279,3.054570,1.052605,0.114958,True
0.10,280,2.056041,0.896970,0.111506,True
0.10,281,1.143351,0.775676,0.369532,True
0.10,282,1.973661,0.854147,0.242719,True
0.10,283,1.229295,0.451510,0.384080,True
0.10,284,1.030910,0.596689,0.367771,True
0.10,285,2.167556,1.152836,0.051871,True
0.10,286,1.232951,0.708811,0.358858,True
0.10,287,2.311419,0.909945,0.143784,True
0.10,288,1.146586,0.648867,0.310054,True
0.10,289,1.887217,1.167672,0.000000,True
0.10,290,1.355329,0.812235,0.264206,True
0.10,291,2.885281,0.881346,0.140794,True
0.10,292,1.221899,0.478013,0.334102,True
0.10,293,2.428114,1.247004,0.000000,True
0.10,294,1.816206,0.781059,0.160372,True
0.10,295,2.738884,1.191394,0.000000,True
0.10,296,1.515644,0.854973,0.208859,True
0.10,297,1.568194,0.869828,0.293189,True
0.10,298,2.265756,1.229142,0.013158,True
0.10,299,1.580964,0.709283,0.374529,True
0.10,300,1.800822,1.135298,0.000000,True
0.10,301,2.133455,0.867271,0.060752,True
0.10,302,2.315119,0.864047,0.073455,True
0.10,303,1.328130,0.976978,0.178842,True
0.10,304,1.581472,0.814821,0.345141,True
0.10,305,2.345851,0.745195,0.181367,True
0.10,306,2.431163,1.000113,0.107650,True
0.10,307,2.233150,0.803740,0.072089,True
0.10,308,2.513200,1.197870,0.000000,True
0.10,309,1.757713,0.916230,0.155515,True
0.10,310,2.083683,0.943187,0.447162,True
0.10,311,2.186638,1.116892,0.000000,True
0.10,312,2.746560,1.077309,0.000000,True
0.10,313,1.523244,0.924009,0.303887,True
0.10,314,1.484866,1.040221,0.200255,True
0.10,315,1.731303,1.076536,0.020401,True
0.10,316,1.741829,0.767684,0.404138,True
0.10,317,1.855700,0.725931,0.357570,True
0.10,318,1.555874,0.932783,0.085727,True
0.10,319,2.404538,1.059276,0.000000,True
0.10,320,1.490896,0.790127,0.187758,True
0.10,321,1.661303,0.595049,0.485819,True
0.10,322,1.915497,0.856420,0.243664,True
0.10,323,1.549451,0.843947,0.183197,True
0.10,324,1.607535,0.913479,0.218194,True
0.10,325,1.426174,0.872981,0.118832,True
0.10,326,2.144356,1.085079,0.132286,True
0.10,327,0.760627,0.511333,0.482570,True
0.10,328,2.100471,0.870163,0.056914,True
0.10,329,2.030320,1.170998,0.000000,True
0.10,330,1.142297,0.738486,0.333182,True
0.10,331,2.510215,0.931971,0.154028,True
0.10,332,1.157672,0.530681,0.428797,True
0.10,333,1.100933,0.569865,0.313962,True
0.10,334,2.106979,0.805526,0.194570,True
0.10,335,0.951653,0.531555,0.417420,True
0.10,336,1.523279,0.825750,0.244472,True
0.10,337,1.325952,0.672350,0.386989,True
0.10,338,2.020857,1.127034,0.000000,True
0.10,339,3.211400,1.143413,0.000000,True
0.10,340,1.480989,0.982033,0.147429,True
0.10,341,2.279277,0.988908,0.041728,True
0.10,342,2.067402,1.199677,0.000000,True
0.10,343,1.883577,1.140418,0.000000,True
0.10,344,2.105400,1.041965,0.039547,True
0.10,345,1.566640,1.061916,0.000000,True
0.10,346,1.321216,0.705263,0.260643,True
0.10,347,1.764831,0.871879,0.134123,True
0.10,348,1.402206,0.638097,0.493633,True
0.10,349,1.731942,0.805939,0.139070,True
0.10,350,1.928349,0.888483,0.134216,True
0.10,351,1.494657,0.744011,0.133512,True
0.10,352,1.894971,0.889368,0.427117,True
0.10,353,1.750117,0.810122,0.170626,True
0.10,354,2.012977,1.284512,0.000000,True
0.10,355,1.728852,0.920967,0.065701,True
0.10,356,2.235041,1.091277,0.000000,True
0.10,357,1.274831,0.794060,0.213416,True
0.10,358,1.531245,0.799982,0.240226,True
0.10,359,2.325513,0.851406,0.059563,True
0.10,360,2.045503,0.793662,0.143316,True
0.10,361,2.006399,1.002599,0.085978,True
0.10,362,1.972413,1.148649,0.000000,True
0.10,363,1.416395,0.848232,0.119242,True
0.10,364,2.232795,0.838072,0.300453,True
0.10,365,1.893752,1.123077,0.000000,True
0.10,366,1.587063,0.722317,0.151214,True
0.10,367,1.460800,0.799558,0.187437,True
0.10,368,1.883252,0.960408,0.301275,True
0.10,369,2.043584,1.138742,0.000000,True
0.10,370,2.524612,1.178567,0.000000,True
0.10,371,2.849377,1.168097,0.000000,True
0.10,372,1.215811,0.620849,0.339910,True
0.10,373,3.715180,1.166553,0.000000,True
0.10,374,1.299480,0.719845,0.480888,True
0.10,375,1.986942,0.772810,0.142197,True
0.10,376,1.479990,0.674768,0.148575,True
0.10,377,1.756212,0.935136,0.224556,True
0.10,378,1.792093,1.114082,0.000000,True
0.10,379,1.859448,1.041468,0.170066,True
0.10,380,1.805865,1.200455,0.000000,True
0.10,381,1.495289,0.954918,0.045140,True
0.10,382,2.692497,1.277609,0.000000,True
0.10,383,1.822465,1.030325,0.136981,True
0.10,384,1.800052,0.901199,0.000000,True
0.10,385,1.865408,1.238262,0.002472,True
0.10,386,2.181472,1.139241,0.012576,True
0.10,387,1.765246,1.322932,0.000000,True
0.10,388,2.906388,1.085025,0.031656,True
0.10,389,1.538011,0.638613,0.541052,True
0.10,390,1.692324,0.815825,0.150228,True
0.10,391,2.308078,1.179486,0.000000,True
0.10,392,2.291818,0.721477,0.263848,True
0.10,393,2.095626,0.811885,0.139363,True
0.10,394,2.200333,1.127016,0.050059,True
0.10,395,1.789716,0.899737,0.015497,True
0.10,396,2.488622,1.226449,0.000000,True
0.10,397,1.392062,0.667536,0.254377,True
0.10,398,2.750999,1.081779,0.000000,True
0.10,399,2.089033,1.079768,0.000000,True
0.10,400,1.918617,1.100028,0.000000,True
0.10,401,2.920590,1.080338,0.008906,True
0.10,402,2.271574,1.046670,0.059920,True
0.10,403,2.456721,1.254315,0.038448,True
0.10,404,1.592345,0.553294,0.640124,True
0.10,405,1.797586,0.884420,0.147628,True
0.10,406,1.371838,0.718351,0.312627,True
0.10,407,2.262528,0.952513,0.095700,True
0.10,408,1.467005,0.811803,0.168962,True
0.10,409,2.527366,1.272977,0.000000,True
0.10,410,1.405793,1.012441,0.192148,True
0.10,411,2.097282,0.838347,0.183302,True
0.10,412,2.172518,1.196599,0.000000,True
0.10,413,1.507471,0.945945,0.154617,True
0.10,414,1.396791,0.956951,0.167350,True
0.10,415,1.873683,1.099552,0.015288,True
0.10,416,1.500225,0.725054,0.319436,True
0.10,417,1.611114,1.171538,0.075428,True
0.10,418,1.379545,0.834998,0.140567,True
0.10,419,1.742315,0.950503,0.000000,True
0.10,420,1.822410,1.156264,0.000000,True
0.10,421,2.498866,1.253367,0.000000,True
0.10,422,2.152594,1.060203,0.000000,True
0.10,423,1.796551,1.024758,0.000000,True
0.10,424,1.256850,0.726223,0.342113,True
0.10,425,2.205994,1.064106,0.000000,True
0.10,426,1.256644,0.805925,0.218889,True
0.10,427,1.545411,0.785434,0.225602,True
0.10,428,2.290872,1.022971,0.083861,True
0.10,429,2.696079,0.903793,0.000000,True
0.10,430,1.986862,1.034950,0.218125,True
0.10,431,2.027598,0.766720,0.216205,True
0.10,432,2.033160,1.072897,0.015945,True
0.10,433,3.142300,1.102609,0.082049,True
0.10,434,1.719881,1.020527,0.000000,True
0.10,435,1.799406,1.295502,0.000000,True
0.10,436,2.262505,0.982576,0.000000,True
0.10,437,1.336409,0.931117,0.235144,True
0.10,438,1.423399,0.800927,0.339642,True
0.10,439,1.514378,0.875720,0.204110,True
0.10,440,2.588606,1.037014,0.071495,True
0.10,441,1.837415,0.991180,0.133154,True
0.10,442,1.155596,0.827484,0.379482,True
0.10,443,2.197564,0.839472,0.091018,True
0.10,444,1.407123,0.667393,0.421304,True
0.10,445,2.598579,1.001087,0.240095,True
0.10,446,1.859473,1.133142,0.136925,True
0.10,447,2.391750,1.163017,0.000000,True
0.10,448,1.141401,0.684783,0.244567,True
0.10,449,2.049275,1.260401,0.000000,True
0.10,450,2.154468,0.876857,0.044918,True
0.10,451,1.667386,0.754082,0.305517,True
0.10,452,2.816347,1.377738,0.000000,True
0.10,453,2.234368,1.027528,0.000000,True
0.10,454,1.731295,0.989494,0.091547,True
0.10,455,2.384550,0.824137,0.098406,True
0.10,456,1.017324,0.614010,0.301342,True
0.10,457,2.507405,1.227234,0.000000,True
0.10,458,1.836791,1.045254,0.159370,True
0.10,459,1.552904,0.701552,0.374876,True
0.10,460,1.712808,0.904594,0.001560,True
0.10,461,2.220041,1.062397,0.000000,True
0.10,462,2.358422,1.140484,0.084211,True
0.10,463,2.499606,0.819198,0.000000,True
0.10,464,1.398073,0.648726,0.474955,True
0.10,465,2.734739,1.070473,0.000000,True
0.10,466,2.098397,1.080698,0.000000,True
0.10,467,2.523878,0.939366,0.084525,True
0.10,468,1.414452,0.518218,0.395647,True
0.10,469,1.209196,0.732575,0.221162,True
0.10,470,3.029882,1.196106,0.000000,True
0.10,471,2.963952,1.082803,0.000000,True
0.10,472,1.864686,0.669771,0.349326,True
0.10,473,2.809001,1.167610,0.000000,True
0.10,474,2.033501,1.159486,0.000000,True
0.10,475,1.560554,0.867865,0.275364,True
0.10,476,1.014631,0.635038,0.395981,True
0.10,477,1.946097,0.800402,0.219106,True
0.10,478,2.372438,1.006237,0.017849,True
0.10,479,1.714912,1.291522,0.000000,True
0.10,480,2.088518,1.297753,0.000000,True
0.10,481,1.944341,1.013926,0.178372,True
0.10,482,2.617016,1.178045,0.000000,True
0.10,483,1.958631,0.888106,0.093735,True
0.10,484,2.666593,1.277728,0.000000,True
0.10,485,2.953065,1.117206,0.000000,True
0.10,486,1.026956,0.831691,0.164232,True
0.10,487,2.250093,0.727829,0.160036,True
0.10,488,2.242479,1.096870,0.000000,True
0.10,489,1.916486,0.993214,0.209414,True
0.10,490,1.914492,1.089649,0.095906,True
0.10,491,2.306686,1.004086,0.022310,True
0.10,492,1.609096,1.260010,0.054954,True
0.10,493,1.286390,0.579521,0.276539,True
0.10,494,1.417061,1.128496,0.000000,True
0.10,495,1.154280,0.731501,0.375268,True
0.10,496,1.981481,1.226630,0.000000,True
0.10,497,1.265830,0.664487,0.273322,True
0.10,498,1.730171,0.848980,0.264397,True
0.10,499,1.664578,0.883061,0.089455,True
0.12,0,2.204601,0.957985,0.063658,True
0.12,1,2.243002,1.080174,0.217446,True
0.12,2,0.748101,0.514990,0.524823,True
0.12,3,2.467768,0.760888,0.215036,True
0.12,4,1.639122,0.676483,0.290243,True
0.12,5,1.543170,0.717967,0.292326,True
0.12,6,1.908040,0.905796,0.155766,True
0.12,7,2.001032,0.692005,0.233562,True
0.12,8,1.998731,1.163288,0.000000,True
0.12,9,1.094347,0.755381,0.249172,True
0.12,10,1.289187,0.901602,0.288360,True
0.12,11,1.275198,0.879016,0.294862,True
0.12,12,1.927077,1.121775,0.115834,True
0.12,13,1.476421,0.770726,0.124299,True
0.12,14,2.188921,1.114627,0.000000,True
0.12,15,1.186035,0.743146,0.214783,True
0.12,16,2.258113,0.989036,0.049269,True
0.12,17,2.423631,1.382054,0.000000,True
0.12,18,0.968686,0.493959,0.444205,True
0.12,19,1.876092,0.790315,0.171121,True
0.12,20,1.778589,0.785529,0.224524,True
0.12,21,2.786262,0.987070,0.131412,True
0.12,22,1.580210,0.879819,0.222594,True
0.12,23,2.263125,1.032715,0.133696,True
0.12,24,2.262268,0.894126,0.085840,True
0.12,25,2.459236,1.125316,0.117810,True
0.12,26,2.152146,1.292914,0.047007,True
0.12,27,1.303262,0.734775,0.232103,True
0.12,28,1.788488,0.993362,0.000000,True
0.12,29,1.690538,1.026177,0.056110,True
0.12,30,1.688110,1.026210,0.000000,True
0.12,31,1.584303,0.925069,0.103084,True
0.12,32,2.075578,0.998206,0.049207,True
0.12,33,2.504037,1.003259,0.000000,True
0.12,34,1.447853,0.614877,0.407110,True
0.12,35,1.650701,1.132316,0.105663,True
0.12,36,2.379316,1.044598,0.000000,True
0.12,37,1.743458,1.139956,0.000000,True
0.12,38,2.330576,1.268452,0.000000,True
0.12,39,1.250622,0.922956,0.119734,True
0.12,40,1.297686,0.947868,0.283456,True
0.12,41,1.312503,0.752769,0.282908,True
0.12,42,2.286968,1.237296,0.035810,True
0.12,43,2.337986,0.869899,0.153648,True
0.12,44,2.352121,1.116261,0.002075,True
0.12,45,1.105236,0.676078,0.369915,True
0.12,46,2.030525,1.257153,0.000000,True
0.12,47,1.295813,0.777291,0.367570,True
0.12,48,1.299149,0.729949,0.194282,True
0.12,49,2.065840,1.033257,0.033173,True
0.12,50,2.166991,1.026132,0.130957,True
0.12,51,1.138344,0.666642,0.322556,True
0.12,52,2.161375,1.012443,0.076395,True
0.12,53,1.748499,0.989068,0.157456,True
0.12,54,2.086585,0.917324,0.266544,True
0.12,55,2.716338,1.298393,0.000000,True
0.12,56,1.572294,0.878964,0.145459,True
0.12,57,2.032520,1.017039,0.041107,True
0.12,58,1.204309,0.550721,0.260138,True
0.12,59,1.871735,1.006563,0.075940,True
0.12,60,1.767652,0.774670,0.274355,True
0.12,61,2.061335,0.995633,0.000000,True
0.12,62,1.943309,1.058639,0.000000,True
0.12,63,1.695033,0.628214,0.463970,True
0.12,64,1.906767,0.829438,0.122207,True
0.12,65,1.986430,0.838683,0.154971,True
0.12,66,2.144028,0.872961,0.038500,True
0.12,67,1.281136,0.792733,0.309539,True
0.12,68,1.542292,1.036321,0.230002,True
0.12,69,2.195535,1.170669,0.001627,True
0.12,70,1.156060,0.708191,0.499205,True
0.12,71,2.456166,1.126322,0.024880,True
0.12,72,1.573006,0.731096,0.185554,True
0.12,73,1.160276,0.604897,0.367163,True
0.12,74,2.001174,0.998602,0.000000,True
0.12,75,1.402965,0.727659,0.322345,True
0.12,76,2.088910,1.077034,0.096798,True
0.12,77,2.423021,1.034439,0.072796,True
0.12,78,2.372014,0.999669,0.000000,True
0.12,79,1.876540,1.043724,0.024083,True
0.12,80,2.005792,0.954221,0.183483,True
0.12,81,1.251039,0.579500,0.268934,True
0.12,82,1.720643,0.892828,0.030858,True
0.12,83,1.627128,0.988627,0.101027,True
0.12,84,1.636871,0.639077,0.397221,True
0.12,85,1.261896,0.763040,0.208375,True
0.12,86,1.762219,0.959445,0.210355,True
0.12,87,1.648652,0.712017,0.251640,True
0.12,88,1.990425,1.069975,0.147694,True
0.12,89,3.282468,1.110919,0.000000,True
0.12,90,1.268100,0.712434,0.261066,True
0.12,91,1.306716,0.554202,0.448095,True
0.12,92,1.730640,0.912173,0.291435,True
0.12,93,1.811086,0.808588,0.133173,True
0.12,94,2.387957,1.143566,0.005487,True
0.12,95,2.020744,0.795503,0.161946,True
0.12,96,2.147693,1.219382,0.000000,True
0.12,97,1.809869,0.931060,0.222351,True
0.12,98,1.570496,0.783241,0.209246,True
0.12,99,1.882321,0.602697,0.303150,True
0.12,100,1.527943,0.784889,0.186704,True
0.12,101,2.023720,1.057180,0.022972,True
0.12,102,1.435614,0.883388,0.061882,True
0.12,103,1.936586,0.924437,0.125731,True
0.12,104,1.706884,0.828566,0.126055,True
0.12,105,1.893308,0.800964,0.112702,True
0.12,106,1.616056,0.913395,0.084751,True
0.12,107,1.636700,0.818544,0.339086,True
0.12,108,2.096512,0.763071,0.304963,True
0.12,109,2.170028,1.104406,0.051917,True
0.12,110,1.987105,0.954275,0.048726,True
0.12,111,2.070784,1.098707,0.003879,True
0.12,112,1.681945,0.900683,0.128733,True
0.12,113,1.599395,0.638166,0.365790,True
0.12,114,1.561595,1.113848,0.101109,True
0.12,115,1.505541,0.822752,0.224566,True
0.12,116,1.390042,0.678901,0.250297,True
0.12,117,2.044498,1.254074,0.000000,True
0.12,118,3.202767,0.859395,0.000000,True
0.12,119,1.252639,0.502392,0.182525,True
0.12,120,1.732735,0.969465,0.177316,True
0.12,121,1.590422,1.177853,0.077950,True
0.12,122,1.778302,0.694525,0.249119,True
0.12,123,2.644008,1.251066,0.000000,True
0.12,124,1.775987,0.794938,0.285897,True
0.12,125,2.124019,1.158984,0.000000,True
0.12,126,2.545389,1.115737,0.000000,True
0.12,127,1.376613,0.669904,0.299351,True
0.12,128,2.720275,1.390575,0.000000,True
0.12,129,1.623692,0.712455,0.223243,True
0.12,130,2.370603,1.106035,0.000000,True
0.12,131,1.399981,0.510724,0.534234,True
0.12,132,1.947694,1.185240,0.026073,True
0.12,133,1.582475,0.770164,0.122965,True
0.12,134,1.419446,1.008311,0.256945,True
0.12,135,2.289114,1.182971,0.058817,True
0.12,136,1.491624,1.026816,0.064321,True
0.12,137,1.781379,0.838319,0.170605,True
0.12,138,1.655794,0.828808,0.280503,True
0.12,139,1.784468,1.038734,0.000000,True
0.12,140,1.572239,0.882997,0.285098,True
0.12,141,2.097460,0.904722,0.068444,True
0.12,142,1.653797,0.972144,0.242592,True
0.12,143,3.103692,1.241749,0.000000,True
0.12,144,1.776617,1.131922,0.203455,True
0.12,145,2.316452,0.942923,0.271513,True
0.12,146,1.814468,0.777679,0.051726,True
0.12,147,1.210654,0.816079,0.198369,True
0.12,148,1.910714,1.004077,0.084564,True
0.12,149,1.582594,1.047176,0.000000,True
0.12,150,1.485203,0.984946,0.167847,True
0.12,151,1.939484,0.959749,0.150494,True
0.12,152,1.423623,0.796667,0.290653,True
0.12,153,1.867851,0.828381,0.201280,True
0.12,154,2.587907,1.219188,0.000000,True
0.12,155,1.628274,0.752319,0.275801,True
0.12,156,2.008898,1.125373,0.000000,True
0.12,157,2.160898,1.121608,0.000000,True
0.12,158,2.207109,0.949369,0.000000,True
0.12,159,1.679033,1.099044,0.007078,True
0.12,160,2.317377,1.214740,0.097257,True
0.12,161,1.500810,0.700283,0.354022,True
0.12,162,2.001165,1.063121,0.013882,True
0.12,163,1.597999,0.967065,0.163076,True
0.12,164,1.317509,0.429318,0.493434,True
0.12,165,1.638538,0.823747,0.187229,True
0.12,166,2.119558,1.232171,0.000000,True
0.12,167,2.131045,1.042761,0.076479,True
0.12,168,1.668765,0.983635,0.182929,True
0.12,169,1.447844,0.896740,0.256011,True
0.12,170,1.592425,0.660357,0.428600,True
0.12,171,2.126674,0.941242,0.165432,True
0.12,172,1.300642,0.645429,0.504758,True
0.12,173,1.371557,0.754508,0.186898,True
0.12,174,1.808511,0.934838,0.254764,True
0.12,175,1.922126,1.134591,0.066097,True
0.12,176,1.968775,0.852037,0.158999,True
0.12,177,2.368909,0.835041,0.103833,True
0.12,178,1.384725,0.795690,0.278511,True
0.12,179,1.268912,0.804154,0.152970,True
0.12,180,2.871663,1.171402,0.000000,True
0.12,181,1.214725,0.683440,0.253227,True
0.12,182,1.512439,0.789637,0.182746,True
0.12,183,2.043807,1.123357,0.031375,True
0.12,184,2.049530,0.739594,0.308500,True
0.12,185,1.654538,0.915124,0.077830,True
0.12,186,1.700623,0.698016,0.221116,True
0.12,187,1.243744,0.598205,0.347382,True
0.12,188,1.351099,0.706151,0.317220,True
0.12,189,2.357722,1.255378,0.000000,True
0.12,190,1.837327,1.114864,0.000000,True
0.12,191,1.638277,0.914777,0.126960,True
0.12,192,1.690585,0.816051,0.304931,True
0.12,193,2.047065,0.897237,0.169263,True
0.12,194,2.220227,1.032533,0.000000,True
0.12,195,1.551418,0.922074,0.158716,True
0.12,196,1.534181,0.529916,0.401550,True
0.12,197,1.958426,0.839557,0.036081,True
0.12,198,1.764704,0.863752,0.275064,True
0.12,199,2.160109,0.879777,0.106968,True
0.12,200,1.592773,1.072597,0.090453,True
0.12,201,2.036615,0.814220,0.328960,True
0.12,202,2.073921,0.548877,0.453338,True
0.12,203,1.136720,0.739216,0.348124,True
0.12,204,2.183868,0.995571,0.122024,True
0.12,205,1.300293,0.757641,0.300465,True
0.12,206,2.033519,1.142625,0.000000,True
0.12,207,1.904689,1.234920,0.000000,True
0.12,208,1.574954,0.691479,0.272893,True
0.12,209,2.843776,1.176027,0.000000,True
0.12,210,1.573950,0.813717,0.248470,True
0.12,211,2.532907,1.138655,0.000000,True
0.12,212,2.740132,0.927143,0.075847,True
0.12,213,1.946771,0.881486,0.184126,True
0.12,214,1.651217,0.731391,0.280669,True
0.12,215,2.406587,1.062076,0.000000,True
0.12,216,1.708690,1.045683,0.136030,True
0.12,217,2.187028,1.056344,0.150455,True
0.12,218,1.403684,0.710776,0.307987,True
0.12,219,1.686363,1.180008,0.000000,True
0.12,220,1.463106,0.889376,0.063533,True
0.12,221,1.170019,0.474959,0.531027,True
0.12,222,2.308084,1.104412,0.065433,True
0.12,223,0.902991,0.564582,0.465104,True
0.12,224,1.095376,0.582395,0.272856,True
0.12,225,1.931387,1.002150,0.006657,True
0.12,226,1.690488,1.147003,0.146815,True
0.12,227,1.736537,0.634388,0.321947,True
0.12,228,2.497145,1.087817,0.000000,True
0.12,229,1.524049,0.800396,0.156810,True
0.12,230,2.001643,1.107744,0.065170,True
0.12,231,1.568596,0.926295,0.075156,True
0.12,232,2.689732,1.221810,0.000000,True
0.12,233,2.113608,0.978370,0.199799,True
0.12,234,1.723923,1.035309,0.077619,True
0.12,235,1.617796,0.873756,0.147718,True
0.12,236,1.445221,0.857026,0.242320,True
0.12,237,1.489649,0.924374,0.230133,True
0.12,238,2.641028,1.080558,0.049030,True
0.12,239,1.348789,0.721467,0.453568,True
0.12,240,1.640456,0.778856,0.204142,True
0.12,241,1.594330,1.111188,0.023941,True
0.12,242,1.808975,0.969935,0.025635,True
0.12,243,1.918810,1.068073,0.000000,True
0.12,244,1.303682,0.718769,0.214694,True
0.12,245,2.204017,1.287614,0.032223,True
0.12,246,1.553478,0.801032,0.315511,True
0.12,247,1.986773,1.001275,0.123479,True
0.12,248,1.281988,0.746859,0.420486,True
0.12,249,1.238006,0.610704,0.164321,True
0.12,250,2.000684,0.917550,0.192137,True
0.12,251,1.075406,0.611101,0.241420,True
0.12,252,2.131228,1.119544,0.000000,True
0.12,253,1.468948,0.955184,0.184905,True
0.12,254,2.005527,0.876828,0.048767,True
0.12,255,1.459409,0.727049,0.360172,True
0.12,256,1.931560,1.009151,0.168900,True
0.12,257,1.811535,0.880345,0.180860,True
0.12,258,2.104338,1.019463,0.214185,True
0.12,259,2.455079,1.181479,0.000000,True
0.12,260,1.689020,0.961572,0.059803,True
0.12,261,1.883362,1.094963,0.058518,True
0.12,262,1.627572,0.752445,0.534828,True
0.12,263,1.524854,0.881372,0.131973,True
0.12,264,1.789546,0.948963,0.011771,True
0.12,265,2.578795,0.859987,0.155477,True
0.12,266,1.538706,0.846862,0.151778,True
0.12,267,1.806646,0.892746,0.077089,True
0.12,268,1.697732,0.939398,0.003067,True
0.12,269,1.882852,0.741427,0.377986,True
0.12,270,1.762900,0.924405,0.221047,True
0.12,271,1.258222,0.654460,0.433334,True
0.12,272,1.237574,0.902199,0.343786,True
0.12,273,2.014373,0.668473,0.336871,True
0.12,274,2.332007,1.071935,0.095473,True
0.12,275,1.943258,1.104579,0.082341,True
0.12,276,1.637164,0.664124,0.216824,True
0.12,277,2.697767,1.138718,0.020932,True
0.12,278,1.813621,0.922403,0.000000,True
0.12,279,2.955182,1.025720,0.140404,True
0.12,280,2.033587,0.891089,0.116969,True
0.12,281,1.140840,0.775116,0.369999,True
0.12,282,1.927426,0.842713,0.253269,True
0.12,283,1.226648,0.451062,0.384416,True
0.12,284,1.028247,0.596185,0.368120,True
0.12,285,2.139452,1.142049,0.061498,True
0.12,286,1.229086,0.707925,0.359568,True
0.12,287,2.241153,0.891622,0.160745,True
0.12,288,1.143877,0.648224,0.310521,True
0.12,289,1.887217,1.167672,0.000000,True
0.12,290,1.348079,0.810468,0.265738,True
0.12,291,2.819438,0.862637,0.157750,True
0.12,292,1.219855,0.477448,0.334449,True
0.12,293,2.428114,1.247004,0.000000,True
0.12,294,1.800493,0.777254,0.163810,True
0.12,295,2.738884,1.191394,0.000000,True
0.12,296,1.509667,0.853049,0.210420,True
0.12,297,1.560483,0.866696,0.295573,True
0.12,298,2.179070,1.202067,0.039237,True
0.12,299,1.560036,0.704730,0.378552,True
0.12,300,1.800822,1.135298,0.000000,True
0.12,301,2.106891,0.858995,0.067964,True
0.12,302,2.279641,0.853726,0.082649,True
0.12,303,1.304683,0.970725,0.184379,True
0.12,304,1.571513,0.812149,0.347457,True
0.12,305,2.312248,0.737217,0.188595,True
0.12,306,2.387014,0.986852,0.119840,True
0.12,307,2.192421,0.794154,0.080963,True
0.12,308,2.513200,1.197870,0.000000,True
0.12,309,1.732569,0.909466,0.161711,True
0.12,310,2.052851,0.934595,0.455091,True
0.12,311,2.186638,1.116892,0.000000,True
0.12,312,2.746560,1.077309,0.000000,True
0.12,313,1.507835,0.918886,0.308053,True
0.12,314,1.470608,1.036060,0.204086,True
0.12,315,1.721845,1.072932,0.023492,True
0.12,316,1.729099,0.763887,0.407280,True
0.12,317,1.841425,0.721962,0.360910,True
0.12,318,1.534819,0.926477,0.091135,True
0.12,319,2.404538,1.059276,0.000000,True
0.12,320,1.451513,0.781550,0.195563,True
0.12,321,1.649444,0.592693,0.487869,True
0.12,322,1.884965,0.848907,0.250648,True
0.12,323,1.542106,0.841801,0.185014,True
0.12,324,1.597737,0.910348,0.220843,True
0.12,325,1.421726,0.871509,0.120018,True
0.12,326,2.109403,1.074193,0.142431,True
0.12,327,0.760309,0.511323,0.482589,True
0.12,328,2.077624,0.861386,0.064154,True
0.12,329,2.018057,1.166039,0.004369,True
0.12,330,1.140593,0.738144,0.333479,True
0.12,331,2.462883,0.919606,0.165612,True
0.12,332,1.155951,0.530358,0.429038,True
0.12,333,1.099360,0.569605,0.314173,True
0.12,334,2.069239,0.796445,0.202920,True
0.12,335,0.948533,0.531311,0.417704,True
0.12,336,1.509845,0.821814,0.247696,True
0.12,337,1.320146,0.671080,0.388035,True
0.12,338,2.020857,1.127034,0.000000,True
0.12,339,3.211400,1.143413,0.000000,True
0.12,340,1.468806,0.978586,0.150558,True
0.12,341,2.248990,0.978605,0.050884,True
0.12,342,2.067402,1.199677,0.000000,True
0.12,343,1.883577,1.140418,0.000000,True
0.12,344,2.071422,1.032007,0.048899,True
0.12,345,1.566640,1.061916,0.000000,True
0.12,346,1.317772,0.704541,0.261274,True
0.12,347,1.751114,0.867819,0.137665,True
0.12,348,1.395421,0.636623,0.494845,True
0.12,349,1.720775,0.802910,0.141713,True
0.12,350,1.892995,0.879249,0.142707,True
0.12,351,1.476684,0.739825,0.137117,True
0.12,352,1.881356,0.885013,0.430879,True
0.12,353,1.734916,0.806560,0.173932,True
0.12,354,2.012977,1.284512,0.000000,True
0.12,355,1.712932,0.916581,0.069698,True
0.12,356,2.235041,1.091277,0.000000,True
0.12,357,1.271655,0.793240,0.214092,True
0.12,358,1.522292,0.797612,0.242261,True
0.12,359,2.279535,0.839837,0.070227,True
0.12,360,1.998839,0.783734,0.152789,True
0.12,361,1.986151,0.996323,0.091693,True
0.12,362,1.972413,1.148649,0.000000,True
0.12,363,1.411609,0.846894,0.120373,True
0.12,364,2.203616,0.830097,0.307634,True
0.12,365,1.893752,1.123077,0.000000,True
0.12,366,1.572385,0.719196,0.154048,True
0.12,367,1.450159,0.796964,0.189713,True
0.12,368,1.850581,0.951210,0.309732,True
0.12,369,2.043584,1.138742,0.000000,True
0.12,370,2.524612,1.178567,0.000000,True
0.12,371,2.849377,1.168097,0.000000,True
0.12,372,1.213487,0.620355,0.340298,True
0.12,373,3.583671,1.133449,0.031986,True
0.12,374,1.296247,0.718974,0.481565,True
0.12,375,1.970946,0.769017,0.145661,True
0.12,376,1.473342,0.672824,0.150050,True
0.12,377,1.741284,0.930082,0.228835,True
0.12,378,1.755596,1.101084,0.011419,True
0.12,379,1.834666,1.032894,0.177599,True
0.12,380,1.805865,1.200455,0.000000,True
0.12,381,1.486107,0.952322,0.047474,True
0.12,382,2.692497,1.277609,0.000000,True
0.12,383,1.806026,1.024801,0.141874,True
0.12,384,1.800052,0.901199,0.000000,True
0.12,385,1.830404,1.226625,0.013592,True
0.12,386,2.103810,1.115004,0.035314,True
0.12,387,1.765246,1.322932,0.000000,True
0.12,388,2.801977,1.057974,0.057775,True
0.12,389,1.530846,0.636941,0.542431,True
0.12,390,1.677382,0.812061,0.153601,True
0.12,391,2.308078,1.179486,0.000000,True
0.12,392,2.255045,0.713730,0.271027,True
0.12,393,2.070410,0.805034,0.145455,True
0.12,394,2.174734,1.115702,0.059752,True
0.12,395,1.744836,0.886464,0.026969,True
0.12,396,2.488622,1.226449,0.000000,True
0.12,397,1.388628,0.666636,0.255081,True
0.12,398,2.750999,1.081779,0.000000,True
0.12,399,2.089033,1.079768,0.000000,True
0.12,400,1.918617,1.100028,0.000000,True
0.12,401,2.835358,1.057627,0.030680,True
0.12,402,2.238483,1.035697,0.069905,True
0.12,403,2.405005,1.232962,0.057594,True
0.12,404,1.574780,0.550557,0.642658,True
0.12,405,1.779156,0.879588,0.152063,True
0.12,406,1.367414,0.716772,0.313731,True
0.12,407,2.207572,0.936840,0.110061,True
0.12,408,1.440691,0.805545,0.174483,True
0.12,409,2.524493,1.271799,0.001067,True
0.12,410,1.394617,1.009230,0.195050,True
0.12,411,2.061684,0.829707,0.191338,True
0.12,412,2.172518,1.196599,0.000000,True
0.12,413,1.463489,0.933120,0.165558,True
0.12,414,1.389365,0.954894,0.169196,True
0.12,415,1.845366,1.089870,0.023990,True
0.12,416,1.494205,0.723205,0.320867,True
0.12,417,1.603759,1.168629,0.077941,True
0.12,418,1.375597,0.833687,0.141585,True
0.12,419,1.741778,0.950339,0.000145,True
0.12,420,1.822410,1.156264,0.000000,True
0.12,421,2.498866,1.253367,0.000000,True
0.12,422,2.152594,1.060203,0.000000,True
0.12,423,1.796551,1.024758,0.000000,True
0.12,424,1.254306,0.725472,0.342663,True
0.12,425,2.205994,1.064106,0.000000,True
0.12,426,1.253834,0.805183,0.219497,True
0.12,427,1.539671,0.783759,0.226985,True
0.12,428,2.233551,1.007411,0.098680,True
0.12,429,2.696079,0.903793,0.000000,True
0.12,430,1.943956,1.022036,0.230040,True
0.12,431,2.001172,0.760030,0.222148,True
0.12,432,2.010517,1.063896,0.023675,True
0.12,433,3.014054,1.069568,0.113902,True
0.12,434,1.719881,1.020527,0.000000,True
0.12,435,1.799406,1.295502,0.000000,True
0.12,436,2.262505,0.982576,0.000000,True
0.12,437,1.331484,0.929603,0.236394,True
0.12,438,1.413869,0.798241,0.341818,True
0.12,439,1.496434,0.870832,0.208356,True
0.12,440,2.537606,1.022153,0.085400,True
0.12,441,1.821416,0.986322,0.137581,True
0.12,442,1.154041,0.827090,0.379804,True
0.12,443,2.167824,0.831192,0.098416,True
0.12,444,1.403445,0.666488,0.422034,True
0.12,445,2.515944,0.978753,0.261098,True
0.12,446,1.837366,1.125383,0.143937,True
0.12,447,2.391750,1.163017,0.000000,True
0.12,448,1.139524,0.684389,0.244885,True
0.12,449,2.049275,1.260401,0.000000,True
0.12,450,2.092249,0.861933,0.058981,True
0.12,451,1.652647,0.750370,0.308726,True
0.12,452,2.717594,1.345113,0.031499,True
0.12,453,2.234368,1.027528,0.000000,True
0.12,454,1.719817,0.986007,0.094702,True
0.12,455,2.346526,0.814318,0.107342,True
0.12,456,1.009218,0.612094,0.302417,True
0.12,457,2.507405,1.227234,0.000000,True
0.12,458,1.823507,1.040872,0.163313,True
0.12,459,1.523237,0.693959,0.380935,True
0.12,460,1.698440,0.899952,0.005501,True
0.12,461,2.220041,1.062397,0.000000,True
0.12,462,2.307147,1.123547,0.099925,True
0.12,463,2.499606,0.819198,0.000000,True
0.12,464,1.390800,0.647331,0.476194,True
0.12,465,2.734739,1.070473,0.000000,True
0.12,466,2.098397,1.080698,0.000000,True
0.12,467,2.471362,0.925131,0.097744,True
0.12,468,1.408873,0.517227,0.396472,True
0.12,469,1.203581,0.731447,0.222146,True
0.12,470,3.029882,1.196106,0.000000,True
0.12,471,2.963952,1.082803,0.000000,True
0.12,472,1.846123,0.665398,0.353109,True
0.12,473,2.809001,1.167610,0.000000,True
0.12,474,2.033501,1.159486,0.000000,True
0.12,475,1.546673,0.864104,0.278667,True
0.12,476,1.012485,0.634705,0.396261,True
0.12,477,1.929984,0.795441,0.223315,True
0.12,478,2.272266,0.978518,0.043725,True
0.12,479,1.714912,1.291522,0.000000,True
0.12,480,2.088518,1.297753,0.000000,True
0.12,481,1.918118,1.006213,0.185532,True
0.12,482,2.617016,1.178045,0.000000,True
0.12,483,1.938317,0.882044,0.099090,True
0.12,484,2.624403,1.264336,0.012852,True
0.12,485,2.953065,1.117206,0.000000,True
0.12,486,1.023298,0.831050,0.164838,True
0.12,487,2.218644,0.721166,0.166231,True
0.12,488,2.242479,1.096870,0.000000,True
0.12,489,1.897020,0.987112,0.214922,True
0.12,490,1.883164,1.079096,0.105431,True
0.12,491,2.276835,0.995412,0.030383,True
0.12,492,1.597149,1.255523,0.059031,True
0.12,493,1.282331,0.578640,0.277206,True
0.12,494,1.417061,1.128496,0.000000,True
0.12,495,1.152195,0.730939,0.375678,True
0.12,496,1.981481,1.226630,0.000000,True
0.12,497,1.260123,0.663208,0.274330,True
0.12,498,1.714542,0.844476,0.268294,True
0.12,499,1.623845,0.872477,0.098980,True
0.14,0,2.174836,0.948277,0.072253,True
0.14,1,2.190462,1.065064,0.231831,True
0.14,2,0.747624,0.514984,0.524851,True
0.14,3,2.423663,0.751403,0.223898,True
0.14,4,1.626591,0.673716,0.292658,True
0.14,5,1.529719,0.714751,0.295055,True
0.14,6,1.894327,0.901467,0.159548,True
0.14,7,1.955870,0.682945,0.241916,True
0.14,8,1.998731,1.163288,0.000000,True
0.14,9,1.085073,0.754144,0.250554,True
0.14,10,1.285160,0.900492,0.289302,True
0.14,11,1.273008,0.878360,0.295393,True
0.14,12,1.902383,1.113760,0.123278,True
0.14,13,1.470205,0.769226,0.125618,True
0.14,14,2.188921,1.114627,0.000000,True
0.14,15,1.179529,0.741582,0.215974,True
0.14,16,2.223592,0.978710,0.058745,True
0.14,17,2.423631,1.382054,0.000000,True
0.14,18,0.967811,0.493838,0.444295,True
0.14,19,1.844728,0.782734,0.177968,True
0.14,20,1.758105,0.780931,0.228811,True
0.14,21,2.743309,0.967065,0.148447,True
0.14,22,1.574109,0.877971,0.224174,True
0.14,23,2.233771,1.021882,0.143200,True
0.14,24,2.235013,0.885916,0.093167,True
0.14,25,2.414438,1.110696,0.131374,True
0.14,26,2.129321,1.281199,0.056977,True
0.14,27,1.297646,0.733514,0.233170,True
0.14,28,1.788488,0.993362,0.000000,True
0.14,29,1.676253,1.021587,0.060202,True
0.14,30,1.688110,1.026210,0.000000,True
0.14,31,1.574628,0.921803,0.105783,True
0.14,32,2.051934,0.989786,0.056544,True
0.14,33,2.504037,1.003259,0.000000,True
0.14,34,1.430858,0.611429,0.409959,True
0.14,35,1.640912,1.128599,0.108895,True
0.14,36,2.379316,1.044598,0.000000,True
0.14,37,1.743458,1.139956,0.000000,True
0.14,38,2.330576,1.268452,0.000000,True
0.14,39,1.245300,0.921498,0.120971,True
0.14,40,1.288584,0.945283,0.285637,True
0.14,41,1.289445,0.747878,0.287115,True
0.14,42,2.254031,1.223944,0.047823,True
0.14,43,2.306359,0.860103,0.162267,True
0.14,44,2.320708,1.102525,0.013910,True
0.14,45,1.103903,0.675759,0.370146,True
0.14,46,2.030525,1.257153,0.000000,True
0.14,47,1.280445,0.773936,0.370478,True
0.14,48,1.292568,0.728510,0.195514,True
0.14,49,2.038280,1.023082,0.042018,True
0.14,50,2.090499,1.003060,0.152016,True
0.14,51,1.136432,0.666295,0.322858,True
0.14,52,2.137878,1.002807,0.084551,True
0.14,53,1.721277,0.981310,0.164606,True
0.14,54,2.058131,0.908817,0.274144,True
0.14,55,2.684004,1.287013,0.010716,True
0.14,56,1.556488,0.874752,0.149211,True
0.14,57,2.008821,1.009879,0.047706,True
0.14,58,1.201884,0.550293,0.260484,True
0.14,59,1.842235,0.996848,0.084491,True
0.14,60,1.741748,0.768812,0.279748,True
0.14,61,2.061335,0.995633,0.000000,True
0.14,62,1.919378,1.051913,0.006438,True
0.14,63,1.654871,0.620201,0.470931,True
0.14,64,1.882840,0.823201,0.127813,True
0.14,65,1.969756,0.832064,0.160294,True
0.14,66,2.101990,0.862988,0.047957,True
0.14,67,1.272889,0.791153,0.311079,True
0.14,68,1.531305,1.033060,0.233003,True
0.14,69,2.166665,1.160196,0.011167,True
0.14,70,1.153155,0.707600,0.499699,True
0.14,71,2.404512,1.110857,0.039576,True
0.14,72,1.563312,0.728891,0.187510,True
0.14,73,1.157367,0.604160,0.367657,True
0.14,74,2.001174,0.998602,0.000000,True
0.14,75,1.382000,0.721282,0.326888,True
0.14,76,2.068986,1.068630,0.103963,True
0.14,77,2.383018,1.022385,0.083977,True
0.14,78,2.372014,0.999669,0.000000,True
0.14,79,1.860559,1.038655,0.028715,True
0.14,80,1.972280,0.944925,0.192086,True
0.14,81,1.247873,0.578806,0.269456,True
0.14,82,1.701247,0.887879,0.035451,True
0.14,83,1.614187,0.984666,0.104563,True
0.14,84,1.625504,0.636231,0.399551,True
0.14,85,1.255840,0.761817,0.209496,True
0.14,86,1.717622,0.946015,0.222154,True
0.14,87,1.638071,0.709314,0.253924,True
0.14,88,1.973820,1.062486,0.153917,True
0.14,89,3.262171,1.105144,0.005455,True
0.14,90,1.265507,0.711633,0.261634,True
0.14,91,1.303533,0.553638,0.448570,True
0.14,92,1.689822,0.901363,0.301274,True
0.14,93,1.799541,0.805351,0.136001,True
0.14,94,2.355563,1.133140,0.015263,True
0.14,95,1.998934,0.789210,0.167400,True
0.14,96,2.147693,1.219382,0.000000,True
0.14,97,1.780263,0.923512,0.229494,True
0.14,98,1.545861,0.777396,0.214409,True
0.14,99,1.868528,0.599998,0.305560,True
0.14,100,1.520897,0.782991,0.188312,True
0.14,101,1.992632,1.046897,0.032257,True
0.14,102,1.431394,0.882070,0.062971,True
0.14,103,1.922239,0.918972,0.130280,True
0.14,104,1.697784,0.826204,0.128174,True
0.14,105,1.880456,0.796213,0.116542,True
0.14,106,1.607545,0.910271,0.087264,True
0.14,107,1.622186,0.814436,0.342575,True
0.14,108,2.054612,0.753812,0.313535,True
0.14,109,2.097582,1.081166,0.073246,True
0.14,110,1.958105,0.946188,0.056207,True
0.14,111,2.048260,1.090802,0.011010,True
0.14,112,1.667869,0.896325,0.132474,True
0.14,113,1.576118,0.633431,0.369890,True
0.14,114,1.540340,1.106356,0.107581,True
0.14,115,1.485828,0.817738,0.228917,True
0.14,116,1.383769,0.677377,0.251518,True
0.14,117,2.044498,1.254074,0.000000,True
0.14,118,3.202767,0.859395,0.000000,True
0.14,119,1.250152,0.501842,0.182912,True
0.14,120,1.715251,0.964340,0.181961,True
0.14,121,1.580709,1.173790,0.081357,True
0.14,122,1.758863,0.690541,0.252778,True
0.14,123,2.644008,1.251066,0.000000,True
0.14,124,1.763809,0.791680,0.288753,True
0.14,125,2.124019,1.158984,0.000000,True
0.14,126,2.545389,1.115737,0.000000,True
0.14,127,1.372826,0.668859,0.300147,True
0.14,128,2.720275,1.390575,0.000000,True
0.14,129,1.612800,0.709815,0.225515,True
0.14,130,2.370603,1.106035,0.000000,True
0.14,131,1.393227,0.509436,0.535251,True
0.14,132,1.931289,1.178765,0.031816,True
0.14,133,1.573720,0.768073,0.124830,True
0.14,134,1.408916,1.005284,0.259675,True
0.14,135,2.202060,1.154519,0.085353,True
0.14,136,1.484313,1.024375,0.066426,True
0.14,137,1.771624,0.835802,0.172890,True
0.14,138,1.649166,0.827061,0.282059,True
0.14,139,1.784468,1.038734,0.000000,True
0.14,140,1.565900,0.880634,0.286960,True
0.14,141,2.063585,0.896015,0.076585,True
0.14,142,1.616471,0.959737,0.252949,True
0.14,143,3.103692,1.241749,0.000000,True
0.14,144,1.764868,1.127750,0.207211,True
0.14,145,2.272273,0.931167,0.282502,True
0.14,146,1.803157,0.774786,0.054290,True
0.14,147,1.206261,0.815096,0.199230,True
0.14,148,1.884725,0.996493,0.091582,True
0.14,149,1.582594,1.047176,0.000000,True
0.14,150,1.479348,0.983018,0.169489,True
0.14,151,1.918818,0.953433,0.156164,True
0.14,152,1.418734,0.795017,0.291905,True
0.14,153,1.855207,0.823564,0.205155,True
0.14,154,2.587907,1.219188,0.000000,True
0.14,155,1.599974,0.745749,0.281584,True
0.14,156,2.008898,1.125373,0.000000,True
0.14,157,2.160898,1.121608,0.000000,True
0.14,158,2.207109,0.949369,0.000000,True
0.14,159,1.669396,1.095530,0.010149,True
0.14,160,2.278260,1.201237,0.109881,True
0.14,161,1.489803,0.697344,0.356364,True
0.14,162,1.976946,1.054371,0.021573,True
0.14,163,1.582933,0.962155,0.167276,True
0.14,164,1.310879,0.428443,0.494173,True
0.14,165,1.629282,0.820557,0.189776,True
0.14,166,2.119558,1.232171,0.000000,True
0.14,167,2.109279,1.034770,0.083518,True
0.14,168,1.660807,0.980657,0.185420,True
0.14,169,1.440360,0.894780,0.257782,True
0.14,170,1.579851,0.657722,0.430931,True
0.14,171,2.102750,0.934273,0.171787,True
0.14,172,1.276740,0.640510,0.508637,True
0.14,173,1.367680,0.753396,0.187771,True
0.14,174,1.796776,0.930801,0.258202,True
0.14,175,1.905445,1.128108,0.071790,True
0.14,176,1.941423,0.845268,0.165271,True
0.14,177,2.334374,0.824030,0.113357,True
0.14,178,1.380647,0.793853,0.279731,True
0.14,179,1.266141,0.803426,0.153569,True
0.14,180,2.871663,1.171402,0.000000,True
0.14,181,1.211807,0.682720,0.253776,True
0.14,182,1.503783,0.787232,0.184744,True
0.14,183,2.023475,1.115964,0.038014,True
0.14,184,2.018779,0.732693,0.314802,True
0.14,185,1.644208,0.911821,0.080644,True
0.14,186,1.671815,0.692040,0.226520,True
0.14,187,1.238997,0.597396,0.348082,True
0.14,188,1.344699,0.704813,0.318392,True
0.14,189,2.357722,1.255378,0.000000,True
0.14,190,1.837327,1.114864,0.000000,True
0.14,191,1.630316,0.912171,0.129162,True
0.14,192,1.676431,0.812462,0.308162,True
0.14,193,1.992760,0.881286,0.183281,True
0.14,194,2.220227,1.032533,0.000000,True
0.14,195,1.543398,0.919225,0.161026,True
0.14,196,1.528665,0.528563,0.402583,True
0.14,197,1.939894,0.833760,0.041048,True
0.14,198,1.742368,0.857767,0.280419,True
0.14,199,2.135166,0.872367,0.113546,True
0.14,200,1.581012,1.068927,0.093815,True
0.14,201,2.015414,0.808520,0.334051,True
0.14,202,2.037256,0.542908,0.458838,True
0.14,203,1.135570,0.738896,0.348355,True
0.14,204,2.158525,0.986960,0.129654,True
0.14,205,1.297457,0.756904,0.301061,True
0.14,206,2.033519,1.142625,0.000000,True
0.14,207,1.904689,1.234920,0.000000,True
0.14,208,1.568838,0.689753,0.274268,True
0.14,209,2.843776,1.176027,0.000000,True
0.14,210,1.564914,0.811243,0.250594,True
0.14,211,2.532907,1.138655,0.000000,True
0.14,212,2.651773,0.907262,0.095052,True
0.14,213,1.932619,0.875964,0.188654,True
0.14,214,1.629166,0.726366,0.285106,True
0.14,215,2.406587,1.062076,0.000000,True
0.14,216,1.696264,1.041296,0.139849,True
0.14,217,2.160568,1.047927,0.158195,True
0.14,218,1.399914,0.709893,0.308734,True
0.14,219,1.686363,1.180008,0.000000,True
0.14,220,1.454979,0.886759,0.065661,True
0.14,221,1.164895,0.474437,0.531563,True
0.14,222,2.264143,1.089023,0.079315,True
0.14,223,0.902712,0.564531,0.465137,True
0.14,224,1.091021,0.581684,0.273421,True
0.14,225,1.897960,0.992781,0.015450,True
0.14,226,1.679033,1.142708,0.150595,True
0.14,227,1.726911,0.631577,0.324173,True
0.14,228,2.497145,1.087817,0.000000,True
0.14,229,1.515730,0.798266,0.158668,True
0.14,230,1.981213,1.100163,0.071880,True
0.14,231,1.558843,0.923120,0.077821,True
0.14,232,2.689732,1.221810,0.000000,True
0.14,233,2.075908,0.967247,0.209962,True
0.14,234,1.707556,1.029510,0.082606,True
0.14,235,1.608136,0.870581,0.150361,True
0.14,236,1.423125,0.852370,0.246881,True
0.14,237,1.478343,0.921307,0.232892,True
0.14,238,2.582941,1.063709,0.064944,True
0.14,239,1.343954,0.720287,0.454535,True
0.14,240,1.630804,0.776176,0.206410,True
0.14,241,1.567399,1.102877,0.031648,True
0.14,242,1.795699,0.965781,0.029344,True
0.14,243,1.918810,1.068073,0.000000,True
0.14,244,1.295848,0.717200,0.216093,True
0.14,245,2.149775,1.268038,0.050514,True
0.14,246,1.535037,0.796634,0.319443,True
0.14,247,1.927118,0.984954,0.138824,True
0.14,248,1.279299,0.746153,0.421045,True
0.14,249,1.234266,0.610033,0.164896,True
0.14,250,1.982221,0.911556,0.197389,True
0.14,251,1.073828,0.610805,0.241650,True
0.14,252,2.128589,1.118639,0.000828,True
0.14,253,1.461825,0.952909,0.186831,True
0.14,254,1.966158,0.865635,0.058681,True
0.14,255,1.451229,0.725086,0.361830,True
0.14,256,1.911302,1.001507,0.175402,True
0.14,257,1.794314,0.875948,0.184942,True
0.14,258,2.078802,1.011469,0.221485,True
0.14,259,2.455079,1.181479,0.000000,True
0.14,260,1.681591,0.959336,0.061812,True
0.14,261,1.865618,1.088650,0.064143,True
0.14,262,1.618738,0.750468,0.536633,True
0.14,263,1.512873,0.877865,0.134953,True
0.14,264,1.767761,0.942990,0.017307,True
0.14,265,2.527477,0.848614,0.166356,True
0.14,266,1.518604,0.841097,0.156576,True
0.14,267,1.757916,0.879462,0.088936,True
0.14,268,1.686839,0.936306,0.005876,True
0.14,269,1.811893,0.726273,0.391821,True
0.14,270,1.743982,0.918386,0.226230,True
0.14,271,1.248509,0.652387,0.434960,True
0.14,272,1.231680,0.900676,0.345089,True
0.14,273,1.989429,0.663192,0.341629,True
0.14,274,2.288706,1.058319,0.108064,True
0.14,275,1.928559,1.099357,0.087036,True
0.14,276,1.615544,0.659773,0.220714,True
0.14,277,2.631414,1.118902,0.039734,True
0.14,278,1.813621,0.922403,0.000000,True
0.14,279,2.872256,1.002967,0.161784,True
0.14,280,2.012790,0.885640,0.122019,True
0.14,281,1.138405,0.774571,0.370451,True
0.14,282,1.887592,0.832959,0.262250,True
0.14,283,1.224086,0.450627,0.384743,True
0.14,284,1.025670,0.595700,0.368457,True
0.14,285,2.114057,1.132218,0.070221,True
0.14,286,1.225361,0.707072,0.360251,True
0.14,287,2.181869,0.876243,0.174916,True
0.14,288,1.141268,0.647602,0.310971,True
0.14,289,1.887217,1.167672,0.000000,True
0.14,290,1.341223,0.808805,0.267180,True
0.14,291,2.763419,0.846231,0.172465,True
0.14,292,1.217869,0.476894,0.334787,True
0.14,293,2.428114,1.247004,0.000000,True
0.14,294,1.785803,0.773700,0.167013,True
0.14,295,2.738884,1.191394,0.000000,True
0.14,296,1.503961,0.851204,0.211911,True
0.14,297,1.553237,0.863712,0.297826,True
0.14,298,2.109773,1.180666,0.059824,True
0.14,299,1.541715,0.700756,0.382052,True
0.14,300,1.800822,1.135298,0.000000,True
0.14,301,2.083073,0.851471,0.074470,True
0.14,302,2.248141,0.844446,0.090856,True
0.14,303,1.284948,0.965595,0.188948,True
0.14,304,1.562134,0.809633,0.349631,True
0.14,305,2.281955,0.729956,0.195135,True
0.14,306,2.348135,0.975066,0.130609,True
0.14,307,2.156254,0.785634,0.088819,True
0.14,308,2.513200,1.197870,0.000000,True
0.14,309,1.710005,0.903442,0.167225,True
0.14,310,2.025217,0.926887,0.462179,True
0.14,311,2.186638,1.116892,0.000000,True
0.14,312,2.746560,1.077309,0.000000,True
0.14,313,1.493751,0.914218,0.311834,True
0.14,314,1.457704,1.032314,0.207533,True
0.14,315,1.712872,1.069500,0.026426,True
0.14,316,1.717332,0.760342,0.410194,True
0.14,317,1.828207,0.718253,0.364013,True
0.14,318,1.515946,0.920875,0.095930,True
0.14,319,2.404538,1.059276,0.000000,True
0.14,320,1.419672,0.774817,0.201724,True
0.14,321,1.638331,0.590484,0.489786,True
0.14,322,1.857835,0.842262,0.256814,True
0.14,323,1.535133,0.839758,0.186738,True
0.14,324,1.588486,0.907389,0.223338,True
0.14,325,1.417441,0.870085,0.121162,True
0.14,326,2.077866,1.064394,0.151540,True
0.14,327,0.759997,0.511312,0.482609,True
0.14,328,2.057135,0.853326,0.070735,True
0.14,329,1.994660,1.156512,0.012721,True
0.14,330,1.138922,0.737810,0.333770,True
0.14,331,2.420773,0.908544,0.175928,True
0.14,332,1.154268,0.530040,0.429274,True
0.14,333,1.097818,0.569350,0.314380,True
0.14,334,2.036626,0.788543,0.210142,True
0.14,335,0.945562,0.531082,0.417973,True
0.14,336,1.497425,0.818186,0.250657,True
0.14,337,1.314612,0.669872,0.389030,True
0.14,338,2.020857,1.127034,0.000000,True
0.14,339,3.211400,1.143413,0.000000,True
0.14,340,1.457593,0.975430,0.153420,True
0.14,341,2.221808,0.969216,0.059166,True
0.14,342,2.067402,1.199677,0.000000,True
0.14,343,1.883577,1.140418,0.000000,True
0.14,344,2.041053,1.023118,0.057227,True
0.14,345,1.566640,1.061916,0.000000,True
0.14,346,1.314428,0.703841,0.261885,True
0.14,347,1.738351,0.864026,0.140959,True
0.14,348,1.388979,0.635225,0.495993,True
0.14,349,1.710232,0.800046,0.144204,True
0.14,350,1.861817,0.871162,0.150129,True
0.14,351,1.460513,0.736092,0.140329,True
0.14,352,1.868609,0.880908,0.434409,True
0.14,353,1.720791,0.803258,0.176993,True
0.14,354,2.012977,1.284512,0.000000,True
0.14,355,1.698149,0.912523,0.073393,True
0.14,356,2.235041,1.091277,0.000000,True
0.14,357,1.268577,0.792446,0.214746,True
0.14,358,1.513866,0.795379,0.244172,True
0.14,359,2.239419,0.829693,0.079527,True
0.14,360,1.959333,0.775364,0.160758,True
0.14,361,1.967401,0.990498,0.096980,True
0.14,362,1.972413,1.148649,0.000000,True
0.14,363,1.406989,0.845604,0.121462,True
0.14,364,2.177181,0.822804,0.314162,True
0.14,365,1.879055,1.117961,0.004625,True
0.14,366,1.558868,0.716336,0.156643,True
0.14,367,1.440265,0.794560,0.191818,True
0.14,368,1.821725,0.943139,0.317140,True
0.14,369,2.020580,1.130744,0.007182,True
0.14,370,2.524612,1.178567,0.000000,True
0.14,371,2.830576,1.162779,0.005129,True
0.14,372,1.211227,0.619875,0.340674,True
0.14,373,3.420291,1.091747,0.072031,True
0.14,374,1.293125,0.718129,0.482218,True
0.14,375,1.955823,0.765428,0.148932,True
0.14,376,1.467079,0.670973,0.151443,True
0.14,377,1.727601,0.925415,0.232763,True
0.14,378,1.723736,1.089839,0.021262,True
0.14,379,1.812371,1.025176,0.184350,True
0.14,380,1.805865,1.200455,0.000000,True
0.14,381,1.477466,0.949887,0.049663,True
0.14,382,2.638694,1.259855,0.016907,True
0.14,383,1.790779,1.019673,0.146402,True
0.14,384,1.800052,0.901199,0.000000,True
0.14,385,1.800097,1.216631,0.023140,True
0.14,386,2.040515,1.095493,0.053571,True
0.14,387,1.746227,1.315738,0.006691,True
0.14,388,2.713649,1.035123,0.079770,True
0.14,389,1.524060,0.635349,0.543738,True
0.14,390,1.663466,0.808567,0.156727,True
0.14,391,2.308078,1.179486,0.000000,True
0.14,392,2.221972,0.706743,0.277477,True
0.14,393,2.047601,0.798782,0.150982,True
0.14,394,2.151709,1.105321,0.068568,True
0.14,395,1.706625,0.875303,0.036569,True
0.14,396,2.459141,1.215755,0.009883,True
0.14,397,1.385298,0.665760,0.255764,True
0.14,398,2.750999,1.081779,0.000000,True
0.14,399,2.089033,1.079768,0.000000,True
0.14,400,1.918617,1.100028,0.000000,True
0.14,401,2.760878,1.037735,0.049680,True
0.14,402,2.208859,1.025756,0.078890,True
0.14,403,2.360541,1.214294,0.074179,True
0.14,404,1.558795,0.548089,0.644945,True
0.14,405,1.762223,0.875157,0.156121,True
0.14,406,1.363202,0.715249,0.314788,True
0.14,407,2.160195,0.923328,0.122374,True
0.14,408,1.418260,0.800295,0.179116,True
0.14,409,2.480960,1.253786,0.017314,True
0.14,410,1.384414,1.006308,0.197687,True
0.14,411,2.029883,0.822003,0.198483,True
0.14,412,2.172518,1.196599,0.000000,True
0.14,413,1.427608,0.922972,0.174227,True
0.14,414,1.382377,0.952962,0.170926,True
0.14,415,1.820068,1.081250,0.031713,True
0.14,416,1.488460,0.721430,0.322235,True
0.14,417,1.596718,1.165840,0.080346,True
0.14,418,1.371792,0.832418,0.142568,True
0.14,419,1.721117,0.944119,0.005656,True
0.14,420,1.822410,1.156264,0.000000,True
0.14,421,2.498866,1.253367,0.000000,True
0.14,422,2.152594,1.060203,0.000000,True
0.14,423,1.796551,1.024758,0.000000,True
0.14,424,1.251832,0.724740,0.343199,True
0.14,425,2.205994,1.064106,0.000000,True
0.14,426,1.251099,0.804461,0.220088,True
0.14,427,1.534167,0.782146,0.228312,True
0.14,428,2.184084,0.994057,0.111374,True
0.14,429,2.696079,0.903793,0.000000,True
0.14,430,1.906618,1.010888,0.240303,True
0.14,431,1.977524,0.754001,0.227473,True
0.14,432,1.990070,1.055670,0.030688,True
0.14,433,2.907473,1.042052,0.140313,True
0.14,434,1.719881,1.020527,0.000000,True
0.14,435,1.799406,1.295502,0.000000,True
0.14,436,2.262505,0.982576,0.000000,True
0.14,437,1.326789,0.928156,0.237585,True
0.14,438,1.404990,0.795738,0.343838,True
0.14,439,1.480512,0.866515,0.212096,True
0.14,440,2.492367,1.008875,0.097761,True
0.14,441,1.806472,0.981785,0.141705,True
0.14,442,1.152516,0.826703,0.380118,True
0.14,443,2.141072,0.823675,0.105091,True
0.14,444,1.399883,0.665608,0.422740,True
0.14,445,2.446159,0.959905,0.278738,True
0.14,446,1.817161,1.118305,0.150315,True
0.14,447,2.391750,1.163017,0.000000,True
0.14,448,1.137691,0.684004,0.245195,True
0.14,449,2.049275,1.260401,0.000000,True
0.14,450,2.040106,0.849534,0.070638,True
0.14,451,1.639032,0.746941,0.311680,True
0.14,452,2.616167,1.311748,0.063623,True
0.14,453,2.216600,1.021350,0.005503,True
0.14,454,1.708937,0.982706,0.097685,True
0.14,455,2.312703,0.805486,0.115328,True
0.14,456,1.001748,0.610350,0.303391,True
0.14,457,2.507405,1.227234,0.000000,True
0.14,458,1.810986,1.036737,0.167023,True
0.14,459,1.497575,0.687455,0.386091,True
0.14,460,1.685226,0.895659,0.009126,True
0.14,461,2.220041,1.062397,0.000000,True
0.14,462,2.263452,1.108967,0.113359,True
0.14,463,2.499606,0.819198,0.000000,True
0.14,464,1.383933,0.646016,0.477360,True
0.14,465,2.734739,1.070473,0.000000,True
0.14,466,2.098397,1.080698,0.000000,True
0.14,467,2.425494,0.912593,0.109320,True
0.14,468,1.403544,0.516277,0.397260,True
0.14,469,1.198266,0.730386,0.223073,True
0.14,470,3.029882,1.196106,0.000000,True
0.14,471,2.963952,1.082803,0.000000,True
0.14,472,1.829236,0.661387,0.356557,True
0.14,473,2.809001,1.167610,0.000000,True
0.14,474,2.033501,1.159486,0.000000,True
0.14,475,1.533789,0.860634,0.281713,True
0.14,476,1.010401,0.634383,0.396532,True
0.14,477,1.915099,0.790808,0.227222,True
0.14,478,2.191738,0.956454,0.064222,True
0.14,479,1.714912,1.291522,0.000000,True
0.14,480,2.088518,1.297753,0.000000,True
0.14,481,1.894398,0.999254,0.191980,True
0.14,482,2.617016,1.178045,0.000000,True
0.14,483,1.919817,0.876483,0.103976,True
0.14,484,2.520165,1.231405,0.044386,True
0.14,485,2.923545,1.108551,0.008182,True
0.14,486,1.019850,0.830448,0.165408,True
0.14,487,2.189948,0.715072,0.171879,True
0.14,488,2.242479,1.096870,0.000000,True
0.14,489,1.879188,0.981500,0.219967,True
0.14,490,1.855889,1.069892,0.113696,True
0.14,491,2.249157,0.987355,0.037861,True
0.14,492,1.586050,1.251359,0.062808,True
0.14,493,1.278420,0.577790,0.277847,True
0.14,494,1.417061,1.128496,0.000000,True
0.14,495,1.150173,0.730389,0.376076,True
0.14,496,1.981481,1.226630,0.000000,True
0.14,497,1.254710,0.661997,0.275282,True
0.14,498,1.700255,0.840341,0.271855,True
0.14,499,1.589509,0.863733,0.106855,True
0.16,0,2.148090,0.939451,0.080013,True
0.16,1,2.144628,1.051949,0.244294,True
0.16,2,0.747150,0.514980,0.524879,True
0.16,3,2.383852,0.742803,0.231899,True
0.16,4,1.614868,0.671129,0.294909,True
0.16,5,1.517276,0.711786,0.297564,True
0.16,6,1.881425,0.897370,0.163112,True
0.16,7,1.916575,0.675128,0.249108,True
0.16,8,1.998731,1.163288,0.000000,True
0.16,9,1.076764,0.753070,0.251779,True
0.16,10,1.281272,0.899421,0.290210,True
0.16,11,1.270868,0.877716,0.295912,True
0.16,12,1.879755,1.106441,0.130065,True
0.16,13,1.464262,0.767790,0.126878,True
0.16,14,2.188921,1.114627,0.000000,True
0.16,15,1.173378,0.740114,0.217090,True
0.16,16,2.192659,0.969386,0.067255,True
0.16,17,2.423631,1.382054,0.000000,True
0.16,18,0.966950,0.493718,0.444384,True
0.16,19,1.816768,0.776011,0.184022,True
0.16,20,1.739483,0.776761,0.232693,True
0.16,21,2.706573,0.948715,0.163850,True
0.16,22,1.568230,0.876189,0.225695,True
0.16,23,2.207387,1.011979,0.151820,True
0.16,24,2.210127,0.878331,0.099893,True
0.16,25,2.374328,1.097525,0.143532,True
0.16,26,2.108588,1.270352,0.066129,True
0.16,27,1.292285,0.732315,0.234184,True
0.16,28,1.788488,0.993362,0.000000,True
0.16,29,1.662985,1.017327,0.063992,True
0.16,30,1.688110,1.026210,0.000000,True
0.16,31,1.565501,0.918716,0.108325,True
0.16,32,2.030529,0.982062,0.063225,True
0.16,33,2.461565,0.992273,0.010498,True
0.16,34,1.415442,0.608332,0.412515,True
0.16,35,1.631661,1.125076,0.111948,True
0.16,36,2.379316,1.044598,0.000000,True
0.16,37,1.743458,1.139956,0.000000,True
0.16,38,2.330576,1.268452,0.000000,True
0.16,39,1.240208,0.920110,0.122147,True
0.16,40,1.280071,0.942888,0.287660,True
0.16,41,1.269591,0.743786,0.290660,True
0.16,42,2.224382,1.211772,0.058698,True
0.16,43,2.277945,0.851148,0.170084,True
0.16,44,2.292721,1.089963,0.024626,True
0.16,45,1.102594,0.675445,0.370372,True
0.16,46,2.030525,1.257153,0.000000,True
0.16,47,1.266711,0.770989,0.373042,True
0.16,48,1.286344,0.727155,0.196673,True
0.16,49,2.013480,1.013829,0.050003,True
0.16,50,2.026591,0.984000,0.169326,True
0.16,51,1.134567,0.665957,0.323152,True
0.16,52,2.116601,0.993903,0.092021,True
0.16,53,1.697063,0.974468,0.170907,True
0.16,54,2.032401,0.901086,0.281015,True
0.16,55,2.625113,1.266141,0.030285,True
0.16,56,1.542006,0.870915,0.152625,True
0.16,57,1.986887,1.003254,0.053798,True
0.16,58,1.199519,0.549876,0.260821,True
0.16,59,1.815994,0.988209,0.092055,True
0.16,60,1.719073,0.763679,0.284453,True
0.16,61,2.061335,0.995633,0.000000,True
0.16,62,1.878511,1.040518,0.017345,True
0.16,63,1.620623,0.613463,0.476764,True
0.16,64,1.861307,0.817569,0.132852,True
0.16,65,1.954509,0.825867,0.165229,True
0.16,66,2.064866,0.854211,0.056262,True
0.16,67,1.265265,0.789702,0.312495,True
0.16,68,1.521046,1.030022,0.235794,True
0.16,69,2.140367,1.150602,0.019864,True
0.16,70,1.150351,0.707029,0.500175,True
0.16,71,2.358606,1.097094,0.052611,True
0.16,72,1.554159,0.726811,0.189352,True
0.16,73,1.154579,0.603447,0.368132,True
0.16,74,2.001174,0.998602,0.000000,True
0.16,75,1.363231,0.715623,0.330886,True
0.16,76,2.050731,1.060798,0.110587,True
0.16,77,2.346823,1.011417,0.094106,True
0.16,78,2.372014,0.999669,0.000000,True
0.16,79,1.845595,1.033905,0.033044,True
0.16,80,1.942297,0.936636,0.199738,True
0.16,81,1.244815,0.578133,0.269961,True
0.16,82,1.683543,0.883383,0.039619,True
0.16,83,1.602081,0.980972,0.107856,True
0.16,84,1.614869,0.633551,0.401732,True
0.16,85,1.250116,0.760665,0.210550,True
0.16,86,1.679638,0.934734,0.232030,True
0.16,87,1.628103,0.706758,0.256073,True
0.16,88,1.958545,1.055466,0.159701,True
0.16,89,3.161082,1.075968,0.032873,True
0.16,90,1.262992,0.710852,0.262185,True
0.16,91,1.300447,0.553092,0.449030,True
0.16,92,1.655073,0.892312,0.309512,True
0.16,93,1.788638,0.802277,0.138677,True
0.16,94,2.325249,1.123361,0.024405,True
0.16,95,1.979016,0.783398,0.172403,True
0.16,96,2.147693,1.219382,0.000000,True
0.16,97,1.754231,0.916921,0.235727,True
0.16,98,1.523946,0.772266,0.218940,True
0.16,99,1.855529,0.597445,0.307831,True
0.16,100,1.514205,0.781183,0.189838,True
0.16,101,1.964550,1.037612,0.040606,True
0.16,102,1.427318,0.880792,0.064023,True
0.16,103,1.908904,0.913818,0.134539,True
0.16,104,1.689075,0.823942,0.130199,True
0.16,105,1.868537,0.791709,0.120148,True
0.16,106,1.599519,0.907301,0.089640,True
0.16,107,1.608691,0.810620,0.345804,True
0.16,108,2.017735,0.745688,0.321032,True
0.16,109,2.037056,1.061932,0.090816,True
0.16,110,1.931868,0.938888,0.062943,True
0.16,111,2.027505,1.083478,0.017587,True
0.16,112,1.654790,0.892269,0.135941,True
0.16,113,1.555493,0.629263,0.373488,True
0.16,114,1.521222,1.099684,0.113337,True
0.16,115,1.468216,0.813298,0.232765,True
0.16,116,1.377792,0.675922,0.252679,True
0.16,117,2.044498,1.254074,0.000000,True
0.16,118,3.161287,0.847108,0.011064,True
0.16,119,1.247734,0.501305,0.183289,True
0.16,120,1.699119,0.959625,0.186227,True
0.16,121,1.571539,1.169946,0.084568,True
0.16,122,1.740983,0.686889,0.256127,True
0.16,123,2.644008,1.251066,0.000000,True
0.16,124,1.752330,0.788600,0.291442,True
0.16,125,2.124019,1.158984,0.000000,True
0.16,126,2.545389,1.115737,0.000000,True
0.16,127,1.369167,0.667842,0.300917,True
0.16,128,2.672399,1.372106,0.017276,True
0.16,129,1.602545,0.707326,0.227650,True
0.16,130,2.370603,1.106035,0.000000,True
0.16,131,1.386843,0.508213,0.536212,True
0.16,132,1.915994,1.172696,0.037177,True
0.16,133,1.565427,0.766091,0.126595,True
0.16,134,1.399106,1.002484,0.262201,True
0.16,135,2.130037,1.131236,0.106983,True
0.16,136,1.477379,1.022058,0.068419,True
0.16,137,1.762236,0.833379,0.175084,True
0.16,138,1.642752,0.825369,0.283564,True
0.16,139,1.784468,1.038734,0.000000,True
0.16,140,1.559861,0.878362,0.288741,True
0.16,141,2.033025,0.888176,0.083896,True
0.16,142,1.584372,0.949194,0.261700,True
0.16,143,3.103692,1.241749,0.000000,True
0.16,144,1.753764,1.123800,0.210758,True
0.16,145,2.232865,0.920670,0.292278,True
0.16,146,1.792395,0.772028,0.056728,True
0.16,147,1.202054,0.814158,0.200051,True
0.16,148,1.860965,0.989593,0.097957,True
0.16,149,1.582594,1.047176,0.000000,True
0.16,150,1.473744,0.981168,0.171060,True
0.16,151,1.899733,0.947591,0.161390,True
0.16,152,1.414065,0.793428,0.293103,True
0.16,153,1.843467,0.819003,0.208792,True
0.16,154,2.587907,1.219188,0.000000,True
0.16,155,1.575119,0.740041,0.286598,True
0.16,156,2.008898,1.125373,0.000000,True
0.16,157,2.160898,1.121608,0.000000,True
0.16,158,2.173118,0.940524,0.008357,True
0.16,159,1.660261,1.092192,0.013058,True
0.16,160,2.243067,1.189047,0.121231,True
0.16,161,1.479557,0.694602,0.358536,True
0.16,162,1.954839,1.046347,0.028590,True
0.16,163,1.568981,0.957620,0.171143,True
0.16,164,1.304594,0.427615,0.494871,True
0.16,165,1.620591,0.817530,0.192176,True
0.16,166,2.097407,1.224009,0.007495,True
0.16,167,2.089262,1.027329,0.090029,True
0.16,168,1.653232,0.977802,0.187797,True
0.16,169,1.433257,0.892924,0.259457,True
0.16,170,1.568140,0.655269,0.433095,True
0.16,171,2.080697,0.927817,0.177651,True
0.16,172,1.256129,0.636377,0.511901,True
0.16,173,1.363943,0.752318,0.188614,True
0.16,174,1.785748,0.926980,0.261439,True
0.16,175,1.890000,1.122060,0.077074,True
0.16,176,1.916399,0.839100,0.170977,True
0.16,177,2.303801,0.814047,0.121908,True
0.16,178,1.376746,0.792075,0.280904,True
0.16,179,1.263447,0.802717,0.154151,True
0.16,180,2.871663,1.171402,0.000000,True
0.16,181,1.208985,0.682022,0.254307,True
0.16,182,1.495582,0.784953,0.186631,True
0.16,183,2.004670,1.109086,0.044163,True
0.16,184,1.990889,0.726441,0.320493,True
0.16,185,1.634519,0.908709,0.083283,True
0.16,186,1.646523,0.686839,0.231215,True
0.16,187,1.234450,0.596623,0.348750,True
0.16,188,1.338618,0.703544,0.319502,True
0.16,189,2.357722,1.255378,0.000000,True
0.16,190,1.837327,1.114864,0.000000,True
0.16,191,1.622747,0.909682,0.131258,True
0.16,192,1.663230,0.809118,0.311165,True
0.16,193,1.946564,0.867767,0.195074,True
0.16,194,2.220227,1.032533,0.000000,True
0.16,195,1.535861,0.916524,0.163203,True
0.16,196,1.523395,0.527255,0.403575,True
0.16,197,1.922876,0.828375,0.045629,True
0.16,198,1.722008,0.852337,0.285266,True
0.16,199,2.112342,0.865527,0.119584,True
0.16,200,1.569984,1.065499,0.096953,True
0.16,201,1.995962,0.803248,0.338735,True
0.16,202,2.004609,0.537597,0.463711,True
0.16,203,1.134437,0.738580,0.348582,True
0.16,204,2.135405,0.979019,0.136648,True
0.16,205,1.294700,0.756186,0.301641,True
0.16,206,2.033519,1.142625,0.000000,True
0.16,207,1.904689,1.234920,0.000000,True
0.16,208,1.562991,0.688091,0.275586,True
0.16,209,2.823387,1.169051,0.006450,True
0.16,210,1.556389,0.808904,0.252596,True
0.16,211,2.532907,1.138655,0.000000,True
0.16,212,2.576799,0.890386,0.111299,True
0.16,213,1.919511,0.870745,0.192897,True
0.16,214,1.609305,0.721871,0.289066,True
0.16,215,2.406587,1.062076,0.000000,True
0.16,216,1.684665,1.037183,0.143414,True
0.16,217,2.136174,1.040137,0.165331,True
0.16,218,1.396259,0.709036,0.309458,True
0.16,219,1.686363,1.180008,0.000000,True
0.16,220,1.447396,0.884301,0.067648,True
0.16,221,1.160059,0.473948,0.532067,True
0.16,222,2.225469,1.075376,0.091543,True
0.16,223,0.902435,0.564480,0.465170,True
0.16,224,1.086867,0.581011,0.273958,True
0.16,225,1.868385,0.984539,0.023174,True
0.16,226,1.668291,1.138670,0.154136,True
0.16,227,1.717884,0.628897,0.326279,True
0.16,228,2.497145,1.087817,0.000000,True
0.16,229,1.507890,0.796256,0.160417,True
0.16,230,1.962392,1.093137,0.078068,True
0.16,231,1.549727,0.920138,0.080311,True
0.16,232,2.689732,1.221810,0.000000,True
0.16,233,2.042164,0.957307,0.219011,True
0.16,234,1.692421,1.024145,0.087201,True
0.16,235,1.599031,0.867570,0.152855,True
0.16,236,1.404002,0.848414,0.250779,True
0.16,237,1.467819,0.918466,0.235446,True
0.16,238,2.531213,1.048638,0.079117,True
0.16,239,1.339336,0.719156,0.455460,True
0.16,240,1.621720,0.773641,0.208546,True
0.16,241,1.544349,1.095824,0.038182,True
0.16,242,1.783235,0.961869,0.032824,True
0.16,243,1.918810,1.068073,0.000000,True
0.16,244,1.288540,0.715743,0.217391,True
0.16,245,2.102503,1.251083,0.066313,True
0.16,246,1.518333,0.792682,0.322972,True
0.16,247,1.877102,0.971484,0.151486,True
0.16,248,1.276680,0.745464,0.421590,True
0.16,249,1.230675,0.609389,0.165448,True
0.16,250,1.965213,0.905966,0.202255,True
0.16,251,1.072289,0.610516,0.241875,True
0.16,252,2.101700,1.109408,0.009257,True
0.16,253,1.455032,0.950740,0.188663,True
0.16,254,1.931503,0.855802,0.067343,True
0.16,255,1.443484,0.723230,0.363395,True
0.16,256,1.892834,0.994468,0.181348,True
0.16,257,1.778328,0.871874,0.188719,True
0.16,258,2.055467,1.004130,0.228157,True
0.16,259,2.455079,1.181479,0.000000,True
0.16,260,1.674416,0.957174,0.063751,True
0.16,261,1.849095,1.082763,0.069371,True
0.16,262,1.610323,0.748586,0.538349,True
0.16,263,1.501851,0.874634,0.137686,True
0.16,264,1.748041,0.937597,0.022295,True
0.16,265,2.479940,0.838088,0.176403,True
0.16,266,1.500435,0.835931,0.160863,True
0.16,267,1.716542,0.868351,0.098817,True
0.16,268,1.676475,0.933370,0.008540,True
0.16,269,1.754127,0.714203,0.402822,True
0.16,270,1.726824,0.912903,0.230925,True
0.16,271,1.239489,0.650479,0.436456,True
0.16,272,1.226090,0.899239,0.346319,True
0.16,273,1.966613,0.658351,0.345973,True
0.16,274,2.249995,1.046108,0.119303,True
0.16,275,1.914661,1.094406,0.091474,True
0.16,276,1.596044,0.655879,0.224191,True
0.16,277,2.573470,1.101489,0.056174,True
0.16,278,1.813621,0.922403,0.000000,True
0.16,279,2.801521,0.983236,0.180184,True
0.16,280,1.993382,0.880550,0.126724,True
0.16,281,1.136035,0.774043,0.370890,True
0.16,282,1.852654,0.824479,0.270045,True
0.16,283,1.221605,0.450203,0.385059,True
0.16,284,1.023174,0.595231,0.368781,True
0.16,285,2.090893,1.123165,0.078204,True
0.16,286,1.221765,0.706249,0.360909,True
0.16,287,2.130788,0.863045,0.187022,True
0.16,288,1.138752,0.646998,0.311406,True
0.16,289,1.887217,1.167672,0.000000,True
0.16,290,1.334723,0.807233,0.268542,True
0.16,291,2.714918,0.831551,0.185491,True
0.16,292,1.215941,0.476350,0.335117,True
0.16,293,2.428114,1.247004,0.000000,True
0.16,294,1.771993,0.770362,0.170017,True
0.16,295,2.738884,1.191394,0.000000,True
0.16,296,1.498500,0.849430,0.213339,True
0.16,297,1.546407,0.860858,0.299964,True
0.16,298,2.052539,1.163149,0.076652,True
0.16,299,1.525439,0.697232,0.385144,True
0.16,300,1.800822,1.135298,0.000000,True
0.16,301,2.061494,0.844557,0.080405,True
0.16,302,2.219831,0.835991,0.098278,True
0.16,303,1.267955,0.961280,0.192817,True
0.16,304,1.553269,0.807253,0.351682,True
0.16,305,2.254362,0.723276,0.201117,True
0.16,306,2.313412,0.964431,0.140265,True
0.16,307,2.123739,0.777960,0.095865,True
0.16,308,2.485780,1.186379,0.010222,True
0.16,309,1.689541,0.898015,0.172188,True
0.16,310,2.000159,0.919887,0.468593,True
0.16,311,2.186638,1.116892,0.000000,True
0.16,312,2.746560,1.077309,0.000000,True
0.16,313,1.480788,0.909929,0.315292,True
0.16,314,1.445919,1.028909,0.210665,True
0.16,315,1.704328,1.066218,0.029221,True
0.16,316,1.706392,0.757012,0.412914,True
0.16,317,1.815897,0.714763,0.366914,True
0.16,318,1.498849,0.915843,0.100229,True
0.16,319,2.404538,1.059276,0.000000,True
0.16,320,1.393099,0.769341,0.206762,True
0.16,321,1.627869,0.588401,0.491587,True
0.16,322,1.833425,0.836308,0.262329,True
0.16,323,1.528492,0.837806,0.188380,True
0.16,324,1.579717,0.904582,0.225699,True
0.16,325,1.413305,0.868703,0.122267,True
0.16,326,2.049115,1.055475,0.159809,True
0.16,327,0.759688,0.511301,0.482628,True
0.16,328,2.038594,0.845849,0.076780,True
0.16,329,1.973384,1.147761,0.020340,True
0.16,330,1.137284,0.737482,0.334056,True
0.16,331,2.382834,0.898511,0.185240,True
0.16,332,1.152621,0.529729,0.429505,True
0.16,333,1.096305,0.569100,0.314582,True
0.16,334,2.007955,0.781539,0.216503,True
0.16,335,0.942722,0.530868,0.418228,True
0.16,336,1.485877,0.814820,0.253394,True
0.16,337,1.309322,0.668720,0.389977,True
0.16,338,2.020857,1.127034,0.000000,True
0.16,339,3.211400,1.143413,0.000000,True
0.16,340,1.447207,0.972519,0.156058,True
0.16,341,2.197169,0.960567,0.066737,True
0.16,342,2.067402,1.199677,0.000000,True
0.16,343,1.883577,1.140418,0.000000,True
0.16,344,2.013582,1.015079,0.064737,True
0.16,345,1.566640,1.061916,0.000000,True
0.16,346,1.311179,0.703161,0.262478,True
0.16,347,1.726406,0.860463,0.144041,True
0.16,348,1.382846,0.633894,0.497083,True
0.16,349,1.700242,0.797325,0.146564,True
0.16,350,1.833953,0.863978,0.156709,True
0.16,351,1.445816,0.732727,0.143220,True
0.16,352,1.856615,0.877017,0.437738,True
0.16,353,1.707581,0.800175,0.179847,True
0.16,354,2.012977,1.284512,0.000000,True
0.16,355,1.684335,0.908741,0.076830,True
0.16,356,2.235041,1.091277,0.000000,True
0.16,357,1.265597,0.791674,0.215379,True
0.16,358,1.505903,0.793267,0.245975,True
0.16,359,2.203867,0.820650,0.087772,True
0.16,360,1.925157,0.768144,0.167616,True
0.16,361,1.949916,0.985052,0.101907,True
0.16,362,1.972413,1.148649,0.000000,True
0.16,363,1.402524,0.844356,0.122514,True
0.16,364,2.153010,0.816071,0.320153,True
0.16,365,1.856923,1.110241,0.011579,True
0.16,366,1.546333,0.713697,0.159035,True
0.16,367,1.431014,0.792321,0.193778,True
0.16,368,1.795890,0.935952,0.323722,True
0.16,369,1.950872,1.106723,0.028670,True
0.16,370,2.524612,1.178567,0.000000,True
0.16,371,2.744294,1.138259,0.028703,True
0.16,372,1.209029,0.619406,0.341041,True
0.16,373,3.288445,1.057393,0.104750,True
0.16,374,1.290108,0.717308,0.482851,True
0.16,375,1.941454,0.762013,0.152037,True
0.16,376,1.461158,0.669205,0.152765,True
0.16,377,1.714963,0.921074,0.236396,True
0.16,378,1.695625,1.079999,0.029846,True
0.16,379,1.792117,1.018154,0.190462,True
0.16,380,1.805865,1.200455,0.000000,True
0.16,381,1.469300,0.947592,0.051723,True
0.16,382,2.574163,1.238464,0.037193,True
0.16,383,1.776553,1.014880,0.150620,True
0.16,384,1.800052,0.901199,0.000000,True
0.16,385,1.773392,1.207887,0.031491,True
0.16,386,1.987497,1.079317,0.068669,True
0.16,387,1.727672,1.308753,0.013182,True
0.16,388,2.637512,1.015428,0.098664,True
0.16,389,1.517612,0.633829,0.544980,True
0.16,390,1.650427,0.805304,0.159642,True
0.16,391,2.308078,1.179486,0.000000,True
0.16,392,2.191891,0.700363,0.283342,True
0.16,393,2.026772,0.793020,0.156045,True
0.16,394,2.130818,1.095698,0.076667,True
0.16,395,1.673454,0.865724,0.044772,True
0.16,396,2.419856,1.201395,0.023092,True
0.16,397,1.382068,0.664906,0.256427,True
0.16,398,2.750999,1.081779,0.000000,True
0.16,399,2.089033,1.079768,0.000000,True
0.16,400,1.918617,1.100028,0.000000,True
0.16,401,2.694908,1.020053,0.066501,True
0.16,402,2.182070,1.016649,0.087065,True
0.16,403,2.321674,1.197673,0.088807,True
0.16,404,1.544122,0.545841,0.647029,True
0.16,405,1.746543,0.871061,0.159866,True
0.16,406,1.359183,0.713777,0.315803,True
0.16,407,2.118663,0.911471,0.133119,True
0.16,408,1.398751,0.795793,0.183091,True
0.16,409,2.442557,1.237587,0.031802,True
0.16,410,1.375028,1.003628,0.200102,True
0.16,411,2.001154,0.815048,0.204912,True
0.16,412,2.172518,1.196599,0.000000,True
0.16,413,1.397503,0.914692,0.181314,True
0.16,414,1.375777,0.951140,0.172556,True
0.16,415,1.797207,1.073481,0.038651,True
0.16,416,1.482965,0.719722,0.323545,True
0.16,417,1.589954,1.163159,0.082652,True
0.16,418,1.368126,0.831185,0.143517,True
0.16,419,1.702239,0.938456,0.010661,True
0.16,420,1.822410,1.156264,0.000000,True
0.16,421,2.498866,1.253367,0.000000,True
0.16,422,2.152594,1.060203,0.000000,True
0.16,423,1.796551,1.024758,0.000000,True
0.16,424,1.249424,0.724024,0.343721,True
0.16,425,2.205994,1.064106,0.000000,True
0.16,426,1.248438,0.803756,0.220663,True
0.16,427,1.528877,0.780587,0.229589,True
0.16,428,2.140628,0.982378,0.122452,True
0.16,429,2.696079,0.903793,0.000000,True
0.16,430,1.873606,1.001102,0.249294,True
0.16,431,1.956126,0.748504,0.232300,True
0.16,432,1.971433,1.048074,0.037116,True
0.16,433,2.816976,1.018599,0.162720,True
0.16,434,1.719881,1.020527,0.000000,True
0.16,435,1.799406,1.295502,0.000000,True
0.16,436,2.262505,0.982576,0.000000,True
0.16,437,1.322303,0.926770,0.238722,True
0.16,438,1.396679,0.793394,0.345722,True
0.16,439,1.466211,0.862651,0.215433,True
0.16,440,2.451733,0.996847,0.108899,True
0.16,441,1.792434,0.977525,0.145569,True
0.16,442,1.151019,0.826322,0.380427,True
0.16,443,2.116766,0.816775,0.111180,True
0.16,444,1.396427,0.664751,0.423426,True
0.16,445,2.385987,0.943645,0.293881,True
0.16,446,1.798544,1.111792,0.156169,True
0.16,447,2.391750,1.163017,0.000000,True
0.16,448,1.135900,0.683628,0.245497,True
0.16,449,2.049275,1.260401,0.000000,True
0.16,450,1.995384,0.838977,0.080542,True
0.16,451,1.626374,0.743754,0.314417,True
0.16,452,2.531577,1.284013,0.090239,True
0.16,453,2.190807,1.012288,0.013531,True
0.16,454,1.698580,0.979566,0.100517,True
0.16,455,2.282245,0.797437,0.122558,True
0.16,456,0.994824,0.608752,0.304280,True
0.16,457,2.507405,1.227234,0.000000,True
0.16,458,1.799126,1.032816,0.170534,True
0.16,459,1.475007,0.681783,0.390557,True
0.16,460,1.672992,0.891660,0.012485,True
0.16,461,2.220041,1.062397,0.000000,True
0.16,462,2.225471,1.096149,0.125088,True
0.16,463,2.499606,0.819198,0.000000,True
0.16,464,1.377426,0.644773,0.478462,True
0.16,465,2.734739,1.070473,0.000000,True
0.16,466,2.098397,1.080698,0.000000,True
0.16,467,2.384823,0.901367,0.119621,True
0.16,468,1.398441,0.515366,0.398014,True
0.16,469,1.193222,0.729384,0.223949,True
0.16,470,3.029882,1.196106,0.000000,True
0.16,471,2.963952,1.082803,0.000000,True
0.16,472,1.813749,0.657677,0.359727,True
0.16,473,2.809001,1.167610,0.000000,True
0.16,474,2.033501,1.159486,0.000000,True
0.16,475,1.521762,0.857413,0.284538,True
0.16,476,1.008376,0.634071,0.396794,True
0.16,477,1.901273,0.786450,0.230872,True
0.16,478,2.124988,0.938317,0.080995,True
0.16,479,1.714912,1.291522,0.000000,True
0.16,480,2.088518,1.297753,0.000000,True
0.16,481,1.872729,0.992907,0.197846,True
0.16,482,2.617016,1.178045,0.000000,True
0.16,483,1.902825,0.871335,0.108474,True
0.16,484,2.434131,1.204382,0.070173,True
0.16,485,2.850756,1.087012,0.028452,True
0.16,486,1.016585,0.829881,0.165945,True
0.16,487,2.163527,0.709442,0.177077,True
0.16,488,2.242479,1.096870,0.000000,True
0.16,489,1.862724,0.976296,0.224626,True
0.16,490,1.831765,1.061728,0.120990,True
0.16,491,2.223292,0.979807,0.044844,True
0.16,492,1.575678,1.247470,0.066329,True
0.16,493,1.274643,0.576969,0.278464,True
0.16,494,1.417061,1.128496,0.000000,True
0.16,495,1.148205,0.729853,0.376464,True
0.16,496,1.981481,1.226630,0.000000,True
0.16,497,1.249561,0.660846,0.276185,True
0.16,498,1.687095,0.836513,0.275134,True
0.16,499,1.559932,0.856340,0.113522,True
0.18,0,2.123823,0.931339,0.087094,True
0.18,1,2.104062,1.040386,0.255258,True
0.18,2,0.746685,0.514975,0.524906,True
0.18,3,2.347572,0.734922,0.239198,True
0.18,4,1.603850,0.668699,0.297019,True
0.18,5,1.505700,0.709034,0.299887,True
0.18,6,1.869233,0.893474,0.166486,True
0.18,7,1.881870,0.668274,0.255400,True
0.18,8,1.982687,1.157586,0.005206,True
0.18,9,1.069247,0.752122,0.252875,True
0.18,10,1.277511,0.898388,0.291086,True
0.18,11,1.268768,0.877085,0.296421,True
0.18,12,1.858858,1.099700,0.136305,True
0.18,13,1.458565,0.766412,0.128084,True
0.18,14,2.188921,1.114627,0.000000,True
0.18,15,1.167546,0.738732,0.218141,True
0.18,16,2.164644,0.960871,0.074985,True
0.18,17,2.423631,1.382054,0.000000,True
0.18,18,0.966101,0.493600,0.444472,True
0.18,19,1.791563,0.769979,0.189438,True
0.18,20,1.722403,0.772943,0.236239,True
0.18,21,2.674895,0.931618,0.177997,True
0.18,22,1.562558,0.874464,0.227163,True
0.18,23,2.183456,1.002829,0.159718,True
0.18,24,2.187234,0.871264,0.106119,True
0.18,25,2.338038,1.085520,0.154555,True
0.18,26,2.089612,1.260224,0.074602,True
0.18,27,1.287157,0.731170,0.235151,True
0.18,28,1.788488,0.993362,0.000000,True
0.18,29,1.650589,1.013348,0.067522,True
0.18,30,1.688110,1.026210,0.000000,True
0.18,31,1.556858,0.915785,0.110728,True
0.18,32,2.010985,0.974910,0.069365,True
0.18,33,2.398338,0.975942,0.026065,True
0.18,34,1.401343,0.605523,0.414827,True
0.18,35,1.622887,1.121724,0.114842,True
0.18,36,2.379316,1.044598,0.000000,True
0.18,37,1.743458,1.139956,0.000000,True
0.18,38,2.330576,1.268452,0.000000,True
0.18,39,1.235332,0.918786,0.123270,True
0.18,40,1.272079,0.940658,0.289544,True
0.18,41,1.252204,0.740295,0.293704,True
0.18,42,2.197455,1.200564,0.068639,True
0.18,43,2.252176,0.842875,0.177247,True
0.18,44,2.267546,1.078346,0.034436,True
0.18,45,1.101310,0.675136,0.370594,True
0.18,46,2.030525,1.257153,0.000000,True
0.18,47,1.254306,0.768369,0.375329,True
0.18,48,1.280437,0.725874,0.197768,True
0.18,49,1.990969,1.005329,0.057280,True
0.18,50,1.972049,0.967897,0.183883,True
0.18,51,1.132747,0.665627,0.323439,True
0.18,52,2.097181,0.985602,0.098924,True
0.18,53,1.675278,0.968358,0.176530,True
0.18,54,2.008923,0.893989,0.287287,True
0.18,55,2.573055,1.247487,0.047668,True
0.18,56,1.528645,0.867393,0.155756,True
0.18,57,1.966447,0.997077,0.059462,True
0.18,58,1.197211,0.549468,0.261150,True
0.18,59,1.792386,0.980436,0.098828,True
0.18,60,1.698941,0.759111,0.288622,True
0.18,61,2.061335,0.995633,0.000000,True
0.18,62,1.843095,1.030735,0.026708,True
0.18,63,1.590867,0.607681,0.481754,True
0.18,64,1.841734,0.812430,0.137429,True
0.18,65,1.940487,0.820026,0.169836,True
0.18,66,2.031653,0.846381,0.063656,True
0.18,67,1.258176,0.788359,0.313806,True
0.18,68,1.511416,1.027179,0.238405,True
0.18,69,2.116210,1.141732,0.027866,True
0.18,70,1.147641,0.706476,0.500634,True
0.18,71,2.317336,1.084692,0.064316,True
0.18,72,1.545482,0.724841,0.191094,True
0.18,73,1.151902,0.602757,0.368589,True
0.18,74,2.001174,0.998602,0.000000,True
0.18,75,1.346258,0.710549,0.334442,True
0.18,76,2.033893,1.053445,0.116756,True
0.18,77,2.313771,1.001334,0.103371,True
0.18,78,2.372014,0.999669,0.000000,True
0.18,79,1.831507,1.029427,0.037115,True
0.18,80,1.915176,0.929156,0.206624,True
0.18,81,1.241853,0.577479,0.270449,True
0.18,82,1.667251,0.879265,0.043433,True
0.18,83,1.590704,0.977507,0.110939,True
0.18,84,1.604880,0.631015,0.403783,True
0.18,85,1.244688,0.759579,0.211546,True
0.18,86,1.646675,0.925066,0.240468,True
0.18,87,1.618678,0.704333,0.258105,True
0.18,88,1.944412,1.048845,0.165110,True
0.18,89,3.075530,1.050569,0.056515,True
0.18,90,1.260551,0.710089,0.262721,True
0.18,91,1.297453,0.552561,0.449477,True
0.18,92,1.624930,0.884576,0.316554,True
0.18,93,1.778301,0.799344,0.141218,True
0.18,94,2.296703,1.114129,0.033010,True
0.18,95,1.960699,0.777987,0.177026,True
0.18,96,2.147693,1.219382,0.000000,True
0.18,97,1.731030,0.911079,0.241247,True
0.18,98,1.504238,0.767709,0.222965,True
0.18,99,1.843221,0.595020,0.309982,True
0.18,100,1.507830,0.779453,0.191293,True
0.18,101,1.938954,1.029146,0.048188,True
0.18,102,1.423376,0.879552,0.065041,True
0.18,103,1.896449,0.908932,0.138548,True
0.18,104,1.680710,0.821770,0.132140,True
0.18,105,1.857435,0.787420,0.123551,True
0.18,106,1.591920,0.904467,0.091894,True
0.18,107,1.596081,0.807057,0.348810,True
0.18,108,1.984845,0.738460,0.327680,True
0.18,109,1.985378,1.045644,0.105629,True
0.18,110,1.907911,0.932234,0.069068,True
0.18,111,2.008246,1.076643,0.023697,True
0.18,112,1.642575,0.888474,0.139173,True
0.18,113,1.536994,0.625546,0.376688,True
0.18,114,1.503860,1.093679,0.118510,True
0.18,115,1.452307,0.809318,0.236207,True
0.18,116,1.372083,0.674532,0.253786,True
0.18,117,2.044498,1.254074,0.000000,True
0.18,118,3.101257,0.828502,0.027650,True
0.18,119,1.245385,0.500778,0.183656,True
0.18,120,1.684134,0.955258,0.190171,True
0.18,121,1.562849,1.166297,0.087606,True
0.18,122,1.724416,0.683517,0.259215,True
0.18,123,2.644008,1.251066,0.000000,True
0.18,124,1.741470,0.785676,0.293987,True
0.18,125,2.124019,1.158984,0.000000,True
0.18,126,2.545389,1.115737,0.000000,True
0.18,127,1.365624,0.666853,0.301664,True
0.18,128,2.617646,1.350739,0.037146,True
0.18,129,1.592853,0.704971,0.229663,True
0.18,130,2.370603,1.106035,0.000000,True
0.18,131,1.380791,0.507049,0.537123,True
0.18,132,1.901655,1.166971,0.042211,True
0.18,133,1.557541,0.764205,0.128270,True
0.18,134,1.389921,0.999879,0.264553,True
0.18,135,2.069062,1.111714,0.125051,True
0.18,136,1.470784,1.019849,0.070313,True
0.18,137,1.753173,0.831041,0.177200,True
0.18,138,1.636530,0.823727,0.285022,True
0.18,139,1.784468,1.038734,0.000000,True
0.18,140,1.554093,0.876172,0.290447,True
0.18,141,2.005180,0.881044,0.090530,True
0.18,142,1.556294,0.940070,0.269233,True
0.18,143,3.016583,1.213201,0.026783,True
0.18,144,1.743226,1.120042,0.214123,True
0.18,145,2.197321,0.911185,0.301078,True
0.18,146,1.782119,0.769388,0.059055,True
0.18,147,1.198014,0.813261,0.200836,True
0.18,148,1.839065,0.983260,0.103800,True
0.18,149,1.582594,1.047176,0.000000,True
0.18,150,1.468366,0.979389,0.172567,True
0.18,151,1.881992,0.942149,0.166240,True
0.18,152,1.409597,0.791893,0.294254,True
0.18,153,1.832519,0.814663,0.212224,True
0.18,154,2.587907,1.219188,0.000000,True
0.18,155,1.552990,0.735010,0.291011,True
0.18,156,2.008898,1.125373,0.000000,True
0.18,157,2.160898,1.121608,0.000000,True
0.18,158,2.137573,0.931306,0.017053,True
0.18,159,1.651571,1.089008,0.015824,True
0.18,160,2.211090,1.177924,0.131545,True
0.18,161,1.469977,0.692031,0.360563,True
0.18,162,1.934502,1.038928,0.035042,True
0.18,163,1.555989,0.953407,0.174724,True
0.18,164,1.298619,0.426832,0.495532,True
0.18,165,1.612402,0.814646,0.194448,True
0.18,166,2.066518,1.212583,0.017944,True
0.18,167,2.070736,1.020350,0.096096,True
0.18,168,1.646002,0.975056,0.190071,True
0.18,169,1.426494,0.891160,0.261048,True
0.18,170,1.557183,0.652974,0.435113,True
0.18,171,2.060223,0.921789,0.183102,True
0.18,172,1.238068,0.632840,0.514700,True
0.18,173,1.360334,0.751272,0.189429,True
0.18,174,1.775343,0.923345,0.264503,True
0.18,175,1.875612,1.116381,0.082009,True
0.18,176,1.893322,0.833432,0.176211,True
0.18,177,2.276436,0.804882,0.129681,True
0.18,178,1.373014,0.790349,0.282034,True
0.18,179,1.260824,0.802026,0.154718,True
0.18,180,2.871663,1.171402,0.000000,True
0.18,181,1.206255,0.681344,0.254821,True
0.18,182,1.487794,0.782786,0.188419,True
0.18,183,1.987164,1.102642,0.049898,True
0.18,184,1.965373,0.720721,0.325681,True
0.18,185,1.625392,0.905762,0.085771,True
0.18,186,1.624010,0.682244,0.235355,True
0.18,187,1.230085,0.595885,0.349388,True
0.18,188,1.332820,0.702338,0.320556,True
0.18,189,2.357722,1.255378,0.000000,True
0.18,190,1.837327,1.114864,0.000000,True
0.18,191,1.615528,0.907296,0.133258,True
0.18,192,1.650861,0.805985,0.313970,True
0.18,193,1.906529,0.856082,0.205196,True
0.18,194,2.220227,1.032533,0.000000,True
0.18,195,1.528750,0.913952,0.165262,True
0.18,196,1.518349,0.525988,0.404529,True
0.18,197,1.907156,0.823338,0.049884,True
0.18,198,1.703296,0.847367,0.289693,True
0.18,199,2.091297,0.859159,0.125172,True
0.18,200,1.559592,1.062280,0.099898,True
0.18,201,1.977994,0.798332,0.343076,True
0.18,202,1.975232,0.532816,0.468081,True
0.18,203,1.133321,0.738268,0.348806,True
0.18,204,2.114142,0.971630,0.143114,True
0.18,205,1.292016,0.755486,0.302205,True
0.18,206,2.033519,1.142625,0.000000,True
0.18,207,1.904689,1.234920,0.000000,True
0.18,208,1.557386,0.686486,0.276852,True
0.18,209,2.762580,1.147986,0.025828,True
0.18,210,1.548315,0.806683,0.254490,True
0.18,211,2.532907,1.138655,0.000000,True
0.18,212,2.512040,0.875779,0.125310,True
0.18,213,1.907313,0.865786,0.196894,True
0.18,214,1.591247,0.717809,0.292638,True
0.18,215,2.406587,1.062076,0.000000,True
0.18,216,1.673779,1.033308,0.146760,True
0.18,217,2.113526,1.032869,0.171962,True
0.18,218,1.392711,0.708203,0.310161,True
0.18,219,1.686363,1.180008,0.000000,True
0.18,220,1.440289,0.881979,0.069513,True
0.18,221,1.155479,0.473487,0.532542,True
0.18,222,2.190995,1.063105,0.102464,True
0.18,223,0.902160,0.564429,0.465203,True
0.18,224,1.082891,0.580372,0.274468,True
0.18,225,1.841886,0.977190,0.030050,True
0.18,226,1.658176,1.134856,0.157469,True
0.18,227,1.709391,0.626332,0.328279,True
0.18,228,2.497145,1.087817,0.000000,True
0.18,229,1.500474,0.794349,0.162070,True
0.18,230,1.944933,1.086578,0.083816,True
0.18,231,1.541165,0.917326,0.082650,True
0.18,232,2.689732,1.221810,0.000000,True
0.18,233,2.011637,0.948323,0.227159,True
0.18,234,1.678345,1.019151,0.091463,True
0.18,235,1.590422,0.864703,0.155216,True
0.18,236,1.387174,0.844989,0.254172,True
0.18,237,1.457973,0.915819,0.237824,True
0.18,238,2.484649,1.034995,0.091888,True
0.18,239,1.334909,0.718069,0.456344,True
0.18,240,1.613139,0.771232,0.210565,True
0.18,241,1.524250,1.089714,0.043836,True
0.18,242,1.771479,0.958166,0.036107,True
0.18,243,1.918810,1.068073,0.000000,True
0.18,244,1.281692,0.714384,0.218602,True
0.18,245,2.060702,1.236170,0.080171,True
0.18,246,1.503067,0.789099,0.326172,True
0.18,247,1.834291,0.960116,0.162171,True
0.18,248,1.274124,0.744792,0.422121,True
0.18,249,1.227219,0.608768,0.165977,True
0.18,250,1.949451,0.900718,0.206793,True
0.18,251,1.070788,0.610232,0.242094,True
0.18,252,2.076920,1.100874,0.017018,True
0.18,253,1.448536,0.948666,0.190411,True
0.18,254,1.900600,0.847043,0.075017,True
0.18,255,1.436127,0.721468,0.364876,True
0.18,256,1.875873,0.987933,0.186828,True
0.18,257,1.763398,0.868073,0.192237,True
0.18,258,2.033971,0.997333,0.234310,True
0.18,259,2.455079,1.181479,0.000000,True
0.18,260,1.667467,0.955080,0.065626,True
0.18,261,1.833625,1.077241,0.074258,True
0.18,262,1.602278,0.746787,0.539986,True
0.18,263,1.491648,0.871636,0.140211,True
0.18,264,1.730024,0.932681,0.026833,True
0.18,265,2.435697,0.828293,0.185729,True
0.18,266,1.483870,0.831256,0.164732,True
0.18,267,1.680734,0.858867,0.107230,True
0.18,268,1.666581,0.930571,0.011077,True
0.18,269,1.705829,0.704311,0.411827,True
0.18,270,1.711128,0.907862,0.235217,True
0.18,271,1.231070,0.648713,0.437839,True
0.18,272,1.220773,0.897879,0.347483,True
0.18,273,1.945584,0.653877,0.349971,True
0.18,274,2.215023,1.035033,0.129449,True
0.18,275,1.901463,1.089689,0.095689,True
0.18,276,1.578290,0.652358,0.227330,True
0.18,277,2.522175,1.085956,0.070764,True
0.18,278,1.813621,0.922403,0.000000,True
0.18,279,2.740181,0.965798,0.196315,True
0.18,280,1.975157,0.875763,0.131138,True
0.18,281,1.133730,0.773530,0.371316,True
0.18,282,1.821581,0.816997,0.276911,True
0.18,283,1.219200,0.449790,0.385366,True
0.18,284,1.020754,0.594778,0.369095,True
0.18,285,2.069599,1.114758,0.085572,True
0.18,286,1.218289,0.705455,0.361542,True
0.18,287,2.086067,0.851525,0.197541,True
0.18,288,1.136322,0.646411,0.311826,True
0.18,289,1.887217,1.167672,0.000000,True
0.18,290,1.328536,0.805742,0.269832,True
0.18,291,2.672368,0.818203,0.197208,True
0.18,292,1.214066,0.475815,0.335440,True
0.18,293,2.428114,1.247004,0.000000,True
0.18,294,1.758947,0.767209,0.172847,True
0.18,295,2.738884,1.191394,0.000000,True
0.18,296,1.493265,0.847719,0.214711,True
0.18,297,1.539950,0.858119,0.301999,True
0.18,298,2.004113,1.148430,0.090768,True
0.18,299,1.510809,0.694066,0.387912,True
0.18,300,1.800822,1.135298,0.000000,True
0.18,301,2.041782,0.838143,0.085867,True
0.18,302,2.194142,0.828207,0.105062,True
0.18,303,1.253067,0.957577,0.196155,True
0.18,304,1.544858,0.804994,0.353624,True
0.18,305,2.229022,0.717073,0.206638,True
0.18,306,2.282056,0.954720,0.149028,True
0.18,307,2.094213,0.770974,0.102253,True
0.18,308,2.452197,1.171975,0.022930,True
0.18,309,1.670820,0.893079,0.176697,True
0.18,310,1.977236,0.913467,0.474454,True
0.18,311,2.186638,1.116892,0.000000,True
0.18,312,2.746560,1.077309,0.000000,True
0.18,313,1.468781,0.905962,0.318476,True
0.18,314,1.435075,1.025786,0.213533,True
0.18,315,1.696170,1.063069,0.031892,True
0.18,316,1.696168,0.753866,0.415466,True
0.18,317,1.804372,0.711462,0.369641,True
0.18,318,1.483225,0.911280,0.104121,True
0.18,319,2.404538,1.059276,0.000000,True
0.18,320,1.370393,0.764771,0.210991,True
0.18,321,1.617983,0.586430,0.493287,True
0.18,322,1.811243,0.830914,0.267314,True
0.18,323,1.522149,0.835934,0.189949,True
0.18,324,1.571380,0.901908,0.227940,True
0.18,325,1.409310,0.867361,0.123336,True
0.18,326,2.022680,1.047284,0.167385,True
0.18,327,0.759380,0.511290,0.482647,True
0.18,328,2.021692,0.838855,0.082377,True
0.18,329,1.953894,1.139655,0.027349,True
0.18,330,1.135677,0.737160,0.334335,True
0.18,331,2.348317,0.889314,0.193735,True
0.18,332,1.151008,0.529424,0.429731,True
0.18,333,1.094822,0.568855,0.314780,True
0.18,334,1.982408,0.775239,0.222187,True
0.18,335,0.940003,0.530666,0.418472,True
0.18,336,1.475083,0.811680,0.255939,True
0.18,337,1.304256,0.667618,0.390881,True
0.18,338,2.020857,1.127034,0.000000,True
0.18,339,3.211400,1.143413,0.000000,True
0.18,340,1.437532,0.969819,0.158504,True
0.18,341,2.174662,0.952525,0.073722,True
0.18,342,2.067402,1.199677,0.000000,True
0.18,343,1.883577,1.140418,0.000000,True
0.18,344,1.988487,1.007735,0.071579,True
0.18,345,1.566640,1.061916,0.000000,True
0.18,346,1.308018,0.702500,0.263055,True
0.18,347,1.715176,0.857100,0.146939,True
0.18,348,1.376991,0.632623,0.498120,True
0.18,349,1.690737,0.794731,0.148806,True
0.18,350,1.808784,0.857521,0.162611,True
0.18,351,1.432350,0.729667,0.145847,True
0.18,352,1.845281,0.873312,0.440893,True
0.18,353,1.695160,0.797280,0.182522,True
0.18,354,2.012977,1.284512,0.000000,True
0.18,355,1.671356,0.905199,0.080046,True
0.18,356,2.220646,1.085977,0.004730,True
0.18,357,1.262704,0.790924,0.215993,True
0.18,358,1.498351,0.791261,0.247682,True
0.18,359,2.171975,0.812482,0.095178,True
0.18,360,1.895104,0.761804,0.173621,True
0.18,361,1.933517,0.979928,0.106527,True
0.18,362,1.972413,1.148649,0.000000,True
0.18,363,1.398198,0.843147,0.123532,True
0.18,364,2.130752,0.809803,0.325697,True
0.18,365,1.836840,1.103213,0.017881,True
0.18,366,1.534642,0.711247,0.161255,True
0.18,367,1.422326,0.790225,0.195610,True
0.18,368,1.772503,0.929480,0.329639,True
0.18,369,1.892290,1.086802,0.046388,True
0.18,370,2.507303,1.171337,0.006396,True
0.18,371,2.671079,1.117252,0.048787,True
0.18,372,1.206889,0.618947,0.341398,True
0.18,373,3.179486,1.028284,0.132224,True
0.18,374,1.287189,0.716508,0.483464,True
0.18,375,1.927738,0.758747,0.154998,True
0.18,376,1.455545,0.667511,0.154023,True
0.18,377,1.703222,0.917009,0.239778,True
0.18,378,1.670505,1.071270,0.037436,True
0.18,379,1.773566,1.011711,0.196044,True
0.18,380,1.805865,1.200455,0.000000,True
0.18,381,1.461556,0.945422,0.053670,True
0.18,382,2.517771,1.219643,0.054949,True
0.18,383,1.763203,1.010375,0.154571,True
0.18,384,1.800052,0.901199,0.000000,True
0.18,385,1.749545,1.200126,0.038900,True
0.18,386,1.942167,1.065603,0.081438,True
0.18,387,1.710570,1.302341,0.019135,True
0.18,388,2.570941,0.998186,0.115145,True
0.18,389,1.511468,0.632373,0.546166,True
0.18,390,1.638151,0.802240,0.162375,True
0.18,391,2.308078,1.179486,0.000000,True
0.18,392,2.164286,0.694483,0.288725,True
0.18,393,2.007607,0.787664,0.160723,True
0.18,394,2.111718,1.086702,0.084170,True
0.18,395,1.644218,0.857369,0.051900,True
0.18,396,2.384286,1.188259,0.035104,True
0.18,397,1.378930,0.664072,0.257072,True
0.18,398,2.736440,1.077390,0.004095,True
0.18,399,2.089033,1.079768,0.000000,True
0.18,400,1.918617,1.100028,0.000000,True
0.18,401,2.635886,1.004158,0.081559,True
0.18,402,2.157640,1.008228,0.094571,True
0.18,403,2.287268,1.182660,0.101895,True
0.18,404,1.530555,0.543779,0.648943,True
0.18,405,1.731931,0.867247,0.163345,True
0.18,406,1.355342,0.712351,0.316777,True
0.18,407,2.081787,0.900919,0.142627,True
0.18,408,1.381518,0.791867,0.186560,True
0.18,409,2.408273,1.222822,0.044894,True
0.18,410,1.366339,1.001152,0.202330,True
0.18,411,1.974959,0.808710,0.210754,True
0.18,412,2.172518,1.196599,0.000000,True
0.18,413,1.371704,0.907777,0.187251,True
0.18,414,1.369521,0.949415,0.174097,True
0.18,415,1.776355,1.066410,0.044947,True
0.18,416,1.477702,0.718073,0.324803,True
0.18,417,1.583450,1.160573,0.084870,True
0.18,418,1.364586,0.829987,0.144435,True
0.18,419,1.684856,0.933259,0.015242,True
0.18,420,1.822410,1.156264,0.000000,True
0.18,421,2.498866,1.253367,0.000000,True
0.18,422,2.148339,1.058943,0.001187,True
0.18,423,1.796551,1.024758,0.000000,True
0.18,424,1.247076,0.723323,0.344229,True
0.18,425,2.186028,1.056278,0.006787,True
0.18,426,1.245844,0.803069,0.221223,True
0.18,427,1.523781,0.779079,0.230820,True
0.18,428,2.101941,0.972017,0.132261,True
0.18,429,2.696079,0.903793,0.000000,True
0.18,430,1.844060,0.992396,0.257275,True
0.18,431,1.936592,0.743442,0.236717,True
0.18,432,1.954319,1.041004,0.043056,True
0.18,433,2.738871,0.998247,0.182067,True
0.18,434,1.708881,1.017261,0.003018,True
0.18,435,1.799406,1.295502,0.000000,True
0.18,436,2.262505,0.982576,0.000000,True
0.18,437,1.318008,0.925438,0.239811,True
0.18,438,1.388869,0.791190,0.347487,True
0.18,439,1.453238,0.859156,0.218444,True
0.18,440,2.414871,0.985832,0.119044,True
0.18,441,1.779187,0.973503,0.149209,True
0.18,442,1.149548,0.825948,0.380731,True
0.18,443,2.094500,0.810384,0.116783,True
0.18,444,1.393071,0.663916,0.424093,True
0.18,445,2.333283,0.929379,0.307101,True
0.18,446,1.781276,1.105756,0.161578,True
0.18,447,2.391750,1.163017,0.000000,True
0.18,448,1.134151,0.683260,0.245793,True
0.18,449,2.049275,1.260401,0.000000,True
0.18,450,1.956347,0.829818,0.089115,True
0.18,451,1.614543,0.740773,0.316968,True
0.18,452,2.459561,1.260440,0.112783,True
0.18,453,2.167227,1.003894,0.020917,True
0.18,454,1.688687,0.976569,0.103217,True
0.18,455,2.254555,0.790024,0.129173,True
0.18,456,0.988367,0.607280,0.305096,True
0.18,457,2.506596,1.226923,0.000283,True
0.18,458,1.787844,1.029079,0.173870,True
0.18,459,1.454892,0.676768,0.394484,True
0.18,460,1.661604,0.887912,0.015615,True
0.18,461,2.220041,1.062397,0.000000,True
0.18,462,2.191957,1.084692,0.135494,True
0.18,463,2.499606,0.819198,0.000000,True
0.18,464,1.371242,0.643593,0.479507,True
0.18,465,2.734739,1.070473,0.000000,True
0.18,466,2.098397,1.080698,0.000000,True
0.18,467,2.348337,0.891185,0.128906,True
0.18,468,1.393544,0.514489,0.398737,True
0.18,469,1.188419,0.728434,0.224780,True
0.18,470,3.029882,1.196106,0.000000,True
0.18,471,2.958161,1.081210,0.001515,True
0.18,472,1.799448,0.654219,0.362662,True
0.18,473,2.809001,1.167610,0.000000,True
0.18,474,2.033501,1.159486,0.000000,True
0.18,475,1.510482,0.854407,0.287171,True
0.18,476,1.006409,0.633769,0.397049,True
0.18,477,1.888360,0.782329,0.234300,True
0.18,478,2.068380,0.923041,0.095059,True
0.18,479,1.704629,1.287396,0.003702,True
0.18,480,2.088518,1.297753,0.000000,True
0.18,481,1.852772,0.987070,0.203230,True
0.18,482,2.617016,1.178045,0.000000,True
0.18,483,1.887106,0.866533,0.112646,True
0.18,484,2.361499,1.181664,0.091776,True
0.18,485,2.787142,1.067897,0.046318,True
0.18,486,1.013493,0.829342,0.166452,True
0.18,487,2.139019,0.704201,0.181899,True
0.18,488,2.242479,1.096870,0.000000,True
0.18,489,1.847426,0.971436,0.228958,True
0.18,490,1.810161,1.054388,0.127513,True
0.18,491,2.198971,0.972689,0.051409,True
0.18,492,1.565940,1.243818,0.069628,True
0.18,493,1.270996,0.576174,0.279060,True
0.18,494,1.417061,1.128496,0.000000,True
0.18,495,1.146289,0.729329,0.376841,True
0.18,496,1.981481,1.226630,0.000000,True
0.18,497,1.244652,0.659749,0.277043,True
0.18,498,1.674892,0.832946,0.278175,True
0.18,499,1.534026,0.849973,0.119270,True
0.20,0,2.101622,0.923818,0.093613,True
0.20,1,2.067740,1.030066,0.265023,True
0.20,2,0.746225,0.514970,0.524933,True
0.20,3,2.314259,0.727640,0.245911,True
0.20,4,1.593452,0.666405,0.299004,True
0.20,5,1.494877,0.706467,0.302047,True
0.20,6,1.857668,0.889753,0.169694,True
0.20,7,1.850855,0.662188,0.260974,True
0.20,8,1.962917,1.150541,0.011618,True
0.20,9,1.062382,0.751278,0.253868,True
0.20,10,1.273867,0.897388,0.291932,True
0.20,11,1.266711,0.876464,0.296919,True
0.20,12,1.839437,1.093451,0.142079,True
0.20,13,1.453092,0.765087,0.129241,True
0.20,14,2.188921,1.114627,0.000000,True
0.20,15,1.162000,0.737426,0.219134,True
0.20,16,2.139053,0.953020,0.082070,True
0.20,17,2.423631,1.382054,0.000000,True
0.20,18,0.965266,0.493483,0.444558,True
0.20,19,1.768640,0.764513,0.194332,True
0.20,20,1.706629,0.769420,0.239505,True
0.20,21,2.647450,0.915476,0.191166,True
0.20,22,1.557073,0.872792,0.228583,True
0.20,23,2.161575,0.994304,0.167016,True
0.20,24,2.166034,0.864634,0.111924,True
0.20,25,2.304928,1.074477,0.164641,True
0.20,26,2.072136,1.250699,0.082502,True
0.20,27,1.282240,0.730076,0.236075,True
0.20,28,1.788488,0.993362,0.000000,True
0.20,29,1.638951,1.009611,0.070827,True
0.20,30,1.688110,1.026210,0.000000,True
0.20,31,1.548645,0.912994,0.113009,True
0.20,32,1.993011,0.968236,0.075051,True
0.20,33,2.342828,0.961615,0.039675,True
0.20,34,1.388356,0.602958,0.416936,True
0.20,35,1.614538,1.118525,0.117595,True
0.20,36,2.379316,1.044598,0.000000,True
0.20,37,1.743458,1.139956,0.000000,True
0.20,38,2.330576,1.268452,0.000000,True
0.20,39,1.230651,0.917520,0.124343,True
0.20,40,1.264544,0.938573,0.291308,True
0.20,41,1.236772,0.737273,0.296358,True
0.20,42,2.172825,1.190157,0.077801,True
0.20,43,2.228627,0.835165,0.183869,True
0.20,44,2.244726,1.067502,0.043500,True
0.20,45,1.100049,0.674832,0.370813,True
0.20,46,2.030525,1.257153,0.000000,True
0.20,47,1.243003,0.766018,0.377388,True
0.20,48,1.274823,0.724658,0.198806,True
0.20,49,1.970390,0.997459,0.063967,True
0.20,50,1.924716,0.954051,0.196346,True
0.20,51,1.130969,0.665304,0.323718,True
0.20,52,2.079340,0.977806,0.105349,True
0.20,53,1.655492,0.962846,0.181600,True
0.20,54,1.987338,0.887421,0.293060,True
0.20,55,2.526553,1.230613,0.063290,True
0.20,56,1.516245,0.864138,0.158645,True
0.20,57,1.947290,0.991282,0.064760,True
0.20,58,1.194955,0.549069,0.261471,True
0.20,59,1.770952,0.973371,0.104952,True
0.20,60,1.680861,0.754994,0.292362,True
0.20,61,2.061335,0.995633,0.000000,True
0.20,62,1.811939,1.022195,0.034878,True
0.20,63,1.564634,0.602642,0.486091,True
0.20,64,1.823797,0.807699,0.141622,True
0.20,65,1.927525,0.814488,0.174163,True
0.20,66,2.001641,0.839316,0.070311,True
0.20,67,1.251552,0.787111,0.315026,True
0.20,68,1.502339,1.024505,0.240858,True
0.20,69,2.093866,1.133467,0.035285,True
0.20,70,1.145017,0.705942,0.501078,True
0.20,71,2.279888,1.073402,0.074931,True
0.20,72,1.537228,0.722967,0.192746,True
0.20,73,1.149329,0.602088,0.369029,True
0.20,74,2.001174,0.998602,0.000000,True
0.20,75,1.330787,0.705960,0.337634,True
0.20,76,2.018278,1.046500,0.122537,True
0.20,77,2.283364,0.991988,0.111916,True
0.20,78,2.372014,0.999669,0.000000,True
0.20,79,1.818186,1.025186,0.040960,True
0.20,80,1.890425,0.922344,0.212878,True
0.20,81,1.238984,0.576843,0.270922,True
0.20,82,1.652159,0.875465,0.046950,True
0.20,83,1.579967,0.974245,0.113837,True
0.20,84,1.595468,0.628607,0.405718,True
0.20,85,1.239529,0.758548,0.212489,True
0.20,86,1.617641,0.916649,0.247793,True
0.20,87,1.609738,0.702024,0.260031,True
0.20,88,1.931275,1.042564,0.170198,True
0.20,89,3.002112,1.028043,0.077268,True
0.20,90,1.258179,0.709342,0.263243,True
0.20,91,1.294545,0.552043,0.449910,True
0.20,92,1.598392,0.877858,0.322672,True
0.20,93,1.768470,0.796536,0.143639,True
0.20,94,2.269697,1.105369,0.041150,True
0.20,95,1.943758,0.772918,0.181327,True
0.20,96,2.130039,1.213266,0.005713,True
0.20,97,1.710119,0.905838,0.246195,True
0.20,98,1.486350,0.763618,0.226578,True
0.20,99,1.831522,0.592706,0.312027,True
0.20,100,1.501741,0.777793,0.192683,True
0.20,101,1.915450,1.021364,0.055127,True
0.20,102,1.419558,0.878347,0.066028,True
0.20,103,1.884768,0.904276,0.142340,True
0.20,104,1.672656,0.819676,0.134008,True
0.20,105,1.847058,0.783314,0.126779,True
0.20,106,1.584709,0.901754,0.094039,True
0.20,107,1.584243,0.803714,0.351619,True
0.20,108,1.955205,0.731954,0.333643,True
0.20,109,1.940505,1.031603,0.118345,True
0.20,110,1.885872,0.926120,0.074681,True
0.20,111,1.990275,1.070224,0.029409,True
0.20,112,1.631115,0.884905,0.142200,True
0.20,113,1.520237,0.622195,0.379563,True
0.20,114,1.487966,1.088227,0.123200,True
0.20,115,1.437810,0.805718,0.239317,True
0.20,116,1.366613,0.673200,0.254843,True
0.20,117,2.044498,1.254074,0.000000,True
0.20,118,3.049347,0.811366,0.042728,True
0.20,119,1.243095,0.500264,0.184014,True
0.20,120,1.670138,0.951187,0.193841,True
0.20,121,1.554591,1.162820,0.090490,True
0.20,122,1.708981,0.680383,0.262079,True
0.20,123,2.644008,1.251066,0.000000,True
0.20,124,1.731154,0.782889,0.296404,True
0.20,125,2.124019,1.158984,0.000000,True
0.20,126,2.545389,1.115737,0.000000,True
0.20,127,1.362191,0.665889,0.302389,True
0.20,128,2.569014,1.331478,0.054931,True
0.20,129,1.583661,0.702734,0.231569,True
0.20,130,2.370603,1.106035,0.000000,True
0.20,131,1.375038,0.505937,0.537988,True
0.20,132,1.888149,1.161545,0.046962,True
0.20,133,1.550019,0.762405,0.129866,True
0.20,134,1.381284,0.997445,0.266751,True
0.20,135,2.016505,1.095033,0.140436,True
0.20,136,1.464492,1.017737,0.072118,True
0.20,137,1.744398,0.828776,0.179246,True
0.20,138,1.630482,0.822130,0.286438,True
0.20,139,1.784468,1.038734,0.000000,True
0.20,140,1.548571,0.874056,0.292087,True
0.20,141,1.979610,0.874501,0.096602,True
0.20,142,1.531396,0.932060,0.275815,True
0.20,143,2.935690,1.186100,0.051990,True
0.20,144,1.733184,1.116455,0.217327,True
0.20,145,2.164979,0.902531,0.309075,True
0.20,146,1.772274,0.766853,0.061284,True
0.20,147,1.194130,0.812402,0.201589,True
0.20,148,1.818744,0.977407,0.109193,True
0.20,149,1.582594,1.047176,0.000000,True
0.20,150,1.463194,0.977673,0.174015,True
0.20,151,1.865408,0.937048,0.170769,True
0.20,152,1.405314,0.790409,0.295360,True
0.20,153,1.822274,0.810513,0.215475,True
0.20,154,2.587907,1.219188,0.000000,True
0.20,155,1.533071,0.730522,0.294941,True
0.20,156,2.008898,1.125373,0.000000,True
0.20,157,2.144217,1.116470,0.004864,True
0.20,158,2.104862,0.922845,0.025018,True
0.20,159,1.643278,1.085961,0.018463,True
0.20,160,2.181807,1.167684,0.140998,True
0.20,161,1.460984,0.689610,0.362462,True
0.20,162,1.915677,1.032019,0.041019,True
0.20,163,1.543837,0.949473,0.178058,True
0.20,164,1.292921,0.426086,0.496159,True
0.20,165,1.604661,0.811890,0.196605,True
0.20,166,2.038714,1.202242,0.027353,True
0.20,167,2.053497,1.013766,0.101781,True
0.20,168,1.639085,0.972409,0.192253,True
0.20,169,1.420039,0.889479,0.262562,True
0.20,170,1.546889,0.650817,0.437005,True
0.20,171,2.041102,0.916124,0.188201,True
0.20,172,1.222034,0.629769,0.517135,True
0.20,173,1.356842,0.750254,0.190218,True
0.20,174,1.765489,0.919875,0.267413,True
0.20,175,1.862141,1.111019,0.086644,True
0.20,176,1.871903,0.828185,0.181046,True
0.20,177,2.251730,0.796383,0.136819,True
0.20,178,1.369435,0.788673,0.283125,True
0.20,179,1.258268,0.801352,0.155269,True
0.20,180,2.871663,1.171402,0.000000,True
0.20,181,1.203609,0.680684,0.255318,True
0.20,182,1.480369,0.780720,0.190120,True
0.20,183,1.970779,1.096567,0.055278,True
0.20,184,1.941861,0.715449,0.330446,True
0.20,185,1.616761,0.902962,0.088125,True
0.20,186,1.603748,0.678135,0.239051,True
0.20,187,1.225889,0.595178,0.350000,True
0.20,188,1.327281,0.701189,0.321561,True
0.20,189,2.357722,1.255378,0.000000,True
0.20,190,1.837327,1.114864,0.000000,True
0.20,191,1.608624,0.905003,0.135173,True
0.20,192,1.639223,0.803037,0.316604,True
0.20,193,1.871324,0.845823,0.214022,True
0.20,194,2.220227,1.032533,0.000000,True
0.20,195,1.522022,0.911494,0.167218,True
0.20,196,1.513510,0.524759,0.405450,True
0.20,197,1.892554,0.818597,0.053861,True
0.20,198,1.685984,0.842785,0.293765,True
0.20,199,2.071771,0.853189,0.130379,True
0.20,200,1.549763,1.059243,0.102673,True
0.20,201,1.961293,0.793718,0.347127,True
0.20,202,1.948569,0.528470,0.472036,True
0.20,203,1.132220,0.737959,0.349027,True
0.20,204,2.094459,0.964707,0.149134,True
0.20,205,1.289402,0.754801,0.302754,True
0.20,206,2.033519,1.142625,0.000000,True
0.20,207,1.904689,1.234920,0.000000,True
0.20,208,1.552000,0.684933,0.278072,True
0.20,209,2.708996,1.129028,0.043122,True
0.20,210,1.540646,0.804568,0.256288,True
0.20,211,2.532907,1.138655,0.000000,True
0.20,212,2.455322,0.862941,0.137575,True
0.20,213,1.895916,0.861052,0.200677,True
0.20,214,1.574696,0.714106,0.295888,True
0.20,215,2.406587,1.062076,0.000000,True
0.20,216,1.663527,1.029640,0.149912,True
0.20,217,2.092364,1.026043,0.178165,True
0.20,218,1.389262,0.707391,0.310844,True
0.20,219,1.686363,1.180008,0.000000,True
0.20,220,1.433604,0.879778,0.071270,True
0.20,221,1.151129,0.473052,0.532992,True
0.20,222,2.159946,1.051946,0.112325,True
0.20,223,0.901886,0.564378,0.465235,True
0.20,224,1.079087,0.579763,0.274954,True
0.20,225,1.817902,0.970567,0.036238,True
0.20,226,1.648614,1.131237,0.160619,True
0.20,227,1.701377,0.623867,0.330184,True
0.20,228,2.497145,1.087817,0.000000,True
0.20,229,1.493433,0.792535,0.163638,True
0.20,230,1.928645,1.080417,0.089189,True
0.20,231,1.533096,0.914661,0.084855,True
0.20,232,2.689732,1.221810,0.000000,True
0.20,233,1.983782,0.940125,0.234564,True
0.20,234,1.665182,1.014477,0.095436,True
0.20,235,1.582259,0.861966,0.157458,True
0.20,236,1.372170,0.841981,0.257167,True
0.20,237,1.448720,0.913342,0.240048,True
0.20,238,2.442378,1.022527,0.103503,True
0.20,239,1.330661,0.717022,0.457193,True
0.20,240,1.605004,0.768936,0.212481,True
0.20,241,1.506472,1.084335,0.048804,True
0.20,242,1.760343,0.954647,0.039217,True
0.20,243,1.918810,1.068073,0.000000,True
0.20,244,1.275251,0.713110,0.219736,True
0.20,245,2.023316,1.222892,0.092476,True
0.20,246,1.489015,0.785823,0.329095,True
0.20,247,1.797047,0.950351,0.171349,True
0.20,248,1.271632,0.744133,0.422639,True
0.20,249,1.223890,0.608169,0.166487,True
0.20,250,1.934765,0.895762,0.211048,True
0.20,251,1.069321,0.609954,0.242308,True
0.20,252,2.053938,1.092929,0.024214,True
0.20,253,1.442310,0.946678,0.192083,True
0.20,254,1.872757,0.839154,0.081893,True
0.20,255,1.429118,0.719791,0.366283,True
0.20,256,1.860203,0.981825,0.191914,True
0.20,257,1.749381,0.864507,0.195531,True
0.20,258,2.014037,0.990990,0.240025,True
0.20,259,2.455079,1.181479,0.000000,True
0.20,260,1.660721,0.953045,0.067444,True
0.20,261,1.819074,1.072035,0.078849,True
0.20,262,1.594567,0.745062,0.541553,True
0.20,263,1.482152,0.868839,0.142557,True
0.20,264,1.713441,0.928163,0.030996,True
0.20,265,2.394391,0.819142,0.194419,True
0.20,266,1.468658,0.826994,0.168250,True
0.20,267,1.649275,0.850641,0.114512,True
0.20,268,1.657104,0.927892,0.013501,True
0.20,269,1.664605,0.696025,0.419366,True
0.20,270,1.696672,0.903193,0.239170,True
0.20,271,1.223179,0.647071,0.439124,True
0.20,272,1.215704,0.896589,0.348588,True
0.20,273,1.926077,0.649712,0.353676,True
0.20,274,2.183167,1.024894,0.138690,True
0.20,275,1.888884,1.085177,0.099708,True
0.20,276,1.562000,0.649149,0.230189,True
0.20,277,2.476280,1.071931,0.083866,True
0.20,278,1.813621,0.922403,0.000000,True
0.20,279,2.686313,0.950152,0.210665,True
0.20,280,1.957957,0.871237,0.135299,True
0.20,281,1.131485,0.773030,0.371730,True
0.20,282,1.793642,0.810317,0.283030,True
0.20,283,1.216865,0.449386,0.385665,True
0.20,284,1.018403,0.594340,0.369398,True
0.20,285,2.049906,1.106896,0.092418,True
0.20,286,1.214924,0.704687,0.362155,True
0.20,287,2.046419,0.841330,0.206807,True
0.20,288,1.133974,0.645840,0.312232,True
0.20,289,1.887217,1.167672,0.000000,True
0.20,290,1.322635,0.804325,0.271058,True
0.20,291,2.634662,0.805905,0.207884,True
0.20,292,1.212240,0.475290,0.335755,True
0.20,293,2.428114,1.247004,0.000000,True
0.20,294,1.746573,0.764219,0.175524,True
0.20,295,2.738884,1.191394,0.000000,True
0.20,296,1.488229,0.846066,0.216030,True
0.20,297,1.533830,0.855484,0.303942,True
0.20,298,1.962368,1.135808,0.102849,True
0.20,299,1.497532,0.691192,0.390414,True
0.20,300,1.800822,1.135298,0.000000,True
0.20,301,2.023648,0.832148,0.090933,True
0.20,302,2.170647,0.820976,0.111316,True
0.20,303,1.239846,0.954351,0.199080,True
0.20,304,1.536855,0.802843,0.355468,True
0.20,305,2.205594,0.711269,0.211771,True
0.20,306,2.253491,0.945764,0.157057,True
0.20,307,2.067188,0.764558,0.108094,True
0.20,308,2.421941,1.158620,0.034596,True
0.20,309,1.653567,0.888556,0.180825,True
0.20,310,1.956102,0.907530,0.479853,True
0.20,311,2.186638,1.116892,0.000000,True
0.20,312,2.746560,1.077309,0.000000,True
0.20,313,1.457600,0.902274,0.321425,True
0.20,314,1.425033,1.022903,0.216178,True
0.20,315,1.688357,1.060038,0.034454,True
0.20,316,1.686572,0.750881,0.417871,True
0.20,317,1.793537,0.708325,0.372218,True
0.20,318,1.468844,0.907110,0.107673,True
0.20,319,2.404538,1.059276,0.000000,True
0.20,320,1.350638,0.760877,0.214613,True
0.20,321,1.608607,0.584557,0.494896,True
0.20,322,1.790925,0.825986,0.271861,True
0.20,323,1.516077,0.834135,0.191451,True
0.20,324,1.563429,0.899353,0.230074,True
0.20,325,1.405439,0.866056,0.124371,True
0.20,326,1.998207,1.039706,0.174374,True
0.20,327,0.759075,0.511280,0.482666,True
0.20,328,2.006189,0.832265,0.087599,True
0.20,329,1.935925,1.132094,0.033841,True
0.20,330,1.134099,0.736845,0.334609,True
0.20,331,2.316666,0.880808,0.201550,True
0.20,332,1.149429,0.529124,0.429953,True
0.20,333,1.093365,0.568614,0.314975,True
0.20,334,1.959400,0.769507,0.227324,True
0.20,335,0.937398,0.530476,0.418704,True
0.20,336,1.464949,0.808738,0.258316,True
0.20,337,1.299395,0.666562,0.391746,True
0.20,338,2.020857,1.127034,0.000000,True
0.20,339,3.211400,1.143413,0.000000,True
0.20,340,1.428477,0.967300,0.160784,True
0.20,341,2.153956,0.944993,0.080213,True
0.20,342,2.067402,1.199677,0.000000,True
0.20,343,1.880028,1.138930,0.001273,True
0.20,344,1.965387,1.000968,0.077864,True
0.20,345,1.566640,1.061916,0.000000,True
0.20,346,1.304939,0.701856,0.263615,True
0.20,347,1.704582,0.853909,0.149675,True
0.20,348,1.371388,0.631406,0.499111,True
0.20,349,1.681665,0.792249,0.150946,True
0.20,350,1.785852,0.851665,0.167953,True
0.20,351,1.419927,0.726863,0.148251,True
0.20,352,1.834530,0.869770,0.443894,True
0.20,353,1.683429,0.794549,0.185042,True
0.20,354,2.012977,1.284512,0.000000,True
0.20,355,1.659110,0.901864,0.083070,True
0.20,356,2.196572,1.077019,0.012683,True
0.20,357,1.259895,0.790194,0.216589,True
0.20,358,1.491170,0.789349,0.249303,True
0.20,359,2.143082,0.805024,0.101901,True
0.20,360,1.868333,0.756158,0.178954,True
0.20,361,1.918058,0.975081,0.110882,True
0.20,362,1.972413,1.148649,0.000000,True
0.20,363,1.394003,0.841974,0.124517,True
0.20,364,2.110129,0.803927,0.330861,True
0.20,365,1.818462,1.096758,0.023644,True
0.20,366,1.523687,0.708960,0.163325,True
0.20,367,1.414134,0.788254,0.197330,True
0.20,368,1.751148,0.923596,0.335009,True
0.20,369,1.842106,1.069945,0.061302,True
0.20,370,2.472503,1.156539,0.019401,True
0.20,371,2.607913,1.098911,0.066212,True
0.20,372,1.204804,0.618499,0.341746,True
0.20,373,3.087825,1.003054,0.155800,True
0.20,374,1.284360,0.715730,0.484059,True
0.20,375,1.914595,0.755612,0.157834,True
0.20,376,1.450209,0.665884,0.155224,True
0.20,377,1.692256,0.913181,0.242943,True
0.20,378,1.647826,1.063441,0.044223,True
0.20,379,1.756465,1.005755,0.201178,True
0.20,380,1.805865,1.200455,0.000000,True
0.20,381,1.454188,0.943361,0.055517,True
0.20,382,2.467883,1.202853,0.070702,True
0.20,383,1.750624,1.006120,0.158290,True
0.20,384,1.800052,0.901199,0.000000,True
0.20,385,1.728025,1.193154,0.045550,True
0.20,386,1.902777,1.053767,0.092429,True
0.20,387,1.694707,1.296414,0.024631,True
0.20,388,2.512078,0.982900,0.129700,True
0.20,389,1.505598,0.630973,0.547300,True
0.20,390,1.626544,0.799350,0.164949,True
0.20,391,2.308078,1.179486,0.000000,True
0.20,392,2.138768,0.689020,0.293704,True
0.20,393,1.989863,0.782651,0.165073,True
0.20,394,2.094151,1.078232,0.091171,True
0.20,395,1.618138,0.849986,0.058174,True
0.20,396,2.351819,1.176132,0.046127,True
0.20,397,1.375878,0.663257,0.257700,True
0.20,398,2.675246,1.058718,0.021433,True
0.20,399,2.089033,1.079768,0.000000,True
0.20,400,1.918617,1.100028,0.000000,True
0.20,401,2.582668,0.989737,0.095157,True
0.20,402,2.135220,1.000379,0.101516,True
0.20,403,2.256500,1.168939,0.113742,True
0.20,404,1.517938,0.541875,0.650711,True
0.20,405,1.718238,0.863677,0.166595,True
0.20,406,1.351663,0.710968,0.317716,True
0.20,407,2.048706,0.891421,0.151137,True
0.20,408,1.366108,0.788396,0.189628,True
0.20,409,2.377373,1.209216,0.056854,True
0.20,410,1.358246,0.998851,0.204397,True
0.20,411,1.950900,0.802885,0.216104,True
0.20,412,2.172518,1.196599,0.000000,True
0.20,413,1.349224,0.901895,0.192317,True
0.20,414,1.363574,0.947776,0.175559,True
0.20,415,1.757191,1.059919,0.050707,True
0.20,416,1.472651,0.716478,0.326013,True
0.20,417,1.577172,1.158075,0.087008,True
0.20,418,1.361162,0.828820,0.145324,True
0.20,419,1.668746,0.928456,0.019465,True
0.20,420,1.822410,1.156264,0.000000,True
0.20,421,2.498866,1.253367,0.000000,True
0.20,422,2.123143,1.051491,0.008205,True
0.20,423,1.796551,1.024758,0.000000,True
0.20,424,1.244791,0.722636,0.344726,True
0.20,425,2.161566,1.046532,0.015175,True
0.20,426,1.243312,0.802399,0.221769,True
0.20,427,1.518865,0.777617,0.232009,True
0.20,428,2.067127,0.962718,0.141044,True
0.20,429,2.696079,0.903793,0.000000,True
0.20,430,1.817345,0.984570,0.264435,True
0.20,431,1.918623,0.738743,0.240792,True
0.20,432,1.938501,1.034375,0.048583,True
0.20,433,2.670595,0.980327,0.199011,True
0.20,434,1.696970,1.013733,0.006275,True
0.20,435,1.796455,1.294214,0.001125,True
0.20,436,2.262505,0.982576,0.000000,True
0.20,437,1.313884,0.924157,0.240855,True
0.20,438,1.381501,0.789108,0.349148,True
0.20,439,1.441374,0.855967,0.221183,True
0.20,440,2.381172,0.975653,0.128364,True
0.20,441,1.766638,0.969690,0.152651,True
0.20,442,1.148103,0.825580,0.381029,True
0.20,443,2.073964,0.804420,0.121978,True
0.20,444,1.389809,0.663101,0.424741,True
0.20,445,2.286545,0.916692,0.318796,True
0.20,446,1.765170,1.100127,0.166608,True
0.20,447,2.391750,1.163017,0.000000,True
0.20,448,1.132442,0.682899,0.246081,True
0.20,449,2.049275,1.260401,0.000000,True
0.20,450,1.921802,0.821753,0.096647,True
0.20,451,1.603432,0.737970,0.319358,True
0.20,452,2.397251,1.240049,0.132212,True
0.20,453,2.145523,0.996055,0.027766,True
0.20,454,1.679204,0.973698,0.105799,True
0.20,455,2.229184,0.783136,0.135277,True
0.20,456,0.982326,0.605917,0.305850,True
0.20,457,2.469045,1.212384,0.013488,True
0.20,458,1.777073,1.025505,0.177052,True
0.20,459,1.436773,0.672284,0.397977,True
0.20,460,1.650953,0.884382,0.018546,True
0.20,461,2.220041,1.062397,0.000000,True
0.20,462,2.162030,1.074316,0.144847,True
0.20,463,2.499606,0.819198,0.000000,True
0.20,464,1.365349,0.642469,0.480500,True
0.20,465,2.734739,1.070473,0.000000,True
0.20,466,2.098397,1.080698,0.000000,True
0.20,467,2.315302,0.881852,0.137359,True
0.20,468,1.388837,0.513643,0.399431,True
0.20,469,1.183837,0.727532,0.225569,True
0.20,470,3.029882,1.196106,0.000000,True
0.20,471,2.880382,1.059633,0.021969,True
0.20,472,1.786164,0.650976,0.365398,True
0.20,473,2.809001,1.167610,0.000000,True
0.20,474,2.033501,1.159486,0.000000,True
0.20,475,1.499856,0.851588,0.289638,True
0.20,476,1.004496,0.633476,0.397295,True
0.20,477,1.876248,0.778412,0.237537,True
0.20,478,2.019518,0.909930,0.107078,True
0.20,479,1.691685,1.282199,0.008353,True
0.20,480,2.088518,1.297753,0.000000,True
0.20,481,1.834272,0.981662,0.208205,True
0.20,482,2.617016,1.178045,0.000000,True
0.20,483,1.872481,0.862025,0.116541,True
0.20,484,2.299097,1.162198,0.110217,True
0.20,485,2.730884,1.050698,0.062276,True
0.20,486,1.010549,0.828832,0.166934,True
0.20,487,2.116154,0.699290,0.186400,True
0.20,488,2.242479,1.096870,0.000000,True
0.20,489,1.833134,0.966870,0.233010,True
0.20,490,1.790619,1.047716,0.133410,True
0.20,491,2.175992,0.965940,0.057613,True
0.20,492,1.556759,1.240373,0.072732,True
0.20,493,1.267463,0.575404,0.279636,True
0.20,494,1.417061,1.128496,0.000000,True
0.20,495,1.144424,0.728816,0.377209,True
0.20,496,1.981481,1.226630,0.000000,True
0.20,497,1.239963,0.658701,0.277860,True
0.20,498,1.663517,0.829601,0.281012,True
0.20,499,1.511031,0.844412,0.124300,True
0.22,0,2.081177,0.916791,0.099659,True
0.22,1,2.034916,1.020759,0.273809,True
0.22,2,0.745771,0.514965,0.524959,True
0.22,3,2.283485,0.720864,0.252126,True
0.22,4,1.583602,0.664233,0.300879,True
0.22,5,1.484720,0.704060,0.304066,True
0.22,6,1.846661,0.886187,0.172755,True
0.22,7,1.822862,0.656725,0.265965,True
0.22,8,1.944461,1.143938,0.017605,True
0.22,9,1.056067,0.750521,0.254773,True
0.22,10,1.270338,0.896418,0.292751,True
0.22,11,1.264691,0.875854,0.297409,True
0.22,12,1.821293,1.087622,0.147454,True
0.22,13,1.447823,0.763809,0.130355,True
0.22,14,2.188921,1.114627,0.000000,True
0.22,15,1.156714,0.736190,0.220074,True
0.22,16,2.115516,0.945724,0.088615,True
0.22,17,2.423631,1.382054,0.000000,True
0.22,18,0.964443,0.493368,0.444643,True
0.22,19,1.747637,0.759522,0.198789,True
0.22,20,1.691972,0.766149,0.242530,True
0.22,21,2.623650,0.900054,0.203570,True
0.22,22,1.551759,0.871167,0.229958,True
0.22,23,2.141452,0.986301,0.173810,True
0.22,24,2.146306,0.858373,0.117367,True
0.22,25,2.274513,1.064238,0.173939,True
0.22,26,2.055959,1.241685,0.089914,True
0.22,27,1.277516,0.729027,0.236959,True
0.22,28,1.788488,0.993362,0.000000,True
0.22,29,1.627979,1.006087,0.073937,True
0.22,30,1.688110,1.026210,0.000000,True
0.22,31,1.540822,0.910328,0.115179,True
0.22,32,1.976391,0.961968,0.080352,True
0.22,33,2.293555,0.948893,0.051716,True
0.22,34,1.376323,0.600599,0.418873,True
0.22,35,1.606574,1.115461,0.120222,True
0.22,36,2.379316,1.044598,0.000000,True
0.22,37,1.743458,1.139956,0.000000,True
0.22,38,2.330576,1.268452,0.000000,True
0.22,39,1.226150,0.916308,0.125370,True
0.22,40,1.257419,0.936617,0.292964,True
0.22,41,1.222926,0.734623,0.298701,True
0.22,42,2.150161,1.180424,0.086304,True
0.22,43,2.206973,0.827925,0.190034,True
0.22,44,2.223912,1.057300,0.051942,True
0.22,45,1.098810,0.674532,0.371027,True
0.22,46,2.030525,1.257153,0.000000,True
0.22,47,1.232626,0.763889,0.379258,True
0.22,48,1.269465,0.723502,0.199792,True
0.22,49,1.951464,0.990119,0.070153,True
0.22,50,1.883091,0.941975,0.207170,True
0.22,51,1.129234,0.664986,0.323992,True
0.22,52,2.062862,0.970436,0.111369,True
0.22,53,1.637381,0.957830,0.186208,True
0.22,54,1.967375,0.881302,0.298407,True
0.22,55,2.484667,1.215192,0.077468,True
0.22,56,1.504677,0.861112,0.161327,True
0.22,57,1.929253,0.985819,0.069740,True
0.22,58,1.192749,0.548679,0.261784,True
0.22,59,1.751340,0.966897,0.110535,True
0.22,60,1.664470,0.751245,0.295749,True
0.22,61,2.061335,0.995633,0.000000,True
0.22,62,1.784193,1.014643,0.042100,True
0.22,63,1.541230,0.598192,0.489910,True
0.22,64,1.807248,0.803311,0.145491,True
0.22,65,1.915493,0.809208,0.178248,True
0.22,66,1.974289,0.832884,0.076355,True
0.22,67,1.245337,0.785944,0.316167,True
0.22,68,1.493749,1.021980,0.243172,True
0.22,69,2.073079,1.125718,0.042205,True
0.22,70,1.142474,0.705423,0.501508,True
0.22,71,2.245663,1.063040,0.084635,True
0.22,72,1.529354,0.721181,0.194319,True
0.22,73,1.146851,0.601437,0.369454,True
0.22,74,1.996980,0.997267,0.001203,True
0.22,75,1.316587,0.701779,0.340522,True
0.22,76,2.003730,1.039903,0.127984,True
0.22,77,2.255226,0.983266,0.119849,True
0.22,78,2.372014,0.999669,0.000000,True
0.22,79,1.805538,1.021152,0.044608,True
0.22,80,1.867673,0.916089,0.218604,True
0.22,81,1.236203,0.576224,0.271381,True
0.22,82,1.638101,0.871937,0.050212,True
0.22,83,1.569800,0.971160,0.116573,True
0.22,84,1.586574,0.626312,0.407551,True
0.22,85,1.234610,0.757569,0.213386,True
0.22,86,1.591763,0.909226,0.254235,True
0.22,87,1.601234,0.699818,0.261863,True
0.22,88,1.919015,1.036577,0.175007,True
0.22,89,2.938439,1.007749,0.095757,True
0.22,90,1.255873,0.708612,0.263751,True
0.22,91,1.291717,0.551539,0.450332,True
0.22,92,1.574748,0.871947,0.328056,True
0.22,93,1.759093,0.793841,0.145954,True
0.22,94,2.244062,1.097020,0.048881,True
0.22,95,1.928013,0.768140,0.185351,True
0.22,96,2.097225,1.201893,0.016308,True
0.22,97,1.691104,0.901089,0.250671,True
0.22,98,1.469990,0.759917,0.229848,True
0.22,99,1.820365,0.590490,0.313979,True
0.22,100,1.495909,0.776198,0.194015,True
0.22,101,1.893733,1.014163,0.061521,True
0.22,102,1.415854,0.877173,0.066986,True
0.22,103,1.873773,0.899822,0.145942,True
0.22,104,1.664881,0.817653,0.135809,True
0.22,105,1.837329,0.779371,0.129851,True
0.22,106,1.577846,0.899149,0.096088,True
0.22,107,1.573090,0.800564,0.354257,True
0.22,108,1.928264,0.726045,0.339040,True
0.22,109,1.901013,1.019321,0.129422,True
0.22,110,1.865471,0.920461,0.079861,True
0.22,111,1.973428,1.064162,0.034776,True
0.22,112,1.620323,0.881533,0.145046,True
0.22,113,1.504935,0.619147,0.382170,True
0.22,114,1.473320,1.083242,0.127484,True
0.22,115,1.424503,0.802434,0.242149,True
0.22,116,1.361368,0.671919,0.255856,True
0.22,117,2.039805,1.252203,0.001689,True
0.22,118,3.004197,0.795351,0.056632,True
0.22,119,1.240866,0.499758,0.184363,True
0.22,120,1.657004,0.947373,0.197272,True
0.22,121,1.546719,1.159498,0.093235,True
0.22,122,1.694527,0.677455,0.264752,True
0.22,123,2.644008,1.251066,0.000000,True
0.22,124,1.721326,0.780223,0.298707,True
0.22,125,2.118037,1.156734,0.002019,True
0.22,126,2.531959,1.109934,0.005049,True
0.22,127,1.358861,0.664948,0.303092,True
0.22,128,2.525426,1.313924,0.071020,True
0.22,129,1.574921,0.700602,0.233379,True
0.22,130,2.370603,1.106035,0.000000,True
0.22,131,1.369555,0.504872,0.538813,True
0.22,132,1.875376,1.156379,0.051464,True
0.22,133,1.542825,0.760681,0.131390,True
0.22,134,1.373134,0.995161,0.268815,True
0.22,135,1.970556,1.080559,0.153740,True
0.22,136,1.458476,1.015713,0.073843,True
0.22,137,1.735880,0.826578,0.181228,True
0.22,138,1.624592,0.820572,0.287816,True
0.22,139,1.784468,1.038734,0.000000,True
0.22,140,1.543272,0.872007,0.293666,True
0.22,141,1.955980,0.868453,0.102197,True
0.22,142,1.509076,0.924944,0.281635,True
0.22,143,2.865779,1.162043,0.074149,True
0.22,144,1.723587,1.113017,0.220388,True
0.22,145,2.135335,0.894571,0.316399,True
0.22,146,1.762819,0.764409,0.063425,True
0.22,147,1.190389,0.811577,0.202312,True
0.22,148,1.799786,0.971965,0.114199,True
0.22,149,1.582594,1.047176,0.000000,True
0.22,150,1.458211,0.976015,0.175411,True
0.22,151,1.849833,0.932243,0.175019,True
0.22,152,1.401201,0.788970,0.296427,True
0.22,153,1.812657,0.806532,0.218569,True
0.22,154,2.577971,1.215102,0.003653,True
0.22,155,1.514980,0.726480,0.298475,True
0.22,156,2.008898,1.125373,0.000000,True
0.22,157,2.115015,1.107475,0.013363,True
0.22,158,2.074582,0.915031,0.032359,True
0.22,159,1.635342,1.083036,0.020988,True
0.22,160,2.154809,1.158188,0.149724,True
0.22,161,1.452511,0.687320,0.364247,True
0.22,162,1.898152,1.025549,0.046586,True
0.22,163,1.532425,0.945783,0.181174,True
0.22,164,1.287476,0.425376,0.496756,True
0.22,165,1.597323,0.809246,0.198659,True
0.22,166,2.013464,1.192789,0.035906,True
0.22,167,2.037387,1.007519,0.107137,True
0.22,168,1.632455,0.969850,0.194352,True
0.22,169,1.413861,0.887872,0.264007,True
0.22,170,1.537182,0.648781,0.438784,True
0.22,171,2.023158,0.910772,0.192998,True
0.22,172,1.207647,0.627070,0.519281,True
0.22,173,1.353460,0.749264,0.190984,True
0.22,174,1.756125,0.916551,0.270187,True
0.22,175,1.849475,1.105930,0.091018,True
0.22,176,1.851911,0.823301,0.185539,True
0.22,177,2.229262,0.788432,0.143429,True
0.22,178,1.365997,0.787041,0.284178,True
0.22,179,1.255777,0.800693,0.155807,True
0.22,180,2.843800,1.162094,0.008595,True
0.22,181,1.201045,0.680041,0.255802,True
0.22,182,1.473278,0.778744,0.191740,True
0.22,183,1.955374,1.090812,0.060350,True
0.22,184,1.920064,0.710556,0.334851,True
0.22,185,1.608571,0.900290,0.090361,True
0.22,186,1.585346,0.674425,0.242383,True
0.22,187,1.221847,0.594499,0.350588,True
0.22,188,1.321973,0.700091,0.322519,True
0.22,189,2.357722,1.255378,0.000000,True
0.22,190,1.837327,1.114864,0.000000,True
0.22,191,1.602005,0.902792,0.137012,True
0.22,192,1.628232,0.800251,0.319086,True
0.22,193,1.840002,0.836702,0.221815,True
0.22,194,2.220227,1.032533,0.000000,True
0.22,195,1.515637,0.909139,0.169080,True
0.22,196,1.508862,0.523563,0.406339,True
0.22,197,1.878929,0.814111,0.057596,True
0.22,198,1.669876,0.838535,0.297534,True
0.22,199,2.053557,0.847560,0.135260,True
0.22,200,1.540431,1.056370,0.105298,True
0.22,201,1.945693,0.789365,0.350928,True
0.22,202,1.924191,0.524488,0.475644,True
0.22,203,1.131135,0.737654,0.349244,True
0.22,204,2.076138,0.958178,0.154773,True
0.22,205,1.286853,0.754132,0.303290,True
0.22,206,2.033519,1.142625,0.000000,True
0.22,207,1.904689,1.234920,0.000000,True
0.22,208,1.546817,0.683428,0.279249,True
0.22,209,2.661316,1.111756,0.058738,True
0.22,210,1.533340,0.802546,0.258001,True
0.22,211,2.532907,1.138655,0.000000,True
0.22,212,2.405088,0.851513,0.148444,True
0.22,213,1.885232,0.856513,0.204273,True
0.22,214,1.559427,0.710707,0.298865,True
0.22,215,2.406587,1.062076,0.000000,True
0.22,216,1.653835,1.026155,0.152894,True
0.22,217,2.072495,1.019597,0.183999,True
0.22,218,1.385904,0.706599,0.311509,True
0.22,219,1.686363,1.180008,0.000000,True
0.22,220,1.427290,0.877682,0.072933,True
0.22,221,1.146987,0.472639,0.533419,True
0.22,222,2.131755,1.041704,0.121313,True
0.22,223,0.901614,0.564328,0.465267,True
0.22,224,1.075435,0.579183,0.275417,True
0.22,225,1.796017,0.964542,0.041857,True
0.22,226,1.639542,1.127791,0.163609,True
0.22,227,1.693796,0.621492,0.332005,True
0.22,228,2.497145,1.087817,0.000000,True
0.22,229,1.486734,0.790802,0.165130,True
0.22,230,1.913378,1.074598,0.094237,True
0.22,231,1.525464,0.912126,0.086942,True
0.22,232,2.689732,1.221810,0.000000,True
0.22,233,1.958184,0.932590,0.241345,True
0.22,234,1.652823,1.010080,0.099157,True
0.22,235,1.574500,0.859344,0.159593,True
0.22,236,1.358650,0.839306,0.259843,True
0.22,237,1.439991,0.911013,0.242137,True
0.22,238,2.403746,1.011042,0.114148,True
0.22,239,1.326577,0.716013,0.458010,True
0.22,240,1.597270,0.766739,0.214306,True
0.22,241,1.490562,1.079538,0.053226,True
0.22,242,1.749761,0.951288,0.042174,True
0.22,243,1.918810,1.068073,0.000000,True
0.22,244,1.269169,0.711911,0.220803,True
0.22,245,1.989564,1.210951,0.103512,True
0.22,246,1.475996,0.782809,0.331783,True
0.22,247,1.764222,0.941841,0.179346,True
0.22,248,1.269194,0.743489,0.423145,True
0.22,249,1.220677,0.607591,0.166979,True
0.22,250,1.921031,0.891059,0.215058,True
0.22,251,1.067886,0.609682,0.242517,True
0.22,252,2.032505,1.085488,0.030925,True
0.22,253,1.436332,0.944768,0.193685,True
0.22,254,1.847457,0.831984,0.088109,True
0.22,255,1.422423,0.718191,0.367623,True
0.22,256,1.845645,0.976083,0.196662,True
0.22,257,1.736163,0.861145,0.198630,True
0.22,258,1.995447,0.985036,0.245364,True
0.22,259,2.455079,1.181479,0.000000,True
0.22,260,1.654159,0.951065,0.069211,True
0.22,261,1.805333,1.067105,0.083180,True
0.22,262,1.587150,0.743405,0.543057,True
0.22,263,1.473272,0.866215,0.144748,True
0.22,264,1.698084,0.923981,0.034839,True
0.22,265,2.355744,0.810571,0.202536,True
0.22,266,1.454602,0.823081,0.171471,True
0.22,267,1.621298,0.843412,0.120900,True
0.22,268,1.648000,0.925322,0.015824,True
0.22,269,1.628844,0.688961,0.425792,True
0.22,270,1.683281,0.898840,0.242834,True
0.22,271,1.215754,0.645538,0.440324,True
0.22,272,1.210860,0.895361,0.349639,True
0.22,273,1.907886,0.645814,0.357130,True
0.22,274,2.153945,1.015541,0.147172,True
0.22,275,1.876857,1.080847,0.103552,True
0.22,276,1.546957,0.646203,0.232810,True
0.22,277,2.434866,1.059142,0.095743,True
0.22,278,1.813621,0.922403,0.000000,True
0.22,279,2.638533,0.935936,0.223587,True
0.22,280,1.941656,0.866938,0.139241,True
0.22,281,1.129298,0.772543,0.372133,True
0.22,282,1.768286,0.804295,0.288537,True
0.22,283,1.214597,0.448991,0.385955,True
0.22,284,1.016122,0.593916,0.369692,True
0.22,285,2.031591,1.099500,0.098818,True
0.22,286,1.211664,0.703943,0.362747,True
0.22,287,2.010905,0.832208,0.215061,True
0.22,288,1.131699,0.645284,0.312626,True
0.22,289,1.887217,1.167672,0.000000,True
0.22,290,1.316990,0.802974,0.272226,True
0.22,291,2.600990,0.794447,0.217718,True
0.22,292,1.210463,0.474773,0.336063,True
0.22,293,2.428114,1.247004,0.000000,True
0.22,294,1.734793,0.761372,0.178068,True
0.22,295,2.738884,1.191394,0.000000,True
0.22,296,1.483383,0.844466,0.217302,True
0.22,297,1.528019,0.852941,0.305802,True
0.22,298,1.925850,1.124806,0.113356,True
0.22,299,1.485390,0.688560,0.392695,True
0.22,300,1.800822,1.135298,0.000000,True
0.22,301,2.006872,0.826507,0.095662,True
0.22,302,2.149015,0.814210,0.117123,True
0.22,303,1.227973,0.951502,0.201676,True
0.22,304,1.529217,0.800788,0.357225,True
0.22,305,2.183817,0.705805,0.216574,True
0.22,306,2.227282,0.937436,0.164472,True
0.22,307,2.042290,0.758622,0.113474,True
0.22,308,2.394506,1.146126,0.045400,True
0.22,309,1.637572,0.884382,0.184630,True
0.22,310,1.936500,0.902003,0.484859,True
0.22,311,2.186638,1.116892,0.000000,True
0.22,312,2.746560,1.077309,0.000000,True
0.22,313,1.447140,0.898828,0.324170,True
0.22,314,1.415684,1.020225,0.218631,True
0.22,315,1.680853,1.057114,0.036916,True
0.22,316,1.677534,0.748037,0.420148,True
0.22,317,1.783313,0.705330,0.374661,True
0.22,318,1.455524,0.903274,0.110935,True
0.22,319,2.404538,1.059276,0.000000,True
0.22,320,1.333201,0.757507,0.217764,True
0.22,321,1.599690,0.582771,0.496425,True
0.22,322,1.772186,0.821448,0.276037,True
0.22,323,1.510251,0.832402,0.192893,True
0.22,324,1.555828,0.896905,0.232112,True
0.22,325,1.401692,0.864784,0.125376,True
0.22,326,1.975430,1.032651,0.180862,True
0.22,327,0.758771,0.511269,0.482685,True
0.22,328,1.991898,0.826018,0.092500,True
0.22,329,1.919279,1.124997,0.039889,True
0.22,330,1.132549,0.736535,0.334878,True
0.22,331,2.287462,0.872884,0.208791,True
0.22,332,1.147880,0.528828,0.430170,True
0.22,333,1.091939,0.568377,0.315166,True
0.22,334,1.938499,0.764240,0.232011,True
0.22,335,0.934891,0.530297,0.418926,True
0.22,336,1.455399,0.805970,0.260545,True
0.22,337,1.294720,0.665547,0.392576,True
0.22,338,2.020857,1.127034,0.000000,True
0.22,339,3.211400,1.143413,0.000000,True
0.22,340,1.419966,0.964939,0.162919,True
0.22,341,2.134814,0.937890,0.086284,True
0.22,342,2.067402,1.199677,0.000000,True
0.22,343,1.865485,1.132800,0.006501,True
0.22,344,1.943987,0.994689,0.083678,True
0.22,345,1.549469,1.057101,0.004550,True
0.22,346,1.301935,0.701229,0.264161,True
0.22,347,1.694550,0.850872,0.152268,True
0.22,348,1.366015,0.630239,0.500059,True
0.22,349,1.672984,0.789866,0.152992,True
0.22,350,1.764809,0.846310,0.172827,True
0.22,351,1.408400,0.724277,0.150465,True
0.22,352,1.824303,0.866371,0.446759,True
0.22,353,1.672305,0.791961,0.187427,True
0.22,354,1.997411,1.276298,0.006862,True
0.22,355,1.647508,0.898712,0.085924,True
0.22,356,2.174309,1.068612,0.020096,True
0.22,357,1.257163,0.789483,0.217168,True
0.22,358,1.484321,0.787522,0.250848,True
0.22,359,2.116704,0.798155,0.108057,True
0.22,360,1.844237,0.751072,0.183742,True
0.22,361,1.903428,0.970475,0.115005,True
0.22,362,1.972413,1.148649,0.000000,True
0.22,363,1.389929,0.840834,0.125472,True
0.22,364,2.090925,0.798387,0.335699,True
0.22,365,1.801529,1.090783,0.028953,True
0.22,366,1.513377,0.706816,0.165265,True
0.22,367,1.406383,0.786393,0.198951,True
0.22,368,1.731510,0.918204,0.339920,True
0.22,369,1.798458,1.055446,0.074067,True
0.22,370,2.441031,1.142806,0.031357,True
0.22,371,2.552695,1.082649,0.081558,True
0.22,372,1.202770,0.618060,0.342085,True
0.22,373,3.009666,0.980771,0.176396,True
0.22,374,1.281618,0.714970,0.484637,True
0.22,375,1.901962,0.752593,0.160558,True
0.22,376,1.445125,0.664316,0.156373,True
0.22,377,1.681973,0.909559,0.245920,True
0.22,378,1.627174,1.056355,0.050347,True
0.22,379,1.740615,1.000214,0.205931,True
0.22,380,1.805865,1.200455,0.000000,True
0.22,381,1.447157,0.941399,0.057273,True
0.22,382,2.423314,1.187702,0.084833,True
0.22,383,1.738727,1.002084,0.161805,True
0.22,384,1.800052,0.901199,0.000000,True
0.22,385,1.708426,1.186832,0.051575,True
0.22,386,1.868104,1.043403,0.102025,True
0.22,387,1.679913,1.290903,0.029735,True
0.22,388,2.459556,0.969205,0.142684,True
0.22,389,1.499977,0.629625,0.548387,True
0.22,390,1.615529,0.796613,0.167382,True
0.22,391,2.308078,1.179486,0.000000,True
0.22,392,2.115042,0.683911,0.298340,True
0.22,393,1.973343,0.777931,0.169144,True
0.22,394,2.077910,1.070208,0.097744,True
0.22,395,1.594646,0.843393,0.063757,True
0.22,396,2.321986,1.164849,0.056318,True
0.22,397,1.372904,0.662461,0.258312,True
0.22,398,2.621787,1.042034,0.036785,True
0.22,399,2.089033,1.079768,0.000000,True
0.22,400,1.918617,1.100028,0.000000,True
0.22,401,2.534381,0.976554,0.107527,True
0.22,402,2.114527,0.993014,0.107983,True
0.22,403,2.228763,1.156274,0.124569,True
0.22,404,1.506144,0.540106,0.652355,True
0.22,405,1.705349,0.860317,0.169648,True
0.22,406,1.348135,0.709623,0.318622,True
0.22,407,2.018773,0.882789,0.158824,True
0.22,408,1.352186,0.785293,0.192371,True
0.22,409,2.349318,1.196560,0.067878,True
0.22,410,1.350681,0.996699,0.206324,True
0.22,411,1.928668,0.797495,0.221038,True
0.22,412,2.172518,1.196599,0.000000,True
0.22,413,1.329372,0.896816,0.196707,True
0.22,414,1.357901,0.946216,0.176949,True
0.22,415,1.739465,1.053920,0.056012,True
0.22,416,1.467794,0.714934,0.327179,True
0.22,417,1.571106,1.155655,0.089073,True
0.22,418,1.357850,0.827683,0.146187,True
0.22,419,1.653736,0.923991,0.023380,True
0.22,420,1.822410,1.156264,0.000000,True
0.22,421,2.470531,1.243608,0.009142,True
0.22,422,2.099137,1.044394,0.014875,True
0.22,423,1.796551,1.024758,0.000000,True
0.22,424,1.242558,0.721964,0.345210,True
0.22,425,2.139249,1.037463,0.022912,True
0.22,426,1.240842,0.801743,0.222301,True
0.22,427,1.514114,0.776196,0.233160,True
0.22,428,2.035528,0.954292,0.148984,True
0.22,429,2.676713,0.899052,0.004464,True
0.22,430,1.792995,0.977470,0.270917,True
0.22,431,1.901992,0.734351,0.244577,True
0.22,432,1.923804,1.028124,0.053757,True
0.22,433,2.610286,0.964358,0.214025,True
0.22,434,1.685607,1.010373,0.009374,True
0.22,435,1.781979,1.287885,0.006638,True
0.22,436,2.262505,0.982576,0.000000,True
0.22,437,1.309919,0.922921,0.241859,True
0.22,438,1.374530,0.787135,0.350715,True
0.22,439,1.430454,0.853033,0.223693,True
0.22,440,2.350170,0.966176,0.136989,True
0.22,441,1.754708,0.966061,0.155918,True
0.22,442,1.146682,0.825218,0.381322,True
0.22,443,2.054918,0.798818,0.126825,True
0.22,444,1.386632,0.662305,0.425372,True
0.22,445,2.244686,0.905286,0.329255,True
0.22,446,1.750070,1.094852,0.171308,True
0.22,447,2.379574,1.159147,0.003653,True
0.22,448,1.130770,0.682546,0.246364,True
0.22,449,2.049275,1.260401,0.000000,True
0.22,450,1.890890,0.814566,0.103343,True
0.22,451,1.592958,0.735325,0.321606,True
0.22,452,2.342645,1.222156,0.149193,True
0.22,453,2.125430,0.988686,0.034159,True
0.22,454,1.670091,0.970939,0.108275,True
0.22,455,2.205790,0.776689,0.140951,True
0.22,456,0.976648,0.604650,0.306549,True
0.22,457,2.434748,1.198898,0.025651,True
0.22,458,1.766759,1.022075,0.180098,True
0.22,459,1.420310,0.668235,0.401113,True
0.22,460,1.640951,0.881042,0.021304,True
0.22,461,2.220041,1.062397,0.000000,True
0.22,462,2.135045,1.064817,0.153344,True
0.22,463,2.499606,0.819198,0.000000,True
0.22,464,1.359716,0.641397,0.481446,True
0.22,465,2.734739,1.070473,0.000000,True
0.22,466,2.098397,1.080698,0.000000,True
0.22,467,2.285164,0.873224,0.145123,True
0.22,468,1.384305,0.512827,0.400100,True
0.22,469,1.179454,0.726673,0.226320,True
0.22,470,3.029882,1.196106,0.000000,True
0.22,471,2.812623,1.040490,0.039980,True
0.22,472,1.773769,0.647917,0.367961,True
0.22,473,2.809001,1.167610,0.000000,True
0.22,474,2.033501,1.159486,0.000000,True
0.22,475,1.489814,0.848936,0.291958,True
0.22,476,1.002631,0.633192,0.397535,True
0.22,477,1.864844,0.774674,0.240606,True
0.22,478,1.976741,0.898504,0.117507,True
0.22,479,1.679501,1.277306,0.012721,True
0.22,480,2.088518,1.297753,0.000000,True
0.22,481,1.817026,0.976622,0.212832,True
0.22,482,2.596543,1.170585,0.006808,True
0.22,483,1.858804,0.857769,0.120196,True
0.22,484,2.244727,1.145259,0.126202,True
0.22,485,2.680674,1.035044,0.076689,True
0.22,486,1.007745,0.828344,0.167393,True
0.22,487,2.094719,0.694662,0.190624,True
0.22,488,2.242479,1.096870,0.000000,True
0.22,489,1.819720,0.962559,0.236819,True
0.22,490,1.772795,1.041597,0.138788,True
0.22,491,2.154188,0.959512,0.063501,True
0.22,492,1.548068,1.237110,0.075666,True
0.22,493,1.264041,0.574656,0.280194,True
0.22,494,1.417061,1.128496,0.000000,True
0.22,495,1.142607,0.728313,0.377568,True
0.22,496,1.981481,1.226630,0.000000,True
0.22,497,1.235472,0.657698,0.278641,True
0.22,498,1.652862,0.826449,0.283671,True
0.22,499,1.490399,0.839495,0.128754,True
0.24,0,2.062244,0.910183,0.105303,True
0.24,1,2.005026,1.012296,0.281779,True
0.24,2,0.745323,0.514960,0.524985,True
0.24,3,2.254917,0.714522,0.257914,True
0.24,4,1.574246,0.662167,0.302657,True
0.24,5,1.475149,0.701796,0.305961,True
0.24,6,1.836156,0.882757,0.175685,True
0.24,7,1.797397,0.651781,0.270473,True
0.24,8,1.927151,1.137717,0.023222,True
0.24,9,1.050224,0.749835,0.255603,True
0.24,10,1.266907,0.895479,0.293545,True
0.24,11,1.262708,0.875255,0.297889,True
0.24,12,1.804266,1.082160,0.152481,True
0.24,13,1.442742,0.762575,0.131428,True
0.24,14,2.188921,1.114627,0.000000,True
0.24,15,1.151664,0.735016,0.220966,True
0.24,16,2.093741,0.938898,0.094700,True
0.24,17,2.423631,1.382054,0.000000,True
0.24,18,0.963632,0.493255,0.444727,True
0.24,19,1.728275,0.754931,0.202876,True
0.24,20,1.678285,0.763094,0.245349,True
0.24,21,2.603069,0.885160,0.215382,True
0.24,22,1.546602,0.869587,0.231292,True
0.24,23,2.122846,0.978740,0.180173,True
0.24,24,2.127865,0.852431,0.122498,True
0.24,25,2.246421,1.054683,0.182566,True
0.24,26,2.040917,1.233109,0.096904,True
0.24,27,1.272971,0.728020,0.237808,True
0.24,28,1.788488,0.993362,0.000000,True
0.24,29,1.617596,1.002749,0.076874,True
0.24,30,1.688110,1.026210,0.000000,True
0.24,31,1.533350,0.907773,0.117250,True
0.24,32,1.960943,0.956045,0.085322,True
0.24,33,2.249424,0.937482,0.062474,True
0.24,34,1.365118,0.598418,0.420660,True
0.24,35,1.598957,1.112520,0.122735,True
0.24,36,2.379316,1.044598,0.000000,True
0.24,37,1.743458,1.139956,0.000000,True
0.24,38,2.311041,1.261029,0.006801,True
0.24,39,1.221816,0.915145,0.126356,True
0.24,40,1.250660,0.934775,0.294525,True
0.24,41,1.210390,0.732276,0.300791,True
0.24,42,2.129202,1.171265,0.094243,True
0.24,43,2.186961,0.821084,0.195810,True
0.24,44,2.204831,1.047635,0.059857,True
0.24,45,1.097592,0.674237,0.371238,True
0.24,46,2.030525,1.257153,0.000000,True
0.24,47,1.223042,0.761949,0.380968,True
0.24,48,1.264348,0.722399,0.200731,True
0.24,49,1.933968,0.983233,0.075911,True
0.24,50,1.846082,0.931319,0.216684,True
0.24,51,1.127534,0.664677,0.324259,True
0.24,52,2.047575,0.963430,0.117039,True
0.24,53,1.620695,0.953233,0.190427,True
0.24,54,1.948814,0.875567,0.303391,True
0.24,55,2.446678,1.200979,0.090441,True
0.24,56,1.493836,0.858288,0.163827,True
0.24,57,1.912202,0.980646,0.074443,True
0.24,58,1.190592,0.548298,0.262090,True
0.24,59,1.733287,0.960921,0.115662,True
0.24,60,1.649496,0.747802,0.298845,True
0.24,61,2.061335,0.995633,0.000000,True
0.24,62,1.759240,1.007888,0.048554,True
0.24,63,1.520146,0.594223,0.493309,True
0.24,64,1.791891,0.799216,0.149085,True
0.24,65,1.904284,0.804153,0.182122,True
0.24,66,1.949191,0.826982,0.081885,True
0.24,67,1.239479,0.784850,0.317238,True
0.24,68,1.485599,1.019586,0.245363,True
0.24,69,2.053648,1.118412,0.048695,True
0.24,70,1.140007,0.704920,0.501924,True
0.24,71,2.214194,1.053463,0.093565,True
0.24,72,1.521824,0.719472,0.195820,True
0.24,73,1.144462,0.600804,0.369864,True
0.24,74,1.979129,0.991566,0.006328,True
0.24,75,1.303475,0.697944,0.343153,True
0.24,76,1.990124,1.033608,0.133140,True
0.24,77,2.229059,0.975079,0.127256,True
0.24,78,2.372014,0.999669,0.000000,True
0.24,79,1.793491,1.017300,0.048080,True
0.24,80,1.846634,0.910309,0.223881,True
0.24,81,1.233503,0.575620,0.271827,True
0.24,82,1.624942,0.868644,0.053252,True
0.24,83,1.560141,0.968233,0.119163,True
0.24,84,1.578145,0.624119,0.409291,True
0.24,85,1.229909,0.756637,0.214240,True
0.24,86,1.568474,0.902610,0.259963,True
0.24,87,1.593122,0.697705,0.263611,True
0.24,88,1.907532,1.030844,0.179572,True
0.24,89,2.882788,0.989216,0.112442,True
0.24,90,1.253630,0.707897,0.264247,True
0.24,91,1.288964,0.551046,0.450742,True
0.24,92,1.553475,0.866688,0.332847,True
0.24,93,1.750131,0.791244,0.148173,True
0.24,94,2.219661,1.089039,0.056246,True
0.24,95,1.913318,0.763614,0.189133,True
0.24,96,2.067216,1.191477,0.025976,True
0.24,97,1.673684,0.896751,0.254755,True
0.24,98,1.454929,0.756544,0.232828,True
0.24,99,1.809692,0.588361,0.315848,True
0.24,100,1.490316,0.774659,0.195294,True
0.24,101,1.873563,1.007460,0.067447,True
0.24,102,1.412256,0.876028,0.067917,True
0.24,103,1.863391,0.895545,0.149374,True
0.24,104,1.657360,0.815693,0.137550,True
0.24,105,1.828183,0.775568,0.132785,True
0.24,106,1.571299,0.896641,0.098049,True
0.24,107,1.562549,0.797585,0.356743,True
0.24,108,1.903602,0.720634,0.343964,True
0.24,109,1.865870,1.008451,0.139186,True
0.24,110,1.846487,0.915195,0.084667,True
0.24,111,1.957569,1.058412,0.039842,True
0.24,112,1.610124,0.878337,0.147734,True
0.24,113,1.490866,0.616354,0.384552,True
0.24,114,1.459744,1.078655,0.131421,True
0.24,115,1.412213,0.799418,0.244746,True
0.24,116,1.356328,0.670687,0.256828,True
0.24,117,2.019403,1.244033,0.009037,True
0.24,118,2.964826,0.780185,0.069616,True
0.24,119,1.238693,0.499263,0.184704,True
0.24,120,1.644630,0.943784,0.200494,True
0.24,121,1.539199,1.156315,0.095856,True
0.24,122,1.680938,0.674706,0.267255,True
0.24,123,2.644008,1.251066,0.000000,True
0.24,124,1.711939,0.777665,0.300908,True
0.24,125,2.094020,1.147638,0.010151,True
0.24,126,2.501935,1.096663,0.016516,True
0.24,127,1.355626,0.664030,0.303777,True
0.24,128,2.486073,1.297776,0.085704,True
0.24,129,1.566590,0.698564,0.235103,True
0.24,130,2.370603,1.106035,0.000000,True
0.24,131,1.364316,0.503850,0.539601,True
0.24,132,1.863255,1.151440,0.055748,True
0.24,133,1.535927,0.759025,0.132850,True
0.24,134,1.365417,0.993010,0.270759,True
0.24,135,1.929911,1.067841,0.165390,True
0.24,136,1.452709,1.013768,0.075496,True
0.24,137,1.727596,0.824438,0.183155,True
0.24,138,1.618846,0.819051,0.289160,True
0.24,139,1.784468,1.038734,0.000000,True
0.24,140,1.538182,0.870019,0.295190,True
0.24,141,1.934017,0.862832,0.107383,True
0.24,142,1.488884,0.918561,0.286834,True
0.24,143,2.804769,1.140388,0.093887,True
0.24,144,1.714389,1.109713,0.223322,True
0.24,145,2.108008,0.887200,0.323152,True
0.24,146,1.753709,0.762050,0.065487,True
0.24,147,1.186780,0.810784,0.203007,True
0.24,148,1.782017,0.966879,0.118870,True
0.24,149,1.582594,1.047176,0.000000,True
0.24,150,1.453402,0.974410,0.176758,True
0.24,151,1.835147,0.927696,0.179025,True
0.24,152,1.397244,0.787573,0.297456,True
0.24,153,1.803603,0.802697,0.221521,True
0.24,154,2.538881,1.198771,0.018174,True
0.24,155,1.498425,0.722810,0.301679,True
0.24,156,2.008898,1.125373,0.000000,True
0.24,157,2.087765,1.099083,0.021275,True
0.24,158,2.046424,0.907775,0.039160,True
0.24,159,1.627728,1.080221,0.023410,True
0.24,160,2.129793,1.149326,0.157828,True
0.24,161,1.444504,0.685148,0.365932,True
0.24,162,1.881768,1.019457,0.051798,True
0.24,163,1.521672,0.942309,0.184099,True
0.24,164,1.282259,0.424698,0.497326,True
0.24,165,1.590351,0.806704,0.200622,True
0.24,166,1.990361,1.184078,0.043746,True
0.24,167,2.022273,1.001567,0.112205,True
0.24,168,1.626086,0.967372,0.196374,True
0.24,169,1.407935,0.886333,0.265390,True
0.24,170,1.528002,0.646852,0.440465,True
0.24,171,2.006245,0.905691,0.197530,True
0.24,172,1.194622,0.624676,0.521191,True
0.24,173,1.350183,0.748299,0.191727,True
0.24,174,1.747203,0.913355,0.272839,True
0.24,175,1.837521,1.101083,0.095162,True
0.24,176,1.833168,0.818732,0.189734,True
0.24,177,2.208712,0.780938,0.149597,True
0.24,178,1.362692,0.785450,0.285199,True
0.24,179,1.253345,0.800048,0.156331,True
0.24,180,2.778388,1.139717,0.029095,True
0.24,181,1.198556,0.679413,0.256271,True
0.24,182,1.466489,0.776850,0.193289,True
0.24,183,1.940831,1.085335,0.065153,True
0.24,184,1.899756,0.705991,0.338946,True
0.24,185,1.600779,0.897733,0.092492,True
0.24,186,1.568507,0.671048,0.245411,True
0.24,187,1.217949,0.593846,0.351152,True
0.24,188,1.316881,0.699039,0.323437,True
0.24,189,2.357722,1.255378,0.000000,True
0.24,190,1.837327,1.114864,0.000000,True
0.24,191,1.595646,0.900657,0.138781,True
0.24,192,1.617819,0.797609,0.321433,True
0.24,193,1.811865,0.828508,0.228770,True
0.24,194,2.220227,1.032533,0.000000,True
0.24,195,1.509561,0.906876,0.170859,True
0.24,196,1.504392,0.522399,0.407199,True
0.24,197,1.866166,0.809848,0.061120,True
0.24,198,1.654814,0.834572,0.301040,True
0.24,199,2.036491,0.842223,0.139858,True
0.24,200,1.531546,1.053640,0.107790,True
0.24,201,1.931062,0.785236,0.354511,True
0.24,202,1.901775,0.520814,0.478957,True
0.24,203,1.130064,0.737352,0.349459,True
0.24,204,2.059009,0.951990,0.160083,True
0.24,205,1.284365,0.753477,0.303812,True
0.24,206,2.033519,1.142625,0.000000,True
0.24,207,1.903409,1.234437,0.000439,True
0.24,208,1.541820,0.681965,0.280387,True
0.24,209,2.618551,1.095859,0.072980,True
0.24,210,1.526362,0.800608,0.259636,True
0.24,211,2.532907,1.138655,0.000000,True
0.24,212,2.360191,0.841231,0.158176,True
0.24,213,1.875188,0.852145,0.207703,True
0.24,214,1.545263,0.707568,0.301610,True
0.24,215,2.406587,1.062076,0.000000,True
0.24,216,1.644645,1.022831,0.155725,True
0.24,217,2.053762,1.013480,0.189509,True
0.24,218,1.382632,0.705825,0.312156,True
0.24,219,1.686363,1.180008,0.000000,True
0.24,220,1.421311,0.875681,0.074510,True
0.24,221,1.143033,0.472248,0.533826,True
0.24,222,2.105979,1.032228,0.129567,True
0.24,223,0.901344,0.564277,0.465299,True
0.24,224,1.071923,0.578629,0.275861,True
0.24,225,1.775910,0.959019,0.046998,True
0.24,226,1.630911,1.124498,0.166454,True
0.24,227,1.686609,0.619196,0.333751,True
0.24,228,2.463992,1.077980,0.009253,True
0.24,229,1.480339,0.789143,0.166554,True
0.24,230,1.899007,1.069077,0.099001,True
0.24,231,1.518224,0.909708,0.088924,True
0.24,232,2.675266,1.216784,0.004669,True
0.24,233,1.934524,0.925616,0.247594,True
0.24,234,1.641174,1.005928,0.102658,True
0.24,235,1.567105,0.856826,0.161633,True
0.24,236,1.346359,0.836903,0.262257,True
0.24,237,1.431729,0.908815,0.244107,True
0.24,238,2.368244,1.000393,0.123966,True
0.24,239,1.322643,0.715037,0.458796,True
0.24,240,1.589895,0.764632,0.216049,True
0.24,241,1.476192,1.075211,0.057203,True
0.24,242,1.739678,0.948072,0.044994,True
0.24,243,1.918810,1.068073,0.000000,True
0.24,244,1.263410,0.710779,0.221810,True
0.24,245,1.958862,1.200121,0.113493,True
0.24,246,1.463873,0.780018,0.334270,True
0.24,247,1.734981,0.934335,0.186398,True
0.24,248,1.266815,0.742858,0.423639,True
0.24,249,1.217572,0.607031,0.167453,True
0.24,250,1.908135,0.886575,0.218853,True
0.24,251,1.066486,0.609414,0.242721,True
0.24,252,2.012432,1.078484,0.037215,True
0.24,253,1.430580,0.942929,0.195223,True
0.24,254,1.824304,0.825415,0.093774,True
0.24,255,1.416013,0.716659,0.368903,True
0.24,256,1.832069,0.970656,0.201115,True
0.24,257,1.723650,0.857963,0.201558,True
0.24,258,1.978028,0.979417,0.250379,True
0.24,259,2.455079,1.181479,0.000000,True
0.24,260,1.647765,0.949133,0.070932,True
0.24,261,1.792314,1.062420,0.087282,True
0.24,262,1.580009,0.741807,0.544504,True
0.24,263,1.464934,0.863743,0.146803,True
0.24,264,1.683785,0.920087,0.038408,True
0.24,265,2.319539,0.802523,0.210133,True
0.24,266,1.441545,0.819469,0.174438,True
0.24,267,1.596172,0.836990,0.126564,True
0.24,268,1.639234,0.922849,0.018056,True
0.24,269,1.597407,0.682851,0.431351,True
0.24,270,1.670813,0.894759,0.246248,True
0.24,271,1.208747,0.644100,0.441447,True
0.24,272,1.206219,0.894190,0.350642,True
0.24,273,1.890844,0.642145,0.360365,True
0.24,274,2.126994,1.006855,0.155007,True
0.24,275,1.865326,1.076676,0.107241,True
0.24,276,1.532987,0.643481,0.235228,True
0.24,277,2.397234,1.047380,0.106599,True
0.24,278,1.813621,0.922403,0.000000,True
0.24,279,2.595818,0.922879,0.235342,True
0.24,280,1.926151,0.862838,0.142989,True
0.24,281,1.127165,0.772069,0.372526,True
0.24,282,1.745108,0.798822,0.293534,True
0.24,283,1.212392,0.448605,0.386238,True
0.24,284,1.013905,0.593503,0.369976,True
0.24,285,2.014484,1.092504,0.104832,True
0.24,286,1.208500,0.703221,0.363320,True
0.24,287,1.978824,0.823968,0.222480,True
0.24,288,1.129498,0.644742,0.313007,True
0.24,289,1.887217,1.167672,0.000000,True
0.24,290,1.311583,0.801682,0.273342,True
0.24,291,2.570744,0.783667,0.226863,True
0.24,292,1.208732,0.474264,0.336365,True
0.24,293,2.389622,1.233926,0.012345,True
0.24,294,1.723546,0.758653,0.180492,True
0.24,295,2.705856,1.179678,0.010783,True
0.24,296,1.478708,0.842913,0.218532,True
0.24,297,1.522485,0.850481,0.307587,True
0.24,298,1.893520,1.115085,0.122615,True
0.24,299,1.474212,0.686132,0.394791,True
0.24,300,1.800822,1.135298,0.000000,True
0.24,301,1.991276,0.821170,0.100101,True
0.24,302,2.128997,0.807836,0.122551,True
0.24,303,1.217214,0.948962,0.204002,True
0.24,304,1.521912,0.798819,0.358903,True
0.24,305,2.163473,0.700632,0.221092,True
0.24,306,2.203093,0.929640,0.171367,True
0.24,307,2.019225,0.753096,0.118458,True
0.24,308,2.369497,1.134348,0.055479,True
0.24,309,1.622667,0.880510,0.188155,True
0.24,310,1.918223,0.896827,0.489528,True
0.24,311,2.186638,1.116892,0.000000,True
0.24,312,2.746560,1.077309,0.000000,True
0.24,313,1.437321,0.895592,0.326735,True
0.24,314,1.406940,1.017725,0.220918,True
0.24,315,1.673635,1.054284,0.039289,True
0.24,316,1.668992,0.745318,0.422310,True
0.24,317,1.773634,0.702463,0.376987,True
0.24,318,1.443123,0.899725,0.113948,True
0.24,319,2.404538,1.059276,0.000000,True
0.24,320,1.317633,0.754550,0.220542,True
0.24,321,1.591185,0.581064,0.497882,True
0.24,322,1.754809,0.817244,0.279897,True
0.24,323,1.504650,0.830728,0.194280,True
0.24,324,1.548544,0.894553,0.234063,True
0.24,325,1.398057,0.863544,0.126352,True
0.24,326,1.954129,1.026049,0.186915,True
0.24,327,0.758470,0.511259,0.482703,True
0.24,328,1.978668,0.820064,0.097126,True
0.24,329,1.903789,1.118301,0.045554,True
0.24,330,1.131026,0.736230,0.335142,True
0.24,331,2.260377,0.865456,0.215540,True
0.24,332,1.146362,0.528538,0.430383,True
0.24,333,1.090532,0.568145,0.315353,True
0.24,334,1.919373,0.759361,0.236322,True
0.24,335,0.932483,0.530127,0.419138,True
0.24,336,1.446369,0.803355,0.262644,True
0.24,337,1.290218,0.664570,0.393373,True
0.24,338,2.020857,1.127034,0.000000,True
0.24,339,3.199029,1.138097,0.004727,True
0.24,340,1.411937,0.962717,0.164926,True
0.24,341,2.117033,0.931154,0.091994,True
0.24,342,2.067402,1.199677,0.000000,True
0.24,343,1.851848,1.126991,0.011423,True
0.24,344,1.924053,0.988828,0.089088,True
0.24,345,1.526885,1.050840,0.010476,True
0.24,346,1.299003,0.700616,0.264694,True
0.24,347,1.685019,0.847972,0.154733,True
0.24,348,1.360849,0.629117,0.500968,True
0.24,349,1.664656,0.787573,0.154956,True
0.24,350,1.745380,0.841382,0.177303,True
0.24,351,1.397649,0.721879,0.152516,True
0.24,352,1.814543,0.863101,0.449503,True
0.24,353,1.661721,0.789500,0.189691,True
0.24,354,1.980730,1.267330,0.014291,True
0.24,355,1.636483,0.895721,0.088628,True
0.24,356,2.153615,1.060677,0.027043,True
0.24,357,1.254504,0.788789,0.217732,True
0.24,358,1.477772,0.785771,0.252323,True
0.24,359,2.092461,0.791780,0.113735,True
0.24,360,1.822362,0.746445,0.188082,True
0.24,361,1.889533,0.966082,0.118924,True
0.24,362,1.972413,1.148649,0.000000,True
0.24,363,1.385965,0.839725,0.126401,True
0.24,364,2.072965,0.793136,0.340254,True
0.24,365,1.785836,1.085217,0.033875,True
0.24,366,1.503639,0.704796,0.167090,True
0.24,367,1.399026,0.784631,0.200485,True
0.24,368,1.713335,0.913230,0.344440,True
0.24,369,1.760015,1.042811,0.085141,True
0.24,370,2.412386,1.129954,0.042442,True
0.24,371,2.503908,1.068045,0.095238,True
0.24,372,1.200786,0.617629,0.342417,True
0.24,373,2.942339,0.960770,0.194666,True
0.24,374,1.278954,0.714227,0.485198,True
0.24,375,1.889789,0.749674,0.163184,True
0.24,376,1.440270,0.662802,0.157475,True
0.24,377,1.672289,0.906117,0.248732,True
0.24,378,1.608237,1.049892,0.055916,True
0.24,379,1.725849,0.995033,0.210354,True
0.24,380,1.805865,1.200455,0.000000,True
0.24,381,1.440434,0.939525,0.058949,True
0.24,382,2.383176,1.173897,0.097628,True
0.24,383,1.727431,0.998241,0.165139,True
0.24,384,1.800052,0.901199,0.000000,True
0.24,385,1.690449,1.181052,0.057078,True
0.24,386,1.837257,1.034219,0.110504,True
0.24,387,1.666048,1.285752,0.034500,True
0.24,388,2.412336,0.956827,0.154367,True
0.24,389,1.494583,0.628324,0.549432,True
0.24,390,1.605044,0.794012,0.169690,True
0.24,391,2.308078,1.179486,0.000000,True
0.24,392,2.092877,0.679107,0.302678,True
0.24,393,1.957897,0.773463,0.172972,True
0.24,394,2.062830,1.062564,0.103948,True
0.24,395,1.573306,0.837453,0.068771,True
0.24,396,2.294428,1.154281,0.065799,True
0.24,397,1.370009,0.661681,0.258909,True
0.24,398,2.574608,1.026933,0.050550,True
0.24,399,2.089033,1.079768,0.000000,True
0.24,400,1.918617,1.100028,0.000000,True
0.24,401,2.490344,0.964423,0.118850,True
0.24,402,2.095341,0.986063,0.114039,True
0.24,403,2.203595,1.144483,0.134546,True
0.24,404,1.495069,0.538456,0.653889,True
0.24,405,1.693167,0.857142,0.172526,True
0.24,406,1.344747,0.708314,0.319498,True
0.24,407,1.991501,0.874883,0.165822,True
0.24,408,1.339510,0.782492,0.194848,True
0.24,409,2.323682,1.184694,0.078119,True
0.24,410,1.343575,0.994680,0.208130,True
0.24,411,1.908015,0.792478,0.225613,True
0.24,412,2.172518,1.196599,0.000000,True
0.24,413,1.311651,0.892377,0.200559,True
0.24,414,1.352483,0.944725,0.178275,True
0.24,415,1.722979,1.048344,0.060928,True
0.24,416,1.463117,0.713435,0.328305,True
0.24,417,1.565236,1.153307,0.091072,True
0.24,418,1.354638,0.826573,0.147025,True
0.24,419,1.639686,0.919820,0.027028,True
0.24,420,1.822410,1.156264,0.000000,True
0.24,421,2.420767,1.226272,0.025289,True
0.24,422,2.076212,1.037619,0.021231,True
0.24,423,1.786719,1.021592,0.002818,True
0.24,424,1.240380,0.721304,0.345684,True
0.24,425,2.118760,1.028962,0.030101,True
0.24,426,1.238428,0.801101,0.222821,True
0.24,427,1.509515,0.774813,0.234276,True
0.24,428,2.006643,0.946598,0.156215,True
0.24,429,2.623177,0.885850,0.016847,True
0.24,430,1.770648,0.970981,0.276827,True
0.24,431,1.886521,0.730223,0.248113,True
0.24,432,1.910086,1.022198,0.058625,True
0.24,433,2.556561,0.949977,0.227461,True
0.24,434,1.674730,1.007164,0.012330,True
0.24,435,1.768335,1.281905,0.011828,True
0.24,436,2.224992,0.972231,0.009654,True
0.24,437,1.306102,0.921727,0.242825,True
0.24,438,1.367915,0.785260,0.352199,True
0.24,439,1.420341,0.850318,0.226010,True
0.24,440,2.321501,0.957297,0.145020,True
0.24,441,1.743331,0.962596,0.159030,True
0.24,442,1.145284,0.824861,0.381610,True
0.24,443,2.037170,0.793527,0.131371,True
0.24,444,1.383536,0.661526,0.425988,True
0.24,445,2.206891,0.894935,0.338694,True
0.24,446,1.735866,1.089885,0.175720,True
0.24,447,2.338626,1.146093,0.015943,True
0.24,448,1.129133,0.682199,0.246640,True
0.24,449,2.049275,1.260401,0.000000,True
0.24,450,1.862978,0.808096,0.109355,True
0.24,451,1.583045,0.732818,0.323729,True
0.24,452,2.294279,1.206265,0.164209,True
0.24,453,2.106739,0.981718,0.040159,True
0.24,454,1.661312,0.968281,0.110657,True
0.24,455,2.184106,0.770616,0.146257,True
0.24,456,0.971294,0.603467,0.307200,True
0.24,457,2.403247,1.186299,0.036930,True
0.24,458,1.756854,1.018773,0.183023,True
0.24,459,1.405242,0.664551,0.403953,True
0.24,460,1.631525,0.877868,0.023909,True
0.24,461,2.220041,1.062397,0.000000,True
0.24,462,2.110526,1.056041,0.161130,True
0.24,463,2.499606,0.819198,0.000000,True
0.24,464,1.354326,0.640371,0.482350,True
0.24,465,2.711621,1.060378,0.008757,True
0.24,466,2.098397,1.080698,0.000000,True
0.24,467,2.257499,0.865186,0.152303,True
0.24,468,1.379933,0.512036,0.400745,True
0.24,469,1.175255,0.725853,0.227038,True
0.24,470,3.029882,1.196106,0.000000,True
0.24,471,2.753005,1.023288,0.056035,True
0.24,472,1.762151,0.645020,0.370373,True
0.24,473,2.809001,1.167610,0.000000,True
0.24,474,2.033501,1.159486,0.000000,True
0.24,475,1.480290,0.846430,0.294146,True
0.24,476,1.000815,0.632916,0.397768,True
0.24,477,1.854071,0.771092,0.243527,True
0.24,478,1.938861,0.888419,0.126672,True
0.24,479,1.667993,1.272680,0.016839,True
0.24,480,2.088518,1.297753,0.000000,True
0.24,481,1.800875,0.971899,0.217155,True
0.24,482,2.555742,1.155509,0.020490,True
0.24,483,1.845960,0.853732,0.123643,True
0.24,484,2.196814,1.130326,0.140234,True
0.24,485,2.635518,1.020656,0.089827,True
0.24,486,1.005065,0.827879,0.167829,True
0.24,487,2.074540,0.690281,0.194607,True
0.24,488,2.242479,1.096870,0.000000,True
0.24,489,1.807080,0.958470,0.240414,True
0.24,490,1.756427,1.035942,0.143730,True
0.24,491,2.133442,0.953366,0.069110,True
0.24,492,1.539815,1.234009,0.078448,True
0.24,493,1.260721,0.573930,0.280734,True
0.24,494,1.417061,1.128496,0.000000,True
0.24,495,1.140835,0.727820,0.377919,True
0.24,496,1.981481,1.226630,0.000000,True
0.24,497,1.231164,0.656736,0.279387,True
0.24,498,1.642843,0.823465,0.286175,True
0.24,499,1.471727,0.835106,0.132736,True
0.26,0,2.044629,0.903935,0.110598,True
0.26,1,1.977633,1.004543,0.289059,True
0.26,2,0.744880,0.514955,0.525011,True
0.26,3,2.228289,0.708556,0.263330,True
0.26,4,1.565336,0.660198,0.304347,True
0.26,5,1.466102,0.699657,0.307746,True
0.26,6,1.826106,0.879450,0.178496,True
0.26,7,1.774075,0.647271,0.274574,True
0.26,8,1.910852,1.131831,0.028516,True
0.26,9,1.044787,0.749211,0.256371,True
0.26,10,1.263573,0.894566,0.294315,True
0.26,11,1.260760,0.874664,0.298360,True
0.26,12,1.788225,1.077019,0.157203,True
0.26,13,1.437835,0.761380,0.132463,True
0.26,14,2.174561,1.109130,0.004834,True
0.26,15,1.146830,0.733900,0.221814,True
0.26,16,2.073496,0.932476,0.100389,True
0.26,17,2.423631,1.382054,0.000000,True
0.26,18,0.962832,0.493142,0.444809,True
0.26,19,1.710324,0.750684,0.206645,True
0.26,20,1.665447,0.760227,0.247988,True
0.26,21,2.585406,0.870628,0.226747,True
0.26,22,1.541595,0.868047,0.232589,True
0.26,23,2.105567,0.971559,0.186165,True
0.26,24,2.110562,0.846765,0.127356,True
0.26,25,2.220354,1.045714,0.190613,True
0.26,26,2.026880,1.224910,0.103527,True
0.26,27,1.268590,0.727050,0.238623,True
0.26,28,1.788488,0.993362,0.000000,True
0.26,29,1.607741,0.999577,0.079657,True
0.26,30,1.688110,1.026210,0.000000,True
0.26,31,1.526199,0.905320,0.119231,True
0.26,32,1.946526,0.950421,0.090003,True
0.26,33,2.209600,0.927158,0.072168,True
0.26,34,1.354633,0.596392,0.422318,True
0.26,35,1.591655,1.109688,0.125145,True
0.26,36,2.379316,1.044598,0.000000,True
0.26,37,1.743458,1.139956,0.000000,True
0.26,38,2.273213,1.246568,0.019992,True
0.26,39,1.217636,0.914027,0.127303,True
0.26,40,1.244231,0.933035,0.296000,True
0.26,41,1.198950,0.730181,0.302672,True
0.26,42,2.109740,1.162599,0.101693,True
0.26,43,2.168378,0.814582,0.201253,True
0.26,44,2.187267,1.038422,0.067323,True
0.26,45,1.096394,0.673945,0.371445,True
0.26,46,2.030525,1.257153,0.000000,True
0.26,47,1.214143,0.760170,0.382541,True
0.26,48,1.259446,0.721345,0.201628,True
0.26,49,1.917730,0.976737,0.081296,True
0.26,50,1.812878,0.921822,0.225129,True
0.26,51,1.125871,0.664373,0.324521,True
0.26,52,2.033341,0.956737,0.122408,True
0.26,53,1.605236,0.948994,0.194314,True
0.26,54,1.931481,0.870164,0.308058,True
0.26,55,2.412035,1.187780,0.102395,True
0.26,56,1.483642,0.855637,0.166169,True
0.26,57,1.896030,0.975728,0.078899,True
0.26,58,1.188479,0.547924,0.262389,True
0.26,59,1.716573,0.955373,0.120396,True
0.26,60,1.635726,0.744616,0.301693,True
0.26,61,2.058749,0.994679,0.000824,True
0.26,62,1.736614,1.001791,0.054373,True
0.26,63,1.500996,0.590649,0.496361,True
0.26,64,1.777574,0.795372,0.152440,True
0.26,65,1.893810,0.799292,0.185812,True
0.26,66,1.926029,0.821531,0.086978,True
0.26,67,1.233945,0.783818,0.318247,True
0.26,68,1.477839,1.017310,0.247443,True
0.26,69,2.035411,1.111490,0.054810,True
0.26,70,1.137612,0.704431,0.502327,True
0.26,71,2.185120,1.044558,0.101830,True
0.26,72,1.514605,0.717834,0.197257,True
0.26,73,1.142157,0.600188,0.370262,True
0.26,74,1.962210,0.986140,0.011187,True
0.26,75,1.291307,0.694408,0.345563,True
0.26,76,1.977359,1.027574,0.138041,True
0.26,77,2.204627,0.967354,0.134204,True
0.26,78,2.372014,0.999669,0.000000,True
0.26,79,1.781983,1.013611,0.051397,True
0.26,80,1.827075,0.904936,0.228770,True
0.26,81,1.230880,0.575030,0.272260,True
0.26,82,1.612573,0.865556,0.056100,True
0.26,83,1.550943,0.965447,0.121623,True
0.26,84,1.570142,0.622016,0.410949,True
0.26,85,1.225409,0.755746,0.215055,True
0.26,86,1.547338,0.896662,0.265102,True
0.26,87,1.585370,0.695676,0.265282,True
0.26,88,1.896744,1.025333,0.183922,True
0.26,89,2.833884,0.972081,0.127671,True
0.26,90,1.251444,0.707195,0.264730,True
0.26,91,1.286282,0.550565,0.451142,True
0.26,92,1.534176,0.861968,0.337149,True
0.26,93,1.741541,0.788737,0.150306,True
0.26,94,2.196388,1.081388,0.063279,True
0.26,95,1.899554,0.759309,0.192704,True
0.26,96,2.039609,1.181874,0.034857,True
0.26,97,1.657622,0.892759,0.258507,True
0.26,98,1.440985,0.753451,0.235561,True
0.26,99,1.799457,0.586308,0.317642,True
0.26,100,1.484938,0.773173,0.196524,True
0.26,101,1.854746,1.001189,0.072966,True
0.26,102,1.408759,0.874910,0.068823,True
0.26,103,1.853563,0.891424,0.152657,True
0.26,104,1.650069,0.813791,0.139236,True
0.26,105,1.819567,0.771890,0.135598,True
0.26,106,1.565037,0.894220,0.099931,True
0.26,107,1.552556,0.794759,0.359093,True
0.26,108,1.880891,0.715647,0.348486,True
0.26,109,1.834312,0.998732,0.147881,True
0.26,110,1.828744,0.910269,0.089150,True
0.26,111,1.942587,1.052935,0.044642,True
0.26,112,1.600460,0.875297,0.150279,True
0.26,113,1.477855,0.613778,0.386741,True
0.26,114,1.447099,1.074411,0.135059,True
0.26,115,1.400800,0.796631,0.247141,True
0.26,116,1.351478,0.669497,0.257762,True
0.26,117,2.000273,1.236324,0.015939,True
0.26,118,2.930529,0.765645,0.081887,True
0.26,119,1.236572,0.498777,0.185037,True
0.26,120,1.632928,0.940394,0.203532,True
0.26,121,1.531997,1.153258,0.098364,True
0.26,122,1.668113,0.672115,0.269611,True
0.26,123,2.644008,1.251066,0.000000,True
0.26,124,1.702949,0.775205,0.303017,True
0.26,125,2.071854,1.139138,0.017697,True
0.26,126,2.474482,1.084104,0.027259,True
0.26,127,1.352480,0.663132,0.304443,True
0.26,128,2.450327,1.282800,0.099209,True
0.26,129,1.558630,0.696612,0.236749,True
0.26,130,2.370603,1.106035,0.000000,True
0.26,131,1.359305,0.502866,0.540355,True
0.26,132,1.851718,1.146703,0.059837,True
0.26,133,1.529300,0.757432,0.134252,True
0.26,134,1.358086,0.990979,0.272596,True
0.26,135,1.893608,1.056548,0.175701,True
0.26,136,1.447172,1.011896,0.077082,True
0.26,137,1.719523,0.822351,0.185030,True
0.26,138,1.613232,0.817563,0.290472,True
0.26,139,1.784468,1.038734,0.000000,True
0.26,140,1.533283,0.868087,0.296662,True
0.26,141,1.913516,0.857578,0.112214,True
0.26,142,1.470478,0.912787,0.291518,True
0.26,143,2.751123,1.120657,0.111671,True
0.26,144,1.705554,1.106528,0.226141,True
0.26,145,2.082690,0.880335,0.329413,True
0.26,146,1.744921,0.759765,0.067477,True
0.26,147,1.183293,0.810019,0.203676,True
0.26,148,1.765298,0.962105,0.123246,True
0.26,149,1.582594,1.047176,0.000000,True
0.26,150,1.448752,0.972853,0.178060,True
0.26,151,1.821251,0.923377,0.182815,True
0.26,152,1.393433,0.786214,0.298451,True
0.26,153,1.795061,0.798991,0.224348,True
0.26,154,2.503551,1.183593,0.031539,True
0.26,155,1.483181,0.719453,0.304605,True
0.26,156,2.008898,1.125373,0.000000,True
0.26,157,2.062249,1.091219,0.028670,True
0.26,158,2.020136,0.901010,0.045487,True
0.26,159,1.620407,1.077505,0.025739,True
0.26,160,2.106504,1.141011,0.165393,True
0.26,161,1.436916,0.683081,0.367527,True
0.26,162,1.866389,1.013695,0.056699,True
0.26,163,1.511508,0.939027,0.186853,True
0.26,164,1.277255,0.424049,0.497871,True
0.26,165,1.583711,0.804252,0.202501,True
0.26,166,1.969097,1.175992,0.050980,True
0.26,167,2.008049,0.995870,0.117020,True
0.26,168,1.619958,0.964966,0.198327,True
0.26,169,1.402242,0.884855,0.266716,True
0.26,170,1.519295,0.645019,0.442056,True
0.26,171,1.990251,0.900847,0.201829,True
0.26,172,1.182744,0.622533,0.522905,True
0.26,173,1.346999,0.747357,0.192449,True
0.26,174,1.738685,0.910273,0.275383,True
0.26,175,1.826202,1.096446,0.099102,True
0.26,176,1.815528,0.814438,0.193669,True
0.26,177,2.189831,0.773829,0.155389,True
0.26,178,1.359509,0.783897,0.286188,True
0.26,179,1.250971,0.799417,0.156843,True
0.26,180,2.721590,1.119500,0.047386,True
0.26,181,1.196139,0.678801,0.256727,True
0.26,182,1.459976,0.775031,0.194772,True
0.26,183,1.927054,1.080103,0.069718,True
0.26,184,1.880755,0.701711,0.342771,True
0.26,185,1.593345,0.895278,0.094527,True
0.26,186,1.552997,0.667950,0.248182,True
0.26,187,1.214184,0.593217,0.351696,True
0.26,188,1.311987,0.698030,0.324316,True
0.26,189,2.357722,1.255378,0.000000,True
0.26,190,1.837327,1.114864,0.000000,True
0.26,191,1.589523,0.898589,0.140487,True
0.26,192,1.607928,0.795096,0.323659,True
0.26,193,1.786387,0.821081,0.235032,True
0.26,194,2.220227,1.032533,0.000000,True
0.26,195,1.503767,0.904694,0.172562,True
0.26,196,1.500088,0.521263,0.408033,True
0.26,197,1.854169,0.805778,0.064459,True
0.26,198,1.640672,0.830860,0.304316,True
0.26,199,2.020442,0.837142,0.144209,True
0.26,200,1.523063,1.051039,0.110161,True
0.26,201,1.917287,0.781303,0.357902,True
0.26,202,1.881052,0.517403,0.482018,True
0.26,203,1.129008,0.737054,0.349671,True
0.26,204,2.042931,0.946095,0.165107,True
0.26,205,1.281935,0.752836,0.304323,True
0.26,206,2.009001,1.134683,0.007414,True
0.26,207,1.882480,1.226523,0.007618,True
0.26,208,1.536995,0.680542,0.281489,True
0.26,209,2.579950,1.081094,0.086080,True
0.26,210,1.519683,0.798746,0.261201,True
0.26,211,2.532907,1.138655,0.000000,True
0.26,212,2.319754,0.831896,0.166966,True
0.26,213,1.865720,0.847926,0.210986,True
0.26,214,1.532057,0.704652,0.304153,True
0.26,215,2.406587,1.062076,0.000000,True
0.26,216,1.635906,1.019652,0.158420,True
0.26,217,2.036040,1.007652,0.194736,True
0.26,218,1.379440,0.705070,0.312788,True
0.26,219,1.686363,1.180008,0.000000,True
0.26,220,1.415634,0.873765,0.076012,True
0.26,221,1.139252,0.471875,0.534213,True
0.26,222,2.082278,1.023401,0.137199,True
0.26,223,0.901075,0.564227,0.465331,True
0.26,224,1.068544,0.578098,0.276286,True
0.26,225,1.757328,0.953924,0.051731,True
0.26,226,1.622676,1.121342,0.169171,True
0.26,227,1.679780,0.616971,0.335428,True
0.26,228,2.416743,1.063874,0.022464,True
0.26,229,1.474221,0.787551,0.167916,True
0.26,230,1.885434,1.063818,0.103514,True
0.26,231,1.511337,0.907393,0.090812,True
0.26,232,2.623027,1.198419,0.021645,True
0.26,233,1.912544,0.919127,0.253386,True
0.26,234,1.630158,1.001992,0.105963,True
0.26,235,1.560046,0.854402,0.163585,True
0.26,236,1.335103,0.834727,0.264451,True
0.26,237,1.423885,0.906734,0.245970,True
0.26,238,2.335476,0.990459,0.133070,True
0.26,239,1.318850,0.714092,0.459554,True
0.26,240,1.582850,0.762605,0.217717,True
0.26,241,1.463104,1.071275,0.060811,True
0.26,242,1.730039,0.944985,0.047691,True
0.26,243,1.918810,1.068073,0.000000,True
0.26,244,1.257942,0.709706,0.222763,True
0.26,245,1.930754,1.190228,0.122582,True
0.26,246,1.452532,0.777423,0.336582,True
0.26,247,1.708695,0.927649,0.192678,True
0.26,248,1.264485,0.742239,0.424123,True
0.26,249,1.214569,0.606488,0.167912,True
0.26,250,1.895989,0.882283,0.222459,True
0.26,251,1.065116,0.609151,0.242921,True
0.26,252,1.993559,1.071861,0.043135,True
0.26,253,1.425035,0.941156,0.196704,True
0.26,254,1.802989,0.819358,0.098969,True
0.26,255,1.409862,0.715190,0.370127,True
0.26,256,1.819355,0.965504,0.205311,True
0.26,257,1.711767,0.854939,0.204334,True
0.26,258,1.961645,0.974089,0.255110,True
0.26,259,2.455079,1.181479,0.000000,True
0.26,260,1.641523,0.947245,0.072610,True
0.26,261,1.779939,1.057951,0.091179,True
0.26,262,1.573112,0.740264,0.545899,True
0.26,263,1.457077,0.861404,0.148738,True
0.26,264,1.670408,0.916444,0.041740,True
0.26,265,2.285579,0.794953,0.217255,True
0.26,266,1.429364,0.816117,0.177184,True
0.26,267,1.573413,0.831234,0.131634,True
0.26,268,1.630773,0.920464,0.020205,True
0.26,269,1.569466,0.677504,0.436219,True
0.26,270,1.659154,0.890915,0.249444,True
0.26,271,1.202110,0.642748,0.442503,True
0.26,272,1.201765,0.893071,0.351600,True
0.26,273,1.874819,0.638678,0.363409,True
0.26,274,2.102014,0.998742,0.162284,True
0.26,275,1.854243,1.072650,0.110790,True
0.26,276,1.519952,0.640954,0.237471,True
0.26,277,2.362845,1.036483,0.116589,True
0.26,278,1.813621,0.922403,0.000000,True
0.26,279,2.557390,0.910775,0.246131,True
0.26,280,1.911360,0.858914,0.146564,True
0.26,281,1.125083,0.771606,0.372908,True
0.26,282,1.723783,0.793813,0.298100,True
0.26,283,1.210246,0.448227,0.386514,True
0.26,284,1.011747,0.593103,0.370252,True
0.26,285,1.998446,1.085856,0.110507,True
0.26,286,1.205427,0.702521,0.363875,True
0.26,287,1.949642,0.816466,0.229203,True
0.26,288,1.127364,0.644212,0.313378,True
0.26,289,1.887217,1.167672,0.000000,True
0.26,290,1.306391,0.800445,0.274409,True
0.26,291,2.543461,0.773438,0.235438,True
0.26,292,1.207045,0.473763,0.336661,True
0.26,293,2.350645,1.220609,0.024862,True
0.26,294,1.712781,0.756048,0.182808,True
0.26,295,2.660039,1.163111,0.025923,True
0.26,296,1.474192,0.841405,0.219721,True
0.26,297,1.517211,0.848097,0.309303,True
0.26,298,1.864612,1.106399,0.130863,True
0.26,299,1.463861,0.683878,0.396728,True
0.26,300,1.800822,1.135298,0.000000,True
0.26,301,1.976717,0.816094,0.104289,True
0.26,302,2.110385,0.801800,0.127651,True
0.26,303,1.207392,0.946675,0.206105,True
0.26,304,1.514909,0.796928,0.360510,True
0.26,305,2.144403,0.695710,0.225361,True
0.26,306,2.180659,0.922296,0.177815,True
0.26,307,1.997756,0.747924,0.123101,True
0.26,308,2.346603,1.123166,0.064945,True
0.26,309,1.608716,0.876900,0.191439,True
0.26,310,1.901107,0.891956,0.493903,True
0.26,311,2.186638,1.116892,0.000000,True
0.26,312,2.746560,1.077309,0.000000,True
0.26,313,1.428067,0.892543,0.329142,True
0.26,314,1.398728,1.015379,0.223060,True
0.26,315,1.666675,1.051542,0.041580,True
0.26,316,1.660897,0.742708,0.424371,True
0.26,317,1.764444,0.699707,0.379207,True
0.26,318,1.431527,0.896424,0.116745,True
0.26,319,2.404538,1.059276,0.000000,True
0.26,320,1.303599,0.751926,0.223018,True
0.26,321,1.583055,0.579428,0.499273,True
0.26,322,1.738613,0.813328,0.283484,True
0.26,323,1.499254,0.829109,0.195618,True
0.26,324,1.541549,0.892289,0.235935,True
0.26,325,1.394528,0.862333,0.127301,True
0.26,326,1.934128,1.019844,0.192588,True
0.26,327,0.758171,0.511249,0.482722,True
0.26,328,1.966379,0.814361,0.101513,True
0.26,329,1.889321,1.111954,0.050883,True
0.26,330,1.129529,0.735931,0.335402,True
0.26,331,2.235148,0.858457,0.221862,True
0.26,332,1.144872,0.528252,0.430593,True
0.26,333,1.089155,0.567916,0.315537,True
0.26,334,1.901766,0.754809,0.240314,True
0.26,335,0.930159,0.529967,0.419342,True
0.26,336,1.437807,0.800877,0.264626,True
0.26,337,1.285875,0.663629,0.394140,True
0.26,338,2.020857,1.127034,0.000000,True
0.26,339,3.144450,1.113503,0.026413,True
0.26,340,1.404340,0.960618,0.166819,True
0.26,341,2.100453,0.924733,0.097391,True
0.26,342,2.067402,1.199677,0.000000,True
0.26,343,1.839009,1.121465,0.016076,True
0.26,344,1.905402,0.983329,0.094145,True
0.26,345,1.506685,1.045307,0.015723,True
0.26,346,1.296138,0.700018,0.265213,True
0.26,347,1.675941,0.845193,0.157085,True
0.26,348,1.355880,0.628036,0.501841,True
0.26,349,1.656648,0.785360,0.156843,True
0.26,350,1.727354,0.836819,0.181437,True
0.26,351,1.387580,0.719645,0.154424,True
0.26,352,1.805207,0.859944,0.452138,True
0.26,353,1.651622,0.787152,0.191847,True
0.26,354,1.965241,1.258822,0.021274,True
0.26,355,1.625973,0.892873,0.091197,True
0.26,356,2.134313,1.053147,0.033586,True
0.26,357,1.251914,0.788111,0.218281,True
0.26,358,1.471498,0.784090,0.253736,True
0.26,359,2.070059,0.785825,0.119005,True
0.26,360,1.802360,0.742202,0.192047,True
0.26,361,1.876296,0.961876,0.122660,True
0.26,362,1.941867,1.137988,0.009588,True
0.26,363,1.382107,0.838645,0.127303,True
0.26,364,2.056109,0.788137,0.344562,True
0.26,365,1.771221,1.080003,0.038463,True
0.26,366,1.494411,0.702888,0.168813,True
0.26,367,1.392024,0.782957,0.201939,True
0.26,368,1.696430,0.908615,0.348625,True
0.26,369,1.725808,1.031674,0.094860,True
0.26,370,2.386172,1.117837,0.052790,True
0.26,371,2.460429,1.054783,0.107563,True
0.26,372,1.198848,0.617207,0.342741,True
0.26,373,2.883910,0.942557,0.211089,True
0.26,374,1.276368,0.713501,0.485745,True
0.26,375,1.878024,0.746848,0.165720,True
0.26,376,1.435628,0.661337,0.158534,True
0.26,377,1.663139,0.902835,0.251398,True
0.26,378,1.590765,1.043959,0.061014,True
0.26,379,1.712035,0.990164,0.214488,True
0.26,380,1.805865,1.200455,0.000000,True
0.26,381,1.433988,0.937730,0.060551,True
0.26,382,2.346789,1.161213,0.109304,True
0.26,383,1.716678,0.994571,0.168312,True
0.26,384,1.800052,0.901199,0.000000,True
0.26,385,1.673859,1.175730,0.062137,True
0.26,386,1.809571,1.025995,0.118070,True
0.26,387,1.653005,1.280915,0.038967,True
0.26,388,2.369612,0.945549,0.164958,True
0.26,389,1.489399,0.627065,0.550439,True
0.26,390,1.595035,0.791533,0.171887,True
0.26,391,2.308078,1.179486,0.000000,True
0.26,392,2.072087,0.674569,0.306757,True
0.26,393,1.943399,0.769214,0.176588,True
0.26,394,2.048784,1.055246,0.109832,True
0.26,395,1.553790,0.832060,0.073308,True
0.26,396,2.268858,1.144327,0.074670,True
0.26,397,1.367186,0.660916,0.259492,True
0.26,398,2.532631,1.013110,0.063022,True
0.26,399,2.089033,1.079768,0.000000,True
0.26,400,1.918617,1.100028,0.000000,True
0.26,401,2.450004,0.953195,0.129270,True
0.26,402,2.077481,0.979468,0.119738,True
0.26,403,2.180636,1.133426,0.143805,True
0.26,404,1.484634,0.536909,0.655327,True
0.26,405,1.681617,0.854129,0.175250,True
0.26,406,1.341489,0.707037,0.320345,True
0.26,407,1.966509,0.867589,0.172237,True
0.26,408,1.327881,0.779945,0.197100,True
0.26,409,2.300140,1.173493,0.087695,True
0.26,410,1.336875,0.992776,0.209828,True
0.26,411,1.888745,0.787785,0.229877,True
0.26,412,2.172518,1.196599,0.000000,True
0.26,413,1.295685,0.888457,0.203975,True
0.26,414,1.347295,0.943297,0.179543,True
0.26,415,1.707578,1.043133,0.065506,True
0.26,416,1.458607,0.711978,0.329393,True
0.26,417,1.559544,1.151025,0.093009,True
0.26,418,1.351523,0.825489,0.147840,True
0.26,419,1.626483,0.915906,0.030443,True
0.26,420,1.822410,1.156264,0.000000,True
0.26,421,2.376669,1.210642,0.039726,True
0.26,422,2.054283,1.031136,0.027298,True
0.26,423,1.766316,1.015002,0.008662,True
0.26,424,1.238252,0.720656,0.346147,True
0.26,425,2.099850,1.020943,0.036823,True
0.26,426,1.236069,0.800473,0.223329,True
0.26,427,1.505058,0.773466,0.235360,True
0.26,428,1.980080,0.939524,0.162846,True
0.26,429,2.574762,0.873755,0.028120,True
0.26,430,1.750023,0.965012,0.282252,True
0.26,431,1.872062,0.726322,0.251432,True
0.26,432,1.897232,1.016554,0.063225,True
0.26,433,2.508358,0.936911,0.239588,True
0.26,434,1.664296,1.004091,0.015159,True
0.26,435,1.755439,1.276231,0.016732,True
0.26,436,2.185684,0.961358,0.019757,True
0.26,437,1.302420,0.920571,0.243757,True
0.26,438,1.361619,0.783473,0.353607,True
0.26,439,1.410930,0.847790,0.228158,True
0.26,440,2.294878,0.948930,0.152536,True
0.26,441,1.732458,0.959277,0.162001,True
0.26,442,1.143909,0.824509,0.381893,True
0.26,443,2.020564,0.788506,0.135657,True
0.26,444,1.380517,0.660763,0.426589,True
0.26,445,2.172535,0.885468,0.347277,True
0.26,446,1.722449,1.085190,0.179878,True
0.26,447,2.301150,1.134081,0.027201,True
0.26,448,1.127530,0.681858,0.246911,True
0.26,449,2.049275,1.260401,0.000000,True
0.26,450,1.837583,0.802223,0.114798,True
0.26,451,1.573639,0.730434,0.325740,True
0.26,452,2.251064,1.192008,0.177618,True
0.26,453,2.089280,0.975097,0.045818,True
0.26,454,1.652837,0.965715,0.112952,True
0.26,455,2.163912,0.764864,0.151246,True
0.26,456,0.966230,0.602359,0.307809,True
0.26,457,2.374180,1.174455,0.047453,True
0.26,458,1.747321,1.015585,0.185837,True
0.26,459,1.391364,0.661176,0.406542,True
0.26,460,1.622614,0.874842,0.026378,True
0.26,461,2.220041,1.062397,0.000000,True
0.26,462,2.088099,1.047870,0.168320,True
0.26,463,2.499606,0.819198,0.000000,True
0.26,464,1.349155,0.639386,0.483216,True
0.26,465,2.678268,1.045151,0.021833,True
0.26,466,2.098397,1.080698,0.000000,True
0.26,467,2.231975,0.857651,0.158985,True
0.26,468,1.375712,0.511270,0.401368,True
0.26,469,1.171224,0.725068,0.227724,True
0.26,470,3.029882,1.196106,0.000000,True
0.26,471,2.700117,1.007656,0.070499,True
0.26,472,1.751222,0.642263,0.372654,True
0.26,473,2.801310,1.163871,0.003240,True
0.26,474,2.033501,1.159486,0.000000,True
0.26,475,1.471233,0.844056,0.296217,True
0.26,476,0.999045,0.632647,0.397995,True
0.26,477,1.843866,0.767648,0.246315,True
0.26,478,1.904995,0.879424,0.134809,True
0.26,479,1.657085,1.268289,0.020737,True
0.26,480,2.088518,1.297753,0.000000,True
0.26,481,1.785688,0.967453,0.221213,True
0.26,482,2.518539,1.141473,0.033125,True
0.26,483,1.833853,0.849886,0.126907,True
0.26,484,2.154187,1.117019,0.152682,True
0.26,485,2.594661,1.007320,0.101900,True
0.26,486,1.002500,0.827434,0.168247,True
0.26,487,2.055485,0.686117,0.198376,True
0.26,488,2.242479,1.096870,0.000000,True
0.26,489,1.795128,0.954576,0.243821,True
0.26,490,1.741311,1.030680,0.148301,True
0.26,491,2.113651,0.947473,0.074468,True
0.26,492,1.531956,1.231051,0.081094,True
0.26,493,1.257498,0.573224,0.281257,True
0.26,494,1.417061,1.128496,0.000000,True
0.26,495,1.139106,0.727336,0.378261,True
0.26,496,1.981481,1.226630,0.000000,True
0.26,497,1.227025,0.655810,0.280103,True
0.26,498,1.633388,0.820630,0.288543,True
0.26,499,1.454695,0.831155,0.136328,True
0.28,0,2.028171,0.897998,0.115592,True
0.28,1,1.952397,0.997397,0.295750,True
0.28,2,0.744442,0.514951,0.525037,True
0.28,3,2.203384,0.702918,0.268418,True
0.28,4,1.556828,0.658315,0.305958,True
0.28,5,1.457524,0.697630,0.309432,True
0.28,6,1.816467,0.876253,0.181202,True
0.28,7,1.752595,0.643132,0.278330,True
0.28,8,1.895452,1.126238,0.033524,True
0.28,9,1.039708,0.748638,0.257083,True
0.28,10,1.260330,0.893678,0.295063,True
0.28,11,1.258845,0.874083,0.298824,True
0.28,12,1.773066,1.072162,0.161654,True
0.28,13,1.433088,0.760222,0.133465,True
0.28,14,2.146831,1.098380,0.014226,True
0.28,15,1.142194,0.732835,0.222623,True
0.28,16,2.054600,0.926402,0.105735,True
0.28,17,2.423631,1.382054,0.000000,True
0.28,18,0.962043,0.493032,0.444890,True
0.28,19,1.693614,0.746734,0.210140,True
0.28,20,1.653359,0.757525,0.250469,True
0.28,21,2.570461,0.856307,0.237795,True
0.28,22,1.536722,0.866544,0.233850,True
0.28,23,2.089462,0.964702,0.191835,True
0.28,24,2.094277,0.841340,0.131974,True
0.28,25,2.196074,1.037254,0.198154,True
0.28,26,2.013738,1.217039,0.109830,True
0.28,27,1.264362,0.726117,0.239408,True
0.28,28,1.788488,0.993362,0.000000,True
0.28,29,1.598360,0.996552,0.082303,True
0.28,30,1.688110,1.026210,0.000000,True
0.28,31,1.519341,0.902959,0.121130,True
0.28,32,1.933018,0.945058,0.094433,True
0.28,33,2.173434,0.917745,0.080966,True
0.28,34,1.344793,0.594501,0.423863,True
0.28,35,1.584641,1.106957,0.127461,True
0.28,36,2.371233,1.041903,0.002419,True
0.28,37,1.743458,1.139956,0.000000,True
0.28,38,2.238707,1.233253,0.032060,True
0.28,39,1.213601,0.912951,0.128214,True
0.28,40,1.238105,0.931388,0.297397,True
0.28,41,1.188446,0.728294,0.304376,True
0.28,42,2.091605,1.154359,0.108718,True
0.28,43,2.151068,0.808373,0.206405,True
0.28,44,2.171045,1.029593,0.074403,True
0.28,45,1.095216,0.673658,0.371649,True
0.28,46,2.030525,1.257153,0.000000,True
0.28,47,1.205839,0.758530,0.383995,True
0.28,48,1.254744,0.720335,0.202486,True
0.28,49,1.902601,0.970580,0.086358,True
0.28,50,1.782855,0.913286,0.232691,True
0.28,51,1.124242,0.664075,0.324777,True
0.28,52,2.020040,0.950315,0.127512,True
0.28,53,1.590846,0.945063,0.197914,True
0.28,54,1.915232,0.865051,0.312447,True
0.28,55,2.380293,1.175442,0.113479,True
0.28,56,1.474020,0.853142,0.168370,True
0.28,57,1.880648,0.971039,0.083134,True
0.28,58,1.186410,0.547558,0.262682,True
0.28,59,1.701030,0.950195,0.124792,True
0.28,60,1.622993,0.741649,0.304329,True
0.28,61,2.042322,0.988563,0.006083,True
0.28,62,1.715949,0.996244,0.059662,True
0.28,63,1.483483,0.587408,0.499124,True
0.28,64,1.764166,0.791747,0.155586,True
0.28,65,1.883998,0.794600,0.189339,True
0.28,66,1.904547,0.816469,0.091693,True
0.28,67,1.228700,0.782843,0.319201,True
0.28,68,1.470432,1.015140,0.249423,True
0.28,69,2.018237,1.104905,0.060594,True
0.28,70,1.135285,0.703956,0.502719,True
0.28,71,2.158136,1.036236,0.109518,True
0.28,72,1.507671,0.716259,0.198634,True
0.28,73,1.139929,0.599586,0.370647,True
0.28,74,1.946129,0.980957,0.015809,True
0.28,75,1.279966,0.691132,0.347783,True
0.28,76,1.965346,1.021769,0.142717,True
0.28,77,2.181740,0.960034,0.140748,True
0.28,78,2.372014,0.999669,0.000000,True
0.28,79,1.770964,1.010067,0.054572,True
0.28,80,1.808813,0.899917,0.233323,True
0.28,81,1.228329,0.574455,0.272682,True
0.28,82,1.600907,0.862649,0.058777,True
0.28,83,1.542158,0.962790,0.123966,True
0.28,84,1.562524,0.619995,0.412532,True
0.28,85,1.221092,0.754894,0.215835,True
0.28,86,1.528023,0.891272,0.269748,True
0.28,87,1.577946,0.693721,0.266884,True
0.28,88,1.886583,1.020018,0.188081,True
0.28,89,2.790760,0.956062,0.141717,True
0.28,90,1.249314,0.706507,0.265203,True
0.28,91,1.283667,0.550094,0.451532,True
0.28,92,1.516546,0.857698,0.341042,True
0.28,93,1.733293,0.786311,0.152360,True
0.28,94,2.174160,1.074037,0.070009,True
0.28,95,1.886622,0.755196,0.196089,True
0.28,96,2.014088,1.172968,0.043059,True
0.28,97,1.642732,0.889063,0.261973,True
0.28,98,1.428019,0.750598,0.238082,True
0.28,99,1.789619,0.584326,0.319369,True
0.28,100,1.479759,0.771734,0.197711,True
0.28,101,1.837125,0.995296,0.078128,True
0.28,102,1.405353,0.873818,0.069705,True
0.28,103,1.844237,0.887441,0.155806,True
0.28,104,1.642989,0.811942,0.140872,True
0.28,105,1.811432,0.768321,0.138301,True
0.28,106,1.559041,0.891879,0.101740,True
0.28,107,1.543056,0.792069,0.361321,True
0.28,108,1.859870,0.711022,0.352661,True
0.28,109,1.805753,0.989969,0.155689,True
0.28,110,1.812096,0.905640,0.093348,True
0.28,111,1.928392,1.047699,0.049207,True
0.28,112,1.591274,0.872396,0.152697,True
0.28,113,1.465762,0.611390,0.388765,True
0.28,114,1.435272,1.070467,0.138436,True
0.28,115,1.390152,0.794044,0.249361,True
0.28,116,1.346799,0.668349,0.258661,True
0.28,117,1.982272,1.229019,0.022447,True
0.28,118,2.900809,0.751535,0.093619,True
0.28,119,1.234502,0.498299,0.185363,True
0.28,120,1.621831,0.937179,0.206404,True
0.28,121,1.525088,1.150314,0.100769,True
0.28,122,1.655971,0.669664,0.271835,True
0.28,123,2.644008,1.251066,0.000000,True
0.28,124,1.694323,0.772832,0.305044,True
0.28,125,2.051301,1.131152,0.024739,True
0.28,126,2.449289,1.072141,0.037386,True
0.28,127,1.349420,0.662254,0.305093,True
0.28,128,2.417698,1.268811,0.111714,True
0.28,129,1.551009,0.694737,0.238324,True
0.28,130,2.370603,1.106035,0.000000,True
0.28,131,1.354503,0.501917,0.541078,True
0.28,132,1.840708,1.142145,0.063751,True
0.28,133,1.522920,0.755895,0.135601,True
0.28,134,1.351111,0.989053,0.274338,True
0.28,135,1.860918,1.046427,0.184908,True
0.28,136,1.441847,1.010088,0.078608,True
0.28,137,1.711646,0.820313,0.186858,True
0.28,138,1.607740,0.816106,0.291755,True
0.28,139,1.784468,1.038734,0.000000,True
0.28,140,1.528561,0.866205,0.298088,True
0.28,141,1.894303,0.852646,0.116735,True
0.28,142,1.453589,0.907528,0.295767,True
0.28,143,2.703684,1.102481,0.127858,True
0.28,144,1.697045,1.103451,0.228857,True
0.28,145,2.059135,0.873908,0.335245,True
0.28,146,1.736427,0.757547,0.069402,True
0.28,147,1.179920,0.809282,0.204322,True
0.28,148,1.749512,0.957607,0.127363,True
0.28,149,1.582594,1.047176,0.000000,True
0.28,150,1.444251,0.971341,0.179321,True
0.28,151,1.808064,0.919260,0.186413,True
0.28,152,1.389757,0.784891,0.299414,True
0.28,153,1.786985,0.795401,0.227064,True
0.28,154,2.471445,1.169374,0.043933,True
0.28,155,1.469065,0.716365,0.307293,True
0.28,156,2.008898,1.125373,0.000000,True
0.28,157,2.038285,1.083823,0.035605,True
0.28,158,1.995517,0.894677,0.051395,True
0.28,159,1.613355,1.074879,0.027985,True
0.28,160,2.084742,1.133172,0.172486,True
0.28,161,1.429711,0.681107,0.369041,True
0.28,162,1.851905,1.008225,0.061325,True
0.28,163,1.501874,0.935916,0.189454,True
0.28,164,1.272444,0.423426,0.498393,True
0.28,165,1.577376,0.801882,0.204305,True
0.28,166,1.949419,1.168440,0.057695,True
0.28,167,1.994624,0.990398,0.121611,True
0.28,168,1.614054,0.962627,0.200216,True
0.28,169,1.396761,0.883433,0.267990,True
0.28,170,1.511017,0.643272,0.443567,True
0.28,171,1.975078,0.896213,0.205922,True
0.28,172,1.171841,0.620601,0.524456,True
0.28,173,1.343905,0.746437,0.193151,True
0.28,174,1.730528,0.907295,0.277828,True
0.28,175,1.815453,1.091997,0.102861,True
0.28,176,1.798871,0.810389,0.197371,True
0.28,177,2.172405,0.767047,0.160858,True
0.28,178,1.356441,0.782378,0.287148,True
0.28,179,1.248650,0.798799,0.157343,True
0.28,180,2.671993,1.101004,0.063895,True
0.28,181,1.193789,0.678202,0.257170,True
0.28,182,1.453718,0.773280,0.196195,True
0.28,183,1.913971,1.075086,0.074071,True
0.28,184,1.862911,0.697681,0.346358,True
0.28,185,1.586234,0.892916,0.096477,True
0.28,186,1.538634,0.665093,0.250733,True
0.28,187,1.210542,0.592611,0.352221,True
0.28,188,1.307274,0.697059,0.325161,True
0.28,189,2.357722,1.255378,0.000000,True
0.28,190,1.837327,1.114864,0.000000,True
0.28,191,1.583618,0.896583,0.142135,True
0.28,192,1.598508,0.792697,0.325776,True
0.28,193,1.763159,0.814298,0.240713,True
0.28,194,2.220227,1.032533,0.000000,True
0.28,195,1.498230,0.902587,0.174197,True
0.28,196,1.495940,0.520153,0.408842,True
0.28,197,1.842861,0.801880,0.067634,True
0.28,198,1.627346,0.827368,0.307390,True
0.28,199,2.005296,0.832285,0.148341,True
0.28,200,1.514944,1.048554,0.112424,True
0.28,201,1.904277,0.777543,0.361124,True
0.28,202,1.861813,0.514220,0.484860,True
0.28,203,1.127966,0.736759,0.349881,True
0.28,204,2.027786,0.940458,0.169877,True
0.28,205,1.279561,0.752207,0.304822,True
0.28,206,1.982114,1.125956,0.015531,True
0.28,207,1.863194,1.219182,0.014241,True
0.28,208,1.532330,0.679155,0.282559,True
0.28,209,2.544930,1.067273,0.098220,True
0.28,210,1.513277,0.796953,0.262703,True
0.28,211,2.532907,1.138655,0.000000,True
0.28,212,2.283099,0.823353,0.174965,True
0.28,213,1.856778,0.843839,0.214139,True
0.28,214,1.519696,0.701932,0.306521,True
0.28,215,2.406587,1.062076,0.000000,True
0.28,216,1.627576,1.016602,0.160993,True
0.28,217,2.019223,1.002080,0.199709,True
0.28,218,1.376324,0.704330,0.313405,True
0.28,219,1.686363,1.180008,0.000000,True
0.28,220,1.410229,0.871924,0.077446,True
0.28,221,1.135629,0.471519,0.534583,True
0.28,222,2.060380,1.015130,0.144295,True
0.28,223,0.900808,0.564177,0.465362,True
0.28,224,1.065284,0.577589,0.276694,True
0.28,225,1.740071,0.949197,0.056112,True
0.28,226,1.614801,1.118309,0.171771,True
0.28,227,1.673283,0.614811,0.337044,True
0.28,228,2.374033,1.051007,0.034444,True
0.28,229,1.468355,0.786018,0.169222,True
0.28,230,1.872575,1.058790,0.107806,True
0.28,231,1.504771,0.905172,0.092614,True
0.28,232,2.576223,1.181610,0.037051,True
0.28,233,1.892040,0.913060,0.258778,True
0.28,234,1.619711,0.998248,0.109093,True
0.28,235,1.553294,0.852063,0.165457,True
0.28,236,1.324731,0.832741,0.266460,True
0.28,237,1.416418,0.904758,0.247737,True
0.28,238,2.305114,0.981148,0.141552,True
0.28,239,1.315186,0.713175,0.460286,True
0.28,240,1.576102,0.760650,0.219317,True
0.28,241,1.451103,1.067665,0.064109,True
0.28,242,1.720805,0.942012,0.050279,True
0.28,243,1.918810,1.068073,0.000000,True
0.28,244,1.252735,0.708686,0.223667,True
0.28,245,1.904879,1.181135,0.130911,True
0.28,246,1.441880,0.774998,0.338740,True
0.28,247,1.684889,0.921640,0.198319,True
0.28,248,1.262205,0.741632,0.424596,True
0.28,249,1.211659,0.605961,0.168356,True
0.28,250,1.884517,0.878161,0.225896,True
0.28,251,1.063775,0.608892,0.243117,True
0.28,252,1.975758,1.065575,0.048727,True
0.28,253,1.419684,0.939442,0.198130,True
0.28,254,1.783265,0.813741,0.103761,True
0.28,255,1.403952,0.713777,0.371302,True
0.28,256,1.807409,0.960594,0.209279,True
0.28,257,1.700450,0.852057,0.206973,True
0.28,258,1.946180,0.969016,0.259590,True
0.28,259,2.455079,1.181479,0.000000,True
0.28,260,1.635421,0.945397,0.074250,True
0.28,261,1.768150,1.053676,0.094891,True
0.28,262,1.566439,0.738770,0.547248,True
0.28,263,1.449651,0.859183,0.150567,True
0.28,264,1.657847,0.913019,0.044863,True
0.28,265,2.253698,0.787820,0.223942,True
0.28,266,1.417952,0.812993,0.179736,True
0.28,267,1.552656,0.826034,0.136207,True
0.28,268,1.622592,0.918158,0.022280,True
0.28,269,1.544405,0.672774,0.440526,True
0.28,270,1.648212,0.887279,0.252450,True
0.28,271,1.195810,0.641473,0.443499,True
0.28,272,1.197486,0.891999,0.352518,True
0.28,273,1.859698,0.635389,0.366283,True
0.28,274,2.078771,0.991126,0.169075,True
0.28,275,1.843570,1.068753,0.114213,True
0.28,276,1.507740,0.638597,0.239559,True
0.28,277,2.331262,1.026325,0.125838,True
0.28,278,1.808658,0.920991,0.001274,True
0.28,279,2.522647,0.899460,0.256110,True
0.28,280,1.897215,0.855149,0.149984,True
0.28,281,1.123050,0.771153,0.373281,True
0.28,282,1.704057,0.789201,0.302296,True
0.28,283,1.208155,0.447857,0.386783,True
0.28,284,1.009644,0.592715,0.370519,True
0.28,285,1.983359,1.079513,0.115885,True
0.28,286,1.202439,0.701841,0.364414,True
0.28,287,1.922934,0.809588,0.235335,True
0.28,288,1.125292,0.643694,0.313738,True
0.28,289,1.887217,1.167672,0.000000,True
0.28,290,1.301395,0.799258,0.275433,True
0.28,291,2.518776,0.763657,0.243539,True
0.28,292,1.205400,0.473268,0.336950,True
0.28,293,2.314750,1.208261,0.036414,True
0.28,294,1.702449,0.753546,0.185028,True
0.28,295,2.618492,1.147698,0.039884,True
0.28,296,1.469822,0.839937,0.220874,True
0.28,297,1.512175,0.845780,0.310957,True
0.28,298,1.838550,1.098563,0.138278,True
0.28,299,1.454229,0.681774,0.398527,True
0.28,300,1.800822,1.135298,0.000000,True
0.28,301,1.963078,0.811245,0.108257,True
0.28,302,2.093015,0.796055,0.132466,True
0.28,303,1.198361,0.944601,0.208021,True
0.28,304,1.508183,0.795108,0.362052,True
0.28,305,2.126464,0.691008,0.229412,True
0.28,306,2.159761,0.915342,0.183876,True
0.28,307,1.977700,0.743060,0.127444,True
0.28,308,2.325576,1.112486,0.073888,True
0.28,309,1.595608,0.873519,0.194509,True
0.28,310,1.885017,0.887351,0.498020,True
0.28,311,2.186638,1.116892,0.000000,True
0.28,312,2.729524,1.067831,0.007933,True
0.28,313,1.419320,0.889661,0.331409,True
0.28,314,1.390988,1.013170,0.225073,True
0.28,315,1.659954,1.048877,0.043797,True
0.28,316,1.653206,0.740197,0.426341,True
0.28,317,1.755697,0.697050,0.381334,True
0.28,318,1.420639,0.893343,0.119354,True
0.28,319,2.404538,1.059276,0.000000,True
0.28,320,1.290846,0.749577,0.225244,True
0.28,321,1.575266,0.577855,0.500606,True
0.28,322,1.723454,0.809663,0.286832,True
0.28,323,1.494052,0.827539,0.196909,True
0.28,324,1.534819,0.890105,0.237735,True
0.28,325,1.391098,0.861149,0.128224,True
0.28,326,1.915289,1.013988,0.197923,True
0.28,327,0.757875,0.511239,0.482740,True
0.28,328,1.954927,0.808875,0.105690,True
0.28,329,1.875762,1.105910,0.055917,True
0.28,330,1.128056,0.735637,0.335657,True
0.28,331,2.211566,0.851829,0.227811,True
0.28,332,1.143410,0.527971,0.430798,True
0.28,333,1.087798,0.567691,0.315718,True
0.28,334,1.885472,0.750537,0.244033,True
0.28,335,0.927917,0.529815,0.419537,True
0.28,336,1.429665,0.798522,0.266503,True
0.28,337,1.281680,0.662720,0.394879,True
0.28,338,2.020857,1.127034,0.000000,True
0.28,339,3.097179,1.090178,0.046675,True
0.28,340,1.397130,0.958629,0.168610,True
0.28,341,2.084945,0.918586,0.102514,True
0.28,342,2.067402,1.199677,0.000000,True
0.28,343,1.826893,1.116188,0.020491,True
0.28,344,1.887884,0.978148,0.098894,True
0.28,345,1.488458,1.040368,0.020412,True
0.28,346,1.293336,0.699433,0.265721,True
0.28,347,1.667279,0.842523,0.159333,True
0.28,348,1.351091,0.626993,0.502682,True
0.28,349,1.648935,0.783221,0.158662,True
0.28,350,1.710548,0.832573,0.185273,True
0.28,351,1.378112,0.717555,0.156208,True
0.28,352,1.796260,0.856889,0.454674,True
0.28,353,1.641961,0.784905,0.193906,True
0.28,354,1.950810,1.250714,0.027868,True
0.28,355,1.615930,0.890156,0.093646,True
0.28,356,2.116244,1.045970,0.039774,True
0.28,357,1.249389,0.787449,0.218817,True
0.28,358,1.465475,0.782471,0.255091,True
0.28,359,2.049262,0.780232,0.123922,True
0.28,360,1.783959,0.738284,0.195693,True
0.28,361,1.863654,0.957838,0.126233,True
0.28,362,1.908476,1.126352,0.020005,True
0.28,363,1.378346,0.837592,0.128182,True
0.28,364,2.040240,0.783358,0.348650,True
0.28,365,1.757550,1.075094,0.042760,True
0.28,366,1.485645,0.701078,0.170444,True
0.28,367,1.385344,0.781362,0.203323,True
0.28,368,1.680637,0.904313,0.352518,True
0.28,369,1.695100,1.021766,0.103471,True
0.28,370,2.362089,1.106338,0.062513,True
0.28,371,2.421398,1.042624,0.118766,True
0.28,372,1.196955,0.616793,0.343058,True
0.28,373,2.832950,0.925756,0.226031,True
0.28,374,1.273849,0.712791,0.486278,True
0.28,375,1.866641,0.744103,0.168175,True
0.28,376,1.431178,0.659916,0.159555,True
0.28,377,1.654468,0.899693,0.253934,True
0.28,378,1.574563,1.038480,0.065708,True
0.28,379,1.699070,0.985569,0.218368,True
0.28,380,1.805865,1.200455,0.000000,True
0.28,381,1.427797,0.936009,0.062087,True
0.28,382,2.313618,1.149475,0.120033,True
0.28,383,1.706417,0.991054,0.171341,True
0.28,384,1.795126,0.899397,0.001480,True
0.28,385,1.658464,1.170802,0.066815,True
0.28,386,1.784535,1.018567,0.124879,True
0.28,387,1.640692,1.276357,0.043171,True
0.28,388,2.330749,0.935204,0.174621,True
0.28,389,1.484406,0.625844,0.551410,True
0.28,390,1.585456,0.789164,0.173982,True
0.28,391,2.308078,1.179486,0.000000,True
0.28,392,2.052518,0.670263,0.310607,True
0.28,393,1.929744,0.765158,0.180018,True
0.28,394,2.035655,1.048211,0.115437,True
0.28,395,1.535834,0.827133,0.077442,True
0.28,396,2.245044,1.134903,0.083007,True
0.28,397,1.364431,0.660165,0.260062,True
0.28,398,2.495035,1.000332,0.074429,True
0.28,399,2.089033,1.079768,0.000000,True
0.28,400,1.918617,1.100028,0.000000,True
0.28,401,2.412916,0.942748,0.138906,True
0.28,402,2.060801,0.973181,0.125125,True
0.28,403,2.159601,1.122989,0.152453,True
0.28,404,1.474765,0.535454,0.656681,True
0.28,405,1.670631,0.851262,0.177836,True
0.28,406,1.338353,0.705790,0.321167,True
0.28,407,1.943489,0.860819,0.178152,True
0.28,408,1.317151,0.777612,0.199162,True
0.28,409,2.278431,1.162854,0.096702,True
0.28,410,1.330541,0.990975,0.211430,True
0.28,411,1.870697,0.783375,0.233867,True
0.28,412,2.172518,1.196599,0.000000,True
0.28,413,1.281189,0.884964,0.207031,True
0.28,414,1.342314,0.941926,0.180757,True
0.28,415,1.693132,1.038242,0.069787,True
0.28,416,1.454253,0.710559,0.330447,True
0.28,417,1.554018,1.148804,0.094889,True
0.28,418,1.348497,0.824428,0.148634,True
0.28,419,1.614032,0.912219,0.033650,True
0.28,420,1.822410,1.156264,0.000000,True
0.28,421,2.337295,1.196405,0.052758,True
0.28,422,2.033284,1.024923,0.033100,True
0.28,423,1.747686,1.008952,0.013995,True
0.28,424,1.236171,0.720020,0.346600,True
0.28,425,2.082321,1.013335,0.043143,True
0.28,426,1.233761,0.799857,0.223825,True
0.28,427,1.500732,0.772151,0.236413,True
0.28,428,1.955533,0.932981,0.168960,True
0.28,429,2.530774,0.862603,0.038445,True
0.28,430,1.730888,0.959491,0.287257,True
0.28,431,1.858499,0.722619,0.254562,True
0.28,432,1.885146,1.011157,0.067591,True
0.28,433,2.464848,0.924943,0.250617,True
0.28,434,1.654261,1.001139,0.017871,True
0.28,435,1.743208,1.270829,0.021381,True
0.28,436,2.150054,0.951461,0.028907,True
0.28,437,1.298864,0.919451,0.244658,True
0.28,438,1.355622,0.781764,0.354948,True
0.28,439,1.402135,0.845426,0.230161,True
0.28,440,2.270066,0.941009,0.159602,True
0.28,441,1.722038,0.956091,0.164847,True
0.28,442,1.142555,0.824163,0.382172,True
0.28,443,2.004972,0.783719,0.139712,True
0.28,444,1.377570,0.660016,0.427177,True
0.28,445,2.141121,0.876750,0.355133,True
0.28,446,1.709739,1.080737,0.183809,True
0.28,447,2.266702,1.122966,0.037570,True
0.28,448,1.125960,0.681524,0.247176,True
0.28,449,2.049275,1.260401,0.000000,True
0.28,450,1.814325,0.796852,0.119761,True
0.28,451,1.564689,0.728161,0.327651,True
0.28,452,2.212165,1.179102,0.189694,True
0.28,453,2.072917,0.968776,0.051179,True
0.28,454,1.644639,0.963232,0.115168,True
0.28,455,2.145043,0.759389,0.155959,True
0.28,456,0.961427,0.601317,0.308379,True
0.28,457,2.347260,1.163259,0.057320,True
0.28,458,1.738125,1.012501,0.188552,True
0.28,459,1.378512,0.658066,0.408916,True
0.28,460,1.614166,0.871947,0.028725,True
0.28,461,2.220041,1.062397,0.000000,True
0.28,462,2.067474,1.040211,0.175001,True
0.28,463,2.499606,0.819198,0.000000,True
0.28,464,1.344183,0.638440,0.484046,True
0.28,465,2.648349,1.030638,0.034135,True
0.28,466,2.098397,1.080698,0.000000,True
0.28,467,2.208325,0.850547,0.165237,True
0.28,468,1.371630,0.510527,0.401970,True
0.28,469,1.167348,0.724316,0.228381,True
0.28,470,3.013190,1.186261,0.008424,True
0.28,471,2.652885,0.993309,0.083649,True
0.28,472,1.740912,0.639630,0.374817,True
0.28,473,2.764953,1.145589,0.018966,True
0.28,474,2.033501,1.159486,0.000000,True
0.28,475,1.462599,0.841800,0.298183,True
0.28,476,0.997320,0.632385,0.398215,True
0.28,477,1.834173,0.764326,0.248986,True
0.28,478,1.874476,0.871328,0.142100,True
0.28,479,1.646716,1.264108,0.024437,True
0.28,480,2.088518,1.297753,0.000000,True
0.28,481,1.771358,0.963253,0.225036,True
0.28,482,2.484469,1.128320,0.044864,True
0.28,483,1.822404,0.846209,0.130009,True
0.28,484,2.115964,1.105046,0.163825,True
0.28,485,2.557508,0.994864,0.113073,True
0.28,486,1.000043,0.827005,0.168646,True
0.28,487,2.037434,0.682144,0.201955,True
0.28,488,2.242479,1.096870,0.000000,True
0.28,489,1.783794,0.950855,0.247060,True
0.28,490,1.727274,1.025757,0.152553,True
0.28,491,2.094729,0.941806,0.079600,True
0.28,492,1.524453,1.228222,0.083618,True
0.28,493,1.254364,0.572536,0.281766,True
0.28,494,1.413636,1.127326,0.001019,True
0.28,495,1.137418,0.726861,0.378595,True
0.28,496,1.981481,1.226630,0.000000,True
0.28,497,1.223041,0.654919,0.280791,True
0.28,498,1.624437,0.817926,0.290788,True
0.28,499,1.439061,0.827573,0.139590,True
0.30,0,2.012745,0.892332,0.120321,True
0.30,1,1.929031,0.990774,0.301932,True
0.30,2,0.744009,0.514946,0.525062,True
0.30,3,2.180026,0.697571,0.273216,True
0.30,4,1.548685,0.656510,0.307497,True
0.30,5,1.449372,0.695704,0.311030,True
0.30,6,1.807205,0.873154,0.183811,True
0.30,7,1.732709,0.639311,0.281788,True
0.30,8,1.880859,1.120906,0.038277,True
0.30,9,1.034943,0.748110,0.257747,True
0.30,10,1.257171,0.892814,0.295790,True
0.30,11,1.256962,0.873510,0.299280,True
0.30,12,1.758698,1.067558,0.165862,True
0.30,13,1.428488,0.759097,0.134435,True
0.30,14,2.121406,1.088340,0.022918,True
0.30,15,1.137740,0.731818,0.223396,True
0.30,16,2.036896,0.920632,0.110778,True
0.30,17,2.423631,1.382054,0.000000,True
0.30,18,0.961267,0.492922,0.444970,True
0.30,19,1.677990,0.743045,0.213393,True
0.30,20,1.641941,0.754968,0.252809,True
0.30,21,2.558123,0.842051,0.248646,True
0.30,22,1.531976,0.865075,0.235080,True
0.30,23,2.074404,0.958128,0.197223,True
0.30,24,2.078908,0.836126,0.136379,True
0.30,25,2.173384,1.029238,0.205252,True
0.30,26,2.001401,1.209451,0.115850,True
0.30,27,1.260274,0.725215,0.240165,True
0.30,28,1.788488,0.993362,0.000000,True
0.30,29,1.589407,0.993661,0.084824,True
0.30,30,1.688110,1.026210,0.000000,True
0.30,31,1.512751,0.900681,0.122954,True
0.30,32,1.920329,0.939921,0.098641,True
0.30,33,2.140404,0.909108,0.089002,True
0.30,34,1.335518,0.592731,0.425308,True
0.30,35,1.577894,1.104316,0.129692,True
0.30,36,2.332907,1.028976,0.013964,True
0.30,37,1.743458,1.139956,0.000000,True
0.30,38,2.207082,1.220918,0.043165,True
0.30,39,1.209699,0.911913,0.129092,True
0.30,40,1.232251,0.929824,0.298725,True
0.30,41,1.178746,0.726585,0.305932,True
0.30,42,2.074656,1.146490,0.115369,True
0.30,43,2.134891,0.802415,0.211303,True
0.30,44,2.156025,1.021088,0.081150,True
0.30,45,1.094061,0.673373,0.371850,True
0.30,46,2.030525,1.257153,0.000000,True
0.30,47,1.198058,0.757011,0.385346,True
0.30,48,1.250225,0.719366,0.203307,True
0.30,49,1.888462,0.964720,0.091134,True
0.30,50,1.755531,0.905557,0.239512,True
0.30,51,1.122646,0.663782,0.325028,True
0.30,52,2.007579,0.944127,0.132384,True
0.30,53,1.577394,0.941401,0.201262,True
0.30,54,1.899950,0.860193,0.316591,True
0.30,55,2.351104,1.163838,0.123813,True
0.30,56,1.464911,0.850785,0.170445,True
0.30,57,1.865982,0.966554,0.087171,True
0.30,58,1.184383,0.547199,0.262969,True
0.30,59,1.686515,0.945338,0.128892,True
0.30,60,1.611162,0.738871,0.306784,True
0.30,61,2.026874,0.982714,0.011077,True
0.30,62,1.696970,0.991161,0.064499,True
0.30,63,1.467372,0.584448,0.501642,True
0.30,64,1.751568,0.788314,0.158550,True
0.30,65,1.874786,0.790056,0.192722,True
0.30,66,1.884539,0.811744,0.096079,True
0.30,67,1.223715,0.781918,0.320105,True
0.30,68,1.463347,1.013064,0.251314,True
0.30,69,2.002012,1.098618,0.066085,True
0.30,70,1.133021,0.703492,0.503100,True
0.30,71,2.133011,1.028422,0.116699,True
0.30,72,1.500997,0.714742,0.199958,True
0.30,73,1.137775,0.598999,0.371020,True
0.30,74,1.930810,0.975992,0.020218,True
0.30,75,1.269353,0.688084,0.349836,True
0.30,76,1.954012,1.016164,0.147194,True
0.30,77,2.160231,0.953070,0.146936,True
0.30,78,2.372014,0.999669,0.000000,True
0.30,79,1.760388,1.006654,0.057621,True
0.30,80,1.791697,0.895208,0.237581,True
0.30,81,1.225847,0.573891,0.273092,True
0.30,82,1.589867,0.859902,0.061303,True
0.30,83,1.533751,0.960247,0.126202,True
0.30,84,1.555263,0.618048,0.414046,True
0.30,85,1.216944,0.754077,0.216582,True
0.30,86,1.510268,0.886356,0.273977,True
0.30,87,1.570824,0.691836,0.268423,True
0.30,88,1.876992,1.014875,0.192070,True
0.30,89,2.752691,0.940924,0.154797,True
0.30,90,1.247237,0.705831,0.265665,True
0.30,91,1.281114,0.549634,0.451913,True
0.30,92,1.500344,0.853807,0.344589,True
0.30,93,1.725361,0.783958,0.154342,True
0.30,94,2.152899,1.066962,0.076460,True
0.30,95,1.874439,0.751254,0.199307,True
0.30,96,1.990391,1.164667,0.050671,True
0.30,97,1.628864,0.885624,0.265193,True
0.30,98,1.415907,0.747956,0.240417,True
0.30,99,1.780146,0.582405,0.321035,True
0.30,100,1.474763,0.770339,0.198857,True
0.30,101,1.820568,0.989737,0.082975,True
0.30,102,1.402037,0.872748,0.070566,True
0.30,103,1.835368,0.883582,0.158835,True
0.30,104,1.636105,0.810140,0.142462,True
0.30,105,1.803740,0.764849,0.140906,True
0.30,106,1.553287,0.889609,0.103483,True
0.30,107,1.534007,0.789503,0.363438,True
0.30,108,1.840326,0.706713,0.356536,True
0.30,109,1.779735,0.982009,0.162752,True
0.30,110,1.796424,0.901274,0.097295,True
0.30,111,1.914908,1.042678,0.053560,True
0.30,112,1.582526,0.869620,0.155000,True
0.30,113,1.454473,0.609164,0.390645,True
0.30,114,1.424167,1.066785,0.141585,True
0.30,115,1.380178,0.791630,0.251428,True
0.30,116,1.342282,0.667238,0.259528,True
0.30,117,1.965285,1.222071,0.028605,True
0.30,118,2.875351,0.737677,0.104970,True
0.30,119,1.232480,0.497830,0.185682,True
0.30,120,1.611276,0.934123,0.209130,True
0.30,121,1.518447,1.147475,0.103080,True
0.30,122,1.644444,0.667338,0.273940,True
0.30,123,2.627592,1.244702,0.005799,True
0.30,124,1.686029,0.770539,0.306994,True
0.30,125,2.032175,1.123609,0.031341,True
0.30,126,2.426102,1.060678,0.046986,True
0.30,127,1.346440,0.661393,0.305726,True
0.30,128,2.387792,1.255661,0.123361,True
0.30,129,1.543697,0.692932,0.239834,True
0.30,130,2.370603,1.106035,0.000000,True
0.30,131,1.349891,0.501001,0.541773,True
0.30,132,1.830178,1.137748,0.067509,True
0.30,133,1.516768,0.754410,0.136901,True
0.30,134,1.344452,0.987223,0.275993,True
0.30,135,1.831273,1.037287,0.193195,True
0.30,136,1.436714,1.008341,0.080078,True
0.30,137,1.703943,0.818319,0.188644,True
0.30,138,1.602361,0.814675,0.293011,True
0.30,139,1.784468,1.038734,0.000000,True
0.30,140,1.524004,0.864369,0.299471,True
0.30,141,1.876238,0.847999,0.120981,True
0.30,142,1.438004,0.902708,0.299648,True
0.30,143,2.661564,1.085566,0.142728,True
0.30,144,1.688839,1.100472,0.231478,True
0.30,145,2.037141,0.867864,0.340701,True
0.30,146,1.728198,0.755391,0.071268,True
0.30,147,1.176654,0.808570,0.204946,True
0.30,148,1.734564,0.953355,0.131247,True
0.30,149,1.582594,1.047176,0.000000,True
0.30,150,1.439889,0.969870,0.180544,True
0.30,151,1.795517,0.915324,0.189838,True
0.30,152,1.386207,0.783600,0.300349,True
0.30,153,1.779340,0.791912,0.229678,True
0.30,154,2.442150,1.155961,0.055504,True
0.30,155,1.455931,0.713508,0.309775,True
0.30,156,2.008898,1.125373,0.000000,True
0.30,157,2.015721,1.076845,0.042129,True
0.30,158,1.972397,0.888728,0.056930,True
0.30,159,1.606550,1.072334,0.030152,True
0.30,160,2.064340,1.125752,0.179163,True
0.30,161,1.422851,0.679219,0.370482,True
0.30,162,1.838225,1.003013,0.065708,True
0.30,163,1.492723,0.932959,0.191918,True
0.30,164,1.267811,0.422827,0.498895,True
0.30,165,1.571323,0.799586,0.206040,True
0.30,166,1.931128,1.161350,0.063961,True
0.30,167,1.981922,0.985124,0.126001,True
0.30,168,1.608357,0.960349,0.202046,True
0.30,169,1.391475,0.882063,0.269216,True
0.30,170,1.503127,0.641603,0.445005,True
0.30,171,1.960652,0.891766,0.209829,True
0.30,172,1.161777,0.618848,0.525868,True
0.30,173,1.340897,0.745536,0.193836,True
0.30,174,1.722704,0.904411,0.280183,True
0.30,175,1.805225,1.087715,0.106458,True
0.30,176,1.783097,0.806557,0.200866,True
0.30,177,2.156283,0.760541,0.166050,True
0.30,178,1.353481,0.780893,0.288081,True
0.30,179,1.246381,0.798193,0.157833,True
0.30,180,2.628537,1.083883,0.078953,True
0.30,181,1.191504,0.677616,0.257603,True
0.30,182,1.447693,0.771591,0.197563,True
0.30,183,1.901509,1.070261,0.078236,True
0.30,184,1.846101,0.693872,0.349734,True
0.30,185,1.579422,0.890638,0.098349,True
0.30,186,1.525269,0.662443,0.253095,True
0.30,187,1.207015,0.592025,0.352727,True
0.30,188,1.302729,0.696124,0.325974,True
0.30,189,2.357722,1.255378,0.000000,True
0.30,190,1.837327,1.114864,0.000000,True
0.30,191,1.577914,0.894633,0.143730,True
0.30,192,1.589515,0.790403,0.327796,True
0.30,193,1.741857,0.808061,0.245901,True
0.30,194,2.220227,1.032533,0.000000,True
0.30,195,1.492931,0.900547,0.175769,True
0.30,196,1.491934,0.519067,0.409629,True
0.30,197,1.832174,0.798132,0.070662,True
0.30,198,1.614749,0.824073,0.310285,True
0.30,199,1.990968,0.827625,0.152279,True
0.30,200,1.507158,1.046175,0.114588,True
0.30,201,1.891956,0.773936,0.364195,True
0.30,202,1.843881,0.511236,0.487510,True
0.30,203,1.126937,0.736466,0.350087,True
0.30,204,2.013482,0.935047,0.174424,True
0.30,205,1.277238,0.751590,0.305311,True
0.30,206,1.957383,1.117904,0.022991,True
0.30,207,1.845335,1.212334,0.020386,True
0.30,208,1.527814,0.677801,0.283597,True
0.30,209,2.513025,1.054241,0.109548,True
0.30,210,1.507121,0.795222,0.264146,True
0.30,211,2.522777,1.135021,0.003290,True
0.30,212,2.249691,0.815478,0.182293,True
0.30,213,1.848315,0.839869,0.217175,True
0.30,214,1.508080,0.699383,0.308735,True
0.30,215,2.406587,1.062076,0.000000,True
0.30,216,1.619619,1.013669,0.163456,True
0.30,217,2.003227,0.996736,0.204456,True
0.30,218,1.373278,0.703605,0.314008,True
0.30,219,1.686363,1.180008,0.000000,True
0.30,220,1.405074,0.870151,0.078817,True
0.30,221,1.132150,0.471178,0.534938,True
0.30,222,2.040063,1.007340,0.150927,True
0.30,223,0.900543,0.564127,0.465394,True
0.30,224,1.062140,0.577101,0.277086,True
0.30,225,1.723972,0.944789,0.060188,True
0.30,226,1.607254,1.115387,0.174265,True
0.30,227,1.667090,0.612707,0.338604,True
0.30,228,2.335216,1.039189,0.045379,True
0.30,229,1.462720,0.784541,0.170477,True
0.30,230,1.860360,1.053967,0.111899,True
0.30,231,1.498496,0.903035,0.094339,True
0.30,232,2.534062,1.166098,0.051138,True
0.30,233,1.872841,0.907363,0.263818,True
0.30,234,1.609778,0.994678,0.112066,True
0.30,235,1.546828,0.849800,0.167257,True
0.30,236,1.315120,0.830917,0.268310,True
0.30,237,1.409293,0.902877,0.249418,True
0.30,238,2.276889,0.972380,0.149489,True
0.30,239,1.311642,0.712285,0.460995,True
0.30,240,1.569629,0.758761,0.220856,True
0.30,241,1.440035,1.064332,0.067143,True
0.30,242,1.711943,0.939142,0.052766,True
0.30,243,1.918810,1.068073,0.000000,True
0.30,244,1.247768,0.707714,0.224528,True
0.30,245,1.880948,1.172732,0.138583,True
0.30,246,1.431842,0.772722,0.340764,True
0.30,247,1.663189,0.916198,0.203423,True
0.30,248,1.259971,0.741035,0.425060,True
0.30,249,1.208837,0.605450,0.168786,True
0.30,250,1.873655,0.874188,0.229182,True
0.30,251,1.062462,0.608637,0.243310,True
0.30,252,1.958923,1.059588,0.054028,True
0.30,253,1.414511,0.937784,0.199508,True
0.30,254,1.764934,0.808504,0.108204,True
0.30,255,1.398261,0.712416,0.372430,True
0.30,256,1.796154,0.955897,0.213047,True
0.30,257,1.689643,0.849303,0.209491,True
0.30,258,1.931541,0.964170,0.263848,True
0.30,259,2.455079,1.181479,0.000000,True
0.30,260,1.629448,0.943586,0.075855,True
0.30,261,1.756891,1.049576,0.098438,True
0.30,262,1.559974,0.737322,0.548553,True
0.30,263,1.442611,0.857069,0.152300,True
0.30,264,1.646009,0.909786,0.047802,True
0.30,265,2.223745,0.781088,0.230229,True
0.30,266,1.407225,0.810069,0.182119,True
0.30,267,1.533606,0.821304,0.140361,True
0.30,268,1.614669,0.915926,0.024285,True
0.30,269,1.521742,0.668556,0.444369,True
0.30,270,1.637909,0.883825,0.255287,True
0.30,271,1.189815,0.640267,0.444440,True
0.30,272,1.193366,0.890971,0.353398,True
0.30,273,1.845391,0.632257,0.369006,True
0.30,274,2.057067,0.983946,0.175439,True
0.30,275,1.833271,1.064973,0.117520,True
0.30,276,1.496254,0.636388,0.241513,True
0.30,277,2.302144,1.016800,0.134446,True
0.30,278,1.791479,0.916085,0.005685,True
0.30,279,2.491110,0.888804,0.265405,True
0.30,280,1.883657,0.851525,0.153264,True
0.30,281,1.121064,0.770711,0.373645,True
0.30,282,1.685728,0.784933,0.306172,True
0.30,283,1.206118,0.447493,0.387045,True
0.30,284,1.007597,0.592338,0.370779,True
0.30,285,1.969129,1.073438,0.120999,True
0.30,286,1.199532,0.701179,0.364937,True
0.30,287,1.898367,0.803245,0.240961,True
0.30,288,1.123281,0.643187,0.314089,True
0.30,289,1.887217,1.167672,0.000000,True
0.30,290,1.296584,0.798115,0.276417,True
0.30,291,2.496409,0.754235,0.251246,True
0.30,292,1.203794,0.472781,0.337234,True
0.30,293,2.281589,1.196759,0.047120,True
0.30,294,1.692519,0.751137,0.187158,True
0.30,295,2.580669,1.133260,0.052839,True
0.30,296,1.465589,0.838506,0.221992,True
0.30,297,1.507358,0.843526,0.312553,True
0.30,298,1.814887,1.091434,0.144999,True
0.30,299,1.445229,0.679800,0.400207,True
0.30,300,1.798851,1.134580,0.000641,True
0.30,301,1.950263,0.806595,0.112031,True
0.30,302,2.076751,0.790562,0.137031,True
0.30,303,1.190016,0.942707,0.209776,True
0.30,304,1.501710,0.793354,0.363534,True
0.30,305,2.109542,0.686499,0.233269,True
0.30,306,2.140233,0.908727,0.189598,True
0.30,307,1.958897,0.738466,0.131525,True
0.30,308,2.306222,1.102226,0.082382,True
0.30,309,1.583248,0.870341,0.197392,True
0.30,310,1.869842,0.882982,0.501908,True
0.30,311,2.186638,1.116892,0.000000,True
0.30,312,2.700631,1.050755,0.022079,True
0.30,313,1.411030,0.886927,0.333549,True
0.30,314,1.383670,1.011081,0.226972,True
0.30,315,1.653452,1.046284,0.045946,True
0.30,316,1.645881,0.737774,0.428229,True
0.30,317,1.747356,0.694483,0.383376,True
0.30,318,1.410382,0.890454,0.121795,True
0.30,319,2.404538,1.059276,0.000000,True
0.30,320,1.279175,0.747457,0.227262,True
0.30,321,1.567793,0.576341,0.501885,True
0.30,322,1.709218,0.806218,0.289970,True
0.30,323,1.489022,0.826015,0.198158,True
0.30,324,1.528335,0.887994,0.239469,True
0.30,325,1.387763,0.859990,0.129124,True
0.30,326,1.897492,1.008444,0.202957,True
0.30,327,0.757580,0.511229,0.482758,True
0.30,328,1.944231,0.803577,0.109685,True
0.30,329,1.863020,1.100135,0.060689,True
0.30,330,1.126607,0.735347,0.335907,True
0.30,331,2.189457,0.845528,0.233430,True
0.30,332,1.141975,0.527694,0.431000,True
0.30,333,1.086463,0.567470,0.315895,True
0.30,334,1.870326,0.746507,0.247514,True
0.30,335,0.925752,0.529670,0.419726,True
0.30,336,1.421905,0.796278,0.268285,True
0.30,337,1.277623,0.661841,0.395592,True
0.30,338,2.020857,1.127034,0.000000,True
0.30,339,3.056409,1.067745,0.065856,True
0.30,340,1.390269,0.956739,0.170310,True
0.30,341,2.070398,0.912675,0.107395,True
0.30,342,2.067402,1.199677,0.000000,True
0.30,343,1.815424,1.111132,0.024693,True
0.30,344,1.871375,0.973246,0.103370,True
0.30,345,1.471891,1.035922,0.024640,True
0.30,346,1.290593,0.698860,0.266217,True
0.30,347,1.658992,0.839952,0.161489,True
0.30,348,1.346466,0.625985,0.503492,True
0.30,349,1.641491,0.781149,0.160418,True
0.30,350,1.694827,0.828605,0.188850,True
0.30,351,1.369180,0.715591,0.157881,True
0.30,352,1.787667,0.853925,0.457122,True
0.30,353,1.632698,0.782749,0.195878,True
0.30,354,1.937329,1.242954,0.034119,True
0.30,355,1.606311,0.887554,0.095986,True
0.30,356,2.099284,1.039101,0.045651,True
0.30,357,1.246923,0.786801,0.219339,True
0.30,358,1.459681,0.780909,0.256394,True
0.30,359,2.029876,0.774954,0.128532,True
0.30,360,1.766941,0.734644,0.199065,True
0.30,361,1.851553,0.953951,0.129659,True
0.30,362,1.878194,1.115808,0.029397,True
0.30,363,1.374677,0.836563,0.129038,True
0.30,364,2.025259,0.778774,0.352545,True
0.30,365,1.744716,1.070452,0.046801,True
0.30,366,1.477293,0.699358,0.171993,True
0.30,367,1.378957,0.779839,0.204642,True
0.30,368,1.665822,0.900284,0.356156,True
0.30,369,1.667332,1.012877,0.111166,True
0.30,370,2.339878,1.095363,0.071699,True
0.30,371,2.386150,1.031381,0.129030,True
0.30,372,1.195103,0.616387,0.343368,True
0.30,373,2.788397,0.910068,0.239776,True
0.30,374,1.271402,0.712095,0.486797,True
0.30,375,1.855606,0.741433,0.170556,True
0.30,376,1.426907,0.658536,0.160539,True
0.30,377,1.646231,0.896677,0.256353,True
0.30,378,1.559469,1.033396,0.070050,True
0.30,379,1.686861,0.981217,0.222024,True
0.30,380,1.805865,1.200455,0.000000,True
0.30,381,1.421840,0.934354,0.063561,True
0.30,382,2.283234,1.138540,0.129951,True
0.30,383,1.696599,0.987677,0.174238,True
0.30,384,1.784212,0.895363,0.004777,True
0.30,385,1.644115,1.166213,0.071164,True
0.30,386,1.761750,1.011805,0.131052,True
0.30,387,1.629031,1.272045,0.047141,True
0.30,388,2.295227,0.925655,0.183489,True
0.30,389,1.479590,0.624659,0.552348,True
0.30,390,1.576270,0.786895,0.175985,True
0.30,391,2.274910,1.168394,0.010330,True
0.30,392,2.034047,0.666163,0.314253,True
0.30,393,1.916849,0.761271,0.183281,True
0.30,394,2.023355,1.041421,0.120795,True
0.30,395,1.519227,0.822603,0.081229,True
0.30,396,2.222796,1.125940,0.090877,True
0.30,397,1.361740,0.659428,0.260620,True
0.30,398,2.461182,0.988417,0.084947,True
0.30,399,2.089033,1.079768,0.000000,True
0.30,400,1.918617,1.100028,0.000000,True
0.30,401,2.378707,0.932981,0.147857,True
0.30,402,2.045181,0.967163,0.130237,True
0.30,403,2.140254,1.113080,0.160574,True
0.30,404,1.465405,0.534081,0.657958,True
0.30,405,1.660155,0.848524,0.180299,True
0.30,406,1.335330,0.704570,0.321964,True
0.30,407,1.922192,0.854503,0.183633,True
0.30,408,1.307198,0.775464,0.201061,True
0.30,409,2.258344,1.152693,0.105219,True
0.30,410,1.324534,0.989265,0.212947,True
0.30,411,1.853738,0.779215,0.237616,True
0.30,412,2.172518,1.196599,0.000000,True
0.30,413,1.267939,0.881829,0.209786,True
0.30,414,1.337530,0.940607,0.181923,True
0.30,415,1.679536,1.033633,0.073807,True
0.30,416,1.450044,0.709177,0.331470,True
0.30,417,1.548644,1.146638,0.096718,True
0.30,418,1.345557,0.823389,0.149407,True
0.30,419,1.602254,0.908734,0.036674,True
0.30,420,1.822410,1.156264,0.000000,True
0.30,421,2.301916,1.183320,0.064622,True
0.30,422,2.013154,1.018960,0.038653,True
0.30,423,1.730579,1.003358,0.018896,True
0.30,424,1.234137,0.719394,0.347044,True
0.30,425,2.066012,1.006081,0.049113,True
0.30,426,1.231501,0.799254,0.224311,True
0.30,427,1.496530,0.770866,0.237438,True
0.30,428,1.932746,0.926900,0.174625,True
0.30,429,2.490650,0.852257,0.047953,True
0.30,430,1.713060,0.954360,0.291898,True
0.30,431,1.845732,0.719090,0.257524,True
0.30,432,1.873750,1.005977,0.071748,True
0.30,433,2.425371,0.913902,0.260714,True
0.30,434,1.644593,0.998299,0.020479,True
0.30,435,1.731581,1.265670,0.025801,True
0.30,436,2.117579,0.942389,0.037251,True
0.30,437,1.295424,0.918363,0.245528,True
0.30,438,1.349890,0.780127,0.356228,True
0.30,439,1.393882,0.843204,0.232035,True
0.30,440,2.246877,0.933475,0.166274,True
0.30,441,1.712033,0.953024,0.167577,True
0.30,442,1.141222,0.823821,0.382446,True
0.30,443,1.990290,0.779138,0.143565,True
0.30,444,1.374690,0.659282,0.427751,True
0.30,445,2.112263,0.868672,0.362366,True
0.30,446,1.697668,1.076499,0.187537,True
0.30,447,2.234917,1.112629,0.047162,True
0.30,448,1.124420,0.681195,0.247436,True
0.30,449,2.049275,1.260401,0.000000,True
0.30,450,1.792907,0.791910,0.124314,True
0.30,451,1.556153,0.725986,0.329472,True
0.30,452,2.176931,1.167327,0.200652,True
0.30,453,2.057535,0.962718,0.056277,True
0.30,454,1.636697,0.960825,0.117313,True
0.30,455,2.127351,0.754154,0.160428,True
0.30,456,0.956858,0.600337,0.308916,True
0.30,457,2.322245,1.152623,0.066616,True
0.30,458,1.729238,1.009512,0.191176,True
0.30,459,1.366556,0.655185,0.411106,True
0.30,460,1.606138,0.869171,0.030963,True
0.30,461,2.220041,1.062397,0.000000,True
0.30,462,2.048418,1.032989,0.181247,True
0.30,463,2.499606,0.819198,0.000000,True
0.30,464,1.339400,0.637528,0.484845,True
0.30,465,2.621495,1.016690,0.045801,True
0.30,466,2.098397,1.080698,0.000000,True
0.30,467,2.186336,0.843815,0.171114,True
0.30,468,1.367675,0.509804,0.402553,True
0.30,469,1.163615,0.723594,0.229013,True
0.30,470,2.977357,1.163436,0.027745,True
0.30,471,2.610470,0.980023,0.095704,True
0.30,472,1.731154,0.637107,0.376875,True
0.30,473,2.732300,1.128119,0.033804,True
0.30,474,2.033501,1.159486,0.000000,True
0.30,475,1.454348,0.839652,0.300053,True
0.30,476,0.995635,0.632129,0.398430,True
0.30,477,1.824947,0.761114,0.251551,True
0.30,478,1.846782,0.863984,0.148682,True
0.30,479,1.636834,1.260115,0.027959,True
0.30,480,2.088518,1.297753,0.000000,True
0.30,481,1.757797,0.959269,0.228650,True
0.30,482,2.453156,1.115920,0.055832,True
0.30,483,1.811547,0.842682,0.132965,True
0.30,484,2.081454,1.094185,0.173881,True
0.30,485,2.523583,0.983151,0.123479,True
0.30,486,0.997679,0.826595,0.169030,True
0.30,487,2.020294,0.678343,0.205363,True
0.30,488,2.242479,1.096870,0.000000,True
0.30,489,1.773015,0.947289,0.250150,True
0.30,490,1.714186,1.021126,0.156527,True
0.30,491,2.076611,0.936346,0.084524,True
0.30,492,1.517274,1.225510,0.086031,True
0.30,493,1.251315,0.571866,0.282260,True
0.30,494,1.405399,1.124520,0.003460,True
0.30,495,1.135769,0.726395,0.378923,True
0.30,496,1.981481,1.226630,0.000000,True
0.30,497,1.219203,0.654060,0.281452,True
0.30,498,1.615941,0.815338,0.292925,True
0.30,499,1.424631,0.824305,0.142571,True
0.32,0,1.998242,0.886903,0.124815,True
0.32,1,1.907314,0.984607,0.307670,True
0.32,2,0.743580,0.514942,0.525087,True
0.32,3,2.158059,0.692481,0.277755,True
0.32,4,1.540879,0.654777,0.308971,True
0.32,5,1.441605,0.693869,0.312547,True
0.32,6,1.798295,0.870144,0.186332,True
0.32,7,1.714222,0.635767,0.284986,True
0.32,8,1.866996,1.115807,0.042801,True
0.32,9,1.030456,0.747622,0.258369,True
0.32,10,1.254092,0.891972,0.296497,True
0.32,11,1.255109,0.872946,0.299728,True
0.32,12,1.745043,1.063182,0.169853,True
0.32,13,1.424027,0.758004,0.135376,True
0.32,14,2.098010,1.078911,0.031005,True
0.32,15,1.133456,0.730844,0.224135,True
0.32,16,2.020262,0.915128,0.115554,True
0.32,17,2.423631,1.382054,0.000000,True
0.32,18,0.960501,0.492813,0.445049,True
0.32,19,1.663333,0.739584,0.216435,True
0.32,20,1.631123,0.752541,0.255024,True
0.32,21,2.548375,0.827706,0.259421,True
0.32,22,1.527349,0.863638,0.236279,True
0.32,23,2.060288,0.951798,0.202363,True
0.32,24,2.064369,0.831098,0.140595,True
0.32,25,2.152116,1.021613,0.211957,True
0.32,26,1.989794,1.202113,0.121621,True
0.32,27,1.256318,0.724344,0.240896,True
0.32,28,1.788488,0.993362,0.000000,True
0.32,29,1.580843,0.990889,0.087234,True
0.32,30,1.681781,1.024170,0.001810,True
0.32,31,1.506409,0.898480,0.124710,True
0.32,32,1.908375,0.934984,0.102651,True
0.32,33,2.110098,0.901134,0.096383,True
0.32,34,1.326752,0.591067,0.426664,True
0.32,35,1.571392,1.101758,0.131843,True
0.32,36,2.298238,1.017024,0.024533,True
0.32,37,1.743458,1.139956,0.000000,True
0.32,38,2.177979,1.209427,0.053437,True
0.32,39,1.205921,0.910912,0.129939,True
0.32,40,1.226648,0.928337,0.299988,True
0.32,41,1.169744,0.725027,0.307359,True
0.32,42,2.058777,1.138945,0.121689,True
0.32,43,2.119735,0.796676,0.215980,True
0.32,44,2.142089,1.012860,0.087608,True
0.32,45,1.092920,0.673093,0.372048,True
0.32,46,2.030525,1.257153,0.000000,True
0.32,47,1.190744,0.755598,0.386606,True
0.32,48,1.245877,0.718434,0.204096,True
0.32,49,1.875213,0.959120,0.095658,True
0.32,50,1.730515,0.898514,0.245703,True
0.32,51,1.121081,0.663495,0.325273,True
0.32,52,1.995878,0.938144,0.137051,True
0.32,53,1.564772,0.937975,0.204391,True
0.32,54,1.885537,0.855561,0.320518,True
0.32,55,2.324171,1.152868,0.133495,True
0.32,56,1.456265,0.848551,0.172409,True
0.32,57,1.851971,0.962253,0.091028,True
0.32,58,1.182394,0.546846,0.263250,True
0.32,59,1.672912,0.940764,0.132732,True
0.32,60,1.600123,0.736256,0.309079,True
0.32,61,2.012309,0.977099,0.015834,True
0.32,62,1.679443,0.986475,0.068951,True
0.32,63,1.452471,0.581729,0.503948,True
0.32,64,1.739692,0.785050,0.161352,True
0.32,65,1.866121,0.785641,0.195977,True
0.32,66,1.865836,0.807314,0.100177,True
0.32,67,1.218966,0.781038,0.320964,True
0.32,68,1.456555,1.011076,0.253123,True
0.32,69,1.986648,1.092594,0.071314,True
0.32,70,1.130821,0.703040,0.503470,True
0.32,71,2.109540,1.021056,0.123433,True
0.32,72,1.494562,0.713278,0.201233,True
0.32,73,1.135692,0.598424,0.371383,True
0.32,74,1.916185,0.971225,0.024433,True
0.32,75,1.259387,0.685236,0.351742,True
0.32,76,1.943300,1.010735,0.151492,True
0.32,77,2.139976,0.946421,0.152805,True
0.32,78,2.372014,0.999669,0.000000,True
0.32,79,1.750216,1.003361,0.060553,True
0.32,80,1.775604,0.890773,0.241577,True
0.32,81,1.223429,0.573340,0.273492,True
0.32,82,1.579389,0.857297,0.063693,True
0.32,83,1.525692,0.957809,0.128341,True
0.32,84,1.548327,0.616168,0.415498,True
0.32,85,1.212954,0.753291,0.217300,True
0.32,86,1.493860,0.881846,0.277848,True
0.32,87,1.563978,0.690014,0.269903,True
0.32,88,1.867921,1.009882,0.195908,True
0.32,89,2.719127,0.926471,0.167095,True
0.32,90,1.245211,0.705166,0.266117,True
0.32,91,1.278621,0.549182,0.452284,True
0.32,92,1.485378,0.850242,0.347839,True
0.32,93,1.717722,0.781671,0.156259,True
0.32,94,2.132556,1.060141,0.082651,True
0.32,95,1.862936,0.747463,0.202377,True
0.32,96,1.968312,1.156895,0.057765,True
0.32,97,1.615896,0.882407,0.268197,True
0.32,98,1.404554,0.745498,0.242589,True
0.32,99,1.771007,0.580542,0.322645,True
0.32,100,1.469937,0.768984,0.199965,True
0.32,101,1.804966,0.984474,0.087541,True
0.32,102,1.398802,0.871700,0.071407,True
0.32,103,1.826919,0.879832,0.161754,True
0.32,104,1.629400,0.808382,0.144010,True
0.32,105,1.796458,0.761462,0.143423,True
0.32,106,1.547757,0.887405,0.105167,True
0.32,107,1.525367,0.787048,0.365456,True
0.32,108,1.822088,0.702679,0.360149,True
0.32,109,1.755897,0.974731,0.169183,True
0.32,110,1.781627,0.897142,0.101018,True
0.32,111,1.902073,1.037848,0.057724,True
0.32,112,1.574174,0.866958,0.157198,True
0.32,113,1.443893,0.607080,0.392399,True
0.32,114,1.413706,1.063335,0.144531,True
0.32,115,1.370801,0.789369,0.253361,True
0.32,116,1.337915,0.666162,0.260366,True
0.32,117,1.949213,1.215441,0.034450,True
0.32,118,2.853989,0.723888,0.116090,True
0.32,119,1.230505,0.497368,0.185994,True
0.32,120,1.601215,0.931208,0.211723,True
0.32,121,1.512054,1.144731,0.105305,True
0.32,122,1.633474,0.665124,0.275940,True
0.32,123,2.586277,1.228329,0.020613,True
0.32,124,1.678041,0.768318,0.308875,True
0.32,125,2.014310,1.116452,0.037557,True
0.32,126,2.404722,1.049633,0.056137,True
0.32,127,1.343536,0.660549,0.306344,True
0.32,128,2.360297,1.243225,0.134268,True
0.32,129,1.536673,0.691191,0.241285,True
0.32,130,2.370603,1.106035,0.000000,True
0.32,131,1.345456,0.500114,0.542442,True
0.32,132,1.820085,1.133496,0.071125,True
0.32,133,1.510826,0.752972,0.138156,True
0.32,134,1.338088,0.985480,0.277569,True
0.32,135,1.804228,1.028976,0.200704,True
0.32,136,1.431761,1.006648,0.081497,True
0.32,137,1.696405,0.816364,0.190390,True
0.32,138,1.597086,0.813270,0.294243,True
0.32,139,1.784468,1.038734,0.000000,True
0.32,140,1.519600,0.862577,0.300814,True
0.32,141,1.859201,0.843603,0.124982,True
0.32,142,1.423553,0.898266,0.303210,True
0.32,143,2.624075,1.069678,0.156506,True
0.32,144,1.680908,1.097581,0.234012,True
0.32,145,2.016543,0.862159,0.345825,True
0.32,146,1.720218,0.753291,0.073079,True
0.32,147,1.173486,0.807881,0.205549,True
0.32,148,1.720372,0.949323,0.134922,True
0.32,149,1.582594,1.047176,0.000000,True
0.32,150,1.435654,0.968437,0.181732,True
0.32,151,1.783553,0.911550,0.193107,True
0.32,152,1.382774,0.782339,0.301255,True
0.32,153,1.772087,0.788513,0.232202,True
0.32,154,2.415324,1.143225,0.066373,True
0.32,155,1.443660,0.710854,0.312078,True
0.32,156,2.008898,1.125373,0.000000,True
0.32,157,1.994428,1.070244,0.048281,True
0.32,158,1.950630,0.883124,0.062129,True
0.32,159,1.599973,1.069863,0.032249,True
0.32,160,2.045162,1.118700,0.185471,True
0.32,161,1.416306,0.677407,0.371856,True
0.32,162,1.825267,0.998030,0.069871,True
0.32,163,1.484007,0.930141,0.194258,True
0.32,164,1.263343,0.422250,0.499377,True
0.32,165,1.565527,0.797358,0.207713,True
0.32,166,1.914060,1.154662,0.069833,True
0.32,167,1.969884,0.980025,0.130213,True
0.32,168,1.602853,0.958126,0.203822,True
0.32,169,1.386372,0.880740,0.270398,True
0.32,170,1.495597,0.640003,0.446378,True
0.32,171,1.946897,0.887485,0.213570,True
0.32,172,1.152443,0.617249,0.527161,True
0.32,173,1.337968,0.744655,0.194503,True
0.32,174,1.715188,0.901610,0.282457,True
0.32,175,1.795464,1.083583,0.109908,True
0.32,176,1.768123,0.802920,0.204176,True
0.32,177,2.141319,0.754273,0.171001,True
0.32,178,1.350622,0.779437,0.288989,True
0.32,179,1.244159,0.797599,0.158312,True
0.32,180,2.590417,1.067858,0.092824,True
0.32,181,1.189278,0.677042,0.258024,True
0.32,182,1.441886,0.769959,0.198880,True
0.32,183,1.889615,1.065609,0.082229,True
0.32,184,1.830221,0.690260,0.352922,True
0.32,185,1.572883,0.888434,0.100150,True
0.32,186,1.512782,0.659973,0.255291,True
0.32,187,1.203596,0.591459,0.353216,True
0.32,188,1.298340,0.695222,0.326757,True
0.32,189,2.357722,1.255378,0.000000,True
0.32,190,1.837327,1.114864,0.000000,True
0.32,191,1.572398,0.892735,0.145276,True
0.32,192,1.580915,0.788202,0.329725,True
0.32,193,1.722222,0.802295,0.250666,True
0.32,194,2.220227,1.032533,0.000000,True
0.32,195,1.487850,0.898569,0.177283,True
0.32,196,1.488065,0.518004,0.410394,True
0.32,197,1.822051,0.794519,0.073558,True
0.32,198,1.602807,0.820953,0.313018,True
0.32,199,1.977376,0.823141,0.156044,True
0.32,200,1.499676,1.043892,0.116662,True
0.32,201,1.880260,0.770464,0.367131,True
0.32,202,1.827119,0.508426,0.489990,True
0.32,203,1.125921,0.736177,0.350292,True
0.32,204,1.999941,0.929835,0.178772,True
0.32,205,1.274966,0.750983,0.305789,True
0.32,206,1.934529,1.110433,0.029882,True
0.32,207,1.828726,1.205912,0.026114,True
0.32,208,1.523436,0.676477,0.284607,True
0.32,209,2.483869,1.041872,0.120182,True
0.32,210,1.501195,0.793549,0.265537,True
0.32,211,2.483449,1.120666,0.016207,True
0.32,212,2.219095,0.808173,0.189046,True
0.32,213,1.840295,0.836001,0.220105,True
0.32,214,1.497130,0.696987,0.310812,True
0.32,215,2.406587,1.062076,0.000000,True
0.32,216,1.612004,1.010842,0.165818,True
0.32,217,1.987977,0.991596,0.208999,True
0.32,218,1.370298,0.702893,0.314597,True
0.32,219,1.686363,1.180008,0.000000,True
0.32,220,1.400147,0.868440,0.080132,True
0.32,221,1.128806,0.470851,0.535278,True
0.32,222,2.021147,0.999967,0.157152,True
0.32,223,0.900279,0.564078,0.465425,True
0.32,224,1.059100,0.576631,0.277463,True
0.32,225,1.708901,0.940659,0.063995,True
0.32,226,1.600008,1.112566,0.176663,True
0.32,227,1.661180,0.610656,0.340112,True
0.32,228,2.299774,1.028268,0.055418,True
0.32,229,1.457298,0.783113,0.171685,True
0.32,230,1.848730,1.049329,0.115814,True
0.32,231,1.492489,0.900974,0.095994,True
0.32,232,2.495914,1.151674,0.064110,True
0.32,233,1.854808,0.901992,0.268548,True
0.32,234,1.600313,0.991263,0.114897,True
0.32,235,1.540621,0.847609,0.168990,True
0.32,236,1.306177,0.829232,0.270023,True
0.32,237,1.402481,0.901080,0.251021,True
0.32,238,2.250582,0.964088,0.156943,True
0.32,239,1.308210,0.711420,0.461682,True
0.32,240,1.563410,0.756931,0.222339,True
0.32,241,1.429781,1.061236,0.069949,True
0.32,242,1.703420,0.936367,0.055161,True
0.32,243,1.918810,1.068073,0.000000,True
0.32,244,1.243018,0.706787,0.225349,True
0.32,245,1.858723,1.164930,0.145682,True
0.32,246,1.422352,0.770581,0.342667,True
0.32,247,1.643293,0.911238,0.208070,True
0.32,248,1.257781,0.740449,0.425514,True
0.32,249,1.206098,0.604952,0.169204,True
0.32,250,1.863351,0.870349,0.232334,True
0.32,251,1.061175,0.608386,0.243498,True
0.32,252,1.942963,1.053868,0.059066,True
0.32,253,1.409504,0.936177,0.200839,True
0.32,254,1.747825,0.803601,0.112340,True
0.32,255,1.392772,0.711104,0.373516,True
0.32,256,1.785522,0.951390,0.216635,True
0.32,257,1.679306,0.846662,0.211897,True
0.32,258,1.917649,0.959526,0.267906,True
0.32,259,2.455079,1.181479,0.000000,True
0.32,260,1.623594,0.941808,0.077426,True
0.32,261,1.746121,1.045633,0.101834,True
0.32,262,1.553702,0.735914,0.549819,True
0.32,263,1.435922,0.855048,0.153948,True
0.32,264,1.634820,0.906724,0.050577,True
0.32,265,2.195580,0.774722,0.236149,True
0.32,266,1.397110,0.807324,0.184351,True
0.32,267,1.516029,0.816977,0.144156,True
0.32,268,1.606983,0.913760,0.026228,True
0.32,269,1.501115,0.664764,0.447827,True
0.32,270,1.628179,0.880533,0.257973,True
0.32,271,1.184098,0.639124,0.445331,True
0.32,272,1.189394,0.889983,0.354243,True
0.32,273,1.831818,0.629266,0.371594,True
0.32,274,2.036743,0.977150,0.181425,True
0.32,275,1.823321,1.061299,0.120722,True
0.32,276,1.485421,0.634312,0.243347,True
0.32,277,2.275202,1.007822,0.142496,True
0.32,278,1.775517,0.911497,0.009789,True
0.32,279,2.462399,0.878698,0.274118,True
0.32,280,1.870641,0.848030,0.156417,True
0.32,281,1.119122,0.770279,0.374001,True
0.32,282,1.668624,0.780965,0.309769,True
0.32,283,1.204130,0.447137,0.387302,True
0.32,284,1.005598,0.591971,0.371032,True
0.32,285,1.955675,1.067601,0.125877,True
0.32,286,1.196701,0.700534,0.365446,True
0.32,287,1.875667,0.797362,0.246151,True
0.32,288,1.121325,0.642691,0.314430,True
0.32,289,1.887217,1.167672,0.000000,True
0.32,290,1.291940,0.797016,0.277363,True
0.32,291,2.476141,0.745097,0.258628,True
0.32,292,1.202227,0.472300,0.337513,True
0.32,293,2.250864,1.186000,0.057080,True
0.32,294,1.682957,0.748812,0.189209,True
0.32,295,2.546129,1.119647,0.064930,True
0.32,296,1.461484,0.837109,0.223079,True
0.32,297,1.502749,0.841327,0.314097,True
0.32,298,1.793272,1.084900,0.151132,True
0.32,299,1.436787,0.677940,0.401782,True
0.32,300,1.786538,1.130082,0.004649,True
0.32,301,1.938189,0.802119,0.115633,True
0.32,302,2.061479,0.785291,0.141376,True
0.32,303,1.182264,0.940967,0.211394,True
0.32,304,1.495472,0.791659,0.364962,True
0.32,305,2.093542,0.682160,0.236953,True
0.32,306,2.121925,0.902407,0.195022,True
0.32,307,1.941217,0.734111,0.135371,True
0.32,308,2.288377,1.092317,0.090490,True
0.32,309,1.571564,0.867343,0.200106,True
0.32,310,1.855490,0.878821,0.505594,True
0.32,311,2.186638,1.116892,0.000000,True
0.32,312,2.675007,1.034205,0.035600,True
0.32,313,1.403156,0.884326,0.335576,True
0.32,314,1.376731,1.009101,0.228769,True
0.32,315,1.647153,1.043757,0.048032,True
0.32,316,1.638892,0.735430,0.430042,True
0.32,317,1.739381,0.691996,0.385342,True
0.32,318,1.400689,0.887736,0.124088,True
0.32,319,2.404538,1.059276,0.000000,True
0.32,320,1.268433,0.745529,0.229102,True
0.32,321,1.560607,0.574879,0.503114,True
0.32,322,1.695803,0.802967,0.292922,True
0.32,323,1.484157,0.824533,0.199367,True
0.32,324,1.522076,0.885950,0.241142,True
0.32,325,1.384515,0.858855,0.130002,True
0.32,326,1.880637,1.003178,0.207722,True
0.32,327,0.757287,0.511219,0.482776,True
0.32,328,1.934220,0.798442,0.113519,True
0.32,329,1.851018,1.094597,0.065227,True
0.32,330,1.125180,0.735062,0.336154,True
0.32,331,2.168676,0.839514,0.238756,True
0.32,332,1.140564,0.527420,0.431198,True
0.32,333,1.085150,0.567252,0.316070,True
0.32,334,1.856194,0.742685,0.250788,True
0.32,335,0.923659,0.529532,0.419907,True
0.32,336,1.414494,0.794135,0.269983,True
0.32,337,1.273693,0.660990,0.396281,True
0.32,338,2.002454,1.120660,0.005771,True
0.32,339,3.021624,1.045857,0.084265,True
0.32,340,1.383725,0.954937,0.171927,True
0.32,341,2.056721,0.906972,0.112064,True
0.32,342,2.067402,1.199677,0.000000,True
0.32,343,1.804541,1.106273,0.028703,True
0.32,344,1.855774,0.968592,0.107602,True
0.32,345,1.456734,1.031890,0.028478,True
0.32,346,1.287907,0.698299,0.266702,True
0.32,347,1.651049,0.837469,0.163559,True
0.32,348,1.341999,0.625008,0.504274,True
0.32,349,1.634297,0.779137,0.162116,True
0.32,350,1.680066,0.824882,0.192197,True
0.32,351,1.360728,0.713741,0.159455,True
0.32,352,1.779400,0.851045,0.459487,True
0.32,353,1.623797,0.780676,0.197770,True
0.32,354,1.924706,1.235498,0.040066,True
0.32,355,1.597082,0.885059,0.098225,True
0.32,356,2.083325,1.032502,0.051250,True
0.32,357,1.244518,0.786166,0.219849,True
0.32,358,1.454101,0.779400,0.257649,True
0.32,359,2.011746,0.769949,0.132872,True
0.32,360,1.751132,0.731243,0.202201,True
0.32,361,1.839947,0.950200,0.132951,True
0.32,362,1.850566,1.106189,0.037921,True
0.32,363,1.371094,0.835557,0.129873,True
0.32,364,2.011088,0.774361,0.356266,True
0.32,365,1.732631,1.066045,0.050616,True
0.32,366,1.469319,0.697718,0.173467,True
0.32,367,1.372838,0.778381,0.205902,True
0.32,368,1.651880,0.896496,0.359567,True
0.32,369,1.642055,1.004845,0.118091,True
0.32,370,2.319347,1.084831,0.080422,True
0.32,371,2.354160,1.020907,0.138501,True
0.32,372,1.193292,0.615987,0.343671,True
0.32,373,2.749448,0.895246,0.252555,True
0.32,374,1.269014,0.711413,0.487304,True
0.32,375,1.844892,0.738831,0.172870,True
0.32,376,1.422802,0.657193,0.161490,True
0.32,377,1.638386,0.893775,0.258666,True
0.32,378,1.545354,1.028657,0.074086,True
0.32,379,1.675331,0.977081,0.225479,True
0.32,380,1.805865,1.200455,0.000000,True
0.32,381,1.416097,0.932760,0.064979,True
0.32,382,2.255292,1.128294,0.139170,True
0.32,383,1.687191,0.984426,0.177016,True
0.32,384,1.773911,0.891492,0.007915,True
0.32,385,1.630686,1.161920,0.075223,True
0.32,386,1.740896,1.005608,0.136686,True
0.32,387,1.617960,1.267953,0.050901,True
0.32,388,2.262628,0.916789,0.191671,True
0.32,389,1.474939,0.623506,0.553257,True
0.32,390,1.567443,0.784716,0.177905,True
0.32,391,2.240233,1.156692,0.021167,True
0.32,392,2.016568,0.662247,0.317718,True
0.32,393,1.904639,0.757534,0.186396,True
0.32,394,2.011808,1.034843,0.125937,True
0.32,395,1.503801,0.818420,0.084717,True
0.32,396,2.201958,1.117382,0.098333,True
0.32,397,1.359110,0.658704,0.261166,True
0.32,398,2.430573,0.977218,0.094717,True
0.32,399,2.089033,1.079768,0.000000,True
0.32,400,1.918617,1.100028,0.000000,True
0.32,401,2.347064,0.923808,0.156205,True
0.32,402,2.030521,0.961380,0.135105,True
0.32,403,2.122417,1.103621,0.168241,True
0.32,404,1.456504,0.532781,0.659168,True
0.32,405,1.650144,0.845904,0.182651,True
0.32,406,1.332413,0.703376,0.322739,True
0.32,407,1.902419,0.848582,0.188736,True
0.32,408,1.297925,0.773473,0.202820,True
0.32,409,2.239709,1.142939,0.113311,True
0.32,410,1.318825,0.987637,0.214387,True
0.32,411,1.837756,0.775276,0.241150,True
0.32,412,2.161752,1.192507,0.003683,True
0.32,413,1.255757,0.878995,0.212287,True
0.32,414,1.332920,0.939337,0.183044,True
0.32,415,1.666698,1.029275,0.077595,True
0.32,416,1.445971,0.707827,0.332462,True
0.32,417,1.543415,1.144523,0.098498,True
0.32,418,1.342697,0.822371,0.150161,True
0.32,419,1.591083,0.905428,0.039532,True
0.32,420,1.822410,1.156264,0.000000,True
0.32,421,2.269960,1.171197,0.075501,True
0.32,422,1.993850,1.013232,0.043974,True
0.32,423,1.714785,0.998155,0.023425,True
0.32,424,1.232146,0.718779,0.347479,True
0.32,425,2.050791,0.999134,0.054777,True
0.32,426,1.229289,0.798662,0.224786,True
0.32,427,1.492447,0.769608,0.238437,True
0.32,428,1.911513,0.921221,0.179897,True
0.32,429,2.453917,0.842604,0.056755,True
0.32,430,1.696390,0.949570,0.296220,True
0.32,431,1.833681,0.715715,0.260338,True
0.32,432,1.862978,1.000989,0.075720,True
0.32,433,2.389397,0.903650,0.270013,True
0.32,434,1.635260,0.995560,0.022990,True
0.32,435,1.720499,1.260731,0.030015,True
0.32,436,2.087826,0.934021,0.044903,True
0.32,437,1.292094,0.917305,0.246372,True
0.32,438,1.344404,0.778555,0.357451,True
0.32,439,1.386113,0.841109,0.233796,True
0.32,440,2.225147,0.926282,0.172596,True
0.32,441,1.702411,0.950066,0.170203,True
0.32,442,1.139909,0.823484,0.382716,True
0.32,443,1.976429,0.774739,0.147237,True
0.32,444,1.371872,0.658563,0.428313,True
0.32,445,2.085636,0.861149,0.369059,True
0.32,446,1.686176,1.072456,0.191082,True
0.32,447,2.205492,1.102973,0.056074,True
0.32,448,1.122911,0.680871,0.247691,True
0.32,449,2.049275,1.260401,0.000000,True
0.32,450,1.773089,0.787336,0.128514,True
0.32,451,1.547990,0.723901,0.331211,True
0.32,452,2.144837,1.156511,0.210659,True
0.32,453,2.043040,0.956890,0.061141,True
0.32,454,1.628991,0.958487,0.119391,True
0.32,455,2.110720,0.749131,0.164683,True
0.32,456,0.952506,0.599410,0.309422,True
0.32,457,2.298943,1.142473,0.075410,True
0.32,458,1.720637,1.006608,0.193716,True
0.32,459,1.355382,0.652504,0.413134,True
0.32,460,1.598491,0.866500,0.033103,True
0.32,461,2.220041,1.062397,0.000000,True
0.32,462,2.030739,1.026143,0.187113,True
0.32,463,2.499606,0.819198,0.000000,True
0.32,464,1.334786,0.636649,0.485613,True
0.32,465,2.597419,1.003178,0.056947,True
0.32,466,2.098397,1.080698,0.000000,True
0.32,467,2.165820,0.837407,0.176662,True
0.32,468,1.363844,0.509101,0.403119,True
0.32,469,1.160016,0.722900,0.229619,True
0.32,470,2.946507,1.141096,0.046359,True
0.32,471,2.572210,0.967618,0.106839,True
0.32,472,1.721897,0.634683,0.378840,True
0.32,473,2.702968,1.111286,0.047914,True
0.32,474,2.033501,1.159486,0.000000,True
0.32,475,1.446449,0.837601,0.301837,True
0.32,476,0.993987,0.631881,0.398640,True
0.32,477,1.816149,0.757999,0.254020,True
0.32,478,1.821504,0.857275,0.154665,True
0.32,479,1.627394,1.256292,0.031322,True
0.32,480,2.088518,1.297753,0.000000,True
0.32,481,1.744929,0.955480,0.232077,True
0.32,482,2.424288,1.104166,0.066131,True
0.32,483,1.801225,0.839288,0.135792,True
0.32,484,2.050116,1.084260,0.183016,True
0.32,485,2.492503,0.972068,0.133226,True
0.32,486,0.995409,0.826198,0.169398,True
0.32,487,2.003989,0.674695,0.208617,True
0.32,488,2.242479,1.096870,0.000000,True
0.32,489,1.762742,0.943860,0.253104,True
0.32,490,1.701938,1.016752,0.160256,True
0.32,491,2.059240,0.931072,0.089258,True
0.32,492,1.510391,1.222903,0.088344,True
0.32,493,1.248346,0.571212,0.282740,True
0.32,494,1.397542,1.121854,0.005777,True
0.32,495,1.134157,0.725936,0.379243,True
0.32,496,1.981481,1.226630,0.000000,True
0.32,497,1.215498,0.653230,0.282088,True
0.32,498,1.607855,0.812856,0.294963,True
0.32,499,1.411248,0.821306,0.145310,True
0.34,0,1.984571,0.881683,0.129102,True
0.34,1,1.887056,0.978837,0.313018,True
0.34,2,0.743157,0.514938,0.525111,True
0.34,3,2.137365,0.687620,0.282061,True
0.34,4,1.533381,0.653108,0.310385,True
0.34,5,1.434192,0.692116,0.313992,True
0.34,6,1.789704,0.867215,0.188773,True
0.34,7,1.696966,0.632465,0.287958,True
0.34,8,1.853797,1.110917,0.047120,True
0.34,9,1.026218,0.747168,0.258953,True
0.34,10,1.251088,0.891151,0.297186,True
0.34,11,1.253285,0.872389,0.300169,True
0.34,12,1.732044,1.059010,0.173647,True
0.34,13,1.419695,0.756939,0.136289,True
0.34,14,2.076413,1.070009,0.038565,True
0.34,15,1.129328,0.729911,0.224843,True
0.34,16,2.004588,0.909860,0.120093,True
0.34,17,2.396436,1.368504,0.011862,True
0.34,18,0.959745,0.492706,0.445127,True
0.34,19,1.649540,0.736327,0.219288,True
0.34,20,1.620847,0.750230,0.257126,True
0.34,21,2.541293,0.813103,0.270250,True
0.34,22,1.522833,0.862230,0.237451,True
0.34,23,2.047025,0.945682,0.207284,True
0.34,24,2.050591,0.826234,0.144641,True
0.34,25,2.132141,1.014333,0.218311,True
0.34,26,1.978854,1.194990,0.127169,True
0.34,27,1.252485,0.723501,0.241602,True
0.34,28,1.788488,0.993362,0.000000,True
0.34,29,1.572639,0.988226,0.089541,True
0.34,30,1.668174,1.019775,0.005697,True
0.34,31,1.500296,0.896350,0.126402,True
0.34,32,1.897085,0.930224,0.106486,True
0.34,33,2.082174,0.893733,0.103195,True
0.34,34,1.318446,0.589498,0.427941,True
0.34,35,1.565117,1.099276,0.133923,True
0.34,36,2.266747,1.005898,0.034271,True
0.34,37,1.743458,1.139956,0.000000,True
0.34,38,2.151094,1.198668,0.062983,True
0.34,39,1.202259,0.909944,0.130758,True
0.34,40,1.221275,0.926919,0.301193,True
0.34,41,1.161353,0.723601,0.308675,True
0.34,42,2.043869,1.131683,0.127716,True
0.34,43,2.105505,0.791126,0.220459,True
0.34,44,2.129140,1.004864,0.093815,True
0.34,45,1.091798,0.672816,0.372243,True
0.34,46,2.022024,1.253634,0.003124,True
0.34,47,1.183845,0.754278,0.387786,True
0.34,48,1.241685,0.717537,0.204855,True
0.34,49,1.862769,0.953750,0.099956,True
0.34,50,1.707500,0.892060,0.251355,True
0.34,51,1.119547,0.663213,0.325514,True
0.34,52,1.984870,0.932339,0.141537,True
0.34,53,1.552894,0.934757,0.207324,True
0.34,54,1.871909,0.851130,0.324249,True
0.34,55,2.299258,1.142442,0.142607,True
0.34,56,1.448037,0.846428,0.174271,True
0.34,57,1.838560,0.958121,0.094721,True
0.34,58,1.180444,0.546500,0.263526,True
0.34,59,1.660124,0.936442,0.136340,True
0.34,60,1.589783,0.733785,0.311234,True
0.34,61,1.998544,0.971690,0.020380,True
0.34,62,1.663183,0.982133,0.073067,True
0.34,63,1.438629,0.579220,0.506073,True
0.34,64,1.728461,0.781937,0.164008,True
0.34,65,1.857960,0.781339,0.199119,True
0.34,66,1.848296,0.803144,0.104019,True
0.34,67,1.214434,0.780198,0.321783,True
0.34,68,1.450032,1.009166,0.254857,True
0.34,69,1.972066,1.086806,0.076306,True
0.34,70,1.128674,0.702599,0.503831,True
0.34,71,2.087554,1.014084,0.129768,True
0.34,72,1.488352,0.711863,0.202462,True
0.34,73,1.133670,0.597862,0.371735,True
0.34,74,1.902205,0.966635,0.028471,True
0.34,75,1.249998,0.682567,0.353519,True
0.34,76,1.933154,1.005462,0.155632,True
0.34,77,2.120859,0.940053,0.158388,True
0.34,78,2.372014,0.999669,0.000000,True
0.34,79,1.740425,1.000174,0.063379,True
0.34,80,1.760429,0.886582,0.245340,True
0.34,81,1.221074,0.572800,0.273883,True
0.34,82,1.569424,0.854821,0.065961,True
0.34,83,1.517951,0.955467,0.130392,True
0.34,84,1.541695,0.614350,0.416893,True
0.34,85,1.209106,0.752535,0.217989,True
0.34,86,1.478631,0.877688,0.281410,True
0.34,87,1.557391,0.688248,0.271330,True
0.34,88,1.859328,1.005024,0.199609,True
0.34,89,2.689657,0.912530,0.178766,True
0.34,90,1.243230,0.704512,0.266559,True
0.34,91,1.276185,0.548740,0.452648,True
0.34,92,1.471487,0.846957,0.350833,True
0.34,93,1.710354,0.779444,0.158115,True
0.34,94,2.113071,1.053556,0.088600,True
0.34,95,1.852052,0.743806,0.205314,True
0.34,96,1.947671,1.149589,0.064403,True
0.34,97,1.603725,0.879385,0.271011,True
0.34,98,1.393874,0.743203,0.244618,True
0.34,99,1.762178,0.578730,0.324204,True
0.34,100,1.465269,0.767665,0.201039,True
0.34,101,1.790224,0.979476,0.091855,True
0.34,102,1.395645,0.870673,0.072228,True
0.34,103,1.818857,0.876180,0.164576,True
0.34,104,1.622863,0.806664,0.145519,True
0.34,105,1.789554,0.758150,0.145860,True
0.34,106,1.542433,0.885262,0.106794,True
0.34,107,1.517103,0.784695,0.367382,True
0.34,108,1.805010,0.698887,0.363529,True
0.34,109,1.733949,0.968038,0.175071,True
0.34,110,1.767622,0.893218,0.104539,True
0.34,111,1.889826,1.033191,0.061716,True
0.34,112,1.566190,0.864398,0.159302,True
0.34,113,1.433944,0.605122,0.394041,True
0.34,114,1.403823,1.060092,0.147298,True
0.34,115,1.361959,0.787243,0.255174,True
0.34,116,1.333688,0.665117,0.261176,True
0.34,117,1.933974,1.209094,0.040013,True
0.34,118,2.836744,0.709971,0.127138,True
0.34,119,1.228573,0.496913,0.186300,True
0.34,120,1.591602,0.928422,0.214195,True
0.34,121,1.505890,1.142075,0.107450,True
0.34,122,1.623011,0.663011,0.277843,True
0.34,123,2.548972,1.213008,0.034321,True
0.34,124,1.670337,0.766163,0.310693,True
0.34,125,1.997577,1.109636,0.043432,True
0.34,126,2.384978,1.038935,0.064900,True
0.34,127,1.340704,0.659721,0.306948,True
0.34,128,2.334943,1.231403,0.144533,True
0.34,129,1.529914,0.689509,0.242681,True
0.34,130,2.363149,1.103486,0.002325,True
0.34,131,1.341184,0.499255,0.543088,True
0.34,132,1.810394,1.129374,0.074611,True
0.34,133,1.505078,0.751577,0.139370,True
0.34,134,1.331989,0.983816,0.279073,True
0.34,135,1.779423,1.021371,0.207549,True
0.34,136,1.426976,1.005006,0.082868,True
0.34,137,1.689021,0.814447,0.192100,True
0.34,138,1.591907,0.811888,0.295452,True
0.34,139,1.784468,1.038734,0.000000,True
0.34,140,1.515340,0.860823,0.302120,True
0.34,141,1.843094,0.839433,0.128764,True
0.34,142,1.410098,0.894154,0.306497,True
0.34,143,2.590681,1.054618,0.169378,True
0.34,144,1.673233,1.094772,0.236467,True
0.34,145,1.997195,0.856752,0.350653,True
0.34,146,1.712469,0.751242,0.074839,True
0.34,147,1.170413,0.807213,0.206133,True
0.34,148,1.706866,0.945490,0.138409,True
0.34,149,1.582594,1.047176,0.000000,True
0.34,150,1.431540,0.967039,0.182886,True
0.34,151,1.772117,0.907923,0.196235,True
0.34,152,1.379453,0.781107,0.302137,True
0.34,153,1.765198,0.785195,0.234643,True
0.34,154,2.390692,1.131062,0.076638,True
0.34,155,1.432155,0.708378,0.314223,True
0.34,156,2.008898,1.125373,0.000000,True
0.34,157,1.974298,1.063981,0.054097,True
0.34,158,1.930097,0.877830,0.067025,True
0.34,159,1.593606,1.067461,0.034281,True
0.34,160,2.027086,1.111977,0.191448,True
0.34,161,1.410053,0.675666,0.373170,True
0.34,162,1.812968,0.993254,0.073838,True
0.34,163,1.475694,0.927449,0.196484,True
0.34,164,1.259030,0.421695,0.499841,True
0.34,165,1.559971,0.795190,0.209328,True
0.34,166,1.898079,1.148325,0.075360,True
0.34,167,1.958452,0.975081,0.134264,True
0.34,168,1.597528,0.955954,0.205548,True
0.34,169,1.381436,0.879460,0.271540,True
0.34,170,1.488391,0.638468,0.447691,True
0.34,171,1.933764,0.883354,0.217160,True
0.34,172,1.143749,0.615783,0.528350,True
0.34,173,1.335114,0.743792,0.195154,True
0.34,174,1.707955,0.898886,0.284657,True
0.34,175,1.786135,1.079585,0.113225,True
0.34,176,1.753879,0.799460,0.207317,True
0.34,177,2.127409,0.748205,0.175743,True
0.34,178,1.347858,0.778009,0.289874,True
0.34,179,1.241985,0.797015,0.158781,True
0.34,180,2.557026,1.052699,0.105722,True
0.34,181,1.187110,0.676480,0.258434,True
0.34,182,1.436281,0.768379,0.200151,True
0.34,183,1.878241,1.061112,0.086067,True
0.34,184,1.815183,0.686824,0.355940,True
0.34,185,1.566591,0.886300,0.101886,True
0.34,186,1.501071,0.657661,0.257341,True
0.34,187,1.200277,0.590910,0.353690,True
0.34,188,1.294095,0.694350,0.327513,True
0.34,189,2.357722,1.255378,0.000000,True
0.34,190,1.837327,1.114864,0.000000,True
0.34,191,1.567053,0.890884,0.146778,True
0.34,192,1.572677,0.786088,0.331573,True
0.34,193,1.704045,0.796935,0.255064,True
0.34,194,2.220227,1.032533,0.000000,True
0.34,195,1.482968,0.896647,0.178746,True
0.34,196,1.484321,0.516961,0.411140,True
0.34,197,1.812445,0.791026,0.076336,True
0.34,198,1.591459,0.817990,0.315607,True
0.34,199,1.964457,0.818812,0.159653,True
0.34,200,1.492476,1.041696,0.118654,True
0.34,201,1.869134,0.767113,0.369946,True
0.34,202,1.811397,0.505771,0.492322,True
0.34,203,1.124918,0.735890,0.350493,True
0.34,204,1.987088,0.924801,0.182941,True
0.34,205,1.272737,0.750389,0.306258,True
0.34,206,1.913326,1.103468,0.036278,True
0.34,207,1.813222,1.199861,0.031478,True
0.34,208,1.519189,0.675182,0.285591,True
0.34,209,2.457153,1.030061,0.130223,True
0.34,210,1.495486,0.791928,0.266878,True
0.34,211,2.447870,1.107270,0.028132,True
0.34,212,2.190964,0.801358,0.195301,True
0.34,213,1.832683,0.832224,0.222941,True
0.34,214,1.486780,0.694725,0.312767,True
0.34,215,2.406587,1.062076,0.000000,True
0.34,216,1.604703,1.008110,0.168088,True
0.34,217,1.973416,0.986640,0.213355,True
0.34,218,1.367381,0.702195,0.315175,True
0.34,219,1.686363,1.180008,0.000000,True
0.34,220,1.395428,0.866786,0.081396,True
0.34,221,1.125586,0.470537,0.535605,True
0.34,222,2.003482,0.992961,0.163020,True
0.34,223,0.900016,0.564028,0.465456,True
0.34,224,1.056158,0.576179,0.277827,True
0.34,225,1.694740,0.936777,0.067564,True
0.34,226,1.593039,1.109837,0.178973,True
0.34,227,1.655533,0.608650,0.341574,True
0.34,228,2.267284,1.018116,0.064684,True
0.34,229,1.452073,0.781731,0.172850,True
0.34,230,1.837634,1.044855,0.119567,True
0.34,231,1.486729,0.898983,0.097584,True
0.34,232,2.461271,1.138168,0.076130,True
0.34,233,1.837822,0.896913,0.273001,True
0.34,234,1.591271,0.987989,0.117599,True
0.34,235,1.534660,0.845483,0.170661,True
0.34,236,1.297816,0.827669,0.271616,True
0.34,237,1.395953,0.899362,0.252552,True
0.34,238,2.226003,0.956217,0.163968,True
0.34,239,1.304885,0.710577,0.462348,True
0.34,240,1.557423,0.755156,0.223771,True
0.34,241,1.420234,1.058345,0.072559,True
0.34,242,1.695210,0.933677,0.057474,True
0.34,243,1.910643,1.064992,0.002672,True
0.34,244,1.238469,0.705898,0.226133,True
0.34,245,1.838007,1.157654,0.152280,True
0.34,246,1.413355,0.768558,0.344462,True
0.34,247,1.624962,0.906689,0.212327,True
0.34,248,1.255634,0.739873,0.425960,True
0.34,249,1.203436,0.604467,0.169609,True
0.34,250,1.853557,0.866629,0.235364,True
0.34,251,1.059915,0.608140,0.243683,True
0.34,252,1.927801,1.048387,0.063867,True
0.34,253,1.404654,0.934617,0.202127,True
0.34,254,1.731812,0.798991,0.116207,True
0.34,255,1.387472,0.709835,0.374562,True
0.34,256,1.775456,0.947052,0.220061,True
0.34,257,1.669394,0.844126,0.214202,True
0.34,258,1.904434,0.955061,0.271784,True
0.34,259,2.455079,1.181479,0.000000,True
0.34,260,1.617852,0.940061,0.078968,True
0.34,261,1.735795,1.041834,0.105093,True
0.34,262,1.547607,0.734545,0.551048,True
0.34,263,1.429551,0.853113,0.155518,True
0.34,264,1.624215,0.903814,0.053205,True
0.34,265,2.169075,0.768692,0.241732,True
0.34,266,1.387544,0.804738,0.186448,True
0.34,267,1.499737,0.812998,0.147641,True
0.34,268,1.599518,0.911656,0.028111,True
0.34,269,1.482226,0.661333,0.450957,True
0.34,270,1.618966,0.877387,0.260524,True
0.34,271,1.178634,0.638037,0.446178,True
0.34,272,1.185559,0.889032,0.355057,True
0.34,273,1.818914,0.626401,0.374059,True
0.34,274,2.017660,0.970693,0.187074,True
0.34,275,1.813692,1.057721,0.123827,True
0.34,276,1.475173,0.632354,0.245074,True
0.34,277,2.250204,0.999321,0.150057,True
0.34,278,1.760629,0.907184,0.013624,True
0.34,279,2.436212,0.869051,0.282334,True
0.34,280,1.858123,0.844653,0.159452,True
0.34,281,1.117223,0.769855,0.374348,True
0.34,282,1.652607,0.777260,0.313120,True
0.34,283,1.202191,0.446786,0.387552,True
0.34,284,1.003651,0.591613,0.371278,True
0.34,285,1.942921,1.061976,0.130543,True
0.34,286,1.193942,0.699906,0.365940,True
0.34,287,1.854611,0.791881,0.250959,True
0.34,288,1.119424,0.642205,0.314762,True
0.34,289,1.887217,1.167672,0.000000,True
0.34,290,1.287453,0.795955,0.278275,True
0.34,291,2.457796,0.736177,0.265742,True
0.34,292,1.200696,0.471825,0.337786,True
0.34,293,2.222323,1.175897,0.066377,True
0.34,294,1.673730,0.746566,0.191184,True
0.34,295,2.514513,1.106736,0.076277,True
0.34,296,1.457498,0.835745,0.224137,True
0.34,297,1.498325,0.839181,0.315592,True
0.34,298,1.773423,1.078873,0.156763,True
0.34,299,1.428843,0.676181,0.403264,True
0.34,300,1.774781,1.125765,0.008479,True
0.34,301,1.926785,0.797798,0.119081,True
0.34,302,2.047106,0.780213,0.145525,True
0.34,303,1.175035,0.939360,0.212893,True
0.34,304,1.489453,0.790018,0.366339,True
0.34,305,2.078382,0.677971,0.240483,True
0.34,306,2.104718,0.896347,0.200181,True
0.34,307,1.924552,0.729970,0.139009,True
0.34,308,2.271909,1.082699,0.098267,True
0.34,309,1.560483,0.864507,0.202670,True
0.34,310,1.841882,0.874846,0.509096,True
0.34,311,2.180067,1.114277,0.002288,True
0.34,312,2.652394,1.018019,0.048639,True
0.34,313,1.395657,0.881847,0.337500,True
0.34,314,1.370136,1.007217,0.230474,True
0.34,315,1.641044,1.041289,0.050061,True
0.34,316,1.632210,0.733158,0.431787,True
0.34,317,1.731745,0.689581,0.387237,True
0.34,318,1.391503,0.885171,0.126249,True
0.34,319,2.404538,1.059276,0.000000,True
0.34,320,1.258492,0.743766,0.230792,True
0.34,321,1.553689,0.573465,0.504298,True
0.34,322,1.683128,0.799890,0.295708,True
0.34,323,1.479444,0.823089,0.200541,True
0.34,324,1.516027,0.883967,0.242759,True
0.34,325,1.381351,0.857742,0.130860,True
0.34,326,1.864640,0.998163,0.212242,True
0.34,327,0.756998,0.511209,0.482794,True
0.34,328,1.924836,0.793448,0.117210,True
0.34,329,1.839688,1.089269,0.069557,True
0.34,330,1.123776,0.734781,0.336396,True
0.34,331,2.149097,0.833756,0.243820,True
0.34,332,1.139178,0.527151,0.431393,True
0.34,333,1.083858,0.567038,0.316241,True
0.34,334,1.842963,0.739047,0.253880,True
0.34,335,0.921632,0.529401,0.420082,True
0.34,336,1.407402,0.792084,0.271601,True
0.34,337,1.269885,0.660165,0.396948,True
0.34,338,1.979012,1.112497,0.013127,True
0.34,339,2.992560,1.024159,0.102200,True
0.34,340,1.377472,0.953216,0.173469,True
0.34,341,2.043840,0.901449,0.116543,True
0.34,342,2.058689,1.195919,0.003266,True
0.34,343,1.794195,1.101591,0.032542,True
0.34,344,1.840992,0.964160,0.111616,True
0.34,345,1.442790,1.028208,0.031984,True
0.34,346,1.285273,0.697749,0.267178,True
0.34,347,1.643424,0.835068,0.165552,True
0.34,348,1.337671,0.624061,0.505030,True
0.34,349,1.627333,0.777182,0.163761,True
0.34,350,1.666164,0.821376,0.195339,True
0.34,351,1.352706,0.711993,0.160941,True
0.34,352,1.771434,0.848240,0.461779,True
0.34,353,1.615231,0.778679,0.199589,True
0.34,354,1.912862,1.228310,0.045743,True
0.34,355,1.588208,0.882661,0.100374,True
0.34,356,2.068273,1.026142,0.056603,True
0.34,357,1.242169,0.785544,0.220347,True
0.34,358,1.448717,0.777939,0.258859,True
0.34,359,1.994737,0.765185,0.136973,True
0.34,360,1.736391,0.728051,0.205130,True
0.34,361,1.828797,0.946572,0.136120,True
0.34,362,1.825227,1.097361,0.045703,True
0.34,363,1.367589,0.834574,0.130689,True
0.34,364,1.997653,0.770101,0.359831,True
0.34,365,1.721213,1.061849,0.054230,True
0.34,366,1.461690,0.696151,0.174873,True
0.34,367,1.366966,0.776983,0.207108,True
0.34,368,1.638720,0.892923,0.362776,True
0.34,369,1.618917,0.997543,0.124363,True
0.34,370,2.300325,1.074674,0.088745,True
0.34,371,2.325004,1.011079,0.147294,True
0.34,372,1.191518,0.615594,0.343969,True
0.34,373,2.715519,0.881080,0.264561,True
0.34,374,1.266689,0.710742,0.487800,True
0.34,375,1.834478,0.736292,0.175120,True
0.34,376,1.418852,0.655884,0.162411,True
0.34,377,1.630900,0.890974,0.260885,True
0.34,378,1.532107,1.024223,0.077852,True
0.34,379,1.664416,0.973138,0.228754,True
0.34,380,1.805865,1.200455,0.000000,True
0.34,381,1.410554,0.931221,0.066345,True
0.34,382,2.229506,1.118641,0.147781,True
0.34,383,1.678156,0.981288,0.179686,True
0.34,384,1.764166,0.887768,0.010910,True
0.34,385,1.618075,1.157888,0.079027,True
0.34,386,1.721718,0.999895,0.141856,True
0.34,387,1.607422,1.264060,0.054472,True
0.34,388,2.232604,0.908517,0.199254,True
0.34,389,1.470441,0.622384,0.554138,True
0.34,390,1.558949,0.782620,0.179748,True
0.34,391,2.208445,1.145845,0.031147,True
0.34,392,1.999993,0.658494,0.321018,True
0.34,393,1.893052,0.753930,0.189377,True
0.34,394,2.000948,1.028449,0.130886,True
0.34,395,1.489414,0.814538,0.087943,True
0.34,396,2.182400,1.109178,0.105422,True
0.34,397,1.356538,0.657991,0.261701,True
0.34,398,2.402806,0.966614,0.103853,True
0.34,399,2.089033,1.079768,0.000000,True
0.34,400,1.918617,1.100028,0.000000,True
0.34,401,2.317723,0.915156,0.164021,True
0.34,402,2.016731,0.955804,0.139757,True
0.34,403,2.105933,1.094548,0.175511,True
0.34,404,1.448019,0.531547,0.660316,True
0.34,405,1.640556,0.843389,0.184900,True
0.34,406,1.329597,0.702207,0.323492,True
0.34,407,1.884001,0.843005,0.193506,True
0.34,408,1.289250,0.771621,0.204455,True
0.34,409,2.222382,1.133533,0.121033,True
0.34,410,1.313384,0.986083,0.215758,True
0.34,411,1.822657,0.771535,0.244491,True
0.34,412,2.135406,1.182404,0.012731,True
0.34,413,1.244501,0.876418,0.214570,True
0.34,414,1.328476,0.938110,0.184123,True
0.34,415,1.654545,1.025140,0.081174,True
0.34,416,1.442026,0.706507,0.333427,True
0.34,417,1.538318,1.142456,0.100233,True
0.34,418,1.339913,0.821372,0.150897,True
0.34,419,1.580461,0.902286,0.042242,True
0.34,420,1.822410,1.156264,0.000000,True
0.34,421,2.240974,1.159882,0.085543,True
0.34,422,1.975328,1.007723,0.049076,True
0.34,423,1.700143,0.993291,0.027632,True
0.34,424,1.230196,0.718173,0.347905,True
0.34,425,2.036546,0.992454,0.060173,True
0.34,426,1.227120,0.798080,0.225252,True
0.34,427,1.488469,0.768376,0.239411,True
0.34,428,1.891663,0.915896,0.184822,True
0.34,429,2.420186,0.833550,0.064943,True
0.34,430,1.680750,0.945080,0.300258,True
0.34,431,1.822275,0.712476,0.263020,True
0.34,432,1.852771,0.996171,0.079526,True
0.34,433,2.356494,0.894071,0.278626,True
0.34,434,1.626239,0.992914,0.025412,True
0.34,435,1.709912,1.255990,0.034042,True
0.34,436,2.060452,0.926260,0.051958,True
0.34,437,1.288866,0.916276,0.247190,True
0.34,438,1.339144,0.777043,0.358622,True
0.34,439,1.378777,0.839125,0.235456,True
0.34,440,2.204744,0.919389,0.178605,True
0.34,441,1.693144,0.947207,0.172732,True
0.34,442,1.138615,0.823151,0.382983,True
0.34,443,1.963314,0.770501,0.150747,True
0.34,444,1.369118,0.657855,0.428864,True
0.34,445,2.060983,0.854106,0.375281,True
0.34,446,1.675212,1.068588,0.194461,True
0.34,447,2.178173,1.093913,0.064387,True
0.34,448,1.121430,0.680553,0.247941,True
0.34,449,2.049275,1.260401,0.000000,True
0.34,450,1.754676,0.783082,0.132407,True
0.34,451,1.540173,0.721898,0.332876,True
0.34,452,2.115471,1.146511,0.219851,True
0.34,453,2.029351,0.951265,0.065798,True
0.34,454,1.621505,0.956213,0.121408,True
0.34,455,2.095050,0.744293,0.168748,True
0.34,456,0.948346,0.598534,0.309900,True
0.34,457,2.277189,1.132746,0.083761,True
0.34,458,1.712300,1.003782,0.196181,True
0.34,459,1.344911,0.649999,0.415021,True
0.34,460,1.591195,0.863925,0.035153,True
0.34,461,2.220041,1.062397,0.000000,True
0.34,462,2.014285,1.019622,0.192649,True
0.34,463,2.499606,0.819198,0.000000,True
0.34,464,1.330332,0.635799,0.486354,True
0.34,465,2.575907,0.989983,0.067677,True
0.34,466,2.098397,1.080698,0.000000,True
0.34,467,2.146638,0.831282,0.181920,True
0.34,468,1.360128,0.508415,0.403668,True
0.34,469,1.156541,0.722232,0.230204,True
0.34,470,2.920437,1.118927,0.064531,True
0.34,471,2.537577,0.955947,0.117196,True
0.34,472,1.713094,0.632346,0.380720,True
0.34,473,2.676664,1.094933,0.061436,True
0.34,474,2.033501,1.159486,0.000000,True
0.34,475,1.438873,0.835638,0.303541,True
0.34,476,0.992375,0.631639,0.398844,True
0.34,477,1.807743,0.754971,0.256402,True
0.34,478,1.798312,0.851109,0.160135,True
0.34,479,1.618358,1.252622,0.034539,True
0.34,480,2.088518,1.297753,0.000000,True
0.34,481,1.732693,0.951864,0.235335,True
0.34,482,2.397615,1.092967,0.075847,True
0.34,483,1.791392,0.836014,0.138503,True
0.34,484,2.021514,1.075131,0.191368,True
0.34,485,2.463957,0.961518,0.142406,True
0.34,486,0.993220,0.825817,0.169752,True
0.34,487,1.988446,0.671185,0.211731,True
0.34,488,2.242479,1.096870,0.000000,True
0.34,489,1.752930,0.940556,0.255935,True
0.34,490,1.690435,1.012603,0.163771,True
0.34,491,2.042566,0.925972,0.093815,True
0.34,492,1.503778,1.220392,0.090564,True
0.34,493,1.245454,0.570573,0.283208,True
0.34,494,1.390033,1.119315,0.007983,True
0.34,495,1.132581,0.725484,0.379557,True
0.34,496,1.981481,1.226630,0.000000,True
0.34,497,1.211921,0.652426,0.282702,True
0.34,498,1.600146,0.810468,0.296913,True
0.34,499,1.398784,0.818541,0.147840,True
0.36,0,1.971659,0.876647,0.133203,True
0.36,1,1.868100,0.973420,0.318020,True
0.36,2,0.742738,0.514934,0.525135,True
0.36,3,2.117829,0.682964,0.286157,True
0.36,4,1.526168,0.651499,0.311744,True
0.36,5,1.427102,0.690437,0.315371,True
0.36,6,1.781413,0.864359,0.191140,True
0.36,7,1.680813,0.629375,0.290730,True
0.36,8,1.841206,1.106216,0.051251,True
0.36,9,1.022203,0.746745,0.259503,True
0.36,10,1.248155,0.890350,0.297858,True
0.36,11,1.251489,0.871839,0.300604,True
0.36,12,1.719640,1.055024,0.177261,True
0.36,13,1.415484,0.755901,0.137177,True
0.36,14,2.056428,1.061565,0.045663,True
0.36,15,1.125344,0.729015,0.225523,True
0.36,16,1.989790,0.904800,0.124420,True
0.36,17,2.368150,1.353923,0.024489,True
0.36,18,0.958999,0.492600,0.445204,True
0.36,19,1.636524,0.733250,0.221974,True
0.36,20,1.611064,0.748024,0.259127,True
0.36,21,2.537086,0.798036,0.281287,True
0.36,22,1.518421,0.860849,0.238596,True
0.36,23,2.034544,0.939751,0.212011,True
0.36,24,2.037514,0.821516,0.148535,True
0.36,25,2.113339,1.007360,0.224352,True
0.36,26,1.968527,1.188057,0.132520,True
0.36,27,1.248766,0.722684,0.242285,True
0.36,28,1.788488,0.993362,0.000000,True
0.36,29,1.564760,0.985663,0.091755,True
0.36,30,1.655363,1.015624,0.009353,True
0.36,31,1.494399,0.894284,0.128036,True
0.36,32,1.886403,0.925619,0.110163,True
0.36,33,2.056352,0.886831,0.109513,True
0.36,34,1.310554,0.588016,0.429146,True
0.36,35,1.559054,1.096864,0.135935,True
0.36,36,2.238048,0.995475,0.043295,True
0.36,37,1.743458,1.139956,0.000000,True
0.36,38,2.126189,1.188548,0.071892,True
0.36,39,1.198709,0.909007,0.131549,True
0.36,40,1.216114,0.925565,0.302344,True
0.36,41,1.153503,0.722289,0.309894,True
0.36,42,2.029850,1.124671,0.133481,True
0.36,43,2.092122,0.785740,0.224765,True
0.36,44,2.117098,0.997064,0.099805,True
0.36,45,1.090693,0.672542,0.372434,True
0.36,46,2.001679,1.245132,0.010632,True
0.36,47,1.177318,0.753043,0.388894,True
0.36,48,1.237640,0.716671,0.205585,True
0.36,49,1.851059,0.948584,0.104054,True
0.36,50,1.686233,0.886115,0.256541,True
0.36,51,1.118042,0.662935,0.325751,True
0.36,52,1.974498,0.926689,0.145862,True
0.36,53,1.541679,0.931725,0.210083,True
0.36,54,1.858996,0.846879,0.327804,True
0.36,55,2.276166,1.132488,0.151221,True
0.36,56,1.440192,0.844406,0.176041,True
0.36,57,1.825704,0.954141,0.098264,True
0.36,58,1.178529,0.546159,0.263796,True
0.36,59,1.648068,0.932342,0.139742,True
0.36,60,1.580070,0.731440,0.313266,True
0.36,61,1.985512,0.966465,0.024737,True
0.36,62,1.648041,0.978090,0.076891,True
0.36,63,1.425717,0.576893,0.508039,True
0.36,64,1.717816,0.778959,0.166535,True
0.36,65,1.850264,0.777137,0.202159,True
0.36,66,1.831800,0.799205,0.107634,True
0.36,67,1.210098,0.779396,0.322564,True
0.36,68,1.443757,1.007328,0.256523,True
0.36,69,1.958201,1.081228,0.081086,True
0.36,70,1.126581,0.702169,0.504182,True
0.36,71,2.066915,1.007464,0.135748,True
0.36,72,1.482347,0.710492,0.203649,True
0.36,73,1.131710,0.597311,0.372078,True
0.36,74,1.888814,0.962209,0.032348,True
0.36,75,1.241131,0.680058,0.355181,True
0.36,76,1.923532,1.000325,0.159628,True
0.36,77,2.102786,0.933936,0.163713,True
0.36,78,2.362761,0.996639,0.002723,True
0.36,79,1.730976,0.997087,0.066108,True
0.36,80,1.746077,0.882609,0.248894,True
0.36,81,1.218777,0.572271,0.274264,True
0.36,82,1.559922,0.852461,0.068119,True
0.36,83,1.510504,0.953212,0.132361,True
0.36,84,1.535341,0.612588,0.418236,True
0.36,85,1.205393,0.751807,0.218654,True
0.36,86,1.464435,0.873836,0.284702,True
0.36,87,1.551041,0.686536,0.272708,True
0.36,88,1.851177,1.000283,0.203188,True
0.36,89,2.664005,0.898937,0.189950,True
0.36,90,1.241296,0.703869,0.266992,True
0.36,91,1.273800,0.548306,0.453004,True
0.36,92,1.458543,0.843917,0.353604,True
0.36,93,1.703235,0.777273,0.159916,True
0.36,94,2.094403,1.047190,0.094322,True
0.36,95,1.841736,0.740268,0.208131,True
0.36,96,1.928319,1.142695,0.070635,True
0.36,97,1.592266,0.876537,0.273657,True
0.36,98,1.383800,0.741052,0.246518,True
0.36,99,1.753636,0.576966,0.325716,True
0.36,100,1.460749,0.766381,0.202080,True
0.36,101,1.776268,0.974715,0.095943,True
0.36,102,1.392561,0.869665,0.073031,True
0.36,103,1.811153,0.872615,0.167308,True
0.36,104,1.616483,0.804983,0.146991,True
0.36,105,1.783008,0.754904,0.148226,True
0.36,106,1.537304,0.883173,0.108370,True
0.36,107,1.509185,0.782435,0.369225,True
0.36,108,1.788971,0.695309,0.366703,True
0.36,109,1.713650,0.961852,0.180489,True
0.36,110,1.754335,0.889481,0.107879,True
0.36,111,1.878124,1.028689,0.065551,True
0.36,112,1.558541,0.861932,0.161319,True
0.36,113,1.424561,0.603276,0.395584,True
0.36,114,1.394460,1.057034,0.149903,True
0.36,115,1.353592,0.785239,0.256881,True
0.36,116,1.329594,0.664102,0.261960,True
0.36,117,1.919496,1.203004,0.045321,True
0.36,118,2.823854,0.695685,0.138299,True
0.36,119,1.226684,0.496465,0.186600,True
0.36,120,1.582400,0.925753,0.216557,True
0.36,121,1.499939,1.139499,0.109521,True
0.36,122,1.613012,0.660990,0.279659,True
0.36,123,2.515190,1.198565,0.047092,True
0.36,124,1.662896,0.764068,0.312452,True
0.36,125,1.981865,1.103118,0.049005,True
0.36,126,2.366744,1.028521,0.073333,True
0.36,127,1.337941,0.658908,0.307539,True
0.36,128,2.311517,1.220105,0.154237,True
0.36,129,1.523401,0.687881,0.244027,True
0.36,130,2.332585,1.092909,0.011924,True
0.36,131,1.337066,0.498421,0.543711,True
0.36,132,1.801075,1.125370,0.077979,True
0.36,133,1.499511,0.750222,0.140545,True
0.36,134,1.326135,0.982224,0.280512,True
0.36,135,1.756566,1.014376,0.213821,True
0.36,136,1.422345,1.003411,0.084196,True
0.36,137,1.681778,0.812564,0.193776,True
0.36,138,1.586816,0.810529,0.296639,True
0.36,139,1.784468,1.038734,0.000000,True
0.36,140,1.511214,0.859106,0.303392,True
0.36,141,1.827832,0.835466,0.132348,True
0.36,142,1.397519,0.890330,0.309543,True
0.36,143,2.560970,1.040216,0.181499,True
0.36,144,1.665795,1.092037,0.238848,True
0.36,145,1.978983,0.851613,0.355216,True
0.36,146,1.704935,0.749241,0.076553,True
0.36,147,1.167427,0.806566,0.206699,True
0.36,148,1.693991,0.941838,0.141724,True
0.36,149,1.582594,1.047176,0.000000,True
0.36,150,1.427538,0.965674,0.184010,True
0.36,151,1.761172,0.904429,0.199234,True
0.36,152,1.376235,0.779900,0.302995,True
0.36,153,1.758650,0.781948,0.237011,True
0.36,154,2.368033,1.119380,0.086383,True
0.36,155,1.421330,0.706059,0.316229,True
0.36,156,2.008898,1.125373,0.000000,True
0.36,157,1.955236,1.058026,0.059607,True
0.36,158,1.910690,0.872817,0.071648,True
0.36,159,1.587436,1.065121,0.036252,True
0.36,160,2.010019,1.105546,0.197128,True
0.36,161,1.404068,0.673989,0.374428,True
0.36,162,1.801273,0.988663,0.077627,True
0.36,163,1.467748,0.924872,0.198607,True
0.36,164,1.254859,0.421158,0.500288,True
0.36,165,1.554639,0.793079,0.210889,True
0.36,166,1.883071,1.142299,0.080579,True
0.36,167,1.947575,0.970276,0.138170,True
0.36,168,1.592373,0.953829,0.207227,True
0.36,169,1.376656,0.878221,0.272643,True
0.36,170,1.481488,0.636991,0.448949,True
0.36,171,1.921200,0.879358,0.220612,True
0.36,172,1.135620,0.614432,0.529450,True
0.36,173,1.332333,0.742944,0.195790,True
0.36,174,1.700984,0.896231,0.286788,True
0.36,175,1.777203,1.075708,0.116421,True
0.36,176,1.740301,0.796160,0.210304,True
0.36,177,2.114459,0.742309,0.180302,True
0.36,178,1.345184,0.776607,0.290737,True
0.36,179,1.239855,0.796441,0.159240,True
0.36,180,2.527919,1.038202,0.117830,True
0.36,181,1.184996,0.675929,0.258835,True
0.36,182,1.430863,0.766849,0.201377,True
0.36,183,1.867347,1.056753,0.089765,True
0.36,184,1.800911,0.683548,0.358805,True
0.36,185,1.560534,0.884229,0.103563,True
0.36,186,1.490052,0.655490,0.259262,True
0.36,187,1.197054,0.590379,0.354149,True
0.36,188,1.289986,0.693506,0.328243,True
0.36,189,2.357722,1.255378,0.000000,True
0.36,190,1.837327,1.114864,0.000000,True
0.36,191,1.561871,0.889076,0.148238,True
0.36,192,1.564769,0.784052,0.333346,True
0.36,193,1.687155,0.791931,0.259142,True
0.36,194,2.220227,1.032533,0.000000,True
0.36,195,1.478273,0.894776,0.180159,True
0.36,196,1.480701,0.515936,0.411867,True
0.36,197,1.803313,0.787640,0.079007,True
0.36,198,1.580651,0.815169,0.318065,True
0.36,199,1.952157,0.814622,0.163121,True
0.36,200,1.485532,1.039582,0.120571,True
0.36,201,1.858531,0.763871,0.372650,True
0.36,202,1.796619,0.503252,0.494519,True
0.36,203,1.123927,0.735606,0.350693,True
0.36,204,1.974874,0.919923,0.186949,True
0.36,205,1.270557,0.749803,0.306717,True
0.36,206,1.893583,1.096944,0.042239,True
0.36,207,1.798703,1.194137,0.036520,True
0.36,208,1.515063,0.673912,0.286550,True
0.36,209,2.432636,1.018717,0.139754,True
0.36,210,1.489971,0.790356,0.268174,True
0.36,211,2.415581,1.094682,0.039210,True
0.36,212,2.165004,0.794966,0.201124,True
0.36,213,1.825451,0.828527,0.225691,True
0.36,214,1.476968,0.692585,0.314613,True
0.36,215,2.406587,1.062076,0.000000,True
0.36,216,1.597693,1.005466,0.170274,True
0.36,217,1.959488,0.981851,0.217542,True
0.36,218,1.364520,0.701510,0.315741,True
0.36,219,1.686363,1.180008,0.000000,True
0.36,220,1.390903,0.865184,0.082612,True
0.36,221,1.122481,0.470236,0.535919,True
0.36,222,1.986942,0.986276,0.168570,True
0.36,223,0.899755,0.563979,0.465487,True
0.36,224,1.053309,0.575743,0.278177,True
0.36,225,1.681400,0.933113,0.070923,True
0.36,226,1.586325,1.107193,0.181202,True
0.36,227,1.650131,0.606687,0.342993,True
0.36,228,2.237395,1.008629,0.073278,True
0.36,229,1.447030,0.780390,0.173975,True
0.36,230,1.827028,1.040530,0.123173,True
0.36,231,1.481195,0.897055,0.099115,True
0.36,232,2.429721,1.125438,0.087335,True
0.36,233,1.821782,0.892094,0.277205,True
0.36,234,1.582623,0.984844,0.120183,True
0.36,235,1.528927,0.843415,0.172276,True
0.36,236,1.289973,0.826211,0.273104,True
0.36,237,1.389689,0.897714,0.254018,True
0.36,238,2.202995,0.948720,0.170610,True
0.36,239,1.301658,0.709755,0.462994,True
0.36,240,1.551652,0.753431,0.225155,True
0.36,241,1.411313,1.055632,0.074996,True
0.36,242,1.687293,0.931064,0.059709,True
0.36,243,1.897164,1.059862,0.007099,True
0.36,244,1.234104,0.705047,0.226884,True
0.36,245,1.818638,1.150842,0.158433,True
0.36,246,1.404805,0.766643,0.346160,True
0.36,247,1.608000,0.902496,0.216245,True
0.36,248,1.253527,0.739307,0.426397,True
0.36,249,1.200847,0.603994,0.170003,True
0.36,250,1.844233,0.863014,0.238284,True
0.36,251,1.058679,0.607896,0.243864,True
0.36,252,1.913371,1.043123,0.068453,True
0.36,253,1.399949,0.933101,0.203376,True
0.36,254,1.716773,0.794642,0.119834,True
0.36,255,1.382347,0.708608,0.375573,True
0.36,256,1.765909,0.942864,0.223341,True
0.36,257,1.659875,0.841684,0.216415,True
0.36,258,1.891840,0.950759,0.275499,True
0.36,259,2.431530,1.170716,0.009324,True
0.36,260,1.612213,0.938343,0.080481,True
0.36,261,1.725882,1.038166,0.108225,True
0.36,262,1.541675,0.733211,0.552242,True
0.36,263,1.423471,0.851256,0.157017,True
0.36,264,1.614140,0.901041,0.055701,True
0.36,265,2.144107,0.762969,0.247004,True
0.36,266,1.378476,0.802296,0.188424,True
0.36,267,1.484575,0.809320,0.150857,True
0.36,268,1.592260,0.909608,0.029940,True
0.36,269,1.464840,0.658209,0.453808,True
0.36,270,1.610222,0.874371,0.262954,True
0.36,271,1.173404,0.637002,0.446984,True
0.36,272,1.181853,0.888115,0.355841,True
0.36,273,1.806621,0.623651,0.376413,True
0.36,274,1.999703,0.964538,0.192422,True
0.36,275,1.804365,1.054233,0.126843,True
0.36,276,1.465451,0.630502,0.246705,True
0.36,277,2.226948,0.991234,0.157186,True
0.36,278,1.746694,0.903114,0.017222,True
0.36,279,2.412298,0.859784,0.290126,True
0.36,280,1.846068,0.841383,0.162379,True
0.36,281,1.115361,0.769441,0.374688,True
0.36,282,1.637560,0.773788,0.316253,True
0.36,283,1.200298,0.446442,0.387798,True
0.36,284,1.001747,0.591265,0.371517,True
0.36,285,1.930817,1.056538,0.135018,True
0.36,286,1.191252,0.699293,0.366422,True
0.36,287,1.835012,0.786752,0.255432,True
0.36,288,1.117573,0.641728,0.315086,True
0.36,289,1.887217,1.167672,0.000000,True
0.36,290,1.283112,0.794930,0.279154,True
0.36,291,2.441243,0.727412,0.272641,True
0.36,292,1.199200,0.471355,0.338055,True
0.36,293,2.195749,1.166373,0.075087,True
0.36,294,1.664819,0.744391,0.193092,True
0.36,295,2.485516,1.094419,0.086980,True
0.36,296,1.453623,0.834410,0.225167,True
0.36,297,1.494082,0.837081,0.317043,True
0.36,298,1.755114,1.073281,0.161960,True
0.36,299,1.421344,0.674511,0.404663,True
0.36,300,1.763535,1.121613,0.012148,True
0.36,301,1.915998,0.793612,0.122392,True
0.36,302,2.033550,0.775305,0.149500,True
0.36,303,1.168263,0.937870,0.214287,True
0.36,304,1.483636,0.788427,0.367669,True
0.36,305,2.063994,0.673916,0.243874,True
0.36,306,2.088512,0.890515,0.205105,True
0.36,307,1.908806,0.726018,0.142458,True
0.36,308,2.256709,1.073320,0.105758,True
0.36,309,1.549955,0.861815,0.205098,True
0.36,310,1.828952,0.871039,0.512434,True
0.36,311,2.159464,1.105972,0.009517,True
0.36,312,2.632628,1.002040,0.061327,True
0.36,313,1.388503,0.879477,0.339331,True
0.36,314,1.363852,1.005420,0.232096,True
0.36,315,1.635112,1.038876,0.052035,True
0.36,316,1.625812,0.730951,0.433470,True
0.36,317,1.724421,0.687232,0.389069,True
0.36,318,1.382776,0.882744,0.128290,True
0.36,319,2.404538,1.059276,0.000000,True
0.36,320,1.249251,0.742144,0.232350,True
0.36,321,1.547018,0.572097,0.505440,True
0.36,322,1.671119,0.796968,0.298344,True
0.36,323,1.474874,0.821681,0.201681,True
0.36,324,1.510175,0.882041,0.244323,True
0.36,325,1.378263,0.856650,0.131697,True
0.36,326,1.849429,0.993375,0.216541,True
0.36,327,0.756710,0.511199,0.482812,True
0.36,328,1.916027,0.788577,0.120775,True
0.36,329,1.828974,1.084128,0.073698,True
0.36,330,1.122392,0.734504,0.336635,True
0.36,331,2.130623,0.828224,0.248648,True
0.36,332,1.137815,0.526885,0.431584,True
0.36,333,1.082586,0.566826,0.316410,True
0.36,334,1.830540,0.735570,0.256811,True
0.36,335,0.919668,0.529275,0.420251,True
0.36,336,1.400605,0.790115,0.273149,True
0.36,337,1.266191,0.659364,0.397593,True
0.36,338,1.957179,1.104842,0.019988,True
0.36,339,2.969252,1.002253,0.119982,True
0.36,340,1.371485,0.951568,0.174943,True
0.36,341,2.031689,0.896083,0.120854,True
0.36,342,2.042258,1.188746,0.009467,True
0.36,343,1.784341,1.097067,0.036224,True
0.36,344,1.826954,0.959927,0.115433,True
0.36,345,1.429901,1.024825,0.035206,True
0.36,346,1.282690,0.697209,0.267644,True
0.36,347,1.636092,0.832741,0.167474,True
0.36,348,1.333479,0.623143,0.505762,True
0.36,349,1.620586,0.775277,0.165357,True
0.36,350,1.653039,0.818063,0.198298,True
0.36,351,1.345082,0.710335,0.162347,True
0.36,352,1.763749,0.845502,0.464002,True
0.36,353,1.606973,0.776750,0.201341,True
0.36,354,1.901734,1.221356,0.051179,True
0.36,355,1.579663,0.880352,0.102439,True
0.36,356,2.054061,1.019991,0.061734,True
0.36,357,1.239871,0.784934,0.220834,True
0.36,358,1.443515,0.776522,0.260029,True
0.36,359,1.978742,0.760634,0.140862,True
0.36,360,1.722592,0.725042,0.207876,True
0.36,361,1.818069,0.943056,0.139178,True
0.36,362,1.801883,1.089214,0.052845,True
0.36,363,1.364164,0.833610,0.131486,True
0.36,364,1.984898,0.765976,0.363255,True
0.36,365,1.710398,1.057839,0.057662,True
0.36,366,1.454377,0.694651,0.176218,True
0.36,367,1.361317,0.775639,0.208265,True
0.36,368,1.626264,0.889542,0.365805,True
0.36,369,1.597632,0.990866,0.130077,True
0.36,370,2.282677,1.064833,0.096721,True
0.36,371,2.298341,1.001800,0.155506,True
0.36,372,1.189781,0.615207,0.344261,True
0.36,373,2.686191,0.867380,0.275963,True
0.36,374,1.264421,0.710084,0.488284,True
0.36,375,1.824347,0.733810,0.177312,True
0.36,376,1.415045,0.654607,0.163304,True
0.36,377,1.623743,0.888265,0.263017,True
0.36,378,1.519635,1.020060,0.081377,True
0.36,379,1.654061,0.969369,0.231867,True
0.36,380,1.805865,1.200455,0.000000,True
0.36,381,1.405196,0.929734,0.067663,True
0.36,382,2.205642,1.109503,0.155859,True
0.36,383,1.669467,0.978255,0.182256,True
0.36,384,1.754929,0.884174,0.013778,True
0.36,385,1.606195,1.154087,0.082605,True
0.36,386,1.704007,0.994597,0.146625,True
0.36,387,1.597372,1.260346,0.057871,True
0.36,388,2.204866,0.900759,0.206314,True
0.36,389,1.466085,0.621288,0.554993,True
0.36,390,1.550760,0.780600,0.181521,True
0.36,391,2.179200,1.135739,0.040383,True
0.36,392,1.984243,0.654890,0.324170,True
0.36,393,1.882037,0.750446,0.192239,True
0.36,394,1.990721,1.022215,0.135666,True
0.36,395,1.475946,0.810922,0.090939,True
0.36,396,2.164002,1.101288,0.112183,True
0.36,397,1.354020,0.657290,0.262226,True
0.36,398,2.377557,0.956505,0.112450,True
0.36,399,2.089033,1.079768,0.000000,True
0.36,400,1.918617,1.100028,0.000000,True
0.36,401,2.290457,0.906963,0.171364,True
0.36,402,2.003737,0.950408,0.144215,True
0.36,403,2.090675,1.085805,0.182436,True
0.36,404,1.439915,0.530373,0.661409,True
0.36,405,1.631356,0.840971,0.187057,True
0.36,406,1.326876,0.701058,0.324226,True
0.36,407,1.866797,0.837733,0.197982,True
0.36,408,1.281106,0.769891,0.205981,True
0.36,409,2.206246,1.124424,0.128432,True
0.36,410,1.308188,0.984596,0.217065,True
0.36,411,1.808362,0.767971,0.247659,True
0.36,412,2.110983,1.172904,0.021176,True
0.36,413,1.234054,0.874063,0.216665,True
0.36,414,1.324183,0.936925,0.185165,True
0.36,415,1.643012,1.021207,0.084566,True
0.36,416,1.438202,0.705216,0.334366,True
0.36,417,1.533347,1.140433,0.101926,True
0.36,418,1.337202,0.820391,0.151616,True
0.36,419,1.570342,0.899289,0.044818,True
0.36,420,1.822410,1.156264,0.000000,True
0.36,421,2.214590,1.149250,0.094870,True
0.36,422,1.957551,1.002421,0.053972,True
0.36,423,1.686514,0.988720,0.031558,True
0.36,424,1.228287,0.717577,0.348323,True
0.36,425,2.023184,0.986006,0.065331,True
0.36,426,1.224994,0.797508,0.225709,True
0.36,427,1.484593,0.767167,0.240363,True
0.36,428,1.873051,0.910885,0.189439,True
0.36,429,2.389133,0.825014,0.072594,True
0.36,430,1.666030,0.940859,0.304046,True
0.36,431,1.811456,0.709359,0.265582,True
0.36,432,1.843078,0.991506,0.083183,True
0.36,433,2.326303,0.885072,0.286643,True
0.36,434,1.617508,0.990354,0.027752,True
0.36,435,1.699787,1.251428,0.037899,True
0.36,436,2.035168,0.919025,0.058493,True
0.36,437,1.285734,0.915273,0.247984,True
0.36,438,1.334093,0.775586,0.359747,True
0.36,439,1.371831,0.837242,0.237026,True
0.36,440,2.185558,0.912760,0.184336,True
0.36,441,1.684203,0.944440,0.175172,True
0.36,442,1.137339,0.822822,0.383245,True
0.36,443,1.950883,0.766407,0.154112,True
0.36,444,1.366422,0.657159,0.429403,True
0.36,445,2.038082,0.847485,0.381088,True
0.36,446,1.664730,1.064879,0.197688,True
0.36,447,2.152738,1.085380,0.072167,True
0.36,448,1.119976,0.680240,0.248186,True
0.36,449,2.049275,1.260401,0.000000,True
0.36,450,1.737503,0.779109,0.136030,True
0.36,451,1.532672,0.719969,0.334472,True
0.36,452,2.088490,1.137215,0.228338,True
0.36,453,2.016399,0.945819,0.070268,True
0.36,454,1.614223,0.953999,0.123368,True
0.36,455,2.080257,0.739617,0.172642,True
0.36,456,0.944369,0.597703,0.310353,True
0.36,457,2.256849,1.123389,0.091719,True
0.36,458,1.704209,1.001028,0.198574,True
0.36,459,1.335058,0.647651,0.416782,True
0.36,460,1.584220,0.861437,0.037121,True
0.36,461,2.220041,1.062397,0.000000,True
0.36,462,1.998923,1.013384,0.197893,True
0.36,463,2.494757,0.817375,0.001533,True
0.36,464,1.326026,0.634977,0.487070,True
0.36,465,2.556804,0.976995,0.078086,True
0.36,466,2.098397,1.080698,0.000000,True
0.36,467,2.128662,0.825405,0.186920,True
0.36,468,1.356519,0.507746,0.404202,True
0.36,469,1.153181,0.721587,0.230767,True
0.36,470,2.899155,1.096576,0.082542,True
0.36,471,2.506145,0.944887,0.126892,True
0.36,472,1.704710,0.630088,0.382524,True
0.36,473,2.653168,1.078916,0.074498,True
0.36,474,2.033501,1.159486,0.000000,True
0.36,475,1.431595,0.833757,0.305172,True
0.36,476,0.990801,0.631402,0.399044,True
0.36,477,1.799701,0.752022,0.258706,True
0.36,478,1.776938,0.845411,0.165163,True
0.36,479,1.609693,1.249091,0.037623,True
0.36,480,2.088518,1.297753,0.000000,True
0.36,481,1.721029,0.948406,0.238440,True
0.36,482,2.372924,1.082246,0.085053,True
0.36,483,1.782007,0.832846,0.141107,True
0.36,484,1.995296,1.066684,0.199044,True
0.36,485,2.437682,0.951421,0.151094,True
0.36,486,0.991112,0.825446,0.170093,True
0.36,487,1.973610,0.667801,0.214717,True
0.36,488,2.242479,1.096870,0.000000,True
0.36,489,1.743546,0.937364,0.258656,True
0.36,490,1.679604,1.008654,0.167094,True
0.36,491,2.026550,0.921030,0.098209,True
0.36,492,1.497415,1.217969,0.092701,True
0.36,493,1.242632,0.569949,0.283664,True
0.36,494,1.382842,1.116890,0.010086,True
0.36,495,1.131039,0.725040,0.379864,True
0.36,496,1.981481,1.226630,0.000000,True
0.36,497,1.208460,0.651648,0.283295,True
0.36,498,1.592778,0.808166,0.298782,True
0.36,499,1.387130,0.815981,0.150186,True
0.38,0,1.959436,0.871775,0.137138,True
0.38,1,1.850312,0.968314,0.322715,True
0.38,2,0.742324,0.514930,0.525159,True
0.38,3,2.099360,0.678492,0.290064,True
0.38,4,1.519220,0.649945,0.313052,True
0.38,5,1.420309,0.688828,0.316689,True
0.38,6,1.773401,0.861570,0.193439,True
0.38,7,1.665639,0.626476,0.293324,True
0.38,8,1.829174,1.101685,0.055211,True
0.38,9,1.018388,0.746350,0.260024,True
0.38,10,1.245291,0.889566,0.298513,True
0.38,11,1.249720,0.871296,0.301032,True
0.38,12,1.707783,1.051207,0.180712,True
0.38,13,1.411386,0.754888,0.138041,True
0.38,14,2.037897,1.053519,0.052354,True
0.38,15,1.121497,0.728154,0.226176,True
0.38,16,1.975786,0.899925,0.128555,True
0.38,17,2.342290,1.340045,0.036362,True
0.38,18,0.958262,0.492495,0.445280,True
0.38,19,1.624213,0.730335,0.224508,True
0.38,20,1.601730,0.745911,0.261036,True
0.38,21,2.536276,0.791676,0.285906,True
0.38,22,1.514107,0.859494,0.239717,True
0.38,23,2.022777,0.933982,0.216565,True
0.38,24,2.025080,0.816926,0.152291,True
0.38,25,2.095611,1.000659,0.230111,True
0.38,26,1.958766,1.181290,0.137694,True
0.38,27,1.245157,0.721891,0.242947,True
0.38,28,1.788488,0.993362,0.000000,True
0.38,29,1.557186,0.983189,0.093883,True
0.38,30,1.643270,1.011691,0.012802,True
0.38,31,1.488696,0.892278,0.129616,True
0.38,32,1.876277,0.921153,0.113699,True
0.38,33,2.032394,0.880365,0.115394,True
0.38,34,1.303040,0.586611,0.430286,True
0.38,35,1.553188,1.094516,0.137885,True
0.38,36,2.211821,0.985653,0.051703,True
0.38,37,1.743458,1.139956,0.000000,True
0.38,38,2.103052,1.178988,0.080239,True
0.38,39,1.195262,0.908100,0.132316,True
0.38,40,1.211152,0.924268,0.303447,True
0.38,41,1.146132,0.721077,0.311028,True
0.38,42,2.016648,1.117878,0.139011,True
0.38,43,2.079519,0.780497,0.228916,True
0.38,44,2.105897,0.989425,0.105607,True
0.38,45,1.089603,0.672272,0.372623,True
0.38,46,1.982686,1.237077,0.017691,True
0.38,47,1.171129,0.751882,0.389937,True
0.38,48,1.233733,0.715835,0.206289,True
0.38,49,1.840020,0.943599,0.107971,True
0.38,50,1.666503,0.880613,0.261320,True
0.38,51,1.116564,0.662662,0.325983,True
0.38,52,1.964715,0.921173,0.150043,True
0.38,53,1.531065,0.928859,0.212686,True
0.38,54,1.846737,0.842789,0.331201,True
0.38,55,2.254727,1.122942,0.159395,True
0.38,56,1.432699,0.842474,0.177728,True
0.38,57,1.813363,0.950302,0.101668,True
0.38,58,1.176649,0.545825,0.264061,True
0.38,59,1.636675,0.928441,0.142959,True
0.38,60,1.570918,0.729207,0.315187,True
0.38,61,1.973147,0.961402,0.028923,True
0.38,62,1.633888,0.974307,0.080459,True
0.38,63,1.413632,0.574727,0.509866,True
0.38,64,1.707704,0.776101,0.168945,True
0.38,65,1.843000,0.773020,0.205107,True
0.38,66,1.816247,0.795472,0.111044,True
0.38,67,1.205942,0.778627,0.323312,True
0.38,68,1.437712,1.005557,0.258125,True
0.38,69,1.944994,1.075840,0.085673,True
0.38,70,1.124539,0.701748,0.504524,True
0.38,71,2.047495,1.001157,0.141408,True
0.38,72,1.476534,0.709164,0.204797,True
0.38,73,1.129807,0.596771,0.372412,True
0.38,74,1.875973,0.957931,0.036076,True
0.38,75,1.232733,0.677692,0.356739,True
0.38,76,1.914394,0.995309,0.163496,True
0.38,77,2.085673,0.928043,0.168805,True
0.38,78,2.334583,0.987249,0.011105,True
0.38,79,1.721851,0.994091,0.068747,True
0.38,80,1.732480,0.878830,0.252259,True
0.38,81,1.216535,0.571752,0.274636,True
0.38,82,1.550847,0.850206,0.070176,True
0.38,83,1.503330,0.951038,0.134255,True
0.38,84,1.529252,0.610876,0.419530,True
0.38,85,1.201805,0.751104,0.219294,True
0.38,86,1.451155,0.870254,0.287758,True
0.38,87,1.544915,0.684873,0.274039,True
0.38,88,1.843437,0.995646,0.206656,True
0.38,89,2.642002,0.885533,0.200781,True
0.38,90,1.239405,0.703235,0.267417,True
0.38,91,1.271470,0.547879,0.453352,True
0.38,92,1.446437,0.841091,0.356179,True
0.38,93,1.696353,0.775153,0.161665,True
0.38,94,2.076512,1.041029,0.099830,True
0.38,95,1.831945,0.736837,0.210839,True
0.38,96,1.910132,1.136168,0.076504,True
0.38,97,1.581446,0.873842,0.276152,True
0.38,98,1.374272,0.739031,0.248304,True
0.38,99,1.745361,0.575245,0.327184,True
0.38,100,1.456365,0.765128,0.203092,True
0.38,101,1.763025,0.970168,0.099825,True
0.38,102,1.389547,0.868674,0.073818,True
0.38,103,1.803783,0.869129,0.169959,True
0.38,104,1.610249,0.803337,0.148430,True
0.38,105,1.776789,0.751716,0.150528,True
0.38,106,1.532354,0.881135,0.109898,True
0.38,107,1.501587,0.780261,0.370991,True
0.38,108,1.773867,0.691922,0.369692,True
0.38,109,1.694801,0.956109,0.185498,True
0.38,110,1.741708,0.885913,0.111055,True
0.38,111,1.866924,1.024328,0.069244,True
0.38,112,1.551203,0.859552,0.163256,True
0.38,113,1.415686,0.601529,0.397039,True
0.38,114,1.385570,1.054142,0.152363,True
0.38,115,1.345664,0.783342,0.258492,True
0.38,116,1.325622,0.663115,0.262720,True
0.38,117,1.905715,1.197145,0.050398,True
0.38,118,2.815895,0.680703,0.149817,True
0.38,119,1.224834,0.496024,0.186895,True
0.38,120,1.573576,0.923190,0.218819,True
0.38,121,1.494190,1.136996,0.111525,True
0.38,122,1.603439,0.659053,0.281395,True
0.38,123,2.484537,1.184853,0.059063,True
0.38,124,1.655700,0.762029,0.314157,True
0.38,125,1.967083,1.096864,0.054306,True
0.38,126,2.349901,1.018335,0.081484,True
0.38,127,1.335243,0.658109,0.308117,True
0.38,128,2.289841,1.209257,0.163452,True
0.38,129,1.517118,0.686303,0.245326,True
0.38,130,2.304377,1.082924,0.020907,True
0.38,131,1.333092,0.497610,0.544313,True
0.38,132,1.792100,1.121474,0.081238,True
0.38,133,1.494112,0.748904,0.141686,True
0.38,134,1.320509,0.980699,0.281890,True
0.38,135,1.735421,1.007909,0.219596,True
0.38,136,1.417860,1.001860,0.085483,True
0.38,137,1.674671,0.810712,0.195420,True
0.38,138,1.581812,0.809188,0.297807,True
0.38,139,1.784468,1.038734,0.000000,True
0.38,140,1.507214,0.857423,0.304631,True
0.38,141,1.813341,0.831681,0.135752,True
0.38,142,1.385720,0.886762,0.312376,True
0.38,143,2.534627,1.026320,0.193005,True
0.38,144,1.658579,1.089370,0.241162,True
0.38,145,1.961802,0.846712,0.359540,True
0.38,146,1.697603,0.747284,0.078223,True
0.38,147,1.164523,0.805938,0.207248,True
0.38,148,1.681695,0.938349,0.144883,True
0.38,149,1.580756,1.046573,0.000534,True
0.38,150,1.423642,0.964339,0.185105,True
0.38,151,1.750678,0.901057,0.202115,True
0.38,152,1.373112,0.778718,0.303831,True
0.38,153,1.752419,0.778764,0.239311,True
0.38,154,2.347165,1.108101,0.095682,True
0.38,155,1.411118,0.703879,0.318111,True
0.38,156,2.008898,1.125373,0.000000,True
0.38,157,1.937155,1.052351,0.064838,True
0.38,158,1.892315,0.868058,0.076020,True
0.38,159,1.581447,1.062840,0.038167,True
0.38,160,1.993870,1.099378,0.202539,True
0.38,161,1.398331,0.672371,0.375634,True
0.38,162,1.790130,0.984240,0.081254,True
0.38,163,1.460141,0.922400,0.200636,True
0.38,164,1.250822,0.420639,0.500720,True
0.38,165,1.549512,0.791019,0.212402,True
0.38,166,1.868940,1.136548,0.085525,True
0.38,167,1.937220,0.965593,0.141944,True
0.38,168,1.587377,0.951747,0.208862,True
0.38,169,1.372024,0.877019,0.273711,True
0.38,170,1.474864,0.635567,0.450156,True
0.38,171,1.909168,0.875485,0.223939,True
0.38,172,1.127994,0.613183,0.530470,True
0.38,173,1.329619,0.742113,0.196412,True
0.38,174,1.694258,0.893640,0.288856,True
0.38,175,1.768638,1.071941,0.119506,True
0.38,176,1.727339,0.793005,0.213152,True
0.38,177,2.102392,0.736557,0.184702,True
0.38,178,1.342595,0.775229,0.291579,True
0.38,179,1.237766,0.795877,0.159691,True
0.38,180,2.502786,1.024184,0.129306,True
0.38,181,1.182934,0.675388,0.259227,True
0.38,182,1.425621,0.765364,0.202564,True
0.38,183,1.856896,1.052522,0.093334,True
0.38,184,1.787343,0.680415,0.361531,True
0.38,185,1.554692,0.882216,0.105184,True
0.38,186,1.479657,0.653443,0.261069,True
0.38,187,1.193921,0.589863,0.354595,True
0.38,188,1.286003,0.692689,0.328949,True
0.38,189,2.357722,1.255378,0.000000,True
0.38,190,1.837327,1.114864,0.000000,True
0.38,191,1.556840,0.887308,0.149659,True
0.38,192,1.557172,0.782087,0.335051,True
0.38,193,1.671405,0.787238,0.262940,True
0.38,194,2.220227,1.032533,0.000000,True
0.38,195,1.473753,0.892952,0.181528,True
0.38,196,1.477194,0.514929,0.412577,True
0.38,197,1.794618,0.784350,0.081581,True
0.38,198,1.570338,0.812477,0.320404,True
0.38,199,1.940424,0.810557,0.166461,True
0.38,200,1.478830,1.037541,0.122417,True
0.38,201,1.848405,0.760726,0.375254,True
0.38,202,1.782694,0.500855,0.496596,True
0.38,203,1.122947,0.735324,0.350890,True
0.38,204,1.963242,0.915185,0.190812,True
0.38,205,1.268416,0.749227,0.307168,True
0.38,206,1.875144,1.090808,0.047816,True
0.38,207,1.785065,1.188702,0.041277,True
0.38,208,1.511052,0.672667,0.287486,True
0.38,209,2.410113,1.007761,0.148848,True
0.38,210,1.484643,0.788828,0.269428,True
0.38,211,2.386212,1.082776,0.049562,True
0.38,212,2.140970,0.788943,0.206567,True
0.38,213,1.818574,0.824900,0.228364,True
0.38,214,1.467647,0.690555,0.316360,True
0.38,215,2.406587,1.062076,0.000000,True
0.38,216,1.590948,1.002902,0.172383,True
0.38,217,1.946147,0.977213,0.221574,True
0.38,218,1.361718,0.700836,0.316296,True
0.38,219,1.686363,1.180008,0.000000,True
0.38,220,1.386555,0.863628,0.083784,True
0.38,221,1.119483,0.469945,0.536223,True
0.38,222,1.971423,0.979875,0.173837,True
0.38,223,0.899496,0.563930,0.465518,True
0.38,224,1.050547,0.575323,0.278516,True
0.38,225,1.668797,0.929644,0.074092,True
0.38,226,1.579850,1.104625,0.183356,True
0.38,227,1.644961,0.604761,0.344373,True
0.38,228,2.209813,0.999721,0.081283,True
0.38,229,1.442157,0.779089,0.175063,True
0.38,230,1.816874,1.036339,0.126646,True
0.38,231,1.475872,0.895186,0.100592,True
0.38,232,2.400924,1.113365,0.097837,True
0.38,233,1.806604,0.887509,0.281184,True
0.38,234,1.574334,0.981816,0.122660,True
0.38,235,1.523403,0.841403,0.173837,True
0.38,236,1.282590,0.824846,0.274499,True
0.38,237,1.383667,0.896132,0.255424,True
0.38,238,2.181420,0.941553,0.176908,True
0.38,239,1.298524,0.708953,0.463623,True
0.38,240,1.546082,0.751752,0.226495,True
0.38,241,1.402949,1.053077,0.077280,True
0.38,242,1.679644,0.928524,0.061873,True
0.38,243,1.884337,1.054920,0.011337,True
0.38,244,1.229909,0.704228,0.227605,True
0.38,245,1.800475,1.144442,0.164191,True
0.38,246,1.396661,0.764825,0.347771,True
0.38,247,1.592242,0.898612,0.219868,True
0.38,248,1.251458,0.738749,0.426826,True
0.38,249,1.198328,0.603533,0.170387,True
0.38,250,1.835345,0.859494,0.241103,True
0.38,251,1.057466,0.607657,0.244042,True
0.38,252,1.899615,1.038056,0.072842,True
0.38,253,1.395380,0.931626,0.204587,True
0.38,254,1.702613,0.790526,0.123246,True
0.38,255,1.377385,0.707418,0.376550,True
0.38,256,1.756840,0.938812,0.226489,True
0.38,257,1.650719,0.839329,0.218543,True
0.38,258,1.879817,0.946602,0.279066,True
0.38,259,2.406853,1.159009,0.019359,True
0.38,260,1.606671,0.936650,0.081968,True
0.38,261,1.716350,1.034618,0.111241,True
0.38,262,1.535899,0.731909,0.553405,True
0.38,263,1.417657,0.849468,0.158453,True
0.38,264,1.604546,0.898391,0.058077,True
0.38,265,2.120573,0.757528,0.251992,True
0.38,266,1.369860,0.799982,0.190291,True
0.38,267,1.470411,0.805909,0.153837,True
0.38,268,1.585190,0.907614,0.031719,True
0.38,269,1.448762,0.655352,0.456419,True
0.38,270,1.601908,0.871471,0.265273,True
0.38,271,1.168388,0.636014,0.447752,True
0.38,272,1.178266,0.887230,0.356597,True
0.38,273,1.794890,0.621005,0.378667,True
0.38,274,1.982774,0.958653,0.197498,True
0.38,275,1.795317,1.050826,0.129775,True
0.38,276,1.456209,0.628745,0.248249,True
0.38,277,2.205270,0.983511,0.163933,True
0.38,278,1.733615,0.899257,0.020611,True
0.38,279,2.390456,0.850831,0.297557,True
0.38,280,1.834446,0.838212,0.165206,True
0.38,281,1.113541,0.769034,0.375020,True
0.38,282,1.623384,0.770524,0.319193,True
0.38,283,1.198448,0.446103,0.388038,True
0.38,284,0.999888,0.590925,0.371750,True
0.38,285,1.919309,1.051269,0.139321,True
0.38,286,1.188626,0.698695,0.366892,True
0.38,287,1.816715,0.781933,0.259609,True
0.38,288,1.115769,0.641260,0.315403,True
0.38,289,1.887217,1.167672,0.000000,True
0.38,290,1.278908,0.793938,0.280005,True
0.38,291,2.426392,0.718744,0.279375,True
0.38,292,1.197739,0.470891,0.338319,True
0.38,293,2.170955,1.157364,0.083270,True
0.38,294,1.656200,0.742283,0.194936,True
0.38,295,2.458894,1.082603,0.097128,True
0.38,296,1.449854,0.833102,0.226172,True
0.38,297,1.490007,0.835023,0.318453,True
0.38,298,1.738155,1.068066,0.166780,True
0.38,299,1.414247,0.672921,0.405987,True
0.38,300,1.752760,1.117611,0.015669,True
0.38,301,1.905774,0.789546,0.125580,True
0.38,302,2.020742,0.770548,0.153320,True
0.38,303,1.161901,0.936481,0.215589,True
0.38,304,1.478007,0.786883,0.368956,True
0.38,305,2.050319,0.669980,0.247140,True
0.38,306,2.073218,0.884884,0.209818,True
0.38,307,1.893900,0.722237,0.145739,True
0.38,308,2.242692,1.064131,0.113006,True
0.38,309,1.539927,0.859255,0.207404,True
0.38,310,1.816641,0.867383,0.515622,True
0.38,311,2.140137,1.098008,0.016390,True
0.38,312,2.615622,0.986109,0.073796,True
0.38,313,1.381664,0.877207,0.341077,True
0.38,314,1.357850,1.003703,0.233642,True
0.38,315,1.629345,1.036513,0.053960,True
0.38,316,1.619676,0.728804,0.435097,True
0.38,317,1.717389,0.684942,0.390843,True
0.38,318,1.374467,0.880442,0.130223,True
0.38,319,2.379019,1.049136,0.008818,True
0.38,320,1.240629,0.740645,0.233795,True
0.38,321,1.540577,0.570769,0.506544,True
0.38,322,1.659719,0.794185,0.300846,True
0.38,323,1.470438,0.820306,0.202789,True
0.38,324,1.504504,0.880168,0.245839,True
0.38,325,1.375253,0.855577,0.132516,True
0.38,326,1.834940,0.988793,0.220638,True
0.38,327,0.756424,0.511190,0.482830,True
0.38,328,1.907751,0.783811,0.124228,True
0.38,329,1.818826,1.079154,0.077669,True
0.38,330,1.121028,0.734231,0.336870,True
0.38,331,2.113161,0.822895,0.253263,True
0.38,332,1.136475,0.526623,0.431773,True
0.38,333,1.081332,0.566618,0.316576,True
0.38,334,1.818846,0.732234,0.259597,True
0.38,335,0.917763,0.529156,0.420414,True
0.38,336,1.394077,0.788224,0.274631,True
0.38,337,1.262602,0.658586,0.398220,True
0.38,338,1.936782,1.097634,0.026409,True
0.38,339,2.952146,0.979622,0.138010,True
0.38,340,1.365742,0.949987,0.176354,True
0.38,341,2.020211,0.890855,0.125014,True
0.38,342,2.026711,1.181841,0.015392,True
0.38,343,1.774939,1.092687,0.039764,True
0.38,344,1.813600,0.955875,0.119070,True
0.38,345,1.417933,1.021702,0.038180,True
0.38,346,1.280155,0.696680,0.268100,True
0.38,347,1.629034,0.830481,0.169330,True
0.38,348,1.329412,0.622250,0.506471,True
0.38,349,1.614039,0.773421,0.166907,True
0.38,350,1.640616,0.814924,0.201093,True
0.38,351,1.337812,0.708760,0.163681,True
0.38,352,1.756324,0.842827,0.466162,True
0.38,353,1.599002,0.774885,0.203031,True
0.38,354,1.891264,1.214609,0.056400,True
0.38,355,1.571425,0.878124,0.104426,True
0.38,356,2.040619,1.014025,0.066666,True
0.38,357,1.237622,0.784335,0.221311,True
0.38,358,1.438487,0.775146,0.261160,True
0.38,359,1.963664,0.756272,0.144560,True
0.38,360,1.709639,0.722193,0.210461,True
0.38,361,1.807733,0.939643,0.142132,True
0.38,362,1.780290,1.081659,0.059430,True
0.38,363,1.360811,0.832666,0.132266,True
0.38,364,1.972768,0.761972,0.366553,True
0.38,365,1.700135,1.053996,0.060931,True
0.38,366,1.447355,0.693212,0.177506,True
0.38,367,1.355882,0.774346,0.209377,True
0.38,368,1.614447,0.886334,0.368671,True
0.38,369,1.577965,0.984730,0.135307,True
0.38,370,2.266291,1.055255,0.104397,True
0.38,371,2.273889,0.992986,0.163217,True
0.38,372,1.188079,0.614826,0.344547,True
0.38,373,2.661222,0.853962,0.286915,True
0.38,374,1.262207,0.709437,0.488758,True
0.38,375,1.814482,0.731381,0.179449,True
0.38,376,1.411372,0.653359,0.164171,True
0.38,377,1.616888,0.885640,0.265069,True
0.38,378,1.507862,1.016137,0.084688,True
0.38,379,1.644218,0.965756,0.234832,True
0.38,380,1.805865,1.200455,0.000000,True
0.38,381,1.400011,0.928294,0.068937,True
0.38,382,2.183505,1.100811,0.163471,True
0.38,383,1.661099,0.975318,0.184735,True
0.38,384,1.746153,0.880696,0.016529,True
0.38,385,1.594972,1.150491,0.085981,True
0.38,386,1.687587,0.989661,0.151044,True
0.38,387,1.587767,1.256795,0.061114,True
0.38,388,2.179173,0.893451,0.212914,True
0.38,389,1.461863,0.620219,0.555824,True
0.38,390,1.542855,0.778650,0.183229,True
0.38,391,2.152202,1.126275,0.048968,True
0.38,392,1.969255,0.651419,0.327186,True
0.38,393,1.871547,0.747068,0.194993,True
0.38,394,1.981081,1.016118,0.140293,True
0.38,395,1.463302,0.807541,0.093733,True
0.38,396,2.146676,1.093674,0.118650,True
0.38,397,1.351557,0.656599,0.262741,True
0.38,398,2.354572,0.946806,0.120589,True
0.38,399,2.089033,1.079768,0.000000,True
0.38,400,1.918617,1.100028,0.000000,True
0.38,401,2.265070,0.899174,0.178286,True
0.38,402,1.991483,0.945172,0.148499,True
0.38,403,2.076537,1.077344,0.189058,True
0.38,404,1.432160,0.529253,0.662451,True
0.38,405,1.622516,0.838641,0.189129,True
0.38,406,1.324241,0.699931,0.324942,True
0.38,407,1.850688,0.832730,0.202195,True
0.38,408,1.273435,0.768269,0.207411,True
0.38,409,2.191206,1.115565,0.135548,True
0.38,410,1.303218,0.983169,0.218315,True
0.38,411,1.794795,0.764567,0.250669,True
0.38,412,2.088276,1.163932,0.029089,True
0.38,413,1.224318,0.871900,0.218598,True
0.38,414,1.320034,0.935777,0.186171,True
0.38,415,1.632043,1.017455,0.087788,True
0.38,416,1.434491,0.703951,0.335280,True
0.38,417,1.528495,1.138451,0.103579,True
0.38,418,1.334559,0.819427,0.152319,True
0.38,419,1.560679,0.896427,0.047271,True
0.38,420,1.822410,1.156264,0.000000,True
0.38,421,2.190513,1.139197,0.103581,True
0.38,422,1.940488,0.997313,0.058672,True
0.38,423,1.673786,0.984408,0.035236,True
0.38,424,1.226416,0.716989,0.348733,True
0.38,425,2.010629,0.979761,0.070278,True
0.38,426,1.222908,0.796947,0.226156,True
0.38,427,1.480814,0.765981,0.241293,True
0.38,428,1.855554,0.906153,0.193781,True
0.38,429,2.360480,0.816926,0.079774,True
0.38,430,1.652143,0.936876,0.307608,True
0.38,431,1.801171,0.706352,0.268036,True
0.38,432,1.833863,0.986975,0.086704,True
0.38,433,2.298528,0.876573,0.294141,True
0.38,434,1.609046,0.987873,0.030015,True
0.38,435,1.690083,1.247029,0.041599,True
0.38,436,2.011736,0.912249,0.064573,True
0.38,437,1.282691,0.914294,0.248756,True
0.38,438,1.329236,0.774179,0.360827,True
0.38,439,1.365239,0.835448,0.238514,True
0.38,440,2.167481,0.906365,0.189817,True
0.38,441,1.675567,0.941756,0.177530,True
0.38,442,1.136081,0.822497,0.383504,True
0.38,443,1.939079,0.762440,0.157346,True
0.38,444,1.363780,0.656473,0.429933,True
0.38,445,2.016750,0.841234,0.386528,True
0.38,446,1.654694,1.061316,0.200778,True
0.38,447,2.129008,1.077313,0.079474,True
0.38,448,1.118548,0.679931,0.248427,True
0.38,449,2.049275,1.260401,0.000000,True
0.38,450,1.721432,0.775382,0.139414,True
0.38,451,1.525464,0.718109,0.336006,True
0.38,452,2.063607,1.128526,0.236213,True
0.38,453,2.004126,0.940531,0.074571,True
0.38,454,1.607133,0.951840,0.125275,True
0.38,455,2.066269,0.735085,0.176384,True
0.38,456,0.940556,0.596912,0.310783,True
0.38,457,2.237804,1.114353,0.099329,True
0.38,458,1.696349,0.998341,0.200901,True
0.38,459,1.325763,0.645442,0.418432,True
0.38,460,1.577540,0.859028,0.039014,True
0.38,461,2.220041,1.062397,0.000000,True
0.38,462,1.984547,1.007393,0.202881,True
0.38,463,2.471172,0.808217,0.009180,True
0.38,464,1.321858,0.634180,0.487762,True
0.38,465,2.540019,0.964101,0.088264,True
0.38,466,2.098397,1.080698,0.000000,True
0.38,467,2.111785,0.819745,0.191691,True
0.38,468,1.353014,0.507092,0.404722,True
0.38,469,1.149929,0.720964,0.231310,True
0.38,470,2.882955,1.073607,0.100731,True
0.38,471,2.477566,0.934335,0.136025,True
0.38,472,1.696709,0.627901,0.384258,True
0.38,473,2.632332,1.063092,0.087217,True
0.38,474,2.033501,1.159486,0.000000,True
0.38,475,1.424592,0.831951,0.306736,True
0.38,476,0.989261,0.631170,0.399238,True
0.38,477,1.791997,0.749143,0.260938,True
0.38,478,1.757162,0.840119,0.169807,True
0.38,479,1.601370,1.245688,0.040585,True
0.38,480,2.070550,1.290702,0.006448,True
0.38,481,1.709892,0.945092,0.241406,True
0.38,482,2.350039,1.071934,0.093812,True
0.38,483,1.773032,0.829775,0.143615,True
0.38,484,1.971173,1.058824,0.206135,True
0.38,485,2.413466,0.941706,0.159357,True
0.38,486,0.989073,0.825089,0.170422,True
0.38,487,1.959430,0.664531,0.217586,True
0.38,488,2.230602,1.092035,0.004190,True
0.38,489,1.734548,0.934274,0.261274,True
0.38,490,1.669374,1.004882,0.170245,True
0.38,491,2.011154,0.916236,0.102450,True
0.38,492,1.491284,1.215626,0.094760,True
0.38,493,1.239879,0.569338,0.284109,True
0.38,494,1.375944,1.114572,0.012095,True
0.38,495,1.129531,0.724602,0.380166,True
0.38,496,1.981481,1.226630,0.000000,True
0.38,497,1.205108,0.650894,0.283868,True
0.38,498,1.585724,0.805941,0.300577,True
0.38,499,1.376198,0.813601,0.152370,True
0.40,0,1.947851,0.867047,0.140923,True
0.40,1,1.833579,0.963486,0.327135,True
0.40,2,0.741915,0.514927,0.525183,True
0.40,3,2.081876,0.674185,0.293798,True
0.40,4,1.512518,0.648441,0.314313,True
0.40,5,1.413791,0.687280,0.317952,True
0.40,6,1.765650,0.858843,0.195675,True
0.40,7,1.651351,0.623745,0.295759,True
0.40,8,1.817658,1.097310,0.059015,True
0.40,9,1.014759,0.745978,0.260517,True
0.40,10,1.242488,0.888801,0.299152,True
0.40,11,1.247975,0.870761,0.301454,True
0.40,12,1.696437,1.047545,0.184013,True
0.40,13,1.407393,0.753898,0.138883,True
0.40,14,2.020687,1.045821,0.058684,True
0.40,15,1.117780,0.727325,0.226805,True
0.40,16,1.962515,0.895215,0.132519,True
0.40,17,2.318614,1.326760,0.047585,True
0.40,18,0.957535,0.492392,0.445355,True
0.40,19,1.612541,0.727567,0.226906,True
0.40,20,1.592809,0.743884,0.262861,True
0.40,21,2.536276,0.791676,0.285906,True
0.40,22,1.509886,0.858161,0.240815,True
0.40,23,2.011674,0.928353,0.220964,True
0.40,24,2.013247,0.812451,0.155923,True
0.40,25,2.078872,0.994201,0.235615,True
0.40,26,1.949526,1.174666,0.142711,True
0.40,27,1.241647,0.721121,0.243589,True
0.40,28,1.788488,0.993362,0.000000,True
0.40,29,1.549891,0.980800,0.095932,True
0.40,30,1.631831,1.007954,0.016064,True
0.40,31,1.483183,0.890328,0.131145,True
0.40,32,1.866664,0.916811,0.117107,True
0.40,33,2.010105,0.874281,0.120891,True
0.40,34,1.295872,0.585276,0.431367,True
0.40,35,1.547505,1.092228,0.139777,True
0.40,36,2.187809,0.976344,0.059574,True
0.40,37,1.731165,1.135602,0.003910,True
0.40,38,2.081508,1.169922,0.088088,True
0.40,39,1.191913,0.907220,0.133058,True
0.40,40,1.206371,0.923027,0.304503,True
0.40,41,1.139191,0.719953,0.312086,True
0.40,42,2.004201,1.111277,0.144331,True
0.40,43,2.067638,0.775377,0.232931,True
0.40,44,2.095483,0.981917,0.111245,True
0.40,45,1.088529,0.672005,0.372810,True
0.40,46,1.964916,1.229417,0.024350,True
0.40,47,1.165246,0.750788,0.390923,True
0.40,48,1.229953,0.715027,0.206969,True
0.40,49,1.829600,0.938774,0.111725,True
0.40,50,1.648135,0.875500,0.265743,True
0.40,51,1.115112,0.662393,0.326211,True
0.40,52,1.955476,0.915774,0.154097,True
0.40,53,1.520996,0.926142,0.215148,True
0.40,54,1.835075,0.838845,0.334453,True
0.40,55,2.234799,1.113748,0.167181,True
0.40,56,1.425527,0.840625,0.179338,True
0.40,57,1.801502,0.946591,0.104944,True
0.40,58,1.174803,0.545496,0.264321,True
0.40,59,1.625885,0.924720,0.146010,True
0.40,60,1.562269,0.727074,0.317010,True
0.40,61,1.961403,0.956483,0.032956,True
0.40,62,1.620618,0.970756,0.083798,True
0.40,63,1.402284,0.572702,0.511569,True
0.40,64,1.698079,0.773352,0.171248,True
0.40,65,1.836140,0.768978,0.207975,True
0.40,66,1.801549,0.791924,0.114272,True
0.40,67,1.201953,0.777890,0.324029,True
0.40,68,1.431879,1.003846,0.259669,True
0.40,69,1.932397,1.070624,0.090083,True
0.40,70,1.122546,0.701337,0.504858,True
0.40,71,2.029191,0.995130,0.146780,True
0.40,72,1.470901,0.707873,0.205909,True
0.40,73,1.127959,0.596242,0.372737,True
0.40,74,1.863647,0.953789,0.039666,True
0.40,75,1.224762,0.675456,0.358205,True
0.40,76,1.905707,0.990399,0.167249,True
0.40,77,2.069447,0.922352,0.173685,True
0.40,78,2.308556,0.978324,0.018993,True
0.40,79,1.713025,0.991179,0.071302,True
0.40,80,1.719567,0.875229,0.255454,True
0.40,81,1.214348,0.571242,0.275000,True
0.40,82,1.542159,0.848046,0.072142,True
0.40,83,1.496409,0.948939,0.136079,True
0.40,84,1.523405,0.609212,0.420779,True
0.40,85,1.198334,0.750424,0.219913,True
0.40,86,1.438694,0.866910,0.290604,True
0.40,87,1.538997,0.683254,0.275329,True
0.40,88,1.836079,0.991100,0.210025,True
0.40,89,2.623610,0.872147,0.211394,True
0.40,90,1.237556,0.702610,0.267834,True
0.40,91,1.269184,0.547460,0.453694,True
0.40,92,1.435079,0.838453,0.358580,True
0.40,93,1.689693,0.773078,0.163367,True
0.40,94,2.059361,1.035059,0.105138,True
0.40,95,1.822640,0.733501,0.213449,True
0.40,96,1.893000,1.129970,0.082047,True
0.40,97,1.571206,0.871285,0.278512,True
0.40,98,1.365238,0.737126,0.249987,True
0.40,99,1.737341,0.573563,0.328612,True
0.40,100,1.452111,0.763904,0.204076,True
0.40,101,1.750437,0.965816,0.103521,True
0.40,102,1.386598,0.867700,0.074588,True
0.40,103,1.796725,0.865713,0.172536,True
0.40,104,1.604153,0.801722,0.149837,True
0.40,105,1.770882,0.748579,0.152770,True
0.40,106,1.527574,0.879143,0.111383,True
0.40,107,1.494289,0.778164,0.372686,True
0.40,108,1.759612,0.688706,0.372516,True
0.40,109,1.677242,0.950753,0.190145,True
0.40,110,1.729679,0.882500,0.114081,True
0.40,111,1.856192,1.020095,0.072806,True
0.40,112,1.544152,0.857251,0.165119,True
0.40,113,1.407274,0.599872,0.398414,True
0.40,114,1.377109,1.051401,0.154691,True
0.40,115,1.338125,0.781544,0.260017,True
0.40,116,1.321766,0.662154,0.263458,True
0.40,117,1.892581,1.191494,0.055263,True
0.40,118,2.814052,0.664518,0.162061,True
0.40,119,1.223024,0.495589,0.187183,True
0.40,120,1.565104,0.920724,0.220988,True
0.40,121,1.488622,1.134564,0.113464,True
0.40,122,1.594261,0.657193,0.283057,True
0.40,123,2.456694,1.171746,0.070354,True
0.40,124,1.648733,0.760041,0.315811,True
0.40,125,1.953147,1.090844,0.059365,True
0.40,126,2.334366,1.008326,0.089399,True
0.40,127,1.332607,0.657322,0.308683,True
0.40,128,2.269760,1.198793,0.172238,True
0.40,129,1.511049,0.684771,0.246582,True
0.40,130,2.278280,1.073455,0.029346,True
0.40,131,1.329250,0.496821,0.544896,True
0.40,132,1.783449,1.117675,0.084398,True
0.40,133,1.488875,0.747620,0.142793,True
0.40,134,1.315093,0.979235,0.283212,True
0.40,135,1.715782,1.001905,0.224936,True
0.40,136,1.413511,1.000348,0.086732,True
0.40,137,1.667692,0.808889,0.197035,True
0.40,138,1.576888,0.807866,0.298956,True
0.40,139,1.784468,1.038734,0.000000,True
0.40,140,1.503335,0.855770,0.305841,True
0.40,141,1.799559,0.828062,0.138993,True
0.40,142,1.374619,0.883419,0.315020,True
0.40,143,2.511425,1.012790,0.204017,True
0.40,144,1.651570,1.086767,0.243412,True
0.40,145,1.945565,0.842025,0.363648,True
0.40,146,1.690462,0.745366,0.079853,True
0.40,147,1.161697,0.805328,0.207781,True
0.40,148,1.669931,0.935011,0.147898,True
0.40,149,1.573025,1.044033,0.002780,True
0.40,150,1.419846,0.963032,0.186173,True
0.40,151,1.740605,0.897795,0.204887,True
0.40,152,1.370085,0.777557,0.304645,True
0.40,153,1.746487,0.775636,0.241549,True
0.40,154,2.327933,1.097155,0.104595,True
0.40,155,1.401458,0.701824,0.319881,True
0.40,156,2.004657,1.122917,0.001943,True
0.40,157,1.919985,1.046931,0.069812,True
0.40,158,1.874892,0.863530,0.080165,True
0.40,159,1.575630,1.060613,0.040030,True
0.40,160,1.978570,1.093445,0.207708,True
0.40,161,1.392823,0.670806,0.376794,True
0.40,162,1.779496,0.979968,0.084733,True
0.40,163,1.452849,0.920025,0.202578,True
0.40,164,1.246912,0.420136,0.501138,True
0.40,165,1.544582,0.789005,0.213870,True
0.40,166,1.855604,1.131041,0.090226,True
0.40,167,1.927348,0.961019,0.145599,True
0.40,168,1.582530,0.949705,0.210458,True
0.40,169,1.367529,0.875852,0.274747,True
0.40,170,1.468499,0.634192,0.451316,True
0.40,171,1.897623,0.871723,0.227150,True
0.40,172,1.120816,0.612024,0.531420,True
0.40,173,1.326969,0.741296,0.197020,True
0.40,174,1.687762,0.891107,0.290866,True
0.40,175,1.760412,1.068274,0.122491,True
0.40,176,1.714941,0.789984,0.215871,True
0.40,177,2.091143,0.730925,0.188963,True
0.40,178,1.340087,0.773873,0.292402,True
0.40,179,1.235717,0.795322,0.160133,True
0.40,180,2.481445,1.010468,0.140298,True
0.40,181,1.180922,0.674857,0.259610,True
0.40,182,1.420543,0.763920,0.203712,True
0.40,183,1.846857,1.048404,0.096784,True
0.40,184,1.774418,0.677414,0.364131,True
0.40,185,1.549049,0.880256,0.106755,True
0.40,186,1.469822,0.651507,0.262772,True
0.40,187,1.190871,0.589361,0.355027,True
0.40,188,1.282138,0.691896,0.329633,True
0.40,189,2.357722,1.255378,0.000000,True
0.40,190,1.837327,1.114864,0.000000,True
0.40,191,1.551950,0.885577,0.151043,True
0.40,192,1.549860,0.780189,0.336691,True
0.40,193,1.656672,0.782822,0.266488,True
0.40,194,2.202855,1.025316,0.006129,True
0.40,195,1.469394,0.891171,0.182856,True
0.40,196,1.473796,0.513938,0.413270,True
0.40,197,1.786329,0.781146,0.084066,True
0.40,198,1.560476,0.809904,0.322634,True
0.40,199,1.929221,0.806604,0.169685,True
0.40,200,1.472351,1.035569,0.124199,True
0.40,201,1.838729,0.757669,0.377767,True
0.40,202,1.769546,0.498567,0.498565,True
0.40,203,1.121980,0.735045,0.351085,True
0.40,204,1.952153,0.910573,0.194544,True
0.40,205,1.266319,0.748659,0.307611,True
0.40,206,1.857873,1.085016,0.053052,True
0.40,207,1.772222,1.183522,0.045778,True
0.40,208,1.507150,0.671444,0.288401,True
0.40,209,2.389418,0.997122,0.157568,True
0.40,210,1.479488,0.787341,0.270643,True
0.40,211,2.359465,1.071441,0.059289,True
0.40,212,2.118665,0.783240,0.211677,True
0.40,213,1.812029,0.821335,0.230968,True
0.40,214,1.458772,0.688623,0.318017,True
0.40,215,2.406587,1.062076,0.000000,True
0.40,216,1.584456,1.000411,0.174420,True
0.40,217,1.933356,0.972713,0.225462,True
0.40,218,1.358970,0.700173,0.316840,True
0.40,219,1.686363,1.180008,0.000000,True
0.40,220,1.382373,0.862117,0.084917,True
0.40,221,1.116585,0.469664,0.536515,True
0.40,222,1.956832,0.973727,0.178851,True
0.40,223,0.899238,0.563881,0.465549,True
0.40,224,1.047867,0.574917,0.278843,True
0.40,225,1.656864,0.926349,0.077091,True
0.40,226,1.573597,1.102128,0.185442,True
0.40,227,1.640007,0.602869,0.345717,True
0.40,228,2.184297,0.991316,0.088770,True
0.40,229,1.437441,0.777823,0.176117,True
0.40,230,1.807142,1.032271,0.129996,True
0.40,231,1.470744,0.893370,0.102019,True
0.40,232,2.374600,1.101845,0.107734,True
0.40,233,1.792213,0.883136,0.284960,True
0.40,234,1.566380,0.978895,0.125038,True
0.40,235,1.518079,0.839441,0.175350,True
0.40,236,1.275621,0.823564,0.275811,True
0.40,237,1.377870,0.894609,0.256774,True
0.40,238,2.161154,0.934681,0.182897,True
0.40,239,1.295478,0.708169,0.464234,True
0.40,240,1.540700,0.750115,0.227794,True
0.40,241,1.395081,1.050660,0.079429,True
0.40,242,1.672248,0.926049,0.063972,True
0.40,243,1.872104,1.050148,0.015403,True
0.40,244,1.225872,0.703440,0.228296,True
0.40,245,1.783401,1.138409,0.169596,True
0.40,246,1.388889,0.763094,0.349301,True
0.40,247,1.577553,0.894998,0.223231,True
0.40,248,1.249427,0.738199,0.427248,True
0.40,249,1.195874,0.603082,0.170760,True
0.40,250,1.826862,0.856058,0.243832,True
0.40,251,1.056277,0.607420,0.244216,True
0.40,252,1.886485,1.033166,0.077052,True
0.40,253,1.390940,0.930189,0.205764,True
0.40,254,1.689246,0.786617,0.126467,True
0.40,255,1.372576,0.706264,0.377495,True
0.40,256,1.748208,0.934882,0.229518,True
0.40,257,1.641901,0.837054,0.220593,True
0.40,258,1.868323,0.942577,0.282498,True
0.40,259,2.384026,1.147702,0.028939,True
0.40,260,1.601221,0.934981,0.083430,True
0.40,261,1.707176,1.031179,0.114150,True
0.40,262,1.530269,0.730638,0.554539,True
0.40,263,1.412089,0.847745,0.159829,True
0.40,264,1.595395,0.895853,0.060345,True
0.40,265,2.098367,0.752343,0.256717,True
0.40,266,1.361653,0.797786,0.192059,True
0.40,267,1.457136,0.802731,0.156608,True
0.40,268,1.578305,0.905669,0.033450,True
0.40,269,1.433834,0.652724,0.458821,True
0.40,270,1.593985,0.868678,0.267492,True
0.40,271,1.163572,0.635070,0.448486,True
0.40,272,1.174792,0.886375,0.357327,True
0.40,273,1.783679,0.618452,0.380828,True
0.40,274,1.966789,0.953009,0.202329,True
0.40,275,1.786537,1.047493,0.132630,True
0.40,276,1.447403,0.627074,0.249714,True
0.40,277,2.185030,0.976106,0.170340,True
0.40,278,1.721303,0.895591,0.023812,True
0.40,279,2.370527,0.842128,0.304679,True
0.40,280,1.823231,0.835133,0.167940,True
0.40,281,1.111756,0.768636,0.375346,True
0.40,282,1.609994,0.767446,0.321958,True
0.40,283,1.196640,0.445769,0.388274,True
0.40,284,0.998072,0.590593,0.371977,True
0.40,285,1.908352,1.046151,0.143467,True
0.40,286,1.186061,0.698111,0.367350,True
0.40,287,1.799586,0.777389,0.263523,True
0.40,288,1.114013,0.640801,0.315712,True
0.40,289,1.887217,1.167672,0.000000,True
0.40,290,1.274833,0.792978,0.280827,True
0.40,291,2.413178,0.710114,0.285991,True
0.40,292,1.196309,0.470432,0.338579,True
0.40,293,2.147773,1.148813,0.090982,True
0.40,294,1.647855,0.740235,0.196721,True
0.40,295,2.434441,1.071205,0.106795,True
0.40,296,1.446184,0.831820,0.227153,True
0.40,297,1.486088,0.833006,0.319824,True
0.40,298,1.722389,1.063180,0.171270,True
0.40,299,1.407515,0.671403,0.407245,True
0.40,300,1.742425,1.113745,0.019053,True
0.40,301,1.896071,0.785587,0.128658,True
0.40,302,2.008626,0.765922,0.157000,True
0.40,303,1.155905,0.935183,0.216809,True
0.40,304,1.472555,0.785383,0.370203,True
0.40,305,2.037309,0.666150,0.250292,True
0.40,306,2.058764,0.879432,0.214341,True
0.40,307,1.879766,0.718609,0.148865,True
0.40,308,2.229787,1.055088,0.120049,True
0.40,309,1.530358,0.856815,0.209597,True
0.40,310,1.804900,0.863863,0.518674,True
0.40,311,2.121979,1.090347,0.022941,True
0.40,312,2.601380,0.970050,0.086180,True
0.40,313,1.375117,0.875029,0.342745,True
0.40,314,1.352111,1.002056,0.235120,True
0.40,315,1.623733,1.034197,0.055839,True
0.40,316,1.613785,0.726710,0.436672,True
0.40,317,1.710625,0.682705,0.392564,True
0.40,318,1.366540,0.878253,0.132058,True
0.40,319,2.354683,1.039070,0.017471,True
0.40,320,1.232553,0.739253,0.235139,True
0.40,321,1.534352,0.569479,0.507611,True
0.40,322,1.648873,0.791528,0.303225,True
0.40,323,1.466126,0.818961,0.203868,True
0.40,324,1.499005,0.878344,0.247310,True
0.40,325,1.372315,0.854522,0.133317,True
0.40,326,1.821119,0.984399,0.224550,True
0.40,327,0.756139,0.511180,0.482847,True
0.40,328,1.899973,0.779135,0.127582,True
0.40,329,1.809201,1.074329,0.081487,True
0.40,330,1.119684,0.733962,0.337102,True
0.40,331,2.096635,0.817745,0.257686,True
0.40,332,1.135157,0.526364,0.431959,True
0.40,333,1.080099,0.566412,0.316740,True
0.40,334,1.807813,0.729025,0.262254,True
0.40,335,0.915914,0.529041,0.420571,True
0.40,336,1.387802,0.786404,0.276052,True
0.40,337,1.259113,0.657829,0.398827,True
0.40,338,1.917683,1.090823,0.032439,True
0.40,339,2.942405,0.955488,0.156860,True
0.40,340,1.360222,0.948468,0.177707,True
0.40,341,2.009359,0.885747,0.129039,True
0.40,342,2.011982,1.175175,0.021067,True
0.40,343,1.765957,1.088436,0.043174,True
0.40,344,1.800871,0.951985,0.122544,True
0.40,345,1.406782,1.018805,0.040939,True
0.40,346,1.277665,0.696159,0.268549,True
0.40,347,1.622229,0.828283,0.171125,True
0.40,348,1.325464,0.621381,0.507159,True
0.40,349,1.607682,0.771608,0.168414,True
0.40,350,1.628833,0.811942,0.203740,True
0.40,351,1.330869,0.707260,0.164950,True
0.40,352,1.749148,0.840208,0.468265,True
0.40,353,1.591297,0.773079,0.204664,True
0.40,354,1.881404,1.208043,0.061426,True
0.40,355,1.563470,0.875973,0.106342,True
0.40,356,2.027891,1.008222,0.071419,True
0.40,357,1.235422,0.783747,0.221778,True
0.40,358,1.433617,0.773808,0.262256,True
0.40,359,1.949422,0.752079,0.148087,True
0.40,360,1.697445,0.719488,0.212901,True
0.40,361,1.797766,0.936324,0.144991,True
0.40,362,1.760243,1.074622,0.065529,True
0.40,363,1.357527,0.831739,0.133030,True
0.40,364,1.961221,0.758077,0.369735,True
0.40,365,1.690371,1.050304,0.064053,True
0.40,366,1.440604,0.691828,0.178742,True
0.40,367,1.350642,0.773098,0.210446,True
0.40,368,1.603212,0.883282,0.371390,True
0.40,369,1.559721,0.979066,0.140117,True
0.40,370,2.251074,1.045894,0.111814,True
0.40,371,2.251418,0.984567,0.170492,True
0.40,372,1.186410,0.614451,0.344828,True
0.40,373,2.640520,0.840634,0.297572,True
0.40,374,1.260044,0.708801,0.489221,True
0.40,375,1.804871,0.729002,0.181535,True
0.40,376,1.407826,0.652137,0.165013,True
0.40,377,1.610312,0.883091,0.267049,True
0.40,378,1.496719,1.012432,0.087806,True
0.40,379,1.634844,0.962285,0.237663,True
0.40,380,1.805865,1.200455,0.000000,True
0.40,381,1.394986,0.926899,0.070169,True
0.40,382,2.162920,1.092508,0.170669,True
0.40,383,1.653028,0.972469,0.187128,True
0.40,384,1.737803,0.877323,0.019176,True
0.40,385,1.584342,1.147079,0.089175,True
0.40,386,1.672320,0.985041,0.155156,True
0.40,387,1.578572,1.253392,0.064214,True
0.40,388,2.155309,0.886538,0.219106,True
0.40,389,1.457766,0.619173,0.556633,True
0.40,390,1.535214,0.776766,0.184876,True
0.40,391,2.127216,1.117372,0.056982,True
0.40,392,1.954974,0.648069,0.330078,True
0.40,393,1.861542,0.743786,0.197647,True
0.40,394,1.971988,1.010139,0.144787,True
0.40,395,1.451395,0.804369,0.096345,True
0.40,396,2.130339,1.086303,0.124853,True
0.40,397,1.349142,0.655918,0.263246,True
0.40,398,2.333637,0.937441,0.128337,True
0.40,399,2.089033,1.079768,0.000000,True
0.40,400,1.918617,1.100028,0.000000,True
0.40,401,2.241394,0.891743,0.184833,True
0.40,402,1.979911,0.940075,0.152627,True
0.40,403,2.063432,1.069123,0.195415,True
0.40,404,1.424725,0.528183,0.663446,True
0.40,405,1.614008,0.836393,0.191123,True
0.40,406,1.321692,0.698822,0.325641,True
0.40,407,1.835569,0.827967,0.206173,True
0.40,408,1.266190,0.766742,0.208755,True
0.40,409,2.177172,1.106917,0.142418,True
0.40,410,1.298455,0.981797,0.219512,True
0.40,411,1.781906,0.761307,0.253536,True
0.40,412,2.067116,1.155425,0.036531,True
0.40,413,1.215213,0.869905,0.220387,True
0.40,414,1.316016,0.934663,0.187144,True
0.40,415,1.621592,1.013867,0.090855,True
0.40,416,1.430888,0.702711,0.336172,True
0.40,417,1.523753,1.136507,0.105196,True
0.40,418,1.331981,0.818479,0.153007,True
0.40,419,1.551440,0.893685,0.049612,True
0.40,420,1.822410,1.156264,0.000000,True
0.40,421,2.168492,1.129635,0.111759,True
0.40,422,1.924105,0.992390,0.063186,True
0.40,423,1.661859,0.980322,0.038694,True
0.40,424,1.224582,0.716410,0.349136,True
0.40,425,1.998813,0.973692,0.075037,True
0.40,426,1.220861,0.796394,0.226596,True
0.40,427,1.477126,0.764816,0.242204,True
0.40,428,1.839068,0.901671,0.197876,True
0.40,429,2.333992,0.809229,0.086540,True
0.40,430,1.639008,0.933107,0.310968,True
0.40,431,1.791378,0.703442,0.270393,True
0.40,432,1.825087,0.982564,0.090104,True
0.40,433,2.272921,0.868504,0.301185,True
0.40,434,1.600837,0.985467,0.032207,True
0.40,435,1.680768,1.242781,0.045156,True
0.40,436,1.989960,0.905876,0.070251,True
0.40,437,1.279734,0.913338,0.249506,True
0.40,438,1.324559,0.772818,0.361867,True
0.40,439,1.358965,0.833736,0.239929,True
0.40,440,2.150438,0.900177,0.195072,True
0.40,441,1.667217,0.939151,0.179811,True
0.40,442,1.134840,0.822177,0.383759,True
0.40,443,1.927850,0.758587,0.160461,True
0.40,444,1.361191,0.655798,0.430452,True
0.40,445,1.996829,0.835312,0.391643,True
0.40,446,1.645070,1.057886,0.203740,True
0.40,447,2.106820,1.069659,0.086357,True
0.40,448,1.117143,0.679628,0.248664,True
0.40,449,2.038341,1.253853,0.005283,True
0.40,450,1.706351,0.771874,0.142587,True
0.40,451,1.518527,0.716311,0.337482,True
0.40,452,2.040592,1.120367,0.243550,True
0.40,453,1.992482,0.935382,0.078723,True
0.40,454,1.600225,0.949732,0.127132,True
0.40,455,2.053025,0.730679,0.179989,True
0.40,456,0.936899,0.596159,0.311192,True
0.40,457,2.219955,1.105597,0.106628,True
0.40,458,1.688706,0.995714,0.203167,True
0.40,459,1.316971,0.643357,0.419983,True
0.40,460,1.571136,0.856690,0.040839,True
0.40,461,2.220041,1.062397,0.000000,True
0.40,462,1.971068,1.001618,0.207640,True
0.40,463,2.449504,0.799302,0.016531,True
0.40,464,1.317822,0.633406,0.488432,True
0.40,465,2.525514,0.951187,0.098302,True
0.40,466,2.095666,1.079645,0.000919,True
0.40,467,2.095918,0.814277,0.196256,True
0.40,468,1.349602,0.506453,0.405227,True
0.40,469,1.146779,0.720362,0.231836,True
0.40,470,2.872573,1.049401,0.119556,True
0.40,471,2.451562,0.924199,0.144678,True
0.40,472,1.689061,0.625779,0.385929,True
0.40,473,2.614077,1.047317,0.099711,True
0.40,474,2.022164,1.155283,0.003783,True
0.40,475,1.417845,0.830213,0.308238,True
0.40,476,0.987754,0.630944,0.399429,True
0.40,477,1.784607,0.746328,0.263105,True
0.40,478,1.738799,0.835182,0.174113,True
0.40,479,1.593364,1.242401,0.043434,True
0.40,480,2.048538,1.281965,0.014391,True
0.40,481,1.699240,0.941907,0.244244,True
0.40,482,2.328807,1.061971,0.102180,True
0.40,483,1.764436,0.826791,0.146035,True
0.40,484,1.948902,1.051475,0.212715,True
0.40,485,2.391127,0.932311,0.167253,True
0.40,486,0.987105,0.824742,0.170740,True
0.40,487,1.945860,0.661365,0.220348,True
0.40,488,2.209412,1.083214,0.011774,True
0.40,489,1.725914,0.931276,0.263799,True
0.40,490,1.659691,1.001269,0.173243,True
0.40,491,1.996346,0.911579,0.106548,True
0.40,492,1.485368,1.213357,0.096747,True
0.40,493,1.237190,0.568741,0.284543,True
0.40,494,1.369316,1.112350,0.014018,True
0.40,495,1.128051,0.724171,0.380461,True
0.40,496,1.964647,1.219906,0.005946,True
0.40,497,1.201859,0.650161,0.284423,True
0.40,498,1.578962,0.803787,0.302306,True
0.40,499,1.365911,0.811380,0.154410,True
0.42,0,1.936850,0.862448,0.144572,True
0.42,1,1.817803,0.958906,0.331307,True
0.42,2,0.741510,0.514923,0.525206,True
0.42,3,2.065304,0.670028,0.297375,True
0.42,4,1.506046,0.646984,0.315531,True
0.42,5,1.407528,0.685791,0.319163,True
0.42,6,1.758145,0.856172,0.197852,True
0.42,7,1.637863,0.621165,0.298052,True
0.42,8,1.806622,1.093077,0.062676,True
0.42,9,1.011300,0.745627,0.260985,True
0.42,10,1.239748,0.888052,0.299777,True
0.42,11,1.246257,0.870230,0.301871,True
0.42,12,1.685558,1.044025,0.187175,True
0.42,13,1.403503,0.752930,0.139704,True
0.42,14,2.004683,1.038427,0.064695,True
0.42,15,1.114179,0.726526,0.227410,True
0.42,16,1.949919,0.890653,0.136327,True
0.42,17,2.296928,1.313972,0.058244,True
0.42,18,0.956818,0.492289,0.445429,True
0.42,19,1.601454,0.724930,0.229180,True
0.42,20,1.584267,0.741936,0.264609,True
0.42,21,2.536276,0.791676,0.285906,True
0.42,22,1.505753,0.856851,0.241891,True
0.42,23,2.001185,0.922846,0.225226,True
0.42,24,2.001975,0.808077,0.159442,True
0.42,25,2.063045,0.987960,0.240888,True
0.42,26,1.940780,1.168166,0.147586,True
0.42,27,1.238233,0.720373,0.244213,True
0.42,28,1.788177,0.993264,0.000088,True
0.42,29,1.542858,0.978487,0.097907,True
0.42,30,1.620987,1.004392,0.019157,True
0.42,31,1.477842,0.888429,0.132627,True
0.42,32,1.857527,0.912577,0.120400,True
0.42,33,1.989314,0.868536,0.126046,True
0.42,34,1.289021,0.584005,0.432395,True
0.42,35,1.541996,1.089995,0.141616,True
0.42,36,2.165791,0.967476,0.066979,True
0.42,37,1.718853,1.131198,0.007841,True
0.42,38,2.061409,1.161291,0.095492,True
0.42,39,1.188656,0.906365,0.133778,True
0.42,40,1.201759,0.921836,0.305517,True
0.42,41,1.132636,0.718908,0.313077,True
0.42,42,1.992459,1.104845,0.149463,True
0.42,43,2.056431,0.770362,0.236824,True
0.42,44,2.085807,0.974511,0.116745,True
0.42,45,1.087472,0.671740,0.372994,True
0.42,46,1.948253,1.222107,0.030651,True
0.42,47,1.159640,0.749754,0.391856,True
0.42,48,1.226293,0.714244,0.207626,True
0.42,49,1.819753,0.934092,0.115332,True
0.42,50,1.630979,0.870732,0.269852,True
0.42,51,1.113687,0.662129,0.326434,True
0.42,52,1.946745,0.910476,0.158036,True
0.42,53,1.511424,0.923559,0.217483,True
0.42,54,1.823972,0.835032,0.337575,True
0.42,55,2.216263,1.104856,0.174624,True
0.42,56,1.418651,0.838853,0.180879,True
0.42,57,1.790091,0.943000,0.108101,True
0.42,58,1.172988,0.545172,0.264577,True
0.42,59,1.615644,0.921161,0.148910,True
0.42,60,1.554082,0.725030,0.318743,True
0.42,61,1.950236,0.951693,0.036850,True
0.42,62,1.608141,0.967409,0.086935,True
0.42,63,1.391596,0.570804,0.513163,True
0.42,64,1.688900,0.770701,0.173455,True
0.42,65,1.829659,0.765000,0.210770,True
0.42,66,1.787632,0.788541,0.117333,True
0.42,67,1.198120,0.777180,0.324716,True
0.42,68,1.426245,1.002191,0.261160,True
0.42,69,1.920365,1.065561,0.094332,True
0.42,70,1.120600,0.700934,0.505184,True
0.42,71,2.011912,0.989356,0.151891,True
0.42,72,1.465435,0.706619,0.206988,True
0.42,73,1.126163,0.595722,0.373055,True
0.42,74,1.851803,0.949773,0.043130,True
0.42,75,1.217180,0.673337,0.359586,True
0.42,76,1.897441,0.985581,0.170897,True
0.42,77,2.054051,0.916841,0.178371,True
0.42,78,2.284472,0.969801,0.026447,True
0.42,79,1.704486,0.988343,0.073779,True
0.42,80,1.707281,0.871788,0.258494,True
0.42,81,1.212210,0.570741,0.275356,True
0.42,82,1.533832,0.845974,0.074024,True
0.42,83,1.489727,0.946908,0.137839,True
0.42,84,1.517784,0.607591,0.421987,True
0.42,85,1.194974,0.749765,0.220511,True
0.42,86,1.426964,0.863778,0.293265,True
0.42,87,1.533275,0.681677,0.276578,True
0.42,88,1.829081,0.986634,0.213304,True
0.42,89,2.608943,0.858581,0.221937,True
0.42,90,1.235745,0.701995,0.268243,True
0.42,91,1.266948,0.547047,0.454029,True
0.42,92,1.424392,0.835983,0.360827,True
0.42,93,1.683240,0.771046,0.165024,True
0.42,94,2.042917,1.029268,0.110257,True
0.42,95,1.813787,0.730251,0.215969,True
0.42,96,1.876830,1.124066,0.087295,True
0.42,97,1.561487,0.868852,0.280751,True
0.42,98,1.356650,0.735326,0.251576,True
0.42,99,1.729553,0.571919,0.330002,True
0.42,100,1.447978,0.762708,0.205033,True
0.42,101,1.738457,0.961639,0.107047,True
0.42,102,1.383711,0.866741,0.075343,True
0.42,103,1.789959,0.862359,0.175045,True
0.42,104,1.598189,0.800138,0.151215,True
0.42,105,1.765270,0.745485,0.154960,True
0.42,106,1.522952,0.877195,0.112826,True
0.42,107,1.487262,0.776140,0.374316,True
0.42,108,1.746129,0.685644,0.375191,True
0.42,109,1.660830,0.945740,0.194475,True
0.42,110,1.718205,0.879225,0.116971,True
0.42,111,1.845892,1.015977,0.076248,True
0.42,112,1.537369,0.855022,0.166915,True
0.42,113,1.399280,0.598296,0.399716,True
0.42,114,1.369041,1.048796,0.156900,True
0.42,115,1.330947,0.779834,0.261464,True
0.42,116,1.318021,0.661217,0.264174,True
0.42,117,1.880045,1.186033,0.059934,True
0.42,118,2.820180,0.647338,0.174860,True
0.42,119,1.221250,0.495159,0.187467,True
0.42,120,1.556958,0.918348,0.223072,True
0.42,121,1.483233,1.132195,0.115345,True
0.42,122,1.585446,0.655403,0.284652,True
0.42,123,2.431404,1.159133,0.081066,True
0.42,124,1.641982,0.758100,0.317419,True
0.42,125,1.939989,1.085032,0.064204,True
0.42,126,2.320069,0.998442,0.097118,True
0.42,127,1.330031,0.656549,0.309237,True
0.42,128,2.251152,1.188653,0.180649,True
0.42,129,1.505180,0.683282,0.247797,True
0.42,130,2.254093,1.064434,0.037307,True
0.42,131,1.325535,0.496052,0.545461,True
0.42,132,1.775098,1.113966,0.087465,True
0.42,133,1.483782,0.746368,0.143869,True
0.42,134,1.309872,0.977827,0.284483,True
0.42,135,1.697490,0.996306,0.229892,True
0.42,136,1.409288,0.998874,0.087945,True
0.42,137,1.660833,0.807095,0.198621,True
0.42,138,1.572041,0.806560,0.300088,True
0.42,139,1.784468,1.038734,0.000000,True
0.42,140,1.499568,0.854146,0.307022,True
0.42,141,1.786430,0.824593,0.142084,True
0.42,142,1.364146,0.880279,0.317496,True
0.42,143,2.491222,0.999487,0.214650,True
0.42,144,1.644756,1.084222,0.245604,True
0.42,145,1.930193,0.837531,0.367561,True
0.42,146,1.683500,0.743486,0.081445,True
0.42,147,1.158945,0.804735,0.208299,True
0.42,148,1.658662,0.931811,0.150781,True
0.42,149,1.565526,1.041569,0.004955,True
0.42,150,1.416143,0.961752,0.187216,True
0.42,151,1.730919,0.894636,0.207559,True
0.42,152,1.367145,0.776418,0.305441,True
0.42,153,1.740837,0.772556,0.243732,True
0.42,154,2.310213,1.086481,0.113179,True
0.42,155,1.392297,0.699882,0.321551,True
0.42,156,1.994100,1.116671,0.006853,True
0.42,157,1.903658,1.041745,0.074550,True
0.42,158,1.858348,0.859215,0.084100,True
0.42,159,1.569976,1.058435,0.041844,True
0.42,160,1.964052,1.087723,0.212654,True
0.42,161,1.387531,0.669291,0.377910,True
0.42,162,1.769335,0.975835,0.088076,True
0.42,163,1.445848,0.917738,0.204440,True
0.42,164,1.243116,0.419650,0.501542,True
0.42,165,1.539833,0.787035,0.215296,True
0.42,166,1.842993,1.125754,0.094705,True
0.42,167,1.917929,0.956541,0.149146,True
0.42,168,1.577824,0.947699,0.212015,True
0.42,169,1.363159,0.874718,0.275751,True
0.42,170,1.462376,0.632862,0.452433,True
0.42,171,1.886538,0.868062,0.230255,True
0.42,172,1.114043,0.610945,0.532308,True
0.42,173,1.324381,0.740492,0.197615,True
0.42,174,1.681477,0.888626,0.292822,True
0.42,175,1.752504,1.064697,0.125382,True
0.42,176,1.703070,0.787086,0.218472,True
0.42,177,2.080657,0.725391,0.193105,True
0.42,178,1.337655,0.772538,0.293207,True
0.42,179,1.233707,0.794776,0.160567,True
0.42,180,2.463853,0.996869,0.150951,True
0.42,181,1.178957,0.674335,0.259984,True
0.42,182,1.415620,0.762516,0.204825,True
0.42,183,1.837205,1.044391,0.100126,True
0.42,184,1.762090,0.674531,0.366614,True
0.42,185,1.543594,0.878345,0.108278,True
0.42,186,1.460495,0.649672,0.264382,True
0.42,187,1.187902,0.588874,0.355447,True
0.42,188,1.278386,0.691126,0.330297,True
0.42,189,2.344349,1.248740,0.005696,True
0.42,190,1.837327,1.114864,0.000000,True
0.42,191,1.547193,0.883881,0.152395,True
0.42,192,1.542814,0.778351,0.338272,True
0.42,193,1.642855,0.778651,0.269814,True
0.42,194,2.184869,1.017631,0.012595,True
0.42,195,1.465188,0.889430,0.184145,True
0.42,196,1.470501,0.512962,0.413949,True
0.42,197,1.778419,0.778019,0.086471,True
0.42,198,1.551034,0.807438,0.324765,True
0.42,199,1.918504,0.802753,0.172802,True
0.42,200,1.466081,1.033661,0.125920,True
0.42,201,1.829467,0.754691,0.380197,True
0.42,202,1.757115,0.496377,0.500437,True
0.42,203,1.121023,0.734768,0.351278,True
0.42,204,1.941566,0.906072,0.198155,True
0.42,205,1.264259,0.748100,0.308045,True
0.42,206,1.841657,1.079530,0.057982,True
0.42,207,1.760102,1.178572,0.050050,True
0.42,208,1.503350,0.670242,0.289296,True
0.42,209,2.370421,0.986736,0.165972,True
0.42,210,1.474494,0.785892,0.271822,True
0.42,211,2.335083,1.060586,0.068480,True
0.42,212,2.097915,0.777818,0.216491,True
0.42,213,1.805798,0.817823,0.233508,True
0.42,214,1.450306,0.686782,0.319594,True
0.42,215,2.406587,1.062076,0.000000,True
0.42,216,1.578197,0.997987,0.176391,True
0.42,217,1.921076,0.968339,0.229218,True
0.42,218,1.356272,0.699520,0.317375,True
0.42,219,1.678913,1.177360,0.002382,True
0.42,220,1.378345,0.860645,0.086012,True
0.42,221,1.113781,0.469393,0.536797,True
0.42,222,1.943092,0.967802,0.183639,True
0.42,223,0.898981,0.563832,0.465579,True
0.42,224,1.045264,0.574524,0.279159,True
0.42,225,1.645542,0.923213,0.079935,True
0.42,226,1.567547,1.099696,0.187463,True
0.42,227,1.635258,0.601007,0.347027,True
0.42,228,2.160630,0.983352,0.095802,True
0.42,229,1.432874,0.776590,0.177140,True
0.42,230,1.797797,1.028314,0.133233,True
0.42,231,1.465798,0.891604,0.103399,True
0.42,232,2.350526,1.090789,0.117109,True
0.42,233,1.778541,0.878954,0.288551,True
0.42,234,1.558735,0.976072,0.127324,True
0.42,235,1.512943,0.837525,0.176818,True
0.42,236,1.269026,0.822355,0.277048,True
0.42,237,1.372281,0.893141,0.258073,True
0.42,238,2.142100,0.928071,0.188607,True
0.42,239,1.292514,0.707403,0.464830,True
0.42,240,1.535494,0.748517,0.229055,True
0.42,241,1.387660,1.048366,0.081457,True
0.42,242,1.665088,0.923634,0.066010,True
0.42,243,1.860421,1.045531,0.019311,True
0.42,244,1.221982,0.702681,0.228962,True
0.42,245,1.767310,1.132706,0.174684,True
0.42,246,1.381456,0.761444,0.350760,True
0.42,247,1.563818,0.891622,0.226366,True
0.42,248,1.247431,0.737657,0.427662,True
0.42,249,1.193483,0.602642,0.171125,True
0.42,250,1.818757,0.852697,0.246477,True
0.42,251,1.055110,0.607187,0.244388,True
0.42,252,1.873937,1.028439,0.081097,True
0.42,253,1.386620,0.928788,0.206908,True
0.42,254,1.676604,0.782896,0.129515,True
0.42,255,1.367911,0.705142,0.378411,True
0.42,256,1.739983,0.931061,0.232437,True
0.42,257,1.633396,0.834852,0.222570,True
0.42,258,1.857318,0.938672,0.285807,True
0.42,259,2.362918,1.136728,0.038124,True
0.42,260,1.595858,0.933335,0.084870,True
0.42,261,1.698336,1.027841,0.116959,True
0.42,262,1.524774,0.729395,0.555645,True
0.42,263,1.406749,0.846080,0.161151,True
0.42,264,1.586647,0.893416,0.062513,True
0.42,265,2.077394,0.747394,0.261202,True
0.42,266,1.353829,0.795694,0.193737,True
0.42,267,1.444656,0.799762,0.159194,True
0.42,268,1.571591,0.903770,0.035136,True
0.42,269,1.419921,0.650297,0.461040,True
0.42,270,1.586425,0.865981,0.269621,True
0.42,271,1.158939,0.634166,0.449188,True
0.42,272,1.171424,0.885548,0.358033,True
0.42,273,1.772949,0.615985,0.382904,True
0.42,274,1.951671,0.947584,0.206938,True
0.42,275,1.778006,1.044231,0.135412,True
0.42,276,1.438999,0.625482,0.251108,True
0.42,277,2.166097,0.968980,0.176445,True
0.42,278,1.709683,0.892093,0.026844,True
0.42,279,2.352378,0.833619,0.311545,True
0.42,280,1.812398,0.832138,0.170588,True
0.42,281,1.110007,0.768245,0.375664,True
0.42,282,1.597320,0.764535,0.324567,True
0.42,283,1.194871,0.445441,0.388504,True
0.42,284,0.996296,0.590269,0.372199,True
0.42,285,1.897909,1.041168,0.147471,True
0.42,286,1.183554,0.697539,0.367797,True
0.42,287,1.783514,0.773090,0.267202,True
0.42,288,1.112300,0.640349,0.316013,True
0.42,289,1.887217,1.167672,0.000000,True
0.42,290,1.270874,0.792047,0.281623,True
0.42,291,2.401575,0.701460,0.292536,True
0.42,292,1.194911,0.469978,0.338835,True
0.42,293,2.126068,1.140669,0.098271,True
0.42,294,1.639767,0.738244,0.198451,True
0.42,295,2.411987,1.060149,0.116049,True
0.42,296,1.442608,0.830561,0.228111,True
0.42,297,1.482319,0.831024,0.321159,True
0.42,298,1.707690,1.058581,0.175469,True
0.42,299,1.401115,0.669949,0.408442,True
0.42,300,1.732494,1.110005,0.022312,True
0.42,301,1.886850,0.781722,0.131634,True
0.42,302,1.997151,0.761411,0.160554,True
0.42,303,1.150239,0.933964,0.217956,True
0.42,304,1.467268,0.783922,0.371412,True
0.42,305,2.024913,0.662414,0.253340,True
0.42,306,2.045086,0.874136,0.218695,True
0.42,307,1.866344,0.715120,0.151851,True
0.42,308,2.217939,1.046146,0.126923,True
0.42,309,1.521212,0.854483,0.211689,True
0.42,310,1.793686,0.860466,0.521602,True
0.42,311,2.104900,1.082953,0.029205,True
0.42,312,2.590018,0.953656,0.098637,True
0.42,313,1.368839,0.872935,0.344342,True
0.42,314,1.346616,1.000474,0.236534,True
0.42,315,1.618268,1.031924,0.057674,True
0.42,316,1.608121,0.724665,0.438199,True
0.42,317,1.704115,0.680517,0.394235,True
0.42,318,1.358960,0.876168,0.133803,True
0.42,319,2.332273,1.029375,0.025701,True
0.42,320,1.224964,0.737956,0.236395,True
0.42,321,1.528329,0.568225,0.508645,True
0.42,322,1.638536,0.788986,0.305493,True
0.42,323,1.461932,0.817646,0.204920,True
0.42,324,1.493669,0.876565,0.248738,True
0.42,325,1.369446,0.853484,0.134102,True
0.42,326,1.807918,0.980177,0.228291,True
0.42,327,0.755857,0.511171,0.482865,True
0.42,328,1.892659,0.774536,0.130849,True
0.42,329,1.800063,1.069638,0.085164,True
0.42,330,1.118360,0.733697,0.337330,True
0.42,331,2.080976,0.812757,0.261935,True
0.42,332,1.133860,0.526108,0.432142,True
0.42,333,1.078882,0.566210,0.316901,True
0.42,334,1.797383,0.725927,0.264796,True
0.42,335,0.914117,0.528931,0.420724,True
0.42,336,1.381759,0.784649,0.277417,True
0.42,337,1.255718,0.657092,0.399418,True
0.42,338,1.899758,1.084366,0.038119,True
0.42,339,2.942820,0.928419,0.177578,True
0.42,340,1.354914,0.947005,0.179007,True
0.42,341,1.999093,0.880741,0.132944,True
0.42,342,1.998001,1.168724,0.026514,True
0.42,343,1.757368,1.084302,0.046465,True
0.42,344,1.788721,0.948245,0.125869,True
0.42,345,1.396352,1.016104,0.043507,True
0.42,346,1.275219,0.695647,0.268989,True
0.42,347,1.615662,0.826142,0.172864,True
0.42,348,1.321627,0.620534,0.507827,True
0.42,349,1.601503,0.769836,0.169882,True
0.42,350,1.617635,0.809101,0.206252,True
0.42,351,1.324226,0.705829,0.166159,True
0.42,352,1.742199,0.837642,0.470313,True
0.42,353,1.583840,0.771327,0.206244,True
0.42,354,1.872112,1.201636,0.066279,True
0.42,355,1.555782,0.873890,0.108192,True
0.42,356,2.015828,1.002563,0.076011,True
0.42,357,1.233266,0.783169,0.222236,True
0.42,358,1.428896,0.772506,0.263319,True
0.42,359,1.935949,0.748036,0.151460,True
0.42,360,1.685941,0.716910,0.215212,True
0.42,361,1.788142,0.933092,0.147761,True
0.42,362,1.741575,1.068042,0.071197,True
0.42,363,1.354309,0.830830,0.133777,True
0.42,364,1.950219,0.754277,0.372812,True
0.42,365,1.681070,1.046748,0.067041,True
0.42,366,1.434104,0.690496,0.179929,True
0.42,367,1.345584,0.771893,0.211477,True
0.42,368,1.592510,0.880370,0.373975,True
0.42,369,1.542741,0.973814,0.144559,True
0.42,370,2.236948,1.036708,0.119009,True
0.42,371,2.230737,0.976483,0.177390,True
0.42,372,1.184773,0.614081,0.345104,True
0.42,373,2.624204,0.827176,0.308099,True
0.42,374,1.257931,0.708175,0.489676,True
0.42,375,1.795501,0.726669,0.183572,True
0.42,376,1.404399,0.650940,0.165832,True
0.42,377,1.603997,0.880611,0.268963,True
0.42,378,1.486151,1.008921,0.090750,True
0.42,379,1.625903,0.958943,0.240372,True
0.42,380,1.803979,1.199662,0.000686,True
0.42,381,1.390113,0.925545,0.071363,True
0.42,382,2.143753,1.084543,0.177502,True
0.42,383,1.645237,0.969700,0.189443,True
0.42,384,1.729847,0.874044,0.021727,True
0.42,385,1.574253,1.143832,0.092205,True
0.42,386,1.658075,0.980698,0.158996,True
0.42,387,1.569756,1.250124,0.067182,True
0.42,388,2.133107,0.879971,0.224937,True
0.42,389,1.453786,0.618149,0.557420,True
0.42,390,1.527821,0.774941,0.186467,True
0.42,391,2.104031,1.108961,0.064490,True
0.42,392,1.941346,0.644828,0.332858,True
0.42,393,1.851989,0.740590,0.200212,True
0.42,394,1.963407,1.004260,0.149161,True
0.42,395,1.440153,0.801385,0.098795,True
0.42,396,2.114919,1.079147,0.130818,True
0.42,397,1.346773,0.655247,0.263743,True
0.42,398,2.314583,0.928344,0.135754,True
0.42,399,2.089033,1.079768,0.000000,True
0.42,400,1.918617,1.100028,0.000000,True
0.42,401,2.219284,0.884626,0.191045,True
0.42,402,1.968976,0.935099,0.156614,True
0.42,403,2.051287,1.061103,0.201541,True
0.42,404,1.417586,0.527158,0.664399,True
0.42,405,1.605810,0.834218,0.193044,True
0.42,406,1.319222,0.697732,0.326323,True
0.42,407,1.821357,0.823417,0.209941,True
0.42,408,1.259331,0.765300,0.210022,True
0.42,409,2.164085,1.098441,0.149074,True
0.42,410,1.293884,0.980477,0.220660,True
0.42,411,1.769635,0.758178,0.256272,True
0.42,412,2.047356,1.147328,0.043552,True
0.42,413,1.206672,0.868058,0.222050,True
0.42,414,1.312123,0.933583,0.188087,True
0.42,415,1.611616,1.010429,0.093782,True
0.42,416,1.427386,0.701493,0.337043,True
0.42,417,1.519118,1.134599,0.106777,True
0.42,418,1.329466,0.817546,0.153681,True
0.42,419,1.542589,0.891055,0.051851,True
0.42,420,1.815363,1.153649,0.002298,True
0.42,421,2.148331,1.120489,0.119473,True
0.42,422,1.908374,0.987640,0.067526,True
0.42,423,1.650657,0.976438,0.041958,True
0.42,424,1.222783,0.715838,0.349532,True
0.42,425,1.987679,0.967777,0.079630,True
0.42,426,1.218852,0.795850,0.227027,True
0.42,427,1.473524,0.763669,0.243095,True
0.42,428,1.823500,0.897412,0.201748,True
0.42,429,2.309469,0.801868,0.092941,True
0.42,430,1.626560,0.929532,0.314145,True
0.42,431,1.782040,0.700621,0.272661,True
0.42,432,1.816717,0.978263,0.093392,True
0.42,433,2.249271,0.860809,0.307831,True
0.42,434,1.592868,0.983129,0.034333,True
0.42,435,1.671815,1.238670,0.048581,True
0.42,436,1.969668,0.899858,0.075572,True
0.42,437,1.276857,0.912403,0.250237,True
0.42,438,1.320051,0.771501,0.362869,True
0.42,439,1.352990,0.832096,0.241276,True
0.42,440,2.134354,0.894172,0.200124,True
0.42,441,1.659135,0.936616,0.182021,True
0.42,442,1.133615,0.821859,0.384011,True
0.42,443,1.917162,0.754836,0.163468,True
0.42,444,1.358651,0.655133,0.430963,True
0.42,445,1.978191,0.829679,0.396467,True
0.42,446,1.635829,1.054577,0.206585,True
0.42,447,2.086034,1.062374,0.092860,True
0.42,448,1.115766,0.679328,0.248897,True
0.42,449,2.026278,1.246438,0.011215,True
0.42,450,1.692161,0.768561,0.145571,True
0.42,451,1.511842,0.714570,0.338905,True
0.42,452,2.019243,1.112670,0.250414,True
0.42,453,1.981425,0.930356,0.082740,True
0.42,454,1.593486,0.947672,0.128943,True
0.42,455,2.040472,0.726384,0.183471,True
0.42,456,0.933381,0.595441,0.311581,True
0.42,457,2.203218,1.097081,0.113652,True
0.42,458,1.681266,0.993145,0.205376,True
0.42,459,1.308634,0.641385,0.421443,True
0.42,460,1.564985,0.854419,0.042600,True
0.42,461,2.220041,1.062397,0.000000,True
0.42,462,1.958404,0.996033,0.212195,True
0.42,463,2.429619,0.790575,0.023633,True
0.42,464,1.313905,0.632655,0.489081,True
0.42,465,2.513319,0.938121,0.108299,True
0.42,466,2.078838,1.073094,0.006616,True
0.42,467,2.080981,0.808977,0.200638,True
0.42,468,1.346279,0.505828,0.405720,True
0.42,469,1.143724,0.719778,0.232344,True
0.42,470,2.869654,1.022933,0.139764,True
0.42,471,2.427902,0.914399,0.152927,True
0.42,472,1.681741,0.623715,0.387541,True
0.42,473,2.598394,1.031429,0.112106,True
0.42,474,2.004415,1.148620,0.009744,True
0.42,475,1.411335,0.828540,0.309682,True
0.42,476,0.986276,0.630723,0.399615,True
0.42,477,1.777510,0.743571,0.265211,True
0.42,478,1.721694,0.830557,0.178122,True
0.42,479,1.585649,1.239223,0.046181,True
0.42,480,2.027984,1.273691,0.021859,True
0.42,481,1.689038,0.938842,0.246965,True
0.42,482,2.309103,1.052305,0.110204,True
0.42,483,1.756192,0.823886,0.148374,True
0.42,484,1.928282,1.044570,0.218847,True
0.42,485,2.370522,0.923178,0.174831,True
0.42,486,0.985200,0.824405,0.171047,True
0.42,487,1.932865,0.658294,0.223010,True
0.42,488,2.189664,1.074729,0.018993,True
0.42,489,1.717615,0.928364,0.266239,True
0.42,490,1.650507,0.997798,0.176101,True
0.42,491,1.982099,0.907049,0.110512,True
0.42,492,1.479652,1.211157,0.098668,True
0.42,493,1.234563,0.568155,0.284967,True
0.42,494,1.362939,1.110217,0.015862,True
0.42,495,1.126604,0.723745,0.380751,True
0.42,496,1.944723,1.211854,0.013017,True
0.42,497,1.198709,0.649449,0.284961,True
0.42,498,1.572470,0.801697,0.303972,True
0.42,499,1.356202,0.809303,0.156322,True
0.44,0,1.926397,0.857963,0.148100,True
0.44,1,1.802899,0.954551,0.335255,True
0.44,2,0.741109,0.514920,0.525229,True
0.44,3,2.049584,0.666006,0.300808,True
0.44,4,1.499788,0.645570,0.316708,True
0.44,5,1.401503,0.684354,0.320327,True
0.44,6,1.750874,0.853551,0.199976,True
0.44,7,1.625103,0.618721,0.300216,True
0.44,8,1.796034,1.088974,0.066203,True
0.44,9,1.007992,0.745296,0.261431,True
0.44,10,1.237065,0.887318,0.300389,True
0.44,11,1.244563,0.869706,0.302281,True
0.44,12,1.675118,1.040636,0.190209,True
0.44,13,1.399708,0.751982,0.140505,True
0.44,14,1.989796,1.031297,0.070422,True
0.44,15,1.110690,0.725755,0.227995,True
0.44,16,1.937947,0.886223,0.139993,True
0.44,17,2.277071,1.301594,0.068419,True
0.44,18,0.956109,0.492187,0.445502,True
0.44,19,1.590903,0.722413,0.231341,True
0.44,20,1.576076,0.740058,0.266286,True
0.44,21,2.536276,0.791676,0.285906,True
0.44,22,1.501703,0.855562,0.242947,True
0.44,23,1.991272,0.917443,0.229365,True
0.44,24,1.991228,0.803792,0.162859,True
0.44,25,2.048068,0.981912,0.245953,True
0.44,26,1.932495,1.161772,0.152336,True
0.44,27,1.234910,0.719644,0.244818,True
0.44,28,1.777441,0.989875,0.003122,True
0.44,29,1.536068,0.976245,0.099816,True
0.44,30,1.610688,1.000989,0.022097,True
0.44,31,1.472666,0.886578,0.134066,True
0.44,32,1.848831,0.908441,0.123587,True
0.44,33,1.969876,0.863091,0.130895,True
0.44,34,1.282461,0.582794,0.433374,True
0.44,35,1.536650,1.087813,0.143404,True
0.44,36,2.145591,0.958983,0.073977,True
0.44,37,1.707223,1.126993,0.011570,True
0.44,38,2.042626,1.153044,0.102501,True
0.44,39,1.185486,0.905535,0.134477,True
0.44,40,1.197307,0.920690,0.306493,True
0.44,41,1.126430,0.717932,0.314007,True
0.44,42,1.981376,1.098558,0.154425,True
0.44,43,2.045854,0.765437,0.240609,True
0.44,44,2.076838,0.967180,0.122128,True
0.44,45,1.086429,0.671479,0.373175,True
0.44,46,1.932597,1.215109,0.036631,True
0.44,47,1.154288,0.748776,0.392742,True
0.44,48,1.222746,0.713484,0.208261,True
0.44,49,1.810437,0.929537,0.118806,True
0.44,50,1.614912,0.866268,0.273680,True
0.44,51,1.112285,0.661868,0.326654,True
0.44,52,1.938495,0.905262,0.161875,True
0.44,53,1.502306,0.921099,0.219702,True
0.44,54,1.813382,0.831339,0.340576,True
0.44,55,2.199016,1.096221,0.181765,True
0.44,56,1.412050,0.837150,0.182355,True
0.44,57,1.779103,0.939518,0.111147,True
0.44,58,1.171204,0.544853,0.264828,True
0.44,59,1.605908,0.917748,0.151672,True
0.44,60,1.546312,0.723065,0.320396,True
0.44,61,1.939601,0.947017,0.040617,True
0.44,62,1.596381,0.964244,0.089890,True
0.44,63,1.381504,0.569018,0.514658,True
0.44,64,1.680135,0.768138,0.175574,True
0.44,65,1.823537,0.761077,0.213500,True
0.44,66,1.774431,0.785309,0.120244,True
0.44,67,1.194429,0.776496,0.325378,True
0.44,68,1.420795,1.000588,0.262600,True
0.44,69,1.908860,1.060639,0.098433,True
0.44,70,1.118697,0.700540,0.505503,True
0.44,71,1.995573,0.983808,0.156765,True
0.44,72,1.460127,0.705397,0.208034,True
0.44,73,1.124417,0.595210,0.373364,True
0.44,74,1.840409,0.945873,0.046474,True
0.44,75,1.209956,0.671325,0.360891,True
0.44,76,1.889573,0.980844,0.174450,True
0.44,77,2.039425,0.911494,0.182881,True
0.44,78,2.262154,0.961625,0.033518,True
0.44,79,1.696211,0.985580,0.076184,True
0.44,80,1.695574,0.868493,0.261392,True
0.44,81,1.210121,0.570248,0.275704,True
0.44,82,1.525839,0.843982,0.075828,True
0.44,83,1.483266,0.944941,0.139538,True
0.44,84,1.512381,0.606009,0.423157,True
0.44,85,1.191716,0.749127,0.221089,True
0.44,86,1.415897,0.860835,0.295759,True
0.44,87,1.527736,0.680138,0.277791,True
0.44,88,1.822420,0.982238,0.216501,True
0.44,89,2.598335,0.844579,0.232595,True
0.44,90,1.233973,0.701387,0.268644,True
0.44,91,1.264754,0.546642,0.454357,True
0.44,92,1.414310,0.833663,0.362937,True
0.44,93,1.676984,0.769054,0.166640,True
0.44,94,2.027149,1.023644,0.115198,True
0.44,95,1.805356,0.727077,0.218408,True
0.44,96,1.861541,1.118428,0.092276,True
0.44,97,1.552249,0.866529,0.282879,True
0.44,98,1.348479,0.733620,0.253082,True
0.44,99,1.721989,0.570308,0.331357,True
0.44,100,1.443961,0.761536,0.205967,True
0.44,101,1.727031,0.957623,0.110417,True
0.44,102,1.380883,0.865797,0.076084,True
0.44,103,1.783469,0.859062,0.177493,True
0.44,104,1.592348,0.798581,0.152564,True
0.44,105,1.759937,0.742429,0.157102,True
0.44,106,1.518478,0.875286,0.114231,True
0.44,107,1.480497,0.774182,0.375886,True
0.44,108,1.733355,0.682720,0.377730,True
0.44,109,1.645451,0.941031,0.198520,True
0.44,110,1.707246,0.876078,0.119735,True
0.44,111,1.836004,1.011965,0.079579,True
0.44,112,1.530837,0.852860,0.168647,True
0.44,113,1.391669,0.596793,0.400954,True
0.44,114,1.361331,1.046317,0.159000,True
0.44,115,1.324095,0.778204,0.262839,True
0.44,116,1.314378,0.660302,0.264871,True
0.44,117,1.868068,1.180745,0.064427,True
0.44,118,2.820180,0.647338,0.174860,True
0.44,119,1.219512,0.494735,0.187746,True
0.44,120,1.549111,0.916055,0.225078,True
0.44,121,1.478006,1.129886,0.117170,True
0.44,122,1.576971,0.653678,0.286185,True
0.44,123,2.408457,1.146912,0.091290,True
0.44,124,1.635433,0.756203,0.318983,True
0.44,125,1.927545,1.079407,0.068846,True
0.44,126,2.306960,0.988634,0.104683,True
0.44,127,1.327510,0.655787,0.309781,True
0.44,128,2.233908,1.178784,0.188732,True
0.44,129,1.499501,0.681832,0.248975,True
0.44,130,2.231640,1.055803,0.044845,True
0.44,131,1.321937,0.495302,0.546009,True
0.44,132,1.767029,1.110339,0.090446,True
0.44,133,1.478831,0.745146,0.144916,True
0.44,134,1.304833,0.976471,0.285706,True
0.44,135,1.680396,0.991067,0.234509,True
0.44,136,1.405188,0.997435,0.089125,True
0.44,137,1.654091,0.805326,0.200180,True
0.44,138,1.567263,0.805271,0.301203,True
0.44,139,1.784468,1.038734,0.000000,True
0.44,140,1.495911,0.852547,0.308178,True
0.44,141,1.773903,0.821262,0.145039,True
0.44,142,1.354237,0.877321,0.319821,True
0.44,143,2.473957,0.986267,0.225017,True
0.44,144,1.638126,1.081731,0.247740,True
0.44,145,1.915619,0.833212,0.371296,True
0.44,146,1.676707,0.741641,0.083001,True
0.44,147,1.156263,0.804157,0.208803,True
0.44,148,1.647852,0.928738,0.153542,True
0.44,149,1.558252,1.039175,0.007063,True
0.44,150,1.412530,0.960497,0.188235,True
0.44,151,1.721597,0.891570,0.210138,True
0.44,152,1.364288,0.775298,0.306218,True
0.44,153,1.735453,0.769519,0.245864,True
0.44,154,2.293906,1.076020,0.121484,True
0.44,155,1.383591,0.698042,0.323130,True
0.44,156,1.984072,1.110542,0.011624,True
0.44,157,1.888116,1.036774,0.079071,True
0.44,158,1.842619,0.855092,0.087843,True
0.44,159,1.564474,1.056303,0.043613,True
0.44,160,1.950261,1.082193,0.217399,True
0.44,161,1.382438,0.667823,0.378985,True
0.44,162,1.759612,0.971827,0.091296,True
0.44,163,1.439118,0.915534,0.206227,True
0.44,164,1.239432,0.419177,0.501933,True
0.44,165,1.535257,0.785104,0.216683,True
0.44,166,1.831045,1.120662,0.098985,True
0.44,167,1.908936,0.952149,0.152594,True
0.44,168,1.573256,0.945727,0.213538,True
0.44,169,1.358914,0.873614,0.276727,True
0.44,170,1.456477,0.631574,0.453510,True
0.44,171,1.875883,0.864494,0.233262,True
0.44,172,1.107635,0.609936,0.533141,True
0.44,173,1.321852,0.739702,0.198198,True
0.44,174,1.675397,0.886194,0.294728,True
0.44,175,1.744896,1.061202,0.128187,True
0.44,176,1.691689,0.784300,0.220963,True
0.44,177,2.070892,0.719935,0.197144,True
0.44,178,1.335296,0.771223,0.293995,True
0.44,179,1.231734,0.794238,0.160993,True
0.44,180,2.450135,0.983175,0.161417,True
0.44,181,1.177037,0.673821,0.260351,True
0.44,182,1.410842,0.761149,0.205905,True
0.44,183,1.827910,1.040473,0.103367,True
0.44,184,1.750314,0.671757,0.368991,True
0.44,185,1.538315,0.876479,0.109758,True
0.44,186,1.451630,0.647928,0.265909,True
0.44,187,1.185009,0.588399,0.355856,True
0.44,188,1.274741,0.690378,0.330940,True
0.44,189,2.321705,1.237025,0.015639,True
0.44,190,1.837327,1.114864,0.000000,True
0.44,191,1.542563,0.882216,0.153714,True
0.44,192,1.536020,0.776569,0.339799,True
0.44,193,1.629864,0.774700,0.272943,True
0.44,194,2.167948,1.010173,0.018808,True
0.44,195,1.461124,0.887726,0.185398,True
0.44,196,1.467304,0.512000,0.414614,True
0.44,197,1.770866,0.774961,0.088802,True
0.44,198,1.541978,0.805071,0.326804,True
0.44,199,1.908249,0.798991,0.175823,True
0.44,200,1.460007,1.031811,0.127585,True
0.44,201,1.820592,0.751784,0.382550,True
0.44,202,1.745337,0.494275,0.502219,True
0.44,203,1.120076,0.734493,0.351469,True
0.44,204,1.931450,0.901670,0.201658,True
0.44,205,1.262237,0.747549,0.308473,True
0.44,206,1.826396,1.074316,0.062639,True
0.44,207,1.748638,1.173825,0.054114,True
0.44,208,1.499647,0.669059,0.290172,True
0.44,209,2.353014,0.976543,0.174111,True
0.44,210,1.469653,0.784478,0.272966,True
0.44,211,2.312870,1.050125,0.077210,True
0.44,212,2.078571,0.772642,0.221042,True
0.44,213,1.799865,0.814357,0.235992,True
0.44,214,1.442215,0.685022,0.321095,True
0.44,215,2.406587,1.062076,0.000000,True
0.44,216,1.572156,0.995625,0.178301,True
0.44,217,1.909283,0.964080,0.232852,True
0.44,218,1.353622,0.698876,0.317901,True
0.44,219,1.665037,1.172421,0.006810,True
0.44,220,1.374462,0.859210,0.087072,True
0.44,221,1.111069,0.469130,0.537070,True
0.44,222,1.930133,0.962077,0.188221,True
0.44,223,0.898726,0.563784,0.465609,True
0.44,224,1.042735,0.574144,0.279466,True
0.44,225,1.634777,0.920219,0.082640,True
0.44,226,1.561693,1.097325,0.189425,True
0.44,227,1.630703,0.599173,0.348307,True
0.44,228,2.138641,0.975774,0.102429,True
0.44,229,1.428445,0.775388,0.178133,True
0.44,230,1.788819,1.024457,0.136366,True
0.44,231,1.461022,0.889883,0.104737,True
0.44,232,2.328508,1.080117,0.126033,True
0.44,233,1.765537,0.874947,0.291973,True
0.44,234,1.551379,0.973341,0.129526,True
0.44,235,1.507984,0.835652,0.178242,True
0.44,236,1.262767,0.821212,0.278218,True
0.44,237,1.366887,0.891725,0.259324,True
0.44,238,2.124166,0.921694,0.194065,True
0.44,239,1.289629,0.706653,0.465410,True
0.44,240,1.530453,0.746955,0.230281,True
0.44,241,1.380643,1.046183,0.083376,True
0.44,242,1.658150,0.921275,0.067990,True
0.44,243,1.849257,1.041054,0.023074,True
0.44,244,1.218228,0.701947,0.229604,True
0.44,245,1.752120,1.127299,0.179486,True
0.44,246,1.374338,0.759866,0.352151,True
0.44,247,1.550940,0.888456,0.229296,True
0.44,248,1.245469,0.737123,0.428070,True
0.44,249,1.191150,0.602211,0.171480,True
0.44,250,1.811007,0.849404,0.249047,True
0.44,251,1.053963,0.606956,0.244557,True
0.44,252,1.861930,1.023861,0.084989,True
0.44,253,1.382415,0.927421,0.208021,True
0.44,254,1.664623,0.779344,0.132405,True
0.44,255,1.363377,0.704052,0.379299,True
0.44,256,1.732137,0.927340,0.235257,True
0.44,257,1.625186,0.832718,0.224479,True
0.44,258,1.846771,0.934876,0.289001,True
0.44,259,2.343405,1.126027,0.046966,True
0.44,260,1.590576,0.931710,0.086287,True
0.44,261,1.689806,1.024598,0.119677,True
0.44,262,1.519409,0.728178,0.556724,True
0.44,263,1.401619,0.844469,0.162424,True
0.44,264,1.578275,0.891072,0.064590,True
0.44,265,2.057572,0.742660,0.265466,True
0.44,266,1.346350,0.793701,0.195333,True
0.44,267,1.432894,0.796978,0.161615,True
0.44,268,1.565036,0.901915,0.036780,True
0.44,269,1.406913,0.648048,0.463098,True
0.44,270,1.579199,0.863372,0.271665,True
0.44,271,1.154479,0.633299,0.449861,True
0.44,272,1.168154,0.884746,0.358717,True
0.44,273,1.762668,0.613596,0.384902,True
0.44,274,1.937358,0.942353,0.211345,True
0.44,275,1.769714,1.041033,0.138127,True
0.44,276,1.430963,0.623962,0.252436,True
0.44,277,2.148375,0.962097,0.182280,True
0.44,278,1.698697,0.888747,0.029726,True
0.44,279,2.335915,0.825250,0.318198,True
0.44,280,1.801927,0.829221,0.173154,True
0.44,281,1.108291,0.767861,0.375977,True
0.44,282,1.585294,0.761776,0.327033,True
0.44,283,1.193141,0.445117,0.388731,True
0.44,284,0.994555,0.589953,0.372415,True
0.44,285,1.887944,1.036305,0.151344,True
0.44,286,1.181103,0.696980,0.368233,True
0.44,287,1.768401,0.769010,0.270669,True
0.44,288,1.110629,0.639905,0.316309,True
0.44,289,1.887217,1.167672,0.000000,True
0.44,290,1.267032,0.791143,0.282395,True
0.44,291,2.391594,0.692715,0.299060,True
0.44,292,1.193543,0.469529,0.339086,True
0.44,293,2.105711,1.132889,0.105179,True
0.44,294,1.631921,0.736306,0.200129,True
0.44,295,2.391391,1.049368,0.124952,True
0.44,296,1.439121,0.829325,0.229048,True
0.44,297,1.478687,0.829075,0.322462,True
0.44,298,1.693944,1.054235,0.179409,True
0.44,299,1.395018,0.668554,0.409585,True
0.44,300,1.722945,1.106381,0.025454,True
0.44,301,1.878080,0.777940,0.134521,True
0.44,302,1.986272,0.757003,0.163996,True
0.44,303,1.144871,0.932817,0.219038,True
0.44,304,1.462136,0.782499,0.372586,True
0.44,305,2.013096,0.658761,0.256295,True
0.44,306,2.032128,0.868980,0.222894,True
0.44,307,1.853576,0.711758,0.154709,True
0.44,308,2.207108,1.037265,0.133660,True
0.44,309,1.512455,0.852250,0.213686,True
0.44,310,1.782960,0.857183,0.524415,True
0.44,311,2.088824,1.075796,0.035208,True
0.44,312,2.581806,0.936662,0.111358,True
0.44,313,1.362808,0.870919,0.345872,True
0.44,314,1.341340,0.998953,0.237891,True
0.44,315,1.612941,1.029690,0.059469,True
0.44,316,1.602670,0.722664,0.439681,True
0.44,317,1.697842,0.678374,0.395861,True
0.44,318,1.351705,0.874176,0.135467,True
0.44,319,2.311630,1.019989,0.033566,True
0.44,320,1.217812,0.736742,0.237571,True
0.44,321,1.522496,0.567003,0.509648,True
0.44,322,1.628668,0.786547,0.307659,True
0.44,323,1.457850,0.816357,0.205945,True
0.44,324,1.488481,0.874829,0.250127,True
0.44,325,1.366642,0.852462,0.134871,True
0.44,326,1.795295,0.976112,0.231875,True
0.44,327,0.755576,0.511162,0.482882,True
0.44,328,1.885785,0.770001,0.134038,True
0.44,329,1.791377,1.065066,0.088714,True
0.44,330,1.117050,0.733435,0.337555,True
0.44,331,2.066129,0.807913,0.266025,True
0.44,332,1.132580,0.525855,0.432322,True
0.44,333,1.077683,0.566010,0.317060,True
0.44,334,1.787505,0.722930,0.267233,True
0.44,335,0.912369,0.528826,0.420872,True
0.44,336,1.375934,0.782954,0.278731,True
0.44,337,1.252412,0.656373,0.399992,True
0.44,338,1.882903,1.078226,0.043482,True
0.44,339,2.961612,0.894722,0.202825,True
0.44,340,1.349802,0.945592,0.180258,True
0.44,341,1.989378,0.875824,0.136741,True
0.44,342,1.984721,1.162465,0.031756,True
0.44,343,1.749140,1.080275,0.049647,True
0.44,344,1.777108,0.944639,0.129057,True
0.44,345,1.386569,1.013578,0.045907,True
0.44,346,1.272812,0.695144,0.269421,True
0.44,347,1.609318,0.824054,0.174551,True
0.44,348,1.317897,0.619709,0.508476,True
0.44,349,1.595491,0.768101,0.171312,True
0.44,350,1.606975,0.806389,0.208640,True
0.44,351,1.317859,0.704460,0.167313,True
0.44,352,1.735467,0.835122,0.472312,True
0.44,353,1.576615,0.769625,0.207774,True
0.44,354,1.863353,1.195368,0.070976,True
0.44,355,1.548343,0.871872,0.109979,True
0.44,356,2.004389,0.997030,0.080456,True
0.44,357,1.231154,0.782601,0.222684,True
0.44,358,1.424316,0.771236,0.264351,True
0.44,359,1.923181,0.744127,0.154694,True
0.44,360,1.675058,0.714446,0.217406,True
0.44,361,1.778841,0.929940,0.150448,True
0.44,362,1.724137,1.061865,0.076485,True
0.44,363,1.351153,0.829936,0.134510,True
0.44,364,1.939727,0.750563,0.375793,True
0.44,365,1.672191,1.043315,0.069906,True
0.44,366,1.427837,0.689211,0.181072,True
0.44,367,1.340696,0.770728,0.212471,True
0.44,368,1.582298,0.877588,0.376438,True
0.44,369,1.526881,0.968929,0.148675,True
0.44,370,2.223852,1.027654,0.126016,True
0.44,371,2.211684,0.968680,0.183959,True
0.44,372,1.183166,0.613716,0.345375,True
0.44,373,2.612684,0.813304,0.318702,True
0.44,374,1.255865,0.707558,0.490121,True
0.44,375,1.786362,0.724380,0.185563,True
0.44,376,1.401084,0.649767,0.166630,True
0.44,377,1.597923,0.878194,0.270815,True
0.44,378,1.476106,1.005587,0.093537,True
0.44,379,1.617363,0.955718,0.242968,True
0.44,380,1.793999,1.195442,0.004323,True
0.44,381,1.385381,0.924229,0.072521,True
0.44,382,2.125881,1.076873,0.184010,True
0.44,383,1.637706,0.967007,0.191685,True
0.44,384,1.722256,0.870850,0.024191,True
0.44,385,1.564658,1.140734,0.095085,True
0.44,386,1.644751,0.976601,0.162596,True
0.44,387,1.561291,1.246981,0.070030,True
0.44,388,2.112411,0.873709,0.230446,True
0.44,389,1.449918,0.617145,0.558189,True
0.44,390,1.520660,0.773172,0.188005,True
0.44,391,2.082472,1.100980,0.071549,True
0.44,392,1.928330,0.641688,0.335533,True
0.44,393,1.842856,0.737471,0.202694,True
0.44,394,1.955311,0.998464,0.153430,True
0.44,395,1.429518,0.798569,0.101100,True
0.44,396,2.100355,1.072180,0.136569,True
0.44,397,1.344451,0.654584,0.264231,True
0.44,398,2.297275,0.919453,0.142895,True
0.44,399,2.077108,1.075206,0.003972,True
0.44,400,1.918617,1.100028,0.000000,True
0.44,401,2.198613,0.877787,0.196956,True
0.44,402,1.958640,0.930229,0.160476,True
0.44,403,2.040040,1.053248,0.207464,True
0.44,404,1.410721,0.526175,0.665312,True
0.44,405,1.597900,0.832112,0.194898,True
0.44,406,1.316828,0.696657,0.326990,True
0.44,407,1.807974,0.819059,0.213518,True
0.44,408,1.252820,0.763936,0.211219,True
0.44,409,2.151879,1.090106,0.155544,True
0.44,410,1.289489,0.979202,0.221764,True
0.44,411,1.757937,0.755168,0.258890,True
0.44,412,2.028867,1.139596,0.050197,True
0.44,413,1.198633,0.866342,0.223601,True
0.44,414,1.308347,0.932532,0.189001,True
0.44,415,1.602078,1.007128,0.096580,True
0.44,416,1.423981,0.700297,0.337893,True
0.44,417,1.514582,1.132724,0.108327,True
0.44,418,1.327008,0.816627,0.154341,True
0.44,419,1.534100,0.888527,0.053995,True
0.44,420,1.797668,1.147046,0.008075,True
0.44,421,2.129863,1.111693,0.126786,True
0.44,422,1.893265,0.983053,0.071698,True
0.44,423,1.640109,0.972733,0.045046,True
0.44,424,1.221017,0.715274,0.349921,True
0.44,425,1.977179,0.961996,0.084073,True
0.44,426,1.216877,0.795315,0.227451,True
0.44,427,1.470004,0.762540,0.243969,True
0.44,428,1.808773,0.893355,0.205418,True
0.44,429,2.286740,0.794798,0.099021,True
0.44,430,1.614739,0.926131,0.317155,True
0.44,431,1.773121,0.697879,0.274847,True
0.44,432,1.808726,0.974058,0.096579,True
0.44,433,2.227403,0.853434,0.314126,True
0.44,434,1.585122,0.980856,0.036395,True
0.44,435,1.663202,1.234685,0.051884,True
0.44,436,1.950717,0.894154,0.080576,True
0.44,437,1.274054,0.911489,0.250950,True
0.44,438,1.315700,0.770223,0.363837,True
0.44,439,1.347282,0.830523,0.242563,True
0.44,440,2.119166,0.888327,0.204992,True
0.44,441,1.651306,0.934149,0.184165,True
0.44,442,1.132407,0.821546,0.384259,True
0.44,443,1.906976,0.751176,0.166377,True
0.44,444,1.356159,0.654477,0.431465,True
0.44,445,1.960719,0.824306,0.401030,True
0.44,446,1.626944,1.051381,0.209322,True
0.44,447,2.066532,1.055416,0.099021,True
0.44,448,1.114412,0.679032,0.249126,True
0.44,449,2.014830,1.239187,0.016962,True
0.44,450,1.678778,0.765421,0.148385,True
0.44,451,1.505392,0.712883,0.340278,True
0.44,452,1.999395,1.105378,0.256859,True
0.44,453,1.970912,0.925439,0.086633,True
0.44,454,1.586909,0.945656,0.130709,True
0.44,455,2.028563,0.722187,0.186842,True
0.44,456,0.929993,0.594755,0.311953,True
0.44,457,2.187521,1.088773,0.120430,True
0.44,458,1.674019,0.990629,0.207531,True
0.44,459,1.300713,0.639514,0.422822,True
0.44,460,1.559073,0.852208,0.044303,True
0.44,461,2.215846,1.060527,0.001575,True
0.44,462,1.946488,0.990613,0.216569,True
0.44,463,2.411421,0.781986,0.030531,True
0.44,464,1.310103,0.631924,0.489710,True
0.44,465,2.503549,0.924749,0.118367,True
0.44,466,2.062800,1.066742,0.012098,True
0.44,467,2.066910,0.803825,0.204854,True
0.44,468,1.343043,0.505216,0.406201,True
0.44,469,1.140759,0.719213,0.232836,True
0.44,470,2.878167,0.992073,0.162885,True
0.44,471,2.406407,0.904862,0.160834,True
0.44,472,1.674725,0.621704,0.389101,True
0.44,473,2.585368,1.015241,0.124541,True
0.44,474,1.987710,1.142239,0.015407,True
0.44,475,1.405050,0.826925,0.311073,True
0.44,476,0.984829,0.630506,0.399797,True
0.44,477,1.770691,0.740864,0.267262,True
0.44,478,1.705717,0.826208,0.181867,True
0.44,479,1.578211,1.236142,0.048831,True
0.44,480,2.008753,1.265825,0.028903,True
0.44,481,1.679255,0.935885,0.249577,True
0.44,482,2.290822,1.042884,0.117928,True
0.44,483,1.748280,0.821053,0.150639,True
0.44,484,1.909143,1.038055,0.224581,True
0.44,485,2.351530,0.914257,0.182138,True
0.44,486,0.983355,0.824077,0.171345,True
0.44,487,1.920405,0.655310,0.225579,True
0.44,488,2.171238,1.066536,0.025886,True
0.44,489,1.709631,0.925528,0.268599,True
0.44,490,1.641779,0.994456,0.178834,True
0.44,491,1.968387,0.902637,0.114350,True
0.44,492,1.474123,1.209019,0.100527,True
0.44,493,1.231995,0.567581,0.285381,True
0.44,494,1.356792,1.108167,0.017633,True
0.44,495,1.125186,0.723325,0.381036,True
0.44,496,1.926115,1.204226,0.019664,True
0.44,497,1.195650,0.648756,0.285482,True
0.44,498,1.566226,0.799667,0.305581,True
0.44,499,1.347024,0.807351,0.158118,True
0.46,0,1.916447,0.853580,0.151517,True
0.46,1,1.788793,0.950397,0.339001,True
0.46,2,0.740712,0.514916,0.525252,True
0.46,3,2.034655,0.662104,0.304110,True
0.46,4,1.493735,0.644196,0.317848,True
0.46,5,1.395698,0.682966,0.321447,True
0.46,6,1.743821,0.850978,0.202048,True
0.46,7,1.613007,0.616399,0.302263,True
0.46,8,1.785864,1.084989,0.069609,True
0.46,9,1.004825,0.744983,0.261856,True
0.46,10,1.234437,0.886599,0.300986,True
0.46,11,1.242887,0.869189,0.302686,True
0.46,12,1.665087,1.037368,0.193124,True
0.46,13,1.396002,0.751053,0.141288,True
0.46,14,1.975938,1.024396,0.075894,True
0.46,15,1.107306,0.725011,0.228559,True
0.46,16,1.926556,0.881911,0.143531,True
0.46,17,2.258915,1.289548,0.078179,True
0.46,18,0.955410,0.492086,0.445574,True
0.46,19,1.580846,0.720006,0.233400,True
0.46,20,1.568210,0.738246,0.267898,True
0.46,21,2.536276,0.791676,0.285906,True
0.46,22,1.497732,0.854291,0.243984,True
0.46,23,1.981901,0.912128,0.233395,True
0.46,24,1.980977,0.799585,0.166183,True
0.46,25,2.033887,0.976037,0.250828,True
0.46,26,1.924645,1.155467,0.156973,True
0.46,27,1.231673,0.718935,0.245407,True
0.46,28,1.767002,0.986566,0.006074,True
0.46,29,1.529506,0.974068,0.101661,True
0.46,30,1.600892,0.997730,0.024897,True
0.46,31,1.467644,0.884771,0.135463,True
0.46,32,1.840550,0.904391,0.126680,True
0.46,33,1.951670,0.857913,0.135472,True
0.46,34,1.276169,0.581636,0.434308,True
0.46,35,1.531458,1.085679,0.145145,True
0.46,36,2.127059,0.950808,0.080618,True
0.46,37,1.696219,1.122967,0.015115,True
0.46,38,2.025048,1.145139,0.109153,True
0.46,39,1.182399,0.904728,0.135157,True
0.46,40,1.193004,0.919588,0.307431,True
0.46,41,1.120541,0.717019,0.314883,True
0.46,42,1.970913,1.092398,0.159234,True
0.46,43,2.035876,0.760585,0.244298,True
0.46,44,2.068545,0.959898,0.127414,True
0.46,45,1.085401,0.671220,0.373354,True
0.46,46,1.917868,1.208387,0.042323,True
0.46,47,1.149171,0.747848,0.393584,True
0.46,48,1.219305,0.712747,0.208877,True
0.46,49,1.801620,0.925095,0.122158,True
0.46,50,1.599825,0.862076,0.277259,True
0.46,51,1.110907,0.661611,0.326871,True
0.46,52,1.930696,0.900119,0.165624,True
0.46,53,1.493606,0.918749,0.221815,True
0.46,54,1.803270,0.827753,0.343467,True
0.46,55,2.182975,1.087803,0.188641,True
0.46,56,1.405705,0.835511,0.183772,True
0.46,57,1.768511,0.936140,0.114089,True
0.46,58,1.169449,0.544539,0.265075,True
0.46,59,1.596636,0.914469,0.154309,True
0.46,60,1.538924,0.721173,0.321976,True
0.46,61,1.929470,0.942442,0.044269,True
0.46,62,1.585268,0.961242,0.092682,True
0.46,63,1.371954,0.567334,0.516064,True
0.46,64,1.671749,0.765657,0.177612,True
0.46,65,1.817754,0.757199,0.216172,True
0.46,66,1.761886,0.782212,0.123017,True
0.46,67,1.190873,0.775836,0.326015,True
0.46,68,1.415519,0.999034,0.263993,True
0.46,69,1.897849,1.055844,0.102399,True
0.46,70,1.116837,0.700154,0.505814,True
0.46,71,1.980109,0.978464,0.161423,True
0.46,72,1.454968,0.704207,0.209051,True
0.46,73,1.122714,0.594708,0.373667,True
0.46,74,1.829446,0.942079,0.049709,True
0.46,75,1.203057,0.669411,0.362127,True
0.46,76,1.882079,0.976176,0.177919,True
0.46,77,2.025522,0.906292,0.187230,True
0.46,78,2.241452,0.953746,0.040252,True
0.46,79,1.688189,0.982882,0.078521,True
0.46,80,1.684402,0.865330,0.264160,True
0.46,81,1.208077,0.569764,0.276045,True
0.46,82,1.518155,0.842064,0.077561,True
0.46,83,1.477013,0.943033,0.141182,True
0.46,84,1.507181,0.604464,0.424291,True
0.46,85,1.188555,0.748508,0.221650,True
0.46,86,1.405429,0.858063,0.298103,True
0.46,87,1.522371,0.678635,0.278970,True
0.46,88,1.816080,0.977902,0.219625,True
0.46,89,2.592485,0.829774,0.243621,True
0.46,90,1.232237,0.700787,0.269039,True
0.46,91,1.262602,0.546242,0.454679,True
0.46,92,1.404777,0.831476,0.364922,True
0.46,93,1.670914,0.767097,0.168217,True
0.46,94,2.012025,1.018175,0.119971,True
0.46,95,1.797321,0.723971,0.220772,True
0.46,96,1.847062,1.113030,0.097014,True
0.46,97,1.543448,0.864308,0.284907,True
0.46,98,1.340682,0.732001,0.254510,True
0.46,99,1.714638,0.568728,0.332680,True
0.46,100,1.440049,0.760388,0.206877,True
0.46,101,1.716124,0.953754,0.113644,True
0.46,102,1.378112,0.864867,0.076812,True
0.46,103,1.777239,0.855813,0.179884,True
0.46,104,1.586622,0.797051,0.153887,True
0.46,105,1.754871,0.739405,0.159201,True
0.46,106,1.514146,0.873414,0.115601,True
0.46,107,1.473972,0.772286,0.377399,True
0.46,108,1.721228,0.679922,0.380146,True
0.46,109,1.631001,0.936594,0.202313,True
0.46,110,1.696764,0.873047,0.122383,True
0.46,111,1.826498,1.008049,0.082807,True
0.46,112,1.524539,0.850759,0.170321,True
0.46,113,1.384409,0.595357,0.402131,True
0.46,114,1.353960,1.043951,0.161000,True
0.46,115,1.317548,0.776647,0.264149,True
0.46,116,1.310832,0.659409,0.265548,True
0.46,117,1.856613,1.175615,0.068756,True
0.46,118,2.820180,0.647338,0.174860,True
0.46,119,1.217809,0.494317,0.188020,True
0.46,120,1.541547,0.913839,0.227010,True
0.46,121,1.472935,1.127633,0.118944,True
0.46,122,1.568813,0.652012,0.287659,True
0.46,123,2.387689,1.134991,0.101107,True
0.46,124,1.629076,0.754346,0.320506,True
0.46,125,1.915769,1.073945,0.073310,True
0.46,126,2.295002,0.978853,0.112131,True
0.46,127,1.325046,0.655035,0.310314,True
0.46,128,2.217941,1.169137,0.196530,True
0.46,129,1.494004,0.680419,0.250117,True
0.46,130,2.210771,1.047509,0.052007,True
0.46,131,1.318451,0.494569,0.546541,True
0.46,132,1.759226,1.106788,0.093348,True
0.46,133,1.474010,0.743951,0.145936,True
0.46,134,1.299965,0.975163,0.286885,True
0.46,135,1.664382,0.986147,0.238824,True
0.46,136,1.401200,0.996028,0.090273,True
0.46,137,1.647460,0.803581,0.201714,True
0.46,138,1.562553,0.803996,0.302303,True
0.46,139,1.784468,1.038734,0.000000,True
0.46,140,1.492352,0.850974,0.309308,True
0.46,141,1.761939,0.818057,0.147867,True
0.46,142,1.344848,0.874525,0.322010,True
0.46,143,2.459674,0.972970,0.235238,True
0.46,144,1.631669,1.079290,0.249825,True
0.46,145,1.901784,0.829051,0.374868,True
0.46,146,1.670077,0.739828,0.084523,True
0.46,147,1.153647,0.803595,0.209293,True
0.46,148,1.637471,0.925783,0.156190,True
0.46,149,1.551187,1.036846,0.009108,True
0.46,150,1.408999,0.959265,0.189231,True
0.46,151,1.712618,0.888591,0.212630,True
0.46,152,1.361510,0.774196,0.306977,True
0.46,153,1.730322,0.766519,0.247951,True
0.46,154,2.278930,1.065716,0.129556,True
0.46,155,1.375302,0.696294,0.324628,True
0.46,156,1.974544,1.104514,0.016271,True
0.46,157,1.873306,1.031999,0.083391,True
0.46,158,1.827647,0.851148,0.091410,True
0.46,159,1.559115,1.054213,0.045338,True
0.46,160,1.937146,1.076835,0.221959,True
0.46,161,1.377532,0.666397,0.380023,True
0.46,162,1.750303,0.967934,0.094400,True
0.46,163,1.432644,0.913404,0.207946,True
0.46,164,1.235853,0.418718,0.502313,True
0.46,165,1.530845,0.783208,0.218033,True
0.46,166,1.819707,1.115746,0.103083,True
0.46,167,1.900346,0.947831,0.155953,True
0.46,168,1.568811,0.943786,0.215027,True
0.46,169,1.354784,0.872538,0.277675,True
0.46,170,1.450790,0.630324,0.454550,True
0.46,171,1.865634,0.861010,0.236178,True
0.46,172,1.101559,0.608991,0.533923,True
0.46,173,1.319378,0.738923,0.198770,True
0.46,174,1.669506,0.883806,0.296587,True
0.46,175,1.737563,1.057782,0.130914,True
0.46,176,1.680767,0.781619,0.223352,True
0.46,177,2.061813,0.714537,0.201096,True
0.46,178,1.333008,0.769926,0.294767,True
0.46,179,1.229796,0.793708,0.161411,True
0.46,180,2.440658,0.969119,0.171882,True
0.46,181,1.175161,0.673316,0.260709,True
0.46,182,1.406202,0.759815,0.206954,True
0.46,183,1.818958,1.036641,0.106516,True
0.46,184,1.739055,0.669083,0.371269,True
0.46,185,1.533200,0.874654,0.111197,True
0.46,186,1.443189,0.646265,0.267359,True
0.46,187,1.182187,0.587937,0.356253,True
0.46,188,1.271193,0.689649,0.331565,True
0.46,189,2.301041,1.225678,0.025125,True
0.46,190,1.837327,1.114864,0.000000,True
0.46,191,1.538050,0.880581,0.155004,True
0.46,192,1.529459,0.774840,0.341275,True
0.46,193,1.617625,0.770945,0.275893,True
0.46,194,2.152029,1.002912,0.024794,True
0.46,195,1.457194,0.886056,0.186618,True
0.46,196,1.464201,0.511050,0.415265,True
0.46,197,1.763642,0.771965,0.091066,True
0.46,198,1.533282,0.802794,0.328758,True
0.46,199,1.898425,0.795312,0.178755,True
0.46,200,1.454116,1.030017,0.129197,True
0.46,201,1.812079,0.748941,0.384833,True
0.46,202,1.734165,0.492254,0.503921,True
0.46,203,1.119140,0.734221,0.351657,True
0.46,204,1.921778,0.897356,0.205061,True
0.46,205,1.260250,0.747006,0.308893,True
0.46,206,1.812007,1.069346,0.067050,True
0.46,207,1.737780,1.169262,0.057992,True
0.46,208,1.496040,0.667893,0.291030,True
0.46,209,2.337112,0.966483,0.182033,True
0.46,210,1.464954,0.783098,0.274079,True
0.46,211,2.292660,1.039984,0.085545,True
0.46,212,2.060509,0.767683,0.225360,True
0.46,213,1.794214,0.810930,0.238425,True
0.46,214,1.434474,0.683337,0.322529,True
0.46,215,2.393404,1.053498,0.006859,True
0.46,216,1.566319,0.993321,0.180154,True
0.46,217,1.897941,0.959928,0.236372,True
0.46,218,1.351018,0.698241,0.318418,True
0.46,219,1.651916,1.167738,0.010993,True
0.46,220,1.370714,0.857809,0.088100,True
0.46,221,1.108436,0.468876,0.537335,True
0.46,222,1.917901,0.956528,0.192619,True
0.46,223,0.898472,0.563735,0.465640,True
0.46,224,1.040274,0.573775,0.279763,True
0.46,225,1.624525,0.917354,0.085218,True
0.46,226,1.556023,1.095009,0.191331,True
0.46,227,1.626332,0.597363,0.349559,True
0.46,228,2.118176,0.968534,0.108696,True
0.46,229,1.424147,0.774214,0.179098,True
0.46,230,1.780182,1.020694,0.139404,True
0.46,231,1.456406,0.888204,0.106034,True
0.46,232,2.308393,1.069755,0.134572,True
0.46,233,1.753147,0.871099,0.295240,True
0.46,234,1.544292,0.970694,0.131650,True
0.46,235,1.503191,0.833818,0.179627,True
0.46,236,1.256818,0.820128,0.279328,True
0.46,237,1.361671,0.890356,0.260531,True
0.46,238,2.107272,0.915524,0.199296,True
0.46,239,1.286817,0.705919,0.465977,True
0.46,240,1.525568,0.745427,0.231475,True
0.46,241,1.373994,1.044097,0.085197,True
0.46,242,1.651422,0.918968,0.069918,True
0.46,243,1.838574,1.036703,0.026704,True
0.46,244,1.214604,0.701237,0.230222,True
0.46,245,1.737752,1.122159,0.184027,True
0.46,246,1.367509,0.758356,0.353482,True
0.46,247,1.538831,0.885478,0.232044,True
0.46,248,1.243537,0.736597,0.428471,True
0.46,249,1.188873,0.601788,0.171826,True
0.46,250,1.803592,0.846171,0.251547,True
0.46,251,1.052837,0.606729,0.244723,True
0.46,252,1.850435,1.019418,0.088741,True
0.46,253,1.378318,0.926085,0.209105,True
0.46,254,1.653249,0.775946,0.135152,True
0.46,255,1.358973,0.702990,0.380161,True
0.46,256,1.724644,0.923708,0.237985,True
0.46,257,1.617251,0.830647,0.226326,True
0.46,258,1.836651,0.931180,0.292090,True
0.46,259,2.325394,1.115542,0.055515,True
0.46,260,1.585370,0.930105,0.087684,True
0.46,261,1.681572,1.021440,0.122308,True
0.46,262,1.514166,0.726986,0.557779,True
0.46,263,1.396684,0.842908,0.163651,True
0.46,264,1.570250,0.888812,0.066583,True
0.46,265,2.038819,0.738122,0.269526,True
0.46,266,1.339192,0.791797,0.196854,True
0.46,267,1.421780,0.794360,0.163888,True
0.46,268,1.558637,0.900099,0.038385,True
0.46,269,1.394714,0.645954,0.465013,True
0.46,270,1.572285,0.860842,0.273633,True
0.46,271,1.150178,0.632466,0.450506,True
0.46,272,1.164978,0.883969,0.359379,True
0.46,273,1.752805,0.611280,0.386827,True
0.46,274,1.923787,0.937299,0.215567,True
0.46,275,1.761647,1.037894,0.140778,True
0.46,276,1.423267,0.622507,0.253704,True
0.46,277,2.131772,0.955426,0.187873,True
0.46,278,1.688287,0.885537,0.032470,True
0.46,279,2.321067,0.816966,0.324682,True
0.46,280,1.791800,0.826378,0.175643,True
0.46,281,1.106608,0.767484,0.376283,True
0.46,282,1.573866,0.759153,0.329370,True
0.46,283,1.191447,0.444797,0.388953,True
0.46,284,0.992856,0.589643,0.372626,True
0.46,285,1.878430,1.031551,0.155099,True
0.46,286,1.178706,0.696432,0.368659,True
0.46,287,1.754162,0.765126,0.273946,True
0.46,288,1.108998,0.639467,0.316597,True
0.46,289,1.887217,1.167672,0.000000,True
0.46,290,1.263295,0.790264,0.283144,True
0.46,291,2.383294,0.683802,0.305621,True
0.46,292,1.192204,0.469084,0.339334,True
0.46,293,2.086592,1.125434,0.111742,True
0.46,294,1.624304,0.734417,0.201759,True
0.46,295,2.372546,1.038793,0.133560,True
0.46,296,1.435718,0.828109,0.229965,True
0.46,297,1.475191,0.827156,0.323733,True
0.46,298,1.681058,1.050113,0.183118,True
0.46,299,1.389200,0.667211,0.410677,True
0.46,300,1.713751,1.102864,0.028489,True
0.46,301,1.869731,0.774231,0.137325,True
0.46,302,1.975953,0.752683,0.167336,True
0.46,303,1.139773,0.931734,0.220060,True
0.46,304,1.457152,0.781111,0.373727,True
0.46,305,2.001824,0.655183,0.259165,True
0.46,306,2.019840,0.863947,0.226955,True
0.46,307,1.841424,0.708509,0.157450,True
0.46,308,2.197268,1.028401,0.140293,True
0.46,309,1.504060,0.850109,0.215597,True
0.46,310,1.772686,0.854004,0.527123,True
0.46,311,2.073682,1.068849,0.040976,True
0.46,312,2.577268,0.918691,0.124612,True
0.46,313,1.357013,0.868974,0.347341,True
0.46,314,1.336269,0.997487,0.239194,True
0.46,315,1.607746,1.027494,0.061226,True
0.46,316,1.597417,0.720705,0.441123,True
0.46,317,1.691789,0.676271,0.397445,True
0.46,318,1.344750,0.872270,0.137055,True
0.46,319,2.292620,1.010857,0.041115,True
0.46,320,1.211057,0.735602,0.238677,True
0.46,321,1.516842,0.565811,0.510621,True
0.46,322,1.619234,0.784204,0.309732,True
0.46,323,1.453873,0.815092,0.206947,True
0.46,324,1.483440,0.873131,0.251479,True
0.46,325,1.363900,0.851456,0.135625,True
0.46,326,1.783208,0.972193,0.235314,True
0.46,327,0.755298,0.511152,0.482899,True
0.46,328,1.879327,0.765517,0.137159,True
0.46,329,1.783117,1.060600,0.092148,True
0.46,330,1.115760,0.733177,0.337777,True
0.46,331,2.052038,0.803197,0.269970,True
0.46,332,1.131323,0.525605,0.432499,True
0.46,333,1.076502,0.565812,0.317217,True
0.46,334,1.778138,0.720021,0.269575,True
0.46,335,0.910669,0.528725,0.421016,True
0.46,336,1.370312,0.781315,0.279996,True
0.46,337,1.249190,0.655673,0.400551,True
0.46,338,1.867025,1.072370,0.048561,True
0.46,339,2.963767,0.892328,0.204599,True
0.46,340,1.344872,0.944228,0.181464,True
0.46,341,1.980183,0.870981,0.140442,True
0.46,342,1.972094,1.156378,0.036809,True
0.46,343,1.741253,1.076344,0.052729,True
0.46,344,1.765991,0.941158,0.132118,True
0.46,345,1.377365,1.011207,0.048157,True
0.46,346,1.270448,0.694647,0.269846,True
0.46,347,1.603184,0.822014,0.176190,True
0.46,348,1.314264,0.618903,0.509108,True
0.46,349,1.589636,0.766402,0.172708,True
0.46,350,1.596810,0.803795,0.210917,True
0.46,351,1.311750,0.703148,0.168417,True
0.46,352,1.728940,0.832645,0.474264,True
0.46,353,1.569609,0.767969,0.209258,True
0.46,354,1.855096,1.189218,0.075531,True
0.46,355,1.541138,0.869915,0.111709,True
0.46,356,1.993535,0.991607,0.084771,True
0.46,357,1.229083,0.782042,0.223124,True
0.46,358,1.419869,0.769997,0.265354,True
0.46,359,1.911068,0.740339,0.157800,True
0.46,360,1.664748,0.712084,0.219495,True
0.46,361,1.769847,0.926862,0.153058,True
0.46,362,1.707809,1.056047,0.081433,True
0.46,363,1.348056,0.829058,0.135229,True
0.46,364,1.929715,0.746925,0.378687,True
0.46,365,1.663704,1.039995,0.072659,True
0.46,366,1.421787,0.687970,0.182174,True
0.46,367,1.335965,0.769599,0.213432,True
0.46,368,1.572536,0.874924,0.378788,True
0.46,369,1.512030,0.964366,0.152504,True
0.46,370,2.211736,1.018694,0.132867,True
0.46,371,2.194132,0.961110,0.190243,True
0.46,372,1.181589,0.613356,0.345641,True
0.46,373,2.606880,0.798595,0.329671,True
0.46,374,1.253844,0.706950,0.490558,True
0.46,375,1.777448,0.722132,0.187511,True
0.46,376,1.397874,0.648614,0.167408,True
0.46,377,1.592073,0.875836,0.272610,True
0.46,378,1.466540,1.002414,0.096181,True
0.46,379,1.609196,0.952600,0.245461,True
0.46,380,1.784341,1.191322,0.007855,True
0.46,381,1.380782,0.922949,0.073645,True
0.46,382,2.109199,1.069458,0.190230,True
0.46,383,1.630421,0.964382,0.193859,True
0.46,384,1.715007,0.867731,0.026576,True
0.46,385,1.555516,1.137771,0.097830,True
0.46,386,1.632260,0.972721,0.165980,True
0.46,387,1.553154,1.243953,0.072766,True
0.46,388,2.093091,0.867716,0.235667,True
0.46,389,1.446155,0.616161,0.558938,True
0.46,390,1.513718,0.771456,0.189494,True
0.46,391,2.062388,1.093380,0.078210,True
0.46,392,1.915883,0.638639,0.338111,True
0.46,393,1.834117,0.734422,0.205101,True
0.46,394,1.947674,0.992735,0.157607,True
0.46,395,1.419433,0.795906,0.103273,True
0.46,396,2.086593,1.065378,0.142127,True
0.46,397,1.342172,0.653929,0.264711,True
0.46,398,2.281609,0.910710,0.149807,True
0.46,399,2.058851,1.068087,0.010122,True
0.46,400,1.918617,1.100028,0.000000,True
0.46,401,2.179272,0.871192,0.202598,True
0.46,402,1.948861,0.925451,0.164224,True
0.46,403,2.029643,1.045527,0.213213,True
0.46,404,1.404112,0.525230,0.666189,True
0.46,405,1.590261,0.830070,0.196689,True
0.46,406,1.314509,0.695598,0.327643,True
0.46,407,1.795354,0.814872,0.216924,True
0.46,408,1.246627,0.762641,0.212354,True
0.46,409,2.140514,1.081876,0.161855,True
0.46,410,1.285258,0.977971,0.222827,True
0.46,411,1.746775,0.752267,0.261397,True
0.46,412,2.011541,1.132186,0.056506,True
0.46,413,1.191049,0.864742,0.225053,True
0.46,414,1.304681,0.931509,0.189887,True
0.46,415,1.592945,1.003952,0.099260,True
0.46,416,1.420668,0.699121,0.338725,True
0.46,417,1.510141,1.130880,0.109845,True
0.46,418,1.324609,0.815720,0.154989,True
0.46,419,1.525945,0.886094,0.056052,True
0.46,420,1.781099,1.140806,0.013496,True
0.46,421,2.112950,1.103188,0.133749,True
0.46,422,1.878754,0.978621,0.075713,True
0.46,423,1.630155,0.969188,0.047977,True
0.46,424,1.219285,0.714717,0.350304,True
0.46,425,1.967271,0.956328,0.088383,True
0.46,426,1.214938,0.794787,0.227867,True
0.46,427,1.466562,0.761428,0.244826,True
0.46,428,1.794816,0.889481,0.208904,True
0.46,429,2.265660,0.787978,0.104817,True
0.46,430,1.603494,0.922890,0.320015,True
0.46,431,1.764591,0.695210,0.276960,True
0.46,432,1.801090,0.969939,0.099674,True
0.46,433,2.207168,0.846334,0.320112,True
0.46,434,1.577588,0.978644,0.038399,True
0.46,435,1.654905,1.230816,0.055073,True
0.46,436,1.932981,0.888729,0.085296,True
0.46,437,1.271327,0.910593,0.251645,True
0.46,438,1.311497,0.768982,0.364772,True
0.46,439,1.341823,0.829011,0.243794,True
0.46,440,2.104818,0.882622,0.209695,True
0.46,441,1.643715,0.931743,0.186247,True
0.46,442,1.131213,0.821235,0.384505,True
0.46,443,1.897259,0.747597,0.169197,True
0.46,444,1.353713,0.653829,0.431958,True
0.46,445,1.944317,0.819162,0.405359,True
0.46,446,1.618392,1.048289,0.211958,True
0.46,447,2.048206,1.048752,0.104873,True
0.46,448,1.113080,0.678740,0.249352,True
0.46,449,2.003958,1.232080,0.022541,True
0.46,450,1.666127,0.762438,0.151046,True
0.46,451,1.499161,0.711245,0.341605,True
0.46,452,1.980903,1.098442,0.262932,True
0.46,453,1.960914,0.920616,0.090415,True
0.46,454,1.580483,0.943683,0.132434,True
0.46,455,2.017259,0.718074,0.190112,True
0.46,456,0.926729,0.594099,0.312308,True
0.46,457,2.172802,1.080639,0.126991,True
0.46,458,1.666956,0.988162,0.209635,True
0.46,459,1.293171,0.637736,0.424128,True
0.46,460,1.553385,0.850052,0.045952,True
0.46,461,2.197912,1.052332,0.008426,True
0.46,462,1.935263,0.985339,0.220779,True
0.46,463,2.394830,0.773481,0.037266,True
0.46,464,1.306409,0.631213,0.490322,True
0.46,465,2.496439,0.910872,0.128646,True
0.46,466,2.047511,1.060571,0.017383,True
0.46,467,2.053647,0.798800,0.208923,True
0.46,468,1.339888,0.504615,0.406670,True
0.46,469,1.137879,0.718665,0.233313,True
0.46,470,2.885566,0.979429,0.172241,True
0.46,471,2.386930,0.895519,0.168461,True
0.46,472,1.667994,0.619741,0.390611,True
0.46,473,2.575207,0.998513,0.137191,True
0.46,474,1.971963,1.136110,0.020802,True
0.46,475,1.398973,0.825366,0.312414,True
0.46,476,0.983411,0.630294,0.399975,True
0.46,477,1.764132,0.738204,0.269262,True
0.46,478,1.690758,0.822104,0.185377,True
0.46,479,1.571030,1.233154,0.051392,True
0.46,480,1.990727,1.258324,0.035567,True
0.46,481,1.669861,0.933028,0.252090,True
0.46,482,2.273876,1.033663,0.125394,True
0.46,483,1.740672,0.818285,0.152836,True
0.46,484,1.891340,1.031883,0.229964,True
0.46,485,2.334048,0.905497,0.189216,True
0.46,486,0.981566,0.823758,0.171633,True
0.46,487,1.908449,0.652406,0.228063,True
0.46,488,2.154046,1.058596,0.032490,True
0.46,489,1.701940,0.922762,0.270885,True
0.46,490,1.633471,0.991229,0.181451,True
0.46,491,1.955188,0.898336,0.118068,True
0.46,492,1.468769,1.206940,0.102329,True
0.46,493,1.229483,0.567017,0.285786,True
0.46,494,1.350865,1.106193,0.019335,True
0.46,495,1.123793,0.722912,0.381316,True
0.46,496,1.908706,1.196974,0.025930,True
0.46,497,1.192678,0.648081,0.285988,True
0.46,498,1.560216,0.797691,0.307137,True
0.46,499,1.338320,0.805514,0.159811,True
0.48,0,1.906977,0.849285,0.154833,True
0.48,1,1.775422,0.946425,0.342563,True
0.48,2,0.740320,0.514913,0.525275,True
0.48,3,2.020472,0.658312,0.307291,True
0.48,4,1.487868,0.642859,0.318952,True
0.48,5,1.390100,0.681624,0.322526,True
0.48,6,1.736975,0.848448,0.204074,True
0.48,7,1.601521,0.614189,0.304204,True
0.48,8,1.776085,1.081114,0.072900,True
0.48,9,1.001789,0.744685,0.262262,True
0.48,10,1.231862,0.885894,0.301571,True
0.48,11,1.241236,0.868676,0.303086,True
0.48,12,1.655439,1.034211,0.195930,True
0.48,13,1.392381,0.750142,0.142053,True
0.48,14,1.963044,1.017693,0.081142,True
0.48,15,1.104019,0.724291,0.229104,True
0.48,16,1.915710,0.877703,0.146951,True
0.48,17,2.242353,1.277759,0.087586,True
0.48,18,0.954718,0.491986,0.445645,True
0.48,19,1.571246,0.717698,0.235365,True
0.48,20,1.560649,0.736494,0.269449,True
0.48,21,2.536276,0.791676,0.285906,True
0.48,22,1.493840,0.853038,0.245002,True
0.48,23,1.973043,0.906886,0.237328,True
0.48,24,1.971200,0.795446,0.169423,True
0.48,25,2.020444,0.970315,0.255531,True
0.48,26,1.917209,1.149237,0.161511,True
0.48,27,1.228516,0.718243,0.245980,True
0.48,28,1.756854,0.983334,0.008947,True
0.48,29,1.523157,0.971953,0.103447,True
0.48,30,1.591556,0.994603,0.027569,True
0.48,31,1.462767,0.883007,0.136822,True
0.48,32,1.832657,0.900417,0.129686,True
0.48,33,1.934585,0.852971,0.139802,True
0.48,34,1.270129,0.580528,0.435201,True
0.48,35,1.526412,1.083588,0.146842,True
0.48,36,2.110071,0.942901,0.086949,True
0.48,37,1.685786,1.119101,0.018495,True
0.48,38,2.008576,1.137536,0.115487,True
0.48,39,1.179390,0.903942,0.135817,True
0.48,40,1.188840,0.918526,0.308336,True
0.48,41,1.114941,0.716163,0.315710,True
0.48,42,1.961039,1.086345,0.163907,True
0.48,43,2.026463,0.755793,0.247904,True
0.48,44,2.060904,0.952638,0.132624,True
0.48,45,1.084388,0.670963,0.373530,True
0.48,46,1.903990,1.201913,0.047753,True
0.48,47,1.144269,0.746965,0.394387,True
0.48,48,1.215964,0.712031,0.209473,True
0.48,49,1.793270,0.920753,0.125401,True
0.48,50,1.585625,0.858128,0.280615,True
0.48,51,1.109553,0.661357,0.327084,True
0.48,52,1.923327,0.895035,0.169293,True
0.48,53,1.485293,0.916501,0.223832,True
0.48,54,1.793606,0.824265,0.346257,True
0.48,55,2.168066,1.079562,0.195284,True
0.48,56,1.399597,0.833931,0.185133,True
0.48,57,1.758296,0.932855,0.116935,True
0.48,58,1.167723,0.544230,0.265317,True
0.48,59,1.587794,0.911311,0.156831,True
0.48,60,1.531889,0.719347,0.323490,True
0.48,61,1.919811,0.937956,0.047817,True
0.48,62,1.574747,0.958387,0.095326,True
0.48,63,1.362895,0.565742,0.517391,True
0.48,64,1.663718,0.763250,0.179576,True
0.48,65,1.812295,0.753357,0.218794,True
0.48,66,1.749949,0.779239,0.125665,True
0.48,67,1.187440,0.775198,0.326629,True
0.48,68,1.410404,0.997524,0.265343,True
0.48,69,1.887303,1.051163,0.106239,True
0.48,70,1.115017,0.699775,0.506119,True
0.48,71,1.965452,0.973304,0.165885,True
0.48,72,1.449948,0.703046,0.210041,True
0.48,73,1.121059,0.594213,0.373963,True
0.48,74,1.818884,0.938384,0.052840,True
0.48,75,1.196461,0.667586,0.363299,True
0.48,76,1.874940,0.971568,0.181312,True
0.48,77,2.012300,0.901222,0.191431,True
0.48,78,2.222238,0.946120,0.046689,True
0.48,79,1.680403,0.980247,0.080794,True
0.48,80,1.673724,0.862290,0.266808,True
0.48,81,1.206078,0.569287,0.276379,True
0.48,82,1.510759,0.840214,0.079227,True
0.48,83,1.470955,0.941181,0.142772,True
0.48,84,1.502175,0.602953,0.425391,True
0.48,85,1.185486,0.747907,0.222193,True
0.48,86,1.395506,0.855444,0.300313,True
0.48,87,1.517170,0.677165,0.280116,True
0.48,88,1.810043,0.973617,0.222684,True
0.48,89,2.592827,0.813553,0.255430,True
0.48,90,1.230536,0.700195,0.269426,True
0.48,91,1.260490,0.545848,0.454996,True
0.48,92,1.395741,0.829410,0.366796,True
0.48,93,1.665020,0.765173,0.169759,True
0.48,94,1.997520,1.012852,0.124586,True
0.48,95,1.789660,0.720926,0.223068,True
0.48,96,1.833330,1.107848,0.101531,True
0.48,97,1.535051,0.862178,0.286842,True
0.48,98,1.333233,0.730460,0.255868,True
0.48,99,1.707486,0.567178,0.333971,True
0.48,100,1.436241,0.759262,0.207766,True
0.48,101,1.705701,0.950019,0.116739,True
0.48,102,1.375395,0.863950,0.077526,True
0.48,103,1.771256,0.852608,0.182223,True
0.48,104,1.581013,0.795544,0.155184,True
0.48,105,1.750060,0.736406,0.161261,True
0.48,106,1.509946,0.871575,0.116937,True
0.48,107,1.467674,0.770448,0.378859,True
0.48,108,1.709697,0.677237,0.382450,True
0.48,109,1.617394,0.932401,0.205878,True
0.48,110,1.686725,0.870124,0.124925,True
0.48,111,1.817350,1.004222,0.085941,True
0.48,112,1.518461,0.848715,0.171941,True
0.48,113,1.377472,0.593982,0.403254,True
0.48,114,1.346892,1.041690,0.162909,True
0.48,115,1.311276,0.775157,0.265400,True
0.48,116,1.307379,0.658536,0.266208,True
0.48,117,1.845644,1.170628,0.072933,True
0.48,118,2.820180,0.647338,0.174860,True
0.48,119,1.216138,0.493903,0.188289,True
0.48,120,1.534247,0.911693,0.228874,True
0.48,121,1.468009,1.125431,0.120668,True
0.48,122,1.560951,0.650402,0.289080,True
0.48,123,2.368981,1.123278,0.110593,True
0.48,124,1.622901,0.752527,0.321991,True
0.48,125,1.904612,1.068629,0.077611,True
0.48,126,2.284179,0.969046,0.119503,True
0.48,127,1.322633,0.654295,0.310838,True
0.48,128,2.203179,1.159664,0.204083,True
0.48,129,1.488672,0.679040,0.251227,True
0.48,130,2.191363,1.039507,0.058838,True
0.48,131,1.315071,0.493853,0.547059,True
0.48,132,1.751674,1.103304,0.096176,True
0.48,133,1.469314,0.742782,0.146931,True
0.48,134,1.295257,0.973900,0.288022,True
0.48,135,1.649342,0.981513,0.242867,True
0.48,136,1.397320,0.994652,0.091393,True
0.48,137,1.640937,0.801860,0.203223,True
0.48,138,1.557909,0.802734,0.303389,True
0.48,139,1.784468,1.038734,0.000000,True
0.48,140,1.488890,0.849424,0.310416,True
0.48,141,1.750496,0.814968,0.150580,True
0.48,142,1.335926,0.871879,0.324076,True
0.48,143,2.448550,0.959399,0.245452,True
0.48,144,1.625377,1.076896,0.251861,True
0.48,145,1.888639,0.825031,0.378291,True
0.48,146,1.663600,0.738045,0.086014,True
0.48,147,1.151094,0.803046,0.209771,True
0.48,148,1.627491,0.922936,0.158733,True
0.48,149,1.544319,1.034579,0.011094,True
0.48,150,1.405551,0.958054,0.190206,True
0.48,151,1.703959,0.885691,0.215043,True
0.48,152,1.358809,0.773111,0.307720,True
0.48,153,1.725433,0.763551,0.249996,True
0.48,154,2.265225,1.055516,0.137439,True
0.48,155,1.367395,0.694630,0.326050,True
0.48,156,1.965489,1.098573,0.020807,True
0.48,157,1.859179,1.027405,0.087526,True
0.48,158,1.813380,0.847366,0.094813,True
0.48,159,1.553892,1.052164,0.047024,True
0.48,160,1.924659,1.071634,0.226349,True
0.48,161,1.372798,0.665011,0.381026,True
0.48,162,1.741376,0.964147,0.097399,True
0.48,163,1.426406,0.911344,0.209601,True
0.48,164,1.232372,0.418272,0.502681,True
0.48,165,1.526585,0.781346,0.219350,True
0.48,166,1.808934,1.110989,0.107016,True
0.48,167,1.892137,0.943578,0.159230,True
0.48,168,1.564489,0.941875,0.216485,True
0.48,169,1.350763,0.871489,0.278598,True
0.48,170,1.445301,0.629110,0.455555,True
0.48,171,1.855767,0.857603,0.239009,True
0.48,172,1.095786,0.608104,0.534660,True
0.48,173,1.316957,0.738156,0.199331,True
0.48,174,1.663795,0.881459,0.298404,True
0.48,175,1.730493,1.054430,0.133566,True
0.48,176,1.670271,0.779034,0.225647,True
0.48,177,2.053386,0.709179,0.204976,True
0.48,178,1.330784,0.768645,0.295523,True
0.48,179,1.227892,0.793185,0.161823,True
0.48,180,2.436204,0.954313,0.182600,True
0.48,181,1.173326,0.672819,0.261061,True
0.48,182,1.401693,0.758514,0.207974,True
0.48,183,1.810324,1.032888,0.109578,True
0.48,184,1.728273,0.666501,0.373457,True
0.48,185,1.528240,0.872869,0.112597,True
0.48,186,1.435136,0.644677,0.268739,True
0.48,187,1.179433,0.587487,0.356640,True
0.48,188,1.267738,0.688940,0.332173,True
0.48,189,2.282217,1.214622,0.034225,True
0.48,190,1.824034,1.110272,0.004128,True
0.48,191,1.533651,0.878973,0.156267,True
0.48,192,1.523119,0.773159,0.342702,True
0.48,193,1.606070,0.767367,0.278682,True
0.48,194,2.137044,0.995821,0.030577,True
0.48,195,1.453391,0.884417,0.187806,True
0.48,196,1.461187,0.510111,0.415903,True
0.48,197,1.756731,0.769025,0.093269,True
0.48,198,1.524921,0.800603,0.330633,True
0.48,199,1.889007,0.791705,0.181605,True
0.48,200,1.448397,1.028274,0.130760,True
0.48,201,1.803908,0.746157,0.387051,True
0.48,202,1.723555,0.490304,0.505548,True
0.48,203,1.118215,0.733951,0.351844,True
0.48,204,1.912522,0.893121,0.208374,True
0.48,205,1.258298,0.746470,0.309306,True
0.48,206,1.798413,1.064595,0.071237,True
0.48,207,1.727473,1.164864,0.061700,True
0.48,208,1.492517,0.666744,0.291871,True
0.48,209,2.322656,0.956498,0.189787,True
0.48,210,1.460391,0.781748,0.275163,True
0.48,211,2.274322,1.030091,0.093547,True
0.48,212,2.043621,0.762912,0.229469,True
0.48,213,1.788832,0.807536,0.240811,True
0.48,214,1.427052,0.681721,0.323899,True
0.48,215,2.377577,1.042216,0.015752,True
0.48,216,1.560676,0.991069,0.181954,True
0.48,217,1.887031,0.955873,0.239786,True
0.48,218,1.348459,0.697615,0.318926,True
0.48,219,1.639485,1.163286,0.014952,True
0.48,220,1.367088,0.856440,0.089099,True
0.48,221,1.105881,0.468629,0.537591,True
0.48,222,1.906343,0.951137,0.196850,True
0.48,223,0.898220,0.563687,0.465670,True
0.48,224,1.037878,0.573418,0.280052,True
0.48,225,1.614747,0.914606,0.087678,True
0.48,226,1.550522,1.092745,0.193185,True
0.48,227,1.622137,0.595574,0.350785,True
0.48,228,2.099104,0.961590,0.114643,True
0.48,229,1.419971,0.773067,0.180037,True
0.48,230,1.771867,1.017014,0.142352,True
0.48,231,1.451940,0.886565,0.107293,True
0.48,232,2.290059,1.059637,0.142785,True
0.48,233,1.741331,0.867397,0.298365,True
0.48,234,1.537457,0.968124,0.133700,True
0.48,235,1.498557,0.832021,0.180975,True
0.48,236,1.251149,0.819098,0.280383,True
0.48,237,1.356629,0.889031,0.261697,True
0.48,238,2.091348,0.909537,0.204320,True
0.48,239,1.284076,0.705198,0.466530,True
0.48,240,1.520830,0.743929,0.232637,True
0.48,241,1.367680,1.042101,0.086930,True
0.48,242,1.644892,0.916709,0.071796,True
0.48,243,1.828338,1.032470,0.030211,True
0.48,244,1.211097,0.700550,0.230820,True
0.48,245,1.724135,1.117262,0.188333,True
0.48,246,1.360946,0.756908,0.354756,True
0.48,247,1.527422,0.882668,0.234629,True
0.48,248,1.241640,0.736077,0.428866,True
0.48,249,1.186649,0.601375,0.172165,True
0.48,250,1.796492,0.842991,0.253984,True
0.48,251,1.051731,0.606504,0.244886,True
0.48,252,1.839419,1.015100,0.092362,True
0.48,253,1.374325,0.924779,0.210161,True
0.48,254,1.642433,0.772687,0.137769,True
0.48,255,1.354690,0.701954,0.380999,True
0.48,256,1.717484,0.920157,0.240629,True
0.48,257,1.609575,0.828635,0.228114,True
0.48,258,1.826934,0.927573,0.295082,True
0.48,259,2.308812,1.105219,0.063817,True
0.48,260,1.580242,0.928518,0.089062,True
0.48,261,1.673615,1.018362,0.124858,True
0.48,262,1.509038,0.725817,0.558811,True
0.48,263,1.391931,0.841392,0.164835,True
0.48,264,1.562545,0.886630,0.068499,True
0.48,265,2.021064,0.733763,0.273398,True
0.48,266,1.332332,0.789974,0.198305,True
0.48,267,1.411257,0.791892,0.166027,True
0.48,268,1.552384,0.898323,0.039952,True
0.48,269,1.383242,0.644000,0.466800,True
0.48,270,1.565655,0.858385,0.275530,True
0.48,271,1.146026,0.631665,0.451127,True
0.48,272,1.161891,0.883215,0.360021,True
0.48,273,1.743338,0.609029,0.388686,True
0.48,274,1.910916,0.932403,0.219620,True
0.48,275,1.753797,1.034811,0.143368,True
0.48,276,1.415887,0.621112,0.254917,True
0.48,277,2.116208,0.948939,0.193251,True
0.48,278,1.678408,0.882449,0.035090,True
0.48,279,2.307793,0.808713,0.331040,True
0.48,280,1.781999,0.823602,0.178061,True
0.48,281,1.104956,0.767114,0.376583,True
0.48,282,1.562984,0.756655,0.331590,True
0.48,283,1.189785,0.444482,0.389171,True
0.48,284,0.991186,0.589342,0.372833,True
0.48,285,1.869338,1.026894,0.158744,True
0.48,286,1.176359,0.695896,0.369076,True
0.48,287,1.740728,0.761418,0.277050,True
0.48,288,1.107406,0.639037,0.316880,True
0.48,289,1.887217,1.167672,0.000000,True
0.48,290,1.259659,0.789410,0.283872,True
0.48,291,2.376787,0.674624,0.312283,True
0.48,292,1.190894,0.468643,0.339578,True
0.48,293,2.068618,1.118268,0.117995,True
0.48,294,1.616904,0.732574,0.203343,True
0.48,295,2.355362,1.028361,0.141927,True
0.48,296,1.432394,0.826912,0.230864,True
0.48,297,1.471820,0.825265,0.324976,True
0.48,298,1.668951,1.046190,0.186621,True
0.48,299,1.383638,0.665917,0.411723,True
0.48,300,1.704893,1.099444,0.031422,True
0.48,301,1.861778,0.770587,0.140055,True
0.48,302,1.966160,0.748440,0.170586,True
0.48,303,1.134923,0.930708,0.221028,True
0.48,304,1.452306,0.779756,0.374836,True
0.48,305,1.991066,0.651669,0.261956,True
0.48,306,2.008184,0.859020,0.230891,True
0.48,307,1.829842,0.705364,0.160083,True
0.48,308,2.188406,1.019511,0.146855,True
0.48,309,1.495999,0.848052,0.217429,True
0.48,310,1.762837,0.850918,0.529733,True
0.48,311,2.059416,1.062084,0.046532,True
0.48,312,2.577404,0.899144,0.138817,True
0.48,313,1.351434,0.867095,0.348753,True
0.48,314,1.331390,0.996071,0.240448,True
0.48,315,1.602676,1.025331,0.062947,True
0.48,316,1.592353,0.718783,0.442527,True
0.48,317,1.685948,0.674204,0.398991,True
0.48,318,1.338068,0.870445,0.138574,True
0.48,319,2.275133,1.001924,0.048394,True
0.48,320,1.204657,0.734529,0.239720,True
0.48,321,1.511356,0.564647,0.511567,True
0.48,322,1.610202,0.781947,0.311718,True
0.48,323,1.449996,0.813851,0.207926,True
0.48,324,1.478533,0.871471,0.252796,True
0.48,325,1.361218,0.850463,0.136365,True
0.48,326,1.771627,0.968408,0.238618,True
0.48,327,0.755021,0.511143,0.482916,True
0.48,328,1.873266,0.761074,0.140222,True
0.48,329,1.775260,1.056229,0.095475,True
0.48,330,1.114488,0.732921,0.337996,True
0.48,331,2.038661,0.798595,0.273783,True
0.48,332,1.130085,0.525358,0.432674,True
0.48,333,1.075335,0.565617,0.317371,True
0.48,334,1.769242,0.717193,0.271831,True
0.48,335,0.909014,0.528628,0.421155,True
0.48,336,1.364877,0.779730,0.281216,True
0.48,337,1.246050,0.654988,0.401095,True
0.48,338,1.852044,1.066769,0.053381,True
0.48,339,2.963767,0.892328,0.204599,True
0.48,340,1.340109,0.942908,0.182627,True
0.48,341,1.971482,0.866198,0.144057,True
0.48,342,1.960076,1.150446,0.041690,True
0.48,343,1.733686,1.072500,0.055717,True
0.48,344,1.755339,0.937790,0.135063,True
0.48,345,1.368686,1.008972,0.050272,True
0.48,346,1.268118,0.694160,0.270264,True
0.48,347,1.597246,0.820020,0.177783,True
0.48,348,1.310724,0.618116,0.509723,True
0.48,349,1.583931,0.764736,0.174070,True
0.48,350,1.587104,0.801307,0.213090,True
0.48,351,1.305877,0.701890,0.169474,True
0.48,352,1.722607,0.830208,0.476173,True
0.48,353,1.562812,0.766357,0.210698,True
0.48,354,1.847314,1.183171,0.079961,True
0.48,355,1.534153,0.868015,0.113384,True
0.48,356,1.983238,0.986278,0.088966,True
0.48,357,1.227052,0.781491,0.223556,True
0.48,358,1.415546,0.768786,0.266330,True
0.48,359,1.899561,0.736659,0.160792,True
0.48,360,1.654961,0.709814,0.221488,True
0.48,361,1.761143,0.923853,0.155596,True
0.48,362,1.692485,1.050550,0.086078,True
0.48,363,1.345015,0.828194,0.135934,True
0.48,364,1.920157,0.743355,0.381502,True
0.48,365,1.655581,1.036777,0.075309,True
0.48,366,1.415942,0.686770,0.183237,True
0.48,367,1.331384,0.768505,0.214361,True
0.48,368,1.563194,0.872367,0.381035,True
0.48,369,1.498084,0.960093,0.156075,True
0.48,370,2.200562,1.009791,0.139592,True
0.48,371,2.177961,0.953731,0.196279,True
0.48,372,1.180040,0.613001,0.345903,True
0.48,373,2.608816,0.782305,0.341504,True
0.48,374,1.251865,0.706350,0.490986,True
0.48,375,1.768745,0.719923,0.189416,True
0.48,376,1.394764,0.647482,0.168168,True
0.48,377,1.586436,0.873530,0.274352,True
0.48,378,1.457414,0.999388,0.098694,True
0.48,379,1.601375,0.949581,0.247859,True
0.48,380,1.774985,1.187297,0.011289,True
0.48,381,1.376310,0.921703,0.074737,True
0.48,382,2.093619,1.062264,0.196193,True
0.48,383,1.623367,0.961822,0.195969,True
0.48,384,1.708076,0.864681,0.028887,True
0.48,385,1.546790,1.134932,0.100451,True
0.48,386,1.620524,0.969034,0.169171,True
0.48,387,1.545321,1.241030,0.075398,True
0.48,388,2.075033,0.861958,0.240631,True
0.48,389,1.442491,0.615194,0.559671,True
0.48,390,1.506981,0.769788,0.190937,True
0.48,391,2.043653,1.086113,0.084515,True
0.48,392,1.903977,0.635673,0.340602,True
0.48,393,1.825748,0.731434,0.207439,True
0.48,394,1.940475,0.987059,0.161702,True
0.48,395,1.409851,0.793381,0.105326,True
0.48,396,2.073589,1.058718,0.147511,True
0.48,397,1.339936,0.653283,0.265183,True
0.48,398,2.267510,0.902058,0.156537,True
0.48,399,2.041735,1.061240,0.015978,True
0.48,400,1.909946,1.096780,0.002832,True
0.48,401,2.161157,0.864811,0.207998,True
0.48,402,1.939618,0.920749,0.167869,True
0.48,403,2.020054,1.037909,0.218811,True
0.48,404,1.397740,0.524321,0.667032,True
0.48,405,1.582873,0.828087,0.198423,True
0.48,406,1.312257,0.694553,0.328282,True
0.48,407,1.783440,0.810838,0.220173,True
0.48,408,1.240725,0.761409,0.213431,True
0.48,409,2.129951,1.073722,0.168033,True
0.48,410,1.281181,0.976779,0.223851,True
0.48,411,1.736106,0.749466,0.263803,True
0.48,412,1.995285,1.125062,0.062511,True
0.48,413,1.183876,0.863247,0.226414,True
0.48,414,1.301117,0.930513,0.190749,True
0.48,415,1.584191,1.000891,0.101830,True
0.48,416,1.417442,0.697963,0.339538,True
0.48,417,1.505790,1.129065,0.111334,True
0.48,418,1.322264,0.814826,0.155624,True
0.48,419,1.518102,0.883747,0.058028,True
0.48,420,1.765552,1.134889,0.018599,True
0.48,421,2.097479,1.094921,0.140409,True
0.48,422,1.864812,0.974335,0.079579,True
0.48,423,1.620742,0.965787,0.050766,True
0.48,424,1.217584,0.714167,0.350680,True
0.48,425,1.957918,0.950758,0.092575,True
0.48,426,1.213032,0.794266,0.228277,True
0.48,427,1.463195,0.760332,0.245667,True
0.48,428,1.781568,0.885772,0.212223,True
0.48,429,2.246105,0.781371,0.110364,True
0.48,430,1.592779,0.919793,0.322736,True
0.48,431,1.756426,0.692605,0.279004,True
0.48,432,1.793786,0.965897,0.102685,True
0.48,433,2.188439,0.839469,0.325827,True
0.48,434,1.570257,0.976489,0.040347,True
0.48,435,1.646905,1.227056,0.058157,True
0.48,436,1.916356,0.883551,0.089762,True
0.48,437,1.268664,0.909715,0.252323,True
0.48,438,1.307431,0.767776,0.365676,True
0.48,439,1.336593,0.827555,0.244974,True
0.48,440,2.091263,0.877039,0.214250,True
0.48,441,1.636351,0.929396,0.188269,True
0.48,442,1.130035,0.820928,0.384747,True
0.48,443,1.887984,0.744090,0.171935,True
0.48,444,1.351309,0.653190,0.432443,True
0.48,445,1.928895,0.814225,0.409475,True
0.48,446,1.610152,1.045293,0.214500,True
0.48,447,2.030963,1.042349,0.110447,True
0.48,448,1.111767,0.678453,0.249574,True
0.48,449,1.993628,1.225097,0.027969,True
0.48,450,1.654146,0.759597,0.153567,True
0.48,451,1.493140,0.709653,0.342889,True
0.48,452,1.963648,1.091820,0.268673,True
0.48,453,1.951403,0.915875,0.094097,True
0.48,454,1.574206,0.941749,0.134120,True
0.48,455,2.006525,0.714035,0.193293,True
0.48,456,0.923578,0.593471,0.312648,True
0.48,457,2.159011,1.072649,0.133360,True
0.48,458,1.660067,0.985742,0.211692,True
0.48,459,1.285979,0.636042,0.425366,True
0.48,460,1.547903,0.847947,0.047551,True
0.48,461,2.181203,1.044352,0.015015,True
0.48,462,1.924682,0.980190,0.224843,True
0.48,463,2.379797,0.765009,0.043881,True
0.48,464,1.302818,0.630519,0.490916,True
0.48,465,2.492408,0.896210,0.139330,True
0.48,466,2.032930,1.054567,0.022484,True
0.48,467,2.041141,0.793886,0.212858,True
0.48,468,1.336811,0.504026,0.407129,True
0.48,469,1.135079,0.718132,0.233775,True
0.48,470,2.885566,0.979429,0.172241,True
0.48,471,2.369376,0.886301,0.175863,True
0.48,472,1.661528,0.617822,0.392076,True
0.48,473,2.568317,0.980911,0.150290,True
0.48,474,1.957097,1.130207,0.025953,True
0.48,475,1.393091,0.823858,0.313709,True
0.48,476,0.982020,0.630087,0.400149,True
0.48,477,1.757823,0.735584,0.271216,True
0.48,478,1.676720,0.818218,0.188677,True
0.48,479,1.564088,1.230251,0.053870,True
0.48,480,1.973802,1.251146,0.041889,True
0.48,481,1.660829,0.930264,0.254510,True
0.48,482,2.258192,1.024597,0.132638,True
0.48,483,1.733351,0.815577,0.154971,True
0.48,484,1.874750,1.026012,0.235034,True
0.48,485,2.318003,0.896851,0.196105,True
0.48,486,0.979831,0.823447,0.171912,True
0.48,487,1.896976,0.649575,0.230468,True
0.48,488,2.138003,1.050873,0.038835,True
0.48,489,1.694527,0.920062,0.273104,True
0.48,490,1.625551,0.988108,0.183964,True
0.48,491,1.942477,0.894137,0.121674,True
0.48,492,1.463578,1.204916,0.104077,True
0.48,493,1.227024,0.566464,0.286182,True
0.48,494,1.345140,1.104290,0.020974,True
0.48,495,1.122429,0.722503,0.381591,True
0.48,496,1.892393,1.190055,0.031854,True
0.48,497,1.189788,0.647423,0.286480,True
0.48,498,1.554426,0.795764,0.308645,True
0.48,499,1.330052,0.803780,0.161411,True
0.50,0,1.897954,0.845069,0.158058,True
0.50,1,1.762723,0.942619,0.345956,True
0.50,2,0.739932,0.514909,0.525297,True
0.50,3,2.006987,0.654618,0.310362,True
0.50,4,1.482181,0.641558,0.320023,True
0.50,5,1.384695,0.680325,0.323567,True
0.50,6,1.730329,0.845958,0.206056,True
0.50,7,1.590594,0.612081,0.306049,True
0.50,8,1.766677,1.077339,0.076086,True
0.50,9,0.998875,0.744402,0.262651,True
0.50,10,1.229337,0.885203,0.302144,True
0.50,11,1.239607,0.868168,0.303481,True
0.50,12,1.646151,1.031157,0.198632,True
0.50,13,1.388843,0.749248,0.142801,True
0.50,14,1.951053,1.011159,0.086188,True
0.50,15,1.100829,0.723594,0.229631,True
0.50,16,1.905375,0.873590,0.150264,True
0.50,17,2.227308,1.266157,0.096699,True
0.50,18,0.954035,0.491888,0.445716,True
0.50,19,1.562067,0.715481,0.237242,True
0.50,20,1.553371,0.734797,0.270945,True
0.50,21,2.536276,0.791676,0.285906,True
0.50,22,1.490016,0.851803,0.246003,True
0.50,23,1.964673,0.901704,0.241176,True
0.50,24,1.961866,0.791366,0.172587,True
0.50,25,2.007700,0.964730,0.260076,True
0.50,26,1.910167,1.143065,0.165961,True
0.50,27,1.225437,0.717568,0.246539,True
0.50,28,1.746984,0.980177,0.011744,True
0.50,29,1.517010,0.969894,0.105178,True
0.50,30,1.582651,0.991596,0.030125,True
0.50,31,1.458028,0.881281,0.138144,True
0.50,32,1.825130,0.896509,0.132614,True
0.50,33,1.918529,0.848242,0.143911,True
0.50,34,1.264319,0.579465,0.436055,True
0.50,35,1.521503,1.081539,0.148497,True
0.50,36,2.094528,0.935214,0.093010,True
0.50,37,1.675879,1.115379,0.021723,True
0.50,38,1.993134,1.130199,0.121533,True
0.50,39,1.176456,0.903177,0.136460,True
0.50,40,1.184807,0.917501,0.309208,True
0.50,41,1.109605,0.715357,0.316493,True
0.50,42,1.951721,1.080383,0.168458,True
0.50,43,2.017589,0.751047,0.251438,True
0.50,44,2.053902,0.945375,0.137777,True
0.50,45,1.083387,0.670709,0.373705,True
0.50,46,1.890900,1.195659,0.052946,True
0.50,47,1.139566,0.746124,0.395152,True
0.50,48,1.212719,0.711334,0.210052,True
0.50,49,1.785364,0.916499,0.128545,True
0.50,50,1.572232,0.854399,0.283768,True
0.50,51,1.108218,0.661107,0.327293,True
0.50,52,1.916368,0.889996,0.172893,True
0.50,53,1.477337,0.914345,0.225759,True
0.50,54,1.784361,0.820866,0.348953,True
0.50,55,2.154232,1.071463,0.201724,True
0.50,56,1.393710,0.832407,0.186444,True
0.50,57,1.748436,0.929660,0.119690,True
0.50,58,1.166024,0.543925,0.265556,True
0.50,59,1.579349,0.908265,0.159247,True
0.50,60,1.525180,0.717579,0.324942,True
0.50,61,1.910597,0.933547,0.051269,True
0.50,62,1.564766,0.955664,0.097836,True
0.50,63,1.354282,0.564232,0.518646,True
0.50,64,1.656016,0.760910,0.181471,True
0.50,65,1.807146,0.749544,0.221371,True
0.50,66,1.738577,0.776378,0.128197,True
0.50,67,1.184125,0.774581,0.327221,True
0.50,68,1.405444,0.996056,0.266651,True
0.50,69,1.877193,1.046587,0.109964,True
0.50,70,1.113236,0.699403,0.506417,True
0.50,71,1.951552,0.968309,0.170166,True
0.50,72,1.445063,0.701912,0.211004,True
0.50,73,1.119446,0.593726,0.374252,True
0.50,74,1.808709,0.934779,0.055875,True
0.50,75,1.190144,0.665843,0.364413,True
0.50,76,1.868141,0.967008,0.184636,True
0.50,77,1.999721,0.896268,0.195498,True
0.50,78,2.204403,0.938707,0.052867,True
0.50,79,1.672845,0.977669,0.083007,True
0.50,80,1.663507,0.859361,0.269346,True
0.50,81,1.204124,0.568817,0.276707,True
0.50,82,1.503632,0.838426,0.080833,True
0.50,83,1.465082,0.939380,0.144314,True
0.50,84,1.497348,0.601472,0.426460,True
0.50,85,1.182504,0.747323,0.222721,True
0.50,86,1.386081,0.852965,0.302400,True
0.50,87,1.512125,0.675727,0.281231,True
0.50,88,1.804297,0.969374,0.225683,True
0.50,89,2.602682,0.794657,0.268866,True
0.50,90,1.228869,0.699610,0.269808,True
0.50,91,1.258417,0.545460,0.455307,True
0.50,92,1.387160,0.827453,0.368568,True
0.50,93,1.659295,0.763280,0.171266,True
0.50,94,1.983610,1.007664,0.129051,True
0.50,95,1.782353,0.717934,0.225301,True
0.50,96,1.820291,1.102864,0.105846,True
0.50,97,1.527026,0.860132,0.288694,True
0.50,98,1.326106,0.728992,0.257161,True
0.50,99,1.700528,0.565655,0.335233,True
0.50,100,1.432530,0.758156,0.208635,True
0.50,101,1.695728,0.946408,0.119712,True
0.50,102,1.372730,0.863045,0.078229,True
0.50,103,1.765511,0.849441,0.184514,True
0.50,104,1.575506,0.794061,0.156458,True
0.50,105,1.745495,0.733427,0.163288,True
0.50,106,1.505872,0.869768,0.118242,True
0.50,107,1.461589,0.768663,0.380270,True
0.50,108,1.698721,0.674657,0.384650,True
0.50,109,1.604555,0.928426,0.209238,True
0.50,110,1.677100,0.867298,0.127369,True
0.50,111,1.808546,1.000474,0.088986,True
0.50,112,1.512590,0.846725,0.173510,True
0.50,113,1.370835,0.592662,0.404327,True
0.50,114,1.340110,1.039525,0.164733,True
0.50,115,1.305263,0.773729,0.266595,True
0.50,116,1.304015,0.657682,0.266851,True
0.50,117,1.835139,1.165772,0.076971,True
0.50,118,2.820180,0.647338,0.174860,True
0.50,119,1.214500,0.493494,0.188554,True
0.50,120,1.527195,0.909612,0.230674,True
0.50,121,1.463222,1.123278,0.122347,True
0.50,122,1.553368,0.648842,0.290451,True
0.50,123,2.352244,1.111683,0.119820,True
0.50,124,1.616898,0.750743,0.323439,True
0.50,125,1.894035,1.063444,0.081764,True
0.50,126,2.274493,0.959157,0.126839,True
0.50,127,1.320270,0.653564,0.311352,True
0.50,128,2.189564,1.150322,0.211428,True
0.50,129,1.483497,0.677694,0.252305,True
0.50,130,2.173295,1.031756,0.065374,True
0.50,131,1.311792,0.493152,0.547563,True
0.50,132,1.744365,1.099884,0.098935,True
0.50,133,1.464737,0.741637,0.147902,True
0.50,134,1.290698,0.972679,0.289120,True
0.50,135,1.635188,0.977133,0.246668,True
0.50,136,1.393541,0.993304,0.092484,True
0.50,137,1.634518,0.800161,0.204708,True
0.50,138,1.553327,0.801486,0.304460,True
0.50,139,1.784468,1.038734,0.000000,True
0.50,140,1.485519,0.847894,0.311502,True
0.50,141,1.739545,0.811984,0.153184,True
0.50,142,1.327435,0.869367,0.326031,True
0.50,143,2.440961,0.945292,0.255840,True
0.50,144,1.619241,1.074546,0.253851,True
0.50,145,1.876131,0.821142,0.381578,True
0.50,146,1.657272,0.736290,0.087475,True
0.50,147,1.148600,0.802511,0.210237,True
0.50,148,1.617887,0.920189,0.161178,True
0.50,149,1.537641,1.032370,0.013023,True
0.50,150,1.402178,0.956864,0.191161,True
0.50,151,1.695605,0.882865,0.217380,True
0.50,152,1.356177,0.772042,0.308448,True
0.50,153,1.720777,0.760609,0.252003,True
0.50,154,2.252748,1.045365,0.145176,True
0.50,155,1.359837,0.693043,0.327403,True
0.50,156,1.956883,1.092703,0.025242,True
0.50,157,1.845694,1.022978,0.091488,True
0.50,158,1.799772,0.843735,0.098065,True
0.50,159,1.548798,1.050152,0.048672,True
0.50,160,1.912768,1.066572,0.230585,True
0.50,161,1.368233,0.663661,0.381996,True
0.50,162,1.732809,0.960455,0.100301,True
0.50,163,1.420391,0.909350,0.211196,True
0.50,164,1.228984,0.417837,0.503039,True
0.50,165,1.522468,0.779515,0.220635,True
0.50,166,1.798683,1.106375,0.110798,True
0.50,167,1.884292,0.939381,0.162433,True
0.50,168,1.560283,0.939989,0.217914,True
0.50,169,1.346842,0.870465,0.279497,True
0.50,170,1.439997,0.627930,0.456528,True
0.50,171,1.846261,0.854266,0.241762,True
0.50,172,1.090288,0.607269,0.535357,True
0.50,173,1.314587,0.737400,0.199881,True
0.50,174,1.658255,0.879149,0.300180,True
0.50,175,1.723670,1.051140,0.136151,True
0.50,176,1.660179,0.776539,0.227855,True
0.50,177,2.045592,0.703842,0.208796,True
0.50,178,1.328623,0.767381,0.296265,True
0.50,179,1.226020,0.792670,0.162228,True
0.50,180,3.030818,0.771566,0.301099,True
0.50,181,1.171530,0.672329,0.261405,True
0.50,182,1.397306,0.757243,0.208966,True
0.50,183,1.801995,1.029208,0.112560,True
0.50,184,1.717940,0.664003,0.375561,True
0.50,185,1.523426,0.871119,0.113962,True
0.50,186,1.427442,0.643158,0.270055,True
0.50,187,1.176744,0.587047,0.357018,True
0.50,188,1.264374,0.688248,0.332765,True
0.50,189,2.265127,1.203781,0.042999,True
0.50,190,1.809296,1.105121,0.008728,True
0.50,191,1.529359,0.877391,0.157503,True
0.50,192,1.516986,0.771522,0.344086,True
0.50,193,1.595142,0.763949,0.281325,True
0.50,194,2.122939,0.988876,0.036178,True
0.50,195,1.449707,0.882808,0.188966,True
0.50,196,1.458259,0.509184,0.416530,True
0.50,197,1.750117,0.766134,0.095414,True
0.50,198,1.516873,0.798488,0.332436,True
0.50,199,1.879972,0.788164,0.184380,True
0.50,200,1.442843,1.026579,0.132277,True
0.50,201,1.796059,0.743425,0.389210,True
0.50,202,1.713468,0.488420,0.507108,True
0.50,203,1.117299,0.733682,0.352029,True
0.50,204,1.903661,0.888955,0.211604,True
0.50,205,1.256378,0.745940,0.309712,True
0.50,206,1.785551,1.060041,0.075221,True
0.50,207,1.717677,1.160616,0.065252,True
0.50,208,1.489077,0.665611,0.292697,True
0.50,209,2.309612,0.946527,0.197418,True
0.50,210,1.455955,0.780427,0.276218,True
0.50,211,2.257762,1.020379,0.101273,True
0.50,212,2.027812,0.758308,0.233391,True
0.50,213,1.783713,0.804167,0.243156,True
0.50,214,1.419929,0.680169,0.325212,True
0.50,215,2.363541,1.030921,0.024508,True
0.50,216,1.555216,0.988866,0.183703,True
0.50,217,1.876530,0.951907,0.243101,True
0.50,218,1.345941,0.696997,0.319427,True
0.50,219,1.627688,1.159044,0.018707,True
0.50,220,1.363586,0.855100,0.090069,True
0.50,221,1.103400,0.468390,0.537840,True
0.50,222,1.895415,0.945885,0.200928,True
0.50,223,0.897969,0.563638,0.465699,True
0.50,224,1.035545,0.573071,0.280332,True
0.50,225,1.605406,0.911966,0.090031,True
0.50,226,1.545182,1.090529,0.194990,True
0.50,227,1.618109,0.593804,0.351987,True
0.50,228,2.081312,0.954906,0.120304,True
0.50,229,1.415912,0.771944,0.180952,True
0.50,230,1.763854,1.013412,0.145219,True
0.50,231,1.447615,0.884961,0.108517,True
0.50,232,2.273409,1.049696,0.150725,True
0.50,233,1.730044,0.863828,0.301358,True
0.50,234,1.530860,0.965626,0.135683,True
0.50,235,1.494071,0.830258,0.182289,True
0.50,236,1.245740,0.818115,0.281387,True
0.50,237,1.351747,0.887747,0.262825,True
0.50,238,2.076332,0.903712,0.209158,True
0.50,239,1.281402,0.704491,0.467070,True
0.50,240,1.516231,0.742460,0.233771,True
0.50,241,1.361670,1.040186,0.088581,True
0.50,242,1.638549,0.914494,0.073628,True
0.50,243,1.818529,1.028341,0.033605,True
0.50,244,1.207704,0.699884,0.231398,True
0.50,245,1.711213,1.112585,0.192423,True
0.50,246,1.354635,0.755517,0.355977,True
0.50,247,1.516651,0.880007,0.237067,True
0.50,248,1.239771,0.735563,0.429254,True
0.50,249,1.184476,0.600969,0.172496,True
0.50,250,1.789691,0.839857,0.256362,True
0.50,251,1.050644,0.606282,0.245046,True
0.50,252,1.828855,1.010895,0.095862,True
0.50,253,1.370429,0.923501,0.211192,True
0.50,254,1.632135,0.769556,0.140267,True
0.50,255,1.350520,0.700944,0.381815,True
0.50,256,1.710637,0.916678,0.243196,True
0.50,257,1.602145,0.826676,0.229847,True
0.50,258,1.817593,0.924049,0.297985,True
0.50,259,2.293597,1.095001,0.071915,True
0.50,260,1.575185,0.926948,0.090421,True
0.50,261,1.665921,1.015359,0.127333,True
0.50,262,1.504021,0.724670,0.559821,True
0.50,263,1.387350,0.839919,0.165979,True
0.50,264,1.555143,0.884519,0.070344,True
0.50,265,2.004240,0.729567,0.277099,True
0.50,266,1.325748,0.788227,0.199692,True
0.50,267,1.401272,0.789560,0.168044,True
0.50,268,1.546271,0.896582,0.041483,True
0.50,269,1.372427,0.642171,0.468474,True
0.50,270,1.559297,0.855996,0.277361,True
0.50,271,1.142015,0.630894,0.451723,True
0.50,272,1.158887,0.882482,0.360645,True
0.50,273,1.734238,0.606839,0.390482,True
0.50,274,1.898697,0.927650,0.223520,True
0.50,275,1.746158,1.031779,0.145902,True
0.50,276,1.408800,0.619773,0.256079,True
0.50,277,2.101616,0.942609,0.198437,True
0.50,278,1.669016,0.879473,0.037597,True
0.50,279,2.296082,0.800430,0.337317,True
0.50,280,1.772509,0.820891,0.180412,True
0.50,281,1.103333,0.766750,0.376877,True
0.50,282,1.552609,0.754271,0.333702,True
0.50,283,1.188159,0.444171,0.389385,True
0.50,284,0.989553,0.589046,0.373034,True
0.50,285,1.860648,1.022323,0.162290,True
0.50,286,1.174060,0.695370,0.369484,True
0.50,287,1.728027,0.757870,0.279998,True
0.50,288,1.105849,0.638612,0.317157,True
0.50,289,1.887217,1.167672,0.000000,True
0.50,290,1.256118,0.788578,0.284579,True
0.50,291,2.372274,0.665059,0.319133,True
0.50,292,1.189610,0.468206,0.339818,True
0.50,293,2.051701,1.111359,0.123965,True
0.50,294,1.609711,0.730774,0.204885,True
0.50,295,2.339784,1.018005,0.150105,True
0.50,296,1.429147,0.825734,0.231744,True
0.50,297,1.468570,0.823398,0.326192,True
0.50,298,1.657553,1.042444,0.189938,True
0.50,299,1.378314,0.664667,0.412727,True
0.50,300,1.696350,1.096116,0.034262,True
0.50,301,1.854200,0.766998,0.142717,True
0.50,302,1.956863,0.744262,0.173753,True
0.50,303,1.130298,0.929735,0.221948,True
0.50,304,1.447591,0.778431,0.375917,True
0.50,305,1.980797,0.648213,0.264677,True
0.50,306,1.997120,0.854187,0.234713,True
0.50,307,1.818793,0.702313,0.162618,True
0.50,308,2.180528,1.010545,0.153380,True
0.50,309,1.488251,0.846073,0.219186,True
0.50,310,1.753385,0.847919,0.532254,True
0.50,311,2.045974,1.055480,0.051897,True
0.50,312,2.580401,0.886557,0.147861,True
0.50,313,1.346057,0.865277,0.350113,True
0.50,314,1.326690,0.994702,0.241655,True
0.50,315,1.597725,1.023201,0.064635,True
0.50,316,1.587466,0.716896,0.443895,True
0.50,317,1.680303,0.672171,0.400500,True
0.50,318,1.331643,0.868693,0.140029,True
0.50,319,2.259082,0.993142,0.055446,True
0.50,320,1.198581,0.733516,0.240705,True
0.50,321,1.506029,0.563510,0.512487,True
0.50,322,1.601545,0.779771,0.313625,True
0.50,323,1.446214,0.812632,0.208883,True
0.50,324,1.473755,0.869846,0.254079,True
0.50,325,1.358594,0.849483,0.137091,True
0.50,326,1.760520,0.964747,0.241796,True
0.50,327,0.754746,0.511134,0.482933,True
0.50,328,1.867587,0.756661,0.143234,True
0.50,329,1.767777,1.051942,0.098705,True
0.50,330,1.113232,0.732668,0.338212,True
0.50,331,2.025955,0.794094,0.277477,True
0.50,332,1.128865,0.525113,0.432847,True
0.50,333,1.074185,0.565424,0.317523,True
0.50,334,1.760783,0.714435,0.274009,True
0.50,335,0.907401,0.528535,0.421290,True
0.50,336,1.359624,0.778192,0.282394,True
0.50,337,1.242985,0.654320,0.401625,True
0.50,338,1.837892,1.061399,0.057967,True
0.50,339,2.963767,0.892328,0.204599,True
0.50,340,1.335506,0.941630,0.183750,True
0.50,341,1.963257,0.861465,0.147597,True
0.50,342,1.948632,1.144650,0.046415,True
0.50,343,1.726422,1.068736,0.058621,True
0.50,344,1.745123,0.934527,0.137899,True
0.50,345,1.360477,1.006862,0.052267,True
0.50,346,1.265826,0.693678,0.270675,True
0.50,347,1.591496,0.818066,0.179333,True
0.50,348,1.307275,0.617347,0.510322,True
0.50,349,1.578371,0.763101,0.175401,True
0.50,350,1.577823,0.798917,0.215168,True
0.50,351,1.300226,0.700680,0.170488,True
0.50,352,1.716460,0.827807,0.478042,True
0.50,353,1.556211,0.764786,0.212097,True
0.50,354,1.839983,1.177210,0.084277,True
0.50,355,1.527377,0.866167,0.115008,True
0.50,356,1.973469,0.981030,0.093054,True
0.50,357,1.225059,0.780949,0.223980,True
0.50,358,1.411342,0.767602,0.267281,True
0.50,359,1.888622,0.733076,0.163677,True
0.50,360,1.645656,0.707628,0.223394,True
0.50,361,1.752714,0.920907,0.158066,True
0.50,362,1.678072,1.045340,0.090449,True
0.50,363,1.342027,0.827344,0.136627,True
0.50,364,1.911031,0.739844,0.384244,True
0.50,365,1.647796,1.033652,0.077865,True
0.50,366,1.410287,0.685607,0.184264,True
0.50,367,1.326944,0.767443,0.215261,True
0.50,368,1.554242,0.869910,0.383187,True
0.50,369,1.484962,0.956077,0.159417,True
0.50,370,2.190306,1.000904,0.146221,True
0.50,371,2.163088,0.946503,0.202104,True
0.50,372,1.178519,0.612650,0.346161,True
0.50,373,2.623808,0.762698,0.355351,True
0.50,374,1.249929,0.705759,0.491407,True
0.50,375,1.760254,0.717750,0.191281,True
0.50,376,1.391749,0.646368,0.168910,True
0.50,377,1.580998,0.871274,0.276046,True
0.50,378,1.448695,0.996496,0.101087,True
0.50,379,1.593879,0.946652,0.250170,True
0.50,380,1.765922,1.183359,0.014630,True
0.50,381,1.371956,0.920488,0.075799,True
0.50,382,2.079064,1.055259,0.201929,True
0.50,383,1.616532,0.959322,0.198019,True
0.50,384,1.701443,0.861693,0.031131,True
0.50,385,1.538447,1.132204,0.102958,True
0.50,386,1.609476,0.965520,0.172188,True
0.50,387,1.537774,1.238205,0.077934,True
0.50,388,2.058140,0.856408,0.245364,True
0.50,389,1.438923,0.614243,0.560387,True
0.50,390,1.500439,0.768166,0.192337,True
0.50,391,2.026151,1.079140,0.090501,True
0.50,392,1.892573,0.632783,0.343009,True
0.50,393,1.817729,0.728503,0.209714,True
0.50,394,1.933696,0.981422,0.165728,True
0.50,395,1.400732,0.790981,0.107271,True
0.50,396,2.061300,1.052180,0.152739,True
0.50,397,1.337739,0.652643,0.265648,True
0.50,398,2.254931,0.893440,0.163131,True
0.50,399,2.025675,1.054633,0.021571,True
0.50,400,1.894270,1.090844,0.007979,True
0.50,401,2.144190,0.858615,0.213183,True
0.50,402,1.930882,0.916112,0.171424,True
0.50,403,2.011243,1.030363,0.224283,True
0.50,404,1.391591,0.523445,0.667843,True
0.50,405,1.575726,0.826159,0.200101,True
0.50,406,1.310072,0.693521,0.328909,True
0.50,407,1.772181,0.806943,0.223279,True
0.50,408,1.235090,0.760234,0.214457,True
0.50,409,2.120160,1.065613,0.174102,True
0.50,410,1.277247,0.975624,0.224839,True
0.50,411,1.725903,0.746755,0.266115,True
0.50,412,1.980017,1.118192,0.068243,True
0.50,413,1.177076,0.861845,0.227695,True
0.50,414,1.297654,0.929541,0.191587,True
0.50,415,1.575787,0.997936,0.104298,True
0.50,416,1.414300,0.696823,0.340335,True
0.50,417,1.501526,1.127278,0.112795,True
0.50,418,1.319970,0.813944,0.156247,True
0.50,419,1.510552,0.881480,0.059929,True
0.50,420,1.750938,1.129263,0.023415,True
0.50,421,2.083359,1.086845,0.146808,True
0.50,422,1.851417,0.970186,0.083302,True
0.50,423,1.611826,0.962514,0.053426,True
0.50,424,1.215913,0.713624,0.351051,True
0.50,425,1.949088,0.945270,0.096662,True
0.50,426,1.211156,0.793753,0.228679,True
0.50,427,1.459898,0.759250,0.246493,True
0.50,428,1.768975,0.882214,0.215389,True
0.50,429,2.227969,0.774940,0.115692,True
0.50,430,1.582556,0.916829,0.325330,True
0.50,431,1.748606,0.690060,0.280986,True
0.50,432,1.786796,0.961924,0.105620,True
0.50,433,2.171109,0.832802,0.331303,True
0.50,434,1.563121,0.974388,0.042242,True
0.50,435,1.639185,1.223395,0.061142,True
0.50,436,1.900746,0.878595,0.093998,True
0.50,437,1.266069,0.908854,0.252986,True
0.50,438,1.303496,0.766603,0.366552,True
0.50,439,1.331576,0.826149,0.246106,True
0.50,440,2.078458,0.871560,0.218670,True
0.50,441,1.629201,0.927102,0.190237,True
0.50,442,1.128872,0.820624,0.384986,True
0.50,443,1.879127,0.740646,0.174599,True
0.50,444,1.348947,0.652558,0.432921,True
0.50,445,1.914379,0.809471,0.413400,True
0.50,446,1.602206,1.042385,0.216956,True
0.50,447,2.014723,1.036179,0.115767,True
0.50,448,1.110479,0.678168,0.249792,True
0.50,449,1.983812,1.218220,0.033262,True
0.50,450,1.642780,0.756883,0.155963,True
0.50,451,1.487308,0.708104,0.344133,True
0.50,452,1.947519,1.085475,0.274117,True
0.50,453,1.942353,0.911204,0.097689,True
0.50,454,1.568066,0.939853,0.135768,True
0.50,455,1.996330,0.710059,0.196392,True
0.50,456,0.920535,0.592868,0.312974,True
0.50,457,2.146098,1.064775,0.139562,True
0.50,458,1.653345,0.983364,0.213703,True
0.50,459,1.279106,0.634425,0.426544,True
0.50,460,1.542617,0.845889,0.049103,True
0.50,461,2.165644,1.036552,0.021373,True
0.50,462,1.914698,0.975151,0.228777,True
0.50,463,2.366306,0.756513,0.050417,True
0.50,464,1.299322,0.629842,0.491494,True
0.50,465,2.492224,0.880333,0.150708,True
0.50,466,2.019019,1.048713,0.027415,True
0.50,467,2.029349,0.789068,0.216674,True
0.50,468,1.333808,0.503448,0.407577,True
0.50,469,1.132354,0.717615,0.234225,True
0.50,470,2.885566,0.979429,0.172241,True
0.50,471,2.353666,0.877140,0.183095,True
0.50,472,1.655313,0.615943,0.393500,True
0.50,473,2.565462,0.961922,0.164195,True
0.50,474,1.943043,1.124506,0.030884,True
0.50,475,1.387395,0.822397,0.314960,True
0.50,476,0.980656,0.629883,0.400320,True
0.50,477,1.751744,0.733002,0.273126,True
0.50,478,1.663518,0.814528,0.191788,True
0.50,479,1.557374,1.227425,0.056270,True
0.50,480,1.957889,1.244257,0.047903,True
0.50,481,1.652139,0.927585,0.256844,True
0.50,482,2.243714,1.015644,0.139695,True
0.50,483,1.726303,0.812922,0.157047,True
0.50,484,1.859265,1.020406,0.239823,True
0.50,485,2.303335,0.888271,0.202843,True
0.50,486,0.978147,0.823144,0.172184,True
0.50,487,1.885957,0.646810,0.232799,True
0.50,488,2.123039,1.043332,0.044953,True
0.50,489,1.687372,0.917421,0.275259,True
0.50,490,1.617989,0.985082,0.186380,True
0.50,491,1.930237,0.890035,0.125174,True
0.50,492,1.458543,1.202942,0.105774,True
0.50,493,1.224616,0.565921,0.286570,True
0.50,494,1.339608,1.102451,0.022553,True
0.50,495,1.121090,0.722099,0.381861,True
0.50,496,1.877078,1.183436,0.037470,True
0.50,497,1.186976,0.646781,0.286958,True
0.50,498,1.548838,0.793883,0.310107,True
0.50,499,1.322181,0.802139,0.162924,True
