beta,eta,gamma,n,repeat_id,method_id,method_variant,beta_hat,eta_hat,gamma_hat,r_squared,converged,time,status,beta_error,eta_error,gamma_error,beta_rel_error,eta_rel_error,gamma_rel_error,extra,block,sample_sha256
2.0,1000.0,1000.0,7,0,cw_engineering,cw_engineering,2.7343096297624245,1014.133527502673,827.994685263336,0.0,True,0.0325609000283293,success,0.7343096297624245,14.13352750267302,-172.005314736664,0.3671548148812122,0.014133527502673,-0.172005314736664,"{""solution_info"": {""status"": ""ok"", ""policy"": ""engineering"", ""diagnostic"": {""fits"": {""engineering"": {""status"": ""ok"", ""estimate"": {""log_gap"": -0.7223189971356819, ""beta"": 2.7343096297624245, ""eta"": 1014.133527502673, ""gamma"": 827.994685263336, ""objective"": 2.406025760924086e-29, ""raw_gap"": 485.62478667690317}, ""location_lower_raw"": 0.0, ""shape_bounds"": [0.1, 9.99], ""roots_found"": 1}, ""paper"": {""status"": ""ok"", ""estimate"": {""log_gap"": -0.7223189971356819, ""beta"": 2.7343096297624245, ""eta"": 1014.133527502673, ""gamma"": 827.994685263336, ""objective"": 2.406025760924086e-29, ""raw_gap"": 485.62478667690317}, ""location_lower_raw"": -2096.2218566802003, ""shape_bounds"": [0.1, 15.0], ""roots_found"": 1}}, ""candidates"": [{""log_gap"": -0.7223189971356819, ""beta"": 2.7343096297624245, ""eta"": 1014.133527502673, ""gamma"": 827.994685263336, ""objective"": 2.406025760924086e-29, ""raw_gap"": 485.62478667690317}], ""log_gap_step"": 0.04, ""grid_points"": 435, ""finite_minimum_residual"": -0.30486246986785726, ""finite_minimum_gamma"": -2096.2218566801994, ""limit_residual"": -0.37894787330074986, ""observed_monotone_decreasing"": true, ""observed_monotone_increasing"": false, ""local_extrema"": 0, ""searched_gamma_low"": -2096.2218566801994, ""searched_gamma_high"": 1313.619371940239, ""no_global_nonexistence_proof"": true}}}",10,19f95640cd94fe73956762cc5af27c2ed0e49bfb07b0ceaf1d19944bb5e68d86
2.0,1000.0,1000.0,7,0,cw_paper,cw_paper,2.7343096297624245,1014.133527502673,827.994685263336,0.0,True,9.000010322779417e-06,success,0.7343096297624245,14.13352750267302,-172.005314736664,0.3671548148812122,0.014133527502673,-0.172005314736664,"{""solution_info"": {""status"": ""ok"", ""policy"": ""paper"", ""diagnostic"": {""fits"": {""engineering"": {""status"": ""ok"", ""estimate"": {""log_gap"": -0.7223189971356819, ""beta"": 2.7343096297624245, ""eta"": 1014.133527502673, ""gamma"": 827.994685263336, ""objective"": 2.406025760924086e-29, ""raw_gap"": 485.62478667690317}, ""location_lower_raw"": 0.0, ""shape_bounds"": [0.1, 9.99], ""roots_found"": 1}, ""paper"": {""status"": ""ok"", ""estimate"": {""log_gap"": -0.7223189971356819, ""beta"": 2.7343096297624245, ""eta"": 1014.133527502673, ""gamma"": 827.994685263336, ""objective"": 2.406025760924086e-29, ""raw_gap"": 485.62478667690317}, ""location_lower_raw"": -2096.2218566802003, ""shape_bounds"": [0.1, 15.0], ""roots_found"": 1}}, ""candidates"": [{""log_gap"": -0.7223189971356819, ""beta"": 2.7343096297624245, ""eta"": 1014.133527502673, ""gamma"": 827.994685263336, ""objective"": 2.406025760924086e-29, ""raw_gap"": 485.62478667690317}], ""log_gap_step"": 0.04, ""grid_points"": 435, ""finite_minimum_residual"": -0.30486246986785726, ""finite_minimum_gamma"": -2096.2218566801994, ""limit_residual"": -0.37894787330074986, ""observed_monotone_decreasing"": true, ""observed_monotone_increasing"": false, ""local_extrema"": 0, ""searched_gamma_low"": -2096.2218566801994, ""searched_gamma_high"": 1313.619371940239, ""no_global_nonexistence_proof"": true}}}",10,19f95640cd94fe73956762cc5af27c2ed0e49bfb07b0ceaf1d19944bb5e68d86
2.0,1000.0,1000.0,7,1,cw_engineering,cw_engineering,,,,,False,0.0622836999827995,failure,,,,,,,"{""solution_info"": {""status"": ""no_root_after_dense_search"", ""policy"": ""engineering"", ""diagnostic"": {""fits"": {""engineering"": {""status"": ""no_root_after_dense_search"", ""estimate"": null, ""location_lower_raw"": 0.0, ""shape_bounds"": [0.1, 9.99], ""roots_found"": 0}, ""paper"": {""status"": ""no_root_after_dense_search"", ""estimate"": null, ""location_lower_raw"": -2050.92538506185, ""shape_bounds"": [0.1, 15.0], ""roots_found"": 0}}, ""candidates"": [], ""log_gap_step"": 0.01, ""grid_points"": 2330, ""finite_minimum_residual"": 0.9950690663386514, ""finite_minimum_gamma"": -73770898451147.8, ""limit_residual"": 0.9950690663328383, ""observed_monotone_decreasing"": true, ""observed_monotone_increasing"": false, ""local_extrema"": 0, ""searched_gamma_low"": -73770898451147.8, ""searched_gamma_high"": 1288.1340076996144, ""no_global_nonexistence_proof"": true}}}",10,78d0baae2f6145e89cbdb65c6457da8c5e775c2033cd5082bdc57fdb48fa0f25
2.0,1000.0,1000.0,7,1,cw_paper,cw_paper,,,,,False,8.000002708286047e-06,failure,,,,,,,"{""solution_info"": {""status"": ""no_root_after_dense_search"", ""policy"": ""paper"", ""diagnostic"": {""fits"": {""engineering"": {""status"": ""no_root_after_dense_search"", ""estimate"": null, ""location_lower_raw"": 0.0, ""shape_bounds"": [0.1, 9.99], ""roots_found"": 0}, ""paper"": {""status"": ""no_root_after_dense_search"", ""estimate"": null, ""location_lower_raw"": -2050.92538506185, ""shape_bounds"": [0.1, 15.0], ""roots_found"": 0}}, ""candidates"": [], ""log_gap_step"": 0.01, ""grid_points"": 2330, ""finite_minimum_residual"": 0.9950690663386514, ""finite_minimum_gamma"": -73770898451147.8, ""limit_residual"": 0.9950690663328383, ""observed_monotone_decreasing"": true, ""observed_monotone_increasing"": false, ""local_extrema"": 0, ""searched_gamma_low"": -73770898451147.8, ""searched_gamma_high"": 1288.1340076996144, ""no_global_nonexistence_proof"": true}}}",10,78d0baae2f6145e89cbdb65c6457da8c5e775c2033cd5082bdc57fdb48fa0f25
2.0,1000.0,1000.0,7,2,cw_engineering,cw_engineering,,,,,False,0.1323928999481722,failure,,,,,,,"{""solution_info"": {""status"": ""no_root_after_dense_search"", ""policy"": ""engineering"", ""diagnostic"": {""fits"": {""engineering"": {""status"": ""no_root_after_dense_search"", ""estimate"": null, ""location_lower_raw"": 0.0, ""shape_bounds"": [0.1, 9.99], ""roots_found"": 0}, ""paper"": {""status"": ""no_root_after_dense_search"", ""estimate"": null, ""location_lower_raw"": -5253.719616138323, ""shape_bounds"": [0.1, 15.0], ""roots_found"": 0}}, ""candidates"": [], ""log_gap_step"": 0.01, ""grid_points"": 2398, ""finite_minimum_residual"": 0.15574045098280687, ""finite_minimum_gamma"": -151759878887111.16, ""limit_residual"": 0.15574045097636757, ""observed_monotone_decreasing"": true, ""observed_monotone_increasing"": false, ""local_extrema"": 0, ""searched_gamma_low"": -157945620797004.56, ""searched_gamma_high"": 1136.083588975049, ""no_global_nonexistence_proof"": true}}}",10,624c04a5961a090a7488e2ce3d7777dfaee16578a2a93c254b8a6c097be2ad12
2.0,1000.0,1000.0,7,2,cw_paper,cw_paper,,,,,False,9.100011084228754e-06,failure,,,,,,,"{""solution_info"": {""status"": ""no_root_after_dense_search"", ""policy"": ""paper"", ""diagnostic"": {""fits"": {""engineering"": {""status"": ""no_root_after_dense_search"", ""estimate"": null, ""location_lower_raw"": 0.0, ""shape_bounds"": [0.1, 9.99], ""roots_found"": 0}, ""paper"": {""status"": ""no_root_after_dense_search"", ""estimate"": null, ""location_lower_raw"": -5253.719616138323, ""shape_bounds"": [0.1, 15.0], ""roots_found"": 0}}, ""candidates"": [], ""log_gap_step"": 0.01, ""grid_points"": 2398, ""finite_minimum_residual"": 0.15574045098280687, ""finite_minimum_gamma"": -151759878887111.16, ""limit_residual"": 0.15574045097636757, ""observed_monotone_decreasing"": true, ""observed_monotone_increasing"": false, ""local_extrema"": 0, ""searched_gamma_low"": -157945620797004.56, ""searched_gamma_high"": 1136.083588975049, ""no_global_nonexistence_proof"": true}}}",10,624c04a5961a090a7488e2ce3d7777dfaee16578a2a93c254b8a6c097be2ad12
2.0,1000.0,1000.0,7,3,cw_engineering,cw_engineering,,,,,False,0.1089580000261776,failure,,,,,,,"{""solution_info"": {""status"": ""no_root_after_dense_search"", ""policy"": ""engineering"", ""diagnostic"": {""fits"": {""engineering"": {""status"": ""no_root_after_dense_search"", ""estimate"": null, ""location_lower_raw"": 0.0, ""shape_bounds"": [0.1, 9.99], ""roots_found"": 0}, ""paper"": {""status"": ""no_root_after_dense_search"", ""estimate"": null, ""location_lower_raw"": -2468.680435073642, ""shape_bounds"": [0.1, 15.0], ""roots_found"": 0}}, ""candidates"": [], ""log_gap_step"": 0.01, ""grid_points"": 2346, ""finite_minimum_residual"": 0.044463365180088754, ""finite_minimum_gamma"": -98982109518777.27, ""limit_residual"": 0.04446336517311211, ""observed_monotone_decreasing"": true, ""observed_monotone_increasing"": false, ""local_extrema"": 0, ""searched_gamma_low"": -98982109518777.27, ""searched_gamma_high"": 1285.8124159948636, ""no_global_nonexistence_proof"": true}}}",10,ce82d0db9dc693de3ffdc22611d8d71577725410574666be86cb3f566c767a6c
2.0,1000.0,1000.0,7,3,cw_paper,cw_paper,,,,,False,7.499998901039362e-06,failure,,,,,,,"{""solution_info"": {""status"": ""no_root_after_dense_search"", ""policy"": ""paper"", ""diagnostic"": {""fits"": {""engineering"": {""status"": ""no_root_after_dense_search"", ""estimate"": null, ""location_lower_raw"": 0.0, ""shape_bounds"": [0.1, 9.99], ""roots_found"": 0}, ""paper"": {""status"": ""no_root_after_dense_search"", ""estimate"": null, ""location_lower_raw"": -2468.680435073642, ""shape_bounds"": [0.1, 15.0], ""roots_found"": 0}}, ""candidates"": [], ""log_gap_step"": 0.01, ""grid_points"": 2346, ""finite_minimum_residual"": 0.044463365180088754, ""finite_minimum_gamma"": -98982109518777.27, ""limit_residual"": 0.04446336517311211, ""observed_monotone_decreasing"": true, ""observed_monotone_increasing"": false, ""local_extrema"": 0, ""searched_gamma_low"": -98982109518777.27, ""searched_gamma_high"": 1285.8124159948636, ""no_global_nonexistence_proof"": true}}}",10,ce82d0db9dc693de3ffdc22611d8d71577725410574666be86cb3f566c767a6c
2.0,1000.0,1000.0,7,4,cw_engineering,cw_engineering,2.3853404712592305,1254.3221021135528,671.4185112219453,0.0,True,0.0300163999781943,success,0.3853404712592305,254.3221021135528,-328.5814887780547,0.1926702356296152,0.2543221021135528,-0.3285814887780546,"{""solution_info"": {""status"": ""ok"", ""policy"": ""engineering"", ""diagnostic"": {""fits"": {""engineering"": {""status"": ""ok"", ""estimate"": {""log_gap"": -0.6174849377364277, ""beta"": 2.3853404712592305, ""eta"": 1254.3221021135528, ""gamma"": 671.4185112219453, ""objective"": 8.011868568650901e-31, ""raw_gap"": 539.2991041708774}, ""location_lower_raw"": 0.0, ""shape_bounds"": [0.1, 9.99], ""roots_found"": 1}, ""paper"": {""status"": ""ok"", ""estimate"": {""log_gap"": -0.6174849377364277, ""beta"": 2.3853404712592305, ""eta"": 1254.3221021135528, ""gamma"": 671.4185112219453, ""objective"": 8.011868568650901e-31, ""raw_gap"": 539.2991041708774}, ""location_lower_raw"": -3613.6278231810384, ""shape_bounds"": [0.1, 15.0], ""roots_found"": 1}}, ""candidates"": [{""log_gap"": -0.6174849377364277, ""beta"": 2.3853404712592305, ""eta"": 1254.3221021135528, ""gamma"": 671.4185112219453, ""objective"": 8.011868568650901e-31, ""raw_gap"": 539.2991041708774}], ""log_gap_step"": 0.04, ""grid_points"": 444, ""finite_minimum_residual"": -0.3853268955163738, ""finite_minimum_gamma"": -3613.6278231810384, ""limit_residual"": -0.4666320292350956, ""observed_monotone_decreasing"": true, ""observed_monotone_increasing"": false, ""local_extrema"": 0, ""searched_gamma_low"": -3613.6278231810384, ""searched_gamma_high"": 1210.7175153928226, ""no_global_nonexistence_proof"": true}}}",10,51ffcba4a5f58e7f92d852c9db79be2989af5d4153ea6ee5c51fef58282d218c
2.0,1000.0,1000.0,7,4,cw_paper,cw_paper,2.3853404712592305,1254.3221021135528,671.4185112219453,0.0,True,9.100011084228754e-06,success,0.3853404712592305,254.3221021135528,-328.5814887780547,0.1926702356296152,0.2543221021135528,-0.3285814887780546,"{""solution_info"": {""status"": ""ok"", ""policy"": ""paper"", ""diagnostic"": {""fits"": {""engineering"": {""status"": ""ok"", ""estimate"": {""log_gap"": -0.6174849377364277, ""beta"": 2.3853404712592305, ""eta"": 1254.3221021135528, ""gamma"": 671.4185112219453, ""objective"": 8.011868568650901e-31, ""raw_gap"": 539.2991041708774}, ""location_lower_raw"": 0.0, ""shape_bounds"": [0.1, 9.99], ""roots_found"": 1}, ""paper"": {""status"": ""ok"", ""estimate"": {""log_gap"": -0.6174849377364277, ""beta"": 2.3853404712592305, ""eta"": 1254.3221021135528, ""gamma"": 671.4185112219453, ""objective"": 8.011868568650901e-31, ""raw_gap"": 539.2991041708774}, ""location_lower_raw"": -3613.6278231810384, ""shape_bounds"": [0.1, 15.0], ""roots_found"": 1}}, ""candidates"": [{""log_gap"": -0.6174849377364277, ""beta"": 2.3853404712592305, ""eta"": 1254.3221021135528, ""gamma"": 671.4185112219453, ""objective"": 8.011868568650901e-31, ""raw_gap"": 539.2991041708774}], ""log_gap_step"": 0.04, ""grid_points"": 444, ""finite_minimum_residual"": -0.3853268955163738, ""finite_minimum_gamma"": -3613.6278231810384, ""limit_residual"": -0.4666320292350956, ""observed_monotone_decreasing"": true, ""observed_monotone_increasing"": false, ""local_extrema"": 0, ""searched_gamma_low"": -3613.6278231810384, ""searched_gamma_high"": 1210.7175153928226, ""no_global_nonexistence_proof"": true}}}",10,51ffcba4a5f58e7f92d852c9db79be2989af5d4153ea6ee5c51fef58282d218c
2.0,1000.0,1000.0,7,5,cw_engineering,cw_engineering,,,,,False,0.1101741000311449,failure,,,,,,,"{""solution_info"": {""status"": ""no_root_after_dense_search"", ""policy"": ""engineering"", ""diagnostic"": {""fits"": {""engineering"": {""status"": ""no_root_after_dense_search"", ""estimate"": null, ""location_lower_raw"": 0.0, ""shape_bounds"": [0.1, 9.99], ""roots_found"": 0}, ""paper"": {""status"": ""no_root_after_dense_search"", ""estimate"": null, ""location_lower_raw"": -1989.15901996957, ""shape_bounds"": [0.1, 15.0], ""roots_found"": 0}}, ""candidates"": [], ""log_gap_step"": 0.01, ""grid_points"": 2332, ""finite_minimum_residual"": 0.8605007161831444, ""finite_minimum_gamma"": -79155187248239.05, ""limit_residual"": 0.8605007161759031, ""observed_monotone_decreasing"": true, ""observed_monotone_increasing"": false, ""local_extrema"": 0, ""searched_gamma_low"": -79155187248239.05, ""searched_gamma_high"": 1338.5832045012612, ""no_global_nonexistence_proof"": true}}}",10,b8519d81581101751df48106e3ee8198c82baffae4d9d940bb9924dbd44ba5a0
2.0,1000.0,1000.0,7,5,cw_paper,cw_paper,,,,,False,9.100011084228754e-06,failure,,,,,,,"{""solution_info"": {""status"": ""no_root_after_dense_search"", ""policy"": ""paper"", ""diagnostic"": {""fits"": {""engineering"": {""status"": ""no_root_after_dense_search"", ""estimate"": null, ""location_lower_raw"": 0.0, ""shape_bounds"": [0.1, 9.99], ""roots_found"": 0}, ""paper"": {""status"": ""no_root_after_dense_search"", ""estimate"": null, ""location_lower_raw"": -1989.15901996957, ""shape_bounds"": [0.1, 15.0], ""roots_found"": 0}}, ""candidates"": [], ""log_gap_step"": 0.01, ""grid_points"": 2332, ""finite_minimum_residual"": 0.8605007161831444, ""finite_minimum_gamma"": -79155187248239.05, ""limit_residual"": 0.8605007161759031, ""observed_monotone_decreasing"": true, ""observed_monotone_increasing"": false, ""local_extrema"": 0, ""searched_gamma_low"": -79155187248239.05, ""searched_gamma_high"": 1338.5832045012612, ""no_global_nonexistence_proof"": true}}}",10,b8519d81581101751df48106e3ee8198c82baffae4d9d940bb9924dbd44ba5a0
2.0,1000.0,1000.0,7,6,cw_engineering,cw_engineering,1.9514002258683207,1304.4604184726427,903.3235310609756,0.0,True,0.0321733999880962,success,-0.0485997741316792,304.4604184726427,-96.6764689390244,-0.0242998870658396,0.3044604184726427,-0.0966764689390244,"{""solution_info"": {""status"": ""ok"", ""policy"": ""engineering"", ""diagnostic"": {""fits"": {""engineering"": {""status"": ""ok"", ""estimate"": {""log_gap"": -0.7659920304324295, ""beta"": 1.9514002258683207, ""eta"": 1304.4604184726427, ""gamma"": 903.3235310609756, ""objective"": 2.2817801683517766e-28, ""raw_gap"": 464.87253445108036}, ""location_lower_raw"": 0.0, ""shape_bounds"": [0.1, 9.99], ""roots_found"": 1}, ""paper"": {""status"": ""ok"", ""estimate"": {""log_gap"": -0.7659920304324295, ""beta"": 1.9514002258683207, ""eta"": 1304.4604184726427, ""gamma"": 903.3235310609756, ""objective"": 2.2817801683517766e-28, ""raw_gap"": 464.87253445108036}, ""location_lower_raw"": -4820.1781464952455, ""shape_bounds"": [0.1, 15.0], ""roots_found"": 1}}, ""candidates"": [{""log_gap"": -0.7659920304324295, ""beta"": 1.9514002258683207, ""eta"": 1304.4604184726427, ""gamma"": 903.3235310609756, ""objective"": 2.2817801683517766e-28, ""raw_gap"": 464.87253445108036}], ""log_gap_step"": 0.04, ""grid_points"": 450, ""finite_minimum_residual"": -0.5642292657843229, ""finite_minimum_gamma"": -4820.178146495246, ""limit_residual"": -0.6477956383754118, ""observed_monotone_decreasing"": true, ""observed_monotone_increasing"": false, ""local_extrema"": 0, ""searched_gamma_low"": -4820.178146495246, ""searched_gamma_high"": 1368.1959655120559, ""no_global_nonexistence_proof"": true}}}",10,9f6cbea99192d76ab18b07fff8944efeebc7ff18081db896ac5f051c580cf3a3
2.0,1000.0,1000.0,7,6,cw_paper,cw_paper,1.9514002258683207,1304.4604184726427,903.3235310609756,0.0,True,6.999995093792677e-06,success,-0.0485997741316792,304.4604184726427,-96.6764689390244,-0.0242998870658396,0.3044604184726427,-0.0966764689390244,"{""solution_info"": {""status"": ""ok"", ""policy"": ""paper"", ""diagnostic"": {""fits"": {""engineering"": {""status"": ""ok"", ""estimate"": {""log_gap"": -0.7659920304324295, ""beta"": 1.9514002258683207, ""eta"": 1304.4604184726427, ""gamma"": 903.3235310609756, ""objective"": 2.2817801683517766e-28, ""raw_gap"": 464.87253445108036}, ""location_lower_raw"": 0.0, ""shape_bounds"": [0.1, 9.99], ""roots_found"": 1}, ""paper"": {""status"": ""ok"", ""estimate"": {""log_gap"": -0.7659920304324295, ""beta"": 1.9514002258683207, ""eta"": 1304.4604184726427, ""gamma"": 903.3235310609756, ""objective"": 2.2817801683517766e-28, ""raw_gap"": 464.87253445108036}, ""location_lower_raw"": -4820.1781464952455, ""shape_bounds"": [0.1, 15.0], ""roots_found"": 1}}, ""candidates"": [{""log_gap"": -0.7659920304324295, ""beta"": 1.9514002258683207, ""eta"": 1304.4604184726427, ""gamma"": 903.3235310609756, ""objective"": 2.2817801683517766e-28, ""raw_gap"": 464.87253445108036}], ""log_gap_step"": 0.04, ""grid_points"": 450, ""finite_minimum_residual"": -0.5642292657843229, ""finite_minimum_gamma"": -4820.178146495246, ""limit_residual"": -0.6477956383754118, ""observed_monotone_decreasing"": true, ""observed_monotone_increasing"": false, ""local_extrema"": 0, ""searched_gamma_low"": -4820.178146495246, ""searched_gamma_high"": 1368.1959655120559, ""no_global_nonexistence_proof"": true}}}",10,9f6cbea99192d76ab18b07fff8944efeebc7ff18081db896ac5f051c580cf3a3
2.0,1000.0,1000.0,7,7,cw_engineering,cw_engineering,,,,,False,0.1531233999994583,failure,,,,,,,"{""solution_info"": {""status"": ""outside_declared_domain_root"", ""policy"": ""engineering"", ""diagnostic"": {""fits"": {""engineering"": {""status"": ""outside_declared_domain_root"", ""estimate"": null, ""location_lower_raw"": 0.0, ""shape_bounds"": [0.1, 9.99], ""roots_found"": 1}, ""paper"": {""status"": ""ok"", ""estimate"": {""log_gap"": 1.0921302004747255, ""beta"": 10.161865162054323, ""eta"": 3633.749214903332, ""gamma"": -1615.8964404438457, ""objective"": 2.465190328815662e-31, ""raw_gap"": 2980.6166256608008}, ""location_lower_raw"": -2126.6869513128945, ""shape_bounds"": [0.1, 15.0], ""roots_found"": 1}}, ""candidates"": [{""log_gap"": 1.0921302004747255, ""beta"": 10.161865162054323, ""eta"": 3633.749214903332, ""gamma"": -1615.8964404438457, ""objective"": 2.465190328815662e-31, ""raw_gap"": 2980.6166256608008}], ""log_gap_step"": 0.01, ""grid_points"": 2334, ""finite_minimum_residual"": -0.10592257171928332, ""finite_minimum_gamma"": -77396752431455.9, ""limit_residual"": -0.1059225717238752, ""observed_monotone_decreasing"": true, ""observed_monotone_increasing"": false, ""local_extrema"": 0, ""searched_gamma_low"": -77396752431455.9, ""searched_gamma_high"": 1364.720085216955, ""no_global_nonexistence_proof"": true}}}",10,2851e857a236a5872f9409b6244af531df1090fae7322e73dfb08ab6eca0a24d
2.0,1000.0,1000.0,7,7,cw_paper,cw_paper,10.161865162054324,3633.749214903332,-1615.8964404438457,0.0,True,8.79995059221983e-06,success,8.161865162054323,2633.749214903332,-2615.8964404438457,4.080932581027161,2.633749214903332,-2.6158964404438456,"{""solution_info"": {""status"": ""ok"", ""policy"": ""paper"", ""diagnostic"": {""fits"": {""engineering"": {""status"": ""outside_declared_domain_root"", ""estimate"": null, ""location_lower_raw"": 0.0, ""shape_bounds"": [0.1, 9.99], ""roots_found"": 1}, ""paper"": {""status"": ""ok"", ""estimate"": {""log_gap"": 1.0921302004747255, ""beta"": 10.161865162054323, ""eta"": 3633.749214903332, ""gamma"": -1615.8964404438457, ""objective"": 2.465190328815662e-31, ""raw_gap"": 2980.6166256608008}, ""location_lower_raw"": -2126.6869513128945, ""shape_bounds"": [0.1, 15.0], ""roots_found"": 1}}, ""candidates"": [{""log_gap"": 1.0921302004747255, ""beta"": 10.161865162054323, ""eta"": 3633.749214903332, ""gamma"": -1615.8964404438457, ""objective"": 2.465190328815662e-31, ""raw_gap"": 2980.6166256608008}], ""log_gap_step"": 0.01, ""grid_points"": 2334, ""finite_minimum_residual"": -0.10592257171928332, ""finite_minimum_gamma"": -77396752431455.9, ""limit_residual"": -0.1059225717238752, ""observed_monotone_decreasing"": true, ""observed_monotone_increasing"": false, ""local_extrema"": 0, ""searched_gamma_low"": -77396752431455.9, ""searched_gamma_high"": 1364.720085216955, ""no_global_nonexistence_proof"": true}}}",10,2851e857a236a5872f9409b6244af531df1090fae7322e73dfb08ab6eca0a24d
2.0,1000.0,1000.0,7,8,cw_engineering,cw_engineering,,,,,False,0.1288601999985985,failure,,,,,,,"{""solution_info"": {""status"": ""no_root_after_dense_search"", ""policy"": ""engineering"", ""diagnostic"": {""fits"": {""engineering"": {""status"": ""no_root_after_dense_search"", ""estimate"": null, ""location_lower_raw"": 0.0, ""shape_bounds"": [0.1, 9.99], ""roots_found"": 0}, ""paper"": {""status"": ""no_root_after_dense_search"", ""estimate"": null, ""location_lower_raw"": -2314.2127841478077, ""shape_bounds"": [0.1, 15.0], ""roots_found"": 0}}, ""candidates"": [], ""log_gap_step"": 0.01, ""grid_points"": 2340, ""finite_minimum_residual"": 0.293977092515187, ""finite_minimum_gamma"": -78803081587292.42, ""limit_residual"": 0.29397709251009063, ""observed_monotone_decreasing"": true, ""observed_monotone_increasing"": false, ""local_extrema"": 0, ""searched_gamma_low"": -78803081587292.42, ""searched_gamma_high"": 1471.6802765486211, ""no_global_nonexistence_proof"": true}}}",10,47c2af3830dee0048575c32e8a943a067d07d8f334f6329e2e28c6fb92a2d624
2.0,1000.0,1000.0,7,8,cw_paper,cw_paper,,,,,False,8.100003469735384e-06,failure,,,,,,,"{""solution_info"": {""status"": ""no_root_after_dense_search"", ""policy"": ""paper"", ""diagnostic"": {""fits"": {""engineering"": {""status"": ""no_root_after_dense_search"", ""estimate"": null, ""location_lower_raw"": 0.0, ""shape_bounds"": [0.1, 9.99], ""roots_found"": 0}, ""paper"": {""status"": ""no_root_after_dense_search"", ""estimate"": null, ""location_lower_raw"": -2314.2127841478077, ""shape_bounds"": [0.1, 15.0], ""roots_found"": 0}}, ""candidates"": [], ""log_gap_step"": 0.01, ""grid_points"": 2340, ""finite_minimum_residual"": 0.293977092515187, ""finite_minimum_gamma"": -78803081587292.42, ""limit_residual"": 0.29397709251009063, ""observed_monotone_decreasing"": true, ""observed_monotone_increasing"": false, ""local_extrema"": 0, ""searched_gamma_low"": -78803081587292.42, ""searched_gamma_high"": 1471.6802765486211, ""no_global_nonexistence_proof"": true}}}",10,47c2af3830dee0048575c32e8a943a067d07d8f334f6329e2e28c6fb92a2d624
2.0,1000.0,1000.0,7,9,cw_engineering,cw_engineering,,,,,False,0.0938462999765761,failure,,,,,,,"{""solution_info"": {""status"": ""no_root_after_dense_search"", ""policy"": ""engineering"", ""diagnostic"": {""fits"": {""engineering"": {""status"": ""no_root_after_dense_search"", ""estimate"": null, ""location_lower_raw"": 0.0, ""shape_bounds"": [0.1, 9.99], ""roots_found"": 0}, ""paper"": {""status"": ""no_root_after_dense_search"", ""estimate"": null, ""location_lower_raw"": -1928.8015878367662, ""shape_bounds"": [0.1, 15.0], ""roots_found"": 0}}, ""candidates"": [], ""log_gap_step"": 0.01, ""grid_points"": 2327, ""finite_minimum_residual"": 0.3328606956246811, ""finite_minimum_gamma"": -68673598712672.055, ""limit_residual"": 0.3328606956199578, ""observed_monotone_decreasing"": true, ""observed_monotone_increasing"": false, ""local_extrema"": 0, ""searched_gamma_low"": -68673598712672.055, ""searched_gamma_high"": 1346.263082275217, ""no_global_nonexistence_proof"": true}}}",10,8e0b8349cddaed9a5fefd92f7218f36aec14706e2f4e2a400007f0db2fd4fce4
2.0,1000.0,1000.0,7,9,cw_paper,cw_paper,,,,,False,7.499998901039362e-06,failure,,,,,,,"{""solution_info"": {""status"": ""no_root_after_dense_search"", ""policy"": ""paper"", ""diagnostic"": {""fits"": {""engineering"": {""status"": ""no_root_after_dense_search"", ""estimate"": null, ""location_lower_raw"": 0.0, ""shape_bounds"": [0.1, 9.99], ""roots_found"": 0}, ""paper"": {""status"": ""no_root_after_dense_search"", ""estimate"": null, ""location_lower_raw"": -1928.8015878367662, ""shape_bounds"": [0.1, 15.0], ""roots_found"": 0}}, ""candidates"": [], ""log_gap_step"": 0.01, ""grid_points"": 2327, ""finite_minimum_residual"": 0.3328606956246811, ""finite_minimum_gamma"": -68673598712672.055, ""limit_residual"": 0.3328606956199578, ""observed_monotone_decreasing"": true, ""observed_monotone_increasing"": false, ""local_extrema"": 0, ""searched_gamma_low"": -68673598712672.055, ""searched_gamma_high"": 1346.263082275217, ""no_global_nonexistence_proof"": true}}}",10,8e0b8349cddaed9a5fefd92f7218f36aec14706e2f4e2a400007f0db2fd4fce4
2.0,1000.0,1000.0,7,10,cw_engineering,cw_engineering,0.9799346547398328,340.0537743074311,1593.8544101584766,0.0,True,0.0260422999854199,success,-1.0200653452601671,-659.9462256925689,593.8544101584766,-0.5100326726300837,-0.6599462256925689,0.5938544101584766,"{""solution_info"": {""status"": ""ok"", ""policy"": ""engineering"", ""diagnostic"": {""fits"": {""engineering"": {""status"": ""ok"", ""estimate"": {""log_gap"": -3.1332973706888927, ""beta"": 0.9799346547398328, ""eta"": 340.0537743074311, ""gamma"": 1593.8544101584766, ""objective"": 3.944304526105059e-31, ""raw_gap"": 43.57388087272938}, ""location_lower_raw"": 0.0, ""shape_bounds"": [0.1, 9.99], ""roots_found"": 1}, ""paper"": {""status"": ""ok"", ""estimate"": {""log_gap"": -3.1332973706888927, ""beta"": 0.9799346547398328, ""eta"": 340.0537743074311, ""gamma"": 1593.8544101584766, ""objective"": 3.944304526105059e-31, ""raw_gap"": 43.57388087272938}, ""location_lower_raw"": -2216.6113402771234, ""shape_bounds"": [0.1, 15.0], ""roots_found"": 1}}, ""candidates"": [{""log_gap"": -3.1332973706888927, ""beta"": 0.9799346547398328, ""eta"": 340.0537743074311, ""gamma"": 1593.8544101584766, ""objective"": 3.944304526105059e-31, ""raw_gap"": 43.57388087272938}], ""log_gap_step"": 0.04, ""grid_points"": 438, ""finite_minimum_residual"": -0.8939731476915658, ""finite_minimum_gamma"": -2216.6113402771234, ""limit_residual"": -0.9363450276211605, ""observed_monotone_decreasing"": true, ""observed_monotone_increasing"": false, ""local_extrema"": 0, ""searched_gamma_low"": -2216.6113402771234, ""searched_gamma_high"": 1637.4281910312059, ""no_global_nonexistence_proof"": true}}}",10,a028bef657be5780d513bf8befb3db48e8c3ad2566c50cd710f7211a2aa58cb1
2.0,1000.0,1000.0,7,10,cw_paper,cw_paper,0.9799346547398328,340.0537743074311,1593.8544101584766,0.0,True,6.799993570894003e-06,success,-1.0200653452601671,-659.9462256925689,593.8544101584766,-0.5100326726300837,-0.6599462256925689,0.5938544101584766,"{""solution_info"": {""status"": ""ok"", ""policy"": ""paper"", ""diagnostic"": {""fits"": {""engineering"": {""status"": ""ok"", ""estimate"": {""log_gap"": -3.1332973706888927, ""beta"": 0.9799346547398328, ""eta"": 340.0537743074311, ""gamma"": 1593.8544101584766, ""objective"": 3.944304526105059e-31, ""raw_gap"": 43.57388087272938}, ""location_lower_raw"": 0.0, ""shape_bounds"": [0.1, 9.99], ""roots_found"": 1}, ""paper"": {""status"": ""ok"", ""estimate"": {""log_gap"": -3.1332973706888927, ""beta"": 0.9799346547398328, ""eta"": 340.0537743074311, ""gamma"": 1593.8544101584766, ""objective"": 3.944304526105059e-31, ""raw_gap"": 43.57388087272938}, ""location_lower_raw"": -2216.6113402771234, ""shape_bounds"": [0.1, 15.0], ""roots_found"": 1}}, ""candidates"": [{""log_gap"": -3.1332973706888927, ""beta"": 0.9799346547398328, ""eta"": 340.0537743074311, ""gamma"": 1593.8544101584766, ""objective"": 3.944304526105059e-31, ""raw_gap"": 43.57388087272938}], ""log_gap_step"": 0.04, ""grid_points"": 438, ""finite_minimum_residual"": -0.8939731476915658, ""finite_minimum_gamma"": -2216.6113402771234, ""limit_residual"": -0.9363450276211605, ""observed_monotone_decreasing"": true, ""observed_monotone_increasing"": false, ""local_extrema"": 0, ""searched_gamma_low"": -2216.6113402771234, ""searched_gamma_high"": 1637.4281910312059, ""no_global_nonexistence_proof"": true}}}",10,a028bef657be5780d513bf8befb3db48e8c3ad2566c50cd710f7211a2aa58cb1
2.0,1000.0,1000.0,7,11,cw_engineering,cw_engineering,3.700636306280917,1475.0675384638023,561.9703497410666,0.0,True,0.0239306999719701,success,1.7006363062809169,475.0675384638023,-438.02965025893343,0.8503181531404584,0.4750675384638023,-0.4380296502589334,"{""solution_info"": {""status"": ""ok"", ""policy"": ""engineering"", ""diagnostic"": {""fits"": {""engineering"": {""status"": ""ok"", ""estimate"": {""log_gap"": -0.15536986586296822, ""beta"": 3.700636306280917, ""eta"": 1475.0675384638023, ""gamma"": 561.9703497410666, ""objective"": 3.0643301863310204e-27, ""raw_gap"": 856.0984773168351}, ""location_lower_raw"": 0.0, ""shape_bounds"": [0.1, 9.99], ""roots_found"": 1}, ""paper"": {""status"": ""ok"", ""estimate"": {""log_gap"": -0.15536986586296822, ""beta"": 3.700636306280917, ""eta"": 1475.0675384638023, ""gamma"": 561.9703497410666, ""objective"": 3.0643301863310204e-27, ""raw_gap"": 856.0984773168351}, ""location_lower_raw"": -2090.2651748048565, ""shape_bounds"": [0.1, 15.0], ""roots_found"": 1}}, ""candidates"": [{""log_gap"": -0.15536986586296822, ""beta"": 3.700636306280917, ""eta"": 1475.0675384638023, ""gamma"": 561.9703497410666, ""objective"": 3.0643301863310204e-27, ""raw_gap"": 856.0984773168351}], ""log_gap_step"": 0.04, ""grid_points"": 436, ""finite_minimum_residual"": -0.2764907486859063, ""finite_minimum_gamma"": -2090.2651748048565, ""limit_residual"": -0.39705157454888984, ""observed_monotone_decreasing"": true, ""observed_monotone_increasing"": false, ""local_extrema"": 0, ""searched_gamma_low"": -2090.2651748048565, ""searched_gamma_high"": 1418.0687270579015, ""no_global_nonexistence_proof"": true}}}",10,c752d702d5382bbd6be6a29cd9f0da0415b60595b482ece50e0617c6476640fa
2.0,1000.0,1000.0,7,11,cw_paper,cw_paper,3.700636306280917,1475.0675384638023,561.9703497410666,0.0,True,7.599999662488699e-06,success,1.7006363062809169,475.0675384638023,-438.02965025893343,0.8503181531404584,0.4750675384638023,-0.4380296502589334,"{""solution_info"": {""status"": ""ok"", ""policy"": ""paper"", ""diagnostic"": {""fits"": {""engineering"": {""status"": ""ok"", ""estimate"": {""log_gap"": -0.15536986586296822, ""beta"": 3.700636306280917, ""eta"": 1475.0675384638023, ""gamma"": 561.9703497410666, ""objective"": 3.0643301863310204e-27, ""raw_gap"": 856.0984773168351}, ""location_lower_raw"": 0.0, ""shape_bounds"": [0.1, 9.99], ""roots_found"": 1}, ""paper"": {""status"": ""ok"", ""estimate"": {""log_gap"": -0.15536986586296822, ""beta"": 3.700636306280917, ""eta"": 1475.0675384638023, ""gamma"": 561.9703497410666, ""objective"": 3.0643301863310204e-27, ""raw_gap"": 856.0984773168351}, ""location_lower_raw"": -2090.2651748048565, ""shape_bounds"": [0.1, 15.0], ""roots_found"": 1}}, ""candidates"": [{""log_gap"": -0.15536986586296822, ""beta"": 3.700636306280917, ""eta"": 1475.0675384638023, ""gamma"": 561.9703497410666, ""objective"": 3.0643301863310204e-27, ""raw_gap"": 856.0984773168351}], ""log_gap_step"": 0.04, ""grid_points"": 436, ""finite_minimum_residual"": -0.2764907486859063, ""finite_minimum_gamma"": -2090.2651748048565, ""limit_residual"": -0.39705157454888984, ""observed_monotone_decreasing"": true, ""observed_monotone_increasing"": false, ""local_extrema"": 0, ""searched_gamma_low"": -2090.2651748048565, ""searched_gamma_high"": 1418.0687270579015, ""no_global_nonexistence_proof"": true}}}",10,c752d702d5382bbd6be6a29cd9f0da0415b60595b482ece50e0617c6476640fa
2.0,1000.0,1000.0,7,12,cw_engineering,cw_engineering,2.780981028739656,471.3860645218262,1141.6980374997113,0.0,True,0.0189866999862715,success,0.7809810287396561,-528.6139354781737,141.6980374997113,0.390490514369828,-0.5286139354781737,0.1416980374997113,"{""solution_info"": {""status"": ""ok"", ""policy"": ""engineering"", ""diagnostic"": {""fits"": {""engineering"": {""status"": ""ok"", ""estimate"": {""log_gap"": -1.476073684382189, ""beta"": 2.780981028739656, ""eta"": 471.3860645218262, ""gamma"": 1141.6980374997113, ""objective"": 9.444637187758564e-28, ""raw_gap"": 228.53322271968165}, ""location_lower_raw"": 0.0, ""shape_bounds"": [0.1, 9.99], ""roots_found"": 1}, ""paper"": {""status"": ""ok"", ""estimate"": {""log_gap"": -1.476073684382189, ""beta"": 2.780981028739656, ""eta"": 471.3860645218262, ""gamma"": 1141.6980374997113, ""objective"": 9.444637187758564e-28, ""raw_gap"": 228.53322271968165}, ""location_lower_raw"": -144.94686327518315, ""shape_bounds"": [0.1, 15.0], ""roots_found"": 1}}, ""candidates"": [{""log_gap"": -1.476073684382189, ""beta"": 2.780981028739656, ""eta"": 471.3860645218262, ""gamma"": 1141.6980374997113, ""objective"": 9.444637187758564e-28, ""raw_gap"": 228.53322271968165}], ""log_gap_step"": 0.04, ""grid_points"": 415, ""finite_minimum_residual"": -0.3904514894493534, ""finite_minimum_gamma"": -144.94686327518315, ""limit_residual"": -0.4956809706122629, ""observed_monotone_decreasing"": true, ""observed_monotone_increasing"": false, ""local_extrema"": 0, ""searched_gamma_low"": -144.94686327518315, ""searched_gamma_high"": 1370.231160219393, ""no_global_nonexistence_proof"": true}}}",10,5ebf64f2ab802e5da3e35857b9942bc8ea30fee215073a65b962ea43cb4b3d33
2.0,1000.0,1000.0,7,12,cw_paper,cw_paper,2.780981028739656,471.3860645218262,1141.6980374997113,0.0,True,6.799993570894003e-06,success,0.7809810287396561,-528.6139354781737,141.6980374997113,0.390490514369828,-0.5286139354781737,0.1416980374997113,"{""solution_info"": {""status"": ""ok"", ""policy"": ""paper"", ""diagnostic"": {""fits"": {""engineering"": {""status"": ""ok"", ""estimate"": {""log_gap"": -1.476073684382189, ""beta"": 2.780981028739656, ""eta"": 471.3860645218262, ""gamma"": 1141.6980374997113, ""objective"": 9.444637187758564e-28, ""raw_gap"": 228.53322271968165}, ""location_lower_raw"": 0.0, ""shape_bounds"": [0.1, 9.99], ""roots_found"": 1}, ""paper"": {""status"": ""ok"", ""estimate"": {""log_gap"": -1.476073684382189, ""beta"": 2.780981028739656, ""eta"": 471.3860645218262, ""gamma"": 1141.6980374997113, ""objective"": 9.444637187758564e-28, ""raw_gap"": 228.53322271968165}, ""location_lower_raw"": -144.94686327518315, ""shape_bounds"": [0.1, 15.0], ""roots_found"": 1}}, ""candidates"": [{""log_gap"": -1.476073684382189, ""beta"": 2.780981028739656, ""eta"": 471.3860645218262, ""gamma"": 1141.6980374997113, ""objective"": 9.444637187758564e-28, ""raw_gap"": 228.53322271968165}], ""log_gap_step"": 0.04, ""grid_points"": 415, ""finite_minimum_residual"": -0.3904514894493534, ""finite_minimum_gamma"": -144.94686327518315, ""limit_residual"": -0.4956809706122629, ""observed_monotone_decreasing"": true, ""observed_monotone_increasing"": false, ""local_extrema"": 0, ""searched_gamma_low"": -144.94686327518315, ""searched_gamma_high"": 1370.231160219393, ""no_global_nonexistence_proof"": true}}}",10,5ebf64f2ab802e5da3e35857b9942bc8ea30fee215073a65b962ea43cb4b3d33
2.0,1000.0,1000.0,7,13,cw_engineering,cw_engineering,,,,,False,0.0371700999676249,failure,,,,,,,"{""solution_info"": {""status"": ""no_root_after_dense_search"", ""policy"": ""engineering"", ""diagnostic"": {""fits"": {""engineering"": {""status"": ""no_root_after_dense_search"", ""estimate"": null, ""location_lower_raw"": 0.0, ""shape_bounds"": [0.1, 9.99], ""roots_found"": 0}, ""paper"": {""status"": ""no_root_after_dense_search"", ""estimate"": null, ""location_lower_raw"": -2929.8626966988013, ""shape_bounds"": [0.1, 15.0], ""roots_found"": 0}}, ""candidates"": [], ""log_gap_step"": 0.01, ""grid_points"": 2349, ""finite_minimum_residual"": 1.5785526573297202, ""finite_minimum_gamma"": -87417523688897.14, ""limit_residual"": 1.578552657324495, ""observed_monotone_decreasing"": true, ""observed_monotone_increasing"": false, ""local_extrema"": 0, ""searched_gamma_low"": -87417523688897.14, ""searched_gamma_high"": 1159.6849631109167, ""no_global_nonexistence_proof"": true}}}",10,37ec4412b16ce4a8858a6d1ca59f94ba37d258c54b840502be0b7ba2773e91cb
2.0,1000.0,1000.0,7,13,cw_paper,cw_paper,,,,,False,9.400013368576763e-06,failure,,,,,,,"{""solution_info"": {""status"": ""no_root_after_dense_search"", ""policy"": ""paper"", ""diagnostic"": {""fits"": {""engineering"": {""status"": ""no_root_after_dense_search"", ""estimate"": null, ""location_lower_raw"": 0.0, ""shape_bounds"": [0.1, 9.99], ""roots_found"": 0}, ""paper"": {""status"": ""no_root_after_dense_search"", ""estimate"": null, ""location_lower_raw"": -2929.8626966988013, ""shape_bounds"": [0.1, 15.0], ""roots_found"": 0}}, ""candidates"": [], ""log_gap_step"": 0.01, ""grid_points"": 2349, ""finite_minimum_residual"": 1.5785526573297202, ""finite_minimum_gamma"": -87417523688897.14, ""limit_residual"": 1.578552657324495, ""observed_monotone_decreasing"": true, ""observed_monotone_increasing"": false, ""local_extrema"": 0, ""searched_gamma_low"": -87417523688897.14, ""searched_gamma_high"": 1159.6849631109167, ""no_global_nonexistence_proof"": true}}}",10,37ec4412b16ce4a8858a6d1ca59f94ba37d258c54b840502be0b7ba2773e91cb
2.0,1000.0,1000.0,7,14,cw_engineering,cw_engineering,,,,,False,0.0914810000103898,failure,,,,,,,"{""solution_info"": {""status"": ""no_root_after_dense_search"", ""policy"": ""engineering"", ""diagnostic"": {""fits"": {""engineering"": {""status"": ""no_root_after_dense_search"", ""estimate"": null, ""location_lower_raw"": 0.0, ""shape_bounds"": [0.1, 9.99], ""roots_found"": 0}, ""paper"": {""status"": ""no_root_after_dense_search"", ""estimate"": null, ""location_lower_raw"": -3193.030909914759, ""shape_bounds"": [0.1, 15.0], ""roots_found"": 0}}, ""candidates"": [], ""log_gap_step"": 0.01, ""grid_points"": 2358, ""finite_minimum_residual"": 0.4287148316831675, ""finite_minimum_gamma"": -98832817603001.03, ""limit_residual"": 0.4287148316770071, ""observed_monotone_decreasing"": true, ""observed_monotone_increasing"": false, ""local_extrema"": 0, ""searched_gamma_low"": -98832817603001.03, ""searched_gamma_high"": 1212.5604327571482, ""no_global_nonexistence_proof"": true}}}",10,959483d9898d10f9e9ba75cf379a911c6cd119f4221fcd6a65f192dc781901d6
2.0,1000.0,1000.0,7,14,cw_paper,cw_paper,,,,,False,8.200004231184721e-06,failure,,,,,,,"{""solution_info"": {""status"": ""no_root_after_dense_search"", ""policy"": ""paper"", ""diagnostic"": {""fits"": {""engineering"": {""status"": ""no_root_after_dense_search"", ""estimate"": null, ""location_lower_raw"": 0.0, ""shape_bounds"": [0.1, 9.99], ""roots_found"": 0}, ""paper"": {""status"": ""no_root_after_dense_search"", ""estimate"": null, ""location_lower_raw"": -3193.030909914759, ""shape_bounds"": [0.1, 15.0], ""roots_found"": 0}}, ""candidates"": [], ""log_gap_step"": 0.01, ""grid_points"": 2358, ""finite_minimum_residual"": 0.4287148316831675, ""finite_minimum_gamma"": -98832817603001.03, ""limit_residual"": 0.4287148316770071, ""observed_monotone_decreasing"": true, ""observed_monotone_increasing"": false, ""local_extrema"": 0, ""searched_gamma_low"": -98832817603001.03, ""searched_gamma_high"": 1212.5604327571482, ""no_global_nonexistence_proof"": true}}}",10,959483d9898d10f9e9ba75cf379a911c6cd119f4221fcd6a65f192dc781901d6
2.0,1000.0,1000.0,7,15,cw_engineering,cw_engineering,2.939499132349195,1934.8420966501008,743.3385172947633,0.0,True,0.0314330999972298,success,0.9394991323491948,934.8420966501008,-256.6614827052367,0.4697495661745974,0.9348420966501008,-0.2566614827052367,"{""solution_info"": {""status"": ""ok"", ""policy"": ""engineering"", ""diagnostic"": {""fits"": {""engineering"": {""status"": ""ok"", ""estimate"": {""log_gap"": -0.024927256438207767, ""beta"": 2.939499132349195, ""eta"": 1934.8420966501008, ""gamma"": 743.3385172947633, ""objective"": 1.4396711520283465e-28, ""raw_gap"": 975.3808621257349}, ""location_lower_raw"": 0.0, ""shape_bounds"": [0.1, 9.99], ""roots_found"": 1}, ""paper"": {""status"": ""ok"", ""estimate"": {""log_gap"": -0.024927256438207767, ""beta"": 2.939499132349195, ""eta"": 1934.8420966501008, ""gamma"": 743.3385172947633, ""objective"": 1.4396711520283465e-28, ""raw_gap"": 975.3808621257349}, ""location_lower_raw"": -4152.398174079298, ""shape_bounds"": [0.1, 15.0], ""roots_found"": 1}}, ""candidates"": [{""log_gap"": -0.024927256438207767, ""beta"": 2.939499132349195, ""eta"": 1934.8420966501008, ""gamma"": 743.3385172947633, ""objective"": 1.4396711520283465e-28, ""raw_gap"": 975.3808621257349}], ""log_gap_step"": 0.04, ""grid_points"": 449, ""finite_minimum_residual"": -0.36310649795097016, ""finite_minimum_gamma"": -4152.398174079297, ""limit_residual"": -0.46985805536649283, ""observed_monotone_decreasing"": true, ""observed_monotone_increasing"": false, ""local_extrema"": 0, ""searched_gamma_low"": -4152.398174079297, ""searched_gamma_high"": 1718.7192794204982, ""no_global_nonexistence_proof"": true}}}",10,941906d95a542e05eb0a1525444817c523670487c4c33417bb08add0a18c9d34
2.0,1000.0,1000.0,7,15,cw_paper,cw_paper,2.939499132349195,1934.8420966501008,743.3385172947633,0.0,True,8.600007276982069e-06,success,0.9394991323491948,934.8420966501008,-256.6614827052367,0.4697495661745974,0.9348420966501008,-0.2566614827052367,"{""solution_info"": {""status"": ""ok"", ""policy"": ""paper"", ""diagnostic"": {""fits"": {""engineering"": {""status"": ""ok"", ""estimate"": {""log_gap"": -0.024927256438207767, ""beta"": 2.939499132349195, ""eta"": 1934.8420966501008, ""gamma"": 743.3385172947633, ""objective"": 1.4396711520283465e-28, ""raw_gap"": 975.3808621257349}, ""location_lower_raw"": 0.0, ""shape_bounds"": [0.1, 9.99], ""roots_found"": 1}, ""paper"": {""status"": ""ok"", ""estimate"": {""log_gap"": -0.024927256438207767, ""beta"": 2.939499132349195, ""eta"": 1934.8420966501008, ""gamma"": 743.3385172947633, ""objective"": 1.4396711520283465e-28, ""raw_gap"": 975.3808621257349}, ""location_lower_raw"": -4152.398174079298, ""shape_bounds"": [0.1, 15.0], ""roots_found"": 1}}, ""candidates"": [{""log_gap"": -0.024927256438207767, ""beta"": 2.939499132349195, ""eta"": 1934.8420966501008, ""gamma"": 743.3385172947633, ""objective"": 1.4396711520283465e-28, ""raw_gap"": 975.3808621257349}], ""log_gap_step"": 0.04, ""grid_points"": 449, ""finite_minimum_residual"": -0.36310649795097016, ""finite_minimum_gamma"": -4152.398174079297, ""limit_residual"": -0.46985805536649283, ""observed_monotone_decreasing"": true, ""observed_monotone_increasing"": false, ""local_extrema"": 0, ""searched_gamma_low"": -4152.398174079297, ""searched_gamma_high"": 1718.7192794204982, ""no_global_nonexistence_proof"": true}}}",10,941906d95a542e05eb0a1525444817c523670487c4c33417bb08add0a18c9d34
2.0,1000.0,1000.0,7,16,cw_engineering,cw_engineering,1.493821566630596,987.4044271033396,1002.7871417284872,0.0,True,0.0216613000375218,success,-0.5061784333694039,-12.595572896660542,2.787141728487086,-0.2530892166847019,-0.0125955728966605,0.002787141728487,"{""solution_info"": {""status"": ""ok"", ""policy"": ""engineering"", ""diagnostic"": {""fits"": {""engineering"": {""status"": ""ok"", ""estimate"": {""log_gap"": -1.3605063433500855, ""beta"": 1.493821566630596, ""eta"": 987.4044271033395, ""gamma"": 1002.7871417284871, ""objective"": 6.409494854920721e-31, ""raw_gap"": 256.5308513721706}, ""location_lower_raw"": 0.0, ""shape_bounds"": [0.1, 9.99], ""roots_found"": 1}, ""paper"": {""status"": ""ok"", ""estimate"": {""log_gap"": -1.3605063433500855, ""beta"": 1.493821566630596, ""eta"": 987.4044271033395, ""gamma"": 1002.7871417284871, ""objective"": 6.409494854920721e-31, ""raw_gap"": 256.5308513721706}, ""location_lower_raw"": -4834.604189923601, ""shape_bounds"": [0.1, 15.0], ""roots_found"": 1}}, ""candidates"": [{""log_gap"": -1.3605063433500855, ""beta"": 1.493821566630596, ""eta"": 987.4044271033395, ""gamma"": 1002.7871417284871, ""objective"": 6.409494854920721e-31, ""raw_gap"": 256.5308513721706}], ""log_gap_step"": 0.04, ""grid_points"": 450, ""finite_minimum_residual"": -0.5361678318873155, ""finite_minimum_gamma"": -4834.604189923601, ""limit_residual"": -0.6027282203707836, ""observed_monotone_decreasing"": true, ""observed_monotone_increasing"": false, ""local_extrema"": 0, ""searched_gamma_low"": -4834.604189923601, ""searched_gamma_high"": 1259.3178931006578, ""no_global_nonexistence_proof"": true}}}",10,30b428b44bdc9504b171e320d16327c0882bda272b64a1f626e701e8629af158
2.0,1000.0,1000.0,7,16,cw_paper,cw_paper,1.493821566630596,987.4044271033396,1002.7871417284872,0.0,True,6.699992809444666e-06,success,-0.5061784333694039,-12.595572896660542,2.787141728487086,-0.2530892166847019,-0.0125955728966605,0.002787141728487,"{""solution_info"": {""status"": ""ok"", ""policy"": ""paper"", ""diagnostic"": {""fits"": {""engineering"": {""status"": ""ok"", ""estimate"": {""log_gap"": -1.3605063433500855, ""beta"": 1.493821566630596, ""eta"": 987.4044271033395, ""gamma"": 1002.7871417284871, ""objective"": 6.409494854920721e-31, ""raw_gap"": 256.5308513721706}, ""location_lower_raw"": 0.0, ""shape_bounds"": [0.1, 9.99], ""roots_found"": 1}, ""paper"": {""status"": ""ok"", ""estimate"": {""log_gap"": -1.3605063433500855, ""beta"": 1.493821566630596, ""eta"": 987.4044271033395, ""gamma"": 1002.7871417284871, ""objective"": 6.409494854920721e-31, ""raw_gap"": 256.5308513721706}, ""location_lower_raw"": -4834.604189923601, ""shape_bounds"": [0.1, 15.0], ""roots_found"": 1}}, ""candidates"": [{""log_gap"": -1.3605063433500855, ""beta"": 1.493821566630596, ""eta"": 987.4044271033395, ""gamma"": 1002.7871417284871, ""objective"": 6.409494854920721e-31, ""raw_gap"": 256.5308513721706}], ""log_gap_step"": 0.04, ""grid_points"": 450, ""finite_minimum_residual"": -0.5361678318873155, ""finite_minimum_gamma"": -4834.604189923601, ""limit_residual"": -0.6027282203707836, ""observed_monotone_decreasing"": true, ""observed_monotone_increasing"": false, ""local_extrema"": 0, ""searched_gamma_low"": -4834.604189923601, ""searched_gamma_high"": 1259.3178931006578, ""no_global_nonexistence_proof"": true}}}",10,30b428b44bdc9504b171e320d16327c0882bda272b64a1f626e701e8629af158
2.0,1000.0,1000.0,7,17,cw_engineering,cw_engineering,1.685512282199056,1190.775589922415,793.5136898771443,0.0,True,0.0293859000084921,success,-0.314487717800944,190.7755899224151,-206.48631012285568,-0.157243858900472,0.190775589922415,-0.2064863101228556,"{""solution_info"": {""status"": ""ok"", ""policy"": ""engineering"", ""diagnostic"": {""fits"": {""engineering"": {""status"": ""ok"", ""estimate"": {""log_gap"": -1.0199392049543754, ""beta"": 1.685512282199056, ""eta"": 1190.775589922415, ""gamma"": 793.5136898771443, ""objective"": 1.4164983629374793e-26, ""raw_gap"": 360.61686322531784}, ""location_lower_raw"": 0.0, ""shape_bounds"": [0.1, 9.99], ""roots_found"": 1}, ""paper"": {""status"": ""ok"", ""estimate"": {""log_gap"": -1.0199392049543754, ""beta"": 1.685512282199056, ""eta"": 1190.775589922415, ""gamma"": 793.5136898771443, ""objective"": 1.4164983629374793e-26, ""raw_gap"": 360.61686322531784}, ""location_lower_raw"": -5279.490433218484, ""shape_bounds"": [0.1, 15.0], ""roots_found"": 1}}, ""candidates"": [{""log_gap"": -1.0199392049543754, ""beta"": 1.685512282199056, ""eta"": 1190.775589922415, ""gamma"": 793.5136898771443, ""objective"": 1.4164983629374793e-26, ""raw_gap"": 360.61686322531784}], ""log_gap_step"": 0.04, ""grid_points"": 451, ""finite_minimum_residual"": -0.38617880997803655, ""finite_minimum_gamma"": -5279.490433218484, ""limit_residual"": -0.4415622724338173, ""observed_monotone_decreasing"": true, ""observed_monotone_increasing"": false, ""local_extrema"": 0, ""searched_gamma_low"": -5279.490433218484, ""searched_gamma_high"": 1154.130453102462, ""no_global_nonexistence_proof"": true}}}",10,54f3f04f376977736da5cadb8179c0d10a171f79f3495bd5d5b3be9757499d6a
2.0,1000.0,1000.0,7,17,cw_paper,cw_paper,1.685512282199056,1190.775589922415,793.5136898771443,0.0,True,7.800001185387373e-06,success,-0.314487717800944,190.7755899224151,-206.48631012285568,-0.157243858900472,0.190775589922415,-0.2064863101228556,"{""solution_info"": {""status"": ""ok"", ""policy"": ""paper"", ""diagnostic"": {""fits"": {""engineering"": {""status"": ""ok"", ""estimate"": {""log_gap"": -1.0199392049543754, ""beta"": 1.685512282199056, ""eta"": 1190.775589922415, ""gamma"": 793.5136898771443, ""objective"": 1.4164983629374793e-26, ""raw_gap"": 360.61686322531784}, ""location_lower_raw"": 0.0, ""shape_bounds"": [0.1, 9.99], ""roots_found"": 1}, ""paper"": {""status"": ""ok"", ""estimate"": {""log_gap"": -1.0199392049543754, ""beta"": 1.685512282199056, ""eta"": 1190.775589922415, ""gamma"": 793.5136898771443, ""objective"": 1.4164983629374793e-26, ""raw_gap"": 360.61686322531784}, ""location_lower_raw"": -5279.490433218484, ""shape_bounds"": [0.1, 15.0], ""roots_found"": 1}}, ""candidates"": [{""log_gap"": -1.0199392049543754, ""beta"": 1.685512282199056, ""eta"": 1190.775589922415, ""gamma"": 793.5136898771443, ""objective"": 1.4164983629374793e-26, ""raw_gap"": 360.61686322531784}], ""log_gap_step"": 0.04, ""grid_points"": 451, ""finite_minimum_residual"": -0.38617880997803655, ""finite_minimum_gamma"": -5279.490433218484, ""limit_residual"": -0.4415622724338173, ""observed_monotone_decreasing"": true, ""observed_monotone_increasing"": false, ""local_extrema"": 0, ""searched_gamma_low"": -5279.490433218484, ""searched_gamma_high"": 1154.130453102462, ""no_global_nonexistence_proof"": true}}}",10,54f3f04f376977736da5cadb8179c0d10a171f79f3495bd5d5b3be9757499d6a
2.0,1000.0,1000.0,7,18,cw_engineering,cw_engineering,,,,,False,0.0900618000305257,failure,,,,,,,"{""solution_info"": {""status"": ""no_root_after_dense_search"", ""policy"": ""engineering"", ""diagnostic"": {""fits"": {""engineering"": {""status"": ""no_root_after_dense_search"", ""estimate"": null, ""location_lower_raw"": 0.0, ""shape_bounds"": [0.1, 9.99], ""roots_found"": 0}, ""paper"": {""status"": ""no_root_after_dense_search"", ""estimate"": null, ""location_lower_raw"": -1350.402417790278, ""shape_bounds"": [0.1, 15.0], ""roots_found"": 0}}, ""candidates"": [], ""log_gap_step"": 0.01, ""grid_points"": 2311, ""finite_minimum_residual"": 0.4929671609611357, ""finite_minimum_gamma"": -59565063129757.69, ""limit_residual"": 0.4929671609560553, ""observed_monotone_decreasing"": true, ""observed_monotone_increasing"": false, ""local_extrema"": 0, ""searched_gamma_low"": -59565063129757.69, ""searched_gamma_high"": 1431.231045873964, ""no_global_nonexistence_proof"": true}}}",10,9fc60396aa9b5e23a8fbf70fb72e45829638d984241e47fa8da5d0c0c08e2ca5
2.0,1000.0,1000.0,7,18,cw_paper,cw_paper,,,,,False,9.499955922365189e-06,failure,,,,,,,"{""solution_info"": {""status"": ""no_root_after_dense_search"", ""policy"": ""paper"", ""diagnostic"": {""fits"": {""engineering"": {""status"": ""no_root_after_dense_search"", ""estimate"": null, ""location_lower_raw"": 0.0, ""shape_bounds"": [0.1, 9.99], ""roots_found"": 0}, ""paper"": {""status"": ""no_root_after_dense_search"", ""estimate"": null, ""location_lower_raw"": -1350.402417790278, ""shape_bounds"": [0.1, 15.0], ""roots_found"": 0}}, ""candidates"": [], ""log_gap_step"": 0.01, ""grid_points"": 2311, ""finite_minimum_residual"": 0.4929671609611357, ""finite_minimum_gamma"": -59565063129757.69, ""limit_residual"": 0.4929671609560553, ""observed_monotone_decreasing"": true, ""observed_monotone_increasing"": false, ""local_extrema"": 0, ""searched_gamma_low"": -59565063129757.69, ""searched_gamma_high"": 1431.231045873964, ""no_global_nonexistence_proof"": true}}}",10,9fc60396aa9b5e23a8fbf70fb72e45829638d984241e47fa8da5d0c0c08e2ca5
2.0,1000.0,1000.0,7,19,cw_engineering,cw_engineering,,,,,False,0.0983029999770224,failure,,,,,,,"{""solution_info"": {""status"": ""outside_declared_domain_root"", ""policy"": ""engineering"", ""diagnostic"": {""fits"": {""engineering"": {""status"": ""outside_declared_domain_root"", ""estimate"": null, ""location_lower_raw"": 0.0, ""shape_bounds"": [0.1, 9.99], ""roots_found"": 1}, ""paper"": {""status"": ""outside_declared_domain_root"", ""estimate"": null, ""location_lower_raw"": -1055.3649432220955, ""shape_bounds"": [0.1, 15.0], ""roots_found"": 1}}, ""candidates"": [{""log_gap"": 1.8114325578471135, ""beta"": 22.83821929943685, ""eta"": 6683.17125199969, ""gamma"": -4470.478797833134, ""objective"": 1.2327184239242717e-28, ""raw_gap"": 6119.207274641423}], ""log_gap_step"": 0.01, ""grid_points"": 2312, ""finite_minimum_residual"": -0.06294108587754565, ""finite_minimum_gamma"": -57722052626571.12, ""limit_residual"": -0.06294108588344982, ""observed_monotone_decreasing"": true, ""observed_monotone_increasing"": false, ""local_extrema"": 0, ""searched_gamma_low"": -67730233628869.47, ""searched_gamma_high"": 1648.7283768082889, ""no_global_nonexistence_proof"": true}}}",10,a91a4370602fa2fe1fbf831ac9ef5b91ec2e05db95901bc3fe5c5ae4d7a6868d
2.0,1000.0,1000.0,7,19,cw_paper,cw_paper,,,,,False,8.300004992634058e-06,failure,,,,,,,"{""solution_info"": {""status"": ""outside_declared_domain_root"", ""policy"": ""paper"", ""diagnostic"": {""fits"": {""engineering"": {""status"": ""outside_declared_domain_root"", ""estimate"": null, ""location_lower_raw"": 0.0, ""shape_bounds"": [0.1, 9.99], ""roots_found"": 1}, ""paper"": {""status"": ""outside_declared_domain_root"", ""estimate"": null, ""location_lower_raw"": -1055.3649432220955, ""shape_bounds"": [0.1, 15.0], ""roots_found"": 1}}, ""candidates"": [{""log_gap"": 1.8114325578471135, ""beta"": 22.83821929943685, ""eta"": 6683.17125199969, ""gamma"": -4470.478797833134, ""objective"": 1.2327184239242717e-28, ""raw_gap"": 6119.207274641423}], ""log_gap_step"": 0.01, ""grid_points"": 2312, ""finite_minimum_residual"": -0.06294108587754565, ""finite_minimum_gamma"": -57722052626571.12, ""limit_residual"": -0.06294108588344982, ""observed_monotone_decreasing"": true, ""observed_monotone_increasing"": false, ""local_extrema"": 0, ""searched_gamma_low"": -67730233628869.47, ""searched_gamma_high"": 1648.7283768082889, ""no_global_nonexistence_proof"": true}}}",10,a91a4370602fa2fe1fbf831ac9ef5b91ec2e05db95901bc3fe5c5ae4d7a6868d
2.0,1000.0,1000.0,7,20,cw_engineering,cw_engineering,,,,,False,0.1083093999768607,failure,,,,,,,"{""solution_info"": {""status"": ""outside_declared_domain_root"", ""policy"": ""engineering"", ""diagnostic"": {""fits"": {""engineering"": {""status"": ""outside_declared_domain_root"", ""estimate"": null, ""location_lower_raw"": 0.0, ""shape_bounds"": [0.1, 9.99], ""roots_found"": 1}, ""paper"": {""status"": ""ok"", ""estimate"": {""log_gap"": 0.38723335036617623, ""beta"": 4.541294282852243, ""eta"": 2294.675057392341, ""gamma"": -226.00958999242903, ""objective"": 3.944304526105059e-31, ""raw_gap"": 1472.9001529648206}, ""location_lower_raw"": -3387.8985222059678, ""shape_bounds"": [0.1, 15.0], ""roots_found"": 1}}, ""candidates"": [{""log_gap"": 0.38723335036617623, ""beta"": 4.541294282852243, ""eta"": 2294.675057392341, ""gamma"": -226.00958999242903, ""objective"": 3.944304526105059e-31, ""raw_gap"": 1472.9001529648206}], ""log_gap_step"": 0.01, ""grid_points"": 2365, ""finite_minimum_residual"": -0.29097047230155737, ""finite_minimum_gamma"": -112191706749992.61, ""limit_residual"": -0.29097047230654094, ""observed_monotone_decreasing"": true, ""observed_monotone_increasing"": false, ""local_extrema"": 0, ""searched_gamma_low"": -112191706749992.61, ""searched_gamma_high"": 1246.8904629723913, ""no_global_nonexistence_proof"": true}}}",10,d8d1d4f34f404cf0ed2f3dbcaec1ba15642baa9779e097096b9fefad47caa19e
2.0,1000.0,1000.0,7,20,cw_paper,cw_paper,4.541294282852243,2294.675057392341,-226.00958999242903,0.0,True,8.200004231184721e-06,success,2.5412942828522427,1294.675057392341,-1226.009589992429,1.2706471414261211,1.294675057392341,-1.226009589992429,"{""solution_info"": {""status"": ""ok"", ""policy"": ""paper"", ""diagnostic"": {""fits"": {""engineering"": {""status"": ""outside_declared_domain_root"", ""estimate"": null, ""location_lower_raw"": 0.0, ""shape_bounds"": [0.1, 9.99], ""roots_found"": 1}, ""paper"": {""status"": ""ok"", ""estimate"": {""log_gap"": 0.38723335036617623, ""beta"": 4.541294282852243, ""eta"": 2294.675057392341, ""gamma"": -226.00958999242903, ""objective"": 3.944304526105059e-31, ""raw_gap"": 1472.9001529648206}, ""location_lower_raw"": -3387.8985222059678, ""shape_bounds"": [0.1, 15.0], ""roots_found"": 1}}, ""candidates"": [{""log_gap"": 0.38723335036617623, ""beta"": 4.541294282852243, ""eta"": 2294.675057392341, ""gamma"": -226.00958999242903, ""objective"": 3.944304526105059e-31, ""raw_gap"": 1472.9001529648206}], ""log_gap_step"": 0.01, ""grid_points"": 2365, ""finite_minimum_residual"": -0.29097047230155737, ""finite_minimum_gamma"": -112191706749992.61, ""limit_residual"": -0.29097047230654094, ""observed_monotone_decreasing"": true, ""observed_monotone_increasing"": false, ""local_extrema"": 0, ""searched_gamma_low"": -112191706749992.61, ""searched_gamma_high"": 1246.8904629723913, ""no_global_nonexistence_proof"": true}}}",10,d8d1d4f34f404cf0ed2f3dbcaec1ba15642baa9779e097096b9fefad47caa19e
2.0,1000.0,1000.0,7,21,cw_engineering,cw_engineering,,,,,False,0.0615390000166371,failure,,,,,,,"{""solution_info"": {""status"": ""no_root_after_dense_search"", ""policy"": ""engineering"", ""diagnostic"": {""fits"": {""engineering"": {""status"": ""no_root_after_dense_search"", ""estimate"": null, ""location_lower_raw"": 0.0, ""shape_bounds"": [0.1, 9.99], ""roots_found"": 0}, ""paper"": {""status"": ""no_root_after_dense_search"", ""estimate"": null, ""location_lower_raw"": -3083.0293558230637, ""shape_bounds"": [0.1, 15.0], ""roots_found"": 0}}, ""candidates"": [], ""log_gap_step"": 0.01, ""grid_points"": 2354, ""finite_minimum_residual"": 0.11980564602308297, ""finite_minimum_gamma"": -90611811781763.67, ""limit_residual"": 0.1198056460186101, ""observed_monotone_decreasing"": true, ""observed_monotone_increasing"": false, ""local_extrema"": 0, ""searched_gamma_low"": -90611811781763.67, ""searched_gamma_high"": 1201.814011660649, ""no_global_nonexistence_proof"": true}}}",10,a8f96f00a46365de6c3e1396fd81ff8a2cb4597917b9441ecd7ab31714a84d9b
2.0,1000.0,1000.0,7,21,cw_paper,cw_paper,,,,,False,8.400005754083395e-06,failure,,,,,,,"{""solution_info"": {""status"": ""no_root_after_dense_search"", ""policy"": ""paper"", ""diagnostic"": {""fits"": {""engineering"": {""status"": ""no_root_after_dense_search"", ""estimate"": null, ""location_lower_raw"": 0.0, ""shape_bounds"": [0.1, 9.99], ""roots_found"": 0}, ""paper"": {""status"": ""no_root_after_dense_search"", ""estimate"": null, ""location_lower_raw"": -3083.0293558230637, ""shape_bounds"": [0.1, 15.0], ""roots_found"": 0}}, ""candidates"": [], ""log_gap_step"": 0.01, ""grid_points"": 2354, ""finite_minimum_residual"": 0.11980564602308297, ""finite_minimum_gamma"": -90611811781763.67, ""limit_residual"": 0.1198056460186101, ""observed_monotone_decreasing"": true, ""observed_monotone_increasing"": false, ""local_extrema"": 0, ""searched_gamma_low"": -90611811781763.67, ""searched_gamma_high"": 1201.814011660649, ""no_global_nonexistence_proof"": true}}}",10,a8f96f00a46365de6c3e1396fd81ff8a2cb4597917b9441ecd7ab31714a84d9b
2.0,1000.0,1000.0,7,22,cw_engineering,cw_engineering,,,,,False,0.130462700035423,failure,,,,,,,"{""solution_info"": {""status"": ""outside_declared_domain_root"", ""policy"": ""engineering"", ""diagnostic"": {""fits"": {""engineering"": {""status"": ""outside_declared_domain_root"", ""estimate"": null, ""location_lower_raw"": 0.0, ""shape_bounds"": [0.1, 9.99], ""roots_found"": 1}, ""paper"": {""status"": ""ok"", ""estimate"": {""log_gap"": 1.2015330133714068, ""beta"": 8.891071696965616, ""eta"": 4170.295953149506, ""gamma"": -2095.7227314165953, ""objective"": 7.728411123882361e-26, ""raw_gap"": 3325.210609721297}, ""location_lower_raw"": -2801.7605723946444, ""shape_bounds"": [0.1, 15.0], ""roots_found"": 1}}, ""candidates"": [{""log_gap"": 1.2015330133714068, ""beta"": 8.891071696965616, ""eta"": 4170.295953149506, ""gamma"": -2095.7227314165953, ""objective"": 7.728411123882361e-26, ""raw_gap"": 3325.210609721297}], ""log_gap_step"": 0.01, ""grid_points"": 2354, ""finite_minimum_residual"": -0.18868460007092236, ""finite_minimum_gamma"": -110164368209414.08, ""limit_residual"": -0.18868460007735677, ""observed_monotone_decreasing"": true, ""observed_monotone_increasing"": false, ""local_extrema"": 0, ""searched_gamma_low"": -110164368209414.08, ""searched_gamma_high"": 1229.4877783047016, ""no_global_nonexistence_proof"": true}}}",10,5b94651de7936d935fdbe01fad03dbb437667644be8462c73d802d5eab2e35cd
2.0,1000.0,1000.0,7,22,cw_paper,cw_paper,8.891071696965616,4170.295953149506,-2095.7227314165957,0.0,True,8.90000956133008e-06,success,6.891071696965616,3170.295953149506,-3095.7227314165957,3.445535848482808,3.1702959531495063,-3.095722731416595,"{""solution_info"": {""status"": ""ok"", ""policy"": ""paper"", ""diagnostic"": {""fits"": {""engineering"": {""status"": ""outside_declared_domain_root"", ""estimate"": null, ""location_lower_raw"": 0.0, ""shape_bounds"": [0.1, 9.99], ""roots_found"": 1}, ""paper"": {""status"": ""ok"", ""estimate"": {""log_gap"": 1.2015330133714068, ""beta"": 8.891071696965616, ""eta"": 4170.295953149506, ""gamma"": -2095.7227314165953, ""objective"": 7.728411123882361e-26, ""raw_gap"": 3325.210609721297}, ""location_lower_raw"": -2801.7605723946444, ""shape_bounds"": [0.1, 15.0], ""roots_found"": 1}}, ""candidates"": [{""log_gap"": 1.2015330133714068, ""beta"": 8.891071696965616, ""eta"": 4170.295953149506, ""gamma"": -2095.7227314165953, ""objective"": 7.728411123882361e-26, ""raw_gap"": 3325.210609721297}], ""log_gap_step"": 0.01, ""grid_points"": 2354, ""finite_minimum_residual"": -0.18868460007092236, ""finite_minimum_gamma"": -110164368209414.08, ""limit_residual"": -0.18868460007735677, ""observed_monotone_decreasing"": true, ""observed_monotone_increasing"": false, ""local_extrema"": 0, ""searched_gamma_low"": -110164368209414.08, ""searched_gamma_high"": 1229.4877783047016, ""no_global_nonexistence_proof"": true}}}",10,5b94651de7936d935fdbe01fad03dbb437667644be8462c73d802d5eab2e35cd
2.0,1000.0,1000.0,7,23,cw_engineering,cw_engineering,2.042101083110451,1760.5270964977294,613.4815859367139,0.0,True,0.0337047000066377,success,0.0421010831104511,760.5270964977294,-386.51841406328606,0.0210505415552255,0.7605270964977294,-0.3865184140632861,"{""solution_info"": {""status"": ""ok"", ""policy"": ""engineering"", ""diagnostic"": {""fits"": {""engineering"": {""status"": ""ok"", ""estimate"": {""log_gap"": -0.4203412127528156, ""beta"": 2.042101083110451, ""eta"": 1760.5270964977294, ""gamma"": 613.4815859367139, ""objective"": 2.149645966727257e-28, ""raw_gap"": 656.8226653053024}, ""location_lower_raw"": 0.0, ""shape_bounds"": [0.1, 9.99], ""roots_found"": 1}, ""paper"": {""status"": ""ok"", ""estimate"": {""log_gap"": -0.4203412127528156, ""beta"": 2.042101083110451, ""eta"": 1760.5270964977294, ""gamma"": 613.4815859367139, ""objective"": 2.149645966727257e-28, ""raw_gap"": 656.8226653053024}, ""location_lower_raw"": -6674.653352049067, ""shape_bounds"": [0.1, 15.0], ""roots_found"": 1}}, ""candidates"": [{""log_gap"": -0.4203412127528156, ""beta"": 2.042101083110451, ""eta"": 1760.5270964977294, ""gamma"": 613.4815859367139, ""objective"": 2.149645966727257e-28, ""raw_gap"": 656.8226653053024}], ""log_gap_step"": 0.04, ""grid_points"": 456, ""finite_minimum_residual"": -0.5133926793225332, ""finite_minimum_gamma"": -6674.653352049067, ""limit_residual"": -0.5952644118712229, ""observed_monotone_decreasing"": true, ""observed_monotone_increasing"": false, ""local_extrema"": 0, ""searched_gamma_low"": -6674.653352049067, ""searched_gamma_high"": 1270.3041512420164, ""no_global_nonexistence_proof"": true}}}",10,bb9e4fe289c6aaf7c5fc27b453a97534c4d6979ac9967e1860c518418d59e8b9
2.0,1000.0,1000.0,7,23,cw_paper,cw_paper,2.042101083110451,1760.5270964977294,613.4815859367139,0.0,True,9.800016414374111e-06,success,0.0421010831104511,760.5270964977294,-386.51841406328606,0.0210505415552255,0.7605270964977294,-0.3865184140632861,"{""solution_info"": {""status"": ""ok"", ""policy"": ""paper"", ""diagnostic"": {""fits"": {""engineering"": {""status"": ""ok"", ""estimate"": {""log_gap"": -0.4203412127528156, ""beta"": 2.042101083110451, ""eta"": 1760.5270964977294, ""gamma"": 613.4815859367139, ""objective"": 2.149645966727257e-28, ""raw_gap"": 656.8226653053024}, ""location_lower_raw"": 0.0, ""shape_bounds"": [0.1, 9.99], ""roots_found"": 1}, ""paper"": {""status"": ""ok"", ""estimate"": {""log_gap"": -0.4203412127528156, ""beta"": 2.042101083110451, ""eta"": 1760.5270964977294, ""gamma"": 613.4815859367139, ""objective"": 2.149645966727257e-28, ""raw_gap"": 656.8226653053024}, ""location_lower_raw"": -6674.653352049067, ""shape_bounds"": [0.1, 15.0], ""roots_found"": 1}}, ""candidates"": [{""log_gap"": -0.4203412127528156, ""beta"": 2.042101083110451, ""eta"": 1760.5270964977294, ""gamma"": 613.4815859367139, ""objective"": 2.149645966727257e-28, ""raw_gap"": 656.8226653053024}], ""log_gap_step"": 0.04, ""grid_points"": 456, ""finite_minimum_residual"": -0.5133926793225332, ""finite_minimum_gamma"": -6674.653352049067, ""limit_residual"": -0.5952644118712229, ""observed_monotone_decreasing"": true, ""observed_monotone_increasing"": false, ""local_extrema"": 0, ""searched_gamma_low"": -6674.653352049067, ""searched_gamma_high"": 1270.3041512420164, ""no_global_nonexistence_proof"": true}}}",10,bb9e4fe289c6aaf7c5fc27b453a97534c4d6979ac9967e1860c518418d59e8b9
2.0,1000.0,1000.0,7,24,cw_engineering,cw_engineering,,,,,False,0.1073643999989144,failure,,,,,,,"{""solution_info"": {""status"": ""outside_declared_domain_root"", ""policy"": ""engineering"", ""diagnostic"": {""fits"": {""engineering"": {""status"": ""outside_declared_domain_root"", ""estimate"": null, ""location_lower_raw"": 0.0, ""shape_bounds"": [0.1, 9.99], ""roots_found"": 1}, ""paper"": {""status"": ""ok"", ""estimate"": {""log_gap"": 1.10102485447663, ""beta"": 7.218610135254416, ""eta"": 3974.684604448253, ""gamma"": -1670.1424055856614, ""objective"": 5.12969129571607e-28, ""raw_gap"": 3007.2464351616063}, ""location_lower_raw"": -3982.282555361977, ""shape_bounds"": [0.1, 15.0], ""roots_found"": 1}}, ""candidates"": [{""log_gap"": 1.10102485447663, ""beta"": 7.218610135254416, ""eta"": 3974.684604448253, ""gamma"": -1670.1424055856614, ""objective"": 5.12969129571607e-28, ""raw_gap"": 3007.2464351616063}], ""log_gap_step"": 0.01, ""grid_points"": 2376, ""finite_minimum_residual"": -0.1471917470898665, ""finite_minimum_gamma"": -99870001132846.75, ""limit_residual"": -0.1471917470940436, ""observed_monotone_decreasing"": true, ""observed_monotone_increasing"": false, ""local_extrema"": 0, ""searched_gamma_low"": -117179351982937.34, ""searched_gamma_high"": 1337.1039295759447, ""no_global_nonexistence_proof"": true}}}",10,0da41b1ef0621ab7f890aca417fb6239ed8d5b253a0e32be21c464de46765d7d
2.0,1000.0,1000.0,7,24,cw_paper,cw_paper,7.218610135254416,3974.684604448253,-1670.1424055856614,0.0,True,8.400005754083395e-06,success,5.218610135254416,2974.684604448253,-2670.142405585661,2.609305067627208,2.974684604448253,-2.6701424055856613,"{""solution_info"": {""status"": ""ok"", ""policy"": ""paper"", ""diagnostic"": {""fits"": {""engineering"": {""status"": ""outside_declared_domain_root"", ""estimate"": null, ""location_lower_raw"": 0.0, ""shape_bounds"": [0.1, 9.99], ""roots_found"": 1}, ""paper"": {""status"": ""ok"", ""estimate"": {""log_gap"": 1.10102485447663, ""beta"": 7.218610135254416, ""eta"": 3974.684604448253, ""gamma"": -1670.1424055856614, ""objective"": 5.12969129571607e-28, ""raw_gap"": 3007.2464351616063}, ""location_lower_raw"": -3982.282555361977, ""shape_bounds"": [0.1, 15.0], ""roots_found"": 1}}, ""candidates"": [{""log_gap"": 1.10102485447663, ""beta"": 7.218610135254416, ""eta"": 3974.684604448253, ""gamma"": -1670.1424055856614, ""objective"": 5.12969129571607e-28, ""raw_gap"": 3007.2464351616063}], ""log_gap_step"": 0.01, ""grid_points"": 2376, ""finite_minimum_residual"": -0.1471917470898665, ""finite_minimum_gamma"": -99870001132846.75, ""limit_residual"": -0.1471917470940436, ""observed_monotone_decreasing"": true, ""observed_monotone_increasing"": false, ""local_extrema"": 0, ""searched_gamma_low"": -117179351982937.34, ""searched_gamma_high"": 1337.1039295759447, ""no_global_nonexistence_proof"": true}}}",10,0da41b1ef0621ab7f890aca417fb6239ed8d5b253a0e32be21c464de46765d7d
2.0,1000.0,1000.0,7,25,cw_engineering,cw_engineering,,,,,False,0.1017925000051036,failure,,,,,,,"{""solution_info"": {""status"": ""outside_declared_domain_root"", ""policy"": ""engineering"", ""diagnostic"": {""fits"": {""engineering"": {""status"": ""outside_declared_domain_root"", ""estimate"": null, ""location_lower_raw"": 0.0, ""shape_bounds"": [0.1, 9.99], ""roots_found"": 1}, ""paper"": {""status"": ""ok"", ""estimate"": {""log_gap"": 1.594034637848434, ""beta"": 8.545810434911095, ""eta"": 6231.628217650856, ""gamma"": -3709.926557473457, ""objective"": 6.409494854920721e-31, ""raw_gap"": 4923.573745437938}, ""location_lower_raw"": -5555.838542095597, ""shape_bounds"": [0.1, 15.0], ""roots_found"": 1}}, ""candidates"": [{""log_gap"": 1.594034637848434, ""beta"": 8.545810434911095, ""eta"": 6231.628217650856, ""gamma"": -3709.926557473457, ""objective"": 6.409494854920721e-31, ""raw_gap"": 4923.573745437938}], ""log_gap_step"": 0.01, ""grid_points"": 2404, ""finite_minimum_residual"": -0.16444797043875803, ""finite_minimum_gamma"": -166318853461023.47, ""limit_residual"": -0.1644479704443984, ""observed_monotone_decreasing"": true, ""observed_monotone_increasing"": false, ""local_extrema"": 0, ""searched_gamma_low"": -166318853461023.47, ""searched_gamma_high"": 1213.6470879644805, ""no_global_nonexistence_proof"": true}}}",10,5800d7bec09a3f9871473433420069e07d7530cae9c327a53919fdb3b8f7dac8
2.0,1000.0,1000.0,7,25,cw_paper,cw_paper,8.545810434911095,6231.628217650856,-3709.926557473457,0.0,True,8.800008799880743e-06,success,6.545810434911095,5231.628217650856,-4709.926557473456,3.2729052174555475,5.231628217650856,-4.709926557473456,"{""solution_info"": {""status"": ""ok"", ""policy"": ""paper"", ""diagnostic"": {""fits"": {""engineering"": {""status"": ""outside_declared_domain_root"", ""estimate"": null, ""location_lower_raw"": 0.0, ""shape_bounds"": [0.1, 9.99], ""roots_found"": 1}, ""paper"": {""status"": ""ok"", ""estimate"": {""log_gap"": 1.594034637848434, ""beta"": 8.545810434911095, ""eta"": 6231.628217650856, ""gamma"": -3709.926557473457, ""objective"": 6.409494854920721e-31, ""raw_gap"": 4923.573745437938}, ""location_lower_raw"": -5555.838542095597, ""shape_bounds"": [0.1, 15.0], ""roots_found"": 1}}, ""candidates"": [{""log_gap"": 1.594034637848434, ""beta"": 8.545810434911095, ""eta"": 6231.628217650856, ""gamma"": -3709.926557473457, ""objective"": 6.409494854920721e-31, ""raw_gap"": 4923.573745437938}], ""log_gap_step"": 0.01, ""grid_points"": 2404, ""finite_minimum_residual"": -0.16444797043875803, ""finite_minimum_gamma"": -166318853461023.47, ""limit_residual"": -0.1644479704443984, ""observed_monotone_decreasing"": true, ""observed_monotone_increasing"": false, ""local_extrema"": 0, ""searched_gamma_low"": -166318853461023.47, ""searched_gamma_high"": 1213.6470879644805, ""no_global_nonexistence_proof"": true}}}",10,5800d7bec09a3f9871473433420069e07d7530cae9c327a53919fdb3b8f7dac8
2.0,1000.0,1000.0,7,26,cw_engineering,cw_engineering,,,,,False,0.0838620000286027,failure,,,,,,,"{""solution_info"": {""status"": ""no_root_after_dense_search"", ""policy"": ""engineering"", ""diagnostic"": {""fits"": {""engineering"": {""status"": ""no_root_after_dense_search"", ""estimate"": null, ""location_lower_raw"": 0.0, ""shape_bounds"": [0.1, 9.99], ""roots_found"": 0}, ""paper"": {""status"": ""no_root_after_dense_search"", ""estimate"": null, ""location_lower_raw"": -2043.8288366235051, ""shape_bounds"": [0.1, 15.0], ""roots_found"": 0}}, ""candidates"": [], ""log_gap_step"": 0.01, ""grid_points"": 2330, ""finite_minimum_residual"": 0.4242324298355533, ""finite_minimum_gamma"": -70954010890881.86, ""limit_residual"": 0.42423242983131493, ""observed_monotone_decreasing"": true, ""observed_monotone_increasing"": false, ""local_extrema"": 0, ""searched_gamma_low"": -70954010890881.86, ""searched_gamma_high"": 1381.7471280618718, ""no_global_nonexistence_proof"": true}}}",10,9a1a1e5d234361e59b92b3eec9dd495f399cce1296d8c6bc27246b040a7fb5b0
2.0,1000.0,1000.0,7,26,cw_paper,cw_paper,,,,,False,8.500006515532732e-06,failure,,,,,,,"{""solution_info"": {""status"": ""no_root_after_dense_search"", ""policy"": ""paper"", ""diagnostic"": {""fits"": {""engineering"": {""status"": ""no_root_after_dense_search"", ""estimate"": null, ""location_lower_raw"": 0.0, ""shape_bounds"": [0.1, 9.99], ""roots_found"": 0}, ""paper"": {""status"": ""no_root_after_dense_search"", ""estimate"": null, ""location_lower_raw"": -2043.8288366235051, ""shape_bounds"": [0.1, 15.0], ""roots_found"": 0}}, ""candidates"": [], ""log_gap_step"": 0.01, ""grid_points"": 2330, ""finite_minimum_residual"": 0.4242324298355533, ""finite_minimum_gamma"": -70954010890881.86, ""limit_residual"": 0.42423242983131493, ""observed_monotone_decreasing"": true, ""observed_monotone_increasing"": false, ""local_extrema"": 0, ""searched_gamma_low"": -70954010890881.86, ""searched_gamma_high"": 1381.7471280618718, ""no_global_nonexistence_proof"": true}}}",10,9a1a1e5d234361e59b92b3eec9dd495f399cce1296d8c6bc27246b040a7fb5b0
2.0,1000.0,1000.0,7,27,cw_engineering,cw_engineering,3.888656750323684,1058.7731627269002,930.6183108714532,0.0,True,0.0265634000534191,success,1.888656750323684,58.77316272690018,-69.3816891285469,0.944328375161842,0.0587731627269001,-0.0693816891285468,"{""solution_info"": {""status"": ""ok"", ""policy"": ""engineering"", ""diagnostic"": {""fits"": {""engineering"": {""status"": ""ok"", ""estimate"": {""log_gap"": -0.46065629427989135, ""beta"": 3.888656750323684, ""eta"": 1058.7731627269002, ""gamma"": 930.6183108714531, ""objective"": 2.70098578376688e-28, ""raw_gap"": 630.8694735855884}, ""location_lower_raw"": 0.0, ""shape_bounds"": [0.1, 9.99], ""roots_found"": 1}, ""paper"": {""status"": ""ok"", ""estimate"": {""log_gap"": -0.46065629427989135, ""beta"": 3.888656750323684, ""eta"": 1058.7731627269002, ""gamma"": 930.6183108714531, ""objective"": 2.70098578376688e-28, ""raw_gap"": 630.8694735855884}, ""location_lower_raw"": -912.8562918095105, ""shape_bounds"": [0.1, 15.0], ""roots_found"": 1}}, ""candidates"": [{""log_gap"": -0.46065629427989135, ""beta"": 3.888656750323684, ""eta"": 1058.7731627269002, ""gamma"": 930.6183108714531, ""objective"": 2.70098578376688e-28, ""raw_gap"": 630.8694735855884}], ""log_gap_step"": 0.04, ""grid_points"": 427, ""finite_minimum_residual"": -0.2187621332542442, ""finite_minimum_gamma"": -912.8562918095103, ""limit_residual"": -0.31816134155268583, ""observed_monotone_decreasing"": true, ""observed_monotone_increasing"": false, ""local_extrema"": 0, ""searched_gamma_low"": -912.8562918095103, ""searched_gamma_high"": 1561.4876844570413, ""no_global_nonexistence_proof"": true}}}",10,306d036aed30c8fc5e1526aa8b43a3df1946f8c304b01f7e23111a6e76648f1c
2.0,1000.0,1000.0,7,27,cw_paper,cw_paper,3.888656750323684,1058.7731627269002,930.6183108714532,0.0,True,6.799993570894003e-06,success,1.888656750323684,58.77316272690018,-69.3816891285469,0.944328375161842,0.0587731627269001,-0.0693816891285468,"{""solution_info"": {""status"": ""ok"", ""policy"": ""paper"", ""diagnostic"": {""fits"": {""engineering"": {""status"": ""ok"", ""estimate"": {""log_gap"": -0.46065629427989135, ""beta"": 3.888656750323684, ""eta"": 1058.7731627269002, ""gamma"": 930.6183108714531, ""objective"": 2.70098578376688e-28, ""raw_gap"": 630.8694735855884}, ""location_lower_raw"": 0.0, ""shape_bounds"": [0.1, 9.99], ""roots_found"": 1}, ""paper"": {""status"": ""ok"", ""estimate"": {""log_gap"": -0.46065629427989135, ""beta"": 3.888656750323684, ""eta"": 1058.7731627269002, ""gamma"": 930.6183108714531, ""objective"": 2.70098578376688e-28, ""raw_gap"": 630.8694735855884}, ""location_lower_raw"": -912.8562918095105, ""shape_bounds"": [0.1, 15.0], ""roots_found"": 1}}, ""candidates"": [{""log_gap"": -0.46065629427989135, ""beta"": 3.888656750323684, ""eta"": 1058.7731627269002, ""gamma"": 930.6183108714531, ""objective"": 2.70098578376688e-28, ""raw_gap"": 630.8694735855884}], ""log_gap_step"": 0.04, ""grid_points"": 427, ""finite_minimum_residual"": -0.2187621332542442, ""finite_minimum_gamma"": -912.8562918095103, ""limit_residual"": -0.31816134155268583, ""observed_monotone_decreasing"": true, ""observed_monotone_increasing"": false, ""local_extrema"": 0, ""searched_gamma_low"": -912.8562918095103, ""searched_gamma_high"": 1561.4876844570413, ""no_global_nonexistence_proof"": true}}}",10,306d036aed30c8fc5e1526aa8b43a3df1946f8c304b01f7e23111a6e76648f1c
2.0,1000.0,1000.0,7,28,cw_engineering,cw_engineering,,,,,False,0.1108238999731838,failure,,,,,,,"{""solution_info"": {""status"": ""outside_declared_domain_root"", ""policy"": ""engineering"", ""diagnostic"": {""fits"": {""engineering"": {""status"": ""outside_declared_domain_root"", ""estimate"": null, ""location_lower_raw"": 0.0, ""shape_bounds"": [0.1, 9.99], ""roots_found"": 1}, ""paper"": {""status"": ""outside_declared_domain_root"", ""estimate"": null, ""location_lower_raw"": -2620.325154438799, ""shape_bounds"": [0.1, 15.0], ""roots_found"": 1}}, ""candidates"": [{""log_gap"": 4.998617840056061, ""beta"": 347.7725989296002, ""eta"": 149068.7052978641, ""gamma"": -146869.80830488494, ""objective"": 3.6484816866471796e-29, ""raw_gap"": 148208.17007535638}], ""log_gap_step"": 0.01, ""grid_points"": 2351, ""finite_minimum_residual"": -0.004493828352381879, ""finite_minimum_gamma"": -94067403298861.11, ""limit_residual"": -0.004493828358345997, ""observed_monotone_decreasing"": true, ""observed_monotone_increasing"": false, ""local_extrema"": 0, ""searched_gamma_low"": -101892242885769.53, ""searched_gamma_high"": 1338.3616704714284, ""no_global_nonexistence_proof"": true}}}",10,88ca105951af968ae204c679add19266bb07702609d84e45932d90af6e3f66e5
2.0,1000.0,1000.0,7,28,cw_paper,cw_paper,,,,,False,8.300004992634058e-06,failure,,,,,,,"{""solution_info"": {""status"": ""outside_declared_domain_root"", ""policy"": ""paper"", ""diagnostic"": {""fits"": {""engineering"": {""status"": ""outside_declared_domain_root"", ""estimate"": null, ""location_lower_raw"": 0.0, ""shape_bounds"": [0.1, 9.99], ""roots_found"": 1}, ""paper"": {""status"": ""outside_declared_domain_root"", ""estimate"": null, ""location_lower_raw"": -2620.325154438799, ""shape_bounds"": [0.1, 15.0], ""roots_found"": 1}}, ""candidates"": [{""log_gap"": 4.998617840056061, ""beta"": 347.7725989296002, ""eta"": 149068.7052978641, ""gamma"": -146869.80830488494, ""objective"": 3.6484816866471796e-29, ""raw_gap"": 148208.17007535638}], ""log_gap_step"": 0.01, ""grid_points"": 2351, ""finite_minimum_residual"": -0.004493828352381879, ""finite_minimum_gamma"": -94067403298861.11, ""limit_residual"": -0.004493828358345997, ""observed_monotone_decreasing"": true, ""observed_monotone_increasing"": false, ""local_extrema"": 0, ""searched_gamma_low"": -101892242885769.53, ""searched_gamma_high"": 1338.3616704714284, ""no_global_nonexistence_proof"": true}}}",10,88ca105951af968ae204c679add19266bb07702609d84e45932d90af6e3f66e5
2.0,1000.0,1000.0,7,29,cw_engineering,cw_engineering,,,,,False,0.1073180999956093,failure,,,,,,,"{""solution_info"": {""status"": ""no_root_after_dense_search"", ""policy"": ""engineering"", ""diagnostic"": {""fits"": {""engineering"": {""status"": ""no_root_after_dense_search"", ""estimate"": null, ""location_lower_raw"": 0.0, ""shape_bounds"": [0.1, 9.99], ""roots_found"": 0}, ""paper"": {""status"": ""no_root_after_dense_search"", ""estimate"": null, ""location_lower_raw"": -758.7991266549368, ""shape_bounds"": [0.1, 15.0], ""roots_found"": 0}}, ""candidates"": [], ""log_gap_step"": 0.01, ""grid_points"": 2284, ""finite_minimum_residual"": 1.0816021880418805, ""finite_minimum_gamma"": -52675468610737.266, ""limit_residual"": 1.081602188032583, ""observed_monotone_decreasing"": true, ""observed_monotone_increasing"": false, ""local_extrema"": 0, ""searched_gamma_low"": -52675468610737.266, ""searched_gamma_high"": 1259.1865695533868, ""no_global_nonexistence_proof"": true}}}",10,4fe79f8453cdf7cba4cff7cae2d40680ab3d91e145e98e772d7a1bf0c1732e10
2.0,1000.0,1000.0,7,29,cw_paper,cw_paper,,,,,False,5.939998663961888e-05,failure,,,,,,,"{""solution_info"": {""status"": ""no_root_after_dense_search"", ""policy"": ""paper"", ""diagnostic"": {""fits"": {""engineering"": {""status"": ""no_root_after_dense_search"", ""estimate"": null, ""location_lower_raw"": 0.0, ""shape_bounds"": [0.1, 9.99], ""roots_found"": 0}, ""paper"": {""status"": ""no_root_after_dense_search"", ""estimate"": null, ""location_lower_raw"": -758.7991266549368, ""shape_bounds"": [0.1, 15.0], ""roots_found"": 0}}, ""candidates"": [], ""log_gap_step"": 0.01, ""grid_points"": 2284, ""finite_minimum_residual"": 1.0816021880418805, ""finite_minimum_gamma"": -52675468610737.266, ""limit_residual"": 1.081602188032583, ""observed_monotone_decreasing"": true, ""observed_monotone_increasing"": false, ""local_extrema"": 0, ""searched_gamma_low"": -52675468610737.266, ""searched_gamma_high"": 1259.1865695533868, ""no_global_nonexistence_proof"": true}}}",10,4fe79f8453cdf7cba4cff7cae2d40680ab3d91e145e98e772d7a1bf0c1732e10
2.0,1000.0,1000.0,7,30,cw_engineering,cw_engineering,,,,,False,0.0905086999991908,failure,,,,,,,"{""solution_info"": {""status"": ""no_root_after_dense_search"", ""policy"": ""engineering"", ""diagnostic"": {""fits"": {""engineering"": {""status"": ""no_root_after_dense_search"", ""estimate"": null, ""location_lower_raw"": 0.0, ""shape_bounds"": [0.1, 9.99], ""roots_found"": 0}, ""paper"": {""status"": ""no_root_after_dense_search"", ""estimate"": null, ""location_lower_raw"": -1293.2663774115683, ""shape_bounds"": [0.1, 15.0], ""roots_found"": 0}}, ""candidates"": [], ""log_gap_step"": 0.01, ""grid_points"": 2299, ""finite_minimum_residual"": 0.07422962709009218, ""finite_minimum_gamma"": -49085048502212.82, ""limit_residual"": 0.07422962708723047, ""observed_monotone_decreasing"": true, ""observed_monotone_increasing"": false, ""local_extrema"": 0, ""searched_gamma_low"": -49085048502212.82, ""searched_gamma_high"": 1259.7985160278454, ""no_global_nonexistence_proof"": true}}}",10,5c260e1b1dc0aabf6d771023cbd641ff5f46d455e2ea63668fcaa7d2dd43a16e
2.0,1000.0,1000.0,7,30,cw_paper,cw_paper,,,,,False,9.699957445263864e-06,failure,,,,,,,"{""solution_info"": {""status"": ""no_root_after_dense_search"", ""policy"": ""paper"", ""diagnostic"": {""fits"": {""engineering"": {""status"": ""no_root_after_dense_search"", ""estimate"": null, ""location_lower_raw"": 0.0, ""shape_bounds"": [0.1, 9.99], ""roots_found"": 0}, ""paper"": {""status"": ""no_root_after_dense_search"", ""estimate"": null, ""location_lower_raw"": -1293.2663774115683, ""shape_bounds"": [0.1, 15.0], ""roots_found"": 0}}, ""candidates"": [], ""log_gap_step"": 0.01, ""grid_points"": 2299, ""finite_minimum_residual"": 0.07422962709009218, ""finite_minimum_gamma"": -49085048502212.82, ""limit_residual"": 0.07422962708723047, ""observed_monotone_decreasing"": true, ""observed_monotone_increasing"": false, ""local_extrema"": 0, ""searched_gamma_low"": -49085048502212.82, ""searched_gamma_high"": 1259.7985160278454, ""no_global_nonexistence_proof"": true}}}",10,5c260e1b1dc0aabf6d771023cbd641ff5f46d455e2ea63668fcaa7d2dd43a16e
2.0,1000.0,1000.0,7,31,cw_engineering,cw_engineering,2.775590176462084,2087.691226917172,193.9764277245548,0.0,True,0.021981100027915,success,0.7755901764620838,1087.691226917172,-806.0235722754452,0.3877950882310419,1.087691226917172,-0.8060235722754452,"{""solution_info"": {""status"": ""ok"", ""policy"": ""engineering"", ""diagnostic"": {""fits"": {""engineering"": {""status"": ""ok"", ""estimate"": {""log_gap"": 0.010656774625065243, ""beta"": 2.775590176462084, ""eta"": 2087.691226917172, ""gamma"": 193.9764277245548, ""objective"": 1.9721522630525295e-30, ""raw_gap"": 1010.7137602956897}, ""location_lower_raw"": 0.0, ""shape_bounds"": [0.1, 9.99], ""roots_found"": 1}, ""paper"": {""status"": ""ok"", ""estimate"": {""log_gap"": 0.010656774625065243, ""beta"": 2.775590176462084, ""eta"": 2087.691226917172, ""gamma"": 193.9764277245548, ""objective"": 1.9721522630525295e-30, ""raw_gap"": 1010.7137602956897}, ""location_lower_raw"": -6012.385708734556, ""shape_bounds"": [0.1, 15.0], ""roots_found"": 1}}, ""candidates"": [{""log_gap"": 0.010656774625065243, ""beta"": 2.775590176462084, ""eta"": 2087.691226917172, ""gamma"": 193.9764277245548, ""objective"": 1.9721522630525295e-30, ""raw_gap"": 1010.7137602956897}], ""log_gap_step"": 0.04, ""grid_points"": 454, ""finite_minimum_residual"": -0.13745006391890846, ""finite_minimum_gamma"": -6012.385708734556, ""limit_residual"": -0.1773934017028418, ""observed_monotone_decreasing"": true, ""observed_monotone_increasing"": false, ""local_extrema"": 0, ""searched_gamma_low"": -6012.385708734556, ""searched_gamma_high"": 1204.6900880202445, ""no_global_nonexistence_proof"": true}}}",10,39bd06e8810dc1e60ed840f9a8accf48e8a92bcb44edbc3e486a5c55cd8c7a5a
2.0,1000.0,1000.0,7,31,cw_paper,cw_paper,2.775590176462084,2087.691226917172,193.9764277245548,0.0,True,6.89999433234334e-06,success,0.7755901764620838,1087.691226917172,-806.0235722754452,0.3877950882310419,1.087691226917172,-0.8060235722754452,"{""solution_info"": {""status"": ""ok"", ""policy"": ""paper"", ""diagnostic"": {""fits"": {""engineering"": {""status"": ""ok"", ""estimate"": {""log_gap"": 0.010656774625065243, ""beta"": 2.775590176462084, ""eta"": 2087.691226917172, ""gamma"": 193.9764277245548, ""objective"": 1.9721522630525295e-30, ""raw_gap"": 1010.7137602956897}, ""location_lower_raw"": 0.0, ""shape_bounds"": [0.1, 9.99], ""roots_found"": 1}, ""paper"": {""status"": ""ok"", ""estimate"": {""log_gap"": 0.010656774625065243, ""beta"": 2.775590176462084, ""eta"": 2087.691226917172, ""gamma"": 193.9764277245548, ""objective"": 1.9721522630525295e-30, ""raw_gap"": 1010.7137602956897}, ""location_lower_raw"": -6012.385708734556, ""shape_bounds"": [0.1, 15.0], ""roots_found"": 1}}, ""candidates"": [{""log_gap"": 0.010656774625065243, ""beta"": 2.775590176462084, ""eta"": 2087.691226917172, ""gamma"": 193.9764277245548, ""objective"": 1.9721522630525295e-30, ""raw_gap"": 1010.7137602956897}], ""log_gap_step"": 0.04, ""grid_points"": 454, ""finite_minimum_residual"": -0.13745006391890846, ""finite_minimum_gamma"": -6012.385708734556, ""limit_residual"": -0.1773934017028418, ""observed_monotone_decreasing"": true, ""observed_monotone_increasing"": false, ""local_extrema"": 0, ""searched_gamma_low"": -6012.385708734556, ""searched_gamma_high"": 1204.6900880202445, ""no_global_nonexistence_proof"": true}}}",10,39bd06e8810dc1e60ed840f9a8accf48e8a92bcb44edbc3e486a5c55cd8c7a5a
2.0,1000.0,1000.0,7,32,cw_engineering,cw_engineering,,,,,False,0.1197628999943845,failure,,,,,,,"{""solution_info"": {""status"": ""outside_declared_domain_root"", ""policy"": ""engineering"", ""diagnostic"": {""fits"": {""engineering"": {""status"": ""outside_declared_domain_root"", ""estimate"": null, ""location_lower_raw"": 0.0, ""shape_bounds"": [0.1, 9.99], ""roots_found"": 1}, ""paper"": {""status"": ""outside_declared_domain_root"", ""estimate"": null, ""location_lower_raw"": -1035.8645724893283, ""shape_bounds"": [0.1, 15.0], ""roots_found"": 1}}, ""candidates"": [{""log_gap"": 2.3972695755425866, ""beta"": 41.26326552130664, ""eta"": 11542.825020400758, ""gamma"": -9573.866973210472, ""objective"": 1.4944969849412069e-27, ""raw_gap"": 10993.119482971164}], ""log_gap_step"": 0.01, ""grid_points"": 2304, ""finite_minimum_residual"": -0.040805981987612094, ""finite_minimum_gamma"": -66719546694054.13, ""limit_residual"": -0.04080598199442087, ""observed_monotone_decreasing"": true, ""observed_monotone_increasing"": false, ""local_extrema"": 0, ""searched_gamma_low"": -66719546694054.13, ""searched_gamma_high"": 1419.2524097606934, ""no_global_nonexistence_proof"": true}}}",10,2d19754c8ecf3d19245d5f56bb2ae905f277a33ae917a5c02c4e5c868c229b85
2.0,1000.0,1000.0,7,32,cw_paper,cw_paper,,,,,False,9.899958968162537e-06,failure,,,,,,,"{""solution_info"": {""status"": ""outside_declared_domain_root"", ""policy"": ""paper"", ""diagnostic"": {""fits"": {""engineering"": {""status"": ""outside_declared_domain_root"", ""estimate"": null, ""location_lower_raw"": 0.0, ""shape_bounds"": [0.1, 9.99], ""roots_found"": 1}, ""paper"": {""status"": ""outside_declared_domain_root"", ""estimate"": null, ""location_lower_raw"": -1035.8645724893283, ""shape_bounds"": [0.1, 15.0], ""roots_found"": 1}}, ""candidates"": [{""log_gap"": 2.3972695755425866, ""beta"": 41.26326552130664, ""eta"": 11542.825020400758, ""gamma"": -9573.866973210472, ""objective"": 1.4944969849412069e-27, ""raw_gap"": 10993.119482971164}], ""log_gap_step"": 0.01, ""grid_points"": 2304, ""finite_minimum_residual"": -0.040805981987612094, ""finite_minimum_gamma"": -66719546694054.13, ""limit_residual"": -0.04080598199442087, ""observed_monotone_decreasing"": true, ""observed_monotone_increasing"": false, ""local_extrema"": 0, ""searched_gamma_low"": -66719546694054.13, ""searched_gamma_high"": 1419.2524097606934, ""no_global_nonexistence_proof"": true}}}",10,2d19754c8ecf3d19245d5f56bb2ae905f277a33ae917a5c02c4e5c868c229b85
2.0,1000.0,1000.0,7,33,cw_engineering,cw_engineering,,,,,False,0.1213151999982073,failure,,,,,,,"{""solution_info"": {""status"": ""no_root_after_dense_search"", ""policy"": ""engineering"", ""diagnostic"": {""fits"": {""engineering"": {""status"": ""no_root_after_dense_search"", ""estimate"": null, ""location_lower_raw"": 0.0, ""shape_bounds"": [0.1, 9.99], ""roots_found"": 0}, ""paper"": {""status"": ""no_root_after_dense_search"", ""estimate"": null, ""location_lower_raw"": -1817.60236193696, ""shape_bounds"": [0.1, 15.0], ""roots_found"": 0}}, ""candidates"": [], ""log_gap_step"": 0.01, ""grid_points"": 2332, ""finite_minimum_residual"": 0.08472471661306402, ""finite_minimum_gamma"": -87641287212295.8, ""limit_residual"": 0.0847247166057179, ""observed_monotone_decreasing"": true, ""observed_monotone_increasing"": false, ""local_extrema"": 0, ""searched_gamma_low"": -87641287212295.8, ""searched_gamma_high"": 1421.7826293512892, ""no_global_nonexistence_proof"": true}}}",10,f86071d21d592c6c9be882bda9f86da919db8ae3064ee1ec2dd5aeaddaa3b078
2.0,1000.0,1000.0,7,33,cw_paper,cw_paper,,,,,False,9.100011084228754e-06,failure,,,,,,,"{""solution_info"": {""status"": ""no_root_after_dense_search"", ""policy"": ""paper"", ""diagnostic"": {""fits"": {""engineering"": {""status"": ""no_root_after_dense_search"", ""estimate"": null, ""location_lower_raw"": 0.0, ""shape_bounds"": [0.1, 9.99], ""roots_found"": 0}, ""paper"": {""status"": ""no_root_after_dense_search"", ""estimate"": null, ""location_lower_raw"": -1817.60236193696, ""shape_bounds"": [0.1, 15.0], ""roots_found"": 0}}, ""candidates"": [], ""log_gap_step"": 0.01, ""grid_points"": 2332, ""finite_minimum_residual"": 0.08472471661306402, ""finite_minimum_gamma"": -87641287212295.8, ""limit_residual"": 0.0847247166057179, ""observed_monotone_decreasing"": true, ""observed_monotone_increasing"": false, ""local_extrema"": 0, ""searched_gamma_low"": -87641287212295.8, ""searched_gamma_high"": 1421.7826293512892, ""no_global_nonexistence_proof"": true}}}",10,f86071d21d592c6c9be882bda9f86da919db8ae3064ee1ec2dd5aeaddaa3b078
2.0,1000.0,1000.0,7,34,cw_engineering,cw_engineering,4.318510459487382,1513.0435358875925,447.9004474460799,0.0,True,0.021930799994152,success,2.318510459487382,513.0435358875925,-552.0995525539201,1.159255229743691,0.5130435358875926,-0.5520995525539202,"{""solution_info"": {""status"": ""ok"", ""policy"": ""engineering"", ""diagnostic"": {""fits"": {""engineering"": {""status"": ""ok"", ""estimate"": {""log_gap"": -0.05210668605207672, ""beta"": 4.318510459487382, ""eta"": 1513.0435358875925, ""gamma"": 447.9004474460799, ""objective"": 3.3526588471893e-29, ""raw_gap"": 949.2275920963611}, ""location_lower_raw"": 0.0, ""shape_bounds"": [0.1, 9.99], ""roots_found"": 1}, ""paper"": {""status"": ""ok"", ""estimate"": {""log_gap"": -0.05210668605207672, ""beta"": 4.318510459487382, ""eta"": 1513.0435358875925, ""gamma"": 447.9004474460799, ""objective"": 3.3526588471893e-29, ""raw_gap"": 949.2275920963611}, ""location_lower_raw"": -1903.8242469583147, ""shape_bounds"": [0.1, 15.0], ""roots_found"": 1}}, ""candidates"": [{""log_gap"": -0.05210668605207672, ""beta"": 4.318510459487382, ""eta"": 1513.0435358875925, ""gamma"": 447.9004474460799, ""objective"": 3.3526588471893e-29, ""raw_gap"": 949.2275920963611}], ""log_gap_step"": 0.04, ""grid_points"": 434, ""finite_minimum_residual"": -0.17095304622937202, ""finite_minimum_gamma"": -1903.8242469583147, ""limit_residual"": -0.2659711038113277, ""observed_monotone_decreasing"": true, ""observed_monotone_increasing"": false, ""local_extrema"": 0, ""searched_gamma_low"": -1903.8242469583147, ""searched_gamma_high"": 1397.127939542441, ""no_global_nonexistence_proof"": true}}}",10,86d13a93bf0a4c46ce10b877e6b88d6660be684e97974bb711e1246c94e9bd26
2.0,1000.0,1000.0,7,34,cw_paper,cw_paper,4.318510459487382,1513.0435358875925,447.9004474460799,0.0,True,8.500006515532732e-06,success,2.318510459487382,513.0435358875925,-552.0995525539201,1.159255229743691,0.5130435358875926,-0.5520995525539202,"{""solution_info"": {""status"": ""ok"", ""policy"": ""paper"", ""diagnostic"": {""fits"": {""engineering"": {""status"": ""ok"", ""estimate"": {""log_gap"": -0.05210668605207672, ""beta"": 4.318510459487382, ""eta"": 1513.0435358875925, ""gamma"": 447.9004474460799, ""objective"": 3.3526588471893e-29, ""raw_gap"": 949.2275920963611}, ""location_lower_raw"": 0.0, ""shape_bounds"": [0.1, 9.99], ""roots_found"": 1}, ""paper"": {""status"": ""ok"", ""estimate"": {""log_gap"": -0.05210668605207672, ""beta"": 4.318510459487382, ""eta"": 1513.0435358875925, ""gamma"": 447.9004474460799, ""objective"": 3.3526588471893e-29, ""raw_gap"": 949.2275920963611}, ""location_lower_raw"": -1903.8242469583147, ""shape_bounds"": [0.1, 15.0], ""roots_found"": 1}}, ""candidates"": [{""log_gap"": -0.05210668605207672, ""beta"": 4.318510459487382, ""eta"": 1513.0435358875925, ""gamma"": 447.9004474460799, ""objective"": 3.3526588471893e-29, ""raw_gap"": 949.2275920963611}], ""log_gap_step"": 0.04, ""grid_points"": 434, ""finite_minimum_residual"": -0.17095304622937202, ""finite_minimum_gamma"": -1903.8242469583147, ""limit_residual"": -0.2659711038113277, ""observed_monotone_decreasing"": true, ""observed_monotone_increasing"": false, ""local_extrema"": 0, ""searched_gamma_low"": -1903.8242469583147, ""searched_gamma_high"": 1397.127939542441, ""no_global_nonexistence_proof"": true}}}",10,86d13a93bf0a4c46ce10b877e6b88d6660be684e97974bb711e1246c94e9bd26
2.0,1000.0,1000.0,7,35,cw_engineering,cw_engineering,,,,,False,0.0455634999671019,failure,,,,,,,"{""solution_info"": {""status"": ""no_root_after_dense_search"", ""policy"": ""engineering"", ""diagnostic"": {""fits"": {""engineering"": {""status"": ""no_root_after_dense_search"", ""estimate"": null, ""location_lower_raw"": 0.0, ""shape_bounds"": [0.1, 9.99], ""roots_found"": 0}, ""paper"": {""status"": ""no_root_after_dense_search"", ""estimate"": null, ""location_lower_raw"": -3323.6588646148866, ""shape_bounds"": [0.1, 15.0], ""roots_found"": 0}}, ""candidates"": [], ""log_gap_step"": 0.01, ""grid_points"": 2363, ""finite_minimum_residual"": 0.6039760706737378, ""finite_minimum_gamma"": -110519406121391.64, ""limit_residual"": 0.6039760706661652, ""observed_monotone_decreasing"": true, ""observed_monotone_increasing"": false, ""local_extrema"": 0, ""searched_gamma_low"": -110519406121391.64, ""searched_gamma_high"": 1188.5836849074137, ""no_global_nonexistence_proof"": true}}}",10,90d483af3e6acc55b09450d724fadbf2c45f83abdc87cc8dfd75f413766542e6
2.0,1000.0,1000.0,7,35,cw_paper,cw_paper,,,,,False,8.700008038431406e-06,failure,,,,,,,"{""solution_info"": {""status"": ""no_root_after_dense_search"", ""policy"": ""paper"", ""diagnostic"": {""fits"": {""engineering"": {""status"": ""no_root_after_dense_search"", ""estimate"": null, ""location_lower_raw"": 0.0, ""shape_bounds"": [0.1, 9.99], ""roots_found"": 0}, ""paper"": {""status"": ""no_root_after_dense_search"", ""estimate"": null, ""location_lower_raw"": -3323.6588646148866, ""shape_bounds"": [0.1, 15.0], ""roots_found"": 0}}, ""candidates"": [], ""log_gap_step"": 0.01, ""grid_points"": 2363, ""finite_minimum_residual"": 0.6039760706737378, ""finite_minimum_gamma"": -110519406121391.64, ""limit_residual"": 0.6039760706661652, ""observed_monotone_decreasing"": true, ""observed_monotone_increasing"": false, ""local_extrema"": 0, ""searched_gamma_low"": -110519406121391.64, ""searched_gamma_high"": 1188.5836849074137, ""no_global_nonexistence_proof"": true}}}",10,90d483af3e6acc55b09450d724fadbf2c45f83abdc87cc8dfd75f413766542e6
2.0,1000.0,1000.0,7,36,cw_engineering,cw_engineering,,,,,False,0.0892914000432938,failure,,,,,,,"{""solution_info"": {""status"": ""outside_declared_domain_root"", ""policy"": ""engineering"", ""diagnostic"": {""fits"": {""engineering"": {""status"": ""outside_declared_domain_root"", ""estimate"": null, ""location_lower_raw"": 0.0, ""shape_bounds"": [0.1, 9.99], ""roots_found"": 1}, ""paper"": {""status"": ""ok"", ""estimate"": {""log_gap"": 0.47671762993845124, ""beta"": 6.613100324660758, ""eta"": 2184.0408148225715, ""gamma"": -412.99236335596134, ""objective"": 1.9721522630525295e-31, ""raw_gap"": 1610.7785441955468}, ""location_lower_raw"": -2053.372216744078, ""shape_bounds"": [0.1, 15.0], ""roots_found"": 1}}, ""candidates"": [{""log_gap"": 0.47671762993845124, ""beta"": 6.613100324660758, ""eta"": 2184.0408148225715, ""gamma"": -412.99236335596134, ""objective"": 1.9721522630525295e-31, ""raw_gap"": 1610.7785441955468}], ""log_gap_step"": 0.01, ""grid_points"": 2326, ""finite_minimum_residual"": -0.13582867200714177, ""finite_minimum_gamma"": -68572042994603.49, ""limit_residual"": -0.13582867201099336, ""observed_monotone_decreasing"": true, ""observed_monotone_increasing"": false, ""local_extrema"": 0, ""searched_gamma_low"": -68572042994603.49, ""searched_gamma_high"": 1197.7860808395856, ""no_global_nonexistence_proof"": true}}}",10,013156fa1df3504f5502da6ae9a82464a4c01bc7c026358c5bbba296a303912e
2.0,1000.0,1000.0,7,36,cw_paper,cw_paper,6.613100324660758,2184.0408148225715,-412.9923633559613,0.0,True,7.90000194683671e-06,success,4.613100324660758,1184.0408148225715,-1412.9923633559613,2.306550162330379,1.1840408148225716,-1.4129923633559611,"{""solution_info"": {""status"": ""ok"", ""policy"": ""paper"", ""diagnostic"": {""fits"": {""engineering"": {""status"": ""outside_declared_domain_root"", ""estimate"": null, ""location_lower_raw"": 0.0, ""shape_bounds"": [0.1, 9.99], ""roots_found"": 1}, ""paper"": {""status"": ""ok"", ""estimate"": {""log_gap"": 0.47671762993845124, ""beta"": 6.613100324660758, ""eta"": 2184.0408148225715, ""gamma"": -412.99236335596134, ""objective"": 1.9721522630525295e-31, ""raw_gap"": 1610.7785441955468}, ""location_lower_raw"": -2053.372216744078, ""shape_bounds"": [0.1, 15.0], ""roots_found"": 1}}, ""candidates"": [{""log_gap"": 0.47671762993845124, ""beta"": 6.613100324660758, ""eta"": 2184.0408148225715, ""gamma"": -412.99236335596134, ""objective"": 1.9721522630525295e-31, ""raw_gap"": 1610.7785441955468}], ""log_gap_step"": 0.01, ""grid_points"": 2326, ""finite_minimum_residual"": -0.13582867200714177, ""finite_minimum_gamma"": -68572042994603.49, ""limit_residual"": -0.13582867201099336, ""observed_monotone_decreasing"": true, ""observed_monotone_increasing"": false, ""local_extrema"": 0, ""searched_gamma_low"": -68572042994603.49, ""searched_gamma_high"": 1197.7860808395856, ""no_global_nonexistence_proof"": true}}}",10,013156fa1df3504f5502da6ae9a82464a4c01bc7c026358c5bbba296a303912e
2.0,1000.0,1000.0,7,37,cw_engineering,cw_engineering,2.9627450508214865,1072.8077464851156,801.4880661877816,0.0,True,0.0273553000297397,success,0.9627450508214864,72.80774648511556,-198.51193381221844,0.4813725254107432,0.0728077464851155,-0.1985119338122184,"{""solution_info"": {""status"": ""ok"", ""policy"": ""engineering"", ""diagnostic"": {""fits"": {""engineering"": {""status"": ""ok"", ""estimate"": {""log_gap"": -0.609299509927053, ""beta"": 2.9627450508214865, ""eta"": 1072.8077464851156, ""gamma"": 801.4880661877816, ""objective"": 3.944304526105059e-31, ""raw_gap"": 543.7316143029713}, ""location_lower_raw"": 0.0, ""shape_bounds"": [0.1, 9.99], ""roots_found"": 1}, ""paper"": {""status"": ""ok"", ""estimate"": {""log_gap"": -0.609299509927053, ""beta"": 2.9627450508214865, ""eta"": 1072.8077464851156, ""gamma"": 801.4880661877816, ""objective"": 3.944304526105059e-31, ""raw_gap"": 543.7316143029713}, ""location_lower_raw"": -1943.7017441522012, ""shape_bounds"": [0.1, 15.0], ""roots_found"": 1}}, ""candidates"": [{""log_gap"": -0.609299509927053, ""beta"": 2.9627450508214865, ""eta"": 1072.8077464851156, ""gamma"": 801.4880661877816, ""objective"": 3.944304526105059e-31, ""raw_gap"": 543.7316143029713}], ""log_gap_step"": 0.04, ""grid_points"": 434, ""finite_minimum_residual"": -0.32930436425372567, ""finite_minimum_gamma"": -1943.7017441522016, ""limit_residual"": -0.4292189215949096, ""observed_monotone_decreasing"": true, ""observed_monotone_increasing"": false, ""local_extrema"": 0, ""searched_gamma_low"": -1943.7017441522016, ""searched_gamma_high"": 1345.2195804907528, ""no_global_nonexistence_proof"": true}}}",10,e4acaee36766d902066344b455a7b496c0dd6d37ee9318067f35983bd2e690b1
2.0,1000.0,1000.0,7,37,cw_paper,cw_paper,2.9627450508214865,1072.8077464851156,801.4880661877816,0.0,True,6.999995093792677e-06,success,0.9627450508214864,72.80774648511556,-198.51193381221844,0.4813725254107432,0.0728077464851155,-0.1985119338122184,"{""solution_info"": {""status"": ""ok"", ""policy"": ""paper"", ""diagnostic"": {""fits"": {""engineering"": {""status"": ""ok"", ""estimate"": {""log_gap"": -0.609299509927053, ""beta"": 2.9627450508214865, ""eta"": 1072.8077464851156, ""gamma"": 801.4880661877816, ""objective"": 3.944304526105059e-31, ""raw_gap"": 543.7316143029713}, ""location_lower_raw"": 0.0, ""shape_bounds"": [0.1, 9.99], ""roots_found"": 1}, ""paper"": {""status"": ""ok"", ""estimate"": {""log_gap"": -0.609299509927053, ""beta"": 2.9627450508214865, ""eta"": 1072.8077464851156, ""gamma"": 801.4880661877816, ""objective"": 3.944304526105059e-31, ""raw_gap"": 543.7316143029713}, ""location_lower_raw"": -1943.7017441522012, ""shape_bounds"": [0.1, 15.0], ""roots_found"": 1}}, ""candidates"": [{""log_gap"": -0.609299509927053, ""beta"": 2.9627450508214865, ""eta"": 1072.8077464851156, ""gamma"": 801.4880661877816, ""objective"": 3.944304526105059e-31, ""raw_gap"": 543.7316143029713}], ""log_gap_step"": 0.04, ""grid_points"": 434, ""finite_minimum_residual"": -0.32930436425372567, ""finite_minimum_gamma"": -1943.7017441522016, ""limit_residual"": -0.4292189215949096, ""observed_monotone_decreasing"": true, ""observed_monotone_increasing"": false, ""local_extrema"": 0, ""searched_gamma_low"": -1943.7017441522016, ""searched_gamma_high"": 1345.2195804907528, ""no_global_nonexistence_proof"": true}}}",10,e4acaee36766d902066344b455a7b496c0dd6d37ee9318067f35983bd2e690b1
2.0,1000.0,1000.0,7,38,cw_engineering,cw_engineering,2.182519719146632,814.2462268385332,847.3083917530179,0.0,True,0.0214688999694772,success,0.1825197191466321,-185.7537731614668,-152.69160824698213,0.091259859573316,-0.1857537731614668,-0.1526916082469821,"{""solution_info"": {""status"": ""ok"", ""policy"": ""engineering"", ""diagnostic"": {""fits"": {""engineering"": {""status"": ""ok"", ""estimate"": {""log_gap"": -1.1280127375795976, ""beta"": 2.182519719146632, ""eta"": 814.2462268385332, ""gamma"": 847.3083917530179, ""objective"": 1.597443333072549e-29, ""raw_gap"": 323.6758465594197}, ""location_lower_raw"": 0.0, ""shape_bounds"": [0.1, 9.99], ""roots_found"": 1}, ""paper"": {""status"": ""ok"", ""estimate"": {""log_gap"": -1.1280127375795976, ""beta"": 2.182519719146632, ""eta"": 814.2462268385332, ""gamma"": 847.3083917530179, ""objective"": 1.597443333072549e-29, ""raw_gap"": 323.6758465594197}, ""location_lower_raw"": -2210.5740254392076, ""shape_bounds"": [0.1, 15.0], ""roots_found"": 1}}, ""candidates"": [{""log_gap"": -1.1280127375795976, ""beta"": 2.182519719146632, ""eta"": 814.2462268385332, ""gamma"": 847.3083917530179, ""objective"": 1.597443333072549e-29, ""raw_gap"": 323.6758465594197}], ""log_gap_step"": 0.04, ""grid_points"": 435, ""finite_minimum_residual"": -0.5503547284301293, ""finite_minimum_gamma"": -2210.5740254392076, ""limit_residual"": -0.6449777281194591, ""observed_monotone_decreasing"": true, ""observed_monotone_increasing"": false, ""local_extrema"": 0, ""searched_gamma_low"": -2210.5740254392076, ""searched_gamma_high"": 1170.9841383124376, ""no_global_nonexistence_proof"": true}}}",10,ef5d4c2c2a11aa91302692d5ac65c7807789e6971a2ac3b8b1f737f1b689ae0c
2.0,1000.0,1000.0,7,38,cw_paper,cw_paper,2.182519719146632,814.2462268385332,847.3083917530179,0.0,True,9.100011084228754e-06,success,0.1825197191466321,-185.7537731614668,-152.69160824698213,0.091259859573316,-0.1857537731614668,-0.1526916082469821,"{""solution_info"": {""status"": ""ok"", ""policy"": ""paper"", ""diagnostic"": {""fits"": {""engineering"": {""status"": ""ok"", ""estimate"": {""log_gap"": -1.1280127375795976, ""beta"": 2.182519719146632, ""eta"": 814.2462268385332, ""gamma"": 847.3083917530179, ""objective"": 1.597443333072549e-29, ""raw_gap"": 323.6758465594197}, ""location_lower_raw"": 0.0, ""shape_bounds"": [0.1, 9.99], ""roots_found"": 1}, ""paper"": {""status"": ""ok"", ""estimate"": {""log_gap"": -1.1280127375795976, ""beta"": 2.182519719146632, ""eta"": 814.2462268385332, ""gamma"": 847.3083917530179, ""objective"": 1.597443333072549e-29, ""raw_gap"": 323.6758465594197}, ""location_lower_raw"": -2210.5740254392076, ""shape_bounds"": [0.1, 15.0], ""roots_found"": 1}}, ""candidates"": [{""log_gap"": -1.1280127375795976, ""beta"": 2.182519719146632, ""eta"": 814.2462268385332, ""gamma"": 847.3083917530179, ""objective"": 1.597443333072549e-29, ""raw_gap"": 323.6758465594197}], ""log_gap_step"": 0.04, ""grid_points"": 435, ""finite_minimum_residual"": -0.5503547284301293, ""finite_minimum_gamma"": -2210.5740254392076, ""limit_residual"": -0.6449777281194591, ""observed_monotone_decreasing"": true, ""observed_monotone_increasing"": false, ""local_extrema"": 0, ""searched_gamma_low"": -2210.5740254392076, ""searched_gamma_high"": 1170.9841383124376, ""no_global_nonexistence_proof"": true}}}",10,ef5d4c2c2a11aa91302692d5ac65c7807789e6971a2ac3b8b1f737f1b689ae0c
2.0,1000.0,1000.0,7,39,cw_engineering,cw_engineering,,,,,False,0.0382715000305324,failure,,,,,,,"{""solution_info"": {""status"": ""no_root_after_dense_search"", ""policy"": ""engineering"", ""diagnostic"": {""fits"": {""engineering"": {""status"": ""no_root_after_dense_search"", ""estimate"": null, ""location_lower_raw"": 0.0, ""shape_bounds"": [0.1, 9.99], ""roots_found"": 0}, ""paper"": {""status"": ""no_root_after_dense_search"", ""estimate"": null, ""location_lower_raw"": -1334.999149601798, ""shape_bounds"": [0.1, 15.0], ""roots_found"": 0}}, ""candidates"": [], ""log_gap_step"": 0.01, ""grid_points"": 2308, ""finite_minimum_residual"": 0.1676698388638065, ""finite_minimum_gamma"": -62269681454279.49, ""limit_residual"": 0.16766983885760878, ""observed_monotone_decreasing"": true, ""observed_monotone_increasing"": false, ""local_extrema"": 0, ""searched_gamma_low"": -62269681454279.49, ""searched_gamma_high"": 1294.3067606388583, ""no_global_nonexistence_proof"": true}}}",10,c1bc32699a068367930c21eb046a8f006388d3bfb5da278c8612cde0b13cd90b
2.0,1000.0,1000.0,7,39,cw_paper,cw_paper,,,,,False,8.700008038431406e-06,failure,,,,,,,"{""solution_info"": {""status"": ""no_root_after_dense_search"", ""policy"": ""paper"", ""diagnostic"": {""fits"": {""engineering"": {""status"": ""no_root_after_dense_search"", ""estimate"": null, ""location_lower_raw"": 0.0, ""shape_bounds"": [0.1, 9.99], ""roots_found"": 0}, ""paper"": {""status"": ""no_root_after_dense_search"", ""estimate"": null, ""location_lower_raw"": -1334.999149601798, ""shape_bounds"": [0.1, 15.0], ""roots_found"": 0}}, ""candidates"": [], ""log_gap_step"": 0.01, ""grid_points"": 2308, ""finite_minimum_residual"": 0.1676698388638065, ""finite_minimum_gamma"": -62269681454279.49, ""limit_residual"": 0.16766983885760878, ""observed_monotone_decreasing"": true, ""observed_monotone_increasing"": false, ""local_extrema"": 0, ""searched_gamma_low"": -62269681454279.49, ""searched_gamma_high"": 1294.3067606388583, ""no_global_nonexistence_proof"": true}}}",10,c1bc32699a068367930c21eb046a8f006388d3bfb5da278c8612cde0b13cd90b
2.0,1000.0,1000.0,7,40,cw_engineering,cw_engineering,2.967319954963042,2013.044525956961,138.34884472055808,0.0,True,0.0278068999759852,success,0.9673199549630418,1013.044525956961,-861.6511552794419,0.4836599774815209,1.013044525956961,-0.8616511552794419,"{""solution_info"": {""status"": ""ok"", ""policy"": ""engineering"", ""diagnostic"": {""fits"": {""engineering"": {""status"": ""ok"", ""estimate"": {""log_gap"": 0.021117231350437683, ""beta"": 2.967319954963042, ""eta"": 2013.044525956961, ""gamma"": 138.34884472055808, ""objective"": 6.409494854920721e-31, ""raw_gap"": 1021.3417778954372}, ""location_lower_raw"": 0.0, ""shape_bounds"": [0.1, 9.99], ""roots_found"": 1}, ""paper"": {""status"": ""ok"", ""estimate"": {""log_gap"": 0.021117231350437683, ""beta"": 2.967319954963042, ""eta"": 2013.044525956961, ""gamma"": 138.34884472055808, ""objective"": 6.409494854920721e-31, ""raw_gap"": 1021.3417778954372}, ""location_lower_raw"": -4990.452058648207, ""shape_bounds"": [0.1, 15.0], ""roots_found"": 1}}, ""candidates"": [{""log_gap"": 0.021117231350437683, ""beta"": 2.967319954963042, ""eta"": 2013.044525956961, ""gamma"": 138.34884472055808, ""objective"": 6.409494854920721e-31, ""raw_gap"": 1021.3417778954372}], ""log_gap_step"": 0.04, ""grid_points"": 450, ""finite_minimum_residual"": -0.32809384261798624, ""finite_minimum_gamma"": -4990.452058648207, ""limit_residual"": -0.42659580845323686, ""observed_monotone_decreasing"": true, ""observed_monotone_increasing"": false, ""local_extrema"": 0, ""searched_gamma_low"": -4990.452058648207, ""searched_gamma_high"": 1159.6905226159952, ""no_global_nonexistence_proof"": true}}}",10,8bf334b62fd835f5969b8d64c88d5b257bbc83890a136588c9300e8b0a25400b
2.0,1000.0,1000.0,7,40,cw_paper,cw_paper,2.967319954963042,2013.044525956961,138.34884472055808,0.0,True,7.199996616691351e-06,success,0.9673199549630418,1013.044525956961,-861.6511552794419,0.4836599774815209,1.013044525956961,-0.8616511552794419,"{""solution_info"": {""status"": ""ok"", ""policy"": ""paper"", ""diagnostic"": {""fits"": {""engineering"": {""status"": ""ok"", ""estimate"": {""log_gap"": 0.021117231350437683, ""beta"": 2.967319954963042, ""eta"": 2013.044525956961, ""gamma"": 138.34884472055808, ""objective"": 6.409494854920721e-31, ""raw_gap"": 1021.3417778954372}, ""location_lower_raw"": 0.0, ""shape_bounds"": [0.1, 9.99], ""roots_found"": 1}, ""paper"": {""status"": ""ok"", ""estimate"": {""log_gap"": 0.021117231350437683, ""beta"": 2.967319954963042, ""eta"": 2013.044525956961, ""gamma"": 138.34884472055808, ""objective"": 6.409494854920721e-31, ""raw_gap"": 1021.3417778954372}, ""location_lower_raw"": -4990.452058648207, ""shape_bounds"": [0.1, 15.0], ""roots_found"": 1}}, ""candidates"": [{""log_gap"": 0.021117231350437683, ""beta"": 2.967319954963042, ""eta"": 2013.044525956961, ""gamma"": 138.34884472055808, ""objective"": 6.409494854920721e-31, ""raw_gap"": 1021.3417778954372}], ""log_gap_step"": 0.04, ""grid_points"": 450, ""finite_minimum_residual"": -0.32809384261798624, ""finite_minimum_gamma"": -4990.452058648207, ""limit_residual"": -0.42659580845323686, ""observed_monotone_decreasing"": true, ""observed_monotone_increasing"": false, ""local_extrema"": 0, ""searched_gamma_low"": -4990.452058648207, ""searched_gamma_high"": 1159.6905226159952, ""no_global_nonexistence_proof"": true}}}",10,8bf334b62fd835f5969b8d64c88d5b257bbc83890a136588c9300e8b0a25400b
2.0,1000.0,1000.0,7,41,cw_engineering,cw_engineering,,,,,False,0.0980669999844394,failure,,,,,,,"{""solution_info"": {""status"": ""outside_declared_domain_root"", ""policy"": ""engineering"", ""diagnostic"": {""fits"": {""engineering"": {""status"": ""outside_declared_domain_root"", ""estimate"": null, ""location_lower_raw"": 0.0, ""shape_bounds"": [0.1, 9.99], ""roots_found"": 1}, ""paper"": {""status"": ""outside_declared_domain_root"", ""estimate"": null, ""location_lower_raw"": -958.6423961162889, ""shape_bounds"": [0.1, 15.0], ""roots_found"": 1}}, ""candidates"": [{""log_gap"": 2.807263642522914, ""beta"": 62.96617649526999, ""eta"": 17102.759702021034, ""gamma"": -14902.905550349535, ""objective"": 2.0954117794933126e-31, ""raw_gap"": 16564.529672839606}], ""log_gap_step"": 0.01, ""grid_points"": 2307, ""finite_minimum_residual"": -0.018645626563045914, ""finite_minimum_gamma"": -47142882706471.664, ""limit_residual"": -0.018645626567456164, ""observed_monotone_decreasing"": true, ""observed_monotone_increasing"": false, ""local_extrema"": 0, ""searched_gamma_low"": -59914029364327.625, ""searched_gamma_high"": 1661.62402249007, ""no_global_nonexistence_proof"": true}}}",10,806972d0b1c806d6bf0769b72854ae9ab7cb3b5a53a9e3010ec75bbd36abf53e
2.0,1000.0,1000.0,7,41,cw_paper,cw_paper,,,,,False,8.500006515532732e-06,failure,,,,,,,"{""solution_info"": {""status"": ""outside_declared_domain_root"", ""policy"": ""paper"", ""diagnostic"": {""fits"": {""engineering"": {""status"": ""outside_declared_domain_root"", ""estimate"": null, ""location_lower_raw"": 0.0, ""shape_bounds"": [0.1, 9.99], ""roots_found"": 1}, ""paper"": {""status"": ""outside_declared_domain_root"", ""estimate"": null, ""location_lower_raw"": -958.6423961162889, ""shape_bounds"": [0.1, 15.0], ""roots_found"": 1}}, ""candidates"": [{""log_gap"": 2.807263642522914, ""beta"": 62.96617649526999, ""eta"": 17102.759702021034, ""gamma"": -14902.905550349535, ""objective"": 2.0954117794933126e-31, ""raw_gap"": 16564.529672839606}], ""log_gap_step"": 0.01, ""grid_points"": 2307, ""finite_minimum_residual"": -0.018645626563045914, ""finite_minimum_gamma"": -47142882706471.664, ""limit_residual"": -0.018645626567456164, ""observed_monotone_decreasing"": true, ""observed_monotone_increasing"": false, ""local_extrema"": 0, ""searched_gamma_low"": -59914029364327.625, ""searched_gamma_high"": 1661.62402249007, ""no_global_nonexistence_proof"": true}}}",10,806972d0b1c806d6bf0769b72854ae9ab7cb3b5a53a9e3010ec75bbd36abf53e
2.0,1000.0,1000.0,7,42,cw_engineering,cw_engineering,,,,,False,0.094881199998781,failure,,,,,,,"{""solution_info"": {""status"": ""no_root_after_dense_search"", ""policy"": ""engineering"", ""diagnostic"": {""fits"": {""engineering"": {""status"": ""no_root_after_dense_search"", ""estimate"": null, ""location_lower_raw"": 0.0, ""shape_bounds"": [0.1, 9.99], ""roots_found"": 0}, ""paper"": {""status"": ""no_root_after_dense_search"", ""estimate"": null, ""location_lower_raw"": -390.8105759165879, ""shape_bounds"": [0.1, 15.0], ""roots_found"": 0}}, ""candidates"": [], ""log_gap_step"": 0.01, ""grid_points"": 2289, ""finite_minimum_residual"": 0.19397777436593833, ""finite_minimum_gamma"": -54242765726808.59, ""limit_residual"": 0.1939777743590354, ""observed_monotone_decreasing"": true, ""observed_monotone_increasing"": false, ""local_extrema"": 0, ""searched_gamma_low"": -54242765726808.59, ""searched_gamma_high"": 1761.7547451293708, ""no_global_nonexistence_proof"": true}}}",10,2dd100a12bbcf26850db8d30f710c3a5c4d89d71a4d9798f801e2bc8a74370fa
2.0,1000.0,1000.0,7,42,cw_paper,cw_paper,,,,,False,7.90000194683671e-06,failure,,,,,,,"{""solution_info"": {""status"": ""no_root_after_dense_search"", ""policy"": ""paper"", ""diagnostic"": {""fits"": {""engineering"": {""status"": ""no_root_after_dense_search"", ""estimate"": null, ""location_lower_raw"": 0.0, ""shape_bounds"": [0.1, 9.99], ""roots_found"": 0}, ""paper"": {""status"": ""no_root_after_dense_search"", ""estimate"": null, ""location_lower_raw"": -390.8105759165879, ""shape_bounds"": [0.1, 15.0], ""roots_found"": 0}}, ""candidates"": [], ""log_gap_step"": 0.01, ""grid_points"": 2289, ""finite_minimum_residual"": 0.19397777436593833, ""finite_minimum_gamma"": -54242765726808.59, ""limit_residual"": 0.1939777743590354, ""observed_monotone_decreasing"": true, ""observed_monotone_increasing"": false, ""local_extrema"": 0, ""searched_gamma_low"": -54242765726808.59, ""searched_gamma_high"": 1761.7547451293708, ""no_global_nonexistence_proof"": true}}}",10,2dd100a12bbcf26850db8d30f710c3a5c4d89d71a4d9798f801e2bc8a74370fa
2.0,1000.0,1000.0,7,43,cw_engineering,cw_engineering,,,,,False,0.0459473999799229,failure,,,,,,,"{""solution_info"": {""status"": ""no_root_after_dense_search"", ""policy"": ""engineering"", ""diagnostic"": {""fits"": {""engineering"": {""status"": ""no_root_after_dense_search"", ""estimate"": null, ""location_lower_raw"": 0.0, ""shape_bounds"": [0.1, 9.99], ""roots_found"": 0}, ""paper"": {""status"": ""no_root_after_dense_search"", ""estimate"": null, ""location_lower_raw"": -1109.1119379587728, ""shape_bounds"": [0.1, 15.0], ""roots_found"": 0}}, ""candidates"": [], ""log_gap_step"": 0.01, ""grid_points"": 2297, ""finite_minimum_residual"": 0.42876588099626955, ""finite_minimum_gamma"": -48535757161193.29, ""limit_residual"": 0.42876588099231006, ""observed_monotone_decreasing"": true, ""observed_monotone_increasing"": false, ""local_extrema"": 0, ""searched_gamma_low"": -48535757161193.29, ""searched_gamma_high"": 1355.9548575826607, ""no_global_nonexistence_proof"": true}}}",10,d5999cfb8be4de07e9860af95c123b040fa385f6b31eea9bf565665e475e017b
2.0,1000.0,1000.0,7,43,cw_paper,cw_paper,,,,,False,6.999995093792677e-06,failure,,,,,,,"{""solution_info"": {""status"": ""no_root_after_dense_search"", ""policy"": ""paper"", ""diagnostic"": {""fits"": {""engineering"": {""status"": ""no_root_after_dense_search"", ""estimate"": null, ""location_lower_raw"": 0.0, ""shape_bounds"": [0.1, 9.99], ""roots_found"": 0}, ""paper"": {""status"": ""no_root_after_dense_search"", ""estimate"": null, ""location_lower_raw"": -1109.1119379587728, ""shape_bounds"": [0.1, 15.0], ""roots_found"": 0}}, ""candidates"": [], ""log_gap_step"": 0.01, ""grid_points"": 2297, ""finite_minimum_residual"": 0.42876588099626955, ""finite_minimum_gamma"": -48535757161193.29, ""limit_residual"": 0.42876588099231006, ""observed_monotone_decreasing"": true, ""observed_monotone_increasing"": false, ""local_extrema"": 0, ""searched_gamma_low"": -48535757161193.29, ""searched_gamma_high"": 1355.9548575826607, ""no_global_nonexistence_proof"": true}}}",10,d5999cfb8be4de07e9860af95c123b040fa385f6b31eea9bf565665e475e017b
2.0,1000.0,1000.0,7,44,cw_engineering,cw_engineering,1.9636233998834924,970.5998944730032,1122.7809736975344,0.0,True,0.0342824999825097,success,-0.0363766001165075,-29.400105526996867,122.78097369753436,-0.0181883000582537,-0.0294001055269968,0.1227809736975343,"{""solution_info"": {""status"": ""ok"", ""policy"": ""engineering"", ""diagnostic"": {""fits"": {""engineering"": {""status"": ""ok"", ""estimate"": {""log_gap"": -1.0551998246200902, ""beta"": 1.9636233998834924, ""eta"": 970.5998944730031, ""gamma"": 1122.7809736975344, ""objective"": 3.9725556072732865e-27, ""raw_gap"": 348.1228568378705}, ""location_lower_raw"": 0.0, ""shape_bounds"": [0.1, 9.99], ""roots_found"": 1}, ""paper"": {""status"": ""ok"", ""estimate"": {""log_gap"": -1.0551998246200902, ""beta"": 1.9636233998834924, ""eta"": 970.5998944730031, ""gamma"": 1122.7809736975344, ""objective"": 3.9725556072732865e-27, ""raw_gap"": 348.1228568378705}, ""location_lower_raw"": -3079.358503781525, ""shape_bounds"": [0.1, 15.0], ""roots_found"": 1}}, ""candidates"": [{""log_gap"": -1.0551998246200902, ""beta"": 1.9636233998834924, ""eta"": 970.5998944730031, ""gamma"": 1122.7809736975344, ""objective"": 3.9725556072732865e-27, ""raw_gap"": 348.1228568378705}], ""log_gap_step"": 0.04, ""grid_points"": 442, ""finite_minimum_residual"": -0.28892273687856407, ""finite_minimum_gamma"": -3079.358503781524, ""limit_residual"": -0.3332637708541355, ""observed_monotone_decreasing"": true, ""observed_monotone_increasing"": false, ""local_extrema"": 0, ""searched_gamma_low"": -3079.358503781524, ""searched_gamma_high"": 1470.9037305354047, ""no_global_nonexistence_proof"": true}}}",10,c0aaf8e2fe9dd4f0fa1d225d3f6393c3e3c5955baba17b53dc4d6545230504d8
2.0,1000.0,1000.0,7,44,cw_paper,cw_paper,1.9636233998834924,970.5998944730032,1122.7809736975344,0.0,True,6.799993570894003e-06,success,-0.0363766001165075,-29.400105526996867,122.78097369753436,-0.0181883000582537,-0.0294001055269968,0.1227809736975343,"{""solution_info"": {""status"": ""ok"", ""policy"": ""paper"", ""diagnostic"": {""fits"": {""engineering"": {""status"": ""ok"", ""estimate"": {""log_gap"": -1.0551998246200902, ""beta"": 1.9636233998834924, ""eta"": 970.5998944730031, ""gamma"": 1122.7809736975344, ""objective"": 3.9725556072732865e-27, ""raw_gap"": 348.1228568378705}, ""location_lower_raw"": 0.0, ""shape_bounds"": [0.1, 9.99], ""roots_found"": 1}, ""paper"": {""status"": ""ok"", ""estimate"": {""log_gap"": -1.0551998246200902, ""beta"": 1.9636233998834924, ""eta"": 970.5998944730031, ""gamma"": 1122.7809736975344, ""objective"": 3.9725556072732865e-27, ""raw_gap"": 348.1228568378705}, ""location_lower_raw"": -3079.358503781525, ""shape_bounds"": [0.1, 15.0], ""roots_found"": 1}}, ""candidates"": [{""log_gap"": -1.0551998246200902, ""beta"": 1.9636233998834924, ""eta"": 970.5998944730031, ""gamma"": 1122.7809736975344, ""objective"": 3.9725556072732865e-27, ""raw_gap"": 348.1228568378705}], ""log_gap_step"": 0.04, ""grid_points"": 442, ""finite_minimum_residual"": -0.28892273687856407, ""finite_minimum_gamma"": -3079.358503781524, ""limit_residual"": -0.3332637708541355, ""observed_monotone_decreasing"": true, ""observed_monotone_increasing"": false, ""local_extrema"": 0, ""searched_gamma_low"": -3079.358503781524, ""searched_gamma_high"": 1470.9037305354047, ""no_global_nonexistence_proof"": true}}}",10,c0aaf8e2fe9dd4f0fa1d225d3f6393c3e3c5955baba17b53dc4d6545230504d8
2.0,1000.0,1000.0,7,45,cw_engineering,cw_engineering,,,,,False,0.1075602000346407,failure,,,,,,,"{""solution_info"": {""status"": ""outside_declared_domain_root"", ""policy"": ""engineering"", ""diagnostic"": {""fits"": {""engineering"": {""status"": ""outside_declared_domain_root"", ""estimate"": null, ""location_lower_raw"": 0.0, ""shape_bounds"": [0.1, 9.99], ""roots_found"": 1}, ""paper"": {""status"": ""outside_declared_domain_root"", ""estimate"": null, ""location_lower_raw"": -3521.4276981163594, ""shape_bounds"": [0.1, 15.0], ""roots_found"": 1}}, ""candidates"": [{""log_gap"": 1.7357041545809855, ""beta"": 13.707603638546704, ""eta"": 6570.484012334609, ""gamma"": -4497.090839834878, ""objective"": 1.7799783509697046e-27, ""raw_gap"": 5672.921011039892}], ""log_gap_step"": 0.01, ""grid_points"": 2363, ""finite_minimum_residual"": -0.07385182373465526, ""finite_minimum_gamma"": -100332448972230.72, ""limit_residual"": -0.07385182373914057, ""observed_monotone_decreasing"": true, ""observed_monotone_increasing"": false, ""local_extrema"": 0, ""searched_gamma_low"": -100332448972230.72, ""searched_gamma_high"": 1175.830071205013, ""no_global_nonexistence_proof"": true}}}",10,06140f98ba687ad830ccff3af5473c272e2dd3375a79ed569e93eb76ef0edce4
2.0,1000.0,1000.0,7,45,cw_paper,cw_paper,,,,,False,8.200004231184721e-06,failure,,,,,,,"{""solution_info"": {""status"": ""outside_declared_domain_root"", ""policy"": ""paper"", ""diagnostic"": {""fits"": {""engineering"": {""status"": ""outside_declared_domain_root"", ""estimate"": null, ""location_lower_raw"": 0.0, ""shape_bounds"": [0.1, 9.99], ""roots_found"": 1}, ""paper"": {""status"": ""outside_declared_domain_root"", ""estimate"": null, ""location_lower_raw"": -3521.4276981163594, ""shape_bounds"": [0.1, 15.0], ""roots_found"": 1}}, ""candidates"": [{""log_gap"": 1.7357041545809855, ""beta"": 13.707603638546704, ""eta"": 6570.484012334609, ""gamma"": -4497.090839834878, ""objective"": 1.7799783509697046e-27, ""raw_gap"": 5672.921011039892}], ""log_gap_step"": 0.01, ""grid_points"": 2363, ""finite_minimum_residual"": -0.07385182373465526, ""finite_minimum_gamma"": -100332448972230.72, ""limit_residual"": -0.07385182373914057, ""observed_monotone_decreasing"": true, ""observed_monotone_increasing"": false, ""local_extrema"": 0, ""searched_gamma_low"": -100332448972230.72, ""searched_gamma_high"": 1175.830071205013, ""no_global_nonexistence_proof"": true}}}",10,06140f98ba687ad830ccff3af5473c272e2dd3375a79ed569e93eb76ef0edce4
2.0,1000.0,1000.0,7,46,cw_engineering,cw_engineering,,,,,False,0.1071422999957576,failure,,,,,,,"{""solution_info"": {""status"": ""outside_declared_domain_root"", ""policy"": ""engineering"", ""diagnostic"": {""fits"": {""engineering"": {""status"": ""outside_declared_domain_root"", ""estimate"": null, ""location_lower_raw"": 0.0, ""shape_bounds"": [0.1, 9.99], ""roots_found"": 1}, ""paper"": {""status"": ""outside_declared_domain_root"", ""estimate"": null, ""location_lower_raw"": -871.0267344562906, ""shape_bounds"": [0.1, 15.0], ""roots_found"": 1}}, ""candidates"": [{""log_gap"": 4.796173234171841, ""beta"": 523.8161464859077, ""eta"": 121512.48137473971, ""gamma"": -119519.51845682788, ""objective"": 1.9721522630525295e-30, ""raw_gap"": 121046.31417897539}], ""log_gap_step"": 0.01, ""grid_points"": 2296, ""finite_minimum_residual"": -0.0018168505318114647, ""finite_minimum_gamma"": -50694244397783.35, ""limit_residual"": -0.00181685053615821, ""observed_monotone_decreasing"": true, ""observed_monotone_increasing"": false, ""local_extrema"": 0, ""searched_gamma_low"": -50694244397783.35, ""searched_gamma_high"": 1526.7956221475151, ""no_global_nonexistence_proof"": true}}}",10,65bc5e603a0d759ccd5daba63fefe8804c484167b8d696dc743a9adb433c3c3f
2.0,1000.0,1000.0,7,46,cw_paper,cw_paper,,,,,False,8.700008038431406e-06,failure,,,,,,,"{""solution_info"": {""status"": ""outside_declared_domain_root"", ""policy"": ""paper"", ""diagnostic"": {""fits"": {""engineering"": {""status"": ""outside_declared_domain_root"", ""estimate"": null, ""location_lower_raw"": 0.0, ""shape_bounds"": [0.1, 9.99], ""roots_found"": 1}, ""paper"": {""status"": ""outside_declared_domain_root"", ""estimate"": null, ""location_lower_raw"": -871.0267344562906, ""shape_bounds"": [0.1, 15.0], ""roots_found"": 1}}, ""candidates"": [{""log_gap"": 4.796173234171841, ""beta"": 523.8161464859077, ""eta"": 121512.48137473971, ""gamma"": -119519.51845682788, ""objective"": 1.9721522630525295e-30, ""raw_gap"": 121046.31417897539}], ""log_gap_step"": 0.01, ""grid_points"": 2296, ""finite_minimum_residual"": -0.0018168505318114647, ""finite_minimum_gamma"": -50694244397783.35, ""limit_residual"": -0.00181685053615821, ""observed_monotone_decreasing"": true, ""observed_monotone_increasing"": false, ""local_extrema"": 0, ""searched_gamma_low"": -50694244397783.35, ""searched_gamma_high"": 1526.7956221475151, ""no_global_nonexistence_proof"": true}}}",10,65bc5e603a0d759ccd5daba63fefe8804c484167b8d696dc743a9adb433c3c3f
2.0,1000.0,1000.0,7,47,cw_engineering,cw_engineering,,,,,False,0.1170915000257082,failure,,,,,,,"{""solution_info"": {""status"": ""no_root_after_dense_search"", ""policy"": ""engineering"", ""diagnostic"": {""fits"": {""engineering"": {""status"": ""no_root_after_dense_search"", ""estimate"": null, ""location_lower_raw"": 0.0, ""shape_bounds"": [0.1, 9.99], ""roots_found"": 0}, ""paper"": {""status"": ""no_root_after_dense_search"", ""estimate"": null, ""location_lower_raw"": -1622.8171209151171, ""shape_bounds"": [0.1, 15.0], ""roots_found"": 0}}, ""candidates"": [], ""log_gap_step"": 0.01, ""grid_points"": 2324, ""finite_minimum_residual"": 0.004224595630178296, ""finite_minimum_gamma"": -72407607095445.19, ""limit_residual"": 0.004224595624765737, ""observed_monotone_decreasing"": true, ""observed_monotone_increasing"": false, ""local_extrema"": 0, ""searched_gamma_low"": -72407607095445.19, ""searched_gamma_high"": 1487.8639106292105, ""no_global_nonexistence_proof"": true}}}",10,20f04b31d8c65eaa0749b5988a365d88e8bc9efd5b4e7dba87b7b562170918dd
2.0,1000.0,1000.0,7,47,cw_paper,cw_paper,,,,,False,8.000002708286047e-06,failure,,,,,,,"{""solution_info"": {""status"": ""no_root_after_dense_search"", ""policy"": ""paper"", ""diagnostic"": {""fits"": {""engineering"": {""status"": ""no_root_after_dense_search"", ""estimate"": null, ""location_lower_raw"": 0.0, ""shape_bounds"": [0.1, 9.99], ""roots_found"": 0}, ""paper"": {""status"": ""no_root_after_dense_search"", ""estimate"": null, ""location_lower_raw"": -1622.8171209151171, ""shape_bounds"": [0.1, 15.0], ""roots_found"": 0}}, ""candidates"": [], ""log_gap_step"": 0.01, ""grid_points"": 2324, ""finite_minimum_residual"": 0.004224595630178296, ""finite_minimum_gamma"": -72407607095445.19, ""limit_residual"": 0.004224595624765737, ""observed_monotone_decreasing"": true, ""observed_monotone_increasing"": false, ""local_extrema"": 0, ""searched_gamma_low"": -72407607095445.19, ""searched_gamma_high"": 1487.8639106292105, ""no_global_nonexistence_proof"": true}}}",10,20f04b31d8c65eaa0749b5988a365d88e8bc9efd5b4e7dba87b7b562170918dd
2.0,1000.0,1000.0,7,48,cw_engineering,cw_engineering,,,,,False,0.1187749999808147,failure,,,,,,,"{""solution_info"": {""status"": ""outside_declared_domain_root"", ""policy"": ""engineering"", ""diagnostic"": {""fits"": {""engineering"": {""status"": ""outside_declared_domain_root"", ""estimate"": null, ""location_lower_raw"": 0.0, ""shape_bounds"": [0.1, 9.99], ""roots_found"": 1}, ""paper"": {""status"": ""ok"", ""estimate"": {""log_gap"": 1.286265628302746, ""beta"": 9.23797383460036, ""eta"": 4500.6231960351215, ""gamma"": -2538.9250586362004, ""objective"": 1.3537114443767417e-25, ""raw_gap"": 3619.245679525534}, ""location_lower_raw"": -3071.01192990718, ""shape_bounds"": [0.1, 15.0], ""roots_found"": 1}}, ""candidates"": [{""log_gap"": 1.286265628302746, ""beta"": 9.23797383460036, ""eta"": 4500.6231960351215, ""gamma"": -2538.9250586362004, ""objective"": 1.3537114443767417e-25, ""raw_gap"": 3619.245679525534}], ""log_gap_step"": 0.01, ""grid_points"": 2358, ""finite_minimum_residual"": -0.18361428195367524, ""finite_minimum_gamma"": -114645090268587.61, ""limit_residual"": -0.1836142819601776, ""observed_monotone_decreasing"": true, ""observed_monotone_increasing"": false, ""local_extrema"": 0, ""searched_gamma_low"": -114645090268587.61, ""searched_gamma_high"": 1080.320520889333, ""no_global_nonexistence_proof"": true}}}",10,89972e0c3024ba03c640a2cacc2ce3a75361a5b445b371f4cb5183dca2905e18
2.0,1000.0,1000.0,7,48,cw_paper,cw_paper,9.23797383460036,4500.6231960351215,-2538.9250586362004,0.0,True,1.8300022929906845e-05,success,7.237973834600361,3500.623196035121,-3538.9250586362004,3.61898691730018,3.500623196035121,-3.5389250586362007,"{""solution_info"": {""status"": ""ok"", ""policy"": ""paper"", ""diagnostic"": {""fits"": {""engineering"": {""status"": ""outside_declared_domain_root"", ""estimate"": null, ""location_lower_raw"": 0.0, ""shape_bounds"": [0.1, 9.99], ""roots_found"": 1}, ""paper"": {""status"": ""ok"", ""estimate"": {""log_gap"": 1.286265628302746, ""beta"": 9.23797383460036, ""eta"": 4500.6231960351215, ""gamma"": -2538.9250586362004, ""objective"": 1.3537114443767417e-25, ""raw_gap"": 3619.245679525534}, ""location_lower_raw"": -3071.01192990718, ""shape_bounds"": [0.1, 15.0], ""roots_found"": 1}}, ""candidates"": [{""log_gap"": 1.286265628302746, ""beta"": 9.23797383460036, ""eta"": 4500.6231960351215, ""gamma"": -2538.9250586362004, ""objective"": 1.3537114443767417e-25, ""raw_gap"": 3619.245679525534}], ""log_gap_step"": 0.01, ""grid_points"": 2358, ""finite_minimum_residual"": -0.18361428195367524, ""finite_minimum_gamma"": -114645090268587.61, ""limit_residual"": -0.1836142819601776, ""observed_monotone_decreasing"": true, ""observed_monotone_increasing"": false, ""local_extrema"": 0, ""searched_gamma_low"": -114645090268587.61, ""searched_gamma_high"": 1080.320520889333, ""no_global_nonexistence_proof"": true}}}",10,89972e0c3024ba03c640a2cacc2ce3a75361a5b445b371f4cb5183dca2905e18
2.0,1000.0,1000.0,7,49,cw_engineering,cw_engineering,,,,,False,0.1050707999966107,failure,,,,,,,"{""solution_info"": {""status"": ""outside_declared_domain_root"", ""policy"": ""engineering"", ""diagnostic"": {""fits"": {""engineering"": {""status"": ""outside_declared_domain_root"", ""estimate"": null, ""location_lower_raw"": 0.0, ""shape_bounds"": [0.1, 9.99], ""roots_found"": 1}, ""paper"": {""status"": ""outside_declared_domain_root"", ""estimate"": null, ""location_lower_raw"": -3759.3718610834244, ""shape_bounds"": [0.1, 15.0], ""roots_found"": 1}}, ""candidates"": [{""log_gap"": 2.7600906637643843, ""beta"": 31.02178415708913, ""eta"": 16860.844576353524, ""gamma"": -14490.65654243531, ""objective"": 5.541747859177608e-28, ""raw_gap"": 15801.275486437438}], ""log_gap_step"": 0.01, ""grid_points"": 2375, ""finite_minimum_residual"": -0.048044377321275755, ""finite_minimum_gamma"": -127296545947264.75, ""limit_residual"": -0.04804437732747169, ""observed_monotone_decreasing"": true, ""observed_monotone_increasing"": false, ""local_extrema"": 0, ""searched_gamma_low"": -127296545947264.75, ""searched_gamma_high"": 1310.6188440021274, ""no_global_nonexistence_proof"": true}}}",10,5d76d55106cc3a0b719e3d32bb51aa6625128e8aef0d8cd810e25a546480fa09
2.0,1000.0,1000.0,7,49,cw_paper,cw_paper,,,,,False,8.79995059221983e-06,failure,,,,,,,"{""solution_info"": {""status"": ""outside_declared_domain_root"", ""policy"": ""paper"", ""diagnostic"": {""fits"": {""engineering"": {""status"": ""outside_declared_domain_root"", ""estimate"": null, ""location_lower_raw"": 0.0, ""shape_bounds"": [0.1, 9.99], ""roots_found"": 1}, ""paper"": {""status"": ""outside_declared_domain_root"", ""estimate"": null, ""location_lower_raw"": -3759.3718610834244, ""shape_bounds"": [0.1, 15.0], ""roots_found"": 1}}, ""candidates"": [{""log_gap"": 2.7600906637643843, ""beta"": 31.02178415708913, ""eta"": 16860.844576353524, ""gamma"": -14490.65654243531, ""objective"": 5.541747859177608e-28, ""raw_gap"": 15801.275486437438}], ""log_gap_step"": 0.01, ""grid_points"": 2375, ""finite_minimum_residual"": -0.048044377321275755, ""finite_minimum_gamma"": -127296545947264.75, ""limit_residual"": -0.04804437732747169, ""observed_monotone_decreasing"": true, ""observed_monotone_increasing"": false, ""local_extrema"": 0, ""searched_gamma_low"": -127296545947264.75, ""searched_gamma_high"": 1310.6188440021274, ""no_global_nonexistence_proof"": true}}}",10,5d76d55106cc3a0b719e3d32bb51aa6625128e8aef0d8cd810e25a546480fa09
2.0,1000.0,1000.0,7,50,cw_engineering,cw_engineering,,,,,False,0.0961955999955535,failure,,,,,,,"{""solution_info"": {""status"": ""no_root_after_dense_search"", ""policy"": ""engineering"", ""diagnostic"": {""fits"": {""engineering"": {""status"": ""no_root_after_dense_search"", ""estimate"": null, ""location_lower_raw"": 0.0, ""shape_bounds"": [0.1, 9.99], ""roots_found"": 0}, ""paper"": {""status"": ""no_root_after_dense_search"", ""estimate"": null, ""location_lower_raw"": -1121.0464075746042, ""shape_bounds"": [0.1, 15.0], ""roots_found"": 0}}, ""candidates"": [], ""log_gap_step"": 0.01, ""grid_points"": 2308, ""finite_minimum_residual"": 1.0193148253852722, ""finite_minimum_gamma"": -70350721629687.66, ""limit_residual"": 1.0193148253747144, ""observed_monotone_decreasing"": true, ""observed_monotone_increasing"": false, ""local_extrema"": 0, ""searched_gamma_low"": -70350721629687.66, ""searched_gamma_high"": 1400.6772052463107, ""no_global_nonexistence_proof"": true}}}",10,150fc2ce8c40a7e08397973a01541e1b2daefab31538fbe5529a63870b64f7e8
2.0,1000.0,1000.0,7,50,cw_paper,cw_paper,,,,,False,7.399998139590025e-06,failure,,,,,,,"{""solution_info"": {""status"": ""no_root_after_dense_search"", ""policy"": ""paper"", ""diagnostic"": {""fits"": {""engineering"": {""status"": ""no_root_after_dense_search"", ""estimate"": null, ""location_lower_raw"": 0.0, ""shape_bounds"": [0.1, 9.99], ""roots_found"": 0}, ""paper"": {""status"": ""no_root_after_dense_search"", ""estimate"": null, ""location_lower_raw"": -1121.0464075746042, ""shape_bounds"": [0.1, 15.0], ""roots_found"": 0}}, ""candidates"": [], ""log_gap_step"": 0.01, ""grid_points"": 2308, ""finite_minimum_residual"": 1.0193148253852722, ""finite_minimum_gamma"": -70350721629687.66, ""limit_residual"": 1.0193148253747144, ""observed_monotone_decreasing"": true, ""observed_monotone_increasing"": false, ""local_extrema"": 0, ""searched_gamma_low"": -70350721629687.66, ""searched_gamma_high"": 1400.6772052463107, ""no_global_nonexistence_proof"": true}}}",10,150fc2ce8c40a7e08397973a01541e1b2daefab31538fbe5529a63870b64f7e8
2.0,1000.0,1000.0,7,51,cw_engineering,cw_engineering,1.811376157892316,613.2915549963822,1260.9610519877936,0.0,True,0.0280759000452235,success,-0.1886238421076838,-386.7084450036178,260.96105198779355,-0.0943119210538419,-0.3867084450036178,0.2609610519877935,"{""solution_info"": {""status"": ""ok"", ""policy"": ""engineering"", ""diagnostic"": {""fits"": {""engineering"": {""status"": ""ok"", ""estimate"": {""log_gap"": -1.6004557324988467, ""beta"": 1.8113761578923162, ""eta"": 613.2915549963822, ""gamma"": 1260.9610519877936, ""objective"": 5.374114916818143e-30, ""raw_gap"": 201.8045281529736}, ""location_lower_raw"": 0.0, ""shape_bounds"": [0.1, 9.99], ""roots_found"": 1}, ""paper"": {""status"": ""ok"", ""estimate"": {""log_gap"": -1.6004557324988467, ""beta"": 1.8113761578923162, ""eta"": 613.2915549963822, ""gamma"": 1260.9610519877936, ""objective"": 5.374114916818143e-30, ""raw_gap"": 201.8045281529736}, ""location_lower_raw"": -1686.0357540901757, ""shape_bounds"": [0.1, 15.0], ""roots_found"": 1}}, ""candidates"": [{""log_gap"": -1.6004557324988467, ""beta"": 1.8113761578923162, ""eta"": 613.2915549963822, ""gamma"": 1260.9610519877936, ""objective"": 5.374114916818143e-30, ""raw_gap"": 201.8045281529736}], ""log_gap_step"": 0.04, ""grid_points"": 433, ""finite_minimum_residual"": -0.46749301332768867, ""finite_minimum_gamma"": -1686.0357540901757, ""limit_residual"": -0.5279768866699885, ""observed_monotone_decreasing"": true, ""observed_monotone_increasing"": false, ""local_extrema"": 0, ""searched_gamma_low"": -1686.0357540901757, ""searched_gamma_high"": 1462.7654801407673, ""no_global_nonexistence_proof"": true}}}",10,316b168735946840766a3c5b25b73727bd24021396445c305361aac365e1ef16
2.0,1000.0,1000.0,7,51,cw_paper,cw_paper,1.811376157892316,613.2915549963822,1260.9610519877936,0.0,True,6.499991286545992e-06,success,-0.1886238421076838,-386.7084450036178,260.96105198779355,-0.0943119210538419,-0.3867084450036178,0.2609610519877935,"{""solution_info"": {""status"": ""ok"", ""policy"": ""paper"", ""diagnostic"": {""fits"": {""engineering"": {""status"": ""ok"", ""estimate"": {""log_gap"": -1.6004557324988467, ""beta"": 1.8113761578923162, ""eta"": 613.2915549963822, ""gamma"": 1260.9610519877936, ""objective"": 5.374114916818143e-30, ""raw_gap"": 201.8045281529736}, ""location_lower_raw"": 0.0, ""shape_bounds"": [0.1, 9.99], ""roots_found"": 1}, ""paper"": {""status"": ""ok"", ""estimate"": {""log_gap"": -1.6004557324988467, ""beta"": 1.8113761578923162, ""eta"": 613.2915549963822, ""gamma"": 1260.9610519877936, ""objective"": 5.374114916818143e-30, ""raw_gap"": 201.8045281529736}, ""location_lower_raw"": -1686.0357540901757, ""shape_bounds"": [0.1, 15.0], ""roots_found"": 1}}, ""candidates"": [{""log_gap"": -1.6004557324988467, ""beta"": 1.8113761578923162, ""eta"": 613.2915549963822, ""gamma"": 1260.9610519877936, ""objective"": 5.374114916818143e-30, ""raw_gap"": 201.8045281529736}], ""log_gap_step"": 0.04, ""grid_points"": 433, ""finite_minimum_residual"": -0.46749301332768867, ""finite_minimum_gamma"": -1686.0357540901757, ""limit_residual"": -0.5279768866699885, ""observed_monotone_decreasing"": true, ""observed_monotone_increasing"": false, ""local_extrema"": 0, ""searched_gamma_low"": -1686.0357540901757, ""searched_gamma_high"": 1462.7654801407673, ""no_global_nonexistence_proof"": true}}}",10,316b168735946840766a3c5b25b73727bd24021396445c305361aac365e1ef16
2.0,1000.0,1000.0,7,52,cw_engineering,cw_engineering,,,,,False,0.0882406999589875,failure,,,,,,,"{""solution_info"": {""status"": ""outside_declared_domain_root"", ""policy"": ""engineering"", ""diagnostic"": {""fits"": {""engineering"": {""status"": ""outside_declared_domain_root"", ""estimate"": null, ""location_lower_raw"": 0.0, ""shape_bounds"": [0.1, 9.99], ""roots_found"": 1}, ""paper"": {""status"": ""outside_declared_domain_root"", ""estimate"": null, ""location_lower_raw"": -3680.2881967347166, ""shape_bounds"": [0.1, 15.0], ""roots_found"": 1}}, ""candidates"": [{""log_gap"": 4.22350109639697, ""beta"": 160.87892563495677, ""eta"": 69131.89585173917, ""gamma"": -67165.76867136959, ""objective"": 8.71691300269218e-29, ""raw_gap"": 68272.09352938099}], ""log_gap_step"": 0.01, ""grid_points"": 2362, ""finite_minimum_residual"": -0.0038837631565313835, ""finite_minimum_gamma"": -90983083218798.94, ""limit_residual"": -0.0038837631589356825, ""observed_monotone_decreasing"": true, ""observed_monotone_increasing"": false, ""local_extrema"": 0, ""searched_gamma_low"": -90983083218798.94, ""searched_gamma_high"": 1106.3247580114078, ""no_global_nonexistence_proof"": true}}}",10,04c6a0f581c4e6450653dd311e9f2efcdf31d6ef139bf8c85a6460b02fb8c986
2.0,1000.0,1000.0,7,52,cw_paper,cw_paper,,,,,False,9.000010322779417e-06,failure,,,,,,,"{""solution_info"": {""status"": ""outside_declared_domain_root"", ""policy"": ""paper"", ""diagnostic"": {""fits"": {""engineering"": {""status"": ""outside_declared_domain_root"", ""estimate"": null, ""location_lower_raw"": 0.0, ""shape_bounds"": [0.1, 9.99], ""roots_found"": 1}, ""paper"": {""status"": ""outside_declared_domain_root"", ""estimate"": null, ""location_lower_raw"": -3680.2881967347166, ""shape_bounds"": [0.1, 15.0], ""roots_found"": 1}}, ""candidates"": [{""log_gap"": 4.22350109639697, ""beta"": 160.87892563495677, ""eta"": 69131.89585173917, ""gamma"": -67165.76867136959, ""objective"": 8.71691300269218e-29, ""raw_gap"": 68272.09352938099}], ""log_gap_step"": 0.01, ""grid_points"": 2362, ""finite_minimum_residual"": -0.0038837631565313835, ""finite_minimum_gamma"": -90983083218798.94, ""limit_residual"": -0.0038837631589356825, ""observed_monotone_decreasing"": true, ""observed_monotone_increasing"": false, ""local_extrema"": 0, ""searched_gamma_low"": -90983083218798.94, ""searched_gamma_high"": 1106.3247580114078, ""no_global_nonexistence_proof"": true}}}",10,04c6a0f581c4e6450653dd311e9f2efcdf31d6ef139bf8c85a6460b02fb8c986
2.0,1000.0,1000.0,7,53,cw_engineering,cw_engineering,,,,,False,0.0935565999825485,failure,,,,,,,"{""solution_info"": {""status"": ""outside_declared_domain_root"", ""policy"": ""engineering"", ""diagnostic"": {""fits"": {""engineering"": {""status"": ""outside_declared_domain_root"", ""estimate"": null, ""location_lower_raw"": 0.0, ""shape_bounds"": [0.1, 9.99], ""roots_found"": 1}, ""paper"": {""status"": ""outside_declared_domain_root"", ""estimate"": null, ""location_lower_raw"": -1378.821144281506, ""shape_bounds"": [0.1, 15.0], ""roots_found"": 1}}, ""candidates"": [{""log_gap"": 2.3107389517969197, ""beta"": 38.15633711367003, ""eta"": 10628.154456875167, ""gamma"": -8724.859892818597, ""objective"": 2.0954117794933126e-31, ""raw_gap"": 10081.871920461552}], ""log_gap_step"": 0.01, ""grid_points"": 2310, ""finite_minimum_residual"": -0.029947912644402885, ""finite_minimum_gamma"": -61445000365505.3, ""limit_residual"": -0.029947912649453068, ""observed_monotone_decreasing"": true, ""observed_monotone_increasing"": false, ""local_extrema"": 0, ""searched_gamma_low"": -61445000365505.3, ""searched_gamma_high"": 1357.0119276429555, ""no_global_nonexistence_proof"": true}}}",10,2a38bb5222c5ea45a26565cb4b57e9c9d9643803cbae14d421c28d9f8733ebf4
2.0,1000.0,1000.0,7,53,cw_paper,cw_paper,,,,,False,7.800001185387373e-06,failure,,,,,,,"{""solution_info"": {""status"": ""outside_declared_domain_root"", ""policy"": ""paper"", ""diagnostic"": {""fits"": {""engineering"": {""status"": ""outside_declared_domain_root"", ""estimate"": null, ""location_lower_raw"": 0.0, ""shape_bounds"": [0.1, 9.99], ""roots_found"": 1}, ""paper"": {""status"": ""outside_declared_domain_root"", ""estimate"": null, ""location_lower_raw"": -1378.821144281506, ""shape_bounds"": [0.1, 15.0], ""roots_found"": 1}}, ""candidates"": [{""log_gap"": 2.3107389517969197, ""beta"": 38.15633711367003, ""eta"": 10628.154456875167, ""gamma"": -8724.859892818597, ""objective"": 2.0954117794933126e-31, ""raw_gap"": 10081.871920461552}], ""log_gap_step"": 0.01, ""grid_points"": 2310, ""finite_minimum_residual"": -0.029947912644402885, ""finite_minimum_gamma"": -61445000365505.3, ""limit_residual"": -0.029947912649453068, ""observed_monotone_decreasing"": true, ""observed_monotone_increasing"": false, ""local_extrema"": 0, ""searched_gamma_low"": -61445000365505.3, ""searched_gamma_high"": 1357.0119276429555, ""no_global_nonexistence_proof"": true}}}",10,2a38bb5222c5ea45a26565cb4b57e9c9d9643803cbae14d421c28d9f8733ebf4
2.0,1000.0,1000.0,7,54,cw_engineering,cw_engineering,,,,,False,0.0910429999930784,failure,,,,,,,"{""solution_info"": {""status"": ""outside_declared_domain_root"", ""policy"": ""engineering"", ""diagnostic"": {""fits"": {""engineering"": {""status"": ""outside_declared_domain_root"", ""estimate"": null, ""location_lower_raw"": 0.0, ""shape_bounds"": [0.1, 9.99], ""roots_found"": 1}, ""paper"": {""status"": ""ok"", ""estimate"": {""log_gap"": 0.5191195656152966, ""beta"": 7.978919786901829, ""eta"": 2162.9257714072082, ""gamma"": -281.1992041917808, ""objective"": 3.259006266597593e-26, ""raw_gap"": 1680.5473864530202}, ""location_lower_raw"": -1276.81231521342, ""shape_bounds"": [0.1, 15.0], ""roots_found"": 1}}, ""candidates"": [{""log_gap"": 0.5191195656152966, ""beta"": 7.978919786901829, ""eta"": 2162.9257714072082, ""gamma"": -281.1992041917808, ""objective"": 3.259006266597593e-26, ""raw_gap"": 1680.5473864530202}], ""log_gap_step"": 0.01, ""grid_points"": 2306, ""finite_minimum_residual"": -0.11016154958596558, ""finite_minimum_gamma"": -55503694691671.55, ""limit_residual"": -0.11016154958870339, ""observed_monotone_decreasing"": true, ""observed_monotone_increasing"": false, ""local_extrema"": 0, ""searched_gamma_low"": -55503694691671.55, ""searched_gamma_high"": 1399.3480822612394, ""no_global_nonexistence_proof"": true}}}",10,82b122b84781110c736a2f19351e41181bee3fbfd3c060aa95a4a910f6c021a9
2.0,1000.0,1000.0,7,54,cw_paper,cw_paper,7.978919786901829,2162.925771407208,-281.1992041917808,0.0,True,7.599999662488699e-06,success,5.978919786901829,1162.9257714072082,-1281.1992041917808,2.9894598934509147,1.1629257714072083,-1.2811992041917808,"{""solution_info"": {""status"": ""ok"", ""policy"": ""paper"", ""diagnostic"": {""fits"": {""engineering"": {""status"": ""outside_declared_domain_root"", ""estimate"": null, ""location_lower_raw"": 0.0, ""shape_bounds"": [0.1, 9.99], ""roots_found"": 1}, ""paper"": {""status"": ""ok"", ""estimate"": {""log_gap"": 0.5191195656152966, ""beta"": 7.978919786901829, ""eta"": 2162.9257714072082, ""gamma"": -281.1992041917808, ""objective"": 3.259006266597593e-26, ""raw_gap"": 1680.5473864530202}, ""location_lower_raw"": -1276.81231521342, ""shape_bounds"": [0.1, 15.0], ""roots_found"": 1}}, ""candidates"": [{""log_gap"": 0.5191195656152966, ""beta"": 7.978919786901829, ""eta"": 2162.9257714072082, ""gamma"": -281.1992041917808, ""objective"": 3.259006266597593e-26, ""raw_gap"": 1680.5473864530202}], ""log_gap_step"": 0.01, ""grid_points"": 2306, ""finite_minimum_residual"": -0.11016154958596558, ""finite_minimum_gamma"": -55503694691671.55, ""limit_residual"": -0.11016154958870339, ""observed_monotone_decreasing"": true, ""observed_monotone_increasing"": false, ""local_extrema"": 0, ""searched_gamma_low"": -55503694691671.55, ""searched_gamma_high"": 1399.3480822612394, ""no_global_nonexistence_proof"": true}}}",10,82b122b84781110c736a2f19351e41181bee3fbfd3c060aa95a4a910f6c021a9
2.0,1000.0,1000.0,7,55,cw_engineering,cw_engineering,,,,,False,0.0925941999885253,failure,,,,,,,"{""solution_info"": {""status"": ""no_root_after_dense_search"", ""policy"": ""engineering"", ""diagnostic"": {""fits"": {""engineering"": {""status"": ""no_root_after_dense_search"", ""estimate"": null, ""location_lower_raw"": 0.0, ""shape_bounds"": [0.1, 9.99], ""roots_found"": 0}, ""paper"": {""status"": ""no_root_after_dense_search"", ""estimate"": null, ""location_lower_raw"": -3010.2435748122625, ""shape_bounds"": [0.1, 15.0], ""roots_found"": 0}}, ""candidates"": [], ""log_gap_step"": 0.01, ""grid_points"": 2350, ""finite_minimum_residual"": 0.24419007710077745, ""finite_minimum_gamma"": -73274579689368.81, ""limit_residual"": 0.24419007709791218, ""observed_monotone_decreasing"": true, ""observed_monotone_increasing"": false, ""local_extrema"": 0, ""searched_gamma_low"": -79370228043370.6, ""searched_gamma_high"": 1228.0120090333596, ""no_global_nonexistence_proof"": true}}}",10,83c78892c72aef8d3315d7b65089cc58609045b83b56649f03673a787627bb80
2.0,1000.0,1000.0,7,55,cw_paper,cw_paper,,,,,False,8.500006515532732e-06,failure,,,,,,,"{""solution_info"": {""status"": ""no_root_after_dense_search"", ""policy"": ""paper"", ""diagnostic"": {""fits"": {""engineering"": {""status"": ""no_root_after_dense_search"", ""estimate"": null, ""location_lower_raw"": 0.0, ""shape_bounds"": [0.1, 9.99], ""roots_found"": 0}, ""paper"": {""status"": ""no_root_after_dense_search"", ""estimate"": null, ""location_lower_raw"": -3010.2435748122625, ""shape_bounds"": [0.1, 15.0], ""roots_found"": 0}}, ""candidates"": [], ""log_gap_step"": 0.01, ""grid_points"": 2350, ""finite_minimum_residual"": 0.24419007710077745, ""finite_minimum_gamma"": -73274579689368.81, ""limit_residual"": 0.24419007709791218, ""observed_monotone_decreasing"": true, ""observed_monotone_increasing"": false, ""local_extrema"": 0, ""searched_gamma_low"": -79370228043370.6, ""searched_gamma_high"": 1228.0120090333596, ""no_global_nonexistence_proof"": true}}}",10,83c78892c72aef8d3315d7b65089cc58609045b83b56649f03673a787627bb80
2.0,1000.0,1000.0,7,56,cw_engineering,cw_engineering,,,,,False,0.0346470000222325,failure,,,,,,,"{""solution_info"": {""status"": ""no_root_after_dense_search"", ""policy"": ""engineering"", ""diagnostic"": {""fits"": {""engineering"": {""status"": ""no_root_after_dense_search"", ""estimate"": null, ""location_lower_raw"": 0.0, ""shape_bounds"": [0.1, 9.99], ""roots_found"": 0}, ""paper"": {""status"": ""no_root_after_dense_search"", ""estimate"": null, ""location_lower_raw"": -2235.531574197419, ""shape_bounds"": [0.1, 15.0], ""roots_found"": 0}}, ""candidates"": [], ""log_gap_step"": 0.01, ""grid_points"": 2327, ""finite_minimum_residual"": 1.3896085855305365, ""finite_minimum_gamma"": -68304669017290.516, ""limit_residual"": 1.3896085855259588, ""observed_monotone_decreasing"": true, ""observed_monotone_increasing"": false, ""local_extrema"": 0, ""searched_gamma_low"": -68304669017290.516, ""searched_gamma_high"": 1068.3867185333147, ""no_global_nonexistence_proof"": true}}}",10,6f15868a5c0f072b3675567270b3b10d7eb85137f320655c1dbbf8073eda2a0d
2.0,1000.0,1000.0,7,56,cw_paper,cw_paper,,,,,False,6.999995093792677e-06,failure,,,,,,,"{""solution_info"": {""status"": ""no_root_after_dense_search"", ""policy"": ""paper"", ""diagnostic"": {""fits"": {""engineering"": {""status"": ""no_root_after_dense_search"", ""estimate"": null, ""location_lower_raw"": 0.0, ""shape_bounds"": [0.1, 9.99], ""roots_found"": 0}, ""paper"": {""status"": ""no_root_after_dense_search"", ""estimate"": null, ""location_lower_raw"": -2235.531574197419, ""shape_bounds"": [0.1, 15.0], ""roots_found"": 0}}, ""candidates"": [], ""log_gap_step"": 0.01, ""grid_points"": 2327, ""finite_minimum_residual"": 1.3896085855305365, ""finite_minimum_gamma"": -68304669017290.516, ""limit_residual"": 1.3896085855259588, ""observed_monotone_decreasing"": true, ""observed_monotone_increasing"": false, ""local_extrema"": 0, ""searched_gamma_low"": -68304669017290.516, ""searched_gamma_high"": 1068.3867185333147, ""no_global_nonexistence_proof"": true}}}",10,6f15868a5c0f072b3675567270b3b10d7eb85137f320655c1dbbf8073eda2a0d
2.0,1000.0,1000.0,7,57,cw_engineering,cw_engineering,,,,,False,0.1039710000040941,failure,,,,,,,"{""solution_info"": {""status"": ""no_root_after_dense_search"", ""policy"": ""engineering"", ""diagnostic"": {""fits"": {""engineering"": {""status"": ""no_root_after_dense_search"", ""estimate"": null, ""location_lower_raw"": 0.0, ""shape_bounds"": [0.1, 9.99], ""roots_found"": 0}, ""paper"": {""status"": ""no_root_after_dense_search"", ""estimate"": null, ""location_lower_raw"": -3609.7419528551286, ""shape_bounds"": [0.1, 15.0], ""roots_found"": 0}}, ""candidates"": [], ""log_gap_step"": 0.01, ""grid_points"": 2369, ""finite_minimum_residual"": 0.07678170076336821, ""finite_minimum_gamma"": -118801521601152.38, ""limit_residual"": 0.07678170075691826, ""observed_monotone_decreasing"": true, ""observed_monotone_increasing"": false, ""local_extrema"": 0, ""searched_gamma_low"": -118801521601152.38, ""searched_gamma_high"": 1196.9786343084554, ""no_global_nonexistence_proof"": true}}}",10,06ff310a97e63e8421d4eeeb91b653189802457dfa7a2356c926028e435c18f2
2.0,1000.0,1000.0,7,57,cw_paper,cw_paper,,,,,False,8.800008799880743e-06,failure,,,,,,,"{""solution_info"": {""status"": ""no_root_after_dense_search"", ""policy"": ""paper"", ""diagnostic"": {""fits"": {""engineering"": {""status"": ""no_root_after_dense_search"", ""estimate"": null, ""location_lower_raw"": 0.0, ""shape_bounds"": [0.1, 9.99], ""roots_found"": 0}, ""paper"": {""status"": ""no_root_after_dense_search"", ""estimate"": null, ""location_lower_raw"": -3609.7419528551286, ""shape_bounds"": [0.1, 15.0], ""roots_found"": 0}}, ""candidates"": [], ""log_gap_step"": 0.01, ""grid_points"": 2369, ""finite_minimum_residual"": 0.07678170076336821, ""finite_minimum_gamma"": -118801521601152.38, ""limit_residual"": 0.07678170075691826, ""observed_monotone_decreasing"": true, ""observed_monotone_increasing"": false, ""local_extrema"": 0, ""searched_gamma_low"": -118801521601152.38, ""searched_gamma_high"": 1196.9786343084554, ""no_global_nonexistence_proof"": true}}}",10,06ff310a97e63e8421d4eeeb91b653189802457dfa7a2356c926028e435c18f2
2.0,1000.0,1000.0,7,58,cw_engineering,cw_engineering,,,,,False,0.0463248000014573,failure,,,,,,,"{""solution_info"": {""status"": ""outside_declared_domain_root"", ""policy"": ""engineering"", ""diagnostic"": {""fits"": {""engineering"": {""status"": ""outside_declared_domain_root"", ""estimate"": null, ""location_lower_raw"": 0.0, ""shape_bounds"": [0.1, 9.99], ""roots_found"": 1}, ""paper"": {""status"": ""outside_declared_domain_root"", ""estimate"": null, ""location_lower_raw"": -2982.2577930054167, ""shape_bounds"": [0.1, 15.0], ""roots_found"": 1}}, ""candidates"": [{""log_gap"": 5.133126915266772, ""beta"": 399.35294432872604, ""eta"": 170403.40858310353, ""gamma"": -168227.76835010332, ""objective"": 6.233233746410401e-29, ""raw_gap"": 169546.44740437772}], ""log_gap_step"": 0.01, ""grid_points"": 2356, ""finite_minimum_residual"": -0.003362238211938706, ""finite_minimum_gamma"": -100080737586129.1, ""limit_residual"": -0.003362238217855751, ""observed_monotone_decreasing"": true, ""observed_monotone_increasing"": false, ""local_extrema"": 0, ""searched_gamma_low"": -100080737586129.1, ""searched_gamma_high"": 1318.6789542744043, ""no_global_nonexistence_proof"": true}}}",10,f077f1fca955f6fe9fb46f548d5c4a918b002bae4185cf6a983cd6c5b0edcaa4
2.0,1000.0,1000.0,7,58,cw_paper,cw_paper,,,,,False,9.7999582067132e-06,failure,,,,,,,"{""solution_info"": {""status"": ""outside_declared_domain_root"", ""policy"": ""paper"", ""diagnostic"": {""fits"": {""engineering"": {""status"": ""outside_declared_domain_root"", ""estimate"": null, ""location_lower_raw"": 0.0, ""shape_bounds"": [0.1, 9.99], ""roots_found"": 1}, ""paper"": {""status"": ""outside_declared_domain_root"", ""estimate"": null, ""location_lower_raw"": -2982.2577930054167, ""shape_bounds"": [0.1, 15.0], ""roots_found"": 1}}, ""candidates"": [{""log_gap"": 5.133126915266772, ""beta"": 399.35294432872604, ""eta"": 170403.40858310353, ""gamma"": -168227.76835010332, ""objective"": 6.233233746410401e-29, ""raw_gap"": 169546.44740437772}], ""log_gap_step"": 0.01, ""grid_points"": 2356, ""finite_minimum_residual"": -0.003362238211938706, ""finite_minimum_gamma"": -100080737586129.1, ""limit_residual"": -0.003362238217855751, ""observed_monotone_decreasing"": true, ""observed_monotone_increasing"": false, ""local_extrema"": 0, ""searched_gamma_low"": -100080737586129.1, ""searched_gamma_high"": 1318.6789542744043, ""no_global_nonexistence_proof"": true}}}",10,f077f1fca955f6fe9fb46f548d5c4a918b002bae4185cf6a983cd6c5b0edcaa4
2.0,1000.0,1000.0,7,59,cw_engineering,cw_engineering,1.3223262302528749,952.7599566921708,900.5881834812791,0.0,True,0.0304597000358626,success,-0.6776737697471251,-47.24004330782918,-99.41181651872093,-0.3388368848735625,-0.0472400433078291,-0.0994118165187209,"{""solution_info"": {""status"": ""ok"", ""policy"": ""engineering"", ""diagnostic"": {""fits"": {""engineering"": {""status"": ""ok"", ""estimate"": {""log_gap"": -1.5710261381355437, ""beta"": 1.3223262302528749, ""eta"": 952.7599566921708, ""gamma"": 900.5881834812791, ""objective"": 1.787262988391355e-30, ""raw_gap"": 207.83180875560535}, ""location_lower_raw"": 0.0, ""shape_bounds"": [0.1, 9.99], ""roots_found"": 1}, ""paper"": {""status"": ""ok"", ""estimate"": {""log_gap"": -1.5710261381355437, ""beta"": 1.3223262302528749, ""eta"": 952.7599566921708, ""gamma"": 900.5881834812791, ""objective"": 1.787262988391355e-30, ""raw_gap"": 207.83180875560535}, ""location_lower_raw"": -6059.42142723854, ""shape_bounds"": [0.1, 15.0], ""roots_found"": 1}}, ""candidates"": [{""log_gap"": -1.5710261381355437, ""beta"": 1.3223262302528749, ""eta"": 952.7599566921708, ""gamma"": 900.5881834812791, ""objective"": 1.787262988391355e-30, ""raw_gap"": 207.83180875560535}], ""log_gap_step"": 0.04, ""grid_points"": 454, ""finite_minimum_residual"": -0.7196998312254104, ""finite_minimum_gamma"": -6059.42142723854, ""limit_residual"": -0.7760437978238743, ""observed_monotone_decreasing"": true, ""observed_monotone_increasing"": false, ""local_extrema"": 0, ""searched_gamma_low"": -6059.42142723854, ""searched_gamma_high"": 1108.4198922368844, ""no_global_nonexistence_proof"": true}}}",10,4682f755f80566965d60d4413cdef666a9d62835e66c1e6a6c48f2e0ec702d6e
2.0,1000.0,1000.0,7,59,cw_paper,cw_paper,1.3223262302528749,952.7599566921708,900.5881834812791,0.0,True,6.399990525096655e-06,success,-0.6776737697471251,-47.24004330782918,-99.41181651872093,-0.3388368848735625,-0.0472400433078291,-0.0994118165187209,"{""solution_info"": {""status"": ""ok"", ""policy"": ""paper"", ""diagnostic"": {""fits"": {""engineering"": {""status"": ""ok"", ""estimate"": {""log_gap"": -1.5710261381355437, ""beta"": 1.3223262302528749, ""eta"": 952.7599566921708, ""gamma"": 900.5881834812791, ""objective"": 1.787262988391355e-30, ""raw_gap"": 207.83180875560535}, ""location_lower_raw"": 0.0, ""shape_bounds"": [0.1, 9.99], ""roots_found"": 1}, ""paper"": {""status"": ""ok"", ""estimate"": {""log_gap"": -1.5710261381355437, ""beta"": 1.3223262302528749, ""eta"": 952.7599566921708, ""gamma"": 900.5881834812791, ""objective"": 1.787262988391355e-30, ""raw_gap"": 207.83180875560535}, ""location_lower_raw"": -6059.42142723854, ""shape_bounds"": [0.1, 15.0], ""roots_found"": 1}}, ""candidates"": [{""log_gap"": -1.5710261381355437, ""beta"": 1.3223262302528749, ""eta"": 952.7599566921708, ""gamma"": 900.5881834812791, ""objective"": 1.787262988391355e-30, ""raw_gap"": 207.83180875560535}], ""log_gap_step"": 0.04, ""grid_points"": 454, ""finite_minimum_residual"": -0.7196998312254104, ""finite_minimum_gamma"": -6059.42142723854, ""limit_residual"": -0.7760437978238743, ""observed_monotone_decreasing"": true, ""observed_monotone_increasing"": false, ""local_extrema"": 0, ""searched_gamma_low"": -6059.42142723854, ""searched_gamma_high"": 1108.4198922368844, ""no_global_nonexistence_proof"": true}}}",10,4682f755f80566965d60d4413cdef666a9d62835e66c1e6a6c48f2e0ec702d6e
2.0,1000.0,1000.0,7,60,cw_engineering,cw_engineering,2.153608466303461,875.9355459568284,1043.1608628753515,0.0,True,0.0250765000237151,success,0.1536084663034609,-124.06445404317162,43.16086287535154,0.0768042331517304,-0.1240644540431716,0.0431608628753515,"{""solution_info"": {""status"": ""ok"", ""policy"": ""engineering"", ""diagnostic"": {""fits"": {""engineering"": {""status"": ""ok"", ""estimate"": {""log_gap"": -1.0673674688608188, ""beta"": 2.153608466303461, ""eta"": 875.9355459568284, ""gamma"": 1043.1608628753515, ""objective"": 2.0954117794933126e-31, ""raw_gap"": 343.91268762775616}, ""location_lower_raw"": 0.0, ""shape_bounds"": [0.1, 9.99], ""roots_found"": 1}, ""paper"": {""status"": ""ok"", ""estimate"": {""log_gap"": -1.0673674688608188, ""beta"": 2.153608466303461, ""eta"": 875.9355459568284, ""gamma"": 1043.1608628753515, ""objective"": 2.0954117794933126e-31, ""raw_gap"": 343.91268762775616}, ""location_lower_raw"": -2368.1753128228165, ""shape_bounds"": [0.1, 15.0], ""roots_found"": 1}}, ""candidates"": [{""log_gap"": -1.0673674688608188, ""beta"": 2.153608466303461, ""eta"": 875.9355459568284, ""gamma"": 1043.1608628753515, ""objective"": 2.0954117794933126e-31, ""raw_gap"": 343.91268762775616}], ""log_gap_step"": 0.04, ""grid_points"": 438, ""finite_minimum_residual"": -0.3401182117108925, ""finite_minimum_gamma"": -2368.1753128228174, ""limit_residual"": -0.4093755005918822, ""observed_monotone_decreasing"": true, ""observed_monotone_increasing"": false, ""local_extrema"": 0, ""searched_gamma_low"": -2368.1753128228174, ""searched_gamma_high"": 1387.0734505031078, ""no_global_nonexistence_proof"": true}}}",10,a80a89e154faf9c6d84e6dab3bc653884e72794a4a1338e90e5d635e2dcd8240
2.0,1000.0,1000.0,7,60,cw_paper,cw_paper,2.153608466303461,875.9355459568284,1043.1608628753515,0.0,True,7.800001185387373e-06,success,0.1536084663034609,-124.06445404317162,43.16086287535154,0.0768042331517304,-0.1240644540431716,0.0431608628753515,"{""solution_info"": {""status"": ""ok"", ""policy"": ""paper"", ""diagnostic"": {""fits"": {""engineering"": {""status"": ""ok"", ""estimate"": {""log_gap"": -1.0673674688608188, ""beta"": 2.153608466303461, ""eta"": 875.9355459568284, ""gamma"": 1043.1608628753515, ""objective"": 2.0954117794933126e-31, ""raw_gap"": 343.91268762775616}, ""location_lower_raw"": 0.0, ""shape_bounds"": [0.1, 9.99], ""roots_found"": 1}, ""paper"": {""status"": ""ok"", ""estimate"": {""log_gap"": -1.0673674688608188, ""beta"": 2.153608466303461, ""eta"": 875.9355459568284, ""gamma"": 1043.1608628753515, ""objective"": 2.0954117794933126e-31, ""raw_gap"": 343.91268762775616}, ""location_lower_raw"": -2368.1753128228165, ""shape_bounds"": [0.1, 15.0], ""roots_found"": 1}}, ""candidates"": [{""log_gap"": -1.0673674688608188, ""beta"": 2.153608466303461, ""eta"": 875.9355459568284, ""gamma"": 1043.1608628753515, ""objective"": 2.0954117794933126e-31, ""raw_gap"": 343.91268762775616}], ""log_gap_step"": 0.04, ""grid_points"": 438, ""finite_minimum_residual"": -0.3401182117108925, ""finite_minimum_gamma"": -2368.1753128228174, ""limit_residual"": -0.4093755005918822, ""observed_monotone_decreasing"": true, ""observed_monotone_increasing"": false, ""local_extrema"": 0, ""searched_gamma_low"": -2368.1753128228174, ""searched_gamma_high"": 1387.0734505031078, ""no_global_nonexistence_proof"": true}}}",10,a80a89e154faf9c6d84e6dab3bc653884e72794a4a1338e90e5d635e2dcd8240
2.0,1000.0,1000.0,7,61,cw_engineering,cw_engineering,,,,,False,0.1018073000013828,failure,,,,,,,"{""solution_info"": {""status"": ""no_root_after_dense_search"", ""policy"": ""engineering"", ""diagnostic"": {""fits"": {""engineering"": {""status"": ""no_root_after_dense_search"", ""estimate"": null, ""location_lower_raw"": 0.0, ""shape_bounds"": [0.1, 9.99], ""roots_found"": 0}, ""paper"": {""status"": ""no_root_after_dense_search"", ""estimate"": null, ""location_lower_raw"": -2107.3171577142734, ""shape_bounds"": [0.1, 15.0], ""roots_found"": 0}}, ""candidates"": [], ""log_gap_step"": 0.01, ""grid_points"": 2334, ""finite_minimum_residual"": 1.0647345723558561, ""finite_minimum_gamma"": -82978776378433.92, ""limit_residual"": 1.064734572347589, ""observed_monotone_decreasing"": true, ""observed_monotone_increasing"": false, ""local_extrema"": 0, ""searched_gamma_low"": -82978776378433.92, ""searched_gamma_high"": 1295.8577085867119, ""no_global_nonexistence_proof"": true}}}",10,e6edd93fb4d21e8115001a08616994bbfd9339bb7aa74aa1adf1ab9559694b8e
2.0,1000.0,1000.0,7,61,cw_paper,cw_paper,,,,,False,1.079996582120657e-05,failure,,,,,,,"{""solution_info"": {""status"": ""no_root_after_dense_search"", ""policy"": ""paper"", ""diagnostic"": {""fits"": {""engineering"": {""status"": ""no_root_after_dense_search"", ""estimate"": null, ""location_lower_raw"": 0.0, ""shape_bounds"": [0.1, 9.99], ""roots_found"": 0}, ""paper"": {""status"": ""no_root_after_dense_search"", ""estimate"": null, ""location_lower_raw"": -2107.3171577142734, ""shape_bounds"": [0.1, 15.0], ""roots_found"": 0}}, ""candidates"": [], ""log_gap_step"": 0.01, ""grid_points"": 2334, ""finite_minimum_residual"": 1.0647345723558561, ""finite_minimum_gamma"": -82978776378433.92, ""limit_residual"": 1.064734572347589, ""observed_monotone_decreasing"": true, ""observed_monotone_increasing"": false, ""local_extrema"": 0, ""searched_gamma_low"": -82978776378433.92, ""searched_gamma_high"": 1295.8577085867119, ""no_global_nonexistence_proof"": true}}}",10,e6edd93fb4d21e8115001a08616994bbfd9339bb7aa74aa1adf1ab9559694b8e
2.0,1000.0,1000.0,7,62,cw_engineering,cw_engineering,3.040901747305289,1623.9568865064316,479.7723136421261,0.0,True,0.0366419000201858,success,1.0409017473052895,623.9568865064316,-520.227686357874,0.5204508736526448,0.6239568865064316,-0.520227686357874,"{""solution_info"": {""status"": ""ok"", ""policy"": ""engineering"", ""diagnostic"": {""fits"": {""engineering"": {""status"": ""ok"", ""estimate"": {""log_gap"": -0.1772466813273253, ""beta"": 3.0409017473052895, ""eta"": 1623.9568865064316, ""gamma"": 479.77231364212605, ""objective"": 7.3388716088842255e-28, ""raw_gap"": 837.5731453817982}, ""location_lower_raw"": 0.0, ""shape_bounds"": [0.1, 9.99], ""roots_found"": 1}, ""paper"": {""status"": ""ok"", ""estimate"": {""log_gap"": -0.1772466813273253, ""beta"": 3.0409017473052895, ""eta"": 1623.9568865064316, ""gamma"": 479.77231364212605, ""objective"": 7.3388716088842255e-28, ""raw_gap"": 837.5731453817982}, ""location_lower_raw"": -3626.383059287507, ""shape_bounds"": [0.1, 15.0], ""roots_found"": 1}}, ""candidates"": [{""log_gap"": -0.1772466813273253, ""beta"": 3.0409017473052895, ""eta"": 1623.9568865064316, ""gamma"": 479.77231364212605, ""objective"": 7.3388716088842255e-28, ""raw_gap"": 837.5731453817982}], ""log_gap_step"": 0.04, ""grid_points"": 444, ""finite_minimum_residual"": -0.2633156656649531, ""finite_minimum_gamma"": -3626.383059287507, ""limit_residual"": -0.3426866034503171, ""observed_monotone_decreasing"": true, ""observed_monotone_increasing"": false, ""local_extrema"": 0, ""searched_gamma_low"": -3626.383059287507, ""searched_gamma_high"": 1317.3453590239242, ""no_global_nonexistence_proof"": true}}}",10,7052771c783d508acdf91b77af0ef9e4973c0eeca7348ec8ef4aa935e0d4cae7
2.0,1000.0,1000.0,7,62,cw_paper,cw_paper,3.040901747305289,1623.9568865064316,479.7723136421261,0.0,True,7.499998901039362e-06,success,1.0409017473052895,623.9568865064316,-520.227686357874,0.5204508736526448,0.6239568865064316,-0.520227686357874,"{""solution_info"": {""status"": ""ok"", ""policy"": ""paper"", ""diagnostic"": {""fits"": {""engineering"": {""status"": ""ok"", ""estimate"": {""log_gap"": -0.1772466813273253, ""beta"": 3.0409017473052895, ""eta"": 1623.9568865064316, ""gamma"": 479.77231364212605, ""objective"": 7.3388716088842255e-28, ""raw_gap"": 837.5731453817982}, ""location_lower_raw"": 0.0, ""shape_bounds"": [0.1, 9.99], ""roots_found"": 1}, ""paper"": {""status"": ""ok"", ""estimate"": {""log_gap"": -0.1772466813273253, ""beta"": 3.0409017473052895, ""eta"": 1623.9568865064316, ""gamma"": 479.77231364212605, ""objective"": 7.3388716088842255e-28, ""raw_gap"": 837.5731453817982}, ""location_lower_raw"": -3626.383059287507, ""shape_bounds"": [0.1, 15.0], ""roots_found"": 1}}, ""candidates"": [{""log_gap"": -0.1772466813273253, ""beta"": 3.0409017473052895, ""eta"": 1623.9568865064316, ""gamma"": 479.77231364212605, ""objective"": 7.3388716088842255e-28, ""raw_gap"": 837.5731453817982}], ""log_gap_step"": 0.04, ""grid_points"": 444, ""finite_minimum_residual"": -0.2633156656649531, ""finite_minimum_gamma"": -3626.383059287507, ""limit_residual"": -0.3426866034503171, ""observed_monotone_decreasing"": true, ""observed_monotone_increasing"": false, ""local_extrema"": 0, ""searched_gamma_low"": -3626.383059287507, ""searched_gamma_high"": 1317.3453590239242, ""no_global_nonexistence_proof"": true}}}",10,7052771c783d508acdf91b77af0ef9e4973c0eeca7348ec8ef4aa935e0d4cae7
2.0,1000.0,1000.0,7,63,cw_engineering,cw_engineering,1.7403044551440705,1249.4611827213432,749.6898537975441,0.0,True,0.0315360999666154,success,-0.2596955448559295,249.4611827213432,-250.31014620245597,-0.1298477724279647,0.2494611827213432,-0.2503101462024559,"{""solution_info"": {""status"": ""ok"", ""policy"": ""engineering"", ""diagnostic"": {""fits"": {""engineering"": {""status"": ""ok"", ""estimate"": {""log_gap"": -0.934222332972312, ""beta"": 1.7403044551440705, ""eta"": 1249.4611827213432, ""gamma"": 749.6898537975441, ""objective"": 2.465190328815662e-31, ""raw_gap"": 392.89128535675013}, ""location_lower_raw"": 0.0, ""shape_bounds"": [0.1, 9.99], ""roots_found"": 1}, ""paper"": {""status"": ""ok"", ""estimate"": {""log_gap"": -0.934222332972312, ""beta"": 1.7403044551440705, ""eta"": 1249.4611827213432, ""gamma"": 749.6898537975441, ""objective"": 2.465190328815662e-31, ""raw_gap"": 392.89128535675013}, ""location_lower_raw"": -5546.683492807992, ""shape_bounds"": [0.1, 15.0], ""roots_found"": 1}}, ""candidates"": [{""log_gap"": -0.934222332972312, ""beta"": 1.7403044551440705, ""eta"": 1249.4611827213432, ""gamma"": 749.6898537975441, ""objective"": 2.465190328815662e-31, ""raw_gap"": 392.89128535675013}], ""log_gap_step"": 0.04, ""grid_points"": 452, ""finite_minimum_residual"": -0.5733221923379099, ""finite_minimum_gamma"": -5546.683492807992, ""limit_residual"": -0.6498739140420196, ""observed_monotone_decreasing"": true, ""observed_monotone_increasing"": false, ""local_extrema"": 0, ""searched_gamma_low"": -5546.683492807992, ""searched_gamma_high"": 1142.581039154294, ""no_global_nonexistence_proof"": true}}}",10,571e422ba989a5169fa1fb6ae97aa41f8f4438c452d35b7dcfa048d1d095daeb
2.0,1000.0,1000.0,7,63,cw_paper,cw_paper,1.7403044551440705,1249.4611827213432,749.6898537975441,0.0,True,7.800001185387373e-06,success,-0.2596955448559295,249.4611827213432,-250.31014620245597,-0.1298477724279647,0.2494611827213432,-0.2503101462024559,"{""solution_info"": {""status"": ""ok"", ""policy"": ""paper"", ""diagnostic"": {""fits"": {""engineering"": {""status"": ""ok"", ""estimate"": {""log_gap"": -0.934222332972312, ""beta"": 1.7403044551440705, ""eta"": 1249.4611827213432, ""gamma"": 749.6898537975441, ""objective"": 2.465190328815662e-31, ""raw_gap"": 392.89128535675013}, ""location_lower_raw"": 0.0, ""shape_bounds"": [0.1, 9.99], ""roots_found"": 1}, ""paper"": {""status"": ""ok"", ""estimate"": {""log_gap"": -0.934222332972312, ""beta"": 1.7403044551440705, ""eta"": 1249.4611827213432, ""gamma"": 749.6898537975441, ""objective"": 2.465190328815662e-31, ""raw_gap"": 392.89128535675013}, ""location_lower_raw"": -5546.683492807992, ""shape_bounds"": [0.1, 15.0], ""roots_found"": 1}}, ""candidates"": [{""log_gap"": -0.934222332972312, ""beta"": 1.7403044551440705, ""eta"": 1249.4611827213432, ""gamma"": 749.6898537975441, ""objective"": 2.465190328815662e-31, ""raw_gap"": 392.89128535675013}], ""log_gap_step"": 0.04, ""grid_points"": 452, ""finite_minimum_residual"": -0.5733221923379099, ""finite_minimum_gamma"": -5546.683492807992, ""limit_residual"": -0.6498739140420196, ""observed_monotone_decreasing"": true, ""observed_monotone_increasing"": false, ""local_extrema"": 0, ""searched_gamma_low"": -5546.683492807992, ""searched_gamma_high"": 1142.581039154294, ""no_global_nonexistence_proof"": true}}}",10,571e422ba989a5169fa1fb6ae97aa41f8f4438c452d35b7dcfa048d1d095daeb
2.0,1000.0,1000.0,7,64,cw_engineering,cw_engineering,1.5131768618302897,448.5334941592088,1669.8819590482422,0.0,True,0.0381205000448972,success,-0.4868231381697103,-551.4665058407911,669.8819590482422,-0.2434115690848551,-0.5514665058407912,0.6698819590482421,"{""solution_info"": {""status"": ""ok"", ""policy"": ""engineering"", ""diagnostic"": {""fits"": {""engineering"": {""status"": ""ok"", ""estimate"": {""log_gap"": -2.132362367577376, ""beta"": 1.5131768618302897, ""eta"": 448.53349415920883, ""gamma"": 1669.8819590482422, ""objective"": 9.665518241220447e-28, ""raw_gap"": 118.55688782389174}, ""location_lower_raw"": 0.0, ""shape_bounds"": [0.1, 9.99], ""roots_found"": 1}, ""paper"": {""status"": ""ok"", ""estimate"": {""log_gap"": -2.132362367577376, ""beta"": 1.5131768618302897, ""eta"": 448.53349415920883, ""gamma"": 1669.8819590482422, ""objective"": 9.665518241220447e-28, ""raw_gap"": 118.55688782389174}, ""location_lower_raw"": -1112.9413162705152, ""shape_bounds"": [0.1, 15.0], ""roots_found"": 1}}, ""candidates"": [{""log_gap"": -2.132362367577376, ""beta"": 1.5131768618302897, ""eta"": 448.53349415920883, ""gamma"": 1669.8819590482422, ""objective"": 9.665518241220447e-28, ""raw_gap"": 118.55688782389174}], ""log_gap_step"": 0.04, ""grid_points"": 431, ""finite_minimum_residual"": -0.7105261281013007, ""finite_minimum_gamma"": -1112.9413162705152, ""limit_residual"": -0.7768535407705468, ""observed_monotone_decreasing"": true, ""observed_monotone_increasing"": false, ""local_extrema"": 0, ""searched_gamma_low"": -1112.9413162705152, ""searched_gamma_high"": 1788.4387468721338, ""no_global_nonexistence_proof"": true}}}",10,e77888f81457a632cb29a15233394ced1b606f9672966fd413b5adfed0941cf2
2.0,1000.0,1000.0,7,64,cw_paper,cw_paper,1.5131768618302897,448.5334941592088,1669.8819590482422,0.0,True,1.1100026313215494e-05,success,-0.4868231381697103,-551.4665058407911,669.8819590482422,-0.2434115690848551,-0.5514665058407912,0.6698819590482421,"{""solution_info"": {""status"": ""ok"", ""policy"": ""paper"", ""diagnostic"": {""fits"": {""engineering"": {""status"": ""ok"", ""estimate"": {""log_gap"": -2.132362367577376, ""beta"": 1.5131768618302897, ""eta"": 448.53349415920883, ""gamma"": 1669.8819590482422, ""objective"": 9.665518241220447e-28, ""raw_gap"": 118.55688782389174}, ""location_lower_raw"": 0.0, ""shape_bounds"": [0.1, 9.99], ""roots_found"": 1}, ""paper"": {""status"": ""ok"", ""estimate"": {""log_gap"": -2.132362367577376, ""beta"": 1.5131768618302897, ""eta"": 448.53349415920883, ""gamma"": 1669.8819590482422, ""objective"": 9.665518241220447e-28, ""raw_gap"": 118.55688782389174}, ""location_lower_raw"": -1112.9413162705152, ""shape_bounds"": [0.1, 15.0], ""roots_found"": 1}}, ""candidates"": [{""log_gap"": -2.132362367577376, ""beta"": 1.5131768618302897, ""eta"": 448.53349415920883, ""gamma"": 1669.8819590482422, ""objective"": 9.665518241220447e-28, ""raw_gap"": 118.55688782389174}], ""log_gap_step"": 0.04, ""grid_points"": 431, ""finite_minimum_residual"": -0.7105261281013007, ""finite_minimum_gamma"": -1112.9413162705152, ""limit_residual"": -0.7768535407705468, ""observed_monotone_decreasing"": true, ""observed_monotone_increasing"": false, ""local_extrema"": 0, ""searched_gamma_low"": -1112.9413162705152, ""searched_gamma_high"": 1788.4387468721338, ""no_global_nonexistence_proof"": true}}}",10,e77888f81457a632cb29a15233394ced1b606f9672966fd413b5adfed0941cf2
2.0,1000.0,1000.0,7,65,cw_engineering,cw_engineering,3.531874652801777,1244.6241721834165,737.617027085378,0.0,True,0.0373962000012397,success,1.5318746528017768,244.62417218341648,-262.382972914622,0.7659373264008884,0.2446241721834164,-0.262382972914622,"{""solution_info"": {""status"": ""ok"", ""policy"": ""engineering"", ""diagnostic"": {""fits"": {""engineering"": {""status"": ""ok"", ""estimate"": {""log_gap"": -0.35123720498532685, ""beta"": 3.531874652801777, ""eta"": 1244.6241721834165, ""gamma"": 737.617027085378, ""objective"": 2.8652098609396587e-25, ""raw_gap"": 703.8167852032985}, ""location_lower_raw"": 0.0, ""shape_bounds"": [0.1, 9.99], ""roots_found"": 1}, ""paper"": {""status"": ""ok"", ""estimate"": {""log_gap"": -0.35123720498532685, ""beta"": 3.531874652801777, ""eta"": 1244.6241721834165, ""gamma"": 737.617027085378, ""objective"": 2.8652098609396587e-25, ""raw_gap"": 703.8167852032985}, ""location_lower_raw"": -1604.2040814427357, ""shape_bounds"": [0.1, 15.0], ""roots_found"": 1}}, ""candidates"": [{""log_gap"": -0.35123720498532685, ""beta"": 3.531874652801777, ""eta"": 1244.6241721834165, ""gamma"": 737.617027085378, ""objective"": 2.8652098609396587e-25, ""raw_gap"": 703.8167852032985}], ""log_gap_step"": 0.04, ""grid_points"": 432, ""finite_minimum_residual"": -0.3106471064245524, ""finite_minimum_gamma"": -1604.2040814427357, ""limit_residual"": -0.4361730321928905, ""observed_monotone_decreasing"": true, ""observed_monotone_increasing"": false, ""local_extrema"": 0, ""searched_gamma_low"": -1604.2040814427357, ""searched_gamma_high"": 1441.4337122886764, ""no_global_nonexistence_proof"": true}}}",10,b77cd122a9f630b24cec2d5dbd91d3797597efc6443fb66dd7da22a2330bc75d
2.0,1000.0,1000.0,7,65,cw_paper,cw_paper,3.531874652801777,1244.6241721834165,737.617027085378,0.0,True,8.800008799880743e-06,success,1.5318746528017768,244.62417218341648,-262.382972914622,0.7659373264008884,0.2446241721834164,-0.262382972914622,"{""solution_info"": {""status"": ""ok"", ""policy"": ""paper"", ""diagnostic"": {""fits"": {""engineering"": {""status"": ""ok"", ""estimate"": {""log_gap"": -0.35123720498532685, ""beta"": 3.531874652801777, ""eta"": 1244.6241721834165, ""gamma"": 737.617027085378, ""objective"": 2.8652098609396587e-25, ""raw_gap"": 703.8167852032985}, ""location_lower_raw"": 0.0, ""shape_bounds"": [0.1, 9.99], ""roots_found"": 1}, ""paper"": {""status"": ""ok"", ""estimate"": {""log_gap"": -0.35123720498532685, ""beta"": 3.531874652801777, ""eta"": 1244.6241721834165, ""gamma"": 737.617027085378, ""objective"": 2.8652098609396587e-25, ""raw_gap"": 703.8167852032985}, ""location_lower_raw"": -1604.2040814427357, ""shape_bounds"": [0.1, 15.0], ""roots_found"": 1}}, ""candidates"": [{""log_gap"": -0.35123720498532685, ""beta"": 3.531874652801777, ""eta"": 1244.6241721834165, ""gamma"": 737.617027085378, ""objective"": 2.8652098609396587e-25, ""raw_gap"": 703.8167852032985}], ""log_gap_step"": 0.04, ""grid_points"": 432, ""finite_minimum_residual"": -0.3106471064245524, ""finite_minimum_gamma"": -1604.2040814427357, ""limit_residual"": -0.4361730321928905, ""observed_monotone_decreasing"": true, ""observed_monotone_increasing"": false, ""local_extrema"": 0, ""searched_gamma_low"": -1604.2040814427357, ""searched_gamma_high"": 1441.4337122886764, ""no_global_nonexistence_proof"": true}}}",10,b77cd122a9f630b24cec2d5dbd91d3797597efc6443fb66dd7da22a2330bc75d
2.0,1000.0,1000.0,7,66,cw_engineering,cw_engineering,,,,,False,0.1206410999875515,failure,,,,,,,"{""solution_info"": {""status"": ""no_root_after_dense_search"", ""policy"": ""engineering"", ""diagnostic"": {""fits"": {""engineering"": {""status"": ""no_root_after_dense_search"", ""estimate"": null, ""location_lower_raw"": 0.0, ""shape_bounds"": [0.1, 9.99], ""roots_found"": 0}, ""paper"": {""status"": ""no_root_after_dense_search"", ""estimate"": null, ""location_lower_raw"": -3241.979802026337, ""shape_bounds"": [0.1, 15.0], ""roots_found"": 0}}, ""candidates"": [], ""log_gap_step"": 0.01, ""grid_points"": 2363, ""finite_minimum_residual"": 0.056029969329121077, ""finite_minimum_gamma"": -107207769317338.61, ""limit_residual"": 0.0560299693234696, ""observed_monotone_decreasing"": true, ""observed_monotone_increasing"": false, ""local_extrema"": 0, ""searched_gamma_low"": -107207769317338.61, ""searched_gamma_high"": 1301.5600074225372, ""no_global_nonexistence_proof"": true}}}",10,30826e52377689685981408ec967ad85180aaddd7324ac45282e6b4b53c15c04
2.0,1000.0,1000.0,7,66,cw_paper,cw_paper,,,,,False,8.300004992634058e-06,failure,,,,,,,"{""solution_info"": {""status"": ""no_root_after_dense_search"", ""policy"": ""paper"", ""diagnostic"": {""fits"": {""engineering"": {""status"": ""no_root_after_dense_search"", ""estimate"": null, ""location_lower_raw"": 0.0, ""shape_bounds"": [0.1, 9.99], ""roots_found"": 0}, ""paper"": {""status"": ""no_root_after_dense_search"", ""estimate"": null, ""location_lower_raw"": -3241.979802026337, ""shape_bounds"": [0.1, 15.0], ""roots_found"": 0}}, ""candidates"": [], ""log_gap_step"": 0.01, ""grid_points"": 2363, ""finite_minimum_residual"": 0.056029969329121077, ""finite_minimum_gamma"": -107207769317338.61, ""limit_residual"": 0.0560299693234696, ""observed_monotone_decreasing"": true, ""observed_monotone_increasing"": false, ""local_extrema"": 0, ""searched_gamma_low"": -107207769317338.61, ""searched_gamma_high"": 1301.5600074225372, ""no_global_nonexistence_proof"": true}}}",10,30826e52377689685981408ec967ad85180aaddd7324ac45282e6b4b53c15c04
2.0,1000.0,1000.0,7,67,cw_engineering,cw_engineering,4.081357607890732,1329.799503089119,530.8548792072073,0.0,True,0.0253475999925285,success,2.081357607890732,329.79950308911907,-469.1451207927927,1.040678803945366,0.3297995030891191,-0.4691451207927927,"{""solution_info"": {""status"": ""ok"", ""policy"": ""engineering"", ""diagnostic"": {""fits"": {""engineering"": {""status"": ""ok"", ""estimate"": {""log_gap"": -0.20829263775670137, ""beta"": 4.081357607890732, ""eta"": 1329.799503089119, ""gamma"": 530.8548792072073, ""objective"": 2.983681484723816e-27, ""raw_gap"": 811.9693890407752}, ""location_lower_raw"": 0.0, ""shape_bounds"": [0.1, 9.99], ""roots_found"": 1}, ""paper"": {""status"": ""ok"", ""estimate"": {""log_gap"": -0.20829263775670137, ""beta"": 4.081357607890732, ""eta"": 1329.799503089119, ""gamma"": 530.8548792072073, ""objective"": 2.983681484723816e-27, ""raw_gap"": 811.9693890407752}, ""location_lower_raw"": -1745.4074615015322, ""shape_bounds"": [0.1, 15.0], ""roots_found"": 1}}, ""candidates"": [{""log_gap"": -0.20829263775670137, ""beta"": 4.081357607890732, ""eta"": 1329.799503089119, ""gamma"": 530.8548792072073, ""objective"": 2.983681484723816e-27, ""raw_gap"": 811.9693890407752}], ""log_gap_step"": 0.04, ""grid_points"": 433, ""finite_minimum_residual"": -0.1575431907186713, ""finite_minimum_gamma"": -1745.407461501532, ""limit_residual"": -0.23070339904279114, ""observed_monotone_decreasing"": true, ""observed_monotone_increasing"": false, ""local_extrema"": 0, ""searched_gamma_low"": -1745.407461501532, ""searched_gamma_high"": 1342.8241682479825, ""no_global_nonexistence_proof"": true}}}",10,71cf19375e85b9652bace47652d4f23c46597a9be708f77415e63760d8c63301
2.0,1000.0,1000.0,7,67,cw_paper,cw_paper,4.081357607890732,1329.799503089119,530.8548792072073,0.0,True,7.599999662488699e-06,success,2.081357607890732,329.79950308911907,-469.1451207927927,1.040678803945366,0.3297995030891191,-0.4691451207927927,"{""solution_info"": {""status"": ""ok"", ""policy"": ""paper"", ""diagnostic"": {""fits"": {""engineering"": {""status"": ""ok"", ""estimate"": {""log_gap"": -0.20829263775670137, ""beta"": 4.081357607890732, ""eta"": 1329.799503089119, ""gamma"": 530.8548792072073, ""objective"": 2.983681484723816e-27, ""raw_gap"": 811.9693890407752}, ""location_lower_raw"": 0.0, ""shape_bounds"": [0.1, 9.99], ""roots_found"": 1}, ""paper"": {""status"": ""ok"", ""estimate"": {""log_gap"": -0.20829263775670137, ""beta"": 4.081357607890732, ""eta"": 1329.799503089119, ""gamma"": 530.8548792072073, ""objective"": 2.983681484723816e-27, ""raw_gap"": 811.9693890407752}, ""location_lower_raw"": -1745.4074615015322, ""shape_bounds"": [0.1, 15.0], ""roots_found"": 1}}, ""candidates"": [{""log_gap"": -0.20829263775670137, ""beta"": 4.081357607890732, ""eta"": 1329.799503089119, ""gamma"": 530.8548792072073, ""objective"": 2.983681484723816e-27, ""raw_gap"": 811.9693890407752}], ""log_gap_step"": 0.04, ""grid_points"": 433, ""finite_minimum_residual"": -0.1575431907186713, ""finite_minimum_gamma"": -1745.407461501532, ""limit_residual"": -0.23070339904279114, ""observed_monotone_decreasing"": true, ""observed_monotone_increasing"": false, ""local_extrema"": 0, ""searched_gamma_low"": -1745.407461501532, ""searched_gamma_high"": 1342.8241682479825, ""no_global_nonexistence_proof"": true}}}",10,71cf19375e85b9652bace47652d4f23c46597a9be708f77415e63760d8c63301
2.0,1000.0,1000.0,7,68,cw_engineering,cw_engineering,,,,,False,0.0994357000454329,failure,,,,,,,"{""solution_info"": {""status"": ""no_root_after_dense_search"", ""policy"": ""engineering"", ""diagnostic"": {""fits"": {""engineering"": {""status"": ""no_root_after_dense_search"", ""estimate"": null, ""location_lower_raw"": 0.0, ""shape_bounds"": [0.1, 9.99], ""roots_found"": 0}, ""paper"": {""status"": ""no_root_after_dense_search"", ""estimate"": null, ""location_lower_raw"": -3396.8819760201754, ""shape_bounds"": [0.1, 15.0], ""roots_found"": 0}}, ""candidates"": [], ""log_gap_step"": 0.01, ""grid_points"": 2363, ""finite_minimum_residual"": 0.0698968326406777, ""finite_minimum_gamma"": -103221217156166.67, ""limit_residual"": 0.06989683263548896, ""observed_monotone_decreasing"": true, ""observed_monotone_increasing"": false, ""local_extrema"": 0, ""searched_gamma_low"": -103221217156166.67, ""searched_gamma_high"": 1249.4203532784456, ""no_global_nonexistence_proof"": true}}}",10,121eeff66873519afc3b3d40df91ab588ea50c3c1c2478becf9b7be678cf776f
2.0,1000.0,1000.0,7,68,cw_paper,cw_paper,,,,,False,7.399998139590025e-06,failure,,,,,,,"{""solution_info"": {""status"": ""no_root_after_dense_search"", ""policy"": ""paper"", ""diagnostic"": {""fits"": {""engineering"": {""status"": ""no_root_after_dense_search"", ""estimate"": null, ""location_lower_raw"": 0.0, ""shape_bounds"": [0.1, 9.99], ""roots_found"": 0}, ""paper"": {""status"": ""no_root_after_dense_search"", ""estimate"": null, ""location_lower_raw"": -3396.8819760201754, ""shape_bounds"": [0.1, 15.0], ""roots_found"": 0}}, ""candidates"": [], ""log_gap_step"": 0.01, ""grid_points"": 2363, ""finite_minimum_residual"": 0.0698968326406777, ""finite_minimum_gamma"": -103221217156166.67, ""limit_residual"": 0.06989683263548896, ""observed_monotone_decreasing"": true, ""observed_monotone_increasing"": false, ""local_extrema"": 0, ""searched_gamma_low"": -103221217156166.67, ""searched_gamma_high"": 1249.4203532784456, ""no_global_nonexistence_proof"": true}}}",10,121eeff66873519afc3b3d40df91ab588ea50c3c1c2478becf9b7be678cf776f
2.0,1000.0,1000.0,7,69,cw_engineering,cw_engineering,,,,,False,0.0979631000082008,failure,,,,,,,"{""solution_info"": {""status"": ""outside_declared_domain_root"", ""policy"": ""engineering"", ""diagnostic"": {""fits"": {""engineering"": {""status"": ""outside_declared_domain_root"", ""estimate"": null, ""location_lower_raw"": 0.0, ""shape_bounds"": [0.1, 9.99], ""roots_found"": 1}, ""paper"": {""status"": ""outside_declared_domain_root"", ""estimate"": null, ""location_lower_raw"": -3969.7623091439336, ""shape_bounds"": [0.1, 15.0], ""roots_found"": 1}}, ""candidates"": [{""log_gap"": 4.0539501816623496, ""beta"": 100.11726175406429, ""eta"": 58795.23336484461, ""gamma"": -56236.00041164265, ""objective"": 5.255785781034991e-28, ""raw_gap"": 57624.635831062275}], ""log_gap_step"": 0.01, ""grid_points"": 2381, ""finite_minimum_residual"": -0.016356774262262563, ""finite_minimum_gamma"": -140402471137087.22, ""limit_residual"": -0.016356774269025154, ""observed_monotone_decreasing"": true, ""observed_monotone_increasing"": false, ""local_extrema"": 0, ""searched_gamma_low"": -140402471137087.22, ""searched_gamma_high"": 1388.6353194196295, ""no_global_nonexistence_proof"": true}}}",10,4a73f202d75c9d86babc107bf8e8d2de6377632aee5c9d0403664b832fc0394b
2.0,1000.0,1000.0,7,69,cw_paper,cw_paper,,,,,False,9.90001717582345e-06,failure,,,,,,,"{""solution_info"": {""status"": ""outside_declared_domain_root"", ""policy"": ""paper"", ""diagnostic"": {""fits"": {""engineering"": {""status"": ""outside_declared_domain_root"", ""estimate"": null, ""location_lower_raw"": 0.0, ""shape_bounds"": [0.1, 9.99], ""roots_found"": 1}, ""paper"": {""status"": ""outside_declared_domain_root"", ""estimate"": null, ""location_lower_raw"": -3969.7623091439336, ""shape_bounds"": [0.1, 15.0], ""roots_found"": 1}}, ""candidates"": [{""log_gap"": 4.0539501816623496, ""beta"": 100.11726175406429, ""eta"": 58795.23336484461, ""gamma"": -56236.00041164265, ""objective"": 5.255785781034991e-28, ""raw_gap"": 57624.635831062275}], ""log_gap_step"": 0.01, ""grid_points"": 2381, ""finite_minimum_residual"": -0.016356774262262563, ""finite_minimum_gamma"": -140402471137087.22, ""limit_residual"": -0.016356774269025154, ""observed_monotone_decreasing"": true, ""observed_monotone_increasing"": false, ""local_extrema"": 0, ""searched_gamma_low"": -140402471137087.22, ""searched_gamma_high"": 1388.6353194196295, ""no_global_nonexistence_proof"": true}}}",10,4a73f202d75c9d86babc107bf8e8d2de6377632aee5c9d0403664b832fc0394b
2.0,1000.0,1000.0,7,70,cw_engineering,cw_engineering,,,,,False,0.1004034000216052,failure,,,,,,,"{""solution_info"": {""status"": ""no_root_after_dense_search"", ""policy"": ""engineering"", ""diagnostic"": {""fits"": {""engineering"": {""status"": ""no_root_after_dense_search"", ""estimate"": null, ""location_lower_raw"": 0.0, ""shape_bounds"": [0.1, 9.99], ""roots_found"": 0}, ""paper"": {""status"": ""no_root_after_dense_search"", ""estimate"": null, ""location_lower_raw"": -3808.5520482162906, ""shape_bounds"": [0.1, 15.0], ""roots_found"": 0}}, ""candidates"": [], ""log_gap_step"": 0.01, ""grid_points"": 2369, ""finite_minimum_residual"": 0.34919992175749703, ""finite_minimum_gamma"": -112228248652628.77, ""limit_residual"": 0.34919992175159775, ""observed_monotone_decreasing"": true, ""observed_monotone_increasing"": false, ""local_extrema"": 0, ""searched_gamma_low"": -112228248652628.77, ""searched_gamma_high"": 1103.002580672898, ""no_global_nonexistence_proof"": true}}}",10,951366fd3171172874d43e75f2e505cad9215887feb863de58b52b45dc055ae0
2.0,1000.0,1000.0,7,70,cw_paper,cw_paper,,,,,False,8.500006515532732e-06,failure,,,,,,,"{""solution_info"": {""status"": ""no_root_after_dense_search"", ""policy"": ""paper"", ""diagnostic"": {""fits"": {""engineering"": {""status"": ""no_root_after_dense_search"", ""estimate"": null, ""location_lower_raw"": 0.0, ""shape_bounds"": [0.1, 9.99], ""roots_found"": 0}, ""paper"": {""status"": ""no_root_after_dense_search"", ""estimate"": null, ""location_lower_raw"": -3808.5520482162906, ""shape_bounds"": [0.1, 15.0], ""roots_found"": 0}}, ""candidates"": [], ""log_gap_step"": 0.01, ""grid_points"": 2369, ""finite_minimum_residual"": 0.34919992175749703, ""finite_minimum_gamma"": -112228248652628.77, ""limit_residual"": 0.34919992175159775, ""observed_monotone_decreasing"": true, ""observed_monotone_increasing"": false, ""local_extrema"": 0, ""searched_gamma_low"": -112228248652628.77, ""searched_gamma_high"": 1103.002580672898, ""no_global_nonexistence_proof"": true}}}",10,951366fd3171172874d43e75f2e505cad9215887feb863de58b52b45dc055ae0
2.0,1000.0,1000.0,7,71,cw_engineering,cw_engineering,3.836834359669294,1631.824347265754,531.6058106833489,0.0,True,0.0197402000194415,success,1.836834359669294,631.8243472657541,-468.3941893166512,0.918417179834647,0.6318243472657541,-0.4683941893166511,"{""solution_info"": {""status"": ""ok"", ""policy"": ""engineering"", ""diagnostic"": {""fits"": {""engineering"": {""status"": ""ok"", ""estimate"": {""log_gap"": -0.035061765196404804, ""beta"": 3.836834359669294, ""eta"": 1631.824347265754, ""gamma"": 531.6058106833489, ""objective"": 1.0107280348144214e-29, ""raw_gap"": 965.545777291207}, ""location_lower_raw"": 0.0, ""shape_bounds"": [0.1, 9.99], ""roots_found"": 1}, ""paper"": {""status"": ""ok"", ""estimate"": {""log_gap"": -0.035061765196404804, ""beta"": 3.836834359669294, ""eta"": 1631.824347265754, ""gamma"": 531.6058106833489, ""objective"": 1.0107280348144214e-29, ""raw_gap"": 965.545777291207}, ""location_lower_raw"": -2543.535806039268, ""shape_bounds"": [0.1, 15.0], ""roots_found"": 1}}, ""candidates"": [{""log_gap"": -0.035061765196404804, ""beta"": 3.836834359669294, ""eta"": 1631.824347265754, ""gamma"": 531.6058106833489, ""objective"": 1.0107280348144214e-29, ""raw_gap"": 965.545777291207}], ""log_gap_step"": 0.04, ""grid_points"": 439, ""finite_minimum_residual"": -0.16407321596620483, ""finite_minimum_gamma"": -2543.5358060392687, ""limit_residual"": -0.23200286332474085, ""observed_monotone_decreasing"": true, ""observed_monotone_increasing"": false, ""local_extrema"": 0, ""searched_gamma_low"": -2543.5358060392687, ""searched_gamma_high"": 1497.1514879745557, ""no_global_nonexistence_proof"": true}}}",10,3353926b75d9fc7edf51a4f35f6b6ef65e1ef61569c5108d9aeae859ac5e90bf
2.0,1000.0,1000.0,7,71,cw_paper,cw_paper,3.836834359669294,1631.824347265754,531.6058106833489,0.0,True,7.299997378140688e-06,success,1.836834359669294,631.8243472657541,-468.3941893166512,0.918417179834647,0.6318243472657541,-0.4683941893166511,"{""solution_info"": {""status"": ""ok"", ""policy"": ""paper"", ""diagnostic"": {""fits"": {""engineering"": {""status"": ""ok"", ""estimate"": {""log_gap"": -0.035061765196404804, ""beta"": 3.836834359669294, ""eta"": 1631.824347265754, ""gamma"": 531.6058106833489, ""objective"": 1.0107280348144214e-29, ""raw_gap"": 965.545777291207}, ""location_lower_raw"": 0.0, ""shape_bounds"": [0.1, 9.99], ""roots_found"": 1}, ""paper"": {""status"": ""ok"", ""estimate"": {""log_gap"": -0.035061765196404804, ""beta"": 3.836834359669294, ""eta"": 1631.824347265754, ""gamma"": 531.6058106833489, ""objective"": 1.0107280348144214e-29, ""raw_gap"": 965.545777291207}, ""location_lower_raw"": -2543.535806039268, ""shape_bounds"": [0.1, 15.0], ""roots_found"": 1}}, ""candidates"": [{""log_gap"": -0.035061765196404804, ""beta"": 3.836834359669294, ""eta"": 1631.824347265754, ""gamma"": 531.6058106833489, ""objective"": 1.0107280348144214e-29, ""raw_gap"": 965.545777291207}], ""log_gap_step"": 0.04, ""grid_points"": 439, ""finite_minimum_residual"": -0.16407321596620483, ""finite_minimum_gamma"": -2543.5358060392687, ""limit_residual"": -0.23200286332474085, ""observed_monotone_decreasing"": true, ""observed_monotone_increasing"": false, ""local_extrema"": 0, ""searched_gamma_low"": -2543.5358060392687, ""searched_gamma_high"": 1497.1514879745557, ""no_global_nonexistence_proof"": true}}}",10,3353926b75d9fc7edf51a4f35f6b6ef65e1ef61569c5108d9aeae859ac5e90bf
2.0,1000.0,1000.0,7,72,cw_engineering,cw_engineering,1.96814046674505,839.362699234202,795.2683188971241,0.0,True,0.026151199999731,success,-0.03185953325495,-160.63730076579805,-204.73168110287588,-0.015929766627475,-0.160637300765798,-0.2047316811028758,"{""solution_info"": {""status"": ""ok"", ""policy"": ""engineering"", ""diagnostic"": {""fits"": {""engineering"": {""status"": ""ok"", ""estimate"": {""log_gap"": -1.1981179456391067, ""beta"": 1.96814046674505, ""eta"": 839.362699234202, ""gamma"": 795.2683188971241, ""objective"": 1.8242408433235898e-30, ""raw_gap"": 301.7616095613343}, ""location_lower_raw"": 0.0, ""shape_bounds"": [0.1, 9.99], ""roots_found"": 1}, ""paper"": {""status"": ""ok"", ""estimate"": {""log_gap"": -1.1981179456391067, ""beta"": 1.96814046674505, ""eta"": 839.362699234202, ""gamma"": 795.2683188971241, ""objective"": 1.8242408433235898e-30, ""raw_gap"": 301.7616095613343}, ""location_lower_raw"": -2827.405184923319, ""shape_bounds"": [0.1, 15.0], ""roots_found"": 1}}, ""candidates"": [{""log_gap"": -1.1981179456391067, ""beta"": 1.96814046674505, ""eta"": 839.362699234202, ""gamma"": 795.2683188971241, ""objective"": 1.8242408433235898e-30, ""raw_gap"": 301.7616095613343}], ""log_gap_step"": 0.04, ""grid_points"": 439, ""finite_minimum_residual"": -0.41923755552174424, ""finite_minimum_gamma"": -2827.40518492332, ""limit_residual"": -0.48958196379674823, ""observed_monotone_decreasing"": true, ""observed_monotone_increasing"": false, ""local_extrema"": 0, ""searched_gamma_low"": -2827.40518492332, ""searched_gamma_high"": 1097.0298284584583, ""no_global_nonexistence_proof"": true}}}",10,543afa1daef63eed38856d4dc9a8d7daa92b7b0cb709c678aca3086ef101891a
2.0,1000.0,1000.0,7,72,cw_paper,cw_paper,1.96814046674505,839.362699234202,795.2683188971241,0.0,True,8.200004231184721e-06,success,-0.03185953325495,-160.63730076579805,-204.73168110287588,-0.015929766627475,-0.160637300765798,-0.2047316811028758,"{""solution_info"": {""status"": ""ok"", ""policy"": ""paper"", ""diagnostic"": {""fits"": {""engineering"": {""status"": ""ok"", ""estimate"": {""log_gap"": -1.1981179456391067, ""beta"": 1.96814046674505, ""eta"": 839.362699234202, ""gamma"": 795.2683188971241, ""objective"": 1.8242408433235898e-30, ""raw_gap"": 301.7616095613343}, ""location_lower_raw"": 0.0, ""shape_bounds"": [0.1, 9.99], ""roots_found"": 1}, ""paper"": {""status"": ""ok"", ""estimate"": {""log_gap"": -1.1981179456391067, ""beta"": 1.96814046674505, ""eta"": 839.362699234202, ""gamma"": 795.2683188971241, ""objective"": 1.8242408433235898e-30, ""raw_gap"": 301.7616095613343}, ""location_lower_raw"": -2827.405184923319, ""shape_bounds"": [0.1, 15.0], ""roots_found"": 1}}, ""candidates"": [{""log_gap"": -1.1981179456391067, ""beta"": 1.96814046674505, ""eta"": 839.362699234202, ""gamma"": 795.2683188971241, ""objective"": 1.8242408433235898e-30, ""raw_gap"": 301.7616095613343}], ""log_gap_step"": 0.04, ""grid_points"": 439, ""finite_minimum_residual"": -0.41923755552174424, ""finite_minimum_gamma"": -2827.40518492332, ""limit_residual"": -0.48958196379674823, ""observed_monotone_decreasing"": true, ""observed_monotone_increasing"": false, ""local_extrema"": 0, ""searched_gamma_low"": -2827.40518492332, ""searched_gamma_high"": 1097.0298284584583, ""no_global_nonexistence_proof"": true}}}",10,543afa1daef63eed38856d4dc9a8d7daa92b7b0cb709c678aca3086ef101891a
2.0,1000.0,1000.0,7,73,cw_engineering,cw_engineering,,,,,False,0.090980099979788,failure,,,,,,,"{""solution_info"": {""status"": ""outside_declared_domain_root"", ""policy"": ""engineering"", ""diagnostic"": {""fits"": {""engineering"": {""status"": ""outside_declared_domain_root"", ""estimate"": null, ""location_lower_raw"": 0.0, ""shape_bounds"": [0.1, 9.99], ""roots_found"": 1}, ""paper"": {""status"": ""ok"", ""estimate"": {""log_gap"": 0.35335271673844, ""beta"": 4.268347872266007, ""eta"": 2282.0219054919826, ""gamma"": -122.9586310496742, ""objective"": 3.944304526105059e-31, ""raw_gap"": 1423.8332647003158}, ""location_lower_raw"": -3635.9870923116064, ""shape_bounds"": [0.1, 15.0], ""roots_found"": 1}}, ""candidates"": [{""log_gap"": 0.35335271673844, ""beta"": 4.268347872266007, ""eta"": 2282.0219054919826, ""gamma"": -122.9586310496742, ""objective"": 3.944304526105059e-31, ""raw_gap"": 1423.8332647003158}], ""log_gap_step"": 0.01, ""grid_points"": 2370, ""finite_minimum_residual"": -0.2731528552281859, ""finite_minimum_gamma"": -113913078063958.05, ""limit_residual"": -0.27315285523269917, ""observed_monotone_decreasing"": true, ""observed_monotone_increasing"": false, ""local_extrema"": 0, ""searched_gamma_low"": -113913078063958.05, ""searched_gamma_high"": 1300.8745336506415, ""no_global_nonexistence_proof"": true}}}",10,8a12440b20c5137f7126492e45a84d55ce3ae9d1feb1d7b289ef259802015ad7
2.0,1000.0,1000.0,7,73,cw_paper,cw_paper,4.268347872266007,2282.0219054919826,-122.9586310496742,0.0,True,6.999995093792677e-06,success,2.2683478722660078,1282.0219054919826,-1122.9586310496743,1.1341739361330037,1.2820219054919826,-1.1229586310496742,"{""solution_info"": {""status"": ""ok"", ""policy"": ""paper"", ""diagnostic"": {""fits"": {""engineering"": {""status"": ""outside_declared_domain_root"", ""estimate"": null, ""location_lower_raw"": 0.0, ""shape_bounds"": [0.1, 9.99], ""roots_found"": 1}, ""paper"": {""status"": ""ok"", ""estimate"": {""log_gap"": 0.35335271673844, ""beta"": 4.268347872266007, ""eta"": 2282.0219054919826, ""gamma"": -122.9586310496742, ""objective"": 3.944304526105059e-31, ""raw_gap"": 1423.8332647003158}, ""location_lower_raw"": -3635.9870923116064, ""shape_bounds"": [0.1, 15.0], ""roots_found"": 1}}, ""candidates"": [{""log_gap"": 0.35335271673844, ""beta"": 4.268347872266007, ""eta"": 2282.0219054919826, ""gamma"": -122.9586310496742, ""objective"": 3.944304526105059e-31, ""raw_gap"": 1423.8332647003158}], ""log_gap_step"": 0.01, ""grid_points"": 2370, ""finite_minimum_residual"": -0.2731528552281859, ""finite_minimum_gamma"": -113913078063958.05, ""limit_residual"": -0.27315285523269917, ""observed_monotone_decreasing"": true, ""observed_monotone_increasing"": false, ""local_extrema"": 0, ""searched_gamma_low"": -113913078063958.05, ""searched_gamma_high"": 1300.8745336506415, ""no_global_nonexistence_proof"": true}}}",10,8a12440b20c5137f7126492e45a84d55ce3ae9d1feb1d7b289ef259802015ad7
2.0,1000.0,1000.0,7,74,cw_engineering,cw_engineering,3.103503338086255,1471.208606322381,569.3511150547022,0.0,True,0.0238997999695129,success,1.103503338086255,471.208606322381,-430.6488849452978,0.5517516690431274,0.471208606322381,-0.4306488849452978,"{""solution_info"": {""status"": ""ok"", ""policy"": ""engineering"", ""diagnostic"": {""fits"": {""engineering"": {""status"": ""ok"", ""estimate"": {""log_gap"": -0.26267248612670735, ""beta"": 3.103503338086255, ""eta"": 1471.208606322381, ""gamma"": 569.3511150547022, ""objective"": 1.103074064531856e-27, ""raw_gap"": 768.9937121816919}, ""location_lower_raw"": 0.0, ""shape_bounds"": [0.1, 9.99], ""roots_found"": 1}, ""paper"": {""status"": ""ok"", ""estimate"": {""log_gap"": -0.26267248612670735, ""beta"": 3.103503338086255, ""eta"": 1471.208606322381, ""gamma"": 569.3511150547022, ""objective"": 1.103074064531856e-27, ""raw_gap"": 768.9937121816919}, ""location_lower_raw"": -2881.743696357045, ""shape_bounds"": [0.1, 15.0], ""roots_found"": 1}}, ""candidates"": [{""log_gap"": -0.26267248612670735, ""beta"": 3.103503338086255, ""eta"": 1471.208606322381, ""gamma"": 569.3511150547022, ""objective"": 1.103074064531856e-27, ""raw_gap"": 768.9937121816919}], ""log_gap_step"": 0.04, ""grid_points"": 440, ""finite_minimum_residual"": -0.3393218619038809, ""finite_minimum_gamma"": -2881.743696357045, ""limit_residual"": -0.44846374357156926, ""observed_monotone_decreasing"": true, ""observed_monotone_increasing"": false, ""local_extrema"": 0, ""searched_gamma_low"": -2881.743696357045, ""searched_gamma_high"": 1338.344727236394, ""no_global_nonexistence_proof"": true}}}",10,cad3545a896b22a24c08e3370ce977f41137ebeaa078212997bbb05ef0b4876e
2.0,1000.0,1000.0,7,74,cw_paper,cw_paper,3.103503338086255,1471.208606322381,569.3511150547022,0.0,True,8.90000956133008e-06,success,1.103503338086255,471.208606322381,-430.6488849452978,0.5517516690431274,0.471208606322381,-0.4306488849452978,"{""solution_info"": {""status"": ""ok"", ""policy"": ""paper"", ""diagnostic"": {""fits"": {""engineering"": {""status"": ""ok"", ""estimate"": {""log_gap"": -0.26267248612670735, ""beta"": 3.103503338086255, ""eta"": 1471.208606322381, ""gamma"": 569.3511150547022, ""objective"": 1.103074064531856e-27, ""raw_gap"": 768.9937121816919}, ""location_lower_raw"": 0.0, ""shape_bounds"": [0.1, 9.99], ""roots_found"": 1}, ""paper"": {""status"": ""ok"", ""estimate"": {""log_gap"": -0.26267248612670735, ""beta"": 3.103503338086255, ""eta"": 1471.208606322381, ""gamma"": 569.3511150547022, ""objective"": 1.103074064531856e-27, ""raw_gap"": 768.9937121816919}, ""location_lower_raw"": -2881.743696357045, ""shape_bounds"": [0.1, 15.0], ""roots_found"": 1}}, ""candidates"": [{""log_gap"": -0.26267248612670735, ""beta"": 3.103503338086255, ""eta"": 1471.208606322381, ""gamma"": 569.3511150547022, ""objective"": 1.103074064531856e-27, ""raw_gap"": 768.9937121816919}], ""log_gap_step"": 0.04, ""grid_points"": 440, ""finite_minimum_residual"": -0.3393218619038809, ""finite_minimum_gamma"": -2881.743696357045, ""limit_residual"": -0.44846374357156926, ""observed_monotone_decreasing"": true, ""observed_monotone_increasing"": false, ""local_extrema"": 0, ""searched_gamma_low"": -2881.743696357045, ""searched_gamma_high"": 1338.344727236394, ""no_global_nonexistence_proof"": true}}}",10,cad3545a896b22a24c08e3370ce977f41137ebeaa078212997bbb05ef0b4876e
2.0,1000.0,1000.0,7,75,cw_engineering,cw_engineering,1.352099605574057,642.8116654367552,1655.2956050457865,0.0,True,0.025701200007461,success,-0.6479003944259429,-357.1883345632448,655.2956050457865,-0.3239501972129714,-0.3571883345632448,0.6552956050457864,"{""solution_info"": {""status"": ""ok"", ""policy"": ""engineering"", ""diagnostic"": {""fits"": {""engineering"": {""status"": ""ok"", ""estimate"": {""log_gap"": -1.9310087894860224, ""beta"": 1.352099605574057, ""eta"": 642.8116654367552, ""gamma"": 1655.2956050457865, ""objective"": 6.409494854920721e-31, ""raw_gap"": 145.00184833773378}, ""location_lower_raw"": 0.0, ""shape_bounds"": [0.1, 9.99], ""roots_found"": 1}, ""paper"": {""status"": ""ok"", ""estimate"": {""log_gap"": -1.9310087894860224, ""beta"": 1.352099605574057, ""eta"": 642.8116654367552, ""gamma"": 1655.2956050457865, ""objective"": 6.409494854920721e-31, ""raw_gap"": 145.00184833773378}, ""location_lower_raw"": -2688.6311696927414, ""shape_bounds"": [0.1, 15.0], ""roots_found"": 1}}, ""candidates"": [{""log_gap"": -1.9310087894860224, ""beta"": 1.352099605574057, ""eta"": 642.8116654367552, ""gamma"": 1655.2956050457865, ""objective"": 6.409494854920721e-31, ""raw_gap"": 145.00184833773378}], ""log_gap_step"": 0.04, ""grid_points"": 442, ""finite_minimum_residual"": -0.5315625099856638, ""finite_minimum_gamma"": -2688.6311696927414, ""limit_residual"": -0.5693430720568398, ""observed_monotone_decreasing"": true, ""observed_monotone_increasing"": false, ""local_extrema"": 0, ""searched_gamma_low"": -2688.6311696927414, ""searched_gamma_high"": 1800.2973533835202, ""no_global_nonexistence_proof"": true}}}",10,20d07d0d5dae1ff1f8b32209f804867c8850c1d1f9f1a02d1b41eb1184ee8f7a
2.0,1000.0,1000.0,7,75,cw_paper,cw_paper,1.352099605574057,642.8116654367552,1655.2956050457865,0.0,True,8.100003469735384e-06,success,-0.6479003944259429,-357.1883345632448,655.2956050457865,-0.3239501972129714,-0.3571883345632448,0.6552956050457864,"{""solution_info"": {""status"": ""ok"", ""policy"": ""paper"", ""diagnostic"": {""fits"": {""engineering"": {""status"": ""ok"", ""estimate"": {""log_gap"": -1.9310087894860224, ""beta"": 1.352099605574057, ""eta"": 642.8116654367552, ""gamma"": 1655.2956050457865, ""objective"": 6.409494854920721e-31, ""raw_gap"": 145.00184833773378}, ""location_lower_raw"": 0.0, ""shape_bounds"": [0.1, 9.99], ""roots_found"": 1}, ""paper"": {""status"": ""ok"", ""estimate"": {""log_gap"": -1.9310087894860224, ""beta"": 1.352099605574057, ""eta"": 642.8116654367552, ""gamma"": 1655.2956050457865, ""objective"": 6.409494854920721e-31, ""raw_gap"": 145.00184833773378}, ""location_lower_raw"": -2688.6311696927414, ""shape_bounds"": [0.1, 15.0], ""roots_found"": 1}}, ""candidates"": [{""log_gap"": -1.9310087894860224, ""beta"": 1.352099605574057, ""eta"": 642.8116654367552, ""gamma"": 1655.2956050457865, ""objective"": 6.409494854920721e-31, ""raw_gap"": 145.00184833773378}], ""log_gap_step"": 0.04, ""grid_points"": 442, ""finite_minimum_residual"": -0.5315625099856638, ""finite_minimum_gamma"": -2688.6311696927414, ""limit_residual"": -0.5693430720568398, ""observed_monotone_decreasing"": true, ""observed_monotone_increasing"": false, ""local_extrema"": 0, ""searched_gamma_low"": -2688.6311696927414, ""searched_gamma_high"": 1800.2973533835202, ""no_global_nonexistence_proof"": true}}}",10,20d07d0d5dae1ff1f8b32209f804867c8850c1d1f9f1a02d1b41eb1184ee8f7a
2.0,1000.0,1000.0,7,76,cw_engineering,cw_engineering,,,,,False,0.0866231999825686,failure,,,,,,,"{""solution_info"": {""status"": ""no_root_after_dense_search"", ""policy"": ""engineering"", ""diagnostic"": {""fits"": {""engineering"": {""status"": ""no_root_after_dense_search"", ""estimate"": null, ""location_lower_raw"": 0.0, ""shape_bounds"": [0.1, 9.99], ""roots_found"": 0}, ""paper"": {""status"": ""no_root_after_dense_search"", ""estimate"": null, ""location_lower_raw"": -1358.9573850677932, ""shape_bounds"": [0.1, 15.0], ""roots_found"": 0}}, ""candidates"": [], ""log_gap_step"": 0.01, ""grid_points"": 2305, ""finite_minimum_residual"": 0.04206245092870953, ""finite_minimum_gamma"": -52715799641832.9, ""limit_residual"": 0.042062450925385964, ""observed_monotone_decreasing"": true, ""observed_monotone_increasing"": false, ""local_extrema"": 0, ""searched_gamma_low"": -52715799641832.9, ""searched_gamma_high"": 1332.6060508083588, ""no_global_nonexistence_proof"": true}}}",10,4765cfc7ac6dd58eddece5e77c34e84190357bb879d6f21b31c9685cb1b2e33e
2.0,1000.0,1000.0,7,76,cw_paper,cw_paper,,,,,False,8.800008799880743e-06,failure,,,,,,,"{""solution_info"": {""status"": ""no_root_after_dense_search"", ""policy"": ""paper"", ""diagnostic"": {""fits"": {""engineering"": {""status"": ""no_root_after_dense_search"", ""estimate"": null, ""location_lower_raw"": 0.0, ""shape_bounds"": [0.1, 9.99], ""roots_found"": 0}, ""paper"": {""status"": ""no_root_after_dense_search"", ""estimate"": null, ""location_lower_raw"": -1358.9573850677932, ""shape_bounds"": [0.1, 15.0], ""roots_found"": 0}}, ""candidates"": [], ""log_gap_step"": 0.01, ""grid_points"": 2305, ""finite_minimum_residual"": 0.04206245092870953, ""finite_minimum_gamma"": -52715799641832.9, ""limit_residual"": 0.042062450925385964, ""observed_monotone_decreasing"": true, ""observed_monotone_increasing"": false, ""local_extrema"": 0, ""searched_gamma_low"": -52715799641832.9, ""searched_gamma_high"": 1332.6060508083588, ""no_global_nonexistence_proof"": true}}}",10,4765cfc7ac6dd58eddece5e77c34e84190357bb879d6f21b31c9685cb1b2e33e
2.0,1000.0,1000.0,7,77,cw_engineering,cw_engineering,1.7965063273905175,786.2453493587585,1050.5520828874833,0.0,True,0.0210416000336408,success,-0.2034936726094822,-213.75465064124148,50.55208288748327,-0.1017468363047411,-0.2137546506412415,0.0505520828874832,"{""solution_info"": {""status"": ""ok"", ""policy"": ""engineering"", ""diagnostic"": {""fits"": {""engineering"": {""status"": ""ok"", ""estimate"": {""log_gap"": -1.361227597568487, ""beta"": 1.7965063273905177, ""eta"": 786.2453493587585, ""gamma"": 1050.5520828874833, ""objective"": 7.139191192250157e-29, ""raw_gap"": 256.34589412208476}, ""location_lower_raw"": 0.0, ""shape_bounds"": [0.1, 9.99], ""roots_found"": 1}, ""paper"": {""status"": ""ok"", ""estimate"": {""log_gap"": -1.361227597568487, ""beta"": 1.7965063273905177, ""eta"": 786.2453493587585, ""gamma"": 1050.5520828874833, ""objective"": 7.139191192250157e-29, ""raw_gap"": 256.34589412208476}, ""location_lower_raw"": -2778.7170084854797, ""shape_bounds"": [0.1, 15.0], ""roots_found"": 1}}, ""candidates"": [{""log_gap"": -1.361227597568487, ""beta"": 1.7965063273905177, ""eta"": 786.2453493587585, ""gamma"": 1050.5520828874833, ""objective"": 7.139191192250157e-29, ""raw_gap"": 256.34589412208476}], ""log_gap_step"": 0.04, ""grid_points"": 440, ""finite_minimum_residual"": -0.5300110725343881, ""finite_minimum_gamma"": -2778.71700848548, ""limit_residual"": -0.5999133662808422, ""observed_monotone_decreasing"": true, ""observed_monotone_increasing"": false, ""local_extrema"": 0, ""searched_gamma_low"": -2778.71700848548, ""searched_gamma_high"": 1306.8978770095678, ""no_global_nonexistence_proof"": true}}}",10,496c551388c0eef757f6c57dab42f79768d2de51e9ee4450375f3a2aef0cb3b4
2.0,1000.0,1000.0,7,77,cw_paper,cw_paper,1.7965063273905175,786.2453493587585,1050.5520828874833,0.0,True,6.599992047995329e-06,success,-0.2034936726094822,-213.75465064124148,50.55208288748327,-0.1017468363047411,-0.2137546506412415,0.0505520828874832,"{""solution_info"": {""status"": ""ok"", ""policy"": ""paper"", ""diagnostic"": {""fits"": {""engineering"": {""status"": ""ok"", ""estimate"": {""log_gap"": -1.361227597568487, ""beta"": 1.7965063273905177, ""eta"": 786.2453493587585, ""gamma"": 1050.5520828874833, ""objective"": 7.139191192250157e-29, ""raw_gap"": 256.34589412208476}, ""location_lower_raw"": 0.0, ""shape_bounds"": [0.1, 9.99], ""roots_found"": 1}, ""paper"": {""status"": ""ok"", ""estimate"": {""log_gap"": -1.361227597568487, ""beta"": 1.7965063273905177, ""eta"": 786.2453493587585, ""gamma"": 1050.5520828874833, ""objective"": 7.139191192250157e-29, ""raw_gap"": 256.34589412208476}, ""location_lower_raw"": -2778.7170084854797, ""shape_bounds"": [0.1, 15.0], ""roots_found"": 1}}, ""candidates"": [{""log_gap"": -1.361227597568487, ""beta"": 1.7965063273905177, ""eta"": 786.2453493587585, ""gamma"": 1050.5520828874833, ""objective"": 7.139191192250157e-29, ""raw_gap"": 256.34589412208476}], ""log_gap_step"": 0.04, ""grid_points"": 440, ""finite_minimum_residual"": -0.5300110725343881, ""finite_minimum_gamma"": -2778.71700848548, ""limit_residual"": -0.5999133662808422, ""observed_monotone_decreasing"": true, ""observed_monotone_increasing"": false, ""local_extrema"": 0, ""searched_gamma_low"": -2778.71700848548, ""searched_gamma_high"": 1306.8978770095678, ""no_global_nonexistence_proof"": true}}}",10,496c551388c0eef757f6c57dab42f79768d2de51e9ee4450375f3a2aef0cb3b4
2.0,1000.0,1000.0,7,78,cw_engineering,cw_engineering,1.7811450304062966,1176.9465457463525,882.4424883215489,0.0,True,0.0297864000312984,success,-0.2188549695937034,176.94654574635229,-117.55751167845108,-0.1094274847968517,0.1769465457463523,-0.117557511678451,"{""solution_info"": {""status"": ""ok"", ""policy"": ""engineering"", ""diagnostic"": {""fits"": {""engineering"": {""status"": ""ok"", ""estimate"": {""log_gap"": -0.9674835141275411, ""beta"": 1.7811450304062966, ""eta"": 1176.9465457463523, ""gamma"": 882.4424883215489, ""objective"": 7.124400050277263e-29, ""raw_gap"": 380.03819653055774}, ""location_lower_raw"": 0.0, ""shape_bounds"": [0.1, 9.99], ""roots_found"": 1}, ""paper"": {""status"": ""ok"", ""estimate"": {""log_gap"": -0.9674835141275411, ""beta"": 1.7811450304062966, ""eta"": 1176.9465457463523, ""gamma"": 882.4424883215489, ""objective"": 7.124400050277263e-29, ""raw_gap"": 380.03819653055774}, ""location_lower_raw"": -4855.95142947362, ""shape_bounds"": [0.1, 15.0], ""roots_found"": 1}}, ""candidates"": [{""log_gap"": -0.9674835141275411, ""beta"": 1.7811450304062966, ""eta"": 1176.9465457463523, ""gamma"": 882.4424883215489, ""objective"": 7.124400050277263e-29, ""raw_gap"": 380.03819653055774}], ""log_gap_step"": 0.04, ""grid_points"": 450, ""finite_minimum_residual"": -0.41652595899859723, ""finite_minimum_gamma"": -4855.951429473619, ""limit_residual"": -0.466003859739873, ""observed_monotone_decreasing"": true, ""observed_monotone_increasing"": false, ""local_extrema"": 0, ""searched_gamma_low"": -4855.951429473619, ""searched_gamma_high"": 1262.4805848521066, ""no_global_nonexistence_proof"": true}}}",10,6eab006462454b28eb28ae7a05fc25493d43c1ceed1bd0b577cf9779ac5d2467
2.0,1000.0,1000.0,7,78,cw_paper,cw_paper,1.7811450304062966,1176.9465457463525,882.4424883215489,0.0,True,1.0800024028867485e-05,success,-0.2188549695937034,176.94654574635229,-117.55751167845108,-0.1094274847968517,0.1769465457463523,-0.117557511678451,"{""solution_info"": {""status"": ""ok"", ""policy"": ""paper"", ""diagnostic"": {""fits"": {""engineering"": {""status"": ""ok"", ""estimate"": {""log_gap"": -0.9674835141275411, ""beta"": 1.7811450304062966, ""eta"": 1176.9465457463523, ""gamma"": 882.4424883215489, ""objective"": 7.124400050277263e-29, ""raw_gap"": 380.03819653055774}, ""location_lower_raw"": 0.0, ""shape_bounds"": [0.1, 9.99], ""roots_found"": 1}, ""paper"": {""status"": ""ok"", ""estimate"": {""log_gap"": -0.9674835141275411, ""beta"": 1.7811450304062966, ""eta"": 1176.9465457463523, ""gamma"": 882.4424883215489, ""objective"": 7.124400050277263e-29, ""raw_gap"": 380.03819653055774}, ""location_lower_raw"": -4855.95142947362, ""shape_bounds"": [0.1, 15.0], ""roots_found"": 1}}, ""candidates"": [{""log_gap"": -0.9674835141275411, ""beta"": 1.7811450304062966, ""eta"": 1176.9465457463523, ""gamma"": 882.4424883215489, ""objective"": 7.124400050277263e-29, ""raw_gap"": 380.03819653055774}], ""log_gap_step"": 0.04, ""grid_points"": 450, ""finite_minimum_residual"": -0.41652595899859723, ""finite_minimum_gamma"": -4855.951429473619, ""limit_residual"": -0.466003859739873, ""observed_monotone_decreasing"": true, ""observed_monotone_increasing"": false, ""local_extrema"": 0, ""searched_gamma_low"": -4855.951429473619, ""searched_gamma_high"": 1262.4805848521066, ""no_global_nonexistence_proof"": true}}}",10,6eab006462454b28eb28ae7a05fc25493d43c1ceed1bd0b577cf9779ac5d2467
2.0,1000.0,1000.0,7,79,cw_engineering,cw_engineering,,,,,False,0.1475089999730698,failure,,,,,,,"{""solution_info"": {""status"": ""no_root_after_dense_search"", ""policy"": ""engineering"", ""diagnostic"": {""fits"": {""engineering"": {""status"": ""no_root_after_dense_search"", ""estimate"": null, ""location_lower_raw"": 0.0, ""shape_bounds"": [0.1, 9.99], ""roots_found"": 0}, ""paper"": {""status"": ""no_root_after_dense_search"", ""estimate"": null, ""location_lower_raw"": -5488.306590448787, ""shape_bounds"": [0.1, 15.0], ""roots_found"": 0}}, ""candidates"": [], ""log_gap_step"": 0.01, ""grid_points"": 2394, ""finite_minimum_residual"": 0.23294578931301535, ""finite_minimum_gamma"": -124491325547424.8, ""limit_residual"": 0.23294578931010212, ""observed_monotone_decreasing"": true, ""observed_monotone_increasing"": false, ""local_extrema"": 0, ""searched_gamma_low"": -124491325547424.8, ""searched_gamma_high"": 1118.6385650719315, ""no_global_nonexistence_proof"": true}}}",10,d060a02e84370d204f16e3989e057046252cc12140f78a553b6bc11dfd5947ff
2.0,1000.0,1000.0,7,79,cw_paper,cw_paper,,,,,False,6.89999433234334e-06,failure,,,,,,,"{""solution_info"": {""status"": ""no_root_after_dense_search"", ""policy"": ""paper"", ""diagnostic"": {""fits"": {""engineering"": {""status"": ""no_root_after_dense_search"", ""estimate"": null, ""location_lower_raw"": 0.0, ""shape_bounds"": [0.1, 9.99], ""roots_found"": 0}, ""paper"": {""status"": ""no_root_after_dense_search"", ""estimate"": null, ""location_lower_raw"": -5488.306590448787, ""shape_bounds"": [0.1, 15.0], ""roots_found"": 0}}, ""candidates"": [], ""log_gap_step"": 0.01, ""grid_points"": 2394, ""finite_minimum_residual"": 0.23294578931301535, ""finite_minimum_gamma"": -124491325547424.8, ""limit_residual"": 0.23294578931010212, ""observed_monotone_decreasing"": true, ""observed_monotone_increasing"": false, ""local_extrema"": 0, ""searched_gamma_low"": -124491325547424.8, ""searched_gamma_high"": 1118.6385650719315, ""no_global_nonexistence_proof"": true}}}",10,d060a02e84370d204f16e3989e057046252cc12140f78a553b6bc11dfd5947ff
2.0,1000.0,1000.0,7,80,cw_engineering,cw_engineering,,,,,False,0.0569572999957017,failure,,,,,,,"{""solution_info"": {""status"": ""no_root_after_dense_search"", ""policy"": ""engineering"", ""diagnostic"": {""fits"": {""engineering"": {""status"": ""no_root_after_dense_search"", ""estimate"": null, ""location_lower_raw"": 0.0, ""shape_bounds"": [0.1, 9.99], ""roots_found"": 0}, ""paper"": {""status"": ""no_root_after_dense_search"", ""estimate"": null, ""location_lower_raw"": -2881.676149931521, ""shape_bounds"": [0.1, 15.0], ""roots_found"": 0}}, ""candidates"": [], ""log_gap_step"": 0.01, ""grid_points"": 2347, ""finite_minimum_residual"": 0.014356952802220047, ""finite_minimum_gamma"": -87768079116637.44, ""limit_residual"": 0.014356952797109468, ""observed_monotone_decreasing"": true, ""observed_monotone_increasing"": false, ""local_extrema"": 0, ""searched_gamma_low"": -87768079116637.44, ""searched_gamma_high"": 1065.766088555503, ""no_global_nonexistence_proof"": true}}}",10,83d4bd597271f36d879ffaf28fdcdc575a78ea7f877c7f489386529381e64bf3
2.0,1000.0,1000.0,7,80,cw_paper,cw_paper,,,,,False,7.299997378140688e-06,failure,,,,,,,"{""solution_info"": {""status"": ""no_root_after_dense_search"", ""policy"": ""paper"", ""diagnostic"": {""fits"": {""engineering"": {""status"": ""no_root_after_dense_search"", ""estimate"": null, ""location_lower_raw"": 0.0, ""shape_bounds"": [0.1, 9.99], ""roots_found"": 0}, ""paper"": {""status"": ""no_root_after_dense_search"", ""estimate"": null, ""location_lower_raw"": -2881.676149931521, ""shape_bounds"": [0.1, 15.0], ""roots_found"": 0}}, ""candidates"": [], ""log_gap_step"": 0.01, ""grid_points"": 2347, ""finite_minimum_residual"": 0.014356952802220047, ""finite_minimum_gamma"": -87768079116637.44, ""limit_residual"": 0.014356952797109468, ""observed_monotone_decreasing"": true, ""observed_monotone_increasing"": false, ""local_extrema"": 0, ""searched_gamma_low"": -87768079116637.44, ""searched_gamma_high"": 1065.766088555503, ""no_global_nonexistence_proof"": true}}}",10,83d4bd597271f36d879ffaf28fdcdc575a78ea7f877c7f489386529381e64bf3
2.0,1000.0,1000.0,7,81,cw_engineering,cw_engineering,,,,,False,0.0461377000319771,failure,,,,,,,"{""solution_info"": {""status"": ""no_root_after_dense_search"", ""policy"": ""engineering"", ""diagnostic"": {""fits"": {""engineering"": {""status"": ""no_root_after_dense_search"", ""estimate"": null, ""location_lower_raw"": 0.0, ""shape_bounds"": [0.1, 9.99], ""roots_found"": 0}, ""paper"": {""status"": ""no_root_after_dense_search"", ""estimate"": null, ""location_lower_raw"": -1567.2473196226458, ""shape_bounds"": [0.1, 15.0], ""roots_found"": 0}}, ""candidates"": [], ""log_gap_step"": 0.01, ""grid_points"": 2314, ""finite_minimum_residual"": 0.04828515567971303, ""finite_minimum_gamma"": -67110765735688.29, ""limit_residual"": 0.048285155673549074, ""observed_monotone_decreasing"": true, ""observed_monotone_increasing"": false, ""local_extrema"": 0, ""searched_gamma_low"": -67110765735688.29, ""searched_gamma_high"": 1233.329965892451, ""no_global_nonexistence_proof"": true}}}",10,799571be9e1aeab964c2af449dbff9b120c41b05dacf51945d9fe01b3dfd8e9c
2.0,1000.0,1000.0,7,81,cw_paper,cw_paper,,,,,False,7.700000423938036e-06,failure,,,,,,,"{""solution_info"": {""status"": ""no_root_after_dense_search"", ""policy"": ""paper"", ""diagnostic"": {""fits"": {""engineering"": {""status"": ""no_root_after_dense_search"", ""estimate"": null, ""location_lower_raw"": 0.0, ""shape_bounds"": [0.1, 9.99], ""roots_found"": 0}, ""paper"": {""status"": ""no_root_after_dense_search"", ""estimate"": null, ""location_lower_raw"": -1567.2473196226458, ""shape_bounds"": [0.1, 15.0], ""roots_found"": 0}}, ""candidates"": [], ""log_gap_step"": 0.01, ""grid_points"": 2314, ""finite_minimum_residual"": 0.04828515567971303, ""finite_minimum_gamma"": -67110765735688.29, ""limit_residual"": 0.048285155673549074, ""observed_monotone_decreasing"": true, ""observed_monotone_increasing"": false, ""local_extrema"": 0, ""searched_gamma_low"": -67110765735688.29, ""searched_gamma_high"": 1233.329965892451, ""no_global_nonexistence_proof"": true}}}",10,799571be9e1aeab964c2af449dbff9b120c41b05dacf51945d9fe01b3dfd8e9c
2.0,1000.0,1000.0,7,82,cw_engineering,cw_engineering,2.3656601914084248,1078.0317352511113,801.4070303940255,0.0,True,0.0249388999654911,success,0.3656601914084247,78.03173525111129,-198.59296960597453,0.1828300957042123,0.0780317352511112,-0.1985929696059745,"{""solution_info"": {""status"": ""ok"", ""policy"": ""engineering"", ""diagnostic"": {""fits"": {""engineering"": {""status"": ""ok"", ""estimate"": {""log_gap"": -0.7759653247334889, ""beta"": 2.3656601914084248, ""eta"": 1078.0317352511113, ""gamma"": 801.4070303940255, ""objective"": 3.885139958213483e-29, ""raw_gap"": 460.25926682913536}, ""location_lower_raw"": 0.0, ""shape_bounds"": [0.1, 9.99], ""roots_found"": 1}, ""paper"": {""status"": ""ok"", ""estimate"": {""log_gap"": -0.7759653247334889, ""beta"": 2.3656601914084248, ""eta"": 1078.0317352511113, ""gamma"": 801.4070303940255, ""objective"": 3.885139958213483e-29, ""raw_gap"": 460.25926682913536}, ""location_lower_raw"": -2866.49849475061, ""shape_bounds"": [0.1, 15.0], ""roots_found"": 1}}, ""candidates"": [{""log_gap"": -0.7759653247334889, ""beta"": 2.3656601914084248, ""eta"": 1078.0317352511113, ""gamma"": 801.4070303940255, ""objective"": 3.885139958213483e-29, ""raw_gap"": 460.25926682913536}], ""log_gap_step"": 0.04, ""grid_points"": 440, ""finite_minimum_residual"": -0.4584030755653161, ""finite_minimum_gamma"": -2866.4984947506105, ""limit_residual"": -0.5523607313430545, ""observed_monotone_decreasing"": true, ""observed_monotone_increasing"": false, ""local_extrema"": 0, ""searched_gamma_low"": -2866.4984947506105, ""searched_gamma_high"": 1261.666197223161, ""no_global_nonexistence_proof"": true}}}",10,f316ee633bbc72984b1038053c13e310a1d3749689656a3d5284425c3b67fe0f
2.0,1000.0,1000.0,7,82,cw_paper,cw_paper,2.3656601914084248,1078.0317352511113,801.4070303940255,0.0,True,7.800001185387373e-06,success,0.3656601914084247,78.03173525111129,-198.59296960597453,0.1828300957042123,0.0780317352511112,-0.1985929696059745,"{""solution_info"": {""status"": ""ok"", ""policy"": ""paper"", ""diagnostic"": {""fits"": {""engineering"": {""status"": ""ok"", ""estimate"": {""log_gap"": -0.7759653247334889, ""beta"": 2.3656601914084248, ""eta"": 1078.0317352511113, ""gamma"": 801.4070303940255, ""objective"": 3.885139958213483e-29, ""raw_gap"": 460.25926682913536}, ""location_lower_raw"": 0.0, ""shape_bounds"": [0.1, 9.99], ""roots_found"": 1}, ""paper"": {""status"": ""ok"", ""estimate"": {""log_gap"": -0.7759653247334889, ""beta"": 2.3656601914084248, ""eta"": 1078.0317352511113, ""gamma"": 801.4070303940255, ""objective"": 3.885139958213483e-29, ""raw_gap"": 460.25926682913536}, ""location_lower_raw"": -2866.49849475061, ""shape_bounds"": [0.1, 15.0], ""roots_found"": 1}}, ""candidates"": [{""log_gap"": -0.7759653247334889, ""beta"": 2.3656601914084248, ""eta"": 1078.0317352511113, ""gamma"": 801.4070303940255, ""objective"": 3.885139958213483e-29, ""raw_gap"": 460.25926682913536}], ""log_gap_step"": 0.04, ""grid_points"": 440, ""finite_minimum_residual"": -0.4584030755653161, ""finite_minimum_gamma"": -2866.4984947506105, ""limit_residual"": -0.5523607313430545, ""observed_monotone_decreasing"": true, ""observed_monotone_increasing"": false, ""local_extrema"": 0, ""searched_gamma_low"": -2866.4984947506105, ""searched_gamma_high"": 1261.666197223161, ""no_global_nonexistence_proof"": true}}}",10,f316ee633bbc72984b1038053c13e310a1d3749689656a3d5284425c3b67fe0f
2.0,1000.0,1000.0,7,83,cw_engineering,cw_engineering,2.777347537207005,903.3643781919976,943.6458527204834,0.0,True,0.0232527999905869,success,0.7773475372070049,-96.63562180800228,-56.35414727951661,0.3886737686035024,-0.0966356218080022,-0.0563541472795166,"{""solution_info"": {""status"": ""ok"", ""policy"": ""engineering"", ""diagnostic"": {""fits"": {""engineering"": {""status"": ""ok"", ""estimate"": {""log_gap"": -0.8265722954208845, ""beta"": 2.777347537207005, ""eta"": 903.3643781919977, ""gamma"": 943.6458527204834, ""objective"": 3.944304526105059e-31, ""raw_gap"": 437.54649899242844}, ""location_lower_raw"": 0.0, ""shape_bounds"": [0.1, 9.99], ""roots_found"": 1}, ""paper"": {""status"": ""ok"", ""estimate"": {""log_gap"": -0.8265722954208845, ""beta"": 2.777347537207005, ""eta"": 903.3643781919977, ""gamma"": 943.6458527204834, ""objective"": 3.944304526105059e-31, ""raw_gap"": 437.54649899242844}, ""location_lower_raw"": -1589.1423517148373, ""shape_bounds"": [0.1, 15.0], ""roots_found"": 1}}, ""candidates"": [{""log_gap"": -0.8265722954208845, ""beta"": 2.777347537207005, ""eta"": 903.3643781919977, ""gamma"": 943.6458527204834, ""objective"": 3.944304526105059e-31, ""raw_gap"": 437.54649899242844}], ""log_gap_step"": 0.04, ""grid_points"": 432, ""finite_minimum_residual"": -0.34307314675932266, ""finite_minimum_gamma"": -1589.1423517148373, ""limit_residual"": -0.43902004565008945, ""observed_monotone_decreasing"": true, ""observed_monotone_increasing"": false, ""local_extrema"": 0, ""searched_gamma_low"": -1589.1423517148373, ""searched_gamma_high"": 1381.192251712912, ""no_global_nonexistence_proof"": true}}}",10,9a7486ea7a2540f2a5e3ed742b83cdfc2e431ba0072b6bb7336917f44944767d
2.0,1000.0,1000.0,7,83,cw_paper,cw_paper,2.777347537207005,903.3643781919976,943.6458527204834,0.0,True,7.90000194683671e-06,success,0.7773475372070049,-96.63562180800228,-56.35414727951661,0.3886737686035024,-0.0966356218080022,-0.0563541472795166,"{""solution_info"": {""status"": ""ok"", ""policy"": ""paper"", ""diagnostic"": {""fits"": {""engineering"": {""status"": ""ok"", ""estimate"": {""log_gap"": -0.8265722954208845, ""beta"": 2.777347537207005, ""eta"": 903.3643781919977, ""gamma"": 943.6458527204834, ""objective"": 3.944304526105059e-31, ""raw_gap"": 437.54649899242844}, ""location_lower_raw"": 0.0, ""shape_bounds"": [0.1, 9.99], ""roots_found"": 1}, ""paper"": {""status"": ""ok"", ""estimate"": {""log_gap"": -0.8265722954208845, ""beta"": 2.777347537207005, ""eta"": 903.3643781919977, ""gamma"": 943.6458527204834, ""objective"": 3.944304526105059e-31, ""raw_gap"": 437.54649899242844}, ""location_lower_raw"": -1589.1423517148373, ""shape_bounds"": [0.1, 15.0], ""roots_found"": 1}}, ""candidates"": [{""log_gap"": -0.8265722954208845, ""beta"": 2.777347537207005, ""eta"": 903.3643781919977, ""gamma"": 943.6458527204834, ""objective"": 3.944304526105059e-31, ""raw_gap"": 437.54649899242844}], ""log_gap_step"": 0.04, ""grid_points"": 432, ""finite_minimum_residual"": -0.34307314675932266, ""finite_minimum_gamma"": -1589.1423517148373, ""limit_residual"": -0.43902004565008945, ""observed_monotone_decreasing"": true, ""observed_monotone_increasing"": false, ""local_extrema"": 0, ""searched_gamma_low"": -1589.1423517148373, ""searched_gamma_high"": 1381.192251712912, ""no_global_nonexistence_proof"": true}}}",10,9a7486ea7a2540f2a5e3ed742b83cdfc2e431ba0072b6bb7336917f44944767d
2.0,1000.0,1000.0,7,84,cw_engineering,cw_engineering,,,,,False,0.0883065999951213,failure,,,,,,,"{""solution_info"": {""status"": ""outside_declared_domain_root"", ""policy"": ""engineering"", ""diagnostic"": {""fits"": {""engineering"": {""status"": ""outside_declared_domain_root"", ""estimate"": null, ""location_lower_raw"": 0.0, ""shape_bounds"": [0.1, 9.99], ""roots_found"": 1}, ""paper"": {""status"": ""outside_declared_domain_root"", ""estimate"": null, ""location_lower_raw"": -1753.2063949864025, ""shape_bounds"": [0.1, 15.0], ""roots_found"": 1}}, ""candidates"": [{""log_gap"": 1.1476411350807336, ""beta"": 11.218088711591342, ""eta"": 3770.1726224564363, ""gamma"": -1995.6937326045204, ""objective"": 4.378572454429226e-27, ""raw_gap"": 3150.751938799705}], ""log_gap_step"": 0.01, ""grid_points"": 2321, ""finite_minimum_residual"": -0.14695106352611842, ""finite_minimum_gamma"": -78824534300521.58, ""limit_residual"": -0.14695106353200083, ""observed_monotone_decreasing"": true, ""observed_monotone_increasing"": false, ""local_extrema"": 0, ""searched_gamma_low"": -78824534300521.58, ""searched_gamma_high"": 1155.0581061951843, ""no_global_nonexistence_proof"": true}}}",10,875565d14f88745fa1d4891f4d0b13c121e60bceae4bf881580bc4c2ee8f7625
2.0,1000.0,1000.0,7,84,cw_paper,cw_paper,,,,,False,8.200004231184721e-06,failure,,,,,,,"{""solution_info"": {""status"": ""outside_declared_domain_root"", ""policy"": ""paper"", ""diagnostic"": {""fits"": {""engineering"": {""status"": ""outside_declared_domain_root"", ""estimate"": null, ""location_lower_raw"": 0.0, ""shape_bounds"": [0.1, 9.99], ""roots_found"": 1}, ""paper"": {""status"": ""outside_declared_domain_root"", ""estimate"": null, ""location_lower_raw"": -1753.2063949864025, ""shape_bounds"": [0.1, 15.0], ""roots_found"": 1}}, ""candidates"": [{""log_gap"": 1.1476411350807336, ""beta"": 11.218088711591342, ""eta"": 3770.1726224564363, ""gamma"": -1995.6937326045204, ""objective"": 4.378572454429226e-27, ""raw_gap"": 3150.751938799705}], ""log_gap_step"": 0.01, ""grid_points"": 2321, ""finite_minimum_residual"": -0.14695106352611842, ""finite_minimum_gamma"": -78824534300521.58, ""limit_residual"": -0.14695106353200083, ""observed_monotone_decreasing"": true, ""observed_monotone_increasing"": false, ""local_extrema"": 0, ""searched_gamma_low"": -78824534300521.58, ""searched_gamma_high"": 1155.0581061951843, ""no_global_nonexistence_proof"": true}}}",10,875565d14f88745fa1d4891f4d0b13c121e60bceae4bf881580bc4c2ee8f7625
2.0,1000.0,1000.0,7,85,cw_engineering,cw_engineering,2.35646204315226,1180.1201848855717,923.514281032103,0.0,True,0.0210239999578334,success,0.3564620431522596,180.12018488557146,-76.48571896789701,0.1782310215761298,0.1801201848855714,-0.076485718967897,"{""solution_info"": {""status"": ""ok"", ""policy"": ""engineering"", ""diagnostic"": {""fits"": {""engineering"": {""status"": ""ok"", ""estimate"": {""log_gap"": -0.6888081196503554, ""beta"": 2.3564620431522596, ""eta"": 1180.1201848855715, ""gamma"": 923.514281032103, ""objective"": 5.374114916818143e-30, ""raw_gap"": 502.17424413236813}, ""location_lower_raw"": 0.0, ""shape_bounds"": [0.1, 9.99], ""roots_found"": 1}, ""paper"": {""status"": ""ok"", ""estimate"": {""log_gap"": -0.6888081196503554, ""beta"": 2.3564620431522596, ""eta"": 1180.1201848855715, ""gamma"": 923.514281032103, ""objective"": 5.374114916818143e-30, ""raw_gap"": 502.17424413236813}, ""location_lower_raw"": -3128.6862482669367, ""shape_bounds"": [0.1, 15.0], ""roots_found"": 1}}, ""candidates"": [{""log_gap"": -0.6888081196503554, ""beta"": 2.3564620431522596, ""eta"": 1180.1201848855715, ""gamma"": 923.514281032103, ""objective"": 5.374114916818143e-30, ""raw_gap"": 502.17424413236813}], ""log_gap_step"": 0.04, ""grid_points"": 442, ""finite_minimum_residual"": -0.4431376481237599, ""finite_minimum_gamma"": -3128.6862482669367, ""limit_residual"": -0.5348782413610953, ""observed_monotone_decreasing"": true, ""observed_monotone_increasing"": false, ""local_extrema"": 0, ""searched_gamma_low"": -3128.6862482669367, ""searched_gamma_high"": 1425.688425164471, ""no_global_nonexistence_proof"": true}}}",10,06447ff3b97bce972025197966ceeb207c037c843570665967a0234f7664b02d
2.0,1000.0,1000.0,7,85,cw_paper,cw_paper,2.35646204315226,1180.1201848855717,923.514281032103,0.0,True,7.199996616691351e-06,success,0.3564620431522596,180.12018488557146,-76.48571896789701,0.1782310215761298,0.1801201848855714,-0.076485718967897,"{""solution_info"": {""status"": ""ok"", ""policy"": ""paper"", ""diagnostic"": {""fits"": {""engineering"": {""status"": ""ok"", ""estimate"": {""log_gap"": -0.6888081196503554, ""beta"": 2.3564620431522596, ""eta"": 1180.1201848855715, ""gamma"": 923.514281032103, ""objective"": 5.374114916818143e-30, ""raw_gap"": 502.17424413236813}, ""location_lower_raw"": 0.0, ""shape_bounds"": [0.1, 9.99], ""roots_found"": 1}, ""paper"": {""status"": ""ok"", ""estimate"": {""log_gap"": -0.6888081196503554, ""beta"": 2.3564620431522596, ""eta"": 1180.1201848855715, ""gamma"": 923.514281032103, ""objective"": 5.374114916818143e-30, ""raw_gap"": 502.17424413236813}, ""location_lower_raw"": -3128.6862482669367, ""shape_bounds"": [0.1, 15.0], ""roots_found"": 1}}, ""candidates"": [{""log_gap"": -0.6888081196503554, ""beta"": 2.3564620431522596, ""eta"": 1180.1201848855715, ""gamma"": 923.514281032103, ""objective"": 5.374114916818143e-30, ""raw_gap"": 502.17424413236813}], ""log_gap_step"": 0.04, ""grid_points"": 442, ""finite_minimum_residual"": -0.4431376481237599, ""finite_minimum_gamma"": -3128.6862482669367, ""limit_residual"": -0.5348782413610953, ""observed_monotone_decreasing"": true, ""observed_monotone_increasing"": false, ""local_extrema"": 0, ""searched_gamma_low"": -3128.6862482669367, ""searched_gamma_high"": 1425.688425164471, ""no_global_nonexistence_proof"": true}}}",10,06447ff3b97bce972025197966ceeb207c037c843570665967a0234f7664b02d
2.0,1000.0,1000.0,7,86,cw_engineering,cw_engineering,,,,,False,0.1278858999721706,failure,,,,,,,"{""solution_info"": {""status"": ""no_root_after_dense_search"", ""policy"": ""engineering"", ""diagnostic"": {""fits"": {""engineering"": {""status"": ""no_root_after_dense_search"", ""estimate"": null, ""location_lower_raw"": 0.0, ""shape_bounds"": [0.1, 9.99], ""roots_found"": 0}, ""paper"": {""status"": ""no_root_after_dense_search"", ""estimate"": null, ""location_lower_raw"": -225.11760269369807, ""shape_bounds"": [0.1, 15.0], ""roots_found"": 0}}, ""candidates"": [], ""log_gap_step"": 0.01, ""grid_points"": 2249, ""finite_minimum_residual"": 0.5885082891687676, ""finite_minimum_gamma"": -37799202575609.27, ""limit_residual"": 0.5885082891600688, ""observed_monotone_decreasing"": true, ""observed_monotone_increasing"": false, ""local_extrema"": 0, ""searched_gamma_low"": -37799202575609.27, ""searched_gamma_high"": 1187.2669961755307, ""no_global_nonexistence_proof"": true}}}",10,8e3bcc2e00a5d92b5281eb1054343e00161a2b6c97c853b49d2e9b50014318bc
2.0,1000.0,1000.0,7,86,cw_paper,cw_paper,,,,,False,1.0999967344105244e-05,failure,,,,,,,"{""solution_info"": {""status"": ""no_root_after_dense_search"", ""policy"": ""paper"", ""diagnostic"": {""fits"": {""engineering"": {""status"": ""no_root_after_dense_search"", ""estimate"": null, ""location_lower_raw"": 0.0, ""shape_bounds"": [0.1, 9.99], ""roots_found"": 0}, ""paper"": {""status"": ""no_root_after_dense_search"", ""estimate"": null, ""location_lower_raw"": -225.11760269369807, ""shape_bounds"": [0.1, 15.0], ""roots_found"": 0}}, ""candidates"": [], ""log_gap_step"": 0.01, ""grid_points"": 2249, ""finite_minimum_residual"": 0.5885082891687676, ""finite_minimum_gamma"": -37799202575609.27, ""limit_residual"": 0.5885082891600688, ""observed_monotone_decreasing"": true, ""observed_monotone_increasing"": false, ""local_extrema"": 0, ""searched_gamma_low"": -37799202575609.27, ""searched_gamma_high"": 1187.2669961755307, ""no_global_nonexistence_proof"": true}}}",10,8e3bcc2e00a5d92b5281eb1054343e00161a2b6c97c853b49d2e9b50014318bc
2.0,1000.0,1000.0,7,87,cw_engineering,cw_engineering,2.415303484283553,1270.1276984304843,725.8722059711451,0.0,True,0.029297100030817,success,0.4153034842835534,270.1276984304843,-274.12779402885485,0.2076517421417767,0.2701276984304843,-0.2741277940288548,"{""solution_info"": {""status"": ""ok"", ""policy"": ""engineering"", ""diagnostic"": {""fits"": {""engineering"": {""status"": ""ok"", ""estimate"": {""log_gap"": -0.5944915363431331, ""beta"": 2.4153034842835535, ""eta"": 1270.1276984304843, ""gamma"": 725.8722059711451, ""objective"": 1.9488808663485097e-27, ""raw_gap"": 551.8430866983417}, ""location_lower_raw"": 0.0, ""shape_bounds"": [0.1, 9.99], ""roots_found"": 1}, ""paper"": {""status"": ""ok"", ""estimate"": {""log_gap"": -0.5944915363431331, ""beta"": 2.4153034842835535, ""eta"": 1270.1276984304843, ""gamma"": 725.8722059711451, ""objective"": 1.9488808663485097e-27, ""raw_gap"": 551.8430866983417}, ""location_lower_raw"": -3455.9128759514538, ""shape_bounds"": [0.1, 15.0], ""roots_found"": 1}}, ""candidates"": [{""log_gap"": -0.5944915363431331, ""beta"": 2.4153034842835535, ""eta"": 1270.1276984304843, ""gamma"": 725.8722059711451, ""objective"": 1.9488808663485097e-27, ""raw_gap"": 551.8430866983417}], ""log_gap_step"": 0.04, ""grid_points"": 443, ""finite_minimum_residual"": -0.46570476792490356, ""finite_minimum_gamma"": -3455.912875951454, ""limit_residual"": -0.5634365405091539, ""observed_monotone_decreasing"": true, ""observed_monotone_increasing"": false, ""local_extrema"": 0, ""searched_gamma_low"": -3455.912875951454, ""searched_gamma_high"": 1277.7151926694867, ""no_global_nonexistence_proof"": true}}}",10,c8d388c8145b24768ccb6fefea62277664b9359de8bb3bcffc9451a3141c8ea2
2.0,1000.0,1000.0,7,87,cw_paper,cw_paper,2.415303484283553,1270.1276984304843,725.8722059711451,0.0,True,9.800016414374111e-06,success,0.4153034842835534,270.1276984304843,-274.12779402885485,0.2076517421417767,0.2701276984304843,-0.2741277940288548,"{""solution_info"": {""status"": ""ok"", ""policy"": ""paper"", ""diagnostic"": {""fits"": {""engineering"": {""status"": ""ok"", ""estimate"": {""log_gap"": -0.5944915363431331, ""beta"": 2.4153034842835535, ""eta"": 1270.1276984304843, ""gamma"": 725.8722059711451, ""objective"": 1.9488808663485097e-27, ""raw_gap"": 551.8430866983417}, ""location_lower_raw"": 0.0, ""shape_bounds"": [0.1, 9.99], ""roots_found"": 1}, ""paper"": {""status"": ""ok"", ""estimate"": {""log_gap"": -0.5944915363431331, ""beta"": 2.4153034842835535, ""eta"": 1270.1276984304843, ""gamma"": 725.8722059711451, ""objective"": 1.9488808663485097e-27, ""raw_gap"": 551.8430866983417}, ""location_lower_raw"": -3455.9128759514538, ""shape_bounds"": [0.1, 15.0], ""roots_found"": 1}}, ""candidates"": [{""log_gap"": -0.5944915363431331, ""beta"": 2.4153034842835535, ""eta"": 1270.1276984304843, ""gamma"": 725.8722059711451, ""objective"": 1.9488808663485097e-27, ""raw_gap"": 551.8430866983417}], ""log_gap_step"": 0.04, ""grid_points"": 443, ""finite_minimum_residual"": -0.46570476792490356, ""finite_minimum_gamma"": -3455.912875951454, ""limit_residual"": -0.5634365405091539, ""observed_monotone_decreasing"": true, ""observed_monotone_increasing"": false, ""local_extrema"": 0, ""searched_gamma_low"": -3455.912875951454, ""searched_gamma_high"": 1277.7151926694867, ""no_global_nonexistence_proof"": true}}}",10,c8d388c8145b24768ccb6fefea62277664b9359de8bb3bcffc9451a3141c8ea2
2.0,1000.0,1000.0,7,88,cw_engineering,cw_engineering,,,,,False,0.131738000025507,failure,,,,,,,"{""solution_info"": {""status"": ""outside_declared_domain_root"", ""policy"": ""engineering"", ""diagnostic"": {""fits"": {""engineering"": {""status"": ""outside_declared_domain_root"", ""estimate"": null, ""location_lower_raw"": 0.0, ""shape_bounds"": [0.1, 9.99], ""roots_found"": 1}, ""paper"": {""status"": ""ok"", ""estimate"": {""log_gap"": 0.5719953791160216, ""beta"": 4.225626451332719, ""eta"": 2853.2923271124855, ""gamma"": -688.8796485403443, ""objective"": 1.9721522630525295e-30, ""raw_gap"": 1771.7989371333365}, ""location_lower_raw"": -5216.328331424906, ""shape_bounds"": [0.1, 15.0], ""roots_found"": 1}}, ""candidates"": [{""log_gap"": 0.5719953791160216, ""beta"": 4.225626451332719, ""eta"": 2853.2923271124855, ""gamma"": -688.8796485403443, ""objective"": 1.9721522630525295e-30, ""raw_gap"": 1771.7989371333365}], ""log_gap_step"": 0.01, ""grid_points"": 2394, ""finite_minimum_residual"": -0.2835222642268491, ""finite_minimum_gamma"": -146701079770710.5, ""limit_residual"": -0.283522264231596, ""observed_monotone_decreasing"": true, ""observed_monotone_increasing"": false, ""local_extrema"": 0, ""searched_gamma_low"": -146701079770710.5, ""searched_gamma_high"": 1082.919188592992, ""no_global_nonexistence_proof"": true}}}",10,da5e5a3734da777dbfabdbc0c5121bdb252bf7b5a022b926396055c8ba412823
2.0,1000.0,1000.0,7,88,cw_paper,cw_paper,4.225626451332719,2853.292327112485,-688.8796485403443,0.0,True,8.400005754083395e-06,success,2.225626451332719,1853.2923271124853,-1688.8796485403443,1.1128132256663594,1.8532923271124853,-1.6888796485403443,"{""solution_info"": {""status"": ""ok"", ""policy"": ""paper"", ""diagnostic"": {""fits"": {""engineering"": {""status"": ""outside_declared_domain_root"", ""estimate"": null, ""location_lower_raw"": 0.0, ""shape_bounds"": [0.1, 9.99], ""roots_found"": 1}, ""paper"": {""status"": ""ok"", ""estimate"": {""log_gap"": 0.5719953791160216, ""beta"": 4.225626451332719, ""eta"": 2853.2923271124855, ""gamma"": -688.8796485403443, ""objective"": 1.9721522630525295e-30, ""raw_gap"": 1771.7989371333365}, ""location_lower_raw"": -5216.328331424906, ""shape_bounds"": [0.1, 15.0], ""roots_found"": 1}}, ""candidates"": [{""log_gap"": 0.5719953791160216, ""beta"": 4.225626451332719, ""eta"": 2853.2923271124855, ""gamma"": -688.8796485403443, ""objective"": 1.9721522630525295e-30, ""raw_gap"": 1771.7989371333365}], ""log_gap_step"": 0.01, ""grid_points"": 2394, ""finite_minimum_residual"": -0.2835222642268491, ""finite_minimum_gamma"": -146701079770710.5, ""limit_residual"": -0.283522264231596, ""observed_monotone_decreasing"": true, ""observed_monotone_increasing"": false, ""local_extrema"": 0, ""searched_gamma_low"": -146701079770710.5, ""searched_gamma_high"": 1082.919188592992, ""no_global_nonexistence_proof"": true}}}",10,da5e5a3734da777dbfabdbc0c5121bdb252bf7b5a022b926396055c8ba412823
2.0,1000.0,1000.0,7,89,cw_engineering,cw_engineering,3.671517186058905,1564.9137547233884,831.369677825992,0.0,True,0.0302548999898135,success,1.6715171860589049,564.9137547233884,-168.63032217400803,0.8357585930294524,0.5649137547233883,-0.168630322174008,"{""solution_info"": {""status"": ""ok"", ""policy"": ""engineering"", ""diagnostic"": {""fits"": {""engineering"": {""status"": ""ok"", ""estimate"": {""log_gap"": -0.10055802482829053, ""beta"": 3.671517186058905, ""eta"": 1564.9137547233884, ""gamma"": 831.369677825992, ""objective"": 3.9936083326813723e-28, ""raw_gap"": 904.332637144363}, ""location_lower_raw"": 0.0, ""shape_bounds"": [0.1, 9.99], ""roots_found"": 1}, ""paper"": {""status"": ""ok"", ""estimate"": {""log_gap"": -0.10055802482829053, ""beta"": 3.671517186058905, ""eta"": 1564.9137547233884, ""gamma"": 831.369677825992, ""objective"": 3.9936083326813723e-28, ""raw_gap"": 904.332637144363}, ""location_lower_raw"": -2266.870216162347, ""shape_bounds"": [0.1, 15.0], ""roots_found"": 1}}, ""candidates"": [{""log_gap"": -0.10055802482829053, ""beta"": 3.671517186058905, ""eta"": 1564.9137547233884, ""gamma"": 831.369677825992, ""objective"": 3.9936083326813723e-28, ""raw_gap"": 904.332637144363}], ""log_gap_step"": 0.04, ""grid_points"": 439, ""finite_minimum_residual"": -0.18361032466784644, ""finite_minimum_gamma"": -2266.870216162347, ""limit_residual"": -0.2533284022824447, ""observed_monotone_decreasing"": true, ""observed_monotone_increasing"": false, ""local_extrema"": 0, ""searched_gamma_low"": -2266.870216162347, ""searched_gamma_high"": 1735.7022149703548, ""no_global_nonexistence_proof"": true}}}",10,304f50cb1856caa6241e48c5c06064e8ec5f2d800439316f1661a26ad3b0ebd9
2.0,1000.0,1000.0,7,89,cw_paper,cw_paper,3.671517186058905,1564.9137547233884,831.369677825992,0.0,True,6.89999433234334e-06,success,1.6715171860589049,564.9137547233884,-168.63032217400803,0.8357585930294524,0.5649137547233883,-0.168630322174008,"{""solution_info"": {""status"": ""ok"", ""policy"": ""paper"", ""diagnostic"": {""fits"": {""engineering"": {""status"": ""ok"", ""estimate"": {""log_gap"": -0.10055802482829053, ""beta"": 3.671517186058905, ""eta"": 1564.9137547233884, ""gamma"": 831.369677825992, ""objective"": 3.9936083326813723e-28, ""raw_gap"": 904.332637144363}, ""location_lower_raw"": 0.0, ""shape_bounds"": [0.1, 9.99], ""roots_found"": 1}, ""paper"": {""status"": ""ok"", ""estimate"": {""log_gap"": -0.10055802482829053, ""beta"": 3.671517186058905, ""eta"": 1564.9137547233884, ""gamma"": 831.369677825992, ""objective"": 3.9936083326813723e-28, ""raw_gap"": 904.332637144363}, ""location_lower_raw"": -2266.870216162347, ""shape_bounds"": [0.1, 15.0], ""roots_found"": 1}}, ""candidates"": [{""log_gap"": -0.10055802482829053, ""beta"": 3.671517186058905, ""eta"": 1564.9137547233884, ""gamma"": 831.369677825992, ""objective"": 3.9936083326813723e-28, ""raw_gap"": 904.332637144363}], ""log_gap_step"": 0.04, ""grid_points"": 439, ""finite_minimum_residual"": -0.18361032466784644, ""finite_minimum_gamma"": -2266.870216162347, ""limit_residual"": -0.2533284022824447, ""observed_monotone_decreasing"": true, ""observed_monotone_increasing"": false, ""local_extrema"": 0, ""searched_gamma_low"": -2266.870216162347, ""searched_gamma_high"": 1735.7022149703548, ""no_global_nonexistence_proof"": true}}}",10,304f50cb1856caa6241e48c5c06064e8ec5f2d800439316f1661a26ad3b0ebd9
2.0,1000.0,1000.0,7,90,cw_engineering,cw_engineering,,,,,False,0.0436859999899752,failure,,,,,,,"{""solution_info"": {""status"": ""no_root_after_dense_search"", ""policy"": ""engineering"", ""diagnostic"": {""fits"": {""engineering"": {""status"": ""no_root_after_dense_search"", ""estimate"": null, ""location_lower_raw"": 0.0, ""shape_bounds"": [0.1, 9.99], ""roots_found"": 0}, ""paper"": {""status"": ""no_root_after_dense_search"", ""estimate"": null, ""location_lower_raw"": -2057.0031530376023, ""shape_bounds"": [0.1, 15.0], ""roots_found"": 0}}, ""candidates"": [], ""log_gap_step"": 0.01, ""grid_points"": 2328, ""finite_minimum_residual"": 0.746253603995537, ""finite_minimum_gamma"": -72237624999432.44, ""limit_residual"": 0.7462536039890879, ""observed_monotone_decreasing"": true, ""observed_monotone_increasing"": false, ""local_extrema"": 0, ""searched_gamma_low"": -72237624999432.44, ""searched_gamma_high"": 1204.824353541612, ""no_global_nonexistence_proof"": true}}}",10,09f56e29d7f3e7507b6ce6fd4148ba1a43fb00a7bc8f094ba953630fdccb5b55
2.0,1000.0,1000.0,7,90,cw_paper,cw_paper,,,,,False,8.300004992634058e-06,failure,,,,,,,"{""solution_info"": {""status"": ""no_root_after_dense_search"", ""policy"": ""paper"", ""diagnostic"": {""fits"": {""engineering"": {""status"": ""no_root_after_dense_search"", ""estimate"": null, ""location_lower_raw"": 0.0, ""shape_bounds"": [0.1, 9.99], ""roots_found"": 0}, ""paper"": {""status"": ""no_root_after_dense_search"", ""estimate"": null, ""location_lower_raw"": -2057.0031530376023, ""shape_bounds"": [0.1, 15.0], ""roots_found"": 0}}, ""candidates"": [], ""log_gap_step"": 0.01, ""grid_points"": 2328, ""finite_minimum_residual"": 0.746253603995537, ""finite_minimum_gamma"": -72237624999432.44, ""limit_residual"": 0.7462536039890879, ""observed_monotone_decreasing"": true, ""observed_monotone_increasing"": false, ""local_extrema"": 0, ""searched_gamma_low"": -72237624999432.44, ""searched_gamma_high"": 1204.824353541612, ""no_global_nonexistence_proof"": true}}}",10,09f56e29d7f3e7507b6ce6fd4148ba1a43fb00a7bc8f094ba953630fdccb5b55
2.0,1000.0,1000.0,7,91,cw_engineering,cw_engineering,,,,,False,0.1131238000234589,failure,,,,,,,"{""solution_info"": {""status"": ""no_root_after_dense_search"", ""policy"": ""engineering"", ""diagnostic"": {""fits"": {""engineering"": {""status"": ""no_root_after_dense_search"", ""estimate"": null, ""location_lower_raw"": 0.0, ""shape_bounds"": [0.1, 9.99], ""roots_found"": 0}, ""paper"": {""status"": ""no_root_after_dense_search"", ""estimate"": null, ""location_lower_raw"": -3572.163115990085, ""shape_bounds"": [0.1, 15.0], ""roots_found"": 0}}, ""candidates"": [], ""log_gap_step"": 0.01, ""grid_points"": 2368, ""finite_minimum_residual"": 0.15351844310778207, ""finite_minimum_gamma"": -119885787466118.31, ""limit_residual"": 0.15351844310089602, ""observed_monotone_decreasing"": true, ""observed_monotone_increasing"": false, ""local_extrema"": 0, ""searched_gamma_low"": -119885787466118.31, ""searched_gamma_high"": 1183.4407326874739, ""no_global_nonexistence_proof"": true}}}",10,31954652ec85ab4a92f40688e426a228aac1524a959d6a5b80b8491007ecaa2f
2.0,1000.0,1000.0,7,91,cw_paper,cw_paper,,,,,False,8.000002708286047e-06,failure,,,,,,,"{""solution_info"": {""status"": ""no_root_after_dense_search"", ""policy"": ""paper"", ""diagnostic"": {""fits"": {""engineering"": {""status"": ""no_root_after_dense_search"", ""estimate"": null, ""location_lower_raw"": 0.0, ""shape_bounds"": [0.1, 9.99], ""roots_found"": 0}, ""paper"": {""status"": ""no_root_after_dense_search"", ""estimate"": null, ""location_lower_raw"": -3572.163115990085, ""shape_bounds"": [0.1, 15.0], ""roots_found"": 0}}, ""candidates"": [], ""log_gap_step"": 0.01, ""grid_points"": 2368, ""finite_minimum_residual"": 0.15351844310778207, ""finite_minimum_gamma"": -119885787466118.31, ""limit_residual"": 0.15351844310089602, ""observed_monotone_decreasing"": true, ""observed_monotone_increasing"": false, ""local_extrema"": 0, ""searched_gamma_low"": -119885787466118.31, ""searched_gamma_high"": 1183.4407326874739, ""no_global_nonexistence_proof"": true}}}",10,31954652ec85ab4a92f40688e426a228aac1524a959d6a5b80b8491007ecaa2f
2.0,1000.0,1000.0,7,92,cw_engineering,cw_engineering,4.725034577024392,1184.1451862663191,571.0264867243658,0.0,True,0.0334623000235296,success,2.725034577024392,184.1451862663193,-428.9735132756342,1.362517288512196,0.1841451862663193,-0.4289735132756342,"{""solution_info"": {""status"": ""ok"", ""policy"": ""engineering"", ""diagnostic"": {""fits"": {""engineering"": {""status"": ""ok"", ""estimate"": {""log_gap"": -0.2570960843822997, ""beta"": 4.725034577024392, ""eta"": 1184.1451862663193, ""gamma"": 571.0264867243658, ""objective"": 4.0332978969753044e-27, ""raw_gap"": 773.2939087281732}, ""location_lower_raw"": 0.0, ""shape_bounds"": [0.1, 9.99], ""roots_found"": 1}, ""paper"": {""status"": ""ok"", ""estimate"": {""log_gap"": -0.2570960843822997, ""beta"": 4.725034577024392, ""eta"": 1184.1451862663193, ""gamma"": 571.0264867243658, ""objective"": 4.0332978969753044e-27, ""raw_gap"": 773.2939087281732}, ""location_lower_raw"": -962.953652621231, ""shape_bounds"": [0.1, 15.0], ""roots_found"": 1}}, ""candidates"": [{""log_gap"": -0.2570960843822997, ""beta"": 4.725034577024392, ""eta"": 1184.1451862663193, ""gamma"": 571.0264867243658, ""objective"": 4.0332978969753044e-27, ""raw_gap"": 773.2939087281732}], ""log_gap_step"": 0.04, ""grid_points"": 425, ""finite_minimum_residual"": -0.1517898314232211, ""finite_minimum_gamma"": -962.953652621231, ""limit_residual"": -0.2468913068559846, ""observed_monotone_decreasing"": true, ""observed_monotone_increasing"": false, ""local_extrema"": 0, ""searched_gamma_low"": -962.953652621231, ""searched_gamma_high"": 1344.3202954525389, ""no_global_nonexistence_proof"": true}}}",10,70444aad61dd95f9aa194b218b7b2c5394d27ee6d33de8fe9aa689f48c2c04c2
2.0,1000.0,1000.0,7,92,cw_paper,cw_paper,4.725034577024392,1184.1451862663191,571.0264867243658,0.0,True,8.000002708286047e-06,success,2.725034577024392,184.1451862663193,-428.9735132756342,1.362517288512196,0.1841451862663193,-0.4289735132756342,"{""solution_info"": {""status"": ""ok"", ""policy"": ""paper"", ""diagnostic"": {""fits"": {""engineering"": {""status"": ""ok"", ""estimate"": {""log_gap"": -0.2570960843822997, ""beta"": 4.725034577024392, ""eta"": 1184.1451862663193, ""gamma"": 571.0264867243658, ""objective"": 4.0332978969753044e-27, ""raw_gap"": 773.2939087281732}, ""location_lower_raw"": 0.0, ""shape_bounds"": [0.1, 9.99], ""roots_found"": 1}, ""paper"": {""status"": ""ok"", ""estimate"": {""log_gap"": -0.2570960843822997, ""beta"": 4.725034577024392, ""eta"": 1184.1451862663193, ""gamma"": 571.0264867243658, ""objective"": 4.0332978969753044e-27, ""raw_gap"": 773.2939087281732}, ""location_lower_raw"": -962.953652621231, ""shape_bounds"": [0.1, 15.0], ""roots_found"": 1}}, ""candidates"": [{""log_gap"": -0.2570960843822997, ""beta"": 4.725034577024392, ""eta"": 1184.1451862663193, ""gamma"": 571.0264867243658, ""objective"": 4.0332978969753044e-27, ""raw_gap"": 773.2939087281732}], ""log_gap_step"": 0.04, ""grid_points"": 425, ""finite_minimum_residual"": -0.1517898314232211, ""finite_minimum_gamma"": -962.953652621231, ""limit_residual"": -0.2468913068559846, ""observed_monotone_decreasing"": true, ""observed_monotone_increasing"": false, ""local_extrema"": 0, ""searched_gamma_low"": -962.953652621231, ""searched_gamma_high"": 1344.3202954525389, ""no_global_nonexistence_proof"": true}}}",10,70444aad61dd95f9aa194b218b7b2c5394d27ee6d33de8fe9aa689f48c2c04c2
2.0,1000.0,1000.0,7,93,cw_engineering,cw_engineering,,,,,False,0.065954000048805,failure,,,,,,,"{""solution_info"": {""status"": ""outside_declared_domain_root"", ""policy"": ""engineering"", ""diagnostic"": {""fits"": {""engineering"": {""status"": ""outside_declared_domain_root"", ""estimate"": null, ""location_lower_raw"": 0.0, ""shape_bounds"": [0.1, 9.99], ""roots_found"": 1}, ""paper"": {""status"": ""ok"", ""estimate"": {""log_gap"": 1.0889999424042318, ""beta"": 8.920253150701274, ""eta"": 3723.68257962523, ""gamma"": -1790.8066423656521, ""objective"": 5.404747371844006e-26, ""raw_gap"": 2971.3011139975747}, ""location_lower_raw"": -3041.048684247036, ""shape_bounds"": [0.1, 15.0], ""roots_found"": 1}}, ""candidates"": [{""log_gap"": 1.0889999424042318, ""beta"": 8.920253150701274, ""eta"": 3723.68257962523, ""gamma"": -1790.8066423656521, ""objective"": 5.404747371844006e-26, ""raw_gap"": 2971.3011139975747}], ""log_gap_step"": 0.01, ""grid_points"": 2351, ""finite_minimum_residual"": -0.09442995926520914, ""finite_minimum_gamma"": -86440052967076.17, ""limit_residual"": -0.09442995926958297, ""observed_monotone_decreasing"": true, ""observed_monotone_increasing"": false, ""local_extrema"": 0, ""searched_gamma_low"": -86440052967076.17, ""searched_gamma_high"": 1180.4943716319228, ""no_global_nonexistence_proof"": true}}}",10,7c484ad60944d1d275b55ad1f3a562ed43e639bd4aa6877146a8c7a7d8d9e3b3
2.0,1000.0,1000.0,7,93,cw_paper,cw_paper,8.920253150701274,3723.68257962523,-1790.806642365652,0.0,True,9.300012607127428e-06,success,6.920253150701274,2723.68257962523,-2790.806642365652,3.460126575350637,2.72368257962523,-2.790806642365652,"{""solution_info"": {""status"": ""ok"", ""policy"": ""paper"", ""diagnostic"": {""fits"": {""engineering"": {""status"": ""outside_declared_domain_root"", ""estimate"": null, ""location_lower_raw"": 0.0, ""shape_bounds"": [0.1, 9.99], ""roots_found"": 1}, ""paper"": {""status"": ""ok"", ""estimate"": {""log_gap"": 1.0889999424042318, ""beta"": 8.920253150701274, ""eta"": 3723.68257962523, ""gamma"": -1790.8066423656521, ""objective"": 5.404747371844006e-26, ""raw_gap"": 2971.3011139975747}, ""location_lower_raw"": -3041.048684247036, ""shape_bounds"": [0.1, 15.0], ""roots_found"": 1}}, ""candidates"": [{""log_gap"": 1.0889999424042318, ""beta"": 8.920253150701274, ""eta"": 3723.68257962523, ""gamma"": -1790.8066423656521, ""objective"": 5.404747371844006e-26, ""raw_gap"": 2971.3011139975747}], ""log_gap_step"": 0.01, ""grid_points"": 2351, ""finite_minimum_residual"": -0.09442995926520914, ""finite_minimum_gamma"": -86440052967076.17, ""limit_residual"": -0.09442995926958297, ""observed_monotone_decreasing"": true, ""observed_monotone_increasing"": false, ""local_extrema"": 0, ""searched_gamma_low"": -86440052967076.17, ""searched_gamma_high"": 1180.4943716319228, ""no_global_nonexistence_proof"": true}}}",10,7c484ad60944d1d275b55ad1f3a562ed43e639bd4aa6877146a8c7a7d8d9e3b3
2.0,1000.0,1000.0,7,94,cw_engineering,cw_engineering,2.445482078978945,1116.8843635898763,848.6472213684535,0.0,True,0.0401166999945417,success,0.4454820789789449,116.88436358987632,-151.35277863154647,0.2227410394894724,0.1168843635898763,-0.1513527786315464,"{""solution_info"": {""status"": ""ok"", ""policy"": ""engineering"", ""diagnostic"": {""fits"": {""engineering"": {""status"": ""ok"", ""estimate"": {""log_gap"": -0.7127787974668273, ""beta"": 2.445482078978945, ""eta"": 1116.8843635898763, ""gamma"": 848.6472213684535, ""objective"": 4.930380657631324e-30, ""raw_gap"": 490.2799142217686}, ""location_lower_raw"": 0.0, ""shape_bounds"": [0.1, 9.99], ""roots_found"": 1}, ""paper"": {""status"": ""ok"", ""estimate"": {""log_gap"": -0.7127787974668273, ""beta"": 2.445482078978945, ""eta"": 1116.8843635898763, ""gamma"": 848.6472213684535, ""objective"": 4.930380657631324e-30, ""raw_gap"": 490.2799142217686}, ""location_lower_raw"": -2867.681120916678, ""shape_bounds"": [0.1, 15.0], ""roots_found"": 1}}, ""candidates"": [{""log_gap"": -0.7127787974668273, ""beta"": 2.445482078978945, ""eta"": 1116.8843635898763, ""gamma"": 848.6472213684535, ""objective"": 4.930380657631324e-30, ""raw_gap"": 490.2799142217686}], ""log_gap_step"": 0.04, ""grid_points"": 440, ""finite_minimum_residual"": -0.35377666456380674, ""finite_minimum_gamma"": -2867.681120916678, ""limit_residual"": -0.4371958009038377, ""observed_monotone_decreasing"": true, ""observed_monotone_increasing"": false, ""local_extrema"": 0, ""searched_gamma_low"": -2867.681120916678, ""searched_gamma_high"": 1338.927035590222, ""no_global_nonexistence_proof"": true}}}",10,217b01e889a94e1785f2add234633e66b9ae47d09d2180843adf1c22ce66cd70
2.0,1000.0,1000.0,7,94,cw_paper,cw_paper,2.445482078978945,1116.8843635898763,848.6472213684535,0.0,True,7.800001185387373e-06,success,0.4454820789789449,116.88436358987632,-151.35277863154647,0.2227410394894724,0.1168843635898763,-0.1513527786315464,"{""solution_info"": {""status"": ""ok"", ""policy"": ""paper"", ""diagnostic"": {""fits"": {""engineering"": {""status"": ""ok"", ""estimate"": {""log_gap"": -0.7127787974668273, ""beta"": 2.445482078978945, ""eta"": 1116.8843635898763, ""gamma"": 848.6472213684535, ""objective"": 4.930380657631324e-30, ""raw_gap"": 490.2799142217686}, ""location_lower_raw"": 0.0, ""shape_bounds"": [0.1, 9.99], ""roots_found"": 1}, ""paper"": {""status"": ""ok"", ""estimate"": {""log_gap"": -0.7127787974668273, ""beta"": 2.445482078978945, ""eta"": 1116.8843635898763, ""gamma"": 848.6472213684535, ""objective"": 4.930380657631324e-30, ""raw_gap"": 490.2799142217686}, ""location_lower_raw"": -2867.681120916678, ""shape_bounds"": [0.1, 15.0], ""roots_found"": 1}}, ""candidates"": [{""log_gap"": -0.7127787974668273, ""beta"": 2.445482078978945, ""eta"": 1116.8843635898763, ""gamma"": 848.6472213684535, ""objective"": 4.930380657631324e-30, ""raw_gap"": 490.2799142217686}], ""log_gap_step"": 0.04, ""grid_points"": 440, ""finite_minimum_residual"": -0.35377666456380674, ""finite_minimum_gamma"": -2867.681120916678, ""limit_residual"": -0.4371958009038377, ""observed_monotone_decreasing"": true, ""observed_monotone_increasing"": false, ""local_extrema"": 0, ""searched_gamma_low"": -2867.681120916678, ""searched_gamma_high"": 1338.927035590222, ""no_global_nonexistence_proof"": true}}}",10,217b01e889a94e1785f2add234633e66b9ae47d09d2180843adf1c22ce66cd70
2.0,1000.0,1000.0,7,95,cw_engineering,cw_engineering,,,,,False,0.1136319999932311,failure,,,,,,,"{""solution_info"": {""status"": ""no_root_after_dense_search"", ""policy"": ""engineering"", ""diagnostic"": {""fits"": {""engineering"": {""status"": ""no_root_after_dense_search"", ""estimate"": null, ""location_lower_raw"": 0.0, ""shape_bounds"": [0.1, 9.99], ""roots_found"": 0}, ""paper"": {""status"": ""no_root_after_dense_search"", ""estimate"": null, ""location_lower_raw"": -2462.25265124052, ""shape_bounds"": [0.1, 15.0], ""roots_found"": 0}}, ""candidates"": [], ""log_gap_step"": 0.01, ""grid_points"": 2335, ""finite_minimum_residual"": 0.40461215619270385, ""finite_minimum_gamma"": -72004270515381.62, ""limit_residual"": 0.40461215618873814, ""observed_monotone_decreasing"": true, ""observed_monotone_increasing"": false, ""local_extrema"": 0, ""searched_gamma_low"": -72004270515381.62, ""searched_gamma_high"": 1154.7208710524421, ""no_global_nonexistence_proof"": true}}}",10,dd8b8c1697aa894fe14744d6bc7ecaf07b8c4c2687aaf5ada0ec168d63d1bbf6
2.0,1000.0,1000.0,7,95,cw_paper,cw_paper,,,,,False,8.499948307871819e-06,failure,,,,,,,"{""solution_info"": {""status"": ""no_root_after_dense_search"", ""policy"": ""paper"", ""diagnostic"": {""fits"": {""engineering"": {""status"": ""no_root_after_dense_search"", ""estimate"": null, ""location_lower_raw"": 0.0, ""shape_bounds"": [0.1, 9.99], ""roots_found"": 0}, ""paper"": {""status"": ""no_root_after_dense_search"", ""estimate"": null, ""location_lower_raw"": -2462.25265124052, ""shape_bounds"": [0.1, 15.0], ""roots_found"": 0}}, ""candidates"": [], ""log_gap_step"": 0.01, ""grid_points"": 2335, ""finite_minimum_residual"": 0.40461215619270385, ""finite_minimum_gamma"": -72004270515381.62, ""limit_residual"": 0.40461215618873814, ""observed_monotone_decreasing"": true, ""observed_monotone_increasing"": false, ""local_extrema"": 0, ""searched_gamma_low"": -72004270515381.62, ""searched_gamma_high"": 1154.7208710524421, ""no_global_nonexistence_proof"": true}}}",10,dd8b8c1697aa894fe14744d6bc7ecaf07b8c4c2687aaf5ada0ec168d63d1bbf6
2.0,1000.0,1000.0,7,96,cw_engineering,cw_engineering,2.6266411952744595,1064.7156503246165,773.8043639627433,0.0,True,0.023859100008849,success,0.6266411952744595,64.71565032461649,-226.1956360372567,0.3133205976372297,0.0647156503246164,-0.2261956360372567,"{""solution_info"": {""status"": ""ok"", ""policy"": ""engineering"", ""diagnostic"": {""fits"": {""engineering"": {""status"": ""ok"", ""estimate"": {""log_gap"": -0.7038296183467458, ""beta"": 2.6266411952744595, ""eta"": 1064.7156503246165, ""gamma"": 773.8043639627433, ""objective"": 1.8242408433235898e-30, ""raw_gap"": 494.6872084115156}, ""location_lower_raw"": 0.0, ""shape_bounds"": [0.1, 9.99], ""roots_found"": 1}, ""paper"": {""status"": ""ok"", ""estimate"": {""log_gap"": -0.7038296183467458, ""beta"": 2.6266411952744595, ""eta"": 1064.7156503246165, ""gamma"": 773.8043639627433, ""objective"": 1.8242408433235898e-30, ""raw_gap"": 494.6872084115156}, ""location_lower_raw"": -2511.7912302739855, ""shape_bounds"": [0.1, 15.0], ""roots_found"": 1}}, ""candidates"": [{""log_gap"": -0.7038296183467458, ""beta"": 2.6266411952744595, ""eta"": 1064.7156503246165, ""gamma"": 773.8043639627433, ""objective"": 1.8242408433235898e-30, ""raw_gap"": 494.6872084115156}], ""log_gap_step"": 0.04, ""grid_points"": 438, ""finite_minimum_residual"": -0.2756911534281159, ""finite_minimum_gamma"": -2511.791230273986, ""limit_residual"": -0.34686213446456526, ""observed_monotone_decreasing"": true, ""observed_monotone_increasing"": false, ""local_extrema"": 0, ""searched_gamma_low"": -2511.791230273986, ""searched_gamma_high"": 1268.4914723742588, ""no_global_nonexistence_proof"": true}}}",10,4b7771abb2c496c5d00969cadcc3e06d30cfb4e3a8dc501b16c82eeec5c3cd1f
2.0,1000.0,1000.0,7,96,cw_paper,cw_paper,2.6266411952744595,1064.7156503246165,773.8043639627433,0.0,True,7.700000423938036e-06,success,0.6266411952744595,64.71565032461649,-226.1956360372567,0.3133205976372297,0.0647156503246164,-0.2261956360372567,"{""solution_info"": {""status"": ""ok"", ""policy"": ""paper"", ""diagnostic"": {""fits"": {""engineering"": {""status"": ""ok"", ""estimate"": {""log_gap"": -0.7038296183467458, ""beta"": 2.6266411952744595, ""eta"": 1064.7156503246165, ""gamma"": 773.8043639627433, ""objective"": 1.8242408433235898e-30, ""raw_gap"": 494.6872084115156}, ""location_lower_raw"": 0.0, ""shape_bounds"": [0.1, 9.99], ""roots_found"": 1}, ""paper"": {""status"": ""ok"", ""estimate"": {""log_gap"": -0.7038296183467458, ""beta"": 2.6266411952744595, ""eta"": 1064.7156503246165, ""gamma"": 773.8043639627433, ""objective"": 1.8242408433235898e-30, ""raw_gap"": 494.6872084115156}, ""location_lower_raw"": -2511.7912302739855, ""shape_bounds"": [0.1, 15.0], ""roots_found"": 1}}, ""candidates"": [{""log_gap"": -0.7038296183467458, ""beta"": 2.6266411952744595, ""eta"": 1064.7156503246165, ""gamma"": 773.8043639627433, ""objective"": 1.8242408433235898e-30, ""raw_gap"": 494.6872084115156}], ""log_gap_step"": 0.04, ""grid_points"": 438, ""finite_minimum_residual"": -0.2756911534281159, ""finite_minimum_gamma"": -2511.791230273986, ""limit_residual"": -0.34686213446456526, ""observed_monotone_decreasing"": true, ""observed_monotone_increasing"": false, ""local_extrema"": 0, ""searched_gamma_low"": -2511.791230273986, ""searched_gamma_high"": 1268.4914723742588, ""no_global_nonexistence_proof"": true}}}",10,4b7771abb2c496c5d00969cadcc3e06d30cfb4e3a8dc501b16c82eeec5c3cd1f
2.0,1000.0,1000.0,7,97,cw_engineering,cw_engineering,,,,,False,0.1024717999971471,failure,,,,,,,"{""solution_info"": {""status"": ""no_root_after_dense_search"", ""policy"": ""engineering"", ""diagnostic"": {""fits"": {""engineering"": {""status"": ""no_root_after_dense_search"", ""estimate"": null, ""location_lower_raw"": 0.0, ""shape_bounds"": [0.1, 9.99], ""roots_found"": 0}, ""paper"": {""status"": ""no_root_after_dense_search"", ""estimate"": null, ""location_lower_raw"": -1771.767357604415, ""shape_bounds"": [0.1, 15.0], ""roots_found"": 0}}, ""candidates"": [], ""log_gap_step"": 0.01, ""grid_points"": 2328, ""finite_minimum_residual"": 0.019173288663554278, ""finite_minimum_gamma"": -66504050316523.664, ""limit_residual"": 0.01917328866157275, ""observed_monotone_decreasing"": true, ""observed_monotone_increasing"": false, ""local_extrema"": 0, ""searched_gamma_low"": -69216936315662.125, ""searched_gamma_high"": 1584.311042098813, ""no_global_nonexistence_proof"": true}}}",10,2293b8d8314aad42bff83d76b68be2a78ec0bf78ba663ffb73f95857573086fd
2.0,1000.0,1000.0,7,97,cw_paper,cw_paper,,,,,False,1.079996582120657e-05,failure,,,,,,,"{""solution_info"": {""status"": ""no_root_after_dense_search"", ""policy"": ""paper"", ""diagnostic"": {""fits"": {""engineering"": {""status"": ""no_root_after_dense_search"", ""estimate"": null, ""location_lower_raw"": 0.0, ""shape_bounds"": [0.1, 9.99], ""roots_found"": 0}, ""paper"": {""status"": ""no_root_after_dense_search"", ""estimate"": null, ""location_lower_raw"": -1771.767357604415, ""shape_bounds"": [0.1, 15.0], ""roots_found"": 0}}, ""candidates"": [], ""log_gap_step"": 0.01, ""grid_points"": 2328, ""finite_minimum_residual"": 0.019173288663554278, ""finite_minimum_gamma"": -66504050316523.664, ""limit_residual"": 0.01917328866157275, ""observed_monotone_decreasing"": true, ""observed_monotone_increasing"": false, ""local_extrema"": 0, ""searched_gamma_low"": -69216936315662.125, ""searched_gamma_high"": 1584.311042098813, ""no_global_nonexistence_proof"": true}}}",10,2293b8d8314aad42bff83d76b68be2a78ec0bf78ba663ffb73f95857573086fd
2.0,1000.0,1000.0,7,98,cw_engineering,cw_engineering,,,,,False,0.0939000999787822,failure,,,,,,,"{""solution_info"": {""status"": ""outside_declared_domain_root"", ""policy"": ""engineering"", ""diagnostic"": {""fits"": {""engineering"": {""status"": ""outside_declared_domain_root"", ""estimate"": null, ""location_lower_raw"": 0.0, ""shape_bounds"": [0.1, 9.99], ""roots_found"": 1}, ""paper"": {""status"": ""outside_declared_domain_root"", ""estimate"": null, ""location_lower_raw"": -301.7181463605063, ""shape_bounds"": [0.1, 15.0], ""roots_found"": 1}}, ""candidates"": [{""log_gap"": 0.7816660050358261, ""beta"": 13.570959781468318, ""eta"": 2534.5808940356496, ""gamma"": -666.0767852089642, ""objective"": 2.0954117794933126e-31, ""raw_gap"": 2185.109638377487}], ""log_gap_step"": 0.01, ""grid_points"": 2270, ""finite_minimum_residual"": -0.088366431529318, ""finite_minimum_gamma"": -41902810118123.83, ""limit_residual"": -0.08836643153439439, ""observed_monotone_decreasing"": true, ""observed_monotone_increasing"": false, ""local_extrema"": 0, ""searched_gamma_low"": -41902810118123.83, ""searched_gamma_high"": 1519.0327531685227, ""no_global_nonexistence_proof"": true}}}",10,6f0f889bbe94f46d3089c8f62ca9ff862fb95617c246626d1f6f9fb0a5796322
2.0,1000.0,1000.0,7,98,cw_paper,cw_paper,,,,,False,7.90000194683671e-06,failure,,,,,,,"{""solution_info"": {""status"": ""outside_declared_domain_root"", ""policy"": ""paper"", ""diagnostic"": {""fits"": {""engineering"": {""status"": ""outside_declared_domain_root"", ""estimate"": null, ""location_lower_raw"": 0.0, ""shape_bounds"": [0.1, 9.99], ""roots_found"": 1}, ""paper"": {""status"": ""outside_declared_domain_root"", ""estimate"": null, ""location_lower_raw"": -301.7181463605063, ""shape_bounds"": [0.1, 15.0], ""roots_found"": 1}}, ""candidates"": [{""log_gap"": 0.7816660050358261, ""beta"": 13.570959781468318, ""eta"": 2534.5808940356496, ""gamma"": -666.0767852089642, ""objective"": 2.0954117794933126e-31, ""raw_gap"": 2185.109638377487}], ""log_gap_step"": 0.01, ""grid_points"": 2270, ""finite_minimum_residual"": -0.088366431529318, ""finite_minimum_gamma"": -41902810118123.83, ""limit_residual"": -0.08836643153439439, ""observed_monotone_decreasing"": true, ""observed_monotone_increasing"": false, ""local_extrema"": 0, ""searched_gamma_low"": -41902810118123.83, ""searched_gamma_high"": 1519.0327531685227, ""no_global_nonexistence_proof"": true}}}",10,6f0f889bbe94f46d3089c8f62ca9ff862fb95617c246626d1f6f9fb0a5796322
2.0,1000.0,1000.0,7,99,cw_engineering,cw_engineering,,,,,False,0.0966887999675236,failure,,,,,,,"{""solution_info"": {""status"": ""outside_declared_domain_root"", ""policy"": ""engineering"", ""diagnostic"": {""fits"": {""engineering"": {""status"": ""outside_declared_domain_root"", ""estimate"": null, ""location_lower_raw"": 0.0, ""shape_bounds"": [0.1, 9.99], ""roots_found"": 1}, ""paper"": {""status"": ""ok"", ""estimate"": {""log_gap"": 0.7825902611221507, ""beta"": 6.745883678880531, ""eta"": 2947.7923138940746, ""gamma"": -1091.785952601589, ""objective"": 2.465190328815662e-31, ""raw_gap"": 2187.130172861855}, ""location_lower_raw"": -2903.7630270639365, ""shape_bounds"": [0.1, 15.0], ""roots_found"": 1}}, ""candidates"": [{""log_gap"": 0.7825902611221507, ""beta"": 6.745883678880531, ""eta"": 2947.7923138940746, ""gamma"": -1091.785952601589, ""objective"": 2.465190328815662e-31, ""raw_gap"": 2187.130172861855}], ""log_gap_step"": 0.01, ""grid_points"": 2351, ""finite_minimum_residual"": -0.20561820198351488, ""finite_minimum_gamma"": -98649436703679.97, ""limit_residual"": -0.2056182019889674, ""observed_monotone_decreasing"": true, ""observed_monotone_increasing"": false, ""local_extrema"": 0, ""searched_gamma_low"": -98649436703679.97, ""searched_gamma_high"": 1095.3441202602655, ""no_global_nonexistence_proof"": true}}}",10,bf93c15b161f523d1dff8ffbf03c13233b202ea5eb66bfaf81d4698c933f6f09
2.0,1000.0,1000.0,7,99,cw_paper,cw_paper,6.745883678880531,2947.7923138940746,-1091.785952601589,0.0,True,7.599999662488699e-06,success,4.745883678880531,1947.7923138940744,-2091.785952601589,2.3729418394402657,1.9477923138940747,-2.091785952601589,"{""solution_info"": {""status"": ""ok"", ""policy"": ""paper"", ""diagnostic"": {""fits"": {""engineering"": {""status"": ""outside_declared_domain_root"", ""estimate"": null, ""location_lower_raw"": 0.0, ""shape_bounds"": [0.1, 9.99], ""roots_found"": 1}, ""paper"": {""status"": ""ok"", ""estimate"": {""log_gap"": 0.7825902611221507, ""beta"": 6.745883678880531, ""eta"": 2947.7923138940746, ""gamma"": -1091.785952601589, ""objective"": 2.465190328815662e-31, ""raw_gap"": 2187.130172861855}, ""location_lower_raw"": -2903.7630270639365, ""shape_bounds"": [0.1, 15.0], ""roots_found"": 1}}, ""candidates"": [{""log_gap"": 0.7825902611221507, ""beta"": 6.745883678880531, ""eta"": 2947.7923138940746, ""gamma"": -1091.785952601589, ""objective"": 2.465190328815662e-31, ""raw_gap"": 2187.130172861855}], ""log_gap_step"": 0.01, ""grid_points"": 2351, ""finite_minimum_residual"": -0.20561820198351488, ""finite_minimum_gamma"": -98649436703679.97, ""limit_residual"": -0.2056182019889674, ""observed_monotone_decreasing"": true, ""observed_monotone_increasing"": false, ""local_extrema"": 0, ""searched_gamma_low"": -98649436703679.97, ""searched_gamma_high"": 1095.3441202602655, ""no_global_nonexistence_proof"": true}}}",10,bf93c15b161f523d1dff8ffbf03c13233b202ea5eb66bfaf81d4698c933f6f09
