beta,eta,gamma,n,repeat_id,method_id,method_variant,beta_hat,eta_hat,gamma_hat,r_squared,converged,time,status,beta_error,eta_error,gamma_error,beta_rel_error,eta_rel_error,gamma_rel_error,extra
2.0,1000.0,1000.0,10,0,mle_local,mle_local,1.5849976550800196,585.7034730088778,1183.2607571431643,0.7461850493450177,True,0.09861839999211952,success,-0.41500234491998045,-414.29652699112216,183.26075714316426,-0.20750117245999022,-0.4142965269911222,0.18326075714316425,"{""solution_info"": {""status"": ""ok"", ""strategy"": ""deterministic_multistart_likelihood"", ""start_count"": 5, ""selected_start"": 1, ""log_likelihood"": -2.3542226995667903, ""location_at_zero_boundary"": false}}"
2.0,1000.0,1000.0,10,0,mmle_i,mmle_i,3.6600045518754625,1226.1944022330413,605.4928915728896,0.0,True,0.08159239997621626,success,1.6600045518754625,226.19440223304127,-394.50710842711044,0.8300022759377312,0.22619440223304127,-0.39450710842711045,"{""solution_info"": {""status"": ""ok"", ""objective"": 4.8169819025058033e-29, ""roots_found"": 1, ""grid_size"": 97, ""strategy"": ""cw_i_profile_brent"", ""paper_domain"": false, ""raw_min_gap"": 645.1132834560863}}"
2.0,1000.0,1000.0,10,0,mmle_ii,mmle_ii,2.658783925462695,898.844251500947,914.5666999066797,nan,True,0.12340839998796582,success,0.658783925462695,-101.15574849905295,-85.43330009332033,0.3293919627313475,-0.10115574849905294,-0.08543330009332033,"{""solution_info"": {""status"": ""ok"", ""objective"": 3.2818709068973584e-27, ""roots_found"": 1, ""variant"": ""II"", ""grid_size"": 97, ""strategy"": ""CW_profile_Brent"", ""paper_domain"": false}}"
2.0,1000.0,1000.0,10,0,mmle_iii,mmle_iii,0.9999999999999961,464.9918403057524,1247.2651836820887,nan,True,1.0999967344105244e-05,success,-1.000000000000004,-535.0081596942475,247.26518368208872,-0.500000000000002,-0.5350081596942475,0.24726518368208872,"{""solution_info"": {""status"": ""ok"", ""objective"": 2.971552748306043e-27, ""roots_found"": 3, ""variant"": ""III"", ""grid_size"": 97, ""strategy"": ""CW_profile_Brent"", ""paper_domain"": false}}"
2.0,1000.0,1000.0,10,0,mmle_iv,mmle_iv,1.56787018307431,581.4890734574043,1186.3087769701235,nan,True,1.3000040780752897e-05,success,-0.43212981692568997,-418.5109265425957,186.30877697012352,-0.21606490846284498,-0.4185109265425957,0.18630877697012352,"{""solution_info"": {""status"": ""ok"", ""objective"": 3.181673245982646e-27, ""roots_found"": 2, ""variant"": ""IV"", ""grid_size"": 97, ""strategy"": ""CW_profile_Brent"", ""paper_domain"": false}}"
2.0,1000.0,1000.0,10,0,mmle_v,mmle_v,5.088198187364848,1707.5673647449846,137.80031545450265,nan,True,1.0000017937272787e-05,success,3.0881981873648483,707.5673647449846,-862.1996845454973,1.5440990936824242,0.7075673647449846,-0.8621996845454973,"{""solution_info"": {""status"": ""ok"", ""objective"": 8.688997932379159e-31, ""roots_found"": 1, ""variant"": ""V"", ""grid_size"": 97, ""strategy"": ""CW_profile_Brent"", ""paper_domain"": false}}"
2.0,1000.0,1000.0,10,0,wmle_checked,wmle_checked,1.7017326611343764,663.4971594778348,1121.680728131253,0.9004554225997877,True,0.12109099997906014,success,-0.2982673388656236,-336.50284052216523,121.68072813125309,-0.1491336694328118,-0.3365028405221652,0.1216807281312531,"{""solution_info"": {""status"": ""ok"", ""objective"": 6.777223891133567e-22, ""strategy"": ""deterministic_multistart_equation_minimization"", ""start_count"": 5, ""selected_start"": 3, ""location_at_zero_boundary"": false, ""production_status"": ""ok"", ""recovered"": false}}"
2.0,1000.0,1000.0,10,0,mme_i,mme_i,3.239364308167546,1120.0364023413765,708.4931521452145,nan,True,0.026213400007691234,success,1.2393643081675458,120.03640234137652,-291.5068478547855,0.6196821540837729,0.12003640234137651,-0.29150684785478553,"{""solution_info"": {""status"": ""ok"", ""variant"": ""I"", ""roots_found"": 1, ""candidate_estimates"": [[3.239364308167546, 1.1200364023413765, 0.7084931521452145]], ""sample_moment_shape_initializer"": 2.4189552600707835, ""criterion_residual"": 3.597122599785507e-14, ""strategy"": ""CW_moment_Brent_valid_support_then_sample_skew_initializer""}}"
2.0,1000.0,1000.0,10,0,mme_ii,mme_ii,2.2165893801156127,806.7487960205,997.7595612824239,nan,True,1.1300027836114168e-05,success,0.21658938011561268,-193.25120397950002,-2.240438717576126,0.10829469005780634,-0.19325120397950002,-0.0022404387175761257,"{""solution_info"": {""status"": ""ok"", ""variant"": ""II"", ""roots_found"": 1, ""candidate_estimates"": [[2.2165893801156127, 0.8067487960205, 0.9977595612824238]], ""sample_moment_shape_initializer"": 2.4189552600707835, ""criterion_residual"": 9.414691248821327e-14, ""strategy"": ""CW_moment_Brent_valid_support_then_sample_skew_initializer""}}"
2.0,1000.0,1000.0,10,0,mme_iii,mme_iii,4.583666550828681,1503.4093980217303,338.8172996548111,nan,True,9.7999582067132e-06,success,2.5836665508286814,503.40939802173034,-661.1827003451889,1.2918332754143407,0.5034093980217303,-0.6611827003451889,"{""solution_info"": {""status"": ""ok"", ""variant"": ""III"", ""roots_found"": 1, ""candidate_estimates"": [[4.583666550828681, 1.5034093980217302, 0.3388172996548111]], ""sample_moment_shape_initializer"": 2.4189552600707835, ""criterion_residual"": -7.632783294297951e-17, ""strategy"": ""CW_moment_Brent_valid_support_then_sample_skew_initializer""}}"
2.0,1000.0,1000.0,10,0,mmle_i_paper,mmle_i_paper,3.6600045518754625,1226.1944022330413,605.4928915728896,0.0,True,0.05900069995550439,success,1.6600045518754625,226.19440223304127,-394.50710842711044,0.8300022759377312,0.22619440223304127,-0.39450710842711045,"{""solution_info"": {""status"": ""ok"", ""objective"": 4.8169819025058033e-29, ""roots_found"": 1, ""grid_size"": 97, ""strategy"": ""cw_i_profile_brent"", ""paper_domain"": true, ""raw_min_gap"": 645.1132834560863}}"
2.0,1000.0,1000.0,10,0,mmle_ii_paper,mmle_ii_paper,2.658783925462378,898.8442515008463,914.5666999067724,nan,True,0.1193965999991633,success,0.658783925462378,-101.15574849915367,-85.43330009322756,0.329391962731189,-0.10115574849915368,-0.08543330009322755,"{""solution_info"": {""status"": ""ok"", ""objective"": 6.409494854920721e-31, ""roots_found"": 1, ""variant"": ""II"", ""grid_size"": 97, ""strategy"": ""CW_profile_Brent"", ""paper_domain"": true}}"
2.0,1000.0,1000.0,10,0,mmle_iii_paper,mmle_iii_paper,0.9999999999999948,464.99184030575236,1247.2651836820887,nan,True,1.1299969628453255e-05,success,-1.0000000000000053,-535.0081596942476,247.26518368208872,-0.5000000000000027,-0.5350081596942476,0.24726518368208872,"{""solution_info"": {""status"": ""ok"", ""objective"": 3.118576699516609e-27, ""roots_found"": 3, ""variant"": ""III"", ""grid_size"": 97, ""strategy"": ""CW_profile_Brent"", ""paper_domain"": true}}"
2.0,1000.0,1000.0,10,0,mmle_iv_paper,mmle_iv_paper,1.56787018307431,581.4890734574045,1186.3087769701233,nan,True,9.600014891475439e-06,success,-0.43212981692568997,-418.5109265425955,186.3087769701233,-0.21606490846284498,-0.4185109265425955,0.1863087769701233,"{""solution_info"": {""status"": ""ok"", ""objective"": 3.1061891181143103e-27, ""roots_found"": 2, ""variant"": ""IV"", ""grid_size"": 97, ""strategy"": ""CW_profile_Brent"", ""paper_domain"": true}}"
2.0,1000.0,1000.0,10,0,mmle_v_paper,mmle_v_paper,5.088198187364875,1707.5673647449933,137.80031545449444,nan,True,9.7999582067132e-06,success,3.088198187364875,707.5673647449933,-862.1996845455055,1.5440990936824375,0.7075673647449933,-0.8621996845455056,"{""solution_info"": {""status"": ""ok"", ""objective"": 4.930380657631324e-32, ""roots_found"": 1, ""variant"": ""V"", ""grid_size"": 97, ""strategy"": ""CW_profile_Brent"", ""paper_domain"": true}}"
2.0,1000.0,1000.0,10,1,mle_local,mle_local,1.5322338571663914,690.3833622494654,1153.2156595416923,0.8060700160364832,True,0.09573230001842603,success,-0.4677661428336086,-309.61663775053455,153.21565954169228,-0.2338830714168043,-0.30961663775053455,0.15321565954169228,"{""solution_info"": {""status"": ""ok"", ""strategy"": ""deterministic_multistart_likelihood"", ""start_count"": 5, ""selected_start"": 0, ""log_likelihood"": -4.125001489330257, ""location_at_zero_boundary"": false}}"
2.0,1000.0,1000.0,10,1,mmle_i,mmle_i,3.299630374997003,1408.9387204356271,512.7809243967977,0.0,True,0.06990160001441836,success,1.2996303749970028,408.93872043562715,-487.2190756032023,0.6498151874985014,0.4089387204356271,-0.4872190756032023,"{""solution_info"": {""status"": ""ok"", ""objective"": 9.860761315262648e-31, ""roots_found"": 1, ""grid_size"": 97, ""strategy"": ""cw_i_profile_brent"", ""paper_domain"": false, ""raw_min_gap"": 691.044031411784}}"
2.0,1000.0,1000.0,10,1,mmle_ii,mmle_ii,2.5814151523136744,1098.611742481931,803.9865644207836,nan,True,0.13984600000549108,success,0.5814151523136744,98.61174248193106,-196.01343557921643,0.2907075761568372,0.09861174248193107,-0.19601343557921644,"{""solution_info"": {""status"": ""ok"", ""objective"": 3.8930778710722696e-27, ""roots_found"": 1, ""variant"": ""II"", ""grid_size"": 97, ""strategy"": ""CW_profile_Brent"", ""paper_domain"": false}}"
2.0,1000.0,1000.0,10,1,mmle_iii,mmle_iii,0.9999999999999489,574.4123886694517,1203.146250113557,nan,True,1.079996582120657e-05,success,-1.000000000000051,-425.58761133054827,203.14625011355702,-0.5000000000000255,-0.4255876113305483,0.20314625011355703,"{""solution_info"": {""status"": ""ok"", ""objective"": 1.100869338181782e-28, ""roots_found"": 3, ""variant"": ""III"", ""grid_size"": 97, ""strategy"": ""CW_profile_Brent"", ""paper_domain"": false}}"
2.0,1000.0,1000.0,10,1,mmle_iv,mmle_iv,1.4458424442855276,664.8794792888112,1170.2448325451587,nan,True,9.700015652924776e-06,success,-0.5541575557144724,-335.12052071118876,170.24483254515872,-0.2770787778572362,-0.33512052071118875,0.1702448325451587,"{""solution_info"": {""status"": ""ok"", ""objective"": 7.385956744164605e-27, ""roots_found"": 2, ""variant"": ""IV"", ""grid_size"": 97, ""strategy"": ""CW_profile_Brent"", ""paper_domain"": false}}"
2.0,1000.0,1000.0,10,1,mmle_v,mmle_v,4.302653510036272,1852.1538387729267,85.75702132122554,nan,True,9.700015652924776e-06,success,2.302653510036272,852.1538387729267,-914.2429786787744,1.151326755018136,0.8521538387729267,-0.9142429786787745,"{""solution_info"": {""status"": ""ok"", ""objective"": 1.0891210872707594e-28, ""roots_found"": 1, ""variant"": ""V"", ""grid_size"": 97, ""strategy"": ""CW_profile_Brent"", ""paper_domain"": false}}"
2.0,1000.0,1000.0,10,1,wmle_checked,wmle_checked,1.5449594785996745,746.1575327086404,1110.6275588215408,0.9390947579938529,True,0.1397430999786593,success,-0.45504052140032547,-253.84246729135964,110.62755882154079,-0.22752026070016274,-0.2538424672913596,0.1106275588215408,"{""solution_info"": {""status"": ""ok"", ""objective"": 4.5586798692475476e-21, ""strategy"": ""deterministic_multistart_equation_minimization"", ""start_count"": 5, ""selected_start"": 3, ""location_at_zero_boundary"": false, ""production_status"": ""ok"", ""recovered"": false}}"
2.0,1000.0,1000.0,10,1,mme_i,mme_i,3.2086163068269786,1382.1214234919153,539.4948882850597,nan,True,0.032077400013804436,success,1.2086163068269786,382.12142349191527,-460.5051117149403,0.6043081534134893,0.38212142349191525,-0.4605051117149403,"{""solution_info"": {""status"": ""ok"", ""variant"": ""I"", ""roots_found"": 1, ""candidate_estimates"": [[3.2086163068269786, 1.3821214234919152, 0.5394948882850596]], ""sample_moment_shape_initializer"": 1.9536500074039609, ""criterion_residual"": -8.881784197001252e-16, ""strategy"": ""CW_moment_Brent_valid_support_then_sample_skew_initializer""}}"
2.0,1000.0,1000.0,10,1,mme_ii,mme_ii,2.2098578037098435,1000.8981338231544,891.1243271325218,nan,True,1.2300035450607538e-05,success,0.20985780370984353,0.8981338231543532,-108.87567286747822,0.10492890185492176,0.0008981338231543532,-0.10887567286747822,"{""solution_info"": {""status"": ""ok"", ""variant"": ""II"", ""roots_found"": 1, ""candidate_estimates"": [[2.2098578037098435, 1.0008981338231544, 0.8911243271325218]], ""sample_moment_shape_initializer"": 1.9536500074039609, ""criterion_residual"": -3.352873534367973e-14, ""strategy"": ""CW_moment_Brent_valid_support_then_sample_skew_initializer""}}"
2.0,1000.0,1000.0,10,1,mme_iii,mme_iii,3.9394251472247266,1644.5730046328586,288.2032330577553,nan,True,9.90001717582345e-06,success,1.9394251472247266,644.5730046328586,-711.7967669422446,0.9697125736123633,0.6445730046328586,-0.7117967669422446,"{""solution_info"": {""status"": ""ok"", ""variant"": ""III"", ""roots_found"": 1, ""candidate_estimates"": [[3.9394251472247266, 1.6445730046328586, 0.2882032330577553]], ""sample_moment_shape_initializer"": 1.9536500074039609, ""criterion_residual"": -4.718447854656915e-16, ""strategy"": ""CW_moment_Brent_valid_support_then_sample_skew_initializer""}}"
2.0,1000.0,1000.0,10,1,mmle_i_paper,mmle_i_paper,3.299630374997005,1408.938720435628,512.7809243967968,0.0,True,0.0651687000063248,success,1.299630374997005,408.93872043562806,-487.21907560320324,0.6498151874985025,0.40893872043562807,-0.4872190756032032,"{""solution_info"": {""status"": ""ok"", ""objective"": 4.930380657631324e-32, ""roots_found"": 1, ""grid_size"": 97, ""strategy"": ""cw_i_profile_brent"", ""paper_domain"": true, ""raw_min_gap"": 691.0440314117849}}"
2.0,1000.0,1000.0,10,1,mmle_ii_paper,mmle_ii_paper,2.581415152313458,1098.6117424818392,803.9865644208681,nan,True,0.1273215999826789,success,0.5814151523134581,98.6117424818392,-196.01343557913185,0.29070757615672904,0.0986117424818392,-0.19601343557913184,"{""solution_info"": {""status"": ""ok"", ""objective"": 1.333667967889273e-28, ""roots_found"": 1, ""variant"": ""II"", ""grid_size"": 97, ""strategy"": ""CW_profile_Brent"", ""paper_domain"": true}}"
2.0,1000.0,1000.0,10,1,mmle_iii_paper,mmle_iii_paper,1.0000000000000022,574.4123886694604,1203.1462501135566,nan,True,1.2499978765845299e-05,success,-0.9999999999999978,-425.58761133053963,203.14625011355656,-0.4999999999999989,-0.42558761133053963,0.20314625011355655,"{""solution_info"": {""status"": ""ok"", ""objective"": 1.2961124122239825e-30, ""roots_found"": 3, ""variant"": ""III"", ""grid_size"": 97, ""strategy"": ""CW_profile_Brent"", ""paper_domain"": true}}"
2.0,1000.0,1000.0,10,1,mmle_iv_paper,mmle_iv_paper,1.4458424442856632,664.8794792888493,1170.2448325451344,nan,True,9.500014130026102e-06,success,-0.5541575557143368,-335.1205207111507,170.2448325451344,-0.2770787778571684,-0.33512052071115067,0.1702448325451344,"{""solution_info"": {""status"": ""ok"", ""objective"": 4.930380657631324e-32, ""roots_found"": 2, ""variant"": ""IV"", ""grid_size"": 97, ""strategy"": ""CW_profile_Brent"", ""paper_domain"": true}}"
2.0,1000.0,1000.0,10,1,mmle_v_paper,mmle_v_paper,4.3026535100362615,1852.1538387729224,85.75702132122976,nan,True,1.0299962013959885e-05,success,2.3026535100362615,852.1538387729224,-914.2429786787702,1.1513267550181308,0.8521538387729224,-0.9142429786787702,"{""solution_info"": {""status"": ""ok"", ""objective"": 1.1837843958972808e-28, ""roots_found"": 1, ""variant"": ""V"", ""grid_size"": 97, ""strategy"": ""CW_profile_Brent"", ""paper_domain"": true}}"
2.0,1000.0,1000.0,10,2,mle_local,mle_local,2.097273805138699,867.2035826678595,1074.5564613158747,0.8594779903755294,True,0.0796575000276789,success,0.09727380513869921,-132.79641733214055,74.55646131587469,0.048636902569349605,-0.13279641733214054,0.07455646131587469,"{""solution_info"": {""status"": ""ok"", ""strategy"": ""deterministic_multistart_likelihood"", ""start_count"": 5, ""selected_start"": 2, ""log_likelihood"": -4.252608305156356, ""location_at_zero_boundary"": false}}"
2.0,1000.0,1000.0,10,2,mmle_i,mmle_i,,,,,False,0.04984729998977855,failure,nan,nan,nan,nan,nan,nan,"{""raw_status"": ""no_root_in_declared_location_domain"", ""solution_info"": {""status"": ""no_root_in_declared_location_domain"", ""location_lower"": 0.0, ""endpoint_constraint_residuals"": [6.77133691669232, 0.1499925135305764], ""grid_size"": 97}}"
2.0,1000.0,1000.0,10,2,mmle_ii,mmle_ii,3.889727301962084,1547.6945588410517,441.15216668174304,nan,True,0.12916800001403317,success,1.889727301962084,547.6945588410517,-558.847833318257,0.944863650981042,0.5476945588410518,-0.558847833318257,"{""solution_info"": {""status"": ""ok"", ""objective"": 2.2186712959340957e-31, ""roots_found"": 1, ""variant"": ""II"", ""grid_size"": 97, ""strategy"": ""CW_profile_Brent"", ""paper_domain"": false}}"
2.0,1000.0,1000.0,10,2,mmle_iii,mmle_iii,0.999999999999999,628.1565826915773,1215.7496341677663,nan,True,1.0800024028867483e-05,success,-1.0000000000000009,-371.84341730842266,215.74963416776632,-0.5000000000000004,-0.3718434173084227,0.21574963416776632,"{""solution_info"": {""status"": ""ok"", ""objective"": 2.0895002530848127e-26, ""roots_found"": 3, ""variant"": ""III"", ""grid_size"": 97, ""strategy"": ""CW_profile_Brent"", ""paper_domain"": false}}"
2.0,1000.0,1000.0,10,2,mmle_iv,mmle_iv,1.7077000358716685,749.9963091436249,1168.0660284692651,nan,True,9.600014891475439e-06,success,-0.2922999641283315,-250.0036908563751,168.06602846926512,-0.14614998206416574,-0.2500036908563751,0.16806602846926513,"{""solution_info"": {""status"": ""ok"", ""objective"": 8.821930110699728e-28, ""roots_found"": 2, ""variant"": ""IV"", ""grid_size"": 97, ""strategy"": ""CW_profile_Brent"", ""paper_domain"": false}}"
2.0,1000.0,1000.0,10,2,mmle_v,mmle_v,,,,,False,8.999952115118504e-06,failure,nan,nan,nan,nan,nan,nan,"{""solution_info"": {""status"": ""no_root_in_declared_location_domain"", ""variant"": ""V"", ""grid_size"": 97}}"
2.0,1000.0,1000.0,10,2,wmle_checked,wmle_checked,1.9551708317002146,885.6372882289945,1057.9101574183946,0.9270640591009174,True,0.11777589999837801,success,-0.04482916829978545,-114.36271177100548,57.91015741839465,-0.022414584149892725,-0.11436271177100547,0.05791015741839465,"{""solution_info"": {""status"": ""ok"", ""objective"": 1.0659608320087108e-21, ""strategy"": ""deterministic_multistart_equation_minimization"", ""start_count"": 5, ""selected_start"": 0, ""location_at_zero_boundary"": false, ""production_status"": ""ok"", ""recovered"": false}}"
2.0,1000.0,1000.0,10,2,mme_i,mme_i,,,,,False,0.028067900042515248,failure,nan,nan,nan,nan,nan,nan,"{""solution_info"": {""status"": ""no_root_in_declared_shape_domain"", ""variant"": ""I""}}"
2.0,1000.0,1000.0,10,2,mme_ii,mme_ii,3.945830812245245,1568.1397539454554,423.6395881584245,nan,True,1.2899981811642647e-05,success,1.9458308122452448,568.1397539454554,-576.3604118415756,0.9729154061226224,0.5681397539454554,-0.5763604118415756,"{""solution_info"": {""status"": ""ok"", ""variant"": ""II"", ""roots_found"": 1, ""candidate_estimates"": [[3.945830812245245, 1.5681397539454554, 0.4236395881584245]], ""sample_moment_shape_initializer"": 2.3873085844004183, ""criterion_residual"": -1.9984014443252818e-15, ""strategy"": ""CW_moment_Brent_valid_support_then_sample_skew_initializer""}}"
2.0,1000.0,1000.0,10,2,mme_iii,mme_iii,6.964067988874338,2554.9673263017826,-545.4659516786702,nan,False,9.500014130026102e-06,failure,nan,nan,nan,nan,nan,nan,"{""solution_info"": {""status"": ""location_outside_effective_support"", ""variant"": ""III"", ""roots_found"": 1, ""candidate_estimates"": [[6.964067988874338, 2.5549673263017825, -0.5454659516786702]], ""sample_moment_shape_initializer"": 2.3873085844004183, ""criterion_residual"": -2.220446049250313e-16, ""strategy"": ""CW_moment_Brent_valid_support_then_sample_skew_initializer""}}"
2.0,1000.0,1000.0,10,2,mmle_i_paper,mmle_i_paper,6.824000267437263,2732.998802686291,-720.5767097954779,0.0,True,0.05901209998410195,success,4.824000267437263,1732.9988026862911,-1720.5767097954779,2.4120001337186316,1.732998802686291,-1.7205767097954778,"{""solution_info"": {""status"": ""ok"", ""objective"": 1.232595164407831e-32, ""roots_found"": 1, ""grid_size"": 97, ""strategy"": ""cw_i_profile_brent"", ""paper_domain"": true, ""raw_min_gap"": 1936.6041898381488}}"
2.0,1000.0,1000.0,10,2,mmle_ii_paper,mmle_ii_paper,3.8897273019617113,1547.6945588409037,441.15216668188594,nan,True,0.13302599999587983,success,1.8897273019617113,547.6945588409037,-558.847833318114,0.9448636509808557,0.5476945588409037,-0.558847833318114,"{""solution_info"": {""status"": ""ok"", ""objective"": 7.189265370804225e-28, ""roots_found"": 1, ""variant"": ""II"", ""grid_size"": 97, ""strategy"": ""CW_profile_Brent"", ""paper_domain"": true}}"
2.0,1000.0,1000.0,10,2,mmle_iii_paper,mmle_iii_paper,0.9999999999999984,628.1565826915773,1215.7496341677663,nan,True,1.2400036212056875e-05,success,-1.0000000000000016,-371.84341730842266,215.74963416776632,-0.5000000000000008,-0.3718434173084227,0.21574963416776632,"{""solution_info"": {""status"": ""ok"", ""objective"": 2.1803678854076593e-26, ""roots_found"": 3, ""variant"": ""III"", ""grid_size"": 97, ""strategy"": ""CW_profile_Brent"", ""paper_domain"": true}}"
2.0,1000.0,1000.0,10,2,mmle_iv_paper,mmle_iv_paper,1.7077000358716097,749.9963091436099,1168.0660284692758,nan,True,9.800016414374113e-06,success,-0.2922999641283903,-250.0036908563901,168.0660284692758,-0.14614998206419516,-0.2500036908563901,0.16806602846927582,"{""solution_info"": {""status"": ""ok"", ""objective"": 9.329512799402872e-29, ""roots_found"": 2, ""variant"": ""IV"", ""grid_size"": 97, ""strategy"": ""CW_profile_Brent"", ""paper_domain"": true}}"
2.0,1000.0,1000.0,10,2,mmle_v_paper,mmle_v_paper,,,,,False,9.000010322779417e-06,failure,nan,nan,nan,nan,nan,nan,"{""solution_info"": {""status"": ""no_root_in_declared_location_domain"", ""variant"": ""V"", ""grid_size"": 97}}"
2.0,1000.0,1000.0,10,3,mle_local,mle_local,,,,,False,0.24019300000509247,failure,nan,nan,nan,nan,nan,nan,"{""solution_info"": {""status"": ""unbounded""}}"
2.0,1000.0,1000.0,10,3,mmle_i,mmle_i,1.541867710722342,794.08308977892,919.3964868339195,0.0,True,0.06883260002359748,success,-0.45813228927765803,-205.91691022108,-80.60351316608046,-0.22906614463882902,-0.20591691022108,-0.08060351316608046,"{""solution_info"": {""status"": ""ok"", ""objective"": 1.8943243554790725e-25, ""roots_found"": 1, ""grid_size"": 97, ""strategy"": ""cw_i_profile_brent"", ""paper_domain"": false, ""raw_min_gap"": 172.89099295223315}}"
2.0,1000.0,1000.0,10,3,mmle_ii,mmle_ii,1.4464010916197978,748.5987653889267,954.089873249896,nan,True,0.11264350003330037,success,-0.5535989083802022,-251.40123461107328,-45.91012675010404,-0.2767994541901011,-0.2514012346110733,-0.045910126750104044,"{""solution_info"": {""status"": ""ok"", ""objective"": 4.930380657631324e-32, ""roots_found"": 1, ""variant"": ""II"", ""grid_size"": 97, ""strategy"": ""CW_profile_Brent"", ""paper_domain"": false}}"
2.0,1000.0,1000.0,10,3,mmle_iii,mmle_iii,1.0000000000000189,552.6200285274365,1076.9832209758451,nan,True,1.850002445280552e-05,success,-0.9999999999999811,-447.3799714725635,76.98322097584514,-0.49999999999999056,-0.44737997147256353,0.07698322097584515,"{""solution_info"": {""status"": ""ok"", ""objective"": 4.1464501330679433e-29, ""roots_found"": 2, ""variant"": ""III"", ""grid_size"": 97, ""strategy"": ""CW_profile_Brent"", ""paper_domain"": false}}"
2.0,1000.0,1000.0,10,3,mmle_iv,mmle_iv,1.1477270175130148,612.1440996099503,1046.6942786740433,nan,True,1.0400020983070135e-05,success,-0.8522729824869852,-387.85590039004967,46.69427867404329,-0.4261364912434926,-0.3878559003900497,0.04669427867404329,"{""solution_info"": {""status"": ""ok"", ""objective"": 1.0872142625514205e-26, ""roots_found"": 1, ""variant"": ""IV"", ""grid_size"": 97, ""strategy"": ""CW_profile_Brent"", ""paper_domain"": false}}"
2.0,1000.0,1000.0,10,3,mmle_v,mmle_v,1.166853701106748,620.4215227780328,1041.790226672998,nan,True,9.500014130026102e-06,success,-0.8331462988932521,-379.5784772219672,41.79022667299796,-0.41657314944662605,-0.3795784772219672,0.04179022667299796,"{""solution_info"": {""status"": ""ok"", ""objective"": 2.3863042382935607e-29, ""roots_found"": 1, ""variant"": ""V"", ""grid_size"": 97, ""strategy"": ""CW_profile_Brent"", ""paper_domain"": false}}"
2.0,1000.0,1000.0,10,3,wmle_checked,wmle_checked,0.977661669849145,582.8998742372289,1061.6889425524482,0.9743302544586239,True,0.10855499998433515,success,-1.022338330150855,-417.1001257627711,61.688942552448225,-0.5111691650754275,-0.4171001257627711,0.06168894255244822,"{""solution_info"": {""status"": ""ok"", ""objective"": 1.9725472455855002e-19, ""strategy"": ""deterministic_multistart_equation_minimization"", ""start_count"": 5, ""selected_start"": 3, ""location_at_zero_boundary"": false, ""production_status"": ""ok"", ""recovered"": false}}"
2.0,1000.0,1000.0,10,3,mme_i,mme_i,1.28805002146424,703.2039440723862,978.912203482845,nan,True,0.02557120000710711,success,-0.7119499785357599,-296.7960559276138,-21.08779651715497,-0.35597498926787996,-0.29679605592761377,-0.02108779651715497,"{""solution_info"": {""status"": ""ok"", ""variant"": ""I"", ""roots_found"": 1, ""candidate_estimates"": [[1.28805002146424, 0.7032039440723862, 0.978912203482845]], ""sample_moment_shape_initializer"": 2.120803054690233, ""criterion_residual"": 8.881784197001252e-16, ""strategy"": ""CW_moment_Brent_valid_support_then_sample_skew_initializer""}}"
2.0,1000.0,1000.0,10,3,mme_ii,mme_ii,1.2699811498959253,691.8081402194476,987.5339567240221,nan,True,1.580000389367342e-05,success,-0.7300188501040747,-308.19185978055236,-12.466043275977881,-0.3650094250520374,-0.30819185978055236,-0.01246604327597788,"{""solution_info"": {""status"": ""ok"", ""variant"": ""II"", ""roots_found"": 1, ""candidate_estimates"": [[1.2699811498959253, 0.6918081402194476, 0.9875339567240221]], ""sample_moment_shape_initializer"": 2.120803054690233, ""criterion_residual"": -1.3322676295501878e-15, ""strategy"": ""CW_moment_Brent_valid_support_then_sample_skew_initializer""}}"
2.0,1000.0,1000.0,10,3,mme_iii,mme_iii,1.1766268883000683,631.3989166662877,1032.5670276893777,nan,True,1.0100018698722124e-05,success,-0.8233731116999317,-368.60108333371227,32.56702768937771,-0.41168655584996583,-0.3686010833337123,0.03256702768937771,"{""solution_info"": {""status"": ""ok"", ""variant"": ""III"", ""roots_found"": 2, ""candidate_estimates"": [[0.3816016985542461, 0.03933958440879457, 1.4799170836682836], [1.1766268883000683, 0.6313989166662878, 1.0325670276893777]], ""sample_moment_shape_initializer"": 2.120803054690233, ""criterion_residual"": -5.551115123125783e-16, ""strategy"": ""CW_moment_Brent_valid_support_then_sample_skew_initializer""}}"
2.0,1000.0,1000.0,10,3,mmle_i_paper,mmle_i_paper,1.5418677107224221,794.0830897789585,919.3964868338893,0.0,True,0.05508760001976043,success,-0.4581322892775779,-205.91691022104146,-80.6035131661107,-0.22906614463878894,-0.20591691022104147,-0.0806035131661107,"{""solution_info"": {""status"": ""ok"", ""objective"": 1.8479618907435856e-25, ""roots_found"": 1, ""grid_size"": 97, ""strategy"": ""cw_i_profile_brent"", ""paper_domain"": true, ""raw_min_gap"": 172.89099295226325}}"
2.0,1000.0,1000.0,10,3,mmle_ii_paper,mmle_ii_paper,1.4464010916197987,748.5987653889272,954.0898732498957,nan,True,0.12800610001431778,success,-0.5535989083802013,-251.40123461107282,-45.91012675010427,-0.27679945419010066,-0.25140123461107283,-0.045910126750104266,"{""solution_info"": {""status"": ""ok"", ""objective"": 9.860761315262648e-32, ""roots_found"": 1, ""variant"": ""II"", ""grid_size"": 97, ""strategy"": ""CW_profile_Brent"", ""paper_domain"": true}}"
2.0,1000.0,1000.0,10,3,mmle_iii_paper,mmle_iii_paper,1.000000000000017,552.6200285274359,1076.9832209758454,nan,True,1.1899974197149277e-05,success,-0.9999999999999829,-447.3799714725641,76.98322097584537,-0.49999999999999145,-0.4473799714725641,0.07698322097584537,"{""solution_info"": {""status"": ""ok"", ""objective"": 4.738095811983702e-29, ""roots_found"": 3, ""variant"": ""III"", ""grid_size"": 97, ""strategy"": ""CW_profile_Brent"", ""paper_domain"": true}}"
2.0,1000.0,1000.0,10,3,mmle_iv_paper,mmle_iv_paper,1.1477270175131897,612.1440996100255,1046.6942786739992,nan,True,1.0600022505968809e-05,success,-0.8522729824868103,-387.8559003899745,46.69427867399918,-0.42613649124340514,-0.38785590038997453,0.04669427867399918,"{""solution_info"": {""status"": ""ok"", ""objective"": 1.1711749473653887e-27, ""roots_found"": 2, ""variant"": ""IV"", ""grid_size"": 97, ""strategy"": ""CW_profile_Brent"", ""paper_domain"": true}}"
2.0,1000.0,1000.0,10,3,mmle_v_paper,mmle_v_paper,1.166853701106747,620.4215227780323,1041.7902266729982,nan,True,9.300012607127428e-06,success,-0.833146298893253,-379.57847722196766,41.79022667299819,-0.4165731494466265,-0.37957847722196764,0.041790226672998185,"{""solution_info"": {""status"": ""ok"", ""objective"": 2.627189338582818e-29, ""roots_found"": 1, ""variant"": ""V"", ""grid_size"": 97, ""strategy"": ""CW_profile_Brent"", ""paper_domain"": true}}"
2.0,1000.0,1000.0,10,4,mle_local,mle_local,,,,,False,4.044786799990106,failure,nan,nan,nan,nan,nan,nan,"{""solution_info"": {""status"": ""unbounded""}}"
2.0,1000.0,1000.0,10,4,mmle_i,mmle_i,1.4385363604906545,788.0228585209784,956.0071642845307,0.0,True,0.08371550001902506,success,-0.5614636395093455,-211.9771414790216,-43.992835715469255,-0.28073181975467276,-0.2119771414790216,-0.043992835715469254,"{""solution_info"": {""status"": ""ok"", ""objective"": 8.011868568650901e-31, ""roots_found"": 1, ""grid_size"": 97, ""strategy"": ""cw_i_profile_brent"", ""paper_domain"": false, ""raw_min_gap"": 153.77525780605674}}"
2.0,1000.0,1000.0,10,4,mmle_ii,mmle_ii,1.3954736513768842,761.4218007733273,976.4410311199325,nan,True,0.14101139997364953,success,-0.6045263486231158,-238.57819922667272,-23.558968880067482,-0.3022631743115579,-0.23857819922667273,-0.023558968880067484,"{""solution_info"": {""status"": ""ok"", ""objective"": 3.3526588471893e-29, ""roots_found"": 1, ""variant"": ""II"", ""grid_size"": 97, ""strategy"": ""CW_profile_Brent"", ""paper_domain"": false}}"
2.0,1000.0,1000.0,10,4,mmle_iii,mmle_iii,1.0000000000000027,561.7191563975849,1102.266096137665,nan,True,6.520003080368042e-05,success,-0.9999999999999973,-438.2808436024151,102.26609613766504,-0.49999999999999867,-0.4382808436024151,0.10226609613766505,"{""solution_info"": {""status"": ""ok"", ""objective"": 7.888609052210118e-31, ""roots_found"": 3, ""variant"": ""III"", ""grid_size"": 97, ""strategy"": ""CW_profile_Brent"", ""paper_domain"": false}}"
2.0,1000.0,1000.0,10,4,mmle_iv,mmle_iv,0.9657786912763742,550.9652771004235,1105.2177416031577,nan,True,1.1100026313215494e-05,success,-1.0342213087236258,-449.03472289957654,105.21774160315772,-0.5171106543618129,-0.4490347228995765,0.10521774160315772,"{""solution_info"": {""status"": ""ok"", ""objective"": 4.2912677389342194e-27, ""roots_found"": 2, ""variant"": ""IV"", ""grid_size"": 97, ""strategy"": ""CW_profile_Brent"", ""paper_domain"": false}}"
2.0,1000.0,1000.0,10,4,mmle_v,mmle_v,0.974210695023021,553.5207317162051,1104.5967737732237,nan,True,9.899958968162537e-06,success,-1.0257893049769788,-446.4792682837949,104.59677377322373,-0.5128946524884894,-0.4464792682837949,0.10459677377322373,"{""solution_info"": {""status"": ""ok"", ""objective"": 1.9615236636981208e-31, ""roots_found"": 1, ""variant"": ""V"", ""grid_size"": 97, ""strategy"": ""CW_profile_Brent"", ""paper_domain"": false}}"
2.0,1000.0,1000.0,10,4,wmle_checked,wmle_checked,1.0290776882451862,610.6268796657121,1079.1872620729848,0.9158196922495739,True,0.1457885000272654,success,-0.9709223117548138,-389.37312033428793,79.18726207298482,-0.4854611558774069,-0.38937312033428795,0.07918726207298482,"{""solution_info"": {""status"": ""ok"", ""objective"": 2.0083311399918053e-19, ""strategy"": ""deterministic_multistart_equation_minimization"", ""start_count"": 5, ""selected_start"": 3, ""location_at_zero_boundary"": false, ""production_status"": ""ok"", ""recovered"": false}}"
2.0,1000.0,1000.0,10,4,mme_i,mme_i,1.086018772374171,648.7636502872724,1035.2948727058267,nan,True,0.028379300027154386,success,-0.913981227625829,-351.2363497127276,35.29487270582672,-0.4569906138129145,-0.3512363497127276,0.03529487270582672,"{""solution_info"": {""status"": ""ok"", ""variant"": ""I"", ""roots_found"": 1, ""candidate_estimates"": [[1.086018772374171, 0.6487636502872725, 1.0352948727058267]], ""sample_moment_shape_initializer"": 1.267292423715942, ""criterion_residual"": 2.2093438190040615e-14, ""strategy"": ""CW_moment_Brent_valid_support_then_sample_skew_initializer""}}"
2.0,1000.0,1000.0,10,4,mme_ii,mme_ii,1.0887575617720564,650.9201578822282,1033.7448742461431,nan,True,1.2299977242946625e-05,success,-0.9112424382279436,-349.0798421177718,33.74487424614313,-0.4556212191139718,-0.3490798421177718,0.03374487424614313,"{""solution_info"": {""status"": ""ok"", ""variant"": ""II"", ""roots_found"": 1, ""candidate_estimates"": [[1.0887575617720564, 0.6509201578822282, 1.033744874246143]], ""sample_moment_shape_initializer"": 1.267292423715942, ""criterion_residual"": 1.1102230246251565e-16, ""strategy"": ""CW_moment_Brent_valid_support_then_sample_skew_initializer""}}"
2.0,1000.0,1000.0,10,4,mme_iii,mme_iii,0.9883391716590266,569.7926912982344,1091.3175887507275,nan,True,9.600014891475439e-06,success,-1.0116608283409734,-430.20730870176556,91.31758875072751,-0.5058304141704867,-0.43020730870176555,0.09131758875072751,"{""solution_info"": {""status"": ""ok"", ""variant"": ""III"", ""roots_found"": 2, ""candidate_estimates"": [[0.4410631376386021, 0.0831084513601234, 1.448359577393722], [0.9883391716590266, 0.5697926912982344, 1.0913175887507276]], ""sample_moment_shape_initializer"": 1.267292423715942, ""criterion_residual"": -5.551115123125783e-17, ""strategy"": ""CW_moment_Brent_valid_support_then_sample_skew_initializer""}}"
2.0,1000.0,1000.0,10,4,mmle_i_paper,mmle_i_paper,1.4385363604908192,788.0228585210813,956.007164284451,0.0,True,0.07421380002051592,success,-0.5614636395091808,-211.97714147891872,-43.99283571554895,-0.2807318197545904,-0.21197714147891872,-0.04399283571554895,"{""solution_info"": {""status"": ""ok"", ""objective"": 8.179225409693539e-26, ""roots_found"": 1, ""grid_size"": 97, ""strategy"": ""cw_i_profile_brent"", ""paper_domain"": true, ""raw_min_gap"": 153.7752578061363}}"
2.0,1000.0,1000.0,10,4,mmle_ii_paper,mmle_ii_paper,1.3954736513768817,761.4218007733257,976.4410311199339,nan,True,0.16740100004244596,success,-0.6045263486231183,-238.57819922667431,-23.558968880066118,-0.30226317431155914,-0.2385781992266743,-0.023558968880066117,"{""solution_info"": {""status"": ""ok"", ""objective"": 6.409494854920721e-31, ""roots_found"": 1, ""variant"": ""II"", ""grid_size"": 97, ""strategy"": ""CW_profile_Brent"", ""paper_domain"": true}}"
2.0,1000.0,1000.0,10,4,mmle_iii_paper,mmle_iii_paper,0.9999999999999964,561.7191563975829,1102.2660961376657,nan,True,1.9400031305849552e-05,success,-1.0000000000000036,-438.2808436024171,102.26609613766573,-0.5000000000000018,-0.43828084360241715,0.10226609613766573,"{""solution_info"": {""status"": ""ok"", ""objective"": 7.888609052210118e-31, ""roots_found"": 3, ""variant"": ""III"", ""grid_size"": 97, ""strategy"": ""CW_profile_Brent"", ""paper_domain"": true}}"
2.0,1000.0,1000.0,10,4,mmle_iv_paper,mmle_iv_paper,0.9657786912764081,550.9652771004337,1105.2177416031552,nan,True,1.7000013031065464e-05,success,-1.0342213087235919,-449.0347228995663,105.21774160315522,-0.5171106543617959,-0.4490347228995663,0.10521774160315522,"{""solution_info"": {""status"": ""ok"", ""objective"": 2.9705543462228726e-30, ""roots_found"": 2, ""variant"": ""IV"", ""grid_size"": 97, ""strategy"": ""CW_profile_Brent"", ""paper_domain"": true}}"
2.0,1000.0,1000.0,10,4,mmle_v_paper,mmle_v_paper,0.9742106950230188,553.5207317162044,1104.596773773224,nan,True,1.109996810555458e-05,success,-1.025789304976981,-446.4792682837956,104.59677377322396,-0.5128946524884905,-0.4464792682837956,0.10459677377322396,"{""solution_info"": {""status"": ""ok"", ""objective"": 2.5467921830012344e-30, ""roots_found"": 1, ""variant"": ""V"", ""grid_size"": 97, ""strategy"": ""CW_profile_Brent"", ""paper_domain"": true}}"
2.0,1000.0,1000.0,10,5,mle_local,mle_local,8.743922148755011,2089.0049512093096,0.0,0.8825287130645716,True,0.16912089998368174,success,6.743922148755011,1089.0049512093096,-1000.0,3.3719610743775057,1.0890049512093096,-1.0,"{""solution_info"": {""status"": ""ok"", ""strategy"": ""deterministic_multistart_likelihood"", ""start_count"": 5, ""selected_start"": 0, ""log_likelihood"": -0.8904682389164762, ""location_at_zero_boundary"": true}}"
2.0,1000.0,1000.0,10,5,mmle_i,mmle_i,,,,,False,0.06272139999782667,failure,nan,nan,nan,nan,nan,nan,"{""raw_status"": ""no_root_in_declared_location_domain"", ""solution_info"": {""status"": ""no_root_in_declared_location_domain"", ""location_lower"": 0.0, ""endpoint_constraint_residuals"": [7.205976517251017, 1.261100320266138], ""grid_size"": 97}}"
2.0,1000.0,1000.0,10,5,mmle_ii,mmle_ii,,,,,False,0.13838730001589283,failure,nan,nan,nan,nan,nan,nan,"{""solution_info"": {""status"": ""no_root_in_declared_location_domain"", ""variant"": ""II"", ""grid_size"": 97}}"
2.0,1000.0,1000.0,10,5,mmle_iii,mmle_iii,1.0000000000000022,591.5560220249502,1382.0680198353616,nan,True,1.1000025551766157e-05,success,-0.9999999999999978,-408.44397797504985,382.0680198353616,-0.4999999999999989,-0.40844397797504983,0.3820680198353616,"{""solution_info"": {""status"": ""ok"", ""objective"": 1.7749370367472766e-30, ""roots_found"": 2, ""variant"": ""III"", ""grid_size"": 97, ""strategy"": ""CW_profile_Brent"", ""paper_domain"": false}}"
2.0,1000.0,1000.0,10,5,mmle_iv,mmle_iv,2.319891708792338,711.9708210392608,1330.753804132777,nan,True,9.90001717582345e-06,success,0.31989170879233786,-288.02917896073916,330.7538041327771,0.15994585439616893,-0.28802917896073915,0.33075380413277705,"{""solution_info"": {""status"": ""ok"", ""objective"": 1.232595164407831e-30, ""roots_found"": 1, ""variant"": ""IV"", ""grid_size"": 97, ""strategy"": ""CW_profile_Brent"", ""paper_domain"": false}}"
2.0,1000.0,1000.0,10,5,mmle_v,mmle_v,2.519612226555803,741.761111637241,1306.4008611260795,nan,True,9.200011845678091e-06,success,0.519612226555803,-258.238888362759,306.40086112607946,0.2598061132779015,-0.258238888362759,0.30640086112607945,"{""solution_info"": {""status"": ""ok"", ""objective"": 4.437342591868191e-31, ""roots_found"": 1, ""variant"": ""V"", ""grid_size"": 97, ""strategy"": ""CW_profile_Brent"", ""paper_domain"": false}}"
2.0,1000.0,1000.0,10,5,wmle_checked,wmle_checked,4.126328140894258,1153.1369612640588,921.256917083733,0.847958555061501,True,0.1372937000123784,success,2.126328140894258,153.13696126405875,-78.74308291626699,1.063164070447129,0.15313696126405876,-0.07874308291626698,"{""solution_info"": {""status"": ""ok"", ""objective"": 5.331616900542882e-23, ""strategy"": ""deterministic_multistart_equation_minimization"", ""start_count"": 5, ""selected_start"": 2, ""location_at_zero_boundary"": false, ""production_status"": ""ok"", ""recovered"": false}}"
2.0,1000.0,1000.0,10,5,mme_i,mme_i,,,,,False,0.03772849997039884,failure,nan,nan,nan,nan,nan,nan,"{""solution_info"": {""status"": ""no_root_in_declared_shape_domain"", ""variant"": ""I""}}"
2.0,1000.0,1000.0,10,5,mme_ii,mme_ii,,,,,False,1.1400028597563505e-05,failure,nan,nan,nan,nan,nan,nan,"{""solution_info"": {""status"": ""no_root_in_declared_shape_domain"", ""variant"": ""II""}}"
2.0,1000.0,1000.0,10,5,mme_iii,mme_iii,2.2209960814708705,684.9755328421824,1366.9693532007009,nan,True,9.400013368576765e-06,success,0.22099608147087046,-315.02446715781764,366.9693532007009,0.11049804073543523,-0.3150244671578176,0.3669693532007009,"{""solution_info"": {""status"": ""ok"", ""variant"": ""III"", ""roots_found"": 2, ""candidate_estimates"": [[0.22467879809773061, 0.0005372851557109269, 1.9476379589607613], [2.2209960814708705, 0.6849755328421824, 1.3669693532007008]], ""sample_moment_shape_initializer"": 6.940160967600129, ""criterion_residual"": -3.0309088572266774e-14, ""strategy"": ""CW_moment_Brent_valid_support_then_sample_skew_initializer""}}"
2.0,1000.0,1000.0,10,5,mmle_i_paper,mmle_i_paper,,,,,False,0.06390379997901618,failure,nan,nan,nan,nan,nan,nan,"{""raw_status"": ""no_root_in_declared_location_domain"", ""solution_info"": {""status"": ""no_root_in_declared_location_domain"", ""location_lower"": -912.590238765902, ""endpoint_constraint_residuals"": [7.205976517251017, 1.0973244119066035], ""grid_size"": 97}}"
2.0,1000.0,1000.0,10,5,mmle_ii_paper,mmle_ii_paper,,,,,False,0.14386599999852479,failure,nan,nan,nan,nan,nan,nan,"{""solution_info"": {""status"": ""no_root_in_declared_location_domain"", ""variant"": ""II"", ""grid_size"": 97}}"
2.0,1000.0,1000.0,10,5,mmle_iii_paper,mmle_iii_paper,1.0000000000000007,591.55602202495,1382.0680198353616,nan,True,1.3100041542202234e-05,success,-0.9999999999999993,-408.44397797504996,382.0680198353616,-0.49999999999999967,-0.40844397797504994,0.3820680198353616,"{""solution_info"": {""status"": ""ok"", ""objective"": 1.0699806854080314e-29, ""roots_found"": 2, ""variant"": ""III"", ""grid_size"": 97, ""strategy"": ""CW_profile_Brent"", ""paper_domain"": true}}"
2.0,1000.0,1000.0,10,5,mmle_iv_paper,mmle_iv_paper,2.3198917087923308,711.9708210392599,1330.7538041327778,nan,True,9.90001717582345e-06,success,0.31989170879233075,-288.02917896074007,330.75380413277776,0.15994585439616538,-0.2880291789607401,0.3307538041327778,"{""solution_info"": {""status"": ""ok"", ""objective"": 2.2137409152764644e-29, ""roots_found"": 1, ""variant"": ""IV"", ""grid_size"": 97, ""strategy"": ""CW_profile_Brent"", ""paper_domain"": true}}"
2.0,1000.0,1000.0,10,5,mmle_v_paper,mmle_v_paper,2.5196122265558225,741.7611116372435,1306.4008611260776,nan,True,9.599956683814526e-06,success,0.5196122265558225,-258.2388883627565,306.40086112607764,0.25980611327791125,-0.2582388883627565,0.3064008611260776,"{""solution_info"": {""status"": ""ok"", ""objective"": 1.4993862368076368e-29, ""roots_found"": 1, ""variant"": ""V"", ""grid_size"": 97, ""strategy"": ""CW_profile_Brent"", ""paper_domain"": true}}"
2.0,1000.0,1000.0,10,6,mle_local,mle_local,,,,,False,0.2322342999977991,failure,nan,nan,nan,nan,nan,nan,"{""solution_info"": {""status"": ""unbounded""}}"
2.0,1000.0,1000.0,10,6,mmle_i,mmle_i,1.9113449784636236,838.4230741653678,1058.325840914958,0.0,True,0.06233139999676496,success,-0.08865502153637639,-161.57692583463222,58.32584091495801,-0.044327510768188194,-0.1615769258346322,0.05832584091495801,"{""solution_info"": {""status"": ""ok"", ""objective"": 4.930380657631324e-32, ""roots_found"": 1, ""grid_size"": 97, ""strategy"": ""cw_i_profile_brent"", ""paper_domain"": false, ""raw_min_gap"": 245.10788329297128}}"
2.0,1000.0,1000.0,10,6,mmle_ii,mmle_ii,1.7004123604511687,752.2144250545938,1130.1627893993618,nan,True,0.174333100032527,success,-0.2995876395488313,-247.7855749454062,130.16278939936183,-0.14979381977441564,-0.2477855749454062,0.13016278939936182,"{""solution_info"": {""status"": ""ok"", ""objective"": 5.334671871557092e-29, ""roots_found"": 1, ""variant"": ""II"", ""grid_size"": 97, ""strategy"": ""CW_profile_Brent"", ""paper_domain"": false}}"
2.0,1000.0,1000.0,10,6,mmle_iii,mmle_iii,1.0000000000000584,499.8635740619002,1297.4853474240565,nan,True,1.1499971151351929e-05,success,-0.9999999999999416,-500.1364259380998,297.4853474240565,-0.4999999999999708,-0.5001364259380998,0.2974853474240565,"{""solution_info"": {""status"": ""ok"", ""objective"": 1.655487627912879e-29, ""roots_found"": 3, ""variant"": ""III"", ""grid_size"": 97, ""strategy"": ""CW_profile_Brent"", ""paper_domain"": false}}"
2.0,1000.0,1000.0,10,6,mmle_iv,mmle_iv,1.2212958195003702,567.3064637001382,1265.5457406974294,nan,True,1.0000017937272787e-05,success,-0.7787041804996298,-432.69353629986176,265.54574069742944,-0.3893520902498149,-0.43269353629986174,0.2655457406974294,"{""solution_info"": {""status"": ""ok"", ""objective"": 6.409494854920721e-31, ""roots_found"": 2, ""variant"": ""IV"", ""grid_size"": 97, ""strategy"": ""CW_profile_Brent"", ""paper_domain"": false}}"
2.0,1000.0,1000.0,10,6,mmle_v,mmle_v,0.8216680249366345,459.56474010001654,1303.0691871598813,nan,True,9.100011084228754e-06,success,-1.1783319750633656,-540.4352598999835,303.06918715988127,-0.5891659875316828,-0.5404352598999835,0.3030691871598813,"{""solution_info"": {""status"": ""ok"", ""objective"": 3.993608332681372e-30, ""roots_found"": 1, ""variant"": ""V"", ""grid_size"": 97, ""strategy"": ""CW_profile_Brent"", ""paper_domain"": false}}"
2.0,1000.0,1000.0,10,6,wmle_checked,wmle_checked,1.1099748919800274,568.3305367800687,1263.7920709251741,0.9638688666020764,True,0.1658121999935247,success,-0.8900251080199726,-431.66946321993134,263.79207092517413,-0.4450125540099863,-0.4316694632199313,0.26379207092517415,"{""solution_info"": {""status"": ""ok"", ""objective"": 1.6054787706159588e-20, ""strategy"": ""deterministic_multistart_equation_minimization"", ""start_count"": 5, ""selected_start"": 3, ""location_at_zero_boundary"": false, ""production_status"": ""ok"", ""recovered"": false}}"
2.0,1000.0,1000.0,10,6,mme_i,mme_i,1.4911874300126955,708.9684421240031,1156.868456973286,nan,True,0.02558299998054281,success,-0.5088125699873045,-291.0315578759969,156.8684569732859,-0.25440628499365225,-0.2910315578759969,0.1568684569732859,"{""solution_info"": {""status"": ""ok"", ""variant"": ""I"", ""roots_found"": 1, ""candidate_estimates"": [[1.4911874300126955, 0.7089684421240031, 1.1568684569732859]], ""sample_moment_shape_initializer"": 2.183604015213148, ""criterion_residual"": 6.94999613415348e-14, ""strategy"": ""CW_moment_Brent_valid_support_then_sample_skew_initializer""}}"
2.0,1000.0,1000.0,10,6,mme_ii,mme_ii,1.435045082814783,680.7521485415411,1179.1959213521523,nan,True,1.2300035450607538e-05,success,-0.5649549171852171,-319.24785145845885,179.19592135215225,-0.28247745859260853,-0.31924785145845885,0.17919592135215226,"{""solution_info"": {""status"": ""ok"", ""variant"": ""II"", ""roots_found"": 1, ""candidate_estimates"": [[1.435045082814783, 0.6807521485415411, 1.1791959213521523]], ""sample_moment_shape_initializer"": 2.183604015213148, ""criterion_residual"": -5.040412531798211e-14, ""strategy"": ""CW_moment_Brent_valid_support_then_sample_skew_initializer""}}"
2.0,1000.0,1000.0,10,6,mme_iii,mme_iii,,,,,False,1.0000017937272787e-05,failure,nan,nan,nan,nan,nan,nan,"{""solution_info"": {""status"": ""no_root_in_declared_shape_domain"", ""variant"": ""III""}}"
2.0,1000.0,1000.0,10,6,mmle_i_paper,mmle_i_paper,1.9113449784636232,838.4230741653674,1058.3258409149582,0.0,True,0.05866390001028776,success,-0.08865502153637683,-161.57692583463256,58.325840914958235,-0.044327510768188416,-0.16157692583463257,0.05832584091495824,"{""solution_info"": {""status"": ""ok"", ""objective"": 1.9721522630525295e-31, ""roots_found"": 1, ""grid_size"": 97, ""strategy"": ""cw_i_profile_brent"", ""paper_domain"": true, ""raw_min_gap"": 245.10788329297117}}"
2.0,1000.0,1000.0,10,6,mmle_ii_paper,mmle_ii_paper,1.7004123604511678,752.214425054593,1130.1627893993625,nan,True,0.13233089999994263,success,-0.29958763954883216,-247.785574945407,130.1627893993625,-0.14979381977441608,-0.247785574945407,0.13016278939936252,"{""solution_info"": {""status"": ""ok"", ""objective"": 3.0864182916772087e-29, ""roots_found"": 1, ""variant"": ""II"", ""grid_size"": 97, ""strategy"": ""CW_profile_Brent"", ""paper_domain"": true}}"
2.0,1000.0,1000.0,10,6,mmle_iii_paper,mmle_iii_paper,1.0000000000000853,499.8635740619069,1297.4853474240545,nan,True,1.109996810555458e-05,success,-0.9999999999999147,-500.1364259380931,297.48534742405445,-0.49999999999995737,-0.5001364259380932,0.29748534742405447,"{""solution_info"": {""status"": ""ok"", ""objective"": 4.20679187208744e-29, ""roots_found"": 3, ""variant"": ""III"", ""grid_size"": 97, ""strategy"": ""CW_profile_Brent"", ""paper_domain"": true}}"
2.0,1000.0,1000.0,10,6,mmle_iv_paper,mmle_iv_paper,1.2212958195003707,567.3064637001384,1265.5457406974294,nan,True,9.500014130026102e-06,success,-0.7787041804996293,-432.69353629986165,265.54574069742944,-0.38935209024981465,-0.4326935362998616,0.2655457406974294,"{""solution_info"": {""status"": ""ok"", ""objective"": 2.0214560696288428e-30, ""roots_found"": 2, ""variant"": ""IV"", ""grid_size"": 97, ""strategy"": ""CW_profile_Brent"", ""paper_domain"": true}}"
2.0,1000.0,1000.0,10,6,mmle_v_paper,mmle_v_paper,0.8216680249366352,459.5647401000167,1303.0691871598813,nan,True,9.599956683814526e-06,success,-1.1783319750633647,-540.4352598999833,303.06918715988127,-0.5891659875316824,-0.5404352598999833,0.3030691871598813,"{""solution_info"": {""status"": ""ok"", ""objective"": 1.749339718817108e-30, ""roots_found"": 1, ""variant"": ""V"", ""grid_size"": 97, ""strategy"": ""CW_profile_Brent"", ""paper_domain"": true}}"
2.0,1000.0,1000.0,10,7,mle_local,mle_local,2.662269517826537,1140.3516511890764,917.9694814696679,0.8955370020635651,True,0.09600510000018403,success,0.662269517826537,140.3516511890764,-82.03051853033207,0.3311347589132685,0.1403516511890764,-0.08203051853033208,"{""solution_info"": {""status"": ""ok"", ""strategy"": ""deterministic_multistart_likelihood"", ""start_count"": 5, ""selected_start"": 0, ""log_likelihood"": -5.318647132410632, ""location_at_zero_boundary"": false}}"
2.0,1000.0,1000.0,10,7,mmle_i,mmle_i,,,,,False,0.055689599947072566,failure,nan,nan,nan,nan,nan,nan,"{""raw_status"": ""no_root_in_declared_location_domain"", ""solution_info"": {""status"": ""no_root_in_declared_location_domain"", ""location_lower"": 0.0, ""endpoint_constraint_residuals"": [6.194812739469569, 0.3253728113723886], ""grid_size"": 97}}"
2.0,1000.0,1000.0,10,7,mmle_ii,mmle_ii,4.7660017742394585,1902.8770762680672,190.93333575059023,nan,True,0.11987890000455081,success,2.7660017742394585,902.8770762680672,-809.0666642494098,1.3830008871197292,0.9028770762680672,-0.8090666642494098,"{""solution_info"": {""status"": ""ok"", ""objective"": 6.770664497391659e-29, ""roots_found"": 1, ""variant"": ""II"", ""grid_size"": 97, ""strategy"": ""CW_profile_Brent"", ""paper_domain"": false}}"
2.0,1000.0,1000.0,10,7,mmle_iii,mmle_iii,0.9999999999999971,664.6923073125085,1264.5524106647388,nan,True,1.5400000847876072e-05,success,-1.0000000000000029,-335.30769268749145,264.5524106647388,-0.5000000000000014,-0.33530769268749144,0.2645524106647388,"{""solution_info"": {""status"": ""ok"", ""objective"": 7.499108980257243e-29, ""roots_found"": 2, ""variant"": ""III"", ""grid_size"": 97, ""strategy"": ""CW_profile_Brent"", ""paper_domain"": false}}"
2.0,1000.0,1000.0,10,7,mmle_iv,mmle_iv,1.732865079791742,835.2170918762565,1178.9581599941055,nan,True,9.800016414374113e-06,success,-0.267134920208258,-164.78290812374348,178.95815999410547,-0.133567460104129,-0.1647829081237435,0.17895815999410547,"{""solution_info"": {""status"": ""ok"", ""objective"": 4.930380657631324e-31, ""roots_found"": 1, ""variant"": ""IV"", ""grid_size"": 97, ""strategy"": ""CW_profile_Brent"", ""paper_domain"": false}}"
2.0,1000.0,1000.0,10,7,mmle_v,mmle_v,2.8521977134868095,1207.0416360330453,856.7021752969473,nan,True,9.800016414374113e-06,success,0.8521977134868095,207.04163603304528,-143.2978247030527,0.42609885674340475,0.2070416360330453,-0.1432978247030527,"{""solution_info"": {""status"": ""ok"", ""objective"": 4.5155093315463337e-26, ""roots_found"": 1, ""variant"": ""V"", ""grid_size"": 97, ""strategy"": ""CW_profile_Brent"", ""paper_domain"": false}}"
2.0,1000.0,1000.0,10,7,wmle_checked,wmle_checked,2.1358665227288443,1041.2964530187,1005.7318557055675,0.9394173760903438,True,0.14820850000251085,success,0.13586652272884425,41.29645301870005,5.731855705567455,0.06793326136442213,0.04129645301870005,0.005731855705567454,"{""solution_info"": {""status"": ""ok"", ""objective"": 1.7457455726207877e-22, ""strategy"": ""deterministic_multistart_equation_minimization"", ""start_count"": 5, ""selected_start"": 0, ""location_at_zero_boundary"": false, ""production_status"": ""ok"", ""recovered"": false}}"
2.0,1000.0,1000.0,10,7,mme_i,mme_i,,,,,False,0.052228900021873415,failure,nan,nan,nan,nan,nan,nan,"{""solution_info"": {""status"": ""no_root_in_declared_shape_domain"", ""variant"": ""I""}}"
2.0,1000.0,1000.0,10,7,mme_ii,mme_ii,3.2258416887626615,1451.4945559769878,628.6988378702856,nan,True,1.2300035450607538e-05,success,1.2258416887626615,451.49455597698784,-371.3011621297144,0.6129208443813308,0.45149455597698784,-0.37130116212971437,"{""solution_info"": {""status"": ""ok"", ""variant"": ""II"", ""roots_found"": 1, ""candidate_estimates"": [[3.2258416887626615, 1.4514945559769878, 0.6286988378702856]], ""sample_moment_shape_initializer"": 3.886334720770012, ""criterion_residual"": -2.220446049250313e-16, ""strategy"": ""CW_moment_Brent_valid_support_then_sample_skew_initializer""}}"
2.0,1000.0,1000.0,10,7,mme_iii,mme_iii,2.9942336714985602,1362.3614184348698,712.7867175530808,nan,True,9.800016414374113e-06,success,0.9942336714985602,362.36141843486985,-287.21328244691915,0.4971168357492801,0.36236141843486985,-0.2872132824469191,"{""solution_info"": {""status"": ""ok"", ""variant"": ""III"", ""roots_found"": 2, ""candidate_estimates"": [[0.15571315254839865, 6.873626437789356e-06, 1.9181882550972895], [2.9942336714985602, 1.3623614184348698, 0.7127867175530809]], ""sample_moment_shape_initializer"": 3.886334720770012, ""criterion_residual"": -4.916900220308662e-14, ""strategy"": ""CW_moment_Brent_valid_support_then_sample_skew_initializer""}}"
2.0,1000.0,1000.0,10,7,mmle_i_paper,mmle_i_paper,,,,,False,0.07873229996766895,failure,nan,nan,nan,nan,nan,nan,"{""raw_status"": ""no_root_in_declared_location_domain"", ""solution_info"": {""status"": ""no_root_in_declared_location_domain"", ""location_lower"": -2499.5612434804107, ""endpoint_constraint_residuals"": [6.194812739469569, 0.1128243620007634], ""grid_size"": 97}}"
2.0,1000.0,1000.0,10,7,mmle_ii_paper,mmle_ii_paper,4.766001774239752,1902.8770762681752,190.93333575048499,nan,True,0.14290380000602454,success,2.7660017742397516,902.8770762681752,-809.066664249515,1.3830008871198758,0.9028770762681751,-0.809066664249515,"{""solution_info"": {""status"": ""ok"", ""objective"": 1.5175172403804786e-28, ""roots_found"": 1, ""variant"": ""II"", ""grid_size"": 97, ""strategy"": ""CW_profile_Brent"", ""paper_domain"": true}}"
2.0,1000.0,1000.0,10,7,mmle_iii_paper,mmle_iii_paper,0.9999999999999971,664.6923073125085,1264.5524106647388,nan,True,1.1700030881911516e-05,success,-1.0000000000000029,-335.30769268749145,264.5524106647388,-0.5000000000000014,-0.33530769268749144,0.2645524106647388,"{""solution_info"": {""status"": ""ok"", ""objective"": 7.499108980257243e-29, ""roots_found"": 3, ""variant"": ""III"", ""grid_size"": 97, ""strategy"": ""CW_profile_Brent"", ""paper_domain"": true}}"
2.0,1000.0,1000.0,10,7,mmle_iv_paper,mmle_iv_paper,1.732865079791741,835.2170918762562,1178.9581599941057,nan,True,1.0200019460171461e-05,success,-0.2671349202082589,-164.78290812374382,178.9581599941057,-0.13356746010412945,-0.16478290812374383,0.1789581599941057,"{""solution_info"": {""status"": ""ok"", ""objective"": 4.930380657631324e-32, ""roots_found"": 2, ""variant"": ""IV"", ""grid_size"": 97, ""strategy"": ""CW_profile_Brent"", ""paper_domain"": true}}"
2.0,1000.0,1000.0,10,7,mmle_v_paper,mmle_v_paper,2.852197713486805,1207.041636033044,856.7021752969488,nan,True,1.3899989426136017e-05,success,0.8521977134868051,207.04163603304391,-143.29782470305122,0.42609885674340253,0.2070416360330439,-0.14329782470305122,"{""solution_info"": {""status"": ""ok"", ""objective"": 4.501365302034754e-26, ""roots_found"": 1, ""variant"": ""V"", ""grid_size"": 97, ""strategy"": ""CW_profile_Brent"", ""paper_domain"": true}}"
2.0,1000.0,1000.0,10,8,mle_local,mle_local,1.6748175425546337,874.2852882112106,1169.7694834950453,0.824906160127745,True,0.09064320003380999,success,-0.32518245744536634,-125.71471178878937,169.76948349504528,-0.16259122872268317,-0.12571471178878937,0.16976948349504528,"{""solution_info"": {""status"": ""ok"", ""strategy"": ""deterministic_multistart_likelihood"", ""start_count"": 5, ""selected_start"": 3, ""log_likelihood"": -5.935287951023824, ""location_at_zero_boundary"": false}}"
2.0,1000.0,1000.0,10,8,mmle_i,mmle_i,,,,,False,0.050713200005702674,failure,nan,nan,nan,nan,nan,nan,"{""raw_status"": ""no_root_in_declared_location_domain"", ""solution_info"": {""status"": ""no_root_in_declared_location_domain"", ""location_lower"": 0.0, ""endpoint_constraint_residuals"": [6.551030024869764, 0.051155544992967705], ""grid_size"": 97}}"
2.0,1000.0,1000.0,10,8,mmle_ii,mmle_ii,3.1187687047978168,1502.9078358121722,611.9003871837592,nan,True,0.11300830001709983,success,1.1187687047978168,502.90783581217215,-388.0996128162408,0.5593843523989084,0.5029078358121721,-0.3880996128162408,"{""solution_info"": {""status"": ""ok"", ""objective"": 1.633188592840376e-31, ""roots_found"": 1, ""variant"": ""II"", ""grid_size"": 97, ""strategy"": ""CW_profile_Brent"", ""paper_domain"": false}}"
2.0,1000.0,1000.0,10,8,mmle_iii,mmle_iii,0.9999999999999984,699.091332858172,1253.7873007886292,nan,True,1.0699965059757233e-05,success,-1.0000000000000016,-300.908667141828,253.78730078862918,-0.5000000000000008,-0.300908667141828,0.25378730078862916,"{""solution_info"": {""status"": ""ok"", ""objective"": 4.930380657631324e-32, ""roots_found"": 3, ""variant"": ""III"", ""grid_size"": 97, ""strategy"": ""CW_profile_Brent"", ""paper_domain"": false}}"
2.0,1000.0,1000.0,10,8,mmle_iv,mmle_iv,1.5321729536193178,824.2602448034847,1205.5043520917375,nan,True,9.600014891475439e-06,success,-0.4678270463806822,-175.73975519651526,205.50435209173747,-0.2339135231903411,-0.17573975519651527,0.20550435209173748,"{""solution_info"": {""status"": ""ok"", ""objective"": 2.906582657190106e-26, ""roots_found"": 1, ""variant"": ""IV"", ""grid_size"": 97, ""strategy"": ""CW_profile_Brent"", ""paper_domain"": false}}"
2.0,1000.0,1000.0,10,8,mmle_v,mmle_v,1.2274366774051249,742.7932658329596,1247.3761723951702,nan,True,8.600007276982069e-06,success,-0.7725633225948751,-257.2067341670404,247.37617239517022,-0.3862816612974376,-0.2572067341670404,0.2473761723951702,"{""solution_info"": {""status"": ""ok"", ""objective"": 1.2511337678995833e-30, ""roots_found"": 1, ""variant"": ""V"", ""grid_size"": 97, ""strategy"": ""CW_profile_Brent"", ""paper_domain"": false}}"
2.0,1000.0,1000.0,10,8,wmle_checked,wmle_checked,1.6511414130985098,931.3300280972419,1123.762633866788,0.9334244927563503,True,0.14355569996405393,success,-0.3488585869014902,-68.6699719027581,123.76263386678806,-0.1744292934507451,-0.0686699719027581,0.12376263386678807,"{""solution_info"": {""status"": ""ok"", ""objective"": 5.846633843011689e-21, ""strategy"": ""deterministic_multistart_equation_minimization"", ""start_count"": 5, ""selected_start"": 0, ""location_at_zero_boundary"": false, ""production_status"": ""ok"", ""recovered"": false}}"
2.0,1000.0,1000.0,10,8,mme_i,mme_i,,,,,False,0.02561839995905757,failure,nan,nan,nan,nan,nan,nan,"{""solution_info"": {""status"": ""no_root_in_declared_shape_domain"", ""variant"": ""I""}}"
2.0,1000.0,1000.0,10,8,mme_ii,mme_ii,2.5416207695348905,1320.5615984600977,780.6950569680209,nan,True,1.73999578692019e-05,success,0.5416207695348905,320.5615984600977,-219.30494303197906,0.27081038476744523,0.3205615984600977,-0.21930494303197906,"{""solution_info"": {""status"": ""ok"", ""variant"": ""II"", ""roots_found"": 1, ""candidate_estimates"": [[2.5416207695348905, 1.3205615984600978, 0.7806950569680209]], ""sample_moment_shape_initializer"": 2.50580238864253, ""criterion_residual"": 5.728750807065808e-14, ""strategy"": ""CW_moment_Brent_valid_support_then_sample_skew_initializer""}}"
2.0,1000.0,1000.0,10,8,mme_iii,mme_iii,0.9762988641158398,477.45491427846383,1470.4067941542562,nan,False,1.0000017937272787e-05,failure,nan,nan,nan,nan,nan,nan,"{""solution_info"": {""status"": ""location_outside_effective_support"", ""variant"": ""III"", ""roots_found"": 2, ""candidate_estimates"": [[0.4456858651200882, 0.0737727963387676, 1.7660063551441763], [0.9762988641158398, 0.4774549142784638, 1.4704067941542562]], ""sample_moment_shape_initializer"": 2.50580238864253, ""criterion_residual"": 1.3322676295501878e-15, ""strategy"": ""CW_moment_Brent_valid_support_then_sample_skew_initializer""}}"
2.0,1000.0,1000.0,10,8,mmle_i_paper,mmle_i_paper,5.030874759937286,2387.666099150537,-241.98188064480752,0.0,True,0.06978240003809333,success,3.0308747599372863,1387.6660991505369,-1241.9818806448075,1.5154373799686431,1.387666099150537,-1.2419818806448075,"{""solution_info"": {""status"": ""ok"", ""objective"": 9.860761315262648e-31, ""roots_found"": 1, ""grid_size"": 97, ""strategy"": ""cw_i_profile_brent"", ""paper_domain"": true, ""raw_min_gap"": 1496.423317579976}}"
2.0,1000.0,1000.0,10,8,mmle_ii_paper,mmle_ii_paper,3.1187687047978128,1502.90783581217,611.900387183761,nan,True,0.1322560000116937,success,1.1187687047978128,502.9078358121701,-388.09961281623896,0.5593843523989064,0.5029078358121701,-0.38809961281623895,"{""solution_info"": {""status"": ""ok"", ""objective"": 1.232595164407831e-32, ""roots_found"": 1, ""variant"": ""II"", ""grid_size"": 97, ""strategy"": ""CW_profile_Brent"", ""paper_domain"": true}}"
2.0,1000.0,1000.0,10,8,mmle_iii_paper,mmle_iii_paper,1.0,699.0913328581724,1253.7873007886292,nan,True,1.090002479031682e-05,success,-1.0,-300.90866714182755,253.78730078862918,-0.5,-0.30090866714182757,0.25378730078862916,"{""solution_info"": {""status"": ""ok"", ""objective"": 0.0, ""roots_found"": 3, ""variant"": ""III"", ""grid_size"": 97, ""strategy"": ""CW_profile_Brent"", ""paper_domain"": true}}"
2.0,1000.0,1000.0,10,8,mmle_iv_paper,mmle_iv_paper,1.5321729536191964,824.2602448034454,1205.5043520917638,nan,True,9.500014130026102e-06,success,-0.46782704638080364,-175.7397551965546,205.50435209176385,-0.23391352319040182,-0.1757397551965546,0.20550435209176385,"{""solution_info"": {""status"": ""ok"", ""objective"": 2.4193833947207737e-26, ""roots_found"": 2, ""variant"": ""IV"", ""grid_size"": 97, ""strategy"": ""CW_profile_Brent"", ""paper_domain"": true}}"
2.0,1000.0,1000.0,10,8,mmle_v_paper,mmle_v_paper,1.2274366774051233,742.793265832959,1247.3761723951704,nan,True,9.100011084228754e-06,success,-0.7725633225948767,-257.20673416704096,247.37617239517044,-0.38628166129743835,-0.257206734167041,0.24737617239517043,"{""solution_info"": {""status"": ""ok"", ""objective"": 4.437342591868191e-31, ""roots_found"": 1, ""variant"": ""V"", ""grid_size"": 97, ""strategy"": ""CW_profile_Brent"", ""paper_domain"": true}}"
2.0,1000.0,1000.0,10,9,mle_local,mle_local,,,,,False,4.1243899000110105,failure,nan,nan,nan,nan,nan,nan,"{""solution_info"": {""status"": ""unbounded""}}"
2.0,1000.0,1000.0,10,9,mmle_i,mmle_i,1.4901360073004217,579.2473696679912,1222.3438110836669,0.0,True,0.06956500001251698,success,-0.5098639926995783,-420.75263033200883,222.34381108366688,-0.25493199634978914,-0.4207526303320088,0.22234381108366688,"{""solution_info"": {""status"": ""ok"", ""objective"": 2.6202064270722483e-26, ""roots_found"": 1, ""grid_size"": 97, ""strategy"": ""cw_i_profile_brent"", ""paper_domain"": false, ""raw_min_gap"": 119.6148741088533}}"
2.0,1000.0,1000.0,10,9,mmle_ii,mmle_ii,1.3968984999750738,547.3676589378348,1245.9568615833455,nan,True,0.15058779995888472,success,-0.6031015000249262,-452.6323410621652,245.95686158334547,-0.3015507500124631,-0.4526323410621652,0.24595686158334548,"{""solution_info"": {""status"": ""ok"", ""objective"": 2.638949885439816e-25, ""roots_found"": 1, ""variant"": ""II"", ""grid_size"": 97, ""strategy"": ""CW_profile_Brent"", ""paper_domain"": false}}"
2.0,1000.0,1000.0,10,9,mmle_iii,mmle_iii,1.00000000000013,417.66806162754136,1325.766292628359,nan,True,2.239999594166875e-05,success,-0.9999999999998701,-582.3319383724586,325.766292628359,-0.49999999999993505,-0.5823319383724586,0.325766292628359,"{""solution_info"": {""status"": ""ok"", ""objective"": 1.6950949407079767e-29, ""roots_found"": 3, ""variant"": ""III"", ""grid_size"": 97, ""strategy"": ""CW_profile_Brent"", ""paper_domain"": false}}"
2.0,1000.0,1000.0,10,9,mmle_iv,mmle_iv,1.2062571328696967,483.28563089325866,1289.5742776314557,nan,True,9.90001717582345e-06,success,-0.7937428671303033,-516.7143691067413,289.57427763145574,-0.39687143356515164,-0.5167143691067413,0.28957427763145577,"{""solution_info"": {""status"": ""ok"", ""objective"": 1.9721522630525295e-30, ""roots_found"": 2, ""variant"": ""IV"", ""grid_size"": 97, ""strategy"": ""CW_profile_Brent"", ""paper_domain"": false}}"
2.0,1000.0,1000.0,10,9,mmle_v,mmle_v,1.3601392319054684,534.8787005444567,1254.9019723809456,nan,True,1.0000017937272787e-05,success,-0.6398607680945316,-465.1212994555433,254.9019723809456,-0.3199303840472658,-0.4651212994555433,0.2549019723809456,"{""solution_info"": {""status"": ""ok"", ""objective"": 3.755553719478457e-25, ""roots_found"": 1, ""variant"": ""V"", ""grid_size"": 97, ""strategy"": ""CW_profile_Brent"", ""paper_domain"": false}}"
2.0,1000.0,1000.0,10,9,wmle_checked,wmle_checked,0.9212784560785561,423.1814750887393,1322.3480109158002,0.9621979599980953,True,0.16024080000352114,success,-1.078721543921444,-576.8185249112607,322.34801091580016,-0.539360771960722,-0.5768185249112607,0.3223480109158002,"{""solution_info"": {""status"": ""ok"", ""objective"": 6.993373286602126e-20, ""strategy"": ""deterministic_multistart_equation_minimization"", ""start_count"": 5, ""selected_start"": 3, ""location_at_zero_boundary"": false, ""production_status"": ""ok"", ""recovered"": false}}"
2.0,1000.0,1000.0,10,9,mme_i,mme_i,1.3039357989882718,529.5357775351492,1254.6639365111478,nan,True,0.027911200013477355,success,-0.6960642010117282,-470.46422246485076,254.66393651114777,-0.3480321005058641,-0.47046422246485076,0.25466393651114777,"{""solution_info"": {""status"": ""ok"", ""variant"": ""I"", ""roots_found"": 1, ""candidate_estimates"": [[1.3039357989882718, 0.5295357775351492, 1.2546639365111478]], ""sample_moment_shape_initializer"": 2.308156126081195, ""criterion_residual"": 6.616929226765933e-14, ""strategy"": ""CW_moment_Brent_valid_support_then_sample_skew_initializer""}}"
2.0,1000.0,1000.0,10,9,mme_ii,mme_ii,1.283531659415877,520.0423768841788,1261.8738063891387,nan,True,1.160003012046218e-05,success,-0.716468340584123,-479.9576231158212,261.87380638913874,-0.3582341702920615,-0.4799576231158212,0.2618738063891387,"{""solution_info"": {""status"": ""ok"", ""variant"": ""II"", ""roots_found"": 1, ""candidate_estimates"": [[1.283531659415877, 0.5200423768841788, 1.2618738063891388]], ""sample_moment_shape_initializer"": 2.308156126081195, ""criterion_residual"": 1.021405182655144e-14, ""strategy"": ""CW_moment_Brent_valid_support_then_sample_skew_initializer""}}"
2.0,1000.0,1000.0,10,9,mme_iii,mme_iii,1.4160759582729066,580.2772671550674,1215.4843410281362,nan,True,9.399955160915852e-06,success,-0.5839240417270934,-419.7227328449326,215.4843410281362,-0.2919620208635467,-0.41972273284493256,0.2154843410281362,"{""solution_info"": {""status"": ""ok"", ""variant"": ""III"", ""roots_found"": 2, ""candidate_estimates"": [[0.3286594699632853, 0.013324161808813144, 1.659066579298347], [1.4160759582729066, 0.5802772671550674, 1.2154843410281362]], ""sample_moment_shape_initializer"": 2.308156126081195, ""criterion_residual"": -4.579669976578771e-15, ""strategy"": ""CW_moment_Brent_valid_support_then_sample_skew_initializer""}}"
2.0,1000.0,1000.0,10,9,mmle_i_paper,mmle_i_paper,1.4901360073004213,579.247369667991,1222.3438110836669,0.0,True,0.05536200001370162,success,-0.5098639926995787,-420.75263033200895,222.34381108366688,-0.25493199634978936,-0.42075263033200894,0.22234381108366688,"{""solution_info"": {""status"": ""ok"", ""objective"": 2.6095136640210104e-26, ""roots_found"": 1, ""grid_size"": 97, ""strategy"": ""cw_i_profile_brent"", ""paper_domain"": true, ""raw_min_gap"": 119.61487410885324}}"
2.0,1000.0,1000.0,10,9,mmle_ii_paper,mmle_ii_paper,1.3968984999750806,547.3676589378372,1245.9568615833439,nan,True,0.14569799997843802,success,-0.6031015000249194,-452.6323410621628,245.95686158334388,-0.3015507500124597,-0.4526323410621628,0.24595686158334387,"{""solution_info"": {""status"": ""ok"", ""objective"": 2.640524525762347e-25, ""roots_found"": 1, ""variant"": ""II"", ""grid_size"": 97, ""strategy"": ""CW_profile_Brent"", ""paper_domain"": true}}"
2.0,1000.0,1000.0,10,9,mmle_iii_paper,mmle_iii_paper,0.9999999999999954,417.66806162750146,1325.766292628377,nan,True,1.2999982573091984e-05,success,-1.0000000000000044,-582.3319383724986,325.76629262837696,-0.5000000000000022,-0.5823319383724986,0.325766292628377,"{""solution_info"": {""status"": ""ok"", ""objective"": 1.3433336260377606e-30, ""roots_found"": 3, ""variant"": ""III"", ""grid_size"": 97, ""strategy"": ""CW_profile_Brent"", ""paper_domain"": true}}"
2.0,1000.0,1000.0,10,9,mmle_iv_paper,mmle_iv_paper,1.2062571328695246,483.2856308932018,1289.5742776314917,nan,True,1.0200019460171461e-05,success,-0.7937428671304754,-516.7143691067981,289.57427763149167,-0.3968714335652377,-0.5167143691067981,0.2895742776314917,"{""solution_info"": {""status"": ""ok"", ""objective"": 1.2031903741657177e-26, ""roots_found"": 2, ""variant"": ""IV"", ""grid_size"": 97, ""strategy"": ""CW_profile_Brent"", ""paper_domain"": true}}"
2.0,1000.0,1000.0,10,9,mmle_v_paper,mmle_v_paper,1.360139231905362,534.8787005444208,1254.901972380971,nan,True,9.90001717582345e-06,success,-0.639860768094638,-465.1212994555792,254.90197238097107,-0.319930384047319,-0.46512129945557923,0.25490197238097106,"{""solution_info"": {""status"": ""ok"", ""objective"": 3.74760994604622e-25, ""roots_found"": 1, ""variant"": ""V"", ""grid_size"": 97, ""strategy"": ""CW_profile_Brent"", ""paper_domain"": true}}"
2.0,1000.0,1000.0,10,10,mle_local,mle_local,1.5909952926558506,989.9548480167671,1156.4215220442425,0.8238829527813083,True,0.0765055000083521,success,-0.4090047073441494,-10.045151983232927,156.42152204424247,-0.2045023536720747,-0.010045151983232926,0.15642152204424248,"{""solution_info"": {""status"": ""ok"", ""strategy"": ""deterministic_multistart_likelihood"", ""start_count"": 5, ""selected_start"": 4, ""log_likelihood"": -7.514240303017394, ""location_at_zero_boundary"": false}}"
2.0,1000.0,1000.0,10,10,mmle_i,mmle_i,3.903837655918627,2250.90477345914,9.095589021350436,0.0,True,0.06976369995390996,success,1.9038376559186272,1250.90477345914,-990.9044109786496,0.9519188279593136,1.2509047734591399,-0.9909044109786496,"{""solution_info"": {""status"": ""ok"", ""objective"": 8.011868568650901e-31, ""roots_found"": 1, ""grid_size"": 97, ""strategy"": ""cw_i_profile_brent"", ""paper_domain"": false, ""raw_min_gap"": 1232.6940139536507}}"
2.0,1000.0,1000.0,10,10,mmle_ii,mmle_ii,2.799603679561761,1621.5780160817271,607.405774890053,nan,True,0.12943660002201796,success,0.7996036795617609,621.5780160817271,-392.59422510994705,0.39980183978088046,0.6215780160817271,-0.39259422510994707,"{""solution_info"": {""status"": ""ok"", ""objective"": 1.9721522630525295e-30, ""roots_found"": 1, ""variant"": ""II"", ""grid_size"": 97, ""strategy"": ""CW_profile_Brent"", ""paper_domain"": false}}"
2.0,1000.0,1000.0,10,10,mmle_iii,mmle_iii,0.9999999999999979,807.4555316700399,1240.7657307288398,nan,True,1.3100041542202234e-05,success,-1.0000000000000022,-192.54446832996007,240.7657307288398,-0.5000000000000011,-0.19254446832996006,0.2407657307288398,"{""solution_info"": {""status"": ""ok"", ""objective"": 1.9721522630525295e-31, ""roots_found"": 3, ""variant"": ""III"", ""grid_size"": 97, ""strategy"": ""CW_profile_Brent"", ""paper_domain"": false}}"
2.0,1000.0,1000.0,10,10,mmle_iv,mmle_iv,1.4995267503555474,952.0302818627812,1182.8672433535785,nan,True,1.0200019460171461e-05,success,-0.5004732496444526,-47.96971813721882,182.8672433535785,-0.2502366248222263,-0.04796971813721882,0.18286724335357848,"{""solution_info"": {""status"": ""ok"", ""objective"": 6.292842048561164e-26, ""roots_found"": 2, ""variant"": ""IV"", ""grid_size"": 97, ""strategy"": ""CW_profile_Brent"", ""paper_domain"": false}}"
2.0,1000.0,1000.0,10,10,mmle_v,mmle_v,1.4493431037642577,932.6846255882998,1195.36541511984,nan,True,1.0399962775409222e-05,success,-0.5506568962357423,-67.31537441170019,195.36541511984,-0.27532844811787116,-0.06731537441170019,0.19536541511984,"{""solution_info"": {""status"": ""ok"", ""objective"": 5.6528694345979345e-30, ""roots_found"": 1, ""variant"": ""V"", ""grid_size"": 97, ""strategy"": ""CW_profile_Brent"", ""paper_domain"": false}}"
2.0,1000.0,1000.0,10,10,wmle_checked,wmle_checked,1.6084790189106053,1073.2781690511276,1091.1354910087132,0.9462928142488003,True,0.1511544000240974,success,-0.3915209810893947,73.27816905112763,91.13549100871319,-0.19576049054469735,0.07327816905112763,0.09113549100871318,"{""solution_info"": {""status"": ""ok"", ""objective"": 9.349102757783777e-21, ""strategy"": ""deterministic_multistart_equation_minimization"", ""start_count"": 5, ""selected_start"": 3, ""location_at_zero_boundary"": false, ""production_status"": ""ok"", ""recovered"": false}}"
2.0,1000.0,1000.0,10,10,mme_i,mme_i,4.098953629543661,2343.597977644194,-78.9862962846155,nan,False,0.03186649997951463,failure,nan,nan,nan,nan,nan,nan,"{""solution_info"": {""status"": ""location_outside_effective_support"", ""variant"": ""I"", ""roots_found"": 1, ""candidate_estimates"": [[4.098953629543661, 2.343597977644194, -0.07898629628461551]], ""sample_moment_shape_initializer"": 2.235147593482133, ""criterion_residual"": -2.220446049250313e-16, ""strategy"": ""CW_moment_Brent_valid_support_then_sample_skew_initializer""}}"
2.0,1000.0,1000.0,10,10,mme_ii,mme_ii,2.3527047836029804,1457.8755000600233,756.2759845888843,nan,True,1.1599971912801266e-05,success,0.3527047836029804,457.87550006002334,-243.72401541111572,0.1763523918014902,0.45787550006002337,-0.2437240154111157,"{""solution_info"": {""status"": ""ok"", ""variant"": ""II"", ""roots_found"": 1, ""candidate_estimates"": [[2.3527047836029804, 1.4578755000600234, 0.7562759845888842]], ""sample_moment_shape_initializer"": 2.235147593482133, ""criterion_residual"": -2.220446049250313e-16, ""strategy"": ""CW_moment_Brent_valid_support_then_sample_skew_initializer""}}"
2.0,1000.0,1000.0,10,10,mme_iii,mme_iii,1.3742295161580218,867.1073533709006,1255.533361276898,nan,False,9.500014130026102e-06,failure,nan,nan,nan,nan,nan,nan,"{""solution_info"": {""status"": ""location_outside_effective_support"", ""variant"": ""III"", ""roots_found"": 2, ""candidate_estimates"": [[0.33666288490245705, 0.023614531463084214, 1.9117002568565211], [1.3742295161580218, 0.8671073533709006, 1.255533361276898]], ""sample_moment_shape_initializer"": 2.235147593482133, ""criterion_residual"": 0.0, ""strategy"": ""CW_moment_Brent_valid_support_then_sample_skew_initializer""}}"
2.0,1000.0,1000.0,10,10,mmle_i_paper,mmle_i_paper,3.9038376559186556,2250.904773459156,9.095589021334893,0.0,True,0.07273709995206445,success,1.9038376559186556,1250.9047734591559,-990.904410978665,0.9519188279593278,1.2509047734591558,-0.9909044109786651,"{""solution_info"": {""status"": ""ok"", ""objective"": 1.2671078290112502e-29, ""roots_found"": 1, ""grid_size"": 97, ""strategy"": ""cw_i_profile_brent"", ""paper_domain"": true, ""raw_min_gap"": 1232.6940139536662}}"
2.0,1000.0,1000.0,10,10,mmle_ii_paper,mmle_ii_paper,2.799603679561915,1621.5780160818144,607.4057748899716,nan,True,0.16373359999852255,success,0.799603679561915,621.5780160818144,-392.59422511002845,0.3998018397809575,0.6215780160818144,-0.39259422511002845,"{""solution_info"": {""status"": ""ok"", ""objective"": 7.540770696814228e-28, ""roots_found"": 1, ""variant"": ""II"", ""grid_size"": 97, ""strategy"": ""CW_profile_Brent"", ""paper_domain"": true}}"
2.0,1000.0,1000.0,10,10,mmle_iii_paper,mmle_iii_paper,1.0000000000000062,807.455531670042,1240.7657307288396,nan,True,1.4099990949034691e-05,success,-0.9999999999999938,-192.54446832995802,240.76573072883957,-0.4999999999999969,-0.19254446832995803,0.24076573072883958,"{""solution_info"": {""status"": ""ok"", ""objective"": 2.315171189071607e-30, ""roots_found"": 3, ""variant"": ""III"", ""grid_size"": 97, ""strategy"": ""CW_profile_Brent"", ""paper_domain"": true}}"
2.0,1000.0,1000.0,10,10,mmle_iv_paper,mmle_iv_paper,1.499526750355621,952.0302818628105,1182.867243353559,nan,True,1.0100018698722124e-05,success,-0.5004732496443789,-47.96971813718949,182.86724335355893,-0.25023662482218945,-0.04796971813718949,0.18286724335355894,"{""solution_info"": {""status"": ""ok"", ""objective"": 6.074741729790185e-26, ""roots_found"": 2, ""variant"": ""IV"", ""grid_size"": 97, ""strategy"": ""CW_profile_Brent"", ""paper_domain"": true}}"
2.0,1000.0,1000.0,10,10,mmle_v_paper,mmle_v_paper,1.4493431037642517,932.6846255882978,1195.3654151198414,nan,True,9.700015652924776e-06,success,-0.5506568962357483,-67.31537441170224,195.36541511984137,-0.27532844811787416,-0.06731537441170224,0.19536541511984137,"{""solution_info"": {""status"": ""ok"", ""objective"": 1.4519123738273856e-29, ""roots_found"": 1, ""variant"": ""V"", ""grid_size"": 97, ""strategy"": ""CW_profile_Brent"", ""paper_domain"": true}}"
2.0,1000.0,1000.0,10,11,mle_local,mle_local,1.775622276147801,1018.8719424142389,1302.1014691450468,0.8050040638855113,True,0.09274729999015108,success,-0.2243777238521989,18.8719424142389,302.10146914504685,-0.11218886192609945,0.018871942414238903,0.3021014691450469,"{""solution_info"": {""status"": ""ok"", ""strategy"": ""deterministic_multistart_likelihood"", ""start_count"": 5, ""selected_start"": 1, ""log_likelihood"": -7.003788454568912, ""location_at_zero_boundary"": false}}"
2.0,1000.0,1000.0,10,11,mmle_i,mmle_i,3.826727829213253,2175.496804604588,236.4996497083649,0.0,True,0.07084110000869259,success,1.8267278292132532,1175.4968046045879,-763.5003502916351,0.9133639146066266,1.175496804604588,-0.7635003502916351,"{""solution_info"": {""status"": ""ok"", ""objective"": 8.38164711797325e-31, ""roots_found"": 1, ""grid_size"": 97, ""strategy"": ""cw_i_profile_brent"", ""paper_domain"": false, ""raw_min_gap"": 1177.029279644033}}"
2.0,1000.0,1000.0,10,11,mmle_ii,mmle_ii,2.920140798055775,1637.5929443341513,749.6403457043931,nan,True,0.11801249999552965,success,0.9201407980557752,637.5929443341513,-250.3596542956069,0.4600703990278876,0.6375929443341513,-0.2503596542956069,"{""solution_info"": {""status"": ""ok"", ""objective"": 4.2906637673036595e-27, ""roots_found"": 1, ""variant"": ""II"", ""grid_size"": 97, ""strategy"": ""CW_profile_Brent"", ""paper_domain"": false}}"
2.0,1000.0,1000.0,10,11,mmle_iii,mmle_iii,0.9999999999999977,798.5763292435488,1413.061653927479,nan,True,1.1100026313215494e-05,success,-1.0000000000000022,-201.4236707564512,413.06165392747903,-0.5000000000000011,-0.2014236707564512,0.413061653927479,"{""solution_info"": {""status"": ""ok"", ""objective"": 1.232595164407831e-30, ""roots_found"": 3, ""variant"": ""III"", ""grid_size"": 97, ""strategy"": ""CW_profile_Brent"", ""paper_domain"": false}}"
2.0,1000.0,1000.0,10,11,mmle_iv,mmle_iv,1.5506698563865249,928.8757037906104,1367.9126679083708,nan,True,9.400013368576765e-06,success,-0.4493301436134751,-71.12429620938963,367.91266790837085,-0.22466507180673756,-0.07112429620938962,0.36791266790837085,"{""solution_info"": {""status"": ""ok"", ""objective"": 7.219309877936666e-29, ""roots_found"": 2, ""variant"": ""IV"", ""grid_size"": 97, ""strategy"": ""CW_profile_Brent"", ""paper_domain"": false}}"
2.0,1000.0,1000.0,10,11,mmle_v,mmle_v,,,,,False,9.000010322779417e-06,failure,nan,nan,nan,nan,nan,nan,"{""solution_info"": {""status"": ""no_root_in_declared_location_domain"", ""variant"": ""V"", ""grid_size"": 97}}"
2.0,1000.0,1000.0,10,11,wmle_checked,wmle_checked,1.7190536990317145,1069.3713547885382,1260.4596935812417,0.9021565622964569,True,0.14734029996907339,success,-0.28094630096828554,69.37135478853816,260.4596935812417,-0.14047315048414277,0.06937135478853816,0.2604596935812417,"{""solution_info"": {""status"": ""ok"", ""objective"": 5.296654921105669e-21, ""strategy"": ""deterministic_multistart_equation_minimization"", ""start_count"": 5, ""selected_start"": 3, ""location_at_zero_boundary"": false, ""production_status"": ""ok"", ""recovered"": false}}"
2.0,1000.0,1000.0,10,11,mme_i,mme_i,,,,,False,0.029398499988019466,failure,nan,nan,nan,nan,nan,nan,"{""solution_info"": {""status"": ""no_root_in_declared_shape_domain"", ""variant"": ""I""}}"
2.0,1000.0,1000.0,10,11,mme_ii,mme_ii,2.805834262856355,1600.8307208364924,786.0638308492834,nan,True,1.2000033166259527e-05,success,0.8058342628563548,600.8307208364924,-213.93616915071664,0.4029171314281774,0.6008307208364925,-0.21393616915071664,"{""solution_info"": {""status"": ""ok"", ""variant"": ""II"", ""roots_found"": 1, ""candidate_estimates"": [[2.805834262856355, 1.6008307208364925, 0.7860638308492833]], ""sample_moment_shape_initializer"": 1.7807693641968485, ""criterion_residual"": 8.260059303211165e-14, ""strategy"": ""CW_moment_Brent_valid_support_then_sample_skew_initializer""}}"
2.0,1000.0,1000.0,10,11,mme_iii,mme_iii,9.967578546674089,4792.3881864361,-2346.9761760319916,nan,False,9.899958968162537e-06,failure,nan,nan,nan,nan,nan,nan,"{""solution_info"": {""status"": ""location_outside_effective_support"", ""variant"": ""III"", ""roots_found"": 1, ""candidate_estimates"": [[9.967578546674089, 4.7923881864361, -2.3469761760319914]], ""sample_moment_shape_initializer"": 1.7807693641968485, ""criterion_residual"": 8.576472865229334e-15, ""strategy"": ""CW_moment_Brent_valid_support_then_sample_skew_initializer""}}"
2.0,1000.0,1000.0,10,11,mmle_i_paper,mmle_i_paper,3.826727829213281,2175.4968046046047,236.4996497083487,0.0,True,0.05870540003525093,success,1.8267278292132811,1175.4968046046047,-763.5003502916513,0.9133639146066406,1.1754968046046046,-0.7635003502916513,"{""solution_info"": {""status"": ""ok"", ""objective"": 3.8765117920626283e-29, ""roots_found"": 1, ""grid_size"": 97, ""strategy"": ""cw_i_profile_brent"", ""paper_domain"": true, ""raw_min_gap"": 1177.0292796440494}}"
2.0,1000.0,1000.0,10,11,mmle_ii_paper,mmle_ii_paper,2.9201407980561243,1637.5929443343553,749.6403457042009,nan,True,0.11757469997974113,success,0.9201407980561243,637.5929443343553,-250.35965429579915,0.4600703990280621,0.6375929443343552,-0.25035965429579915,"{""solution_info"": {""status"": ""ok"", ""objective"": 2.0029671421627253e-31, ""roots_found"": 1, ""variant"": ""II"", ""grid_size"": 97, ""strategy"": ""CW_profile_Brent"", ""paper_domain"": true}}"
2.0,1000.0,1000.0,10,11,mmle_iii_paper,mmle_iii_paper,0.9999999999999968,798.5763292435486,1413.061653927479,nan,True,1.1899974197149277e-05,success,-1.000000000000003,-201.42367075645143,413.06165392747903,-0.5000000000000016,-0.20142367075645143,0.413061653927479,"{""solution_info"": {""status"": ""ok"", ""objective"": 3.0814879110195774e-31, ""roots_found"": 3, ""variant"": ""III"", ""grid_size"": 97, ""strategy"": ""CW_profile_Brent"", ""paper_domain"": true}}"
2.0,1000.0,1000.0,10,11,mmle_iv_paper,mmle_iv_paper,1.5506698563865111,928.8757037906055,1367.9126679083743,nan,True,9.500014130026102e-06,success,-0.4493301436134889,-71.12429620939452,367.91266790837426,-0.22466507180674444,-0.07112429620939452,0.36791266790837424,"{""solution_info"": {""status"": ""ok"", ""objective"": 2.0214560696288428e-30, ""roots_found"": 2, ""variant"": ""IV"", ""grid_size"": 97, ""strategy"": ""CW_profile_Brent"", ""paper_domain"": true}}"
2.0,1000.0,1000.0,10,11,mmle_v_paper,mmle_v_paper,,,,,False,9.500014130026102e-06,failure,nan,nan,nan,nan,nan,nan,"{""solution_info"": {""status"": ""no_root_in_declared_location_domain"", ""variant"": ""V"", ""grid_size"": 97}}"
2.0,1000.0,1000.0,10,12,mle_local,mle_local,,,,,False,2.9717837999924086,failure,nan,nan,nan,nan,nan,nan,"{""solution_info"": {""status"": ""unbounded""}}"
2.0,1000.0,1000.0,10,12,mmle_i,mmle_i,,,,,False,0.06551069999113679,failure,nan,nan,nan,nan,nan,nan,"{""raw_status"": ""no_root_in_declared_location_domain"", ""solution_info"": {""status"": ""no_root_in_declared_location_domain"", ""location_lower"": 0.0, ""endpoint_constraint_residuals"": [5.136244018745754, 0.1196766256762265], ""grid_size"": 97}}"
2.0,1000.0,1000.0,10,12,mmle_ii,mmle_ii,3.17236842211758,1279.846683289406,808.8227956547275,nan,True,0.15066149999620393,success,1.17236842211758,279.846683289406,-191.17720434527246,0.58618421105879,0.279846683289406,-0.19117720434527247,"{""solution_info"": {""status"": ""ok"", ""objective"": 2.8479111273642934e-28, ""roots_found"": 1, ""variant"": ""II"", ""grid_size"": 97, ""strategy"": ""CW_profile_Brent"", ""paper_domain"": false}}"
2.0,1000.0,1000.0,10,12,mmle_iii,mmle_iii,0.9999999999999927,594.3516809718462,1354.4998946695725,nan,True,1.0999967344105244e-05,success,-1.0000000000000073,-405.64831902815376,354.49989466957254,-0.5000000000000037,-0.4056483190281538,0.35449989466957255,"{""solution_info"": {""status"": ""ok"", ""objective"": 2.4158865222393487e-30, ""roots_found"": 2, ""variant"": ""III"", ""grid_size"": 97, ""strategy"": ""CW_profile_Brent"", ""paper_domain"": false}}"
2.0,1000.0,1000.0,10,12,mmle_iv,mmle_iv,1.6298622956043587,771.2335749630386,1254.95728347616,nan,True,9.500014130026102e-06,success,-0.3701377043956413,-228.76642503696144,254.95728347616,-0.18506885219782065,-0.22876642503696143,0.25495728347616,"{""solution_info"": {""status"": ""ok"", ""objective"": 1.3435287292045357e-30, ""roots_found"": 1, ""variant"": ""IV"", ""grid_size"": 97, ""strategy"": ""CW_profile_Brent"", ""paper_domain"": false}}"
2.0,1000.0,1000.0,10,12,mmle_v,mmle_v,3.6134671335656465,1429.7924611300296,666.7263321143276,nan,True,9.200011845678091e-06,success,1.6134671335656465,429.79246113002955,-333.27366788567235,0.8067335667828233,0.42979246113002956,-0.33327366788567236,"{""solution_info"": {""status"": ""ok"", ""objective"": 6.533444377112218e-28, ""roots_found"": 1, ""variant"": ""V"", ""grid_size"": 97, ""strategy"": ""CW_profile_Brent"", ""paper_domain"": false}}"
2.0,1000.0,1000.0,10,12,wmle_checked,wmle_checked,1.7891322078103782,886.9533467208622,1161.2980234420252,0.8679256460289898,True,0.13153170002624393,success,-0.21086779218962182,-113.04665327913779,161.29802344202517,-0.10543389609481091,-0.11304665327913778,0.16129802344202518,"{""solution_info"": {""status"": ""ok"", ""objective"": 1.2371405476179041e-22, ""strategy"": ""deterministic_multistart_equation_minimization"", ""start_count"": 5, ""selected_start"": 3, ""location_at_zero_boundary"": false, ""production_status"": ""ok"", ""recovered"": false}}"
2.0,1000.0,1000.0,10,12,mme_i,mme_i,3.0776609313976127,1367.76253440535,726.0629444192385,nan,True,0.024063099990598857,success,1.0776609313976127,367.7625344053499,-273.93705558076147,0.5388304656988063,0.36776253440534995,-0.2739370555807615,"{""solution_info"": {""status"": ""ok"", ""variant"": ""I"", ""roots_found"": 1, ""candidate_estimates"": [[3.0776609313976127, 1.36776253440535, 0.7260629444192386]], ""sample_moment_shape_initializer"": 4.117335031316019, ""criterion_residual"": -1.6653345369377348e-14, ""strategy"": ""CW_moment_Brent_valid_support_then_sample_skew_initializer""}}"
2.0,1000.0,1000.0,10,12,mme_ii,mme_ii,2.179329179420806,1013.5236342029294,1051.2684596533434,nan,True,1.1699972674250603e-05,success,0.17932917942080584,13.52363420292943,51.26845965334337,0.08966458971040292,0.01352363420292943,0.05126845965334337,"{""solution_info"": {""status"": ""ok"", ""variant"": ""II"", ""roots_found"": 1, ""candidate_estimates"": [[2.179329179420806, 1.0135236342029295, 1.0512684596533435]], ""sample_moment_shape_initializer"": 4.117335031316019, ""criterion_residual"": 9.214851104388799e-14, ""strategy"": ""CW_moment_Brent_valid_support_then_sample_skew_initializer""}}"
2.0,1000.0,1000.0,10,12,mme_iii,mme_iii,3.964791861192389,1695.3622495426332,412.9422684880222,nan,True,9.400013368576765e-06,success,1.964791861192389,695.3622495426332,-587.0577315119779,0.9823959305961945,0.6953622495426333,-0.5870577315119778,"{""solution_info"": {""status"": ""ok"", ""variant"": ""III"", ""roots_found"": 1, ""candidate_estimates"": [[3.964791861192389, 1.6953622495426333, 0.4129422684880222]], ""sample_moment_shape_initializer"": 4.117335031316019, ""criterion_residual"": 1.7492951531750123e-14, ""strategy"": ""CW_moment_Brent_valid_support_then_sample_skew_initializer""}}"
2.0,1000.0,1000.0,10,12,mmle_i_paper,mmle_i_paper,,,,,False,0.06113059999188408,failure,nan,nan,nan,nan,nan,nan,"{""raw_status"": ""no_root_in_declared_location_domain"", ""solution_info"": {""status"": ""no_root_in_declared_location_domain"", ""location_lower"": -2394.641472781297, ""endpoint_constraint_residuals"": [5.136244018745754, 0.007532064597184807], ""grid_size"": 97}}"
2.0,1000.0,1000.0,10,12,mmle_ii_paper,mmle_ii_paper,3.1723684221178408,1279.8466832894942,808.8227956546449,nan,True,0.10198330000275746,success,1.1723684221178408,279.8466832894942,-191.1772043453551,0.5861842110589204,0.2798466832894942,-0.1911772043453551,"{""solution_info"": {""status"": ""ok"", ""objective"": 8.997944700177166e-31, ""roots_found"": 1, ""variant"": ""II"", ""grid_size"": 97, ""strategy"": ""CW_profile_Brent"", ""paper_domain"": true}}"
2.0,1000.0,1000.0,10,12,mmle_iii_paper,mmle_iii_paper,0.9999999999999909,594.3516809718458,1354.4998946695728,nan,True,1.1500029359012842e-05,success,-1.000000000000009,-405.6483190281542,354.49989466957277,-0.5000000000000046,-0.40564831902815424,0.35449989466957277,"{""solution_info"": {""status"": ""ok"", ""objective"": 2.4158865222393487e-30, ""roots_found"": 2, ""variant"": ""III"", ""grid_size"": 97, ""strategy"": ""CW_profile_Brent"", ""paper_domain"": true}}"
2.0,1000.0,1000.0,10,12,mmle_iv_paper,mmle_iv_paper,1.6298622956043594,771.2335749630389,1254.9572834761598,nan,True,9.500014130026102e-06,success,-0.37013770439564064,-228.7664250369611,254.95728347615977,-0.18506885219782032,-0.2287664250369611,0.25495728347615976,"{""solution_info"": {""status"": ""ok"", ""objective"": 6.409494854920721e-31, ""roots_found"": 1, ""variant"": ""IV"", ""grid_size"": 97, ""strategy"": ""CW_profile_Brent"", ""paper_domain"": true}}"
2.0,1000.0,1000.0,10,12,mmle_v_paper,mmle_v_paper,3.6134671335662234,1429.7924611302258,666.7263321141402,nan,True,9.400013368576765e-06,success,1.6134671335662234,429.7924611302258,-333.2736678858598,0.8067335667831117,0.4297924611302258,-0.3332736678858598,"{""solution_info"": {""status"": ""ok"", ""objective"": 1.9721522630525295e-31, ""roots_found"": 1, ""variant"": ""V"", ""grid_size"": 97, ""strategy"": ""CW_profile_Brent"", ""paper_domain"": true}}"
2.0,1000.0,1000.0,10,13,mle_local,mle_local,3.0847505839246514,1304.4082530215235,655.1307041898651,0.8646238668928312,True,0.0863351000007242,success,1.0847505839246514,304.4082530215235,-344.8692958101349,0.5423752919623257,0.30440825302152347,-0.34486929581013487,"{""solution_info"": {""status"": ""ok"", ""strategy"": ""deterministic_multistart_likelihood"", ""start_count"": 5, ""selected_start"": 3, ""log_likelihood"": -5.321992024431394, ""location_at_zero_boundary"": false}}"
2.0,1000.0,1000.0,10,13,mmle_i,mmle_i,,,,,False,0.06843210000079125,failure,nan,nan,nan,nan,nan,nan,"{""raw_status"": ""no_root_in_declared_location_domain"", ""solution_info"": {""status"": ""no_root_in_declared_location_domain"", ""location_lower"": 0.0, ""endpoint_constraint_residuals"": [7.0089668626716275, 0.7321998810716766], ""grid_size"": 97}}"
2.0,1000.0,1000.0,10,13,mmle_ii,mmle_ii,,,,,False,0.11338619998423383,failure,nan,nan,nan,nan,nan,nan,"{""solution_info"": {""status"": ""no_root_in_declared_location_domain"", ""variant"": ""II"", ""grid_size"": 97}}"
2.0,1000.0,1000.0,10,13,mmle_iii,mmle_iii,0.9999999999999991,777.4995970521081,1045.002278337833,nan,True,1.1000025551766157e-05,success,-1.0000000000000009,-222.50040294789187,45.002278337833104,-0.5000000000000004,-0.22250040294789186,0.0450022783378331,"{""solution_info"": {""status"": ""ok"", ""objective"": 7.099748146989106e-30, ""roots_found"": 1, ""variant"": ""III"", ""grid_size"": 97, ""strategy"": ""CW_profile_Brent"", ""paper_domain"": false}}"
2.0,1000.0,1000.0,10,13,mmle_iv,mmle_iv,2.0115334595980676,945.2436690015934,973.3945758083933,nan,True,9.7999582067132e-06,success,0.011533459598067619,-54.75633099840661,-26.605424191606744,0.0057667297990338096,-0.05475633099840661,-0.026605424191606743,"{""solution_info"": {""status"": ""ok"", ""objective"": 1.1458743292422043e-25, ""roots_found"": 1, ""variant"": ""IV"", ""grid_size"": 97, ""strategy"": ""CW_profile_Brent"", ""paper_domain"": false}}"
2.0,1000.0,1000.0,10,13,mmle_v,mmle_v,,,,,False,9.400013368576765e-06,failure,nan,nan,nan,nan,nan,nan,"{""solution_info"": {""status"": ""no_root_in_declared_location_domain"", ""variant"": ""V"", ""grid_size"": 97}}"
2.0,1000.0,1000.0,10,13,wmle_checked,wmle_checked,2.5931854437090593,1219.4244252945887,733.4445543019781,0.8922779454318336,True,0.14704599999822676,success,0.5931854437090593,219.42442529458867,-266.5554456980219,0.2965927218545297,0.21942442529458867,-0.2665554456980219,"{""solution_info"": {""status"": ""ok"", ""objective"": 1.8711355673029712e-22, ""strategy"": ""deterministic_multistart_equation_minimization"", ""start_count"": 5, ""selected_start"": 0, ""location_at_zero_boundary"": false, ""production_status"": ""ok"", ""recovered"": false}}"
2.0,1000.0,1000.0,10,13,mme_i,mme_i,,,,,False,0.03171720000682399,failure,nan,nan,nan,nan,nan,nan,"{""solution_info"": {""status"": ""no_root_in_declared_shape_domain"", ""variant"": ""I""}}"
2.0,1000.0,1000.0,10,13,mme_ii,mme_ii,,,,,False,1.1300027836114168e-05,failure,nan,nan,nan,nan,nan,nan,"{""solution_info"": {""status"": ""no_root_in_declared_shape_domain"", ""variant"": ""II""}}"
2.0,1000.0,1000.0,10,13,mme_iii,mme_iii,,,,,False,1.2299977242946625e-05,failure,nan,nan,nan,nan,nan,nan,"{""solution_info"": {""status"": ""no_root_in_declared_shape_domain"", ""variant"": ""III""}}"
2.0,1000.0,1000.0,10,13,mmle_i_paper,mmle_i_paper,,,,,False,0.07735430001048371,failure,nan,nan,nan,nan,nan,nan,"{""raw_status"": ""no_root_in_declared_location_domain"", ""solution_info"": {""status"": ""no_root_in_declared_location_domain"", ""location_lower"": -2533.3130894483243, ""endpoint_constraint_residuals"": [7.0089668626716275, 0.2739513665879132], ""grid_size"": 97}}"
2.0,1000.0,1000.0,10,13,mmle_ii_paper,mmle_ii_paper,7.453701022628789,3077.180578013333,-1075.155825310748,nan,True,0.12212620000354946,success,5.453701022628789,2077.180578013333,-2075.155825310748,2.7268505113143946,2.077180578013333,-2.075155825310748,"{""solution_info"": {""status"": ""ok"", ""objective"": 2.854936919801418e-28, ""roots_found"": 1, ""variant"": ""II"", ""grid_size"": 97, ""strategy"": ""CW_profile_Brent"", ""paper_domain"": true}}"
2.0,1000.0,1000.0,10,13,mmle_iii_paper,mmle_iii_paper,0.9999999999999842,777.499597052106,1045.002278337833,nan,True,1.0999967344105244e-05,success,-1.0000000000000158,-222.50040294789403,45.002278337833104,-0.5000000000000079,-0.22250040294789403,0.0450022783378331,"{""solution_info"": {""status"": ""ok"", ""objective"": 5.521870128202331e-29, ""roots_found"": 1, ""variant"": ""III"", ""grid_size"": 97, ""strategy"": ""CW_profile_Brent"", ""paper_domain"": true}}"
2.0,1000.0,1000.0,10,13,mmle_iv_paper,mmle_iv_paper,2.011533459598073,945.243669001595,973.394575808392,nan,True,9.600014891475439e-06,success,0.011533459598072948,-54.75633099840502,-26.605424191607995,0.005766729799036474,-0.05475633099840502,-0.026605424191607996,"{""solution_info"": {""status"": ""ok"", ""objective"": 1.1466394010607522e-25, ""roots_found"": 2, ""variant"": ""IV"", ""grid_size"": 97, ""strategy"": ""CW_profile_Brent"", ""paper_domain"": true}}"
2.0,1000.0,1000.0,10,13,mmle_v_paper,mmle_v_paper,,,,,False,9.200011845678091e-06,failure,nan,nan,nan,nan,nan,nan,"{""solution_info"": {""status"": ""no_root_in_declared_location_domain"", ""variant"": ""V"", ""grid_size"": 97}}"
2.0,1000.0,1000.0,10,14,mle_local,mle_local,5.186148856826414,1957.518888917068,0.0,0.8679680707911863,True,0.1579807999660261,success,3.1861488568264136,957.5188889170679,-1000.0,1.5930744284132068,0.9575188889170679,-1.0,"{""solution_info"": {""status"": ""ok"", ""strategy"": ""deterministic_multistart_likelihood"", ""start_count"": 5, ""selected_start"": 2, ""log_likelihood"": -5.075552047083951, ""location_at_zero_boundary"": true}}"
2.0,1000.0,1000.0,10,14,mmle_i,mmle_i,,,,,False,0.06182449997868389,failure,nan,nan,nan,nan,nan,nan,"{""raw_status"": ""no_root_in_declared_location_domain"", ""solution_info"": {""status"": ""no_root_in_declared_location_domain"", ""location_lower"": 0.0, ""endpoint_constraint_residuals"": [4.355411811377544, 0.4518827505953782], ""grid_size"": 97}}"
2.0,1000.0,1000.0,10,14,mmle_ii,mmle_ii,,,,,False,0.1129979999968782,failure,nan,nan,nan,nan,nan,nan,"{""solution_info"": {""status"": ""no_root_in_declared_location_domain"", ""variant"": ""II"", ""grid_size"": 97}}"
2.0,1000.0,1000.0,10,14,mmle_iii,mmle_iii,0.9999999999999646,664.064957664129,1131.8470143740315,nan,True,1.109996810555458e-05,success,-1.0000000000000355,-335.935042335871,131.84701437403146,-0.5000000000000178,-0.335935042335871,0.13184701437403146,"{""solution_info"": {""status"": ""ok"", ""objective"": 6.804080126906248e-29, ""roots_found"": 2, ""variant"": ""III"", ""grid_size"": 97, ""strategy"": ""CW_profile_Brent"", ""paper_domain"": false}}"
2.0,1000.0,1000.0,10,14,mmle_iv,mmle_iv,1.8405010616807973,865.5101608233405,1019.364770809377,nan,True,9.400013368576765e-06,success,-0.1594989383192027,-134.48983917665953,19.364770809376978,-0.07974946915960135,-0.13448983917665952,0.01936477080937698,"{""solution_info"": {""status"": ""ok"", ""objective"": 9.179699485335251e-26, ""roots_found"": 1, ""variant"": ""IV"", ""grid_size"": 97, ""strategy"": ""CW_profile_Brent"", ""paper_domain"": false}}"
2.0,1000.0,1000.0,10,14,mmle_v,mmle_v,2.4306956007917053,1038.6477611029834,873.9950167447632,nan,True,1.5300000086426735e-05,success,0.4306956007917053,38.647761102983395,-126.00498325523677,0.21534780039585266,0.038647761102983395,-0.12600498325523676,"{""solution_info"": {""status"": ""ok"", ""objective"": 1.228486963303935e-25, ""roots_found"": 1, ""variant"": ""V"", ""grid_size"": 97, ""strategy"": ""CW_profile_Brent"", ""paper_domain"": false}}"
2.0,1000.0,1000.0,10,14,wmle_checked,wmle_checked,2.7157305218164285,1227.841547323425,700.3950415009832,0.8664999598773778,True,0.09946579998359084,success,0.7157305218164285,227.84154732342495,-299.6049584990168,0.35786526090821424,0.22784154732342496,-0.2996049584990168,"{""solution_info"": {""status"": ""ok"", ""objective"": 1.7729917680010573e-22, ""strategy"": ""deterministic_multistart_equation_minimization"", ""start_count"": 5, ""selected_start"": 0, ""location_at_zero_boundary"": false, ""production_status"": ""ok"", ""recovered"": false}}"
2.0,1000.0,1000.0,10,14,mme_i,mme_i,,,,,False,0.03649489994859323,failure,nan,nan,nan,nan,nan,nan,"{""solution_info"": {""status"": ""no_root_in_declared_shape_domain"", ""variant"": ""I""}}"
2.0,1000.0,1000.0,10,14,mme_ii,mme_ii,3.385655779669198,1479.2733527780683,467.2494673298475,nan,True,1.209997572004795e-05,success,1.385655779669198,479.27335277806833,-532.7505326701526,0.692827889834599,0.4792733527780683,-0.5327505326701526,"{""solution_info"": {""status"": ""ok"", ""variant"": ""II"", ""roots_found"": 1, ""candidate_estimates"": [[3.385655779669198, 1.4792733527780684, 0.4672494673298475]], ""sample_moment_shape_initializer"": 4.884784564483322, ""criterion_residual"": 5.773159728050814e-15, ""strategy"": ""CW_moment_Brent_valid_support_then_sample_skew_initializer""}}"
2.0,1000.0,1000.0,10,14,mme_iii,mme_iii,2.4568644246116698,1123.8660839063748,799.1508943413454,nan,True,9.399955160915852e-06,success,0.45686442461166976,123.8660839063748,-200.8491056586546,0.22843221230583488,0.1238660839063748,-0.2008491056586546,"{""solution_info"": {""status"": ""ok"", ""variant"": ""III"", ""roots_found"": 2, ""candidate_estimates"": [[0.2030112899914272, 0.0002712048457659417, 1.7672211691940838], [2.4568644246116698, 1.1238660839063748, 0.7991508943413455]], ""sample_moment_shape_initializer"": 4.884784564483322, ""criterion_residual"": -2.843558721821182e-14, ""strategy"": ""CW_moment_Brent_valid_support_then_sample_skew_initializer""}}"
2.0,1000.0,1000.0,10,14,mmle_i_paper,mmle_i_paper,,,,,False,0.047268200025428087,failure,nan,nan,nan,nan,nan,nan,"{""raw_status"": ""no_root_in_declared_location_domain"", ""solution_info"": {""status"": ""no_root_in_declared_location_domain"", ""location_lower"": -2536.2810504082895, ""endpoint_constraint_residuals"": [4.355411811377544, 0.22716893439105146], ""grid_size"": 97}}"
2.0,1000.0,1000.0,10,14,mmle_ii_paper,mmle_ii_paper,5.937818045551925,2216.6876869364573,-254.32238858286271,nan,True,0.12426730000879616,success,3.937818045551925,1216.6876869364573,-1254.3223885828627,1.9689090227759625,1.2166876869364573,-1.2543223885828627,"{""solution_info"": {""status"": ""ok"", ""objective"": 5.639549355092712e-26, ""roots_found"": 1, ""variant"": ""II"", ""grid_size"": 97, ""strategy"": ""CW_profile_Brent"", ""paper_domain"": true}}"
2.0,1000.0,1000.0,10,14,mmle_iii_paper,mmle_iii_paper,1.000000000000001,664.0649576641373,1131.8470143740299,nan,True,1.0899966582655907e-05,success,-0.9999999999999989,-335.9350423358627,131.84701437402987,-0.49999999999999944,-0.3359350423358627,0.13184701437402988,"{""solution_info"": {""status"": ""ok"", ""objective"": 3.12006698622569e-31, ""roots_found"": 2, ""variant"": ""III"", ""grid_size"": 97, ""strategy"": ""CW_profile_Brent"", ""paper_domain"": true}}"
2.0,1000.0,1000.0,10,14,mmle_iv_paper,mmle_iv_paper,1.840501061680797,865.5101608233404,1019.3647708093768,nan,True,9.400013368576765e-06,success,-0.15949893831920292,-134.48983917665964,19.36477080937675,-0.07974946915960146,-0.13448983917665963,0.01936477080937675,"{""solution_info"": {""status"": ""ok"", ""objective"": 9.260607031926981e-26, ""roots_found"": 1, ""variant"": ""IV"", ""grid_size"": 97, ""strategy"": ""CW_profile_Brent"", ""paper_domain"": true}}"
2.0,1000.0,1000.0,10,14,mmle_v_paper,mmle_v_paper,2.4306956007916996,1038.6477611029816,873.9950167447649,nan,True,9.200011845678091e-06,success,0.43069560079169955,38.647761102981576,-126.00498325523506,0.21534780039584978,0.03864776110298158,-0.12600498325523507,"{""solution_info"": {""status"": ""ok"", ""objective"": 1.2339382000989697e-25, ""roots_found"": 1, ""variant"": ""V"", ""grid_size"": 97, ""strategy"": ""CW_profile_Brent"", ""paper_domain"": true}}"
2.0,1000.0,1000.0,10,15,mle_local,mle_local,9.63914636946567,2050.1421782935295,0.0,0.6180126787720146,True,0.18258960003731772,success,7.639146369465671,1050.1421782935295,-1000.0,3.8195731847328354,1.0501421782935294,-1.0,"{""solution_info"": {""status"": ""ok"", ""strategy"": ""deterministic_multistart_likelihood"", ""start_count"": 5, ""selected_start"": 0, ""log_likelihood"": -0.4913009650085538, ""location_at_zero_boundary"": true}}"
2.0,1000.0,1000.0,10,15,mmle_i,mmle_i,,,,,False,0.05436790001112968,failure,nan,nan,nan,nan,nan,nan,"{""raw_status"": ""no_root_in_declared_location_domain"", ""solution_info"": {""status"": ""no_root_in_declared_location_domain"", ""location_lower"": 0.0, ""endpoint_constraint_residuals"": [7.224279667532937, 2.1917775487537012], ""grid_size"": 97}}"
2.0,1000.0,1000.0,10,15,mmle_ii,mmle_ii,,,,,False,0.1040938000078313,failure,nan,nan,nan,nan,nan,nan,"{""solution_info"": {""status"": ""no_root_in_declared_location_domain"", ""variant"": ""II"", ""grid_size"": 97}}"
2.0,1000.0,1000.0,10,15,mmle_iii,mmle_iii,0.9999999999999977,657.7006529369601,1279.6769404830975,nan,True,1.1299969628453255e-05,success,-1.0000000000000022,-342.29934706303993,279.6769404830975,-0.5000000000000011,-0.34229934706303994,0.2796769404830975,"{""solution_info"": {""status"": ""ok"", ""objective"": 6.138921138648774e-30, ""roots_found"": 2, ""variant"": ""III"", ""grid_size"": 97, ""strategy"": ""CW_profile_Brent"", ""paper_domain"": false}}"
2.0,1000.0,1000.0,10,15,mmle_iv,mmle_iv,2.447765614451498,777.6469243393169,1230.9307710849082,nan,True,9.700015652924776e-06,success,0.4477656144514981,-222.3530756606831,230.9307710849082,0.22388280722574905,-0.2223530756606831,0.2309307710849082,"{""solution_info"": {""status"": ""ok"", ""objective"": 2.3015509947888783e-27, ""roots_found"": 1, ""variant"": ""IV"", ""grid_size"": 97, ""strategy"": ""CW_profile_Brent"", ""paper_domain"": false}}"
2.0,1000.0,1000.0,10,15,mmle_v,mmle_v,,,,,False,8.899951353669167e-06,failure,nan,nan,nan,nan,nan,nan,"{""solution_info"": {""status"": ""no_root_in_declared_location_domain"", ""variant"": ""V"", ""grid_size"": 97}}"
2.0,1000.0,1000.0,10,15,wmle_checked,wmle_checked,5.284523271936331,1357.3464697494562,684.8778199920268,0.6869651457908663,True,0.1160465000430122,success,3.2845232719363313,357.3464697494562,-315.12218000797316,1.6422616359681657,0.3573464697494562,-0.31512218000797315,"{""solution_info"": {""status"": ""ok"", ""objective"": 3.9074244987997567e-22, ""strategy"": ""deterministic_multistart_equation_minimization"", ""start_count"": 5, ""selected_start"": 1, ""location_at_zero_boundary"": false, ""production_status"": ""ok"", ""recovered"": false}}"
2.0,1000.0,1000.0,10,15,mme_i,mme_i,,,,,False,0.032742800016421825,failure,nan,nan,nan,nan,nan,nan,"{""solution_info"": {""status"": ""no_root_in_declared_shape_domain"", ""variant"": ""I""}}"
2.0,1000.0,1000.0,10,15,mme_ii,mme_ii,,,,,False,1.0600022505968809e-05,failure,nan,nan,nan,nan,nan,nan,"{""solution_info"": {""status"": ""no_root_in_declared_shape_domain"", ""variant"": ""II""}}"
2.0,1000.0,1000.0,10,15,mme_iii,mme_iii,,,,,False,8.90000956133008e-06,failure,nan,nan,nan,nan,nan,nan,"{""solution_info"": {""status"": ""no_root_in_declared_shape_domain"", ""variant"": ""III""}}"
2.0,1000.0,1000.0,10,15,mmle_i_paper,mmle_i_paper,,,,,False,0.06291900004725903,failure,nan,nan,nan,nan,nan,nan,"{""raw_status"": ""no_root_in_declared_location_domain"", ""solution_info"": {""status"": ""no_root_in_declared_location_domain"", ""location_lower"": -1069.9675988307074, ""endpoint_constraint_residuals"": [7.224279667532937, 1.9937179563247112], ""grid_size"": 97}}"
2.0,1000.0,1000.0,10,15,mmle_ii_paper,mmle_ii_paper,,,,,False,0.09670009999535978,failure,nan,nan,nan,nan,nan,nan,"{""solution_info"": {""status"": ""no_root_in_declared_location_domain"", ""variant"": ""II"", ""grid_size"": 97}}"
2.0,1000.0,1000.0,10,15,mmle_iii_paper,mmle_iii_paper,1.000000000000001,657.7006529369603,1279.6769404830975,nan,True,1.109996810555458e-05,success,-0.9999999999999989,-342.2993470630397,279.6769404830975,-0.49999999999999944,-0.3422993470630397,0.2796769404830975,"{""solution_info"": {""status"": ""ok"", ""objective"": 1.232595164407831e-30, ""roots_found"": 2, ""variant"": ""III"", ""grid_size"": 97, ""strategy"": ""CW_profile_Brent"", ""paper_domain"": true}}"
2.0,1000.0,1000.0,10,15,mmle_iv_paper,mmle_iv_paper,2.4477656144513835,777.6469243393038,1230.9307710849184,nan,True,9.600014891475439e-06,success,0.4477656144513835,-222.35307566069616,230.93077108491843,0.22388280722569176,-0.22235307566069618,0.23093077108491844,"{""solution_info"": {""status"": ""ok"", ""objective"": 9.860761315262648e-31, ""roots_found"": 1, ""variant"": ""IV"", ""grid_size"": 97, ""strategy"": ""CW_profile_Brent"", ""paper_domain"": true}}"
2.0,1000.0,1000.0,10,15,mmle_v_paper,mmle_v_paper,,,,,False,9.700015652924776e-06,failure,nan,nan,nan,nan,nan,nan,"{""solution_info"": {""status"": ""no_root_in_declared_location_domain"", ""variant"": ""V"", ""grid_size"": 97}}"
2.0,1000.0,1000.0,10,16,mle_local,mle_local,1.4263354105928243,752.3839323421961,1091.9854874442717,0.8169959622697951,True,0.09031570004299283,success,-0.5736645894071757,-247.6160676578039,91.98548744427171,-0.28683229470358784,-0.24761606765780392,0.09198548744427171,"{""solution_info"": {""status"": ""ok"", ""strategy"": ""deterministic_multistart_likelihood"", ""start_count"": 5, ""selected_start"": 4, ""log_likelihood"": -5.476573720268792, ""location_at_zero_boundary"": false}}"
2.0,1000.0,1000.0,10,16,mmle_i,mmle_i,4.100169452366807,1872.8588590625698,82.08612756159961,0.0,True,0.07226399995852262,success,2.1001694523668073,872.8588590625698,-917.9138724384004,1.0500847261834036,0.8728588590625698,-0.9179138724384004,"{""solution_info"": {""status"": ""ok"", ""objective"": 4.437342591868191e-31, ""roots_found"": 1, ""grid_size"": 97, ""strategy"": ""cw_i_profile_brent"", ""paper_domain"": false, ""raw_min_gap"": 1055.662082135074}}"
2.0,1000.0,1000.0,10,16,mmle_ii,mmle_ii,2.7305284107322056,1276.0075600573152,649.2830959996013,nan,True,0.14117209997493774,success,0.7305284107322056,276.00756005731523,-350.7169040003987,0.3652642053661028,0.27600756005731525,-0.3507169040003987,"{""solution_info"": {""status"": ""ok"", ""objective"": 1.9721522630525295e-31, ""roots_found"": 1, ""variant"": ""II"", ""grid_size"": 97, ""strategy"": ""CW_profile_Brent"", ""paper_domain"": false}}"
2.0,1000.0,1000.0,10,16,mmle_iii,mmle_iii,1.0000000000000013,644.0179608977464,1136.2987588028025,nan,True,1.1300027836114168e-05,success,-0.9999999999999987,-355.98203910225357,136.29875880280247,-0.49999999999999933,-0.35598203910225357,0.13629875880280246,"{""solution_info"": {""status"": ""ok"", ""objective"": 1.9721522630525295e-31, ""roots_found"": 2, ""variant"": ""III"", ""grid_size"": 97, ""strategy"": ""CW_profile_Brent"", ""paper_domain"": false}}"
2.0,1000.0,1000.0,10,16,mmle_iv,mmle_iv,1.4898553336989309,773.595424162927,1077.8846597883978,nan,True,1.0400020983070135e-05,success,-0.5101446663010691,-226.40457583707303,77.88465978839781,-0.25507233315053457,-0.22640457583707302,0.07788465978839781,"{""solution_info"": {""status"": ""ok"", ""objective"": 3.7830317747939384e-27, ""roots_found"": 1, ""variant"": ""IV"", ""grid_size"": 97, ""strategy"": ""CW_profile_Brent"", ""paper_domain"": false}}"
2.0,1000.0,1000.0,10,16,mmle_v,mmle_v,1.9096002789442295,932.0099667248132,955.0475384109144,nan,True,1.0299962013959885e-05,success,-0.09039972105577054,-67.99003327518676,-44.9524615890856,-0.04519986052788527,-0.06799003327518677,-0.0449524615890856,"{""solution_info"": {""status"": ""ok"", ""objective"": 9.707380397310208e-28, ""roots_found"": 1, ""variant"": ""V"", ""grid_size"": 97, ""strategy"": ""CW_profile_Brent"", ""paper_domain"": false}}"
2.0,1000.0,1000.0,10,16,wmle_checked,wmle_checked,1.5331704077200003,848.480364484661,1021.1821175191336,0.9754232350135341,True,0.1454274000134319,success,-0.46682959227999965,-151.51963551533902,21.182117519133612,-0.23341479613999983,-0.151519635515339,0.02118211751913361,"{""solution_info"": {""status"": ""ok"", ""objective"": 3.308480577176734e-21, ""strategy"": ""deterministic_multistart_equation_minimization"", ""start_count"": 5, ""selected_start"": 0, ""location_at_zero_boundary"": false, ""production_status"": ""ok"", ""recovered"": false}}"
2.0,1000.0,1000.0,10,16,mme_i,mme_i,3.0295662130954892,1483.7325925419648,454.79701526461724,nan,True,0.029791099950671196,success,1.0295662130954892,483.7325925419648,-545.2029847353828,0.5147831065477446,0.48373259254196477,-0.5452029847353828,"{""solution_info"": {""status"": ""ok"", ""variant"": ""I"", ""roots_found"": 1, ""candidate_estimates"": [[3.0295662130954892, 1.4837325925419649, 0.45479701526461724]], ""sample_moment_shape_initializer"": 2.646229882373826, ""criterion_residual"": -4.6629367034256575e-14, ""strategy"": ""CW_moment_Brent_valid_support_then_sample_skew_initializer""}}"
2.0,1000.0,1000.0,10,16,mme_ii,mme_ii,2.167319105254196,1108.794560244439,798.3646894914086,nan,True,1.2000033166259527e-05,success,0.16731910525419602,108.79456024443903,-201.63531050859137,0.08365955262709801,0.10879456024443902,-0.20163531050859138,"{""solution_info"": {""status"": ""ok"", ""variant"": ""II"", ""roots_found"": 1, ""candidate_estimates"": [[2.167319105254196, 1.1087945602444391, 0.7983646894914086]], ""sample_moment_shape_initializer"": 2.646229882373826, ""criterion_residual"": -3.1086244689504383e-15, ""strategy"": ""CW_moment_Brent_valid_support_then_sample_skew_initializer""}}"
2.0,1000.0,1000.0,10,16,mme_iii,mme_iii,1.9887637149551214,1025.5162425045587,871.3795356558213,nan,True,9.399955160915852e-06,success,-0.011236285044878613,25.516242504558704,-128.62046434417869,-0.005618142522439307,0.025516242504558705,-0.12862046434417868,"{""solution_info"": {""status"": ""ok"", ""variant"": ""III"", ""roots_found"": 2, ""candidate_estimates"": [[0.2483955086510855, 0.0022657726190641893, 1.723776175553311], [1.9887637149551214, 1.0255162425045588, 0.8713795356558213]], ""sample_moment_shape_initializer"": 2.646229882373826, ""criterion_residual"": 2.7755575615628914e-17, ""strategy"": ""CW_moment_Brent_valid_support_then_sample_skew_initializer""}}"
2.0,1000.0,1000.0,10,16,mmle_i_paper,mmle_i_paper,4.100169452366803,1872.8588590625684,82.08612756160049,0.0,True,0.055663200037088245,success,2.100169452366803,872.8588590625684,-917.9138724383995,1.0500847261834014,0.8728588590625684,-0.9179138724383995,"{""solution_info"": {""status"": ""ok"", ""objective"": 3.2047474274603605e-30, ""roots_found"": 1, ""grid_size"": 97, ""strategy"": ""cw_i_profile_brent"", ""paper_domain"": true, ""raw_min_gap"": 1055.662082135073}}"
2.0,1000.0,1000.0,10,16,mmle_ii_paper,mmle_ii_paper,2.730528410732207,1276.007560057316,649.2830959996005,nan,True,0.15948639996349812,success,0.730528410732207,276.0075600573159,-350.7169040003995,0.3652642053661035,0.2760075600573159,-0.3507169040003995,"{""solution_info"": {""status"": ""ok"", ""objective"": 7.1490519535654195e-31, ""roots_found"": 1, ""variant"": ""II"", ""grid_size"": 97, ""strategy"": ""CW_profile_Brent"", ""paper_domain"": true}}"
2.0,1000.0,1000.0,10,16,mmle_iii_paper,mmle_iii_paper,1.000000000000004,644.0179608977472,1136.2987588028022,nan,True,1.160003012046218e-05,success,-0.999999999999996,-355.98203910225277,136.29875880280224,-0.499999999999998,-0.3559820391022528,0.13629875880280223,"{""solution_info"": {""status"": ""ok"", ""objective"": 1.9721522630525295e-31, ""roots_found"": 3, ""variant"": ""III"", ""grid_size"": 97, ""strategy"": ""CW_profile_Brent"", ""paper_domain"": true}}"
2.0,1000.0,1000.0,10,16,mmle_iv_paper,mmle_iv_paper,1.489855333698928,773.595424162926,1077.8846597883985,nan,True,9.899958968162537e-06,success,-0.510144666301072,-226.40457583707405,77.8846597883985,-0.255072333150536,-0.22640457583707405,0.0778846597883985,"{""solution_info"": {""status"": ""ok"", ""objective"": 3.784806711830686e-27, ""roots_found"": 2, ""variant"": ""IV"", ""grid_size"": 97, ""strategy"": ""CW_profile_Brent"", ""paper_domain"": true}}"
2.0,1000.0,1000.0,10,16,mmle_v_paper,mmle_v_paper,1.9096002789444366,932.009966724896,955.0475384108453,nan,True,1.0399962775409222e-05,success,-0.09039972105556338,-67.990033275104,-44.95246158915472,-0.04519986052778169,-0.067990033275104,-0.044952461589154724,"{""solution_info"": {""status"": ""ok"", ""objective"": 1.0050651432483487e-30, ""roots_found"": 1, ""variant"": ""V"", ""grid_size"": 97, ""strategy"": ""CW_profile_Brent"", ""paper_domain"": true}}"
2.0,1000.0,1000.0,10,17,mle_local,mle_local,,,,,False,1.035198500030674,failure,nan,nan,nan,nan,nan,nan,"{""solution_info"": {""status"": ""unbounded""}}"
2.0,1000.0,1000.0,10,17,mmle_i,mmle_i,2.3104260528820593,1004.2320536302695,1066.982166541813,0.0,True,0.05574410001281649,success,0.31042605288205927,4.232053630269547,66.98216654181306,0.15521302644102963,0.004232053630269547,0.06698216654181306,"{""solution_info"": {""status"": ""ok"", ""objective"": 9.860761315262648e-31, ""roots_found"": 1, ""grid_size"": 97, ""strategy"": ""cw_i_profile_brent"", ""paper_domain"": false, ""raw_min_gap"": 363.0651214493165}}"
2.0,1000.0,1000.0,10,17,mmle_ii,mmle_ii,1.9515564572459805,856.8970101630557,1196.545667227013,nan,True,0.1574982000165619,success,-0.04844354275401952,-143.1029898369443,196.54566722701293,-0.02422177137700976,-0.14310298983694428,0.19654566722701292,"{""solution_info"": {""status"": ""ok"", ""objective"": 6.273619726972224e-26, ""roots_found"": 1, ""variant"": ""II"", ""grid_size"": 97, ""strategy"": ""CW_profile_Brent"", ""paper_domain"": false}}"
2.0,1000.0,1000.0,10,17,mmle_iii,mmle_iii,0.9999999999999989,526.7376982825125,1426.1871114821129,nan,True,1.71000137925148e-05,success,-1.000000000000001,-473.2623017174875,426.18711148211287,-0.5000000000000006,-0.4732623017174875,0.42618711148211286,"{""solution_info"": {""status"": ""ok"", ""objective"": 2.4158865222393487e-30, ""roots_found"": 3, ""variant"": ""III"", ""grid_size"": 97, ""strategy"": ""CW_profile_Brent"", ""paper_domain"": false}}"
2.0,1000.0,1000.0,10,17,mmle_iv,mmle_iv,1.3188580520640854,617.3252623152708,1382.9519311193,nan,True,1.0800024028867483e-05,success,-0.6811419479359146,-382.67473768472917,382.95193111930007,-0.3405709739679573,-0.38267473768472915,0.3829519311193001,"{""solution_info"": {""status"": ""ok"", ""objective"": 2.408047216993715e-27, ""roots_found"": 2, ""variant"": ""IV"", ""grid_size"": 97, ""strategy"": ""CW_profile_Brent"", ""paper_domain"": false}}"
2.0,1000.0,1000.0,10,17,mmle_v,mmle_v,,,,,False,1.2400036212056875e-05,failure,nan,nan,nan,nan,nan,nan,"{""solution_info"": {""status"": ""no_root_in_declared_location_domain"", ""variant"": ""V"", ""grid_size"": 97}}"
2.0,1000.0,1000.0,10,17,wmle_checked,wmle_checked,1.233761406461853,632.5124567223558,1371.779984260688,0.9418382672874014,True,0.1746176999877207,success,-0.766238593538147,-367.48754327764425,371.779984260688,-0.3831192967690735,-0.36748754327764427,0.37177998426068803,"{""solution_info"": {""status"": ""ok"", ""objective"": 1.520559622780097e-20, ""strategy"": ""deterministic_multistart_equation_minimization"", ""start_count"": 5, ""selected_start"": 3, ""location_at_zero_boundary"": false, ""production_status"": ""ok"", ""recovered"": false}}"
2.0,1000.0,1000.0,10,17,mme_i,mme_i,1.7637379059307838,834.6370914324975,1209.910584657811,nan,True,0.03875000000698492,success,-0.23626209406921617,-165.36290856750247,209.9105846578109,-0.11813104703460808,-0.16536290856750246,0.2099105846578109,"{""solution_info"": {""status"": ""ok"", ""variant"": ""I"", ""roots_found"": 1, ""candidate_estimates"": [[1.7637379059307838, 0.8346370914324975, 1.2099105846578109]], ""sample_moment_shape_initializer"": 2.1356522739948827, ""criterion_residual"": 4.973799150320701e-14, ""strategy"": ""CW_moment_Brent_valid_support_then_sample_skew_initializer""}}"
2.0,1000.0,1000.0,10,17,mme_ii,mme_ii,1.6280032120553987,771.6683266425542,1262.1278279453177,nan,True,1.2299977242946625e-05,success,-0.37199678794460134,-228.33167335744577,262.1278279453177,-0.18599839397230067,-0.22833167335744575,0.2621278279453177,"{""solution_info"": {""status"": ""ok"", ""variant"": ""II"", ""roots_found"": 1, ""candidate_estimates"": [[1.6280032120553987, 0.7716683266425542, 1.2621278279453176]], ""sample_moment_shape_initializer"": 2.1356522739948827, ""criterion_residual"": -4.440892098500626e-16, ""strategy"": ""CW_moment_Brent_valid_support_then_sample_skew_initializer""}}"
2.0,1000.0,1000.0,10,17,mme_iii,mme_iii,,,,,False,8.90000956133008e-06,failure,nan,nan,nan,nan,nan,nan,"{""solution_info"": {""status"": ""no_root_in_declared_shape_domain"", ""variant"": ""III""}}"
2.0,1000.0,1000.0,10,17,mmle_i_paper,mmle_i_paper,2.310426052882009,1004.2320536302487,1066.9821665418317,0.0,True,0.08553260000189766,success,0.3104260528820091,4.232053630248743,66.9821665418317,0.15521302644100454,0.0042320536302487425,0.0669821665418317,"{""solution_info"": {""status"": ""ok"", ""objective"": 4.544331852138791e-28, ""roots_found"": 1, ""grid_size"": 97, ""strategy"": ""cw_i_profile_brent"", ""paper_domain"": true, ""raw_min_gap"": 363.0651214492978}}"
2.0,1000.0,1000.0,10,17,mmle_ii_paper,mmle_ii_paper,1.951556457245743,856.8970101629598,1196.545667227095,nan,True,0.14470850001089275,success,-0.04844354275425711,-143.10298983704024,196.545667227095,-0.024221771377128554,-0.14310298983704023,0.19654566722709502,"{""solution_info"": {""status"": ""ok"", ""objective"": 4.9623110353653086e-26, ""roots_found"": 1, ""variant"": ""II"", ""grid_size"": 97, ""strategy"": ""CW_profile_Brent"", ""paper_domain"": true}}"
2.0,1000.0,1000.0,10,17,mmle_iii_paper,mmle_iii_paper,0.9999999999999984,526.7376982825123,1426.1871114821129,nan,True,1.2399978004395962e-05,success,-1.0000000000000016,-473.26230171748773,426.18711148211287,-0.5000000000000008,-0.47326230171748773,0.42618711148211286,"{""solution_info"": {""status"": ""ok"", ""objective"": 7.04183738331335e-31, ""roots_found"": 3, ""variant"": ""III"", ""grid_size"": 97, ""strategy"": ""CW_profile_Brent"", ""paper_domain"": true}}"
2.0,1000.0,1000.0,10,17,mmle_iv_paper,mmle_iv_paper,1.318858052064162,617.325262315297,1382.9519311192832,nan,True,1.2399978004395962e-05,success,-0.681141947935838,-382.674737684703,382.95193111928324,-0.340570973967919,-0.382674737684703,0.3829519311192832,"{""solution_info"": {""status"": ""ok"", ""objective"": 1.4298103907130839e-30, ""roots_found"": 2, ""variant"": ""IV"", ""grid_size"": 97, ""strategy"": ""CW_profile_Brent"", ""paper_domain"": true}}"
2.0,1000.0,1000.0,10,17,mmle_v_paper,mmle_v_paper,,,,,False,9.300012607127428e-06,failure,nan,nan,nan,nan,nan,nan,"{""solution_info"": {""status"": ""no_root_in_declared_location_domain"", ""variant"": ""V"", ""grid_size"": 97}}"
2.0,1000.0,1000.0,10,18,mle_local,mle_local,1.5538562663303377,755.1072201795705,1519.6355814264386,0.807471366497783,True,0.0741107999929227,success,-0.4461437336696623,-244.8927798204295,519.6355814264386,-0.22307186683483116,-0.2448927798204295,0.5196355814264386,"{""solution_info"": {""status"": ""ok"", ""strategy"": ""deterministic_multistart_likelihood"", ""start_count"": 5, ""selected_start"": 0, ""log_likelihood"": -4.934878039072837, ""location_at_zero_boundary"": false}}"
2.0,1000.0,1000.0,10,18,mmle_i,mmle_i,3.680857207649252,1666.513333198108,697.3037530951586,0.0,True,0.060349599982146174,success,1.680857207649252,666.5133331981081,-302.69624690484136,0.840428603824626,0.666513333198108,-0.30269624690484137,"{""solution_info"": {""status"": ""ok"", ""objective"": 3.7594152514438844e-30, ""roots_found"": 1, ""grid_size"": 97, ""strategy"": ""cw_i_profile_brent"", ""paper_domain"": false, ""raw_min_gap"": 879.9653959827425}}"
2.0,1000.0,1000.0,10,18,mmle_ii,mmle_ii,2.7075079004094813,1230.603866700631,1109.6887095922789,nan,True,0.11971250001806766,success,0.7075079004094813,230.603866700631,109.68870959227888,0.35375395020474065,0.230603866700631,0.10968870959227889,"{""solution_info"": {""status"": ""ok"", ""objective"": 1.232595164407831e-32, ""roots_found"": 1, ""variant"": ""II"", ""grid_size"": 97, ""strategy"": ""CW_profile_Brent"", ""paper_domain"": false}}"
2.0,1000.0,1000.0,10,18,mmle_iii,mmle_iii,1.0000000000000016,624.5847945353594,1576.573228633339,nan,True,1.0999967344105244e-05,success,-0.9999999999999984,-375.4152054646406,576.5732286333391,-0.4999999999999992,-0.37541520546464063,0.5765732286333392,"{""solution_info"": {""status"": ""ok"", ""objective"": 4.437342591868191e-31, ""roots_found"": 3, ""variant"": ""III"", ""grid_size"": 97, ""strategy"": ""CW_profile_Brent"", ""paper_domain"": false}}"
2.0,1000.0,1000.0,10,18,mmle_iv,mmle_iv,1.4615257958350063,725.6213297781037,1539.5342398698438,nan,True,9.90001717582345e-06,success,-0.5384742041649937,-274.3786702218963,539.5342398698438,-0.26923710208249685,-0.2743786702218963,0.5395342398698437,"{""solution_info"": {""status"": ""ok"", ""objective"": 1.5407439555097887e-30, ""roots_found"": 2, ""variant"": ""IV"", ""grid_size"": 97, ""strategy"": ""CW_profile_Brent"", ""paper_domain"": false}}"
2.0,1000.0,1000.0,10,18,mmle_v,mmle_v,2.0218974470173325,934.8733844364077,1375.4018977184085,nan,True,9.400013368576765e-06,success,0.02189744701733254,-65.12661556359228,375.40189771840846,0.01094872350866627,-0.06512661556359228,0.3754018977184085,"{""solution_info"": {""status"": ""ok"", ""objective"": 8.545396219371734e-30, ""roots_found"": 1, ""variant"": ""V"", ""grid_size"": 97, ""strategy"": ""CW_profile_Brent"", ""paper_domain"": false}}"
2.0,1000.0,1000.0,10,18,wmle_checked,wmle_checked,1.5585723947556247,813.2188593003909,1474.8622215050686,0.9365217060908796,True,0.13331699999980628,success,-0.4414276052443753,-186.78114069960907,474.86222150506865,-0.22071380262218765,-0.18678114069960908,0.4748622215050686,"{""solution_info"": {""status"": ""ok"", ""objective"": 2.3493106111833716e-20, ""strategy"": ""deterministic_multistart_equation_minimization"", ""start_count"": 5, ""selected_start"": 0, ""location_at_zero_boundary"": false, ""production_status"": ""ok"", ""recovered"": false}}"
2.0,1000.0,1000.0,10,18,mme_i,mme_i,3.478993749739101,1597.0918658818835,764.6364922146904,nan,True,0.02599639998516068,success,1.478993749739101,597.0918658818835,-235.3635077853096,0.7394968748695505,0.5970918658818835,-0.2353635077853096,"{""solution_info"": {""status"": ""ok"", ""variant"": ""I"", ""roots_found"": 1, ""candidate_estimates"": [[3.478993749739101, 1.5970918658818833, 0.7646364922146904]], ""sample_moment_shape_initializer"": 2.160386127769649, ""criterion_residual"": 0.0, ""strategy"": ""CW_moment_Brent_valid_support_then_sample_skew_initializer""}}"
2.0,1000.0,1000.0,10,18,mme_ii,mme_ii,2.263923938579898,1103.3813271926151,1223.8112004107056,nan,True,1.090002479031682e-05,success,0.26392393857989793,103.38132719261512,223.81120041070562,0.13196196928994897,0.10338132719261511,0.22381120041070562,"{""solution_info"": {""status"": ""ok"", ""variant"": ""II"", ""roots_found"": 1, ""candidate_estimates"": [[2.263923938579898, 1.1033813271926152, 1.2238112004107056]], ""sample_moment_shape_initializer"": 2.160386127769649, ""criterion_residual"": 2.90878432451791e-14, ""strategy"": ""CW_moment_Brent_valid_support_then_sample_skew_initializer""}}"
2.0,1000.0,1000.0,10,18,mme_iii,mme_iii,2.126125021126112,1043.1058081318442,1277.3463911318718,nan,True,9.699957445263863e-06,success,0.126125021126112,43.10580813184424,277.34639113187177,0.063062510563056,0.04310580813184424,0.27734639113187176,"{""solution_info"": {""status"": ""ok"", ""variant"": ""III"", ""roots_found"": 2, ""candidate_estimates"": [[0.2340061353292175, 0.0012633498235840265, 2.155017511791454], [2.126125021126112, 1.0431058081318443, 1.2773463911318719]], ""sample_moment_shape_initializer"": 2.160386127769649, ""criterion_residual"": -1.942890293094024e-16, ""strategy"": ""CW_moment_Brent_valid_support_then_sample_skew_initializer""}}"
2.0,1000.0,1000.0,10,18,mmle_i_paper,mmle_i_paper,3.6808572076492587,1666.5133331981112,697.3037530951557,0.0,True,0.06350099999690428,success,1.6808572076492587,666.5133331981112,-302.6962469048443,0.8404286038246294,0.6665133331981112,-0.3026962469048443,"{""solution_info"": {""status"": ""ok"", ""objective"": 9.98402083170343e-31, ""roots_found"": 1, ""grid_size"": 97, ""strategy"": ""cw_i_profile_brent"", ""paper_domain"": true, ""raw_min_gap"": 879.9653959827455}}"
2.0,1000.0,1000.0,10,18,mmle_ii_paper,mmle_ii_paper,2.7075079004094795,1230.6038667006308,1109.688709592279,nan,True,0.12576979998266324,success,0.7075079004094795,230.60386670063076,109.68870959227911,0.35375395020473976,0.23060386670063077,0.10968870959227911,"{""solution_info"": {""status"": ""ok"", ""objective"": 1.232595164407831e-31, ""roots_found"": 1, ""variant"": ""II"", ""grid_size"": 97, ""strategy"": ""CW_profile_Brent"", ""paper_domain"": true}}"
2.0,1000.0,1000.0,10,18,mmle_iii_paper,mmle_iii_paper,1.0,624.5847945353592,1576.573228633339,nan,True,1.109996810555458e-05,success,-1.0,-375.41520546464085,576.5732286333391,-0.5,-0.37541520546464086,0.5765732286333392,"{""solution_info"": {""status"": ""ok"", ""objective"": 7.888609052210118e-31, ""roots_found"": 3, ""variant"": ""III"", ""grid_size"": 97, ""strategy"": ""CW_profile_Brent"", ""paper_domain"": true}}"
2.0,1000.0,1000.0,10,18,mmle_iv_paper,mmle_iv_paper,1.461525795835005,725.621329778103,1539.5342398698442,nan,True,9.699957445263863e-06,success,-0.538474204164995,-274.378670221897,539.5342398698442,-0.2692371020824975,-0.274378670221897,0.5395342398698442,"{""solution_info"": {""status"": ""ok"", ""objective"": 6.015064402310215e-30, ""roots_found"": 2, ""variant"": ""IV"", ""grid_size"": 97, ""strategy"": ""CW_profile_Brent"", ""paper_domain"": true}}"
2.0,1000.0,1000.0,10,18,mmle_v_paper,mmle_v_paper,2.0218974470176763,934.8733844365503,1375.4018977182861,nan,True,9.700015652924776e-06,success,0.021897447017676264,-65.12661556344972,375.40189771828614,0.010948723508838132,-0.06512661556344972,0.37540189771828614,"{""solution_info"": {""status"": ""ok"", ""objective"": 1.7455859192602114e-27, ""roots_found"": 1, ""variant"": ""V"", ""grid_size"": 97, ""strategy"": ""CW_profile_Brent"", ""paper_domain"": true}}"
2.0,1000.0,1000.0,10,19,mle_local,mle_local,2.843121481750293,1159.899706625278,741.77608181145,0.7798081068108009,True,0.11055850004777312,success,0.843121481750293,159.899706625278,-258.22391818855,0.4215607408751465,0.159899706625278,-0.25822391818855,"{""solution_info"": {""status"": ""ok"", ""strategy"": ""deterministic_multistart_likelihood"", ""start_count"": 5, ""selected_start"": 1, ""log_likelihood"": -4.7652333792685235, ""location_at_zero_boundary"": false}}"
2.0,1000.0,1000.0,10,19,mmle_i,mmle_i,,,,,False,0.0726526000071317,failure,nan,nan,nan,nan,nan,nan,"{""raw_status"": ""no_root_in_declared_location_domain"", ""solution_info"": {""status"": ""no_root_in_declared_location_domain"", ""location_lower"": 0.0, ""endpoint_constraint_residuals"": [7.011566236947715, 0.5988560109739414], ""grid_size"": 97}}"
2.0,1000.0,1000.0,10,19,mmle_ii,mmle_ii,,,,,False,0.13896609999937937,failure,nan,nan,nan,nan,nan,nan,"{""solution_info"": {""status"": ""no_root_in_declared_location_domain"", ""variant"": ""II"", ""grid_size"": 97}}"
2.0,1000.0,1000.0,10,19,mmle_iii,mmle_iii,1.0000000000000007,730.7295476806794,1046.9416505373222,nan,True,1.1700030881911516e-05,success,-0.9999999999999993,-269.2704523193206,46.941650537322175,-0.49999999999999967,-0.2692704523193206,0.046941650537322174,"{""solution_info"": {""status"": ""ok"", ""objective"": 4.930380657631324e-32, ""roots_found"": 1, ""variant"": ""III"", ""grid_size"": 97, ""strategy"": ""CW_profile_Brent"", ""paper_domain"": false}}"
2.0,1000.0,1000.0,10,19,mmle_iv,mmle_iv,2.008621139305748,890.6437645943532,977.6380062690109,nan,True,1.0400020983070135e-05,success,0.008621139305748038,-109.35623540564677,-22.36199373098907,0.004310569652874019,-0.10935623540564678,-0.02236199373098907,"{""solution_info"": {""status"": ""ok"", ""objective"": 3.0814879110195774e-31, ""roots_found"": 2, ""variant"": ""IV"", ""grid_size"": 97, ""strategy"": ""CW_profile_Brent"", ""paper_domain"": false}}"
2.0,1000.0,1000.0,10,19,mmle_v,mmle_v,3.0531744851089924,1237.8123601143573,669.2529082633416,nan,True,1.0400020983070135e-05,success,1.0531744851089924,237.81236011435726,-330.7470917366584,0.5265872425544962,0.23781236011435727,-0.3307470917366584,"{""solution_info"": {""status"": ""ok"", ""objective"": 1.3649045750486715e-30, ""roots_found"": 1, ""variant"": ""V"", ""grid_size"": 97, ""strategy"": ""CW_profile_Brent"", ""paper_domain"": false}}"
2.0,1000.0,1000.0,10,19,wmle_checked,wmle_checked,2.4753323610084834,1114.7589693565737,782.8272064766886,0.8201320820121808,True,0.1504807000164874,success,0.4753323610084834,114.75896935657374,-217.17279352331138,0.2376661805042417,0.11475896935657375,-0.2171727935233114,"{""solution_info"": {""status"": ""ok"", ""objective"": 5.276685976027044e-22, ""strategy"": ""deterministic_multistart_equation_minimization"", ""start_count"": 5, ""selected_start"": 3, ""location_at_zero_boundary"": false, ""production_status"": ""ok"", ""recovered"": false}}"
2.0,1000.0,1000.0,10,19,mme_i,mme_i,,,,,False,0.03652709996094927,failure,nan,nan,nan,nan,nan,nan,"{""solution_info"": {""status"": ""no_root_in_declared_shape_domain"", ""variant"": ""I""}}"
2.0,1000.0,1000.0,10,19,mme_ii,mme_ii,,,,,False,1.1899974197149277e-05,failure,nan,nan,nan,nan,nan,nan,"{""solution_info"": {""status"": ""no_root_in_declared_shape_domain"", ""variant"": ""II""}}"
2.0,1000.0,1000.0,10,19,mme_iii,mme_iii,2.980379300327368,1259.200098027728,653.5540933308941,nan,True,9.500014130026102e-06,success,0.980379300327368,259.200098027728,-346.44590666910585,0.490189650163684,0.25920009802772803,-0.34644590666910585,"{""solution_info"": {""status"": ""ok"", ""variant"": ""III"", ""roots_found"": 2, ""candidate_estimates"": [[0.1570183129864198, 7.323142084242849e-06, 1.7670458213934048], [2.980379300327368, 1.259200098027728, 0.6535540933308941]], ""sample_moment_shape_initializer"": 2.8497742645433237, ""criterion_residual"": 6.286637876939949e-15, ""strategy"": ""CW_moment_Brent_valid_support_then_sample_skew_initializer""}}"
2.0,1000.0,1000.0,10,19,mmle_i_paper,mmle_i_paper,,,,,False,0.09423769998829812,failure,nan,nan,nan,nan,nan,nan,"{""raw_status"": ""no_root_in_declared_location_domain"", ""solution_info"": {""status"": ""no_root_in_declared_location_domain"", ""location_lower"": -2331.995126873513, ""endpoint_constraint_residuals"": [7.011566236947715, 0.15967656772625993], ""grid_size"": 97}}"
2.0,1000.0,1000.0,10,19,mmle_ii_paper,mmle_ii_paper,6.145507775065886,2479.6613145921306,-536.5616001623961,nan,True,0.17700470000272617,success,4.145507775065886,1479.6613145921306,-1536.5616001623962,2.072753887532943,1.4796613145921305,-1.5365616001623963,"{""solution_info"": {""status"": ""ok"", ""objective"": 2.465190328815662e-32, ""roots_found"": 1, ""variant"": ""II"", ""grid_size"": 97, ""strategy"": ""CW_profile_Brent"", ""paper_domain"": true}}"
2.0,1000.0,1000.0,10,19,mmle_iii_paper,mmle_iii_paper,1.0000000000000009,730.7295476806795,1046.9416505373222,nan,True,1.260003773495555e-05,success,-0.9999999999999991,-269.2704523193205,46.941650537322175,-0.49999999999999956,-0.2692704523193205,0.046941650537322174,"{""solution_info"": {""status"": ""ok"", ""objective"": 0.0, ""roots_found"": 1, ""variant"": ""III"", ""grid_size"": 97, ""strategy"": ""CW_profile_Brent"", ""paper_domain"": true}}"
2.0,1000.0,1000.0,10,19,mmle_iv_paper,mmle_iv_paper,2.0086211393057516,890.6437645943543,977.6380062690101,nan,True,9.400013368576765e-06,success,0.00862113930575159,-109.35623540564575,-22.361993730989866,0.004310569652875795,-0.10935623540564575,-0.022361993730989866,"{""solution_info"": {""status"": ""ok"", ""objective"": 1.5407439555097887e-30, ""roots_found"": 2, ""variant"": ""IV"", ""grid_size"": 97, ""strategy"": ""CW_profile_Brent"", ""paper_domain"": true}}"
2.0,1000.0,1000.0,10,19,mmle_v_paper,mmle_v_paper,3.0531744851093174,1237.8123601144798,669.2529082632268,nan,True,9.199953638017178e-06,success,1.0531744851093174,237.81236011447982,-330.7470917367732,0.5265872425546587,0.23781236011447981,-0.3307470917367732,"{""solution_info"": {""status"": ""ok"", ""objective"": 4.21548180848018e-28, ""roots_found"": 1, ""variant"": ""V"", ""grid_size"": 97, ""strategy"": ""CW_profile_Brent"", ""paper_domain"": true}}"
2.0,1000.0,1000.0,10,20,mle_local,mle_local,,,,,False,2.67697439994663,failure,nan,nan,nan,nan,nan,nan,"{""solution_info"": {""status"": ""unbounded""}}"
2.0,1000.0,1000.0,10,20,mmle_i,mmle_i,3.080102530989919,851.478434736174,1043.1096037464167,0.0,True,0.05186180002056062,success,1.0801025309899188,-148.521565263826,43.109603746416724,0.5400512654949594,-0.148521565263826,0.04310960374641672,"{""solution_info"": {""status"": ""ok"", ""objective"": 4.437342591868191e-31, ""roots_found"": 1, ""grid_size"": 97, ""strategy"": ""cw_i_profile_brent"", ""paper_domain"": false, ""raw_min_gap"": 396.95054595347756}}"
2.0,1000.0,1000.0,10,20,mmle_ii,mmle_ii,2.3601846769915507,660.9741406904639,1219.2424128931148,nan,True,0.126854500034824,success,0.36018467699155066,-339.02585930953614,219.24241289311476,0.18009233849577533,-0.33902585930953616,0.21924241289311477,"{""solution_info"": {""status"": ""ok"", ""objective"": 4.437342591868191e-31, ""roots_found"": 1, ""variant"": ""II"", ""grid_size"": 97, ""strategy"": ""CW_profile_Brent"", ""paper_domain"": false}}"
2.0,1000.0,1000.0,10,20,mmle_iii,mmle_iii,0.9999999999999948,365.0692842482941,1438.075958492051,nan,True,1.0400020983070135e-05,success,-1.0000000000000053,-634.930715751706,438.0759584920511,-0.5000000000000027,-0.634930715751706,0.4380759584920511,"{""solution_info"": {""status"": ""ok"", ""objective"": 6.257716738765844e-31, ""roots_found"": 3, ""variant"": ""III"", ""grid_size"": 97, ""strategy"": ""CW_profile_Brent"", ""paper_domain"": false}}"
2.0,1000.0,1000.0,10,20,mmle_iv,mmle_iv,1.4560213663303974,443.83696287739724,1399.0123145253986,nan,True,9.300012607127428e-06,success,-0.5439786336696026,-556.1630371226028,399.01231452539855,-0.2719893168348013,-0.5561630371226027,0.39901231452539854,"{""solution_info"": {""status"": ""ok"", ""objective"": 1.2183897516570636e-25, ""roots_found"": 2, ""variant"": ""IV"", ""grid_size"": 97, ""strategy"": ""CW_profile_Brent"", ""paper_domain"": false}}"
2.0,1000.0,1000.0,10,20,mmle_v,mmle_v,3.233613803202823,892.8687184277334,1003.9637223952919,nan,True,9.100011084228754e-06,success,1.233613803202823,-107.13128157226663,3.9637223952919385,0.6168069016014115,-0.10713128157226663,0.003963722395291938,"{""solution_info"": {""status"": ""ok"", ""objective"": 2.515412647150416e-30, ""roots_found"": 1, ""variant"": ""V"", ""grid_size"": 97, ""strategy"": ""CW_profile_Brent"", ""paper_domain"": false}}"
2.0,1000.0,1000.0,10,20,wmle_checked,wmle_checked,1.472516159107498,481.1940307780791,1371.0117654578967,0.9521143603798788,True,0.16403980000177398,success,-0.527483840892502,-518.8059692219209,371.0117654578967,-0.263741920446251,-0.5188059692219209,0.37101176545789666,"{""solution_info"": {""status"": ""ok"", ""objective"": 7.210183089620219e-21, ""strategy"": ""deterministic_multistart_equation_minimization"", ""start_count"": 5, ""selected_start"": 3, ""location_at_zero_boundary"": false, ""production_status"": ""ok"", ""recovered"": false}}"
2.0,1000.0,1000.0,10,20,mme_i,mme_i,2.351416343667168,700.703975942174,1182.1981010120242,nan,True,0.031628500029910356,success,0.351416343667168,-299.296024057826,182.19810101202415,0.175708171833584,-0.299296024057826,0.18219810101202416,"{""solution_info"": {""status"": ""ok"", ""variant"": ""I"", ""roots_found"": 1, ""candidate_estimates"": [[2.351416343667168, 0.700703975942174, 1.1821981010120242]], ""sample_moment_shape_initializer"": 2.3522923570450325, ""criterion_residual"": -6.661338147750939e-16, ""strategy"": ""CW_moment_Brent_valid_support_then_sample_skew_initializer""}}"
2.0,1000.0,1000.0,10,20,mme_ii,mme_ii,1.9409563452605596,589.394655315303,1280.4615842501196,nan,True,1.2299977242946625e-05,success,-0.0590436547394404,-410.605344684697,280.4615842501196,-0.0295218273697202,-0.410605344684697,0.2804615842501196,"{""solution_info"": {""status"": ""ok"", ""variant"": ""II"", ""roots_found"": 1, ""candidate_estimates"": [[1.9409563452605596, 0.589394655315303, 1.2804615842501197]], ""sample_moment_shape_initializer"": 2.3522923570450325, ""criterion_residual"": 7.949196856316121e-14, ""strategy"": ""CW_moment_Brent_valid_support_then_sample_skew_initializer""}}"
2.0,1000.0,1000.0,10,20,mme_iii,mme_iii,3.3007806227417067,938.0462042755717,961.6934023916949,nan,True,9.7999582067132e-06,success,1.3007806227417067,-61.953795724428346,-38.30659760830508,0.6503903113708533,-0.06195379572442834,-0.038306597608305085,"{""solution_info"": {""status"": ""ok"", ""variant"": ""III"", ""roots_found"": 2, ""candidate_estimates"": [[0.12007288098439291, 2.4290868110787247e-08, 1.8011551834872956], [3.3007806227417067, 0.9380462042755716, 0.9616934023916949]], ""sample_moment_shape_initializer"": 2.3522923570450325, ""criterion_residual"": 2.1923435289394888e-14, ""strategy"": ""CW_moment_Brent_valid_support_then_sample_skew_initializer""}}"
2.0,1000.0,1000.0,10,20,mmle_i_paper,mmle_i_paper,3.0801025309899126,851.4784347361726,1043.1096037464179,0.0,True,0.08220619999337941,success,1.0801025309899126,-148.52156526382737,43.10960374641786,0.5400512654949563,-0.14852156526382737,0.04310960374641786,"{""solution_info"": {""status"": ""ok"", ""objective"": 8.997944700177166e-31, ""roots_found"": 1, ""grid_size"": 97, ""strategy"": ""cw_i_profile_brent"", ""paper_domain"": true, ""raw_min_gap"": 396.9505459534764}}"
2.0,1000.0,1000.0,10,20,mmle_ii_paper,mmle_ii_paper,2.3601846769915507,660.9741406904634,1219.2424128931152,nan,True,0.17005789995891973,success,0.36018467699155066,-339.0258593095366,219.24241289311522,0.18009233849577533,-0.3390258593095366,0.21924241289311522,"{""solution_info"": {""status"": ""ok"", ""objective"": 6.409494854920721e-31, ""roots_found"": 1, ""variant"": ""II"", ""grid_size"": 97, ""strategy"": ""CW_profile_Brent"", ""paper_domain"": true}}"
2.0,1000.0,1000.0,10,20,mmle_iii_paper,mmle_iii_paper,0.9999999999999976,365.0692842482947,1438.0759584920509,nan,True,1.109996810555458e-05,success,-1.0000000000000024,-634.9307157517053,438.07595849205086,-0.5000000000000012,-0.6349307157517053,0.43807595849205083,"{""solution_info"": {""status"": ""ok"", ""objective"": 4.437342591868191e-31, ""roots_found"": 3, ""variant"": ""III"", ""grid_size"": 97, ""strategy"": ""CW_profile_Brent"", ""paper_domain"": true}}"
2.0,1000.0,1000.0,10,20,mmle_iv_paper,mmle_iv_paper,1.4560213663303967,443.8369628773972,1399.0123145253986,nan,True,9.500014130026102e-06,success,-0.5439786336696033,-556.1630371226029,399.01231452539855,-0.27198931683480165,-0.5561630371226028,0.39901231452539854,"{""solution_info"": {""status"": ""ok"", ""objective"": 1.2122031100078678e-25, ""roots_found"": 2, ""variant"": ""IV"", ""grid_size"": 97, ""strategy"": ""CW_profile_Brent"", ""paper_domain"": true}}"
2.0,1000.0,1000.0,10,20,mmle_v_paper,mmle_v_paper,3.2336138032028496,892.8687184277406,1003.9637223952851,nan,True,9.09995287656784e-06,success,1.2336138032028496,-107.13128157225935,3.9637223952851173,0.6168069016014248,-0.10713128157225936,0.003963722395285117,"{""solution_info"": {""status"": ""ok"", ""objective"": 4.930380657631324e-32, ""roots_found"": 1, ""variant"": ""V"", ""grid_size"": 97, ""strategy"": ""CW_profile_Brent"", ""paper_domain"": true}}"
2.0,1000.0,1000.0,10,21,mle_local,mle_local,3.1341349298983245,950.0865155137182,857.8269983275567,0.8544123307664024,True,0.1131924000219442,success,1.1341349298983245,-49.913484486281845,-142.17300167244332,0.5670674649491623,-0.04991348448628184,-0.14217300167244332,"{""solution_info"": {""status"": ""ok"", ""strategy"": ""deterministic_multistart_likelihood"", ""start_count"": 5, ""selected_start"": 2, ""log_likelihood"": -1.9989467901756726, ""location_at_zero_boundary"": false}}"
2.0,1000.0,1000.0,10,21,mmle_i,mmle_i,,,,,False,0.061520099989138544,failure,nan,nan,nan,nan,nan,nan,"{""raw_status"": ""no_root_in_declared_location_domain"", ""solution_info"": {""status"": ""no_root_in_declared_location_domain"", ""location_lower"": 0.0, ""endpoint_constraint_residuals"": [7.072489233631231, 0.5929945698775168], ""grid_size"": 97}}"
2.0,1000.0,1000.0,10,21,mmle_ii,mmle_ii,,,,,False,0.16028940002433956,failure,nan,nan,nan,nan,nan,nan,"{""solution_info"": {""status"": ""no_root_in_declared_location_domain"", ""variant"": ""II"", ""grid_size"": 97}}"
2.0,1000.0,1000.0,10,21,mmle_iii,mmle_iii,1.0000000000000053,568.9402659166561,1140.013099017615,nan,True,1.1699972674250603e-05,success,-0.9999999999999947,-431.05973408334387,140.0130990176151,-0.49999999999999734,-0.43105973408334386,0.1400130990176151,"{""solution_info"": {""status"": ""ok"", ""objective"": 8.903474443958032e-30, ""roots_found"": 1, ""variant"": ""III"", ""grid_size"": 97, ""strategy"": ""CW_profile_Brent"", ""paper_domain"": false}}"
2.0,1000.0,1000.0,10,21,mmle_iv,mmle_iv,2.059472721384156,691.3251188088738,1087.821434803827,nan,True,1.0000017937272787e-05,success,0.059472721384155935,-308.67488119112625,87.82143480382706,0.029736360692077968,-0.30867488119112624,0.08782143480382706,"{""solution_info"": {""status"": ""ok"", ""objective"": 2.112620780140709e-25, ""roots_found"": 2, ""variant"": ""IV"", ""grid_size"": 97, ""strategy"": ""CW_profile_Brent"", ""paper_domain"": false}}"
2.0,1000.0,1000.0,10,21,mmle_v,mmle_v,3.253360650583807,982.6408565756198,827.2135080644454,nan,True,1.0400020983070135e-05,success,1.253360650583807,-17.35914342438025,-172.78649193555464,0.6266803252919035,-0.01735914342438025,-0.17278649193555465,"{""solution_info"": {""status"": ""ok"", ""objective"": 1.232595164407831e-30, ""roots_found"": 1, ""variant"": ""V"", ""grid_size"": 97, ""strategy"": ""CW_profile_Brent"", ""paper_domain"": false}}"
2.0,1000.0,1000.0,10,21,wmle_checked,wmle_checked,2.642713361178027,889.532413227293,913.7317719430887,0.8784963953699226,True,0.15562610002234578,success,0.6427133611780271,-110.46758677270702,-86.26822805691131,0.32135668058901357,-0.11046758677270702,-0.08626822805691131,"{""solution_info"": {""status"": ""ok"", ""objective"": 7.334486877652501e-22, ""strategy"": ""deterministic_multistart_equation_minimization"", ""start_count"": 5, ""selected_start"": 3, ""location_at_zero_boundary"": false, ""production_status"": ""ok"", ""recovered"": false}}"
2.0,1000.0,1000.0,10,21,mme_i,mme_i,,,,,False,0.02997859998140484,failure,nan,nan,nan,nan,nan,nan,"{""solution_info"": {""status"": ""no_root_in_declared_shape_domain"", ""variant"": ""I""}}"
2.0,1000.0,1000.0,10,21,mme_ii,mme_ii,,,,,False,1.1899974197149277e-05,failure,nan,nan,nan,nan,nan,nan,"{""solution_info"": {""status"": ""no_root_in_declared_shape_domain"", ""variant"": ""II""}}"
2.0,1000.0,1000.0,10,21,mme_iii,mme_iii,3.2079110711016345,1017.0439947010857,797.9249835536693,nan,True,1.3399985618889332e-05,success,1.2079110711016345,17.043994701085694,-202.07501644633066,0.6039555355508173,0.017043994701085693,-0.20207501644633066,"{""solution_info"": {""status"": ""ok"", ""variant"": ""III"", ""roots_found"": 2, ""candidate_estimates"": [[0.1330891156488675, 2.6257924136622937e-07, 1.7051611564060223], [3.2079110711016345, 1.0170439947010856, 0.7979249835536694]], ""sample_moment_shape_initializer"": 3.2483866386435474, ""criterion_residual"": -3.7712888367735786e-14, ""strategy"": ""CW_moment_Brent_valid_support_then_sample_skew_initializer""}}"
2.0,1000.0,1000.0,10,21,mmle_i_paper,mmle_i_paper,,,,,False,0.0836843999568373,failure,nan,nan,nan,nan,nan,nan,"{""raw_status"": ""no_root_in_declared_location_domain"", ""solution_info"": {""status"": ""no_root_in_declared_location_domain"", ""location_lower"": -1408.9761718484515, ""endpoint_constraint_residuals"": [7.072489233631231, 0.32775397540972406], ""grid_size"": 97}}"
2.0,1000.0,1000.0,10,21,mmle_ii_paper,mmle_ii_paper,8.247406744198313,2441.3242970839174,-601.468060162997,nan,True,0.13005959999281913,success,6.247406744198313,1441.3242970839174,-1601.468060162997,3.1237033720991567,1.4413242970839173,-1.6014680601629971,"{""solution_info"": {""status"": ""ok"", ""objective"": 5.97808654737798e-30, ""roots_found"": 1, ""variant"": ""II"", ""grid_size"": 97, ""strategy"": ""CW_profile_Brent"", ""paper_domain"": true}}"
2.0,1000.0,1000.0,10,21,mmle_iii_paper,mmle_iii_paper,0.999999999999995,568.9402659166551,1140.013099017615,nan,True,1.1699972674250603e-05,success,-1.0000000000000049,-431.0597340833449,140.0130990176151,-0.5000000000000024,-0.4310597340833449,0.1400130990176151,"{""solution_info"": {""status"": ""ok"", ""objective"": 4.111739212533489e-30, ""roots_found"": 1, ""variant"": ""III"", ""grid_size"": 97, ""strategy"": ""CW_profile_Brent"", ""paper_domain"": true}}"
2.0,1000.0,1000.0,10,21,mmle_iv_paper,mmle_iv_paper,2.0594727213841524,691.325118808873,1087.8214348038277,nan,True,9.7999582067132e-06,success,0.05947272138415238,-308.67488119112704,87.82143480382774,0.02973636069207619,-0.308674881191127,0.08782143480382774,"{""solution_info"": {""status"": ""ok"", ""objective"": 2.112618807988446e-25, ""roots_found"": 2, ""variant"": ""IV"", ""grid_size"": 97, ""strategy"": ""CW_profile_Brent"", ""paper_domain"": true}}"
2.0,1000.0,1000.0,10,21,mmle_v_paper,mmle_v_paper,3.2533606505835313,982.6408565755438,827.2135080645172,nan,True,9.600014891475439e-06,success,1.2533606505835313,-17.359143424456192,-172.7864919354828,0.6266803252917656,-0.017359143424456193,-0.1727864919354828,"{""solution_info"": {""status"": ""ok"", ""objective"": 2.028653384684255e-28, ""roots_found"": 1, ""variant"": ""V"", ""grid_size"": 97, ""strategy"": ""CW_profile_Brent"", ""paper_domain"": true}}"
2.0,1000.0,1000.0,10,22,mle_local,mle_local,6.363525619346692,2046.4190231967584,0.0,0.3962712815148637,True,0.2658080999972299,success,4.363525619346692,1046.4190231967584,-1000.0,2.181762809673346,1.0464190231967585,-1.0,"{""solution_info"": {""status"": ""ok"", ""strategy"": ""deterministic_multistart_likelihood"", ""start_count"": 5, ""selected_start"": 0, ""log_likelihood"": -4.479584616509312, ""location_at_zero_boundary"": true}}"
2.0,1000.0,1000.0,10,22,mmle_i,mmle_i,,,,,False,0.06836880004266277,failure,nan,nan,nan,nan,nan,nan,"{""raw_status"": ""no_root_in_declared_location_domain"", ""solution_info"": {""status"": ""no_root_in_declared_location_domain"", ""location_lower"": 0.0, ""endpoint_constraint_residuals"": [5.772672201642131, 1.5791493974276607], ""grid_size"": 97}}"
2.0,1000.0,1000.0,10,22,mmle_ii,mmle_ii,,,,,False,0.1649819000158459,failure,nan,nan,nan,nan,nan,nan,"{""solution_info"": {""status"": ""no_root_in_declared_location_domain"", ""variant"": ""II"", ""grid_size"": 97}}"
2.0,1000.0,1000.0,10,22,mmle_iii,mmle_iii,1.0000000000000024,790.1359345294156,1101.5612896883727,nan,True,1.3199984095990658e-05,success,-0.9999999999999976,-209.86406547058436,101.56128968837265,-0.4999999999999988,-0.20986406547058437,0.10156128968837265,"{""solution_info"": {""status"": ""ok"", ""objective"": 4.930380657631324e-32, ""roots_found"": 2, ""variant"": ""III"", ""grid_size"": 97, ""strategy"": ""CW_profile_Brent"", ""paper_domain"": false}}"
2.0,1000.0,1000.0,10,22,mmle_iv,mmle_iv,2.147174028108286,1005.569287173903,984.9274632081318,nan,True,1.209997572004795e-05,success,0.14717402810828606,5.569287173903035,-15.072536791868174,0.07358701405414303,0.005569287173903035,-0.015072536791868174,"{""solution_info"": {""status"": ""ok"", ""objective"": 4.190823558986625e-30, ""roots_found"": 1, ""variant"": ""IV"", ""grid_size"": 97, ""strategy"": ""CW_profile_Brent"", ""paper_domain"": false}}"
2.0,1000.0,1000.0,10,22,mmle_v,mmle_v,,,,,False,1.1000025551766157e-05,failure,nan,nan,nan,nan,nan,nan,"{""solution_info"": {""status"": ""no_root_in_declared_location_domain"", ""variant"": ""V"", ""grid_size"": 97}}"
2.0,1000.0,1000.0,10,22,wmle_checked,wmle_checked,5.24545516082541,1935.6633852844552,108.66274671488159,0.6047937094620426,True,0.11085629998706281,success,3.2454551608254096,935.6633852844552,-891.3372532851184,1.6227275804127048,0.9356633852844553,-0.8913372532851185,"{""solution_info"": {""status"": ""ok"", ""objective"": 1.6997415551795731e-22, ""strategy"": ""deterministic_multistart_equation_minimization"", ""start_count"": 5, ""selected_start"": 0, ""location_at_zero_boundary"": false, ""production_status"": ""ok"", ""recovered"": false}}"
2.0,1000.0,1000.0,10,22,mme_i,mme_i,,,,,False,0.02733120002085343,failure,nan,nan,nan,nan,nan,nan,"{""solution_info"": {""status"": ""no_root_in_declared_shape_domain"", ""variant"": ""I""}}"
2.0,1000.0,1000.0,10,22,mme_ii,mme_ii,,,,,False,1.2199976481497288e-05,failure,nan,nan,nan,nan,nan,nan,"{""solution_info"": {""status"": ""no_root_in_declared_shape_domain"", ""variant"": ""II""}}"
2.0,1000.0,1000.0,10,22,mme_iii,mme_iii,,,,,False,9.500014130026102e-06,failure,nan,nan,nan,nan,nan,nan,"{""solution_info"": {""status"": ""no_root_in_declared_shape_domain"", ""variant"": ""III""}}"
2.0,1000.0,1000.0,10,22,mmle_i_paper,mmle_i_paper,,,,,False,0.059349399991333485,failure,nan,nan,nan,nan,nan,nan,"{""raw_status"": ""no_root_in_declared_location_domain"", ""solution_info"": {""status"": ""no_root_in_declared_location_domain"", ""location_lower"": -2475.5952391206947, ""endpoint_constraint_residuals"": [5.772672201642131, 1.348479883826033], ""grid_size"": 97}}"
2.0,1000.0,1000.0,10,22,mmle_ii_paper,mmle_ii_paper,,,,,False,0.12267090001842007,failure,nan,nan,nan,nan,nan,nan,"{""solution_info"": {""status"": ""no_root_in_declared_location_domain"", ""variant"": ""II"", ""grid_size"": 97}}"
2.0,1000.0,1000.0,10,22,mmle_iii_paper,mmle_iii_paper,1.000000000000003,790.1359345294161,1101.5612896883727,nan,True,1.3599987141788006e-05,success,-0.9999999999999969,-209.8640654705839,101.56128968837265,-0.49999999999999845,-0.20986406547058392,0.10156128968837265,"{""solution_info"": {""status"": ""ok"", ""objective"": 1.9721522630525295e-31, ""roots_found"": 2, ""variant"": ""III"", ""grid_size"": 97, ""strategy"": ""CW_profile_Brent"", ""paper_domain"": true}}"
2.0,1000.0,1000.0,10,22,mmle_iv_paper,mmle_iv_paper,2.147174028108603,1005.5692871739678,984.92746320808,nan,True,1.0000017937272787e-05,success,0.14717402810860314,5.569287173967837,-15.072536791920015,0.07358701405430157,0.005569287173967837,-0.015072536791920015,"{""solution_info"": {""status"": ""ok"", ""objective"": 1.9074903207276947e-26, ""roots_found"": 1, ""variant"": ""IV"", ""grid_size"": 97, ""strategy"": ""CW_profile_Brent"", ""paper_domain"": true}}"
2.0,1000.0,1000.0,10,22,mmle_v_paper,mmle_v_paper,,,,,False,9.800016414374113e-06,failure,nan,nan,nan,nan,nan,nan,"{""solution_info"": {""status"": ""no_root_in_declared_location_domain"", ""variant"": ""V"", ""grid_size"": 97}}"
2.0,1000.0,1000.0,10,23,mle_local,mle_local,1.3711119228793018,509.15201214726767,1112.6198000253505,0.7862342958374148,True,0.10322659998200834,success,-0.6288880771206982,-490.84798785273233,112.61980002535051,-0.3144440385603491,-0.4908479878527323,0.11261980002535052,"{""solution_info"": {""status"": ""ok"", ""strategy"": ""deterministic_multistart_likelihood"", ""start_count"": 5, ""selected_start"": 0, ""log_likelihood"": -1.7693553517352605, ""location_at_zero_boundary"": false}}"
2.0,1000.0,1000.0,10,23,mmle_i,mmle_i,3.059335349933639,1034.0508077480204,658.3445933696778,0.0,True,0.08477000001585111,success,1.0593353499336389,34.05080774802036,-341.6554066303222,0.5296676749668194,0.03405080774802036,-0.3416554066303222,"{""solution_info"": {""status"": ""ok"", ""objective"": 1.232595164407831e-32, ""roots_found"": 1, ""grid_size"": 97, ""strategy"": ""cw_i_profile_brent"", ""paper_domain"": false, ""raw_min_gap"": 479.5730702390845}}"
2.0,1000.0,1000.0,10,23,mmle_ii,mmle_ii,2.3999131252179917,815.3157783269277,861.0235133050553,nan,True,0.14723679999588057,success,0.3999131252179917,-184.68422167307233,-138.9764866949447,0.19995656260899586,-0.18468422167307233,-0.1389764866949447,"{""solution_info"": {""status"": ""ok"", ""objective"": 7.82747233205549e-28, ""roots_found"": 1, ""variant"": ""II"", ""grid_size"": 97, ""strategy"": ""CW_profile_Brent"", ""paper_domain"": false}}"
2.0,1000.0,1000.0,10,23,mmle_iii,mmle_iii,1.0000000000000437,444.1606104196095,1136.9899374772815,nan,True,1.0800024028867483e-05,success,-0.9999999999999563,-555.8393895803905,136.9899374772815,-0.49999999999997813,-0.5558393895803905,0.1369899374772815,"{""solution_info"": {""status"": ""ok"", ""objective"": 6.147403556366083e-29, ""roots_found"": 3, ""variant"": ""III"", ""grid_size"": 97, ""strategy"": ""CW_profile_Brent"", ""paper_domain"": false}}"
2.0,1000.0,1000.0,10,23,mmle_iv,mmle_iv,1.4028253575106362,516.5248319175363,1108.032353871732,nan,True,9.200011845678091e-06,success,-0.5971746424893638,-483.4751680824637,108.03235387173208,-0.2985873212446819,-0.4834751680824637,0.10803235387173209,"{""solution_info"": {""status"": ""ok"", ""objective"": 8.997944700177166e-31, ""roots_found"": 2, ""variant"": ""IV"", ""grid_size"": 97, ""strategy"": ""CW_profile_Brent"", ""paper_domain"": false}}"
2.0,1000.0,1000.0,10,23,mmle_v,mmle_v,1.5410700339847792,551.5463282526171,1083.966141896984,nan,True,1.2699980288743973e-05,success,-0.45892996601522085,-448.45367174738294,83.96614189698403,-0.22946498300761042,-0.44845367174738293,0.08396614189698402,"{""solution_info"": {""status"": ""ok"", ""objective"": 1.7742512207978e-25, ""roots_found"": 1, ""variant"": ""V"", ""grid_size"": 97, ""strategy"": ""CW_profile_Brent"", ""paper_domain"": false}}"
2.0,1000.0,1000.0,10,23,wmle_checked,wmle_checked,1.4509631929721192,567.3828440672761,1071.3494005871503,0.9634126860162854,True,0.12022969999816269,success,-0.5490368070278808,-432.6171559327239,71.34940058715028,-0.2745184035139404,-0.43261715593272393,0.07134940058715028,"{""solution_info"": {""status"": ""ok"", ""objective"": 5.372707665559774e-21, ""strategy"": ""deterministic_multistart_equation_minimization"", ""start_count"": 5, ""selected_start"": 0, ""location_at_zero_boundary"": false, ""production_status"": ""ok"", ""recovered"": false}}"
2.0,1000.0,1000.0,10,23,mme_i,mme_i,2.450919692178905,880.1114038054363,800.6178022092965,nan,True,0.030464300012681633,success,0.45091969217890515,-119.88859619456366,-199.38219779070346,0.22545984608945258,-0.11988859619456366,-0.19938219779070346,"{""solution_info"": {""status"": ""ok"", ""variant"": ""I"", ""roots_found"": 1, ""candidate_estimates"": [[2.450919692178905, 0.8801114038054363, 0.8006178022092966]], ""sample_moment_shape_initializer"": 2.112288684428498, ""criterion_residual"": -6.661338147750939e-16, ""strategy"": ""CW_moment_Brent_valid_support_then_sample_skew_initializer""}}"
2.0,1000.0,1000.0,10,23,mme_ii,mme_ii,1.9819129327542038,727.7879384004596,936.0516091405609,nan,True,1.1699972674250603e-05,success,-0.01808706724579623,-272.21206159954045,-63.94839085943909,-0.009043533622898114,-0.2722120615995404,-0.06394839085943908,"{""solution_info"": {""status"": ""ok"", ""variant"": ""II"", ""roots_found"": 1, ""candidate_estimates"": [[1.9819129327542038, 0.7277879384004595, 0.936051609140561]], ""sample_moment_shape_initializer"": 2.112288684428498, ""criterion_residual"": 1.7985612998927536e-14, ""strategy"": ""CW_moment_Brent_valid_support_then_sample_skew_initializer""}}"
2.0,1000.0,1000.0,10,23,mme_iii,mme_iii,1.5615775232619573,578.1638713248211,1061.5567647820985,nan,True,9.90001717582345e-06,success,-0.4384224767380427,-421.8361286751789,61.556764782098526,-0.21921123836902134,-0.4218361286751789,0.061556764782098525,"{""solution_info"": {""status"": ""ok"", ""variant"": ""III"", ""roots_found"": 2, ""candidate_estimates"": [[0.3038098367246548, 0.007376690783297804, 1.516562620304782], [1.5615775232619573, 0.5781638713248212, 1.0615567647820985]], ""sample_moment_shape_initializer"": 2.112288684428498, ""criterion_residual"": -1.27675647831893e-14, ""strategy"": ""CW_moment_Brent_valid_support_then_sample_skew_initializer""}}"
2.0,1000.0,1000.0,10,23,mmle_i_paper,mmle_i_paper,3.059335349933638,1034.05080774802,658.3445933696781,0.0,True,0.0671223999815993,success,1.059335349933638,34.050807748019906,-341.65540663032186,0.529667674966819,0.034050807748019905,-0.34165540663032185,"{""solution_info"": {""status"": ""ok"", ""objective"": 4.930380657631324e-32, ""roots_found"": 1, ""grid_size"": 97, ""strategy"": ""cw_i_profile_brent"", ""paper_domain"": true, ""raw_min_gap"": 479.5730702390841}}"
2.0,1000.0,1000.0,10,23,mmle_ii_paper,mmle_ii_paper,2.3999131252179216,815.3157783269048,861.0235133050761,nan,True,0.18229869997594506,success,0.39991312521792155,-184.68422167309518,-138.9764866949239,0.19995656260896078,-0.18468422167309517,-0.13897648669492388,"{""solution_info"": {""status"": ""ok"", ""objective"": 9.546449548338651e-29, ""roots_found"": 1, ""variant"": ""II"", ""grid_size"": 97, ""strategy"": ""CW_profile_Brent"", ""paper_domain"": true}}"
2.0,1000.0,1000.0,10,23,mmle_iii_paper,mmle_iii_paper,1.00000000000003,444.16061041960745,1136.9899374772817,nan,True,1.3000040780752897e-05,success,-0.99999999999997,-555.8393895803925,136.98993747728173,-0.499999999999985,-0.5558393895803926,0.13698993747728172,"{""solution_info"": {""status"": ""ok"", ""objective"": 3.499514587254685e-29, ""roots_found"": 3, ""variant"": ""III"", ""grid_size"": 97, ""strategy"": ""CW_profile_Brent"", ""paper_domain"": true}}"
2.0,1000.0,1000.0,10,23,mmle_iv_paper,mmle_iv_paper,1.402825357510638,516.5248319175367,1108.0323538717319,nan,True,9.700015652924776e-06,success,-0.597174642489362,-483.47516808246326,108.03235387173186,-0.298587321244681,-0.48347516808246327,0.10803235387173185,"{""solution_info"": {""status"": ""ok"", ""objective"": 2.465190328815662e-31, ""roots_found"": 2, ""variant"": ""IV"", ""grid_size"": 97, ""strategy"": ""CW_profile_Brent"", ""paper_domain"": true}}"
2.0,1000.0,1000.0,10,23,mmle_v_paper,mmle_v_paper,1.5410700339850465,551.5463282526887,1083.9661418969317,nan,True,9.90001717582345e-06,success,-0.4589299660149535,-448.4536717473113,83.96614189693173,-0.22946498300747675,-0.4484536717473113,0.08396614189693173,"{""solution_info"": {""status"": ""ok"", ""objective"": 1.8094328274410286e-25, ""roots_found"": 1, ""variant"": ""V"", ""grid_size"": 97, ""strategy"": ""CW_profile_Brent"", ""paper_domain"": true}}"
2.0,1000.0,1000.0,10,24,mle_local,mle_local,2.1499088704788916,1052.4284844768115,828.8021404141065,0.889983634904731,True,0.10404849995393306,success,0.14990887047889156,52.42848447681149,-171.19785958589353,0.07495443523944578,0.05242848447681149,-0.17119785958589354,"{""solution_info"": {""status"": ""ok"", ""strategy"": ""deterministic_multistart_likelihood"", ""start_count"": 5, ""selected_start"": 3, ""log_likelihood"": -6.106271411043293, ""location_at_zero_boundary"": false}}"
2.0,1000.0,1000.0,10,24,mmle_i,mmle_i,,,,,False,0.056607000005897135,failure,nan,nan,nan,nan,nan,nan,"{""raw_status"": ""no_root_in_declared_location_domain"", ""solution_info"": {""status"": ""no_root_in_declared_location_domain"", ""location_lower"": 0.0, ""endpoint_constraint_residuals"": [6.464214212152427, 0.336960154558132], ""grid_size"": 97}}"
2.0,1000.0,1000.0,10,24,mmle_ii,mmle_ii,4.181947728799299,1893.9511144638611,42.10302457446746,nan,True,0.13915030000498518,success,2.181947728799299,893.9511144638611,-957.8969754255326,1.0909738643996496,0.8939511144638611,-0.9578969754255325,"{""solution_info"": {""status"": ""ok"", ""objective"": 5.841345521326486e-31, ""roots_found"": 1, ""variant"": ""II"", ""grid_size"": 97, ""strategy"": ""CW_profile_Brent"", ""paper_domain"": false}}"
2.0,1000.0,1000.0,10,24,mmle_iii,mmle_iii,0.9999999999999982,727.378947633781,1033.771708603066,nan,True,1.1000025551766157e-05,success,-1.0000000000000018,-272.62105236621903,33.77170860306592,-0.5000000000000009,-0.27262105236621903,0.033771708603065914,"{""solution_info"": {""status"": ""ok"", ""objective"": 5.83462677371398e-27, ""roots_found"": 2, ""variant"": ""III"", ""grid_size"": 97, ""strategy"": ""CW_profile_Brent"", ""paper_domain"": false}}"
2.0,1000.0,1000.0,10,24,mmle_iv,mmle_iv,1.6941582506229182,890.6754875703756,959.7440268808829,nan,True,1.650000922381878e-05,success,-0.30584174937708175,-109.3245124296244,-40.25597311911713,-0.15292087468854088,-0.1093245124296244,-0.040255973119117126,"{""solution_info"": {""status"": ""ok"", ""objective"": 8.38164711797325e-31, ""roots_found"": 1, ""variant"": ""IV"", ""grid_size"": 97, ""strategy"": ""CW_profile_Brent"", ""paper_domain"": false}}"
2.0,1000.0,1000.0,10,24,mmle_v,mmle_v,3.5832873335778164,1638.6528972222284,287.82042992512413,nan,True,1.0600022505968809e-05,success,1.5832873335778164,638.6528972222284,-712.1795700748759,0.7916436667889082,0.6386528972222284,-0.7121795700748759,"{""solution_info"": {""status"": ""ok"", ""objective"": 8.847268341953357e-30, ""roots_found"": 1, ""variant"": ""V"", ""grid_size"": 97, ""strategy"": ""CW_profile_Brent"", ""paper_domain"": false}}"
2.0,1000.0,1000.0,10,24,wmle_checked,wmle_checked,1.9760123032735901,1067.4212502706555,814.4708885206362,0.9552145339936741,True,0.1415982999606058,success,-0.02398769672640988,67.42125027065549,-185.5291114793638,-0.01199384836320494,0.06742125027065549,-0.1855291114793638,"{""solution_info"": {""status"": ""ok"", ""objective"": 1.2535001997702793e-22, ""strategy"": ""deterministic_multistart_equation_minimization"", ""start_count"": 5, ""selected_start"": 1, ""location_at_zero_boundary"": false, ""production_status"": ""ok"", ""recovered"": false}}"
2.0,1000.0,1000.0,10,24,mme_i,mme_i,,,,,False,0.03459850000217557,failure,nan,nan,nan,nan,nan,nan,"{""solution_info"": {""status"": ""no_root_in_declared_shape_domain"", ""variant"": ""I""}}"
2.0,1000.0,1000.0,10,24,mme_ii,mme_ii,3.2967786488664137,1611.799047376822,315.4130613256032,nan,True,1.160003012046218e-05,success,1.2967786488664137,611.799047376822,-684.5869386743968,0.6483893244332068,0.611799047376822,-0.6845869386743968,"{""solution_info"": {""status"": ""ok"", ""variant"": ""II"", ""roots_found"": 1, ""candidate_estimates"": [[3.2967786488664137, 1.611799047376822, 0.3154130613256032]], ""sample_moment_shape_initializer"": 3.187339289947781, ""criterion_residual"": -2.1760371282653068e-14, ""strategy"": ""CW_moment_Brent_valid_support_then_sample_skew_initializer""}}"
2.0,1000.0,1000.0,10,24,mme_iii,mme_iii,3.712096155557956,1782.235021413027,152.47765291017922,nan,True,9.700015652924776e-06,success,1.7120961555579561,782.235021413027,-847.5223470898208,0.8560480777789781,0.7822350214130269,-0.8475223470898208,"{""solution_info"": {""status"": ""ok"", ""variant"": ""III"", ""roots_found"": 1, ""candidate_estimates"": [[3.712096155557956, 1.782235021413027, 0.15247765291017923]], ""sample_moment_shape_initializer"": 3.187339289947781, ""criterion_residual"": 2.7595981055839047e-14, ""strategy"": ""CW_moment_Brent_valid_support_then_sample_skew_initializer""}}"
2.0,1000.0,1000.0,10,24,mmle_i_paper,mmle_i_paper,11.121059697634385,4917.68721915953,-2946.2869971010928,0.0,True,0.0837961999932304,success,9.121059697634385,3917.6872191595303,-3946.2869971010928,4.560529848817192,3.9176872191595304,-3.946286997101093,"{""solution_info"": {""status"": ""ok"", ""objective"": 8.38164711797325e-31, ""roots_found"": 1, ""grid_size"": 97, ""strategy"": ""cw_i_profile_brent"", ""paper_domain"": true, ""raw_min_gap"": 3980.756654120043}}"
2.0,1000.0,1000.0,10,24,mmle_ii_paper,mmle_ii_paper,4.181947728799294,1893.951114463859,42.10302457446957,nan,True,0.14702370000304654,success,2.181947728799294,893.9511144638591,-957.8969754255304,1.090973864399647,0.8939511144638591,-0.9578969754255304,"{""solution_info"": {""status"": ""ok"", ""objective"": 2.5220729706496927e-31, ""roots_found"": 1, ""variant"": ""II"", ""grid_size"": 97, ""strategy"": ""CW_profile_Brent"", ""paper_domain"": true}}"
2.0,1000.0,1000.0,10,24,mmle_iii_paper,mmle_iii_paper,0.9999999999999982,727.378947633781,1033.771708603066,nan,True,1.1400028597563505e-05,success,-1.0000000000000018,-272.62105236621903,33.77170860306592,-0.5000000000000009,-0.27262105236621903,0.033771708603065914,"{""solution_info"": {""status"": ""ok"", ""objective"": 5.83462677371398e-27, ""roots_found"": 3, ""variant"": ""III"", ""grid_size"": 97, ""strategy"": ""CW_profile_Brent"", ""paper_domain"": true}}"
2.0,1000.0,1000.0,10,24,mmle_iv_paper,mmle_iv_paper,1.6941582506228565,890.6754875703559,959.7440268808973,nan,True,9.300012607127428e-06,success,-0.3058417493771435,-109.32451242964407,-40.25597311910269,-0.15292087468857174,-0.10932451242964407,-0.04025597311910269,"{""solution_info"": {""status"": ""ok"", ""objective"": 7.100241185054869e-28, ""roots_found"": 2, ""variant"": ""IV"", ""grid_size"": 97, ""strategy"": ""CW_profile_Brent"", ""paper_domain"": true}}"
2.0,1000.0,1000.0,10,24,mmle_v_paper,mmle_v_paper,3.583287333577869,1638.6528972222507,287.8204299251025,nan,True,9.100011084228754e-06,success,1.5832873335778692,638.6528972222507,-712.1795700748976,0.7916436667889346,0.6386528972222506,-0.7121795700748976,"{""solution_info"": {""status"": ""ok"", ""objective"": 2.3474025535732006e-30, ""roots_found"": 1, ""variant"": ""V"", ""grid_size"": 97, ""strategy"": ""CW_profile_Brent"", ""paper_domain"": true}}"
2.0,1000.0,1000.0,10,25,mle_local,mle_local,,,,,False,4.770429500029422,failure,nan,nan,nan,nan,nan,nan,"{""solution_info"": {""status"": ""unbounded""}}"
2.0,1000.0,1000.0,10,25,mmle_i,mmle_i,1.4182469162438818,621.078311480722,1275.9345971226574,0.0,True,0.06617069995263591,success,-0.5817530837561182,-378.92168851927795,275.93459712265735,-0.2908765418780591,-0.37892168851927793,0.27593459712265733,"{""solution_info"": {""status"": ""ok"", ""objective"": 0.0, ""roots_found"": 1, ""grid_size"": 97, ""strategy"": ""cw_i_profile_brent"", ""paper_domain"": false, ""raw_min_gap"": 118.39727952706042}}"
2.0,1000.0,1000.0,10,25,mmle_ii,mmle_ii,1.3647411293907552,597.9779857982851,1293.0608684148947,nan,True,0.15642299997853115,success,-0.6352588706092448,-402.0220142017149,293.0608684148947,-0.3176294353046224,-0.4020220142017149,0.2930608684148947,"{""solution_info"": {""status"": ""ok"", ""objective"": 2.465190328815662e-31, ""roots_found"": 1, ""variant"": ""II"", ""grid_size"": 97, ""strategy"": ""CW_profile_Brent"", ""paper_domain"": false}}"
2.0,1000.0,1000.0,10,25,mmle_iii,mmle_iii,1.0000000000000164,455.5720001918779,1381.4707267516933,nan,True,1.1400028597563505e-05,success,-0.9999999999999836,-544.4279998081221,381.4707267516933,-0.4999999999999918,-0.5444279998081221,0.3814707267516933,"{""solution_info"": {""status"": ""ok"", ""objective"": 2.8398992587956425e-25, ""roots_found"": 3, ""variant"": ""III"", ""grid_size"": 97, ""strategy"": ""CW_profile_Brent"", ""paper_domain"": false}}"
2.0,1000.0,1000.0,10,25,mmle_iv,mmle_iv,1.045073650002163,470.6301733056867,1374.553756340449,nan,True,9.899958968162537e-06,success,-0.9549263499978371,-529.3698266943134,374.5537563404489,-0.47746317499891855,-0.5293698266943133,0.3745537563404489,"{""solution_info"": {""status"": ""ok"", ""objective"": 4.3100664175651525e-25, ""roots_found"": 2, ""variant"": ""IV"", ""grid_size"": 97, ""strategy"": ""CW_profile_Brent"", ""paper_domain"": false}}"
2.0,1000.0,1000.0,10,25,mmle_v,mmle_v,0.8347638210170024,410.90948764289897,1393.2251027211837,nan,True,9.400013368576765e-06,success,-1.1652361789829975,-589.090512357101,393.2251027211837,-0.5826180894914987,-0.5890905123571011,0.3932251027211837,"{""solution_info"": {""status"": ""ok"", ""objective"": 1.2227792949846831e-26, ""roots_found"": 1, ""variant"": ""V"", ""grid_size"": 97, ""strategy"": ""CW_profile_Brent"", ""paper_domain"": false}}"
2.0,1000.0,1000.0,10,25,wmle_checked,wmle_checked,0.9560145300450196,472.7148895078647,1372.663211244312,0.9682359685259239,True,0.14500949997454882,success,-1.0439854699549804,-527.2851104921353,372.6632112443119,-0.5219927349774902,-0.5272851104921353,0.3726632112443119,"{""solution_info"": {""status"": ""ok"", ""objective"": 1.8013446578126352e-19, ""strategy"": ""deterministic_multistart_equation_minimization"", ""start_count"": 5, ""selected_start"": 3, ""location_at_zero_boundary"": false, ""production_status"": ""ok"", ""recovered"": false}}"
2.0,1000.0,1000.0,10,25,mme_i,mme_i,1.1684066056169278,544.0976640268761,1321.5611954159647,nan,True,0.02793989999918267,success,-0.8315933943830722,-455.90233597312385,321.5611954159647,-0.4157966971915361,-0.45590233597312385,0.3215611954159647,"{""solution_info"": {""status"": ""ok"", ""variant"": ""I"", ""roots_found"": 1, ""candidate_estimates"": [[1.1684066056169278, 0.5440976640268761, 1.3215611954159647]], ""sample_moment_shape_initializer"": 1.6337190482357267, ""criterion_residual"": -4.884981308350689e-15, ""strategy"": ""CW_moment_Brent_valid_support_then_sample_skew_initializer""}}"
2.0,1000.0,1000.0,10,25,mme_ii,mme_ii,1.1645851412820303,541.8892566011793,1323.1826843809072,nan,True,1.2000033166259527e-05,success,-0.8354148587179697,-458.11074339882066,323.1826843809072,-0.41770742935898486,-0.4581107433988207,0.3231826843809072,"{""solution_info"": {""status"": ""ok"", ""variant"": ""II"", ""roots_found"": 1, ""candidate_estimates"": [[1.1645851412820303, 0.5418892566011794, 1.3231826843809071]], ""sample_moment_shape_initializer"": 1.6337190482357267, ""criterion_residual"": -6.661338147750939e-16, ""strategy"": ""CW_moment_Brent_valid_support_then_sample_skew_initializer""}}"
2.0,1000.0,1000.0,10,25,mme_iii,mme_iii,,,,,False,1.0000017937272787e-05,failure,nan,nan,nan,nan,nan,nan,"{""solution_info"": {""status"": ""no_root_in_declared_shape_domain"", ""variant"": ""III""}}"
2.0,1000.0,1000.0,10,25,mmle_i_paper,mmle_i_paper,1.4182469162438809,621.0783114807216,1275.9345971226576,0.0,True,0.07046529999934137,success,-0.5817530837561191,-378.9216885192784,275.9345971226576,-0.29087654187805956,-0.37892168851927843,0.27593459712265755,"{""solution_info"": {""status"": ""ok"", ""objective"": 1.9721522630525295e-31, ""roots_found"": 1, ""grid_size"": 97, ""strategy"": ""cw_i_profile_brent"", ""paper_domain"": true, ""raw_min_gap"": 118.39727952706026}}"
2.0,1000.0,1000.0,10,25,mmle_ii_paper,mmle_ii_paper,1.3647411293907548,597.9779857982849,1293.060868414895,nan,True,0.21067840000614524,success,-0.6352588706092452,-402.02201420171514,293.0608684148949,-0.3176294353046226,-0.4020220142017151,0.2930608684148949,"{""solution_info"": {""status"": ""ok"", ""objective"": 8.38164711797325e-31, ""roots_found"": 1, ""variant"": ""II"", ""grid_size"": 97, ""strategy"": ""CW_profile_Brent"", ""paper_domain"": true}}"
2.0,1000.0,1000.0,10,25,mmle_iii_paper,mmle_iii_paper,1.0000000000000133,455.5720001918769,1381.4707267516937,nan,True,1.2299977242946625e-05,success,-0.9999999999999867,-544.4279998081231,381.47072675169375,-0.49999999999999334,-0.5444279998081231,0.38147072675169375,"{""solution_info"": {""status"": ""ok"", ""objective"": 2.8398992587956425e-25, ""roots_found"": 3, ""variant"": ""III"", ""grid_size"": 97, ""strategy"": ""CW_profile_Brent"", ""paper_domain"": true}}"
2.0,1000.0,1000.0,10,25,mmle_iv_paper,mmle_iv_paper,1.0450736500021809,470.63017330569295,1374.5537563404457,nan,True,1.0100018698722124e-05,success,-0.9549263499978191,-529.369826694307,374.5537563404457,-0.47746317499890956,-0.529369826694307,0.37455375634044574,"{""solution_info"": {""status"": ""ok"", ""objective"": 4.298631262446392e-25, ""roots_found"": 2, ""variant"": ""IV"", ""grid_size"": 97, ""strategy"": ""CW_profile_Brent"", ""paper_domain"": true}}"
2.0,1000.0,1000.0,10,25,mmle_v_paper,mmle_v_paper,0.8347638210170019,410.9094876428988,1393.2251027211837,nan,True,1.0100018698722124e-05,success,-1.1652361789829981,-589.0905123571013,393.2251027211837,-0.5826180894914991,-0.5890905123571013,0.3932251027211837,"{""solution_info"": {""status"": ""ok"", ""objective"": 1.205627214805752e-26, ""roots_found"": 1, ""variant"": ""V"", ""grid_size"": 97, ""strategy"": ""CW_profile_Brent"", ""paper_domain"": true}}"
2.0,1000.0,1000.0,10,26,mle_local,mle_local,2.919933007248333,801.4718178359497,1197.5003466499716,0.9191252833323109,True,0.12411590002011508,success,0.9199330072483329,-198.52818216405035,197.50034664997156,0.45996650362416647,-0.19852818216405035,0.19750034664997157,"{""solution_info"": {""status"": ""ok"", ""strategy"": ""deterministic_multistart_likelihood"", ""start_count"": 5, ""selected_start"": 2, ""log_likelihood"": -0.9766240441662948, ""location_at_zero_boundary"": false}}"
2.0,1000.0,1000.0,10,26,mmle_i,mmle_i,,,,,False,0.07291869999608025,failure,nan,nan,nan,nan,nan,nan,"{""raw_status"": ""no_root_in_declared_location_domain"", ""solution_info"": {""status"": ""no_root_in_declared_location_domain"", ""location_lower"": 0.0, ""endpoint_constraint_residuals"": [6.780933162550287, 0.3539474593785794], ""grid_size"": 97}}"
2.0,1000.0,1000.0,10,26,mmle_ii,mmle_ii,6.746865312301845,1755.8929005732,270.52086270172794,nan,True,0.18983160000061616,success,4.746865312301845,755.8929005732,-729.479137298272,2.3734326561509227,0.7558929005732,-0.729479137298272,"{""solution_info"": {""status"": ""ok"", ""objective"": 2.0028391987846598e-25, ""roots_found"": 1, ""variant"": ""II"", ""grid_size"": 97, ""strategy"": ""CW_profile_Brent"", ""paper_domain"": false}}"
2.0,1000.0,1000.0,10,26,mmle_iii,mmle_iii,0.9999999999999999,475.9022766806849,1435.6987808068434,nan,True,1.0699965059757233e-05,success,-1.0,-524.097723319315,435.6987808068434,-0.5,-0.524097723319315,0.4356987808068434,"{""solution_info"": {""status"": ""ok"", ""objective"": 1.1093356479670479e-29, ""roots_found"": 3, ""variant"": ""III"", ""grid_size"": 97, ""strategy"": ""CW_profile_Brent"", ""paper_domain"": false}}"
2.0,1000.0,1000.0,10,26,mmle_iv,mmle_iv,1.8742465710205767,578.6660018681324,1391.9530812298842,nan,True,9.700015652924776e-06,success,-0.12575342897942332,-421.3339981318676,391.9530812298842,-0.06287671448971166,-0.4213339981318676,0.3919530812298842,"{""solution_info"": {""status"": ""ok"", ""objective"": 9.860761315262648e-31, ""roots_found"": 2, ""variant"": ""IV"", ""grid_size"": 97, ""strategy"": ""CW_profile_Brent"", ""paper_domain"": false}}"
2.0,1000.0,1000.0,10,26,mmle_v,mmle_v,3.5096362521694733,942.9691121751724,1064.2596974791577,nan,True,9.200011845678091e-06,success,1.5096362521694733,-57.03088782482757,64.2596974791577,0.7548181260847366,-0.05703088782482758,0.06425969747915769,"{""solution_info"": {""status"": ""ok"", ""objective"": 2.1046974266545583e-28, ""roots_found"": 1, ""variant"": ""V"", ""grid_size"": 97, ""strategy"": ""CW_profile_Brent"", ""paper_domain"": false}}"
2.0,1000.0,1000.0,10,26,wmle_checked,wmle_checked,2.395831934263188,739.2463003552963,1253.9842199502295,0.9486585039432981,True,0.19411460001720116,success,0.39583193426318797,-260.7536996447037,253.98421995022954,0.19791596713159398,-0.26075369964470374,0.2539842199502295,"{""solution_info"": {""status"": ""ok"", ""objective"": 3.3258822753660874e-22, ""strategy"": ""deterministic_multistart_equation_minimization"", ""start_count"": 5, ""selected_start"": 3, ""location_at_zero_boundary"": false, ""production_status"": ""ok"", ""recovered"": false}}"
2.0,1000.0,1000.0,10,26,mme_i,mme_i,,,,,False,0.04469959996640682,failure,nan,nan,nan,nan,nan,nan,"{""solution_info"": {""status"": ""no_root_in_declared_shape_domain"", ""variant"": ""I""}}"
2.0,1000.0,1000.0,10,26,mme_ii,mme_ii,7.127647944620051,1840.479644629148,188.33563334560165,nan,True,1.279998105019331e-05,success,5.127647944620051,840.479644629148,-811.6643666543983,2.5638239723100256,0.8404796446291479,-0.8116643666543983,"{""solution_info"": {""status"": ""ok"", ""variant"": ""II"", ""roots_found"": 1, ""candidate_estimates"": [[7.127647944620051, 1.840479644629148, 0.18833563334560166]], ""sample_moment_shape_initializer"": 3.5576575530683785, ""criterion_residual"": 2.6201263381153694e-14, ""strategy"": ""CW_moment_Brent_valid_support_then_sample_skew_initializer""}}"
2.0,1000.0,1000.0,10,26,mme_iii,mme_iii,3.5979484092799017,1023.6274829208014,989.2329464529988,nan,True,9.90001717582345e-06,success,1.5979484092799017,23.627482920801413,-10.767053547001183,0.7989742046399508,0.023627482920801413,-0.010767053547001183,"{""solution_info"": {""status"": ""ok"", ""variant"": ""III"", ""roots_found"": 1, ""candidate_estimates"": [[3.5979484092799017, 1.0236274829208014, 0.9892329464529989]], ""sample_moment_shape_initializer"": 3.5576575530683785, ""criterion_residual"": -5.0029425047171117e-14, ""strategy"": ""CW_moment_Brent_valid_support_then_sample_skew_initializer""}}"
2.0,1000.0,1000.0,10,26,mmle_i_paper,mmle_i_paper,,,,,False,0.08062530000461265,failure,nan,nan,nan,nan,nan,nan,"{""raw_status"": ""no_root_in_declared_location_domain"", ""solution_info"": {""status"": ""no_root_in_declared_location_domain"", ""location_lower"": -935.6650463491305, ""endpoint_constraint_residuals"": [6.780933162550287, 0.2386783839388178], ""grid_size"": 97}}"
2.0,1000.0,1000.0,10,26,mmle_ii_paper,mmle_ii_paper,6.746865312301845,1755.8929005732,270.52086270172794,nan,True,0.18358360003912821,success,4.746865312301845,755.8929005732,-729.479137298272,2.3734326561509227,0.7558929005732,-0.729479137298272,"{""solution_info"": {""status"": ""ok"", ""objective"": 2.0028391987846598e-25, ""roots_found"": 1, ""variant"": ""II"", ""grid_size"": 97, ""strategy"": ""CW_profile_Brent"", ""paper_domain"": true}}"
2.0,1000.0,1000.0,10,26,mmle_iii_paper,mmle_iii_paper,0.9999999999999999,475.9022766806849,1435.6987808068434,nan,True,1.1400028597563505e-05,success,-1.0,-524.097723319315,435.6987808068434,-0.5,-0.524097723319315,0.4356987808068434,"{""solution_info"": {""status"": ""ok"", ""objective"": 2.4158865222393487e-30, ""roots_found"": 3, ""variant"": ""III"", ""grid_size"": 97, ""strategy"": ""CW_profile_Brent"", ""paper_domain"": true}}"
2.0,1000.0,1000.0,10,26,mmle_iv_paper,mmle_iv_paper,1.8742465710205778,578.6660018681323,1391.9530812298844,nan,True,9.500014130026102e-06,success,-0.1257534289794222,-421.3339981318677,391.95308122988445,-0.0628767144897111,-0.4213339981318677,0.3919530812298844,"{""solution_info"": {""status"": ""ok"", ""objective"": 3.944304526105059e-31, ""roots_found"": 2, ""variant"": ""IV"", ""grid_size"": 97, ""strategy"": ""CW_profile_Brent"", ""paper_domain"": true}}"
2.0,1000.0,1000.0,10,26,mmle_v_paper,mmle_v_paper,3.509636252169792,942.9691121752504,1064.2596974790831,nan,True,1.2899981811642647e-05,success,1.5096362521697921,-57.030887824749584,64.25969747908312,0.7548181260848961,-0.05703088782474958,0.06425969747908311,"{""solution_info"": {""status"": ""ok"", ""objective"": 1.874777245064311e-29, ""roots_found"": 1, ""variant"": ""V"", ""grid_size"": 97, ""strategy"": ""CW_profile_Brent"", ""paper_domain"": true}}"
2.0,1000.0,1000.0,10,27,mle_local,mle_local,1.759224617628159,1155.85467321762,1170.2968856954005,0.8715754809607316,True,0.09911779995309189,success,-0.24077538237184104,155.85467321762007,170.29688569540053,-0.12038769118592052,0.1558546732176201,0.17029688569540052,"{""solution_info"": {""status"": ""ok"", ""strategy"": ""deterministic_multistart_likelihood"", ""start_count"": 5, ""selected_start"": 4, ""log_likelihood"": -8.423743507794455, ""location_at_zero_boundary"": false}}"
2.0,1000.0,1000.0,10,27,mmle_i,mmle_i,,,,,False,0.06811799999559298,failure,nan,nan,nan,nan,nan,nan,"{""raw_status"": ""no_root_in_declared_location_domain"", ""solution_info"": {""status"": ""no_root_in_declared_location_domain"", ""location_lower"": 0.0, ""endpoint_constraint_residuals"": [6.520656800170183, 0.16604058105951758], ""grid_size"": 97}}"
2.0,1000.0,1000.0,10,27,mmle_ii,mmle_ii,3.3144603738568095,2006.5369076072423,405.3921089476562,nan,True,0.14255290001165122,success,1.3144603738568095,1006.5369076072423,-594.6078910523438,0.6572301869284047,1.0065369076072423,-0.5946078910523438,"{""solution_info"": {""status"": ""ok"", ""objective"": 6.040437084880059e-26, ""roots_found"": 1, ""variant"": ""II"", ""grid_size"": 97, ""strategy"": ""CW_profile_Brent"", ""paper_domain"": false}}"
2.0,1000.0,1000.0,10,27,mmle_iii,mmle_iii,0.9999999999999997,899.0172968719169,1303.231860797635,nan,True,1.1199968867003918e-05,success,-1.0000000000000004,-100.98270312808313,303.2318607976349,-0.5000000000000002,-0.10098270312808313,0.3032318607976349,"{""solution_info"": {""status"": ""ok"", ""objective"": 1.2230425518836703e-27, ""roots_found"": 2, ""variant"": ""III"", ""grid_size"": 97, ""strategy"": ""CW_profile_Brent"", ""paper_domain"": false}}"
2.0,1000.0,1000.0,10,27,mmle_iv,mmle_iv,1.580781875682579,1075.61732177883,1229.842208780706,nan,True,9.90001717582345e-06,success,-0.4192181243174209,75.61732177883005,229.84220878070596,-0.20960906215871045,0.07561732177883004,0.22984220878070596,"{""solution_info"": {""status"": ""ok"", ""objective"": 7.378314654145276e-28, ""roots_found"": 1, ""variant"": ""IV"", ""grid_size"": 97, ""strategy"": ""CW_profile_Brent"", ""paper_domain"": false}}"
2.0,1000.0,1000.0,10,27,mmle_v,mmle_v,1.5428900685373133,1059.96295019582,1240.5126715271765,nan,True,9.90001717582345e-06,success,-0.45710993146268675,59.962950195819985,240.5126715271765,-0.22855496573134337,0.059962950195819986,0.2405126715271765,"{""solution_info"": {""status"": ""ok"", ""objective"": 2.935351428327385e-27, ""roots_found"": 1, ""variant"": ""V"", ""grid_size"": 97, ""strategy"": ""CW_profile_Brent"", ""paper_domain"": false}}"
2.0,1000.0,1000.0,10,27,wmle_checked,wmle_checked,1.7254837524092244,1228.1327018677873,1110.4670493161746,0.9665245176550314,True,0.1513851000345312,success,-0.27451624759077564,228.13270186778732,110.46704931617455,-0.13725812379538782,0.2281327018677873,0.11046704931617456,"{""solution_info"": {""status"": ""ok"", ""objective"": 3.1658321449853485e-21, ""strategy"": ""deterministic_multistart_equation_minimization"", ""start_count"": 5, ""selected_start"": 3, ""location_at_zero_boundary"": false, ""production_status"": ""ok"", ""recovered"": false}}"
2.0,1000.0,1000.0,10,27,mme_i,mme_i,,,,,False,0.03210019995458424,failure,nan,nan,nan,nan,nan,nan,"{""solution_info"": {""status"": ""no_root_in_declared_shape_domain"", ""variant"": ""I""}}"
2.0,1000.0,1000.0,10,27,mme_ii,mme_ii,2.7083961124429017,1763.4072925323126,633.913781303298,nan,True,1.2299977242946625e-05,success,0.7083961124429017,763.4072925323126,-366.08621869670196,0.35419805622145084,0.7634072925323125,-0.36608621869670194,"{""solution_info"": {""status"": ""ok"", ""variant"": ""II"", ""roots_found"": 1, ""candidate_estimates"": [[2.7083961124429017, 1.7634072925323125, 0.633913781303298]], ""sample_moment_shape_initializer"": 2.6390038088910917, ""criterion_residual"": 1.0436096431476471e-13, ""strategy"": ""CW_moment_Brent_valid_support_then_sample_skew_initializer""}}"
2.0,1000.0,1000.0,10,27,mme_iii,mme_iii,1.466355521786038,995.1860920000959,1301.2628408840942,nan,True,9.700015652924776e-06,success,-0.533644478213962,-4.813907999904131,301.2628408840942,-0.266822239106981,-0.004813907999904132,0.3012628408840942,"{""solution_info"": {""status"": ""ok"", ""variant"": ""III"", ""roots_found"": 2, ""candidate_estimates"": [[0.3195866794630785, 0.018638165613879158, 2.070434457296896], [1.466355521786038, 0.9951860920000959, 1.3012628408840943]], ""sample_moment_shape_initializer"": 2.6390038088910917, ""criterion_residual"": -3.0808688933348094e-15, ""strategy"": ""CW_moment_Brent_valid_support_then_sample_skew_initializer""}}"
2.0,1000.0,1000.0,10,27,mmle_i_paper,mmle_i_paper,5.709900504075726,3402.2423953117122,-949.9892610697749,0.0,True,0.07041369995567948,success,3.7099005040757262,2402.2423953117122,-1949.9892610697748,1.8549502520378631,2.4022423953117125,-1.9499892610697749,"{""solution_info"": {""status"": ""ok"", ""objective"": 6.394703712947827e-29, ""roots_found"": 1, ""grid_size"": 97, ""strategy"": ""cw_i_profile_brent"", ""paper_domain"": true, ""raw_min_gap"": 2254.122031042936}}"
2.0,1000.0,1000.0,10,27,mmle_ii_paper,mmle_ii_paper,3.314460373856633,2006.5369076071406,405.3921089477529,nan,True,0.14143479999620467,success,1.3144603738566332,1006.5369076071406,-594.6078910522472,0.6572301869283166,1.0065369076071407,-0.5946078910522472,"{""solution_info"": {""status"": ""ok"", ""objective"": 6.020137764006918e-26, ""roots_found"": 1, ""variant"": ""II"", ""grid_size"": 97, ""strategy"": ""CW_profile_Brent"", ""paper_domain"": true}}"
2.0,1000.0,1000.0,10,27,mmle_iii_paper,mmle_iii_paper,1.0000000000000002,899.0172968719169,1303.231860797635,nan,True,1.1499971151351929e-05,success,-0.9999999999999998,-100.98270312808313,303.2318607976349,-0.4999999999999999,-0.10098270312808313,0.3032318607976349,"{""solution_info"": {""status"": ""ok"", ""objective"": 1.2469549153718324e-27, ""roots_found"": 3, ""variant"": ""III"", ""grid_size"": 97, ""strategy"": ""CW_profile_Brent"", ""paper_domain"": true}}"
2.0,1000.0,1000.0,10,27,mmle_iv_paper,mmle_iv_paper,1.5807818756825835,1075.617321778831,1229.8422087807055,nan,True,9.899958968162537e-06,success,-0.41921812431741645,75.61732177883096,229.8422087807055,-0.20960906215870823,0.07561732177883096,0.2298422087807055,"{""solution_info"": {""status"": ""ok"", ""objective"": 6.604984447995803e-28, ""roots_found"": 2, ""variant"": ""IV"", ""grid_size"": 97, ""strategy"": ""CW_profile_Brent"", ""paper_domain"": true}}"
2.0,1000.0,1000.0,10,27,mmle_v_paper,mmle_v_paper,1.5428900685373137,1059.9629501958204,1240.512671527176,nan,True,9.600014891475439e-06,success,-0.4571099314626863,59.96295019582044,240.51267152717605,-0.22855496573134315,0.05996295019582044,0.24051267152717606,"{""solution_info"": {""status"": ""ok"", ""objective"": 2.971552748306043e-27, ""roots_found"": 1, ""variant"": ""V"", ""grid_size"": 97, ""strategy"": ""CW_profile_Brent"", ""paper_domain"": true}}"
2.0,1000.0,1000.0,10,28,mle_local,mle_local,,,,,False,0.2652397000347264,failure,nan,nan,nan,nan,nan,nan,"{""solution_info"": {""status"": ""unbounded""}}"
2.0,1000.0,1000.0,10,28,mmle_i,mmle_i,2.153877748342372,717.7924142221406,1541.129774212046,0.0,True,0.07642080000368878,success,0.1538777483423721,-282.20758577785944,541.129774212046,0.07693887417118606,-0.2822075857778594,0.541129774212046,"{""solution_info"": {""status"": ""ok"", ""objective"": 2.6606035009905506e-25, ""roots_found"": 1, ""grid_size"": 97, ""strategy"": ""cw_i_profile_brent"", ""paper_domain"": false, ""raw_min_gap"": 241.0098388696035}}"
2.0,1000.0,1000.0,10,28,mmle_ii,mmle_ii,1.8299105076227817,619.1886158202609,1625.8024848197952,nan,True,0.16237989999353886,success,-0.17008949237721827,-380.8113841797391,625.8024848197952,-0.08504474618860913,-0.3808113841797391,0.6258024848197952,"{""solution_info"": {""status"": ""ok"", ""objective"": 1.2449211160519093e-30, ""roots_found"": 1, ""variant"": ""II"", ""grid_size"": 97, ""strategy"": ""CW_profile_Brent"", ""paper_domain"": false}}"
2.0,1000.0,1000.0,10,28,mmle_iii,mmle_iii,1.0000000000000056,396.4146602893883,1776.9114657430453,nan,True,1.1700030881911516e-05,success,-0.9999999999999944,-603.5853397106117,776.9114657430453,-0.4999999999999972,-0.6035853397106117,0.7769114657430453,"{""solution_info"": {""status"": ""ok"", ""objective"": 4.437342591868191e-31, ""roots_found"": 3, ""variant"": ""III"", ""grid_size"": 97, ""strategy"": ""CW_profile_Brent"", ""paper_domain"": false}}"
2.0,1000.0,1000.0,10,28,mmle_iv,mmle_iv,1.3056854448436603,468.4136466937696,1740.3206940009986,nan,True,1.0200019460171461e-05,success,-0.6943145551563397,-531.5863533062304,740.3206940009986,-0.34715727757816983,-0.5315863533062304,0.7403206940009986,"{""solution_info"": {""status"": ""ok"", ""objective"": 3.0814879110195774e-31, ""roots_found"": 2, ""variant"": ""IV"", ""grid_size"": 97, ""strategy"": ""CW_profile_Brent"", ""paper_domain"": false}}"
2.0,1000.0,1000.0,10,28,mmle_v,mmle_v,0.976576927854054,391.88478109328435,1778.1437603642971,nan,True,9.700015652924776e-06,success,-1.0234230721459459,-608.1152189067157,778.1437603642971,-0.5117115360729729,-0.6081152189067156,0.7781437603642971,"{""solution_info"": {""status"": ""ok"", ""objective"": 1.8179959502090768e-30, ""roots_found"": 1, ""variant"": ""V"", ""grid_size"": 97, ""strategy"": ""CW_profile_Brent"", ""paper_domain"": false}}"
2.0,1000.0,1000.0,10,28,wmle_checked,wmle_checked,1.179682264483965,467.97786478234696,1739.6724206097686,0.9602695563034451,True,0.1610952999908477,success,-0.8203177355160349,-532.022135217653,739.6724206097686,-0.41015886775801746,-0.5320221352176531,0.7396724206097686,"{""solution_info"": {""status"": ""ok"", ""objective"": 2.1220913101013314e-20, ""strategy"": ""deterministic_multistart_equation_minimization"", ""start_count"": 5, ""selected_start"": 3, ""location_at_zero_boundary"": false, ""production_status"": ""ok"", ""recovered"": false}}"
2.0,1000.0,1000.0,10,28,mme_i,mme_i,1.6370797977486093,595.5292826339858,1640.4569495579462,nan,True,0.03247559996088967,success,-0.36292020225139066,-404.47071736601424,640.4569495579462,-0.18146010112569533,-0.40447071736601425,0.6404569495579463,"{""solution_info"": {""status"": ""ok"", ""variant"": ""I"", ""roots_found"": 1, ""candidate_estimates"": [[1.6370797977486093, 0.5955292826339857, 1.6404569495579462]], ""sample_moment_shape_initializer"": 2.360467703448378, ""criterion_residual"": -1.3278267374516872e-13, ""strategy"": ""CW_moment_Brent_valid_support_then_sample_skew_initializer""}}"
2.0,1000.0,1000.0,10,28,mme_ii,mme_ii,1.5423870300096045,560.7255581180185,1668.7473988186912,nan,True,1.190003240481019e-05,success,-0.45761296999039547,-439.2744418819815,668.7473988186912,-0.22880648499519773,-0.4392744418819815,0.6687473988186912,"{""solution_info"": {""status"": ""ok"", ""variant"": ""II"", ""roots_found"": 1, ""candidate_estimates"": [[1.5423870300096045, 0.5607255581180185, 1.6687473988186912]], ""sample_moment_shape_initializer"": 2.360467703448378, ""criterion_residual"": 1.554312234475219e-14, ""strategy"": ""CW_moment_Brent_valid_support_then_sample_skew_initializer""}}"
2.0,1000.0,1000.0,10,28,mme_iii,mme_iii,,,,,False,9.200011845678091e-06,failure,nan,nan,nan,nan,nan,nan,"{""solution_info"": {""status"": ""no_root_in_declared_shape_domain"", ""variant"": ""III""}}"
2.0,1000.0,1000.0,10,28,mmle_i_paper,mmle_i_paper,2.1538777483423686,717.7924142221394,1541.1297742120469,0.0,True,0.06139160000020638,success,0.15387774834236856,-282.2075857778606,541.1297742120469,0.07693887417118428,-0.2822075857778606,0.5411297742120469,"{""solution_info"": {""status"": ""ok"", ""objective"": 2.6571686280458953e-25, ""roots_found"": 1, ""grid_size"": 97, ""strategy"": ""cw_i_profile_brent"", ""paper_domain"": true, ""raw_min_gap"": 241.00983886960265}}"
2.0,1000.0,1000.0,10,28,mmle_ii_paper,mmle_ii_paper,1.8299105076228201,619.188615820272,1625.8024848197858,nan,True,0.15024610003456473,success,-0.17008949237717985,-380.81138417972795,625.8024848197858,-0.08504474618858993,-0.38081138417972793,0.6258024848197858,"{""solution_info"": {""status"": ""ok"", ""objective"": 2.2803010541544873e-28, ""roots_found"": 1, ""variant"": ""II"", ""grid_size"": 97, ""strategy"": ""CW_profile_Brent"", ""paper_domain"": true}}"
2.0,1000.0,1000.0,10,28,mmle_iii_paper,mmle_iii_paper,0.9999999999999921,396.41466028938544,1776.911465743046,nan,True,1.1000025551766157e-05,success,-1.000000000000008,-603.5853397106146,776.9114657430459,-0.500000000000004,-0.6035853397106146,0.7769114657430459,"{""solution_info"": {""status"": ""ok"", ""objective"": 6.039716305598372e-31, ""roots_found"": 3, ""variant"": ""III"", ""grid_size"": 97, ""strategy"": ""CW_profile_Brent"", ""paper_domain"": true}}"
2.0,1000.0,1000.0,10,28,mmle_iv_paper,mmle_iv_paper,1.305685444843662,468.41364669376986,1740.3206940009986,nan,True,9.500014130026102e-06,success,-0.6943145551563381,-531.5863533062302,740.3206940009986,-0.34715727757816905,-0.5315863533062302,0.7403206940009986,"{""solution_info"": {""status"": ""ok"", ""objective"": 2.0214560696288428e-30, ""roots_found"": 2, ""variant"": ""IV"", ""grid_size"": 97, ""strategy"": ""CW_profile_Brent"", ""paper_domain"": true}}"
2.0,1000.0,1000.0,10,28,mmle_v_paper,mmle_v_paper,0.9765769278540551,391.8847810932844,1778.1437603642971,nan,True,9.200011845678091e-06,success,-1.023423072145945,-608.1152189067157,778.1437603642971,-0.5117115360729725,-0.6081152189067156,0.7781437603642971,"{""solution_info"": {""status"": ""ok"", ""objective"": 1.1093356479670479e-31, ""roots_found"": 1, ""variant"": ""V"", ""grid_size"": 97, ""strategy"": ""CW_profile_Brent"", ""paper_domain"": true}}"
2.0,1000.0,1000.0,10,29,mle_local,mle_local,1.9605796900271488,788.1784057676971,1256.6375780183803,0.8688040060311382,True,0.09338169998954982,success,-0.039420309972851175,-211.8215942323029,256.6375780183803,-0.019710154986425588,-0.2118215942323029,0.2566375780183803,"{""solution_info"": {""status"": ""ok"", ""strategy"": ""deterministic_multistart_likelihood"", ""start_count"": 5, ""selected_start"": 1, ""log_likelihood"": -3.9021140422644383, ""location_at_zero_boundary"": false}}"
2.0,1000.0,1000.0,10,29,mmle_i,mmle_i,,,,,False,0.07833399996161461,failure,nan,nan,nan,nan,nan,nan,"{""raw_status"": ""no_root_in_declared_location_domain"", ""solution_info"": {""status"": ""no_root_in_declared_location_domain"", ""location_lower"": 0.0, ""endpoint_constraint_residuals"": [6.271567037479247, 0.09230038146188946], ""grid_size"": 97}}"
2.0,1000.0,1000.0,10,29,mmle_ii,mmle_ii,3.7053716539527484,1363.0014658878529,728.5402343687523,nan,True,0.15095279994420707,success,1.7053716539527484,363.0014658878529,-271.4597656312477,0.8526858269763742,0.36300146588785287,-0.2714597656312477,"{""solution_info"": {""status"": ""ok"", ""objective"": 5.238529448733282e-32, ""roots_found"": 1, ""variant"": ""II"", ""grid_size"": 97, ""strategy"": ""CW_profile_Brent"", ""paper_domain"": false}}"
2.0,1000.0,1000.0,10,29,mmle_iii,mmle_iii,0.9999999999999963,568.0431025898615,1388.497779190712,nan,True,1.1499971151351929e-05,success,-1.0000000000000036,-431.9568974101385,388.497779190712,-0.5000000000000018,-0.4319568974101385,0.388497779190712,"{""solution_info"": {""status"": ""ok"", ""objective"": 8.989839441605428e-27, ""roots_found"": 3, ""variant"": ""III"", ""grid_size"": 97, ""strategy"": ""CW_profile_Brent"", ""paper_domain"": false}}"
2.0,1000.0,1000.0,10,29,mmle_iv,mmle_iv,1.6550475322128664,701.4582741745164,1324.9478709650766,nan,True,1.009996049106121e-05,success,-0.3449524677871336,-298.5417258254836,324.9478709650766,-0.1724762338935668,-0.2985417258254836,0.3249478709650766,"{""solution_info"": {""status"": ""ok"", ""objective"": 7.219679656485988e-28, ""roots_found"": 1, ""variant"": ""IV"", ""grid_size"": 97, ""strategy"": ""CW_profile_Brent"", ""paper_domain"": false}}"
2.0,1000.0,1000.0,10,29,mmle_v,mmle_v,5.385404571773846,1949.103937505001,158.58318294338946,nan,True,9.200011845678091e-06,success,3.3854045717738463,949.1039375050011,-841.4168170566105,1.6927022858869232,0.9491039375050011,-0.8414168170566105,"{""solution_info"": {""status"": ""ok"", ""objective"": 7.888609052210118e-31, ""roots_found"": 1, ""variant"": ""V"", ""grid_size"": 97, ""strategy"": ""CW_profile_Brent"", ""paper_domain"": false}}"
2.0,1000.0,1000.0,10,29,wmle_checked,wmle_checked,1.8759298651454037,824.3673446365323,1225.043039241865,0.9488931103136213,True,0.14256619999650866,success,-0.12407013485459628,-175.63265536346773,225.04303924186502,-0.06203506742729814,-0.17563265536346773,0.22504303924186503,"{""solution_info"": {""status"": ""ok"", ""objective"": 5.680978831313246e-22, ""strategy"": ""deterministic_multistart_equation_minimization"", ""start_count"": 5, ""selected_start"": 3, ""location_at_zero_boundary"": false, ""production_status"": ""ok"", ""recovered"": false}}"
2.0,1000.0,1000.0,10,29,mme_i,mme_i,,,,,False,0.028857700002845377,failure,nan,nan,nan,nan,nan,nan,"{""solution_info"": {""status"": ""no_root_in_declared_shape_domain"", ""variant"": ""I""}}"
2.0,1000.0,1000.0,10,29,mme_ii,mme_ii,2.8610775628540286,1151.2463840753744,930.549616731386,nan,True,1.1699972674250603e-05,success,0.8610775628540286,151.2463840753744,-69.45038326861402,0.4305387814270143,0.1512463840753744,-0.06945038326861402,"{""solution_info"": {""status"": ""ok"", ""variant"": ""II"", ""roots_found"": 1, ""candidate_estimates"": [[2.8610775628540286, 1.1512463840753744, 0.930549616731386]], ""sample_moment_shape_initializer"": 3.1855861773112215, ""criterion_residual"": 2.864375403532904e-14, ""strategy"": ""CW_moment_Brent_valid_support_then_sample_skew_initializer""}}"
2.0,1000.0,1000.0,10,29,mme_iii,mme_iii,5.2641284983812575,1933.4605945794185,176.02712484442273,nan,True,9.800016414374113e-06,success,3.2641284983812575,933.4605945794185,-823.9728751555773,1.6320642491906288,0.9334605945794185,-0.8239728751555773,"{""solution_info"": {""status"": ""ok"", ""variant"": ""III"", ""roots_found"": 1, ""candidate_estimates"": [[5.2641284983812575, 1.9334605945794185, 0.17602712484442273]], ""sample_moment_shape_initializer"": 3.1855861773112215, ""criterion_residual"": 1.1469991623158649e-14, ""strategy"": ""CW_moment_Brent_valid_support_then_sample_skew_initializer""}}"
2.0,1000.0,1000.0,10,29,mmle_i_paper,mmle_i_paper,7.784493701985199,2797.8991761069774,-679.3213707198273,0.0,True,0.06629589997464791,success,5.784493701985199,1797.8991761069774,-1679.3213707198274,2.8922468509925996,1.7978991761069774,-1.6793213707198273,"{""solution_info"": {""status"": ""ok"", ""objective"": 6.434146758208878e-29, ""roots_found"": 1, ""grid_size"": 97, ""strategy"": ""cw_i_profile_brent"", ""paper_domain"": true, ""raw_min_gap"": 2068.6726700221116}}"
2.0,1000.0,1000.0,10,29,mmle_ii_paper,mmle_ii_paper,3.705371653952749,1363.0014658878533,728.5402343687522,nan,True,0.17665079998550937,success,1.7053716539527488,363.0014658878533,-271.4597656312478,0.8526858269763744,0.3630014658878533,-0.2714597656312478,"{""solution_info"": {""status"": ""ok"", ""objective"": 1.6023737137301802e-31, ""roots_found"": 1, ""variant"": ""II"", ""grid_size"": 97, ""strategy"": ""CW_profile_Brent"", ""paper_domain"": true}}"
2.0,1000.0,1000.0,10,29,mmle_iii_paper,mmle_iii_paper,0.9999999999999949,568.0431025898613,1388.497779190712,nan,True,1.190003240481019e-05,success,-1.000000000000005,-431.9568974101387,388.497779190712,-0.5000000000000026,-0.4319568974101387,0.388497779190712,"{""solution_info"": {""status"": ""ok"", ""objective"": 9.415498638071963e-27, ""roots_found"": 3, ""variant"": ""III"", ""grid_size"": 97, ""strategy"": ""CW_profile_Brent"", ""paper_domain"": true}}"
2.0,1000.0,1000.0,10,29,mmle_iv_paper,mmle_iv_paper,1.6550475322129266,701.4582741745326,1324.9478709650648,nan,True,1.009996049106121e-05,success,-0.34495246778707345,-298.54172582546744,324.9478709650648,-0.17247623389353672,-0.29854172582546745,0.3249478709650648,"{""solution_info"": {""status"": ""ok"", ""objective"": 8.874685183736383e-31, ""roots_found"": 2, ""variant"": ""IV"", ""grid_size"": 97, ""strategy"": ""CW_profile_Brent"", ""paper_domain"": true}}"
2.0,1000.0,1000.0,10,29,mmle_v_paper,mmle_v_paper,5.385404571773829,1949.1039375049943,158.58318294339614,nan,True,9.800016414374113e-06,success,3.3854045717738286,949.1039375049943,-841.4168170566038,1.6927022858869143,0.9491039375049943,-0.8414168170566038,"{""solution_info"": {""status"": ""ok"", ""objective"": 7.6942661199741315e-31, ""roots_found"": 1, ""variant"": ""V"", ""grid_size"": 97, ""strategy"": ""CW_profile_Brent"", ""paper_domain"": true}}"
2.0,1000.0,1000.0,10,30,mle_local,mle_local,,,,,False,0.29216439998708665,failure,nan,nan,nan,nan,nan,nan,"{""solution_info"": {""status"": ""unbounded""}}"
2.0,1000.0,1000.0,10,30,mmle_i,mmle_i,1.5761583322026909,767.3179546073493,1265.8350049417675,0.0,True,0.09505790000548586,success,-0.42384166779730914,-232.6820453926507,265.83500494176747,-0.21192083389865457,-0.2326820453926507,0.2658350049417675,"{""solution_info"": {""status"": ""ok"", ""objective"": 8.38164711797325e-31, ""roots_found"": 1, ""grid_size"": 97, ""strategy"": ""cw_i_profile_brent"", ""paper_domain"": false, ""raw_min_gap"": 172.69754821668047}}"
2.0,1000.0,1000.0,10,30,mmle_ii,mmle_ii,1.4738953597884121,720.7568372152086,1301.811172200583,nan,True,0.1961361999856308,success,-0.5261046402115879,-279.24316278479137,301.8111722005831,-0.26305232010579394,-0.2792431627847914,0.30181117220058307,"{""solution_info"": {""status"": ""ok"", ""objective"": 4.0059342843254506e-30, ""roots_found"": 1, ""variant"": ""II"", ""grid_size"": 97, ""strategy"": ""CW_profile_Brent"", ""paper_domain"": false}}"
2.0,1000.0,1000.0,10,30,mmle_iii,mmle_iii,1.0000000000000686,528.3641264720511,1422.7396629330692,nan,True,1.1599971912801266e-05,success,-0.9999999999999314,-471.6358735279489,422.7396629330692,-0.4999999999999657,-0.4716358735279489,0.4227396629330692,"{""solution_info"": {""status"": ""ok"", ""objective"": 8.100044830999512e-29, ""roots_found"": 3, ""variant"": ""III"", ""grid_size"": 97, ""strategy"": ""CW_profile_Brent"", ""paper_domain"": false}}"
2.0,1000.0,1000.0,10,30,mmle_iv,mmle_iv,1.1536351897951267,584.9267931407496,1394.3523297197569,nan,True,1.0100018698722124e-05,success,-0.8463648102048733,-415.0732068592504,394.3523297197569,-0.42318240510243665,-0.41507320685925037,0.39435232971975687,"{""solution_info"": {""status"": ""ok"", ""objective"": 6.131544645346755e-28, ""roots_found"": 2, ""variant"": ""IV"", ""grid_size"": 97, ""strategy"": ""CW_profile_Brent"", ""paper_domain"": false}}"
2.0,1000.0,1000.0,10,30,mmle_v,mmle_v,2.2396405129418966,1088.3211153679313,991.6697818965765,nan,True,9.800016414374113e-06,success,0.2396405129418966,88.32111536793127,-8.330218103423476,0.1198202564709483,0.08832111536793127,-0.008330218103423477,"{""solution_info"": {""status"": ""ok"", ""objective"": 4.9264776427252015e-28, ""roots_found"": 1, ""variant"": ""V"", ""grid_size"": 97, ""strategy"": ""CW_profile_Brent"", ""paper_domain"": false}}"
2.0,1000.0,1000.0,10,30,wmle_checked,wmle_checked,1.0158103700288246,572.2480295492483,1400.450059123529,0.965842924343236,True,0.17871950002154335,success,-0.9841896299711754,-427.75197045075174,400.45005912352894,-0.4920948149855877,-0.42775197045075175,0.40045005912352893,"{""solution_info"": {""status"": ""ok"", ""objective"": 3.248632318133252e-20, ""strategy"": ""deterministic_multistart_equation_minimization"", ""start_count"": 5, ""selected_start"": 3, ""location_at_zero_boundary"": false, ""production_status"": ""ok"", ""recovered"": false}}"
2.0,1000.0,1000.0,10,30,mme_i,mme_i,1.3001617717617677,674.8243271541407,1327.8673800104602,nan,True,0.037457200000062585,success,-0.6998382282382323,-325.17567284585925,327.86738001046024,-0.34991911411911614,-0.32517567284585924,0.32786738001046023,"{""solution_info"": {""status"": ""ok"", ""variant"": ""I"", ""roots_found"": 1, ""candidate_estimates"": [[1.3001617717617677, 0.6748243271541408, 1.3278673800104603]], ""sample_moment_shape_initializer"": 1.725005984494007, ""criterion_residual"": 1.4832579608992091e-13, ""strategy"": ""CW_moment_Brent_valid_support_then_sample_skew_initializer""}}"
2.0,1000.0,1000.0,10,30,mme_ii,mme_ii,1.2803220786770693,663.0037693229224,1336.8365497512102,nan,True,1.1700030881911516e-05,success,-0.7196779213229307,-336.9962306770776,336.8365497512102,-0.35983896066146537,-0.3369962306770776,0.3368365497512102,"{""solution_info"": {""status"": ""ok"", ""variant"": ""II"", ""roots_found"": 1, ""candidate_estimates"": [[1.2803220786770693, 0.6630037693229224, 1.3368365497512102]], ""sample_moment_shape_initializer"": 1.725005984494007, ""criterion_residual"": 3.019806626980426e-14, ""strategy"": ""CW_moment_Brent_valid_support_then_sample_skew_initializer""}}"
2.0,1000.0,1000.0,10,30,mme_iii,mme_iii,2.381187060134993,1220.151852433206,869.6132911813612,nan,True,1.2999982573091984e-05,success,0.38118706013499315,220.15185243320593,-130.3867088186388,0.19059353006749657,0.22015185243320592,-0.13038670881863879,"{""solution_info"": {""status"": ""ok"", ""variant"": ""III"", ""roots_found"": 2, ""candidate_estimates"": [[0.20977621940624003, 0.00043782921878742913, 1.9156224523567897], [2.381187060134993, 1.220151852433206, 0.8696132911813612]], ""sample_moment_shape_initializer"": 1.725005984494007, ""criterion_residual"": -9.96425164601078e-15, ""strategy"": ""CW_moment_Brent_valid_support_then_sample_skew_initializer""}}"
2.0,1000.0,1000.0,10,30,mmle_i_paper,mmle_i_paper,1.5761583322026915,767.3179546073496,1265.8350049417672,0.0,True,0.08146070002112538,success,-0.4238416677973085,-232.68204539265037,265.83500494176724,-0.21192083389865424,-0.23268204539265036,0.26583500494176726,"{""solution_info"": {""status"": ""ok"", ""objective"": 9.860761315262648e-31, ""roots_found"": 1, ""grid_size"": 97, ""strategy"": ""cw_i_profile_brent"", ""paper_domain"": true, ""raw_min_gap"": 172.6975482166808}}"
2.0,1000.0,1000.0,10,30,mmle_ii_paper,mmle_ii_paper,1.4738953597884088,720.756837215207,1301.8111722005842,nan,True,0.17438620002940297,success,-0.5261046402115912,-279.24316278479296,301.8111722005842,-0.2630523201057956,-0.27924316278479294,0.30181117220058423,"{""solution_info"": {""status"": ""ok"", ""objective"": 2.465190328815662e-31, ""roots_found"": 1, ""variant"": ""II"", ""grid_size"": 97, ""strategy"": ""CW_profile_Brent"", ""paper_domain"": true}}"
2.0,1000.0,1000.0,10,30,mmle_iii_paper,mmle_iii_paper,0.9999999999999887,528.3641264720242,1422.7396629330801,nan,True,1.179997343569994e-05,success,-1.0000000000000113,-471.63587352797583,422.7396629330801,-0.5000000000000057,-0.4716358735279758,0.42273966293308013,"{""solution_info"": {""status"": ""ok"", ""objective"": 7.499108980257243e-29, ""roots_found"": 3, ""variant"": ""III"", ""grid_size"": 97, ""strategy"": ""CW_profile_Brent"", ""paper_domain"": true}}"
2.0,1000.0,1000.0,10,30,mmle_iv_paper,mmle_iv_paper,1.1536351897951356,584.9267931407528,1394.3523297197548,nan,True,9.599956683814526e-06,success,-0.8463648102048644,-415.0732068592472,394.35232971975483,-0.4231824051024322,-0.4150732068592472,0.3943523297197548,"{""solution_info"": {""status"": ""ok"", ""objective"": 7.3092893249384375e-28, ""roots_found"": 2, ""variant"": ""IV"", ""grid_size"": 97, ""strategy"": ""CW_profile_Brent"", ""paper_domain"": true}}"
2.0,1000.0,1000.0,10,30,mmle_v_paper,mmle_v_paper,2.239640512942139,1088.3211153680522,991.6697818964677,nan,True,1.0100018698722124e-05,success,0.23964051294213906,88.32111536805223,-8.330218103532275,0.11982025647106953,0.08832111536805223,-0.008330218103532275,"{""solution_info"": {""status"": ""ok"", ""objective"": 1.1210096401858752e-29, ""roots_found"": 1, ""variant"": ""V"", ""grid_size"": 97, ""strategy"": ""CW_profile_Brent"", ""paper_domain"": true}}"
2.0,1000.0,1000.0,10,31,mle_local,mle_local,1.839005089004102,572.033956608806,1182.0710699481092,0.8106251868717137,True,0.08558610000181943,success,-0.1609949109958979,-427.96604339119403,182.0710699481092,-0.08049745549794896,-0.42796604339119404,0.1820710699481092,"{""solution_info"": {""status"": ""ok"", ""strategy"": ""deterministic_multistart_likelihood"", ""start_count"": 5, ""selected_start"": 0, ""log_likelihood"": -0.9954359492001768, ""location_at_zero_boundary"": false}}"
2.0,1000.0,1000.0,10,31,mmle_i,mmle_i,4.586638046826115,1390.008862467142,416.851246516367,0.0,True,0.06323869997868314,success,2.586638046826115,390.0088624671421,-583.1487534836331,1.2933190234130576,0.39000886246714206,-0.583148753483633,"{""solution_info"": {""status"": ""ok"", ""objective"": 8.38164711797325e-31, ""roots_found"": 1, ""grid_size"": 97, ""strategy"": ""cw_i_profile_brent"", ""paper_domain"": false, ""raw_min_gap"": 832.6161000750208}}"
2.0,1000.0,1000.0,10,31,mmle_ii,mmle_ii,3.1900128795970986,959.3045707343289,832.0672028551575,nan,True,0.15158790000714362,success,1.1900128795970986,-40.69542926567112,-167.93279714484254,0.5950064397985493,-0.04069542926567112,-0.16793279714484255,"{""solution_info"": {""status"": ""ok"", ""objective"": 1.232595164407831e-31, ""roots_found"": 1, ""variant"": ""II"", ""grid_size"": 97, ""strategy"": ""CW_profile_Brent"", ""paper_domain"": false}}"
2.0,1000.0,1000.0,10,31,mmle_iii,mmle_iii,0.999999999999994,442.19275410655143,1249.2420694337409,nan,True,1.0999967344105244e-05,success,-1.000000000000006,-557.8072458934486,249.24206943374088,-0.500000000000003,-0.5578072458934485,0.2492420694337409,"{""solution_info"": {""status"": ""ok"", ""objective"": 4.543685199538927e-30, ""roots_found"": 3, ""variant"": ""III"", ""grid_size"": 97, ""strategy"": ""CW_profile_Brent"", ""paper_domain"": false}}"
2.0,1000.0,1000.0,10,31,mmle_iv,mmle_iv,1.5839970098194507,516.5582596072979,1223.330111562294,nan,True,1.0499963536858559e-05,success,-0.4160029901805493,-483.44174039270206,223.33011156229395,-0.20800149509027466,-0.48344174039270205,0.22333011156229396,"{""solution_info"": {""status"": ""ok"", ""objective"": 1.8242408433235898e-30, ""roots_found"": 2, ""variant"": ""IV"", ""grid_size"": 97, ""strategy"": ""CW_profile_Brent"", ""paper_domain"": false}}"
2.0,1000.0,1000.0,10,31,mmle_v,mmle_v,1.3368276968305741,478.3525293008151,1243.5707308344988,nan,True,9.600014891475439e-06,success,-0.6631723031694259,-521.6474706991849,243.57073083449882,-0.33158615158471294,-0.5216474706991848,0.24357073083449882,"{""solution_info"": {""status"": ""ok"", ""objective"": 2.325013903604831e-30, ""roots_found"": 1, ""variant"": ""V"", ""grid_size"": 97, ""strategy"": ""CW_profile_Brent"", ""paper_domain"": false}}"
2.0,1000.0,1000.0,10,31,wmle_checked,wmle_checked,1.7607717823910392,595.5953669391629,1162.2332690347146,0.9009388417394414,True,0.1979624000377953,success,-0.23922821760896085,-404.4046330608371,162.23326903471457,-0.11961410880448042,-0.4044046330608371,0.16223326903471458,"{""solution_info"": {""status"": ""ok"", ""objective"": 3.2994537874343087e-21, ""strategy"": ""deterministic_multistart_equation_minimization"", ""start_count"": 5, ""selected_start"": 3, ""location_at_zero_boundary"": false, ""production_status"": ""ok"", ""recovered"": false}}"
2.0,1000.0,1000.0,10,31,mme_i,mme_i,,,,,False,0.036683799989987165,failure,nan,nan,nan,nan,nan,nan,"{""solution_info"": {""status"": ""no_root_in_declared_shape_domain"", ""variant"": ""I""}}"
2.0,1000.0,1000.0,10,31,mme_ii,mme_ii,3.016991767551741,926.9089560803891,863.5173251149278,nan,True,1.2599979527294636e-05,success,1.0169917675517408,-73.09104391961091,-136.48267488507224,0.5084958837758704,-0.07309104391961091,-0.13648267488507224,"{""solution_info"": {""status"": ""ok"", ""variant"": ""II"", ""roots_found"": 1, ""candidate_estimates"": [[3.016991767551741, 0.926908956080389, 0.8635173251149277]], ""sample_moment_shape_initializer"": 2.0114949192920695, ""criterion_residual"": -2.4424906541753444e-15, ""strategy"": ""CW_moment_Brent_valid_support_then_sample_skew_initializer""}}"
2.0,1000.0,1000.0,10,31,mme_iii,mme_iii,1.1057584903974507,343.20007079136815,1360.8419675099483,nan,False,9.800016414374113e-06,failure,nan,nan,nan,nan,nan,nan,"{""solution_info"": {""status"": ""location_outside_effective_support"", ""variant"": ""III"", ""roots_found"": 2, ""candidate_estimates"": [[0.4015367092519873, 0.029170362641918825, 1.5955078404527854], [1.1057584903974507, 0.34320007079136816, 1.3608419675099483]], ""sample_moment_shape_initializer"": 2.0114949192920695, ""criterion_residual"": -2.220446049250313e-16, ""strategy"": ""CW_moment_Brent_valid_support_then_sample_skew_initializer""}}"
2.0,1000.0,1000.0,10,31,mmle_i_paper,mmle_i_paper,4.586638046826111,1390.00886246714,416.851246516369,0.0,True,0.06934009998803958,success,2.5866380468261108,390.00886246714003,-583.148753483631,1.2933190234130554,0.39000886246714006,-0.583148753483631,"{""solution_info"": {""status"": ""ok"", ""objective"": 1.232595164407831e-30, ""roots_found"": 1, ""grid_size"": 97, ""strategy"": ""cw_i_profile_brent"", ""paper_domain"": true, ""raw_min_gap"": 832.6161000750187}}"
2.0,1000.0,1000.0,10,31,mmle_ii_paper,mmle_ii_paper,3.1900128795972686,959.30457073438,832.067202855109,nan,True,0.16629000002285466,success,1.1900128795972686,-40.695429265619964,-167.93279714489097,0.5950064397986343,-0.04069542926561996,-0.16793279714489098,"{""solution_info"": {""status"": ""ok"", ""objective"": 4.883172262834504e-28, ""roots_found"": 1, ""variant"": ""II"", ""grid_size"": 97, ""strategy"": ""CW_profile_Brent"", ""paper_domain"": true}}"
2.0,1000.0,1000.0,10,31,mmle_iii_paper,mmle_iii_paper,0.999999999999994,442.19275410655143,1249.2420694337409,nan,True,1.1699972674250603e-05,success,-1.000000000000006,-557.8072458934486,249.24206943374088,-0.500000000000003,-0.5578072458934485,0.2492420694337409,"{""solution_info"": {""status"": ""ok"", ""objective"": 9.938111260443735e-31, ""roots_found"": 3, ""variant"": ""III"", ""grid_size"": 97, ""strategy"": ""CW_profile_Brent"", ""paper_domain"": true}}"
2.0,1000.0,1000.0,10,31,mmle_iv_paper,mmle_iv_paper,1.5839970098194542,516.5582596072985,1223.3301115622935,nan,True,1.0100018698722124e-05,success,-0.41600299018054576,-483.4417403927015,223.3301115622935,-0.20800149509027288,-0.4834417403927015,0.2233301115622935,"{""solution_info"": {""status"": ""ok"", ""objective"": 3.944304526105059e-31, ""roots_found"": 2, ""variant"": ""IV"", ""grid_size"": 97, ""strategy"": ""CW_profile_Brent"", ""paper_domain"": true}}"
2.0,1000.0,1000.0,10,31,mmle_v_paper,mmle_v_paper,1.3368276968305743,478.35252930081526,1243.5707308344986,nan,True,1.0200019460171461e-05,success,-0.6631723031694257,-521.6474706991847,243.5707308344986,-0.33158615158471283,-0.5216474706991847,0.2435707308344986,"{""solution_info"": {""status"": ""ok"", ""objective"": 9.938111260443735e-31, ""roots_found"": 1, ""variant"": ""V"", ""grid_size"": 97, ""strategy"": ""CW_profile_Brent"", ""paper_domain"": true}}"
2.0,1000.0,1000.0,10,32,mle_local,mle_local,,,,,False,3.7017441999632865,failure,nan,nan,nan,nan,nan,nan,"{""solution_info"": {""status"": ""unbounded""}}"
2.0,1000.0,1000.0,10,32,mmle_i,mmle_i,1.8061879248067005,569.3759549964819,1280.3905652882984,0.0,True,0.0703176999813877,success,-0.19381207519329946,-430.62404500351806,280.3905652882984,-0.09690603759664973,-0.4306240450035181,0.28039056528829837,"{""solution_info"": {""status"": ""ok"", ""objective"": 7.210681711785811e-30, ""roots_found"": 1, ""grid_size"": 97, ""strategy"": ""cw_i_profile_brent"", ""paper_domain"": false, ""raw_min_gap"": 154.95203986594512}}"
2.0,1000.0,1000.0,10,32,mmle_ii,mmle_ii,1.642951579423744,520.2458833123144,1320.7548915957173,nan,True,0.12675189995206892,success,-0.3570484205762561,-479.7541166876856,320.75489159571725,-0.17852421028812804,-0.4797541166876856,0.32075489159571724,"{""solution_info"": {""status"": ""ok"", ""objective"": 2.3730920507262732e-26, ""roots_found"": 1, ""variant"": ""II"", ""grid_size"": 97, ""strategy"": ""CW_profile_Brent"", ""paper_domain"": false}}"
2.0,1000.0,1000.0,10,32,mmle_iii,mmle_iii,1.000000000000001,351.9011373724407,1431.2944922473778,nan,True,1.1100026313215494e-05,success,-0.9999999999999989,-648.0988626275594,431.2944922473778,-0.49999999999999944,-0.6480988626275593,0.43129449224737776,"{""solution_info"": {""status"": ""ok"", ""objective"": 9.166191202068654e-29, ""roots_found"": 3, ""variant"": ""III"", ""grid_size"": 97, ""strategy"": ""CW_profile_Brent"", ""paper_domain"": false}}"
2.0,1000.0,1000.0,10,32,mmle_iv,mmle_iv,1.175829861879665,389.40111880842284,1414.5542050436627,nan,True,9.500014130026102e-06,success,-0.824170138120335,-610.5988811915772,414.5542050436627,-0.4120850690601675,-0.6105988811915772,0.4145542050436627,"{""solution_info"": {""status"": ""ok"", ""objective"": 1.0226842079091773e-28, ""roots_found"": 2, ""variant"": ""IV"", ""grid_size"": 97, ""strategy"": ""CW_profile_Brent"", ""paper_domain"": false}}"
2.0,1000.0,1000.0,10,32,mmle_v,mmle_v,1.0997095488627102,371.7446845896224,1423.7405600019692,nan,True,9.199953638017178e-06,success,-0.9002904511372898,-628.2553154103775,423.74056000196924,-0.4501452255686449,-0.6282553154103775,0.42374056000196925,"{""solution_info"": {""status"": ""ok"", ""objective"": 1.3899356633394726e-28, ""roots_found"": 1, ""variant"": ""V"", ""grid_size"": 97, ""strategy"": ""CW_profile_Brent"", ""paper_domain"": false}}"
2.0,1000.0,1000.0,10,32,wmle_checked,wmle_checked,1.0921569803206832,396.10711254675675,1409.8989793122905,0.9615338885909285,True,0.15078150003682822,success,-0.9078430196793168,-603.8928874532432,409.8989793122905,-0.4539215098396584,-0.6038928874532432,0.4098989793122905,"{""solution_info"": {""status"": ""ok"", ""objective"": 2.7360931312623077e-20, ""strategy"": ""deterministic_multistart_equation_minimization"", ""start_count"": 5, ""selected_start"": 3, ""location_at_zero_boundary"": false, ""production_status"": ""ok"", ""recovered"": false}}"
2.0,1000.0,1000.0,10,32,mme_i,mme_i,1.4225032670028606,484.7258144553069,1342.4790563723052,nan,True,0.026374199951533228,success,-0.5774967329971394,-515.2741855446932,342.4790563723052,-0.2887483664985697,-0.5152741855446932,0.3424790563723052,"{""solution_info"": {""status"": ""ok"", ""variant"": ""I"", ""roots_found"": 1, ""candidate_estimates"": [[1.4225032670028606, 0.4847258144553069, 1.3424790563723052]], ""sample_moment_shape_initializer"": 1.9809225941129975, ""criterion_residual"": 2.220446049250313e-16, ""strategy"": ""CW_moment_Brent_valid_support_then_sample_skew_initializer""}}"
2.0,1000.0,1000.0,10,32,mme_ii,mme_ii,1.3812497567816266,469.47207668843566,1354.3790567875085,nan,True,1.1599971912801266e-05,success,-0.6187502432183734,-530.5279233115643,354.3790567875085,-0.3093751216091867,-0.5305279233115643,0.3543790567875085,"{""solution_info"": {""status"": ""ok"", ""variant"": ""II"", ""roots_found"": 1, ""candidate_estimates"": [[1.3812497567816266, 0.46947207668843566, 1.3543790567875085]], ""sample_moment_shape_initializer"": 1.9809225941129975, ""criterion_residual"": -3.3306690738754696e-15, ""strategy"": ""CW_moment_Brent_valid_support_then_sample_skew_initializer""}}"
2.0,1000.0,1000.0,10,32,mme_iii,mme_iii,1.0443246229332759,333.8669689748075,1455.074000457828,nan,False,9.800016414374113e-06,failure,nan,nan,nan,nan,nan,nan,"{""solution_info"": {""status"": ""location_outside_effective_support"", ""variant"": ""III"", ""roots_found"": 2, ""candidate_estimates"": [[0.42105594941802194, 0.03746899550656305, 1.6744306018905046], [1.0443246229332759, 0.3338669689748075, 1.4550740004578282]], ""sample_moment_shape_initializer"": 1.9809225941129975, ""criterion_residual"": 1.1102230246251565e-16, ""strategy"": ""CW_moment_Brent_valid_support_then_sample_skew_initializer""}}"
2.0,1000.0,1000.0,10,32,mmle_i_paper,mmle_i_paper,1.8061879248067025,569.3759549964827,1280.3905652882977,0.0,True,0.058494700002484024,success,-0.19381207519329746,-430.62404500351727,280.3905652882977,-0.09690603759664873,-0.43062404500351725,0.2803905652882977,"{""solution_info"": {""status"": ""ok"", ""objective"": 1.392832535780849e-30, ""roots_found"": 1, ""grid_size"": 97, ""strategy"": ""cw_i_profile_brent"", ""paper_domain"": true, ""raw_min_gap"": 154.95203986594578}}"
2.0,1000.0,1000.0,10,32,mmle_ii_paper,mmle_ii_paper,1.6429515794237333,520.2458833123111,1320.75489159572,nan,True,0.13375439995434135,success,-0.35704842057626673,-479.7541166876889,320.75489159572,-0.17852421028813337,-0.4797541166876889,0.32075489159571996,"{""solution_info"": {""status"": ""ok"", ""objective"": 2.3746685399415508e-26, ""roots_found"": 1, ""variant"": ""II"", ""grid_size"": 97, ""strategy"": ""CW_profile_Brent"", ""paper_domain"": true}}"
2.0,1000.0,1000.0,10,32,mmle_iii_paper,mmle_iii_paper,0.9999999999999106,351.9011373724246,1431.2944922473823,nan,True,1.1000025551766157e-05,success,-1.0000000000000893,-648.0988626275754,431.2944922473823,-0.5000000000000446,-0.6480988626275754,0.4312944922473823,"{""solution_info"": {""status"": ""ok"", ""objective"": 1.2100211493780126e-28, ""roots_found"": 3, ""variant"": ""III"", ""grid_size"": 97, ""strategy"": ""CW_profile_Brent"", ""paper_domain"": true}}"
2.0,1000.0,1000.0,10,32,mmle_iv_paper,mmle_iv_paper,1.1758298618796652,389.40111880842295,1414.5542050436627,nan,True,9.600014891475439e-06,success,-0.8241701381203348,-610.598881191577,414.5542050436627,-0.4120850690601674,-0.610598881191577,0.4145542050436627,"{""solution_info"": {""status"": ""ok"", ""objective"": 9.940880000949157e-29, ""roots_found"": 2, ""variant"": ""IV"", ""grid_size"": 97, ""strategy"": ""CW_profile_Brent"", ""paper_domain"": true}}"
2.0,1000.0,1000.0,10,32,mmle_v_paper,mmle_v_paper,1.099709548862711,371.7446845896225,1423.7405600019692,nan,True,9.599956683814526e-06,success,-0.9002904511372889,-628.2553154103775,423.74056000196924,-0.45014522556864445,-0.6282553154103775,0.42374056000196925,"{""solution_info"": {""status"": ""ok"", ""objective"": 1.1174088724889012e-28, ""roots_found"": 1, ""variant"": ""V"", ""grid_size"": 97, ""strategy"": ""CW_profile_Brent"", ""paper_domain"": true}}"
2.0,1000.0,1000.0,10,33,mle_local,mle_local,,,,,False,0.15996780002024025,failure,nan,nan,nan,nan,nan,nan,"{""solution_info"": {""status"": ""unbounded""}}"
2.0,1000.0,1000.0,10,33,mmle_i,mmle_i,1.4610711940014511,882.22804511162,1079.0139256236346,0.0,True,0.06039739999687299,success,-0.5389288059985489,-117.77195488838004,79.01392562363458,-0.26946440299927443,-0.11777195488838003,0.07901392562363457,"{""solution_info"": {""status"": ""ok"", ""objective"": 8.38164711797325e-31, ""roots_found"": 1, ""grid_size"": 97, ""strategy"": ""cw_i_profile_brent"", ""paper_domain"": false, ""raw_min_gap"": 176.5524838147279}}"
2.0,1000.0,1000.0,10,33,mmle_ii,mmle_ii,1.3932839492279148,843.0439733452477,1108.2767355288113,nan,True,0.13239660003455356,success,-0.6067160507720852,-156.95602665475235,108.27673552881129,-0.3033580253860426,-0.15695602665475236,0.10827673552881129,"{""solution_info"": {""status"": ""ok"", ""objective"": 6.513032848730979e-29, ""roots_found"": 1, ""variant"": ""II"", ""grid_size"": 97, ""strategy"": ""CW_profile_Brent"", ""paper_domain"": false}}"
2.0,1000.0,1000.0,10,33,mmle_iii,mmle_iii,1.0000000000000084,638.5667408050638,1234.5967934440012,nan,True,1.1500029359012842e-05,success,-0.9999999999999916,-361.4332591949362,234.59679344400115,-0.4999999999999958,-0.36143325919493624,0.23459679344400114,"{""solution_info"": {""status"": ""ok"", ""objective"": 1.3849439267286389e-26, ""roots_found"": 3, ""variant"": ""III"", ""grid_size"": 97, ""strategy"": ""CW_profile_Brent"", ""paper_domain"": false}}"
2.0,1000.0,1000.0,10,33,mmle_iv,mmle_iv,1.0888086598746274,679.7138318677034,1214.7367713042327,nan,True,1.0700023267418146e-05,success,-0.9111913401253726,-320.28616813229655,214.73677130423266,-0.4555956700626863,-0.32028616813229654,0.21473677130423266,"{""solution_info"": {""status"": ""ok"", ""objective"": 5.997252169589357e-26, ""roots_found"": 2, ""variant"": ""IV"", ""grid_size"": 97, ""strategy"": ""CW_profile_Brent"", ""paper_domain"": false}}"
2.0,1000.0,1000.0,10,33,mmle_v,mmle_v,0.8221112520861402,570.2430682212123,1253.5817468848225,nan,True,9.500014130026102e-06,success,-1.1778887479138598,-429.7569317787877,253.58174688482245,-0.5889443739569299,-0.4297569317787877,0.25358174688482243,"{""solution_info"": {""status"": ""ok"", ""objective"": 1.0945085782768708e-28, ""roots_found"": 1, ""variant"": ""V"", ""grid_size"": 97, ""strategy"": ""CW_profile_Brent"", ""paper_domain"": false}}"
2.0,1000.0,1000.0,10,33,wmle_checked,wmle_checked,0.9768774444633896,673.39630229309,1216.867880940588,0.9579462457660615,True,0.1621999999624677,success,-1.0231225555366104,-326.60369770691,216.86788094058807,-0.5115612777683052,-0.32660369770691,0.21686788094058806,"{""solution_info"": {""status"": ""ok"", ""objective"": 1.119529181377812e-19, ""strategy"": ""deterministic_multistart_equation_minimization"", ""start_count"": 5, ""selected_start"": 3, ""location_at_zero_boundary"": false, ""production_status"": ""ok"", ""recovered"": false}}"
2.0,1000.0,1000.0,10,33,mme_i,mme_i,1.2105813691923188,776.7528516397308,1144.1365737991416,nan,True,0.026033899979665875,success,-0.7894186308076812,-223.2471483602692,144.13657379914162,-0.3947093154038406,-0.22324714836026918,0.1441365737991416,"{""solution_info"": {""status"": ""ok"", ""variant"": ""I"", ""roots_found"": 1, ""candidate_estimates"": [[1.2105813691923188, 0.7767528516397308, 1.1441365737991416]], ""sample_moment_shape_initializer"": 1.7224611763279034, ""criterion_residual"": -3.3084646133829665e-14, ""strategy"": ""CW_moment_Brent_valid_support_then_sample_skew_initializer""}}"
2.0,1000.0,1000.0,10,33,mme_ii,mme_ii,1.2023976386518882,770.4114035397517,1148.8431499045269,nan,True,1.1500029359012842e-05,success,-0.7976023613481118,-229.58859646024825,148.84314990452685,-0.3988011806740559,-0.22958859646024826,0.14884314990452685,"{""solution_info"": {""status"": ""ok"", ""variant"": ""II"", ""roots_found"": 1, ""candidate_estimates"": [[1.2023976386518882, 0.7704114035397518, 1.1488431499045269]], ""sample_moment_shape_initializer"": 1.7224611763279034, ""criterion_residual"": 2.220446049250313e-15, ""strategy"": ""CW_moment_Brent_valid_support_then_sample_skew_initializer""}}"
2.0,1000.0,1000.0,10,33,mme_iii,mme_iii,,,,,False,9.100011084228754e-06,failure,nan,nan,nan,nan,nan,nan,"{""solution_info"": {""status"": ""no_root_in_declared_shape_domain"", ""variant"": ""III""}}"
2.0,1000.0,1000.0,10,33,mmle_i_paper,mmle_i_paper,1.461071194001452,882.2280451116205,1079.0139256236343,0.0,True,0.06048690003808588,success,-0.538928805998548,-117.77195488837947,79.01392562363435,-0.269464402999274,-0.11777195488837947,0.07901392562363435,"{""solution_info"": {""status"": ""ok"", ""objective"": 8.38164711797325e-31, ""roots_found"": 1, ""grid_size"": 97, ""strategy"": ""cw_i_profile_brent"", ""paper_domain"": true, ""raw_min_gap"": 176.5524838147282}}"
2.0,1000.0,1000.0,10,33,mmle_ii_paper,mmle_ii_paper,1.393283949227909,843.0439733452446,1108.2767355288136,nan,True,0.12486750003881752,success,-0.606716050772091,-156.95602665475542,108.27673552881356,-0.3033580253860455,-0.15695602665475542,0.10827673552881356,"{""solution_info"": {""status"": ""ok"", ""objective"": 6.162975822039155e-30, ""roots_found"": 1, ""variant"": ""II"", ""grid_size"": 97, ""strategy"": ""CW_profile_Brent"", ""paper_domain"": true}}"
2.0,1000.0,1000.0,10,33,mmle_iii_paper,mmle_iii_paper,1.0000000000000062,638.5667408050626,1234.5967934440016,nan,True,1.179997343569994e-05,success,-0.9999999999999938,-361.43325919493736,234.5967934440016,-0.4999999999999969,-0.36143325919493735,0.2345967934440016,"{""solution_info"": {""status"": ""ok"", ""objective"": 1.3849439267286389e-26, ""roots_found"": 3, ""variant"": ""III"", ""grid_size"": 97, ""strategy"": ""CW_profile_Brent"", ""paper_domain"": true}}"
2.0,1000.0,1000.0,10,33,mmle_iv_paper,mmle_iv_paper,1.0888086598744837,679.7138318676336,1214.73677130427,nan,True,1.4499993994832039e-05,success,-0.9111913401255163,-320.28616813236636,214.73677130426995,-0.45559567006275814,-0.3202861681323664,0.21473677130426996,"{""solution_info"": {""status"": ""ok"", ""objective"": 3.949481425795572e-26, ""roots_found"": 2, ""variant"": ""IV"", ""grid_size"": 97, ""strategy"": ""CW_profile_Brent"", ""paper_domain"": true}}"
2.0,1000.0,1000.0,10,33,mmle_v_paper,mmle_v_paper,0.8221112520861417,570.2430682212128,1253.5817468848225,nan,True,1.0599964298307896e-05,success,-1.1778887479138582,-429.75693177878725,253.58174688482245,-0.5889443739569291,-0.42975693177878727,0.25358174688482243,"{""solution_info"": {""status"": ""ok"", ""objective"": 1.0220589283976526e-28, ""roots_found"": 1, ""variant"": ""V"", ""grid_size"": 97, ""strategy"": ""CW_profile_Brent"", ""paper_domain"": true}}"
2.0,1000.0,1000.0,10,34,mle_local,mle_local,,,,,False,3.193533700017724,failure,nan,nan,nan,nan,nan,nan,"{""solution_info"": {""status"": ""unbounded""}}"
2.0,1000.0,1000.0,10,34,mmle_i,mmle_i,1.547058352316413,856.6111646452341,1389.8117871878146,0.0,True,0.061788199993316084,success,-0.452941647683587,-143.3888353547659,389.8117871878146,-0.2264708238417935,-0.14338883535476588,0.3898117871878146,"{""solution_info"": {""status"": ""ok"", ""objective"": 2.397171290301046e-25, ""roots_found"": 1, ""grid_size"": 97, ""strategy"": ""cw_i_profile_brent"", ""paper_domain"": false, ""raw_min_gap"": 187.4612838091119}}"
2.0,1000.0,1000.0,10,34,mmle_ii,mmle_ii,1.4383974241851252,803.1997962908838,1430.188361006131,nan,True,0.17920230003073812,success,-0.5616025758148748,-196.8002037091162,430.1883610061309,-0.2808012879074374,-0.19680020370911622,0.4301883610061309,"{""solution_info"": {""status"": ""ok"", ""objective"": 5.127595883936577e-30, ""roots_found"": 1, ""variant"": ""II"", ""grid_size"": 97, ""strategy"": ""CW_profile_Brent"", ""paper_domain"": false}}"
2.0,1000.0,1000.0,10,34,mmle_iii,mmle_iii,0.999999999999997,602.6382531908259,1554.3750241256596,nan,True,1.2400036212056875e-05,success,-1.000000000000003,-397.36174680917406,554.3750241256596,-0.5000000000000016,-0.3973617468091741,0.5543750241256596,"{""solution_info"": {""status"": ""ok"", ""objective"": 6.039716305598372e-31, ""roots_found"": 3, ""variant"": ""III"", ""grid_size"": 97, ""strategy"": ""CW_profile_Brent"", ""paper_domain"": false}}"
2.0,1000.0,1000.0,10,34,mmle_iv,mmle_iv,1.206311235602896,693.131513933508,1505.55529633648,nan,True,1.0499963536858559e-05,success,-0.793688764397104,-306.868486066492,505.55529633648007,-0.396844382198552,-0.306868486066492,0.5055552963364801,"{""solution_info"": {""status"": ""ok"", ""objective"": 2.2331321024029284e-26, ""roots_found"": 2, ""variant"": ""IV"", ""grid_size"": 97, ""strategy"": ""CW_profile_Brent"", ""paper_domain"": false}}"
2.0,1000.0,1000.0,10,34,mmle_v,mmle_v,1.2521448122460674,714.3313660457438,1492.0856130148918,nan,True,9.600014891475439e-06,success,-0.7478551877539326,-285.66863395425617,492.0856130148918,-0.3739275938769663,-0.2856686339542562,0.4920856130148918,"{""solution_info"": {""status"": ""ok"", ""objective"": 5.434216630409132e-27, ""roots_found"": 1, ""variant"": ""V"", ""grid_size"": 97, ""strategy"": ""CW_profile_Brent"", ""paper_domain"": false}}"
2.0,1000.0,1000.0,10,34,wmle_checked,wmle_checked,0.9609749737310418,629.1238090629505,1540.6331627257214,0.946214621101791,True,0.13925810001092032,success,-1.0390250262689582,-370.8761909370495,540.6331627257214,-0.5195125131344791,-0.3708761909370495,0.5406331627257214,"{""solution_info"": {""status"": ""ok"", ""objective"": 7.578091790493121e-20, ""strategy"": ""deterministic_multistart_equation_minimization"", ""start_count"": 5, ""selected_start"": 3, ""location_at_zero_boundary"": false, ""production_status"": ""ok"", ""recovered"": false}}"
2.0,1000.0,1000.0,10,34,mme_i,mme_i,1.3219601773522378,771.3493282968808,1446.9508324746416,nan,True,0.0348548999754712,success,-0.6780398226477622,-228.6506717031192,446.95083247464163,-0.3390199113238811,-0.2286506717031192,0.4469508324746416,"{""solution_info"": {""status"": ""ok"", ""variant"": ""I"", ""roots_found"": 1, ""candidate_estimates"": [[1.3219601773522378, 0.7713493282968807, 1.4469508324746416]], ""sample_moment_shape_initializer"": 2.079928557087685, ""criterion_residual"": 1.5565326805244695e-13, ""strategy"": ""CW_moment_Brent_valid_support_then_sample_skew_initializer""}}"
2.0,1000.0,1000.0,10,34,mme_ii,mme_ii,1.2987769224261687,755.9918270949044,1458.6641255285854,nan,True,1.2100033927708864e-05,success,-0.7012230775738313,-244.00817290509565,458.6641255285854,-0.35061153878691564,-0.24400817290509566,0.4586641255285854,"{""solution_info"": {""status"": ""ok"", ""variant"": ""II"", ""roots_found"": 1, ""candidate_estimates"": [[1.2987769224261687, 0.7559918270949043, 1.4586641255285855]], ""sample_moment_shape_initializer"": 2.079928557087685, ""criterion_residual"": 4.218847493575595e-14, ""strategy"": ""CW_moment_Brent_valid_support_then_sample_skew_initializer""}}"
2.0,1000.0,1000.0,10,34,mme_iii,mme_iii,1.2687373337090107,735.8590759330117,1473.914670893924,nan,True,1.0000017937272787e-05,success,-0.7312626662909893,-264.1409240669883,473.91467089392404,-0.3656313331454947,-0.2641409240669883,0.47391467089392403,"{""solution_info"": {""status"": ""ok"", ""variant"": ""III"", ""roots_found"": 2, ""candidate_estimates"": [[0.3589906529566632, 0.03099982964369388, 2.013980486366124], [1.2687373337090107, 0.7358590759330117, 1.4739146708939241]], ""sample_moment_shape_initializer"": 2.079928557087685, ""criterion_residual"": 8.326672684688674e-17, ""strategy"": ""CW_moment_Brent_valid_support_then_sample_skew_initializer""}}"
2.0,1000.0,1000.0,10,34,mmle_i_paper,mmle_i_paper,1.547058352316413,856.6111646452341,1389.8117871878148,0.0,True,0.06781439995393157,success,-0.452941647683587,-143.3888353547659,389.81178718781484,-0.2264708238417935,-0.14338883535476588,0.38981178718781484,"{""solution_info"": {""status"": ""ok"", ""objective"": 2.3895593988632454e-25, ""roots_found"": 1, ""grid_size"": 97, ""strategy"": ""cw_i_profile_brent"", ""paper_domain"": true, ""raw_min_gap"": 187.46128380911173}}"
2.0,1000.0,1000.0,10,34,mmle_ii_paper,mmle_ii_paper,1.4383974241851685,803.1997962909047,1430.1883610061154,nan,True,0.13256990001536906,success,-0.5616025758148315,-196.80020370909529,430.18836100611543,-0.28080128790741576,-0.1968002037090953,0.4301883610061154,"{""solution_info"": {""status"": ""ok"", ""objective"": 1.4082153234326587e-27, ""roots_found"": 1, ""variant"": ""II"", ""grid_size"": 97, ""strategy"": ""CW_profile_Brent"", ""paper_domain"": true}}"
2.0,1000.0,1000.0,10,34,mmle_iii_paper,mmle_iii_paper,0.9999999999999841,602.6382531908207,1554.3750241256619,nan,True,1.1399970389902592e-05,success,-1.000000000000016,-397.3617468091793,554.3750241256619,-0.500000000000008,-0.3973617468091793,0.5543750241256619,"{""solution_info"": {""status"": ""ok"", ""objective"": 6.708361600185119e-31, ""roots_found"": 3, ""variant"": ""III"", ""grid_size"": 97, ""strategy"": ""CW_profile_Brent"", ""paper_domain"": true}}"
2.0,1000.0,1000.0,10,34,mmle_iv_paper,mmle_iv_paper,1.2063112356031174,693.1315139336098,1505.5552963364166,nan,True,9.600014891475439e-06,success,-0.7936887643968826,-306.86848606639023,505.55529633641663,-0.3968443821984413,-0.3068684860663902,0.5055552963364166,"{""solution_info"": {""status"": ""ok"", ""objective"": 1.232595164407831e-30, ""roots_found"": 2, ""variant"": ""IV"", ""grid_size"": 97, ""strategy"": ""CW_profile_Brent"", ""paper_domain"": true}}"
2.0,1000.0,1000.0,10,34,mmle_v_paper,mmle_v_paper,1.2521448122460763,714.3313660457479,1492.0856130148893,nan,True,9.500014130026102e-06,success,-0.7478551877539237,-285.6686339542521,492.0856130148893,-0.37392759387696184,-0.28566863395425207,0.4920856130148893,"{""solution_info"": {""status"": ""ok"", ""objective"": 4.9615042394969144e-27, ""roots_found"": 1, ""variant"": ""V"", ""grid_size"": 97, ""strategy"": ""CW_profile_Brent"", ""paper_domain"": true}}"
2.0,1000.0,1000.0,10,35,mle_local,mle_local,,,,,False,3.8502854999969713,failure,nan,nan,nan,nan,nan,nan,"{""solution_info"": {""status"": ""unbounded""}}"
2.0,1000.0,1000.0,10,35,mmle_i,mmle_i,2.7813033804149927,1186.5300094444597,801.3867762017173,0.0,True,0.0667455000220798,success,0.7813033804149927,186.53000944445967,-198.61322379828266,0.39065169020749635,0.18653000944445966,-0.19861322379828267,"{""solution_info"": {""status"": ""ok"", ""objective"": 7.888609052210118e-31, ""roots_found"": 1, ""grid_size"": 97, ""strategy"": ""cw_i_profile_brent"", ""paper_domain"": false, ""raw_min_gap"": 509.60623064988533}}"
2.0,1000.0,1000.0,10,35,mmle_ii,mmle_ii,2.198439900797551,951.3328489713839,1015.3869805572689,nan,True,0.1137756000389345,success,0.1984399007975508,-48.667151028616104,15.386980557268885,0.0992199503987754,-0.0486671510286161,0.015386980557268885,"{""solution_info"": {""status"": ""ok"", ""objective"": 1.836714706387397e-27, ""roots_found"": 1, ""variant"": ""II"", ""grid_size"": 97, ""strategy"": ""CW_profile_Brent"", ""paper_domain"": false}}"
2.0,1000.0,1000.0,10,35,mmle_iii,mmle_iii,0.9999999999999989,545.1484570217098,1308.7386154532226,nan,True,1.1200027074664831e-05,success,-1.000000000000001,-454.85154297829024,308.73861545322256,-0.5000000000000006,-0.4548515429782902,0.30873861545322256,"{""solution_info"": {""status"": ""ok"", ""objective"": 4.930380657631324e-32, ""roots_found"": 3, ""variant"": ""III"", ""grid_size"": 97, ""strategy"": ""CW_profile_Brent"", ""paper_domain"": false}}"
2.0,1000.0,1000.0,10,35,mmle_iv,mmle_iv,1.3689834393295108,640.9543619390247,1265.610105253453,nan,True,9.800016414374113e-06,success,-0.6310165606704892,-359.0456380609753,265.61010525345296,-0.3155082803352446,-0.3590456380609753,0.26561010525345297,"{""solution_info"": {""status"": ""ok"", ""objective"": 9.860761315262648e-31, ""roots_found"": 2, ""variant"": ""IV"", ""grid_size"": 97, ""strategy"": ""CW_profile_Brent"", ""paper_domain"": false}}"
2.0,1000.0,1000.0,10,35,mmle_v,mmle_v,1.1485981943117567,577.7612857987262,1299.9695976047956,nan,True,9.500014130026102e-06,success,-0.8514018056882433,-422.23871420127375,299.9695976047956,-0.42570090284412165,-0.42223871420127373,0.2999695976047956,"{""solution_info"": {""status"": ""ok"", ""objective"": 7.888609052210118e-31, ""roots_found"": 1, ""variant"": ""V"", ""grid_size"": 97, ""strategy"": ""CW_profile_Brent"", ""paper_domain"": false}}"
2.0,1000.0,1000.0,10,35,wmle_checked,wmle_checked,1.3352405886314789,676.4660560343494,1240.1035226831032,0.9704379582306165,True,0.13295579998521134,success,-0.6647594113685211,-323.53394396565056,240.10352268310317,-0.33237970568426056,-0.32353394396565055,0.24010352268310317,"{""solution_info"": {""status"": ""ok"", ""objective"": 2.377253616386542e-20, ""strategy"": ""deterministic_multistart_equation_minimization"", ""start_count"": 5, ""selected_start"": 3, ""location_at_zero_boundary"": false, ""production_status"": ""ok"", ""recovered"": false}}"
2.0,1000.0,1000.0,10,35,mme_i,mme_i,2.039422179454598,952.2191320357484,1010.2654655966228,nan,True,0.028089399973396212,success,0.039422179454597917,-47.78086796425157,10.26546559662279,0.019711089727298958,-0.04778086796425157,0.010265465596622789,"{""solution_info"": {""status"": ""ok"", ""variant"": ""I"", ""roots_found"": 1, ""candidate_estimates"": [[2.039422179454598, 0.9522191320357485, 1.0102654655966228]], ""sample_moment_shape_initializer"": 2.346373469156097, ""criterion_residual"": -4.440892098500626e-16, ""strategy"": ""CW_moment_Brent_valid_support_then_sample_skew_initializer""}}"
2.0,1000.0,1000.0,10,35,mme_ii,mme_ii,1.791106043975581,843.5779929028758,1103.5213651892752,nan,True,1.160003012046218e-05,success,-0.20889395602441896,-156.42200709712415,103.52136518927523,-0.10444697801220948,-0.15642200709712414,0.10352136518927522,"{""solution_info"": {""status"": ""ok"", ""variant"": ""II"", ""roots_found"": 1, ""candidate_estimates"": [[1.791106043975581, 0.8435779929028758, 1.1035213651892752]], ""sample_moment_shape_initializer"": 2.346373469156097, ""criterion_residual"": 2.930988785010413e-14, ""strategy"": ""CW_moment_Brent_valid_support_then_sample_skew_initializer""}}"
2.0,1000.0,1000.0,10,35,mme_iii,mme_iii,0.990026928036613,427.1397199982442,1424.9103059693946,nan,False,1.0100018698722124e-05,failure,nan,nan,nan,nan,nan,nan,"{""solution_info"": {""status"": ""location_outside_effective_support"", ""variant"": ""III"", ""roots_found"": 2, ""candidate_estimates"": [[0.4404247817415211, 0.061802441702866494, 1.6929996848521955], [0.990026928036613, 0.4271397199982442, 1.4249103059693946]], ""sample_moment_shape_initializer"": 2.346373469156097, ""criterion_residual"": 1.6653345369377348e-16, ""strategy"": ""CW_moment_Brent_valid_support_then_sample_skew_initializer""}}"
2.0,1000.0,1000.0,10,35,mmle_i_paper,mmle_i_paper,2.781303380414983,1186.530009444456,801.3867762017209,0.0,True,0.07344789995113388,success,0.7813033804149829,186.53000944445603,-198.61322379827914,0.39065169020749146,0.18653000944445602,-0.19861322379827914,"{""solution_info"": {""status"": ""ok"", ""objective"": 8.011868568650901e-31, ""roots_found"": 1, ""grid_size"": 97, ""strategy"": ""cw_i_profile_brent"", ""paper_domain"": true, ""raw_min_gap"": 509.60623064988187}}"
2.0,1000.0,1000.0,10,35,mmle_ii_paper,mmle_ii_paper,2.1984399007974047,951.3328489713255,1015.3869805573206,nan,True,0.12905539997154847,success,0.1984399007974047,-48.66715102867454,15.386980557320612,0.09921995039870235,-0.04866715102867454,0.015386980557320613,"{""solution_info"": {""status"": ""ok"", ""objective"": 2.0214560696288428e-30, ""roots_found"": 1, ""variant"": ""II"", ""grid_size"": 97, ""strategy"": ""CW_profile_Brent"", ""paper_domain"": true}}"
2.0,1000.0,1000.0,10,35,mmle_iii_paper,mmle_iii_paper,1.0000000000000009,545.1484570217101,1308.7386154532226,nan,True,1.2599979527294636e-05,success,-0.9999999999999991,-454.8515429782899,308.73861545322256,-0.49999999999999956,-0.4548515429782899,0.30873861545322256,"{""solution_info"": {""status"": ""ok"", ""objective"": 7.888609052210118e-31, ""roots_found"": 3, ""variant"": ""III"", ""grid_size"": 97, ""strategy"": ""CW_profile_Brent"", ""paper_domain"": true}}"
2.0,1000.0,1000.0,10,35,mmle_iv_paper,mmle_iv_paper,1.3689834393295084,640.9543619390244,1265.6101052534532,nan,True,9.500014130026102e-06,success,-0.6310165606704916,-359.04563806097565,265.6101052534532,-0.3155082803352458,-0.35904563806097567,0.2656101052534532,"{""solution_info"": {""status"": ""ok"", ""objective"": 4.992010415851715e-30, ""roots_found"": 2, ""variant"": ""IV"", ""grid_size"": 97, ""strategy"": ""CW_profile_Brent"", ""paper_domain"": true}}"
2.0,1000.0,1000.0,10,35,mmle_v_paper,mmle_v_paper,1.148598194311756,577.7612857987265,1299.9695976047954,nan,True,1.0400020983070135e-05,success,-0.851401805688244,-422.2387142012735,299.96959760479535,-0.425700902844122,-0.4222387142012735,0.29996959760479536,"{""solution_info"": {""status"": ""ok"", ""objective"": 4.598149057006983e-31, ""roots_found"": 1, ""variant"": ""V"", ""grid_size"": 97, ""strategy"": ""CW_profile_Brent"", ""paper_domain"": true}}"
2.0,1000.0,1000.0,10,36,mle_local,mle_local,,,,,False,3.9747887999983504,failure,nan,nan,nan,nan,nan,nan,"{""solution_info"": {""status"": ""unbounded""}}"
2.0,1000.0,1000.0,10,36,mmle_i,mmle_i,1.7148095403547325,978.3852809966489,883.7639916843957,0.0,True,0.054612900014035404,success,-0.28519045964526746,-21.61471900335107,-116.2360083156043,-0.14259522982263373,-0.02161471900335107,-0.1162360083156043,"{""solution_info"": {""status"": ""ok"", ""objective"": 2.2007641533855787e-26, ""roots_found"": 1, ""grid_size"": 97, ""strategy"": ""cw_i_profile_brent"", ""paper_domain"": false, ""raw_min_gap"": 248.4218193676119}}"
2.0,1000.0,1000.0,10,36,mmle_ii,mmle_ii,1.604834741900359,913.0225830436736,937.2772651379378,nan,True,0.12065550003899261,success,-0.395165258099641,-86.97741695632635,-62.722734862062225,-0.1975826290498205,-0.08697741695632635,-0.06272273486206223,"{""solution_info"": {""status"": ""ok"", ""objective"": 4.930380657631324e-30, ""roots_found"": 1, ""variant"": ""II"", ""grid_size"": 97, ""strategy"": ""CW_profile_Brent"", ""paper_domain"": false}}"
2.0,1000.0,1000.0,10,36,mmle_iii,mmle_iii,1.0000000000000122,621.8577325072673,1127.4176746087594,nan,True,1.0399962775409222e-05,success,-0.9999999999999878,-378.1422674927327,127.4176746087594,-0.4999999999999939,-0.37814226749273266,0.12741767460875938,"{""solution_info"": {""status"": ""ok"", ""objective"": 2.7904318008604414e-25, ""roots_found"": 3, ""variant"": ""III"", ""grid_size"": 97, ""strategy"": ""CW_profile_Brent"", ""paper_domain"": false}}"
2.0,1000.0,1000.0,10,36,mmle_iv,mmle_iv,1.0952956752438014,652.7811541248826,1117.28640650296,nan,True,9.300012607127428e-06,success,-0.9047043247561986,-347.2188458751174,117.28640650296006,-0.4523521623780993,-0.34721884587511737,0.11728640650296006,"{""solution_info"": {""status"": ""ok"", ""objective"": 9.243970694992969e-27, ""roots_found"": 2, ""variant"": ""IV"", ""grid_size"": 97, ""strategy"": ""CW_profile_Brent"", ""paper_domain"": false}}"
2.0,1000.0,1000.0,10,36,mmle_v,mmle_v,1.0022689329124157,622.5189540793909,1127.2683854375057,nan,True,9.400013368576765e-06,success,-0.9977310670875843,-377.48104592060906,127.26838543750569,-0.49886553354379215,-0.37748104592060905,0.12726838543750568,"{""solution_info"": {""status"": ""ok"", ""objective"": 2.509336468328132e-25, ""roots_found"": 1, ""variant"": ""V"", ""grid_size"": 97, ""strategy"": ""CW_profile_Brent"", ""paper_domain"": false}}"
2.0,1000.0,1000.0,10,36,wmle_checked,wmle_checked,1.1182849038289138,707.2839928846672,1087.2232261674014,0.9508810428867569,True,0.1445283999782987,success,-0.8817150961710862,-292.7160071153328,87.22322616740144,-0.4408575480855431,-0.2927160071153328,0.08722322616740144,"{""solution_info"": {""status"": ""ok"", ""objective"": 1.4282274495535839e-19, ""strategy"": ""deterministic_multistart_equation_minimization"", ""start_count"": 5, ""selected_start"": 3, ""location_at_zero_boundary"": false, ""production_status"": ""ok"", ""recovered"": false}}"
2.0,1000.0,1000.0,10,36,mme_i,mme_i,1.3246952614649568,822.118653493964,992.7750339394478,nan,True,0.03389510000124574,success,-0.6753047385350432,-177.88134650603604,-7.2249660605522195,-0.3376523692675216,-0.17788134650603604,-0.00722496606055222,"{""solution_info"": {""status"": ""ok"", ""variant"": ""I"", ""roots_found"": 1, ""candidate_estimates"": [[1.3246952614649568, 0.822118653493964, 0.9927750339394478]], ""sample_moment_shape_initializer"": 1.510000905362726, ""criterion_residual"": 1.0036416142611415e-13, ""strategy"": ""CW_moment_Brent_valid_support_then_sample_skew_initializer""}}"
2.0,1000.0,1000.0,10,36,mme_ii,mme_ii,1.3010782028391974,805.5009731218637,1005.4576144533738,nan,True,1.3100041542202234e-05,success,-0.6989217971608026,-194.4990268781363,5.457614453373822,-0.3494608985804013,-0.1944990268781363,0.0054576144533738215,"{""solution_info"": {""status"": ""ok"", ""variant"": ""II"", ""roots_found"": 1, ""candidate_estimates"": [[1.3010782028391974, 0.8055009731218636, 1.0054576144533738]], ""sample_moment_shape_initializer"": 1.510000905362726, ""criterion_residual"": 3.597122599785507e-14, ""strategy"": ""CW_moment_Brent_valid_support_then_sample_skew_initializer""}}"
2.0,1000.0,1000.0,10,36,mme_iii,mme_iii,0.9017171063643404,493.7883408766559,1230.2592897420345,nan,False,1.0400020983070135e-05,failure,nan,nan,nan,nan,nan,nan,"{""solution_info"": {""status"": ""location_outside_effective_support"", ""variant"": ""III"", ""roots_found"": 2, ""candidate_estimates"": [[0.4773235779355642, 0.11035357118089119, 1.5079186926240227], [0.9017171063643404, 0.4937883408766559, 1.2302592897420346]], ""sample_moment_shape_initializer"": 1.510000905362726, ""criterion_residual"": -1.1157741397482823e-14, ""strategy"": ""CW_moment_Brent_valid_support_then_sample_skew_initializer""}}"
2.0,1000.0,1000.0,10,36,mmle_i_paper,mmle_i_paper,1.7148095403547345,978.38528099665,883.7639916843948,0.0,True,0.07603019999805838,success,-0.28519045964526546,-21.614719003350046,-116.2360083156052,-0.14259522982263273,-0.021614719003350047,-0.11623600831560521,"{""solution_info"": {""status"": ""ok"", ""objective"": 2.200133064661402e-26, ""roots_found"": 1, ""grid_size"": 97, ""strategy"": ""cw_i_profile_brent"", ""paper_domain"": true, ""raw_min_gap"": 248.42181936761278}}"
2.0,1000.0,1000.0,10,36,mmle_ii_paper,mmle_ii_paper,1.6048347419003695,913.0225830436794,937.2772651379331,nan,True,0.15123879996826872,success,-0.39516525809963055,-86.97741695632055,-62.722734862066886,-0.19758262904981527,-0.08697741695632055,-0.06272273486206689,"{""solution_info"": {""status"": ""ok"", ""objective"": 1.2356766523188505e-28, ""roots_found"": 1, ""variant"": ""II"", ""grid_size"": 97, ""strategy"": ""CW_profile_Brent"", ""paper_domain"": true}}"
2.0,1000.0,1000.0,10,36,mmle_iii_paper,mmle_iii_paper,1.0000000000000202,621.8577325072694,1127.417674608759,nan,True,1.079996582120657e-05,success,-0.9999999999999798,-378.14226749273064,127.41767460875894,-0.4999999999999899,-0.37814226749273067,0.12741767460875894,"{""solution_info"": {""status"": ""ok"", ""objective"": 2.7904555329612785e-25, ""roots_found"": 3, ""variant"": ""III"", ""grid_size"": 97, ""strategy"": ""CW_profile_Brent"", ""paper_domain"": true}}"
2.0,1000.0,1000.0,10,36,mmle_iv_paper,mmle_iv_paper,1.0952956752437277,652.7811541248558,1117.2864065029712,nan,True,9.300012607127428e-06,success,-0.9047043247562723,-347.2188458751442,117.2864065029712,-0.45235216237813614,-0.34721884587514423,0.1172864065029712,"{""solution_info"": {""status"": ""ok"", ""objective"": 4.992010415851715e-30, ""roots_found"": 2, ""variant"": ""IV"", ""grid_size"": 97, ""strategy"": ""CW_profile_Brent"", ""paper_domain"": true}}"
2.0,1000.0,1000.0,10,36,mmle_v_paper,mmle_v_paper,1.0022689329124155,622.5189540793909,1127.2683854375057,nan,True,1.479999627918005e-05,success,-0.9977310670875845,-377.48104592060906,127.26838543750569,-0.49886553354379226,-0.37748104592060905,0.12726838543750568,"{""solution_info"": {""status"": ""ok"", ""objective"": 2.5160131856725913e-25, ""roots_found"": 1, ""variant"": ""V"", ""grid_size"": 97, ""strategy"": ""CW_profile_Brent"", ""paper_domain"": true}}"
2.0,1000.0,1000.0,10,37,mle_local,mle_local,,,,,False,0.19134100002702326,failure,nan,nan,nan,nan,nan,nan,"{""solution_info"": {""status"": ""unbounded""}}"
2.0,1000.0,1000.0,10,37,mmle_i,mmle_i,2.7290000543471282,1274.023233090932,931.9542499098432,0.0,True,0.0650331000215374,success,0.7290000543471282,274.0232330909321,-68.04575009015684,0.3645000271735641,0.2740232330909321,-0.06804575009015684,"{""solution_info"": {""status"": ""ok"", ""objective"": 8.997944700177166e-31, ""roots_found"": 1, ""grid_size"": 97, ""strategy"": ""cw_i_profile_brent"", ""paper_domain"": false, ""raw_min_gap"": 538.3920987654778}}"
2.0,1000.0,1000.0,10,37,mmle_ii,mmle_ii,2.1213854402847954,1013.2748225762626,1167.2391023565772,nan,True,0.12253450002754107,success,0.12138544028479537,13.274822576262636,167.23910235657718,0.06069272014239768,0.013274822576262637,0.16723910235657719,"{""solution_info"": {""status"": ""ok"", ""objective"": 2.2159280321361896e-25, ""roots_found"": 1, ""variant"": ""II"", ""grid_size"": 97, ""strategy"": ""CW_profile_Brent"", ""paper_domain"": false}}"
2.0,1000.0,1000.0,10,37,mmle_iii,mmle_iii,1.0000000000000093,603.7331894927465,1457.7618609545443,nan,True,1.7000013031065464e-05,success,-0.9999999999999907,-396.26681050725347,457.7618609545443,-0.49999999999999534,-0.3962668105072535,0.4577618609545443,"{""solution_info"": {""status"": ""ok"", ""objective"": 2.408055948614688e-25, ""roots_found"": 3, ""variant"": ""III"", ""grid_size"": 97, ""strategy"": ""CW_profile_Brent"", ""paper_domain"": false}}"
2.0,1000.0,1000.0,10,37,mmle_iv,mmle_iv,1.4463947826044317,746.1923124219478,1381.8929027220393,nan,True,1.0300020221620798e-05,success,-0.5536052173955683,-253.8076875780522,381.89290272203925,-0.27680260869778417,-0.2538076875780522,0.38189290272203924,"{""solution_info"": {""status"": ""ok"", ""objective"": 2.4506013324497308e-26, ""roots_found"": 2, ""variant"": ""IV"", ""grid_size"": 97, ""strategy"": ""CW_profile_Brent"", ""paper_domain"": false}}"
2.0,1000.0,1000.0,10,37,mmle_v,mmle_v,1.2411006433038536,676.1604078750022,1425.9382653660352,nan,True,9.699957445263863e-06,success,-0.7588993566961464,-323.8395921249978,425.93826536603524,-0.3794496783480732,-0.3238395921249978,0.42593826536603524,"{""solution_info"": {""status"": ""ok"", ""objective"": 3.005935736672175e-25, ""roots_found"": 1, ""variant"": ""V"", ""grid_size"": 97, ""strategy"": ""CW_profile_Brent"", ""paper_domain"": false}}"
2.0,1000.0,1000.0,10,37,wmle_checked,wmle_checked,1.4253754252828041,794.5472259015427,1345.643578699775,0.9086606877315349,True,0.1328854999737814,success,-0.5746245747171959,-205.45277409845733,345.64357869977493,-0.28731228735859793,-0.20545277409845733,0.3456435786997749,"{""solution_info"": {""status"": ""ok"", ""objective"": 2.50842434058661e-20, ""strategy"": ""deterministic_multistart_equation_minimization"", ""start_count"": 5, ""selected_start"": 3, ""location_at_zero_boundary"": false, ""production_status"": ""ok"", ""recovered"": false}}"
2.0,1000.0,1000.0,10,37,mme_i,mme_i,1.9832471632124422,1017.9980401827091,1159.1712101470732,nan,True,0.026924000005237758,success,-0.01675283678755779,17.998040182709133,159.17121014707323,-0.008376418393778895,0.017998040182709132,0.15917121014707322,"{""solution_info"": {""status"": ""ok"", ""variant"": ""I"", ""roots_found"": 1, ""candidate_estimates"": [[1.9832471632124422, 1.0179980401827091, 1.1591712101470732]], ""sample_moment_shape_initializer"": 2.518228519571212, ""criterion_residual"": 3.907985046680551e-14, ""strategy"": ""CW_moment_Brent_valid_support_then_sample_skew_initializer""}}"
2.0,1000.0,1000.0,10,37,mme_ii,mme_ii,1.760348390216702,909.9927205334137,1251.310922989608,nan,True,1.160003012046218e-05,success,-0.23965160978329791,-90.00727946658628,251.3109229896079,-0.11982580489164896,-0.09000727946658628,0.2513109229896079,"{""solution_info"": {""status"": ""ok"", ""variant"": ""II"", ""roots_found"": 1, ""candidate_estimates"": [[1.760348390216702, 0.9099927205334137, 1.251310922989608]], ""sample_moment_shape_initializer"": 2.518228519571212, ""criterion_residual"": 3.885780586188048e-14, ""strategy"": ""CW_moment_Brent_valid_support_then_sample_skew_initializer""}}"
2.0,1000.0,1000.0,10,37,mme_iii,mme_iii,1.1179964970372513,552.6104874153747,1531.0558024225274,nan,False,9.600014891475439e-06,failure,nan,nan,nan,nan,nan,nan,"{""solution_info"": {""status"": ""location_outside_effective_support"", ""variant"": ""III"", ""roots_found"": 2, ""candidate_estimates"": [[0.39791175477206087, 0.044485475683894944, 1.911494616547394], [1.1179964970372513, 0.5526104874153747, 1.5310558024225274]], ""sample_moment_shape_initializer"": 2.518228519571212, ""criterion_residual"": 5.551115123125783e-17, ""strategy"": ""CW_moment_Brent_valid_support_then_sample_skew_initializer""}}"
2.0,1000.0,1000.0,10,37,mmle_i_paper,mmle_i_paper,2.729000054347127,1274.0232330909323,931.9542499098429,0.0,True,0.05465820000972599,success,0.7290000543471269,274.0232330909323,-68.04575009015707,0.36450002717356345,0.2740232330909323,-0.06804575009015706,"{""solution_info"": {""status"": ""ok"", ""objective"": 2.871946733070246e-30, ""roots_found"": 1, ""grid_size"": 97, ""strategy"": ""cw_i_profile_brent"", ""paper_domain"": true, ""raw_min_gap"": 538.3920987654781}}"
2.0,1000.0,1000.0,10,37,mmle_ii_paper,mmle_ii_paper,2.121385440284853,1013.2748225762871,1167.2391023565556,nan,True,0.15737249999074265,success,0.1213854402848531,13.274822576287079,167.23910235655558,0.06069272014242655,0.01327482257628708,0.16723910235655556,"{""solution_info"": {""status"": ""ok"", ""objective"": 2.2047799484312194e-25, ""roots_found"": 1, ""variant"": ""II"", ""grid_size"": 97, ""strategy"": ""CW_profile_Brent"", ""paper_domain"": true}}"
2.0,1000.0,1000.0,10,37,mmle_iii_paper,mmle_iii_paper,1.000000000000007,603.7331894927459,1457.7618609545445,nan,True,1.209997572004795e-05,success,-0.9999999999999929,-396.26681050725415,457.76186095454455,-0.49999999999999645,-0.39626681050725415,0.4577618609545445,"{""solution_info"": {""status"": ""ok"", ""objective"": 2.429897534927995e-25, ""roots_found"": 3, ""variant"": ""III"", ""grid_size"": 97, ""strategy"": ""CW_profile_Brent"", ""paper_domain"": true}}"
2.0,1000.0,1000.0,10,37,mmle_iv_paper,mmle_iv_paper,1.4463947826044299,746.1923124219475,1381.8929027220395,nan,True,9.699957445263863e-06,success,-0.5536052173955701,-253.80768757805254,381.8929027220395,-0.27680260869778506,-0.25380768757805255,0.38189290272203946,"{""solution_info"": {""status"": ""ok"", ""objective"": 2.4506013324497308e-26, ""roots_found"": 2, ""variant"": ""IV"", ""grid_size"": 97, ""strategy"": ""CW_profile_Brent"", ""paper_domain"": true}}"
2.0,1000.0,1000.0,10,37,mmle_v_paper,mmle_v_paper,1.241100643303791,676.1604078749817,1425.9382653660466,nan,True,9.500014130026102e-06,success,-0.758899356696209,-323.83959212501827,425.9382653660466,-0.3794496783481045,-0.3238395921250183,0.4259382653660466,"{""solution_info"": {""status"": ""ok"", ""objective"": 3.01340794739859e-25, ""roots_found"": 1, ""variant"": ""V"", ""grid_size"": 97, ""strategy"": ""CW_profile_Brent"", ""paper_domain"": true}}"
2.0,1000.0,1000.0,10,38,mle_local,mle_local,3.4777146361477858,1432.886192895476,879.8908768450666,0.8925136918457359,True,0.10461330000543967,success,1.4777146361477858,432.8861928954759,-120.1091231549334,0.7388573180738929,0.4328861928954759,-0.1201091231549334,"{""solution_info"": {""status"": ""ok"", ""strategy"": ""deterministic_multistart_likelihood"", ""start_count"": 5, ""selected_start"": 0, ""log_likelihood"": -5.3472353142351, ""location_at_zero_boundary"": false}}"
2.0,1000.0,1000.0,10,38,mmle_i,mmle_i,,,,,False,0.06458079995354638,failure,nan,nan,nan,nan,nan,nan,"{""raw_status"": ""no_root_in_declared_location_domain"", ""solution_info"": {""status"": ""no_root_in_declared_location_domain"", ""location_lower"": 0.0, ""endpoint_constraint_residuals"": [6.721724808003646, 0.5653562468519686], ""grid_size"": 97}}"
2.0,1000.0,1000.0,10,38,mmle_ii,mmle_ii,,,,,False,0.10673850000603124,failure,nan,nan,nan,nan,nan,nan,"{""solution_info"": {""status"": ""no_root_in_declared_location_domain"", ""variant"": ""II"", ""grid_size"": 97}}"
2.0,1000.0,1000.0,10,38,mmle_iii,mmle_iii,0.9999999999999949,746.0919384704365,1421.256331193944,nan,True,1.0200019460171461e-05,success,-1.000000000000005,-253.9080615295635,421.2563311939441,-0.5000000000000026,-0.2539080615295635,0.4212563311939441,"{""solution_info"": {""status"": ""ok"", ""objective"": 1.4633789604577542e-30, ""roots_found"": 3, ""variant"": ""III"", ""grid_size"": 97, ""strategy"": ""CW_profile_Brent"", ""paper_domain"": false}}"
2.0,1000.0,1000.0,10,38,mmle_iv,mmle_iv,1.9263160827237626,916.9932268391274,1344.0430674150664,nan,True,9.100011084228754e-06,success,-0.07368391727623735,-83.00677316087263,344.0430674150664,-0.03684195863811868,-0.08300677316087263,0.3440430674150664,"{""solution_info"": {""status"": ""ok"", ""objective"": 4.119641188242073e-27, ""roots_found"": 1, ""variant"": ""IV"", ""grid_size"": 97, ""strategy"": ""CW_profile_Brent"", ""paper_domain"": false}}"
2.0,1000.0,1000.0,10,38,mmle_v,mmle_v,,,,,False,8.200004231184721e-06,failure,nan,nan,nan,nan,nan,nan,"{""solution_info"": {""status"": ""no_root_in_declared_location_domain"", ""variant"": ""V"", ""grid_size"": 97}}"
2.0,1000.0,1000.0,10,38,wmle_checked,wmle_checked,2.6507240701652206,1237.6450911095642,1062.5433169065902,0.914953796597541,True,0.12385289999656379,success,0.6507240701652206,237.6450911095642,62.543316906590235,0.3253620350826103,0.2376450911095642,0.06254331690659024,"{""solution_info"": {""status"": ""ok"", ""objective"": 1.3279613414757053e-22, ""strategy"": ""deterministic_multistart_equation_minimization"", ""start_count"": 5, ""selected_start"": 1, ""location_at_zero_boundary"": false, ""production_status"": ""ok"", ""recovered"": false}}"
2.0,1000.0,1000.0,10,38,mme_i,mme_i,,,,,False,0.02748230000725016,failure,nan,nan,nan,nan,nan,nan,"{""solution_info"": {""status"": ""no_root_in_declared_shape_domain"", ""variant"": ""I""}}"
2.0,1000.0,1000.0,10,38,mme_ii,mme_ii,8.73060455382229,3401.863884346127,-1049.623157465518,nan,False,1.1199968867003918e-05,failure,nan,nan,nan,nan,nan,nan,"{""solution_info"": {""status"": ""location_outside_effective_support"", ""variant"": ""II"", ""roots_found"": 1, ""candidate_estimates"": [[8.73060455382229, 3.401863884346127, -1.049623157465518]], ""sample_moment_shape_initializer"": 4.08877491530482, ""criterion_residual"": -1.9539925233402755e-14, ""strategy"": ""CW_moment_Brent_valid_support_then_sample_skew_initializer""}}"
2.0,1000.0,1000.0,10,38,mme_iii,mme_iii,,,,,False,8.90000956133008e-06,failure,nan,nan,nan,nan,nan,nan,"{""solution_info"": {""status"": ""no_root_in_declared_shape_domain"", ""variant"": ""III""}}"
2.0,1000.0,1000.0,10,38,mmle_i_paper,mmle_i_paper,,,,,False,0.05529789999127388,failure,nan,nan,nan,nan,nan,nan,"{""raw_status"": ""no_root_in_declared_location_domain"", ""solution_info"": {""status"": ""no_root_in_declared_location_domain"", ""location_lower"": -2230.556162620123, ""endpoint_constraint_residuals"": [6.721724808003646, 0.2941315789942722], ""grid_size"": 97}}"
2.0,1000.0,1000.0,10,38,mmle_ii_paper,mmle_ii_paper,7.700139538899587,3052.7238306672148,-706.2593102700594,nan,True,0.11876599997049198,success,5.700139538899587,2052.7238306672148,-1706.2593102700594,2.8500697694497936,2.052723830667215,-1.7062593102700594,"{""solution_info"": {""status"": ""ok"", ""objective"": 9.121204216617949e-31, ""roots_found"": 1, ""variant"": ""II"", ""grid_size"": 97, ""strategy"": ""CW_profile_Brent"", ""paper_domain"": true}}"
2.0,1000.0,1000.0,10,38,mmle_iii_paper,mmle_iii_paper,0.9999999999999973,746.0919384704371,1421.256331193944,nan,True,1.0800024028867483e-05,success,-1.0000000000000027,-253.90806152956293,421.2563311939441,-0.5000000000000013,-0.2539080615295629,0.4212563311939441,"{""solution_info"": {""status"": ""ok"", ""objective"": 3.1554436208840472e-30, ""roots_found"": 3, ""variant"": ""III"", ""grid_size"": 97, ""strategy"": ""CW_profile_Brent"", ""paper_domain"": true}}"
2.0,1000.0,1000.0,10,38,mmle_iv_paper,mmle_iv_paper,1.9263160827237777,916.9932268391319,1344.0430674150628,nan,True,9.300012607127428e-06,success,-0.07368391727622225,-83.00677316086808,344.04306741506275,-0.03684195863811113,-0.08300677316086807,0.34404306741506274,"{""solution_info"": {""status"": ""ok"", ""objective"": 4.1656909435843495e-27, ""roots_found"": 2, ""variant"": ""IV"", ""grid_size"": 97, ""strategy"": ""CW_profile_Brent"", ""paper_domain"": true}}"
2.0,1000.0,1000.0,10,38,mmle_v_paper,mmle_v_paper,,,,,False,9.599956683814526e-06,failure,nan,nan,nan,nan,nan,nan,"{""solution_info"": {""status"": ""no_root_in_declared_location_domain"", ""variant"": ""V"", ""grid_size"": 97}}"
2.0,1000.0,1000.0,10,39,mle_local,mle_local,2.7704603939607235,997.5568538378649,904.5172245223272,0.8995806427784687,True,0.08162529999390244,success,0.7704603939607235,-2.443146162135122,-95.48277547767282,0.38523019698036176,-0.002443146162135122,-0.09548277547767282,"{""solution_info"": {""status"": ""ok"", ""strategy"": ""deterministic_multistart_likelihood"", ""start_count"": 5, ""selected_start"": 4, ""log_likelihood"": -3.6417420711256865, ""location_at_zero_boundary"": false}}"
2.0,1000.0,1000.0,10,39,mmle_i,mmle_i,,,,,False,0.059849999961443245,failure,nan,nan,nan,nan,nan,nan,"{""raw_status"": ""no_root_in_declared_location_domain"", ""solution_info"": {""status"": ""no_root_in_declared_location_domain"", ""location_lower"": 0.0, ""endpoint_constraint_residuals"": [6.490108282830967, 0.39337055898417805], ""grid_size"": 97}}"
2.0,1000.0,1000.0,10,39,mmle_ii,mmle_ii,5.741987469262708,1921.5001961370076,14.52541136207186,nan,True,0.1382978999754414,success,3.7419874692627078,921.5001961370076,-985.4745886379282,1.8709937346313539,0.9215001961370076,-0.9854745886379281,"{""solution_info"": {""status"": ""ok"", ""objective"": 2.246404687133272e-30, ""roots_found"": 1, ""variant"": ""II"", ""grid_size"": 97, ""strategy"": ""CW_profile_Brent"", ""paper_domain"": false}}"
2.0,1000.0,1000.0,10,39,mmle_iii,mmle_iii,1.0000000000000024,585.6284691834561,1204.8575694919973,nan,True,1.3199984095990658e-05,success,-0.9999999999999976,-414.3715308165439,204.8575694919973,-0.4999999999999988,-0.4143715308165439,0.20485756949199732,"{""solution_info"": {""status"": ""ok"", ""objective"": 1.9568680830138724e-28, ""roots_found"": 2, ""variant"": ""III"", ""grid_size"": 97, ""strategy"": ""CW_profile_Brent"", ""paper_domain"": false}}"
2.0,1000.0,1000.0,10,39,mmle_iv,mmle_iv,1.7759665410130874,721.8983398732108,1142.1071648664781,nan,True,1.0800024028867483e-05,success,-0.22403345898691263,-278.10166012678917,142.10716486647812,-0.11201672949345631,-0.27810166012678916,0.14210716486647812,"{""solution_info"": {""status"": ""ok"", ""objective"": 2.0214560696288428e-30, ""roots_found"": 1, ""variant"": ""IV"", ""grid_size"": 97, ""strategy"": ""CW_profile_Brent"", ""paper_domain"": false}}"
2.0,1000.0,1000.0,10,39,mmle_v,mmle_v,2.4635784793378273,907.3051185224721,986.3966680362843,nan,True,9.699957445263863e-06,success,0.46357847933782725,-92.69488147752793,-13.603331963715732,0.23178923966891363,-0.09269488147752793,-0.013603331963715732,"{""solution_info"": {""status"": ""ok"", ""objective"": 3.5280296241900032e-31, ""roots_found"": 1, ""variant"": ""V"", ""grid_size"": 97, ""strategy"": ""CW_profile_Brent"", ""paper_domain"": false}}"
2.0,1000.0,1000.0,10,39,wmle_checked,wmle_checked,2.2198865433887294,907.7346433253424,984.8924556183796,0.9381874612895558,True,0.1319150000344962,success,0.21988654338872937,-92.2653566746576,-15.107544381620414,0.10994327169436469,-0.0922653566746576,-0.015107544381620415,"{""solution_info"": {""status"": ""ok"", ""objective"": 1.5374293543060439e-22, ""strategy"": ""deterministic_multistart_equation_minimization"", ""start_count"": 5, ""selected_start"": 3, ""location_at_zero_boundary"": false, ""production_status"": ""ok"", ""recovered"": false}}"
2.0,1000.0,1000.0,10,39,mme_i,mme_i,,,,,False,0.027869600045960397,failure,nan,nan,nan,nan,nan,nan,"{""solution_info"": {""status"": ""no_root_in_declared_shape_domain"", ""variant"": ""I""}}"
2.0,1000.0,1000.0,10,39,mme_ii,mme_ii,4.084124421283465,1496.283259018875,432.64014628176926,nan,True,1.1400028597563505e-05,success,2.084124421283465,496.283259018875,-567.3598537182307,1.0420622106417325,0.496283259018875,-0.5673598537182307,"{""solution_info"": {""status"": ""ok"", ""variant"": ""II"", ""roots_found"": 1, ""candidate_estimates"": [[4.084124421283465, 1.496283259018875, 0.4326401462817693]], ""sample_moment_shape_initializer"": 3.783504838921895, ""criterion_residual"": -1.9984014443252818e-15, ""strategy"": ""CW_moment_Brent_valid_support_then_sample_skew_initializer""}}"
2.0,1000.0,1000.0,10,39,mme_iii,mme_iii,2.5323129224402448,995.6868177513651,906.7604938768203,nan,True,9.499955922365189e-06,success,0.5323129224402448,-4.3131822486349165,-93.2395061231797,0.2661564612201224,-0.004313182248634916,-0.09323950612317969,"{""solution_info"": {""status"": ""ok"", ""variant"": ""III"", ""roots_found"": 2, ""candidate_estimates"": [[0.19638807592521004, 0.00015823012250761875, 1.768256055432166], [2.5323129224402448, 0.995686817751365, 0.9067604938768203]], ""sample_moment_shape_initializer"": 3.783504838921895, ""criterion_residual"": 4.288930322005058e-14, ""strategy"": ""CW_moment_Brent_valid_support_then_sample_skew_initializer""}}"
2.0,1000.0,1000.0,10,39,mmle_i_paper,mmle_i_paper,,,,,False,0.054821700032334775,failure,nan,nan,nan,nan,nan,nan,"{""raw_status"": ""no_root_in_declared_location_domain"", ""solution_info"": {""status"": ""no_root_in_declared_location_domain"", ""location_lower"": -1947.8136441504828, ""endpoint_constraint_residuals"": [6.490108282830967, 0.19330381392749008], ""grid_size"": 97}}"
2.0,1000.0,1000.0,10,39,mmle_ii_paper,mmle_ii_paper,5.741987469262624,1921.500196136981,14.525411362098284,nan,True,0.13014010002370924,success,3.7419874692626243,921.500196136981,-985.4745886379017,1.8709937346313121,0.921500196136981,-0.9854745886379017,"{""solution_info"": {""status"": ""ok"", ""objective"": 3.944304526105059e-31, ""roots_found"": 1, ""variant"": ""II"", ""grid_size"": 97, ""strategy"": ""CW_profile_Brent"", ""paper_domain"": true}}"
2.0,1000.0,1000.0,10,39,mmle_iii_paper,mmle_iii_paper,1.0000000000000007,585.6284691834558,1204.8575694919973,nan,True,1.1199968867003918e-05,success,-0.9999999999999993,-414.37153081654424,204.8575694919973,-0.49999999999999967,-0.4143715308165442,0.20485756949199732,"{""solution_info"": {""status"": ""ok"", ""objective"": 1.7162655069214638e-28, ""roots_found"": 3, ""variant"": ""III"", ""grid_size"": 97, ""strategy"": ""CW_profile_Brent"", ""paper_domain"": true}}"
2.0,1000.0,1000.0,10,39,mmle_iv_paper,mmle_iv_paper,1.7759665410130883,721.8983398732112,1142.107164866478,nan,True,9.600014891475439e-06,success,-0.22403345898691174,-278.10166012678883,142.1071648664779,-0.11201672949345587,-0.27810166012678883,0.1421071648664779,"{""solution_info"": {""status"": ""ok"", ""objective"": 1.836566794967668e-30, ""roots_found"": 2, ""variant"": ""IV"", ""grid_size"": 97, ""strategy"": ""CW_profile_Brent"", ""paper_domain"": true}}"
2.0,1000.0,1000.0,10,39,mmle_v_paper,mmle_v_paper,2.463578479337828,907.3051185224722,986.3966680362844,nan,True,9.400013368576765e-06,success,0.46357847933782814,-92.69488147752782,-13.603331963715618,0.23178923966891407,-0.09269488147752782,-0.013603331963715617,"{""solution_info"": {""status"": ""ok"", ""objective"": 1.232595164407831e-32, ""roots_found"": 1, ""variant"": ""V"", ""grid_size"": 97, ""strategy"": ""CW_profile_Brent"", ""paper_domain"": true}}"
2.0,1000.0,1000.0,10,40,mle_local,mle_local,,,,,False,0.17035669996403158,failure,nan,nan,nan,nan,nan,nan,"{""solution_info"": {""status"": ""unbounded""}}"
2.0,1000.0,1000.0,10,40,mmle_i,mmle_i,1.925436965172715,1247.7269760083152,940.2317767971837,0.0,True,0.06696790002752095,success,-0.07456303482728499,247.7269760083152,-59.76822320281633,-0.037281517413642495,0.2477269760083152,-0.05976822320281633,"{""solution_info"": {""status"": ""ok"", ""objective"": 1.0581706226924788e-25, ""roots_found"": 1, ""grid_size"": 97, ""strategy"": ""cw_i_profile_brent"", ""paper_domain"": false, ""raw_min_gap"": 368.06342586157723}}"
2.0,1000.0,1000.0,10,40,mmle_ii,mmle_ii,1.6565978048175165,1097.0150263289981,1064.0253436072708,nan,True,0.1348814000375569,success,-0.3434021951824835,97.01502632899815,64.02534360727077,-0.17170109759124175,0.09701502632899815,0.06402534360727077,"{""solution_info"": {""status"": ""ok"", ""objective"": 9.860761315262648e-31, ""roots_found"": 1, ""variant"": ""II"", ""grid_size"": 97, ""strategy"": ""CW_profile_Brent"", ""paper_domain"": false}}"
2.0,1000.0,1000.0,10,40,mmle_iii,mmle_iii,1.0000000000000036,755.0343212024494,1286.645372175276,nan,True,1.1200027074664831e-05,success,-0.9999999999999964,-244.9656787975506,286.64537217527595,-0.4999999999999982,-0.2449656787975506,0.28664537217527597,"{""solution_info"": {""status"": ""ok"", ""objective"": 1.9721522630525295e-31, ""roots_found"": 2, ""variant"": ""III"", ""grid_size"": 97, ""strategy"": ""CW_profile_Brent"", ""paper_domain"": false}}"
2.0,1000.0,1000.0,10,40,mmle_iv,mmle_iv,1.335028026895919,922.5626405803528,1192.9624978171946,nan,True,9.500014130026102e-06,success,-0.6649719731040811,-77.43735941964724,192.96249781719462,-0.33248598655204054,-0.07743735941964723,0.19296249781719463,"{""solution_info"": {""status"": ""ok"", ""objective"": 1.8138106230423707e-26, ""roots_found"": 1, ""variant"": ""IV"", ""grid_size"": 97, ""strategy"": ""CW_profile_Brent"", ""paper_domain"": false}}"
2.0,1000.0,1000.0,10,40,mmle_v,mmle_v,1.2745924827171848,890.8889869032276,1213.7620035707444,nan,True,9.200011845678091e-06,success,-0.7254075172828152,-109.11101309677235,213.76200357074435,-0.3627037586414076,-0.10911101309677235,0.21376200357074435,"{""solution_info"": {""status"": ""ok"", ""objective"": 3.8791186049186816e-26, ""roots_found"": 1, ""variant"": ""V"", ""grid_size"": 97, ""strategy"": ""CW_profile_Brent"", ""paper_domain"": false}}"
2.0,1000.0,1000.0,10,40,wmle_checked,wmle_checked,1.069766881783674,845.3421678196183,1239.8068694256763,0.9261990861173384,True,0.1461723999818787,success,-0.9302331182163259,-154.65783218038166,239.80686942567627,-0.46511655910816296,-0.15465783218038165,0.23980686942567628,"{""solution_info"": {""status"": ""ok"", ""objective"": 2.506763473553656e-20, ""strategy"": ""deterministic_multistart_equation_minimization"", ""start_count"": 5, ""selected_start"": 3, ""location_at_zero_boundary"": false, ""production_status"": ""ok"", ""recovered"": false}}"
2.0,1000.0,1000.0,10,40,mme_i,mme_i,1.536370212263764,1072.6520969100675,1076.0235668816026,nan,True,0.027925599948503077,success,-0.4636297877362361,72.65209691006748,76.02356688160262,-0.23181489386811804,0.07265209691006748,0.07602356688160262,"{""solution_info"": {""status"": ""ok"", ""variant"": ""I"", ""roots_found"": 1, ""candidate_estimates"": [[1.536370212263764, 1.0726520969100675, 1.0760235668816027]], ""sample_moment_shape_initializer"": 2.5893332030571394, ""criterion_residual"": -1.5232259897857148e-13, ""strategy"": ""CW_moment_Brent_valid_support_then_sample_skew_initializer""}}"
2.0,1000.0,1000.0,10,40,mme_ii,mme_ii,1.4692956983098207,1023.9048027671645,1114.93791406464,nan,True,1.1500029359012842e-05,success,-0.5307043016901793,23.904802767164483,114.93791406463993,-0.2653521508450897,0.023904802767164484,0.11493791406463992,"{""solution_info"": {""status"": ""ok"", ""variant"": ""II"", ""roots_found"": 1, ""candidate_estimates"": [[1.4692956983098207, 1.0239048027671644, 1.1149379140646398]], ""sample_moment_shape_initializer"": 2.5893332030571394, ""criterion_residual"": 1.9984014443252818e-15, ""strategy"": ""CW_moment_Brent_valid_support_then_sample_skew_initializer""}}"
2.0,1000.0,1000.0,10,40,mme_iii,mme_iii,1.24334336539264,850.0384978175532,1248.9952982838888,nan,True,9.90001717582345e-06,success,-0.75665663460736,-149.9615021824468,248.99529828388881,-0.37832831730368,-0.1499615021824468,0.2489952982838888,"{""solution_info"": {""status"": ""ok"", ""variant"": ""III"", ""roots_found"": 2, ""candidate_estimates"": [[0.3648992035082028, 0.03984352732090064, 1.8674220399643486], [1.24334336539264, 0.8500384978175533, 1.2489952982838888]], ""sample_moment_shape_initializer"": 2.5893332030571394, ""criterion_residual"": -2.7755575615628914e-17, ""strategy"": ""CW_moment_Brent_valid_support_then_sample_skew_initializer""}}"
2.0,1000.0,1000.0,10,40,mmle_i_paper,mmle_i_paper,1.925436965172714,1247.726976008314,940.2317767971842,0.0,True,0.053418700001202524,success,-0.0745630348272861,247.72697600831407,-59.76822320281576,-0.03728151741364305,0.24772697600831406,-0.05976822320281576,"{""solution_info"": {""status"": ""ok"", ""objective"": 1.0567344028069108e-25, ""roots_found"": 1, ""grid_size"": 97, ""strategy"": ""cw_i_profile_brent"", ""paper_domain"": true, ""raw_min_gap"": 368.0634258615766}}"
2.0,1000.0,1000.0,10,40,mmle_ii_paper,mmle_ii_paper,1.6565978048175134,1097.0150263289966,1064.0253436072721,nan,True,0.12093040003674105,success,-0.3434021951824866,97.01502632899656,64.02534360727213,-0.1717010975912433,0.09701502632899656,0.06402534360727213,"{""solution_info"": {""status"": ""ok"", ""objective"": 2.2803010541544873e-30, ""roots_found"": 1, ""variant"": ""II"", ""grid_size"": 97, ""strategy"": ""CW_profile_Brent"", ""paper_domain"": true}}"
2.0,1000.0,1000.0,10,40,mmle_iii_paper,mmle_iii_paper,0.9999999999999983,755.0343212024469,1286.6453721752769,nan,True,1.3199984095990658e-05,success,-1.0000000000000018,-244.9656787975531,286.64537217527686,-0.5000000000000009,-0.2449656787975531,0.28664537217527686,"{""solution_info"": {""status"": ""ok"", ""objective"": 1.9721522630525295e-31, ""roots_found"": 3, ""variant"": ""III"", ""grid_size"": 97, ""strategy"": ""CW_profile_Brent"", ""paper_domain"": true}}"
2.0,1000.0,1000.0,10,40,mmle_iv_paper,mmle_iv_paper,1.3350280268958525,922.562640580318,1192.962497817218,nan,True,9.399955160915852e-06,success,-0.6649719731041475,-77.43735941968202,192.96249781721804,-0.33248598655207373,-0.07743735941968202,0.19296249781721803,"{""solution_info"": {""status"": ""ok"", ""objective"": 1.9269468353978723e-26, ""roots_found"": 2, ""variant"": ""IV"", ""grid_size"": 97, ""strategy"": ""CW_profile_Brent"", ""paper_domain"": true}}"
2.0,1000.0,1000.0,10,40,mmle_v_paper,mmle_v_paper,1.274592482717185,890.8889869032278,1213.7620035707444,nan,True,9.100011084228754e-06,success,-0.7254075172828149,-109.11101309677224,213.76200357074435,-0.36270375864140747,-0.10911101309677224,0.21376200357074435,"{""solution_info"": {""status"": ""ok"", ""objective"": 3.870377040012701e-26, ""roots_found"": 1, ""variant"": ""V"", ""grid_size"": 97, ""strategy"": ""CW_profile_Brent"", ""paper_domain"": true}}"
2.0,1000.0,1000.0,10,41,mle_local,mle_local,,,,,False,2.835373100009747,failure,nan,nan,nan,nan,nan,nan,"{""solution_info"": {""status"": ""unbounded""}}"
2.0,1000.0,1000.0,10,41,mmle_i,mmle_i,1.1183833038437299,536.5104097568151,1835.619503958593,0.0,True,0.06921169999986887,success,-0.8816166961562701,-463.4895902431849,835.619503958593,-0.44080834807813507,-0.4634895902431849,0.835619503958593,"{""solution_info"": {""status"": ""ok"", ""objective"": 8.490608530506903e-26, ""roots_found"": 1, ""grid_size"": 97, ""strategy"": ""cw_i_profile_brent"", ""paper_domain"": false, ""raw_min_gap"": 65.58095960512887}}"
2.0,1000.0,1000.0,10,41,mmle_ii,mmle_ii,1.119645233820162,537.0446484072262,1835.3004398613396,nan,True,0.12795359996380284,success,-0.8803547661798381,-462.9553515927738,835.3004398613396,-0.44017738308991905,-0.4629553515927738,0.8353004398613395,"{""solution_info"": {""status"": ""ok"", ""objective"": 6.02209019474734e-28, ""roots_found"": 1, ""variant"": ""II"", ""grid_size"": 97, ""strategy"": ""CW_profile_Brent"", ""paper_domain"": false}}"
2.0,1000.0,1000.0,10,41,mmle_iii,mmle_iii,1.0000000000000386,487.32480176974116,1862.761894045951,nan,True,1.0500021744519472e-05,success,-0.9999999999999614,-512.6751982302588,862.7618940459511,-0.4999999999999807,-0.5126751982302589,0.862761894045951,"{""solution_info"": {""status"": ""ok"", ""objective"": 5.029481308849713e-28, ""roots_found"": 3, ""variant"": ""III"", ""grid_size"": 97, ""strategy"": ""CW_profile_Brent"", ""paper_domain"": false}}"
2.0,1000.0,1000.0,10,41,mmle_iv,mmle_iv,1.0861736160071769,522.9394367690647,1843.5637608622217,nan,True,9.800016414374113e-06,success,-0.9138263839928231,-477.06056323093526,843.5637608622217,-0.45691319199641156,-0.47706056323093526,0.8435637608622216,"{""solution_info"": {""status"": ""ok"", ""objective"": 3.660018777386037e-27, ""roots_found"": 2, ""variant"": ""IV"", ""grid_size"": 97, ""strategy"": ""CW_profile_Brent"", ""paper_domain"": false}}"
2.0,1000.0,1000.0,10,41,mmle_v,mmle_v,0.9952521990053389,485.39551754616593,1863.7250847832483,nan,True,9.199953638017178e-06,success,-1.004747800994661,-514.6044824538341,863.7250847832483,-0.5023739004973305,-0.5146044824538341,0.8637250847832484,"{""solution_info"": {""status"": ""ok"", ""objective"": 4.686943112660777e-28, ""roots_found"": 1, ""variant"": ""V"", ""grid_size"": 97, ""strategy"": ""CW_profile_Brent"", ""paper_domain"": false}}"
2.0,1000.0,1000.0,10,41,wmle_checked,wmle_checked,0.7739950549483473,430.3585274650939,1886.2927819882918,0.0,True,0.5165948999929242,success,-1.2260049450516526,-569.6414725349061,886.2927819882918,-0.6130024725258263,-0.5696414725349062,0.8862927819882919,"{""solution_info"": {""status"": ""ok"", ""strategy"": ""profile_root_recovery"", ""objective"": 1.9770826437101608e-29, ""roots_found"": 1, ""grid_size"": 513, ""production_status"": ""equation_residual"", ""recovered"": true}}"
2.0,1000.0,1000.0,10,41,mme_i,mme_i,1.094612597520885,528.2862177856379,1839.5059649461346,nan,True,0.026583999977447093,success,-0.9053874024791151,-471.71378221436214,839.5059649461346,-0.45269370123955754,-0.47171378221436217,0.8395059649461346,"{""solution_info"": {""status"": ""ok"", ""variant"": ""I"", ""roots_found"": 1, ""candidate_estimates"": [[1.094612597520885, 0.5282862177856379, 1.8395059649461345]], ""sample_moment_shape_initializer"": 2.0037118951960866, ""criterion_residual"": -1.765254609153999e-14, ""strategy"": ""CW_moment_Brent_valid_support_then_sample_skew_initializer""}}"
2.0,1000.0,1000.0,10,41,mme_ii,mme_ii,1.0967835791826501,529.657954927146,1838.5178354126986,nan,True,1.1699972674250603e-05,success,-0.9032164208173499,-470.34204507285403,838.5178354126986,-0.45160821040867494,-0.47034204507285404,0.8385178354126985,"{""solution_info"": {""status"": ""ok"", ""variant"": ""II"", ""roots_found"": 1, ""candidate_estimates"": [[1.0967835791826501, 0.529657954927146, 1.8385178354126985]], ""sample_moment_shape_initializer"": 2.0037118951960866, ""criterion_residual"": -1.4654943925052066e-14, ""strategy"": ""CW_moment_Brent_valid_support_then_sample_skew_initializer""}}"
2.0,1000.0,1000.0,10,41,mme_iii,mme_iii,0.9347565850790915,422.8626340136422,1913.8848526577437,nan,False,9.800016414374113e-06,failure,nan,nan,nan,nan,nan,nan,"{""solution_info"": {""status"": ""location_outside_effective_support"", ""variant"": ""III"", ""roots_found"": 2, ""candidate_estimates"": [[0.4626266486361216, 0.08003167931783714, 2.1633473055850696], [0.9347565850790915, 0.4228626340136422, 1.9138848526577437]], ""sample_moment_shape_initializer"": 2.0037118951960866, ""criterion_residual"": -4.440892098500626e-16, ""strategy"": ""CW_moment_Brent_valid_support_then_sample_skew_initializer""}}"
2.0,1000.0,1000.0,10,41,mmle_i_paper,mmle_i_paper,1.1183833038438737,536.5104097568757,1835.6195039585568,0.0,True,0.05525360000319779,success,-0.8816166961561263,-463.4895902431243,835.6195039585568,-0.44080834807806313,-0.4634895902431243,0.8356195039585569,"{""solution_info"": {""status"": ""ok"", ""objective"": 1.063744418025931e-26, ""roots_found"": 1, ""grid_size"": 97, ""strategy"": ""cw_i_profile_brent"", ""paper_domain"": true, ""raw_min_gap"": 65.58095960516516}}"
2.0,1000.0,1000.0,10,41,mmle_ii_paper,mmle_ii_paper,1.1196452338201603,537.0446484072256,1835.3004398613398,nan,True,0.1452240999788046,success,-0.8803547661798397,-462.9553515927744,835.3004398613398,-0.4401773830899198,-0.4629553515927744,0.8353004398613397,"{""solution_info"": {""status"": ""ok"", ""objective"": 5.857785259331776e-28, ""roots_found"": 1, ""variant"": ""II"", ""grid_size"": 97, ""strategy"": ""CW_profile_Brent"", ""paper_domain"": true}}"
2.0,1000.0,1000.0,10,41,mmle_iii_paper,mmle_iii_paper,1.0000000000000224,487.32480176973434,1862.7618940459545,nan,True,1.1700030881911516e-05,success,-0.9999999999999776,-512.6751982302657,862.7618940459545,-0.4999999999999888,-0.5126751982302656,0.8627618940459545,"{""solution_info"": {""status"": ""ok"", ""objective"": 4.930380657631324e-28, ""roots_found"": 3, ""variant"": ""III"", ""grid_size"": 97, ""strategy"": ""CW_profile_Brent"", ""paper_domain"": true}}"
2.0,1000.0,1000.0,10,41,mmle_iv_paper,mmle_iv_paper,1.0861736160071112,522.9394367690372,1843.5637608622376,nan,True,2.1499989088624716e-05,success,-0.9138263839928888,-477.06056323096277,843.5637608622376,-0.4569131919964444,-0.4770605632309628,0.8435637608622376,"{""solution_info"": {""status"": ""ok"", ""objective"": 6.257762390182117e-28, ""roots_found"": 2, ""variant"": ""IV"", ""grid_size"": 97, ""strategy"": ""CW_profile_Brent"", ""paper_domain"": true}}"
2.0,1000.0,1000.0,10,41,mmle_v_paper,mmle_v_paper,0.9952521990053383,485.3955175461655,1863.7250847832486,nan,True,9.599956683814526e-06,success,-1.0047478009946618,-514.6044824538345,863.7250847832486,-0.5023739004973309,-0.5146044824538345,0.8637250847832486,"{""solution_info"": {""status"": ""ok"", ""objective"": 4.543838814073028e-28, ""roots_found"": 1, ""variant"": ""V"", ""grid_size"": 97, ""strategy"": ""CW_profile_Brent"", ""paper_domain"": true}}"
2.0,1000.0,1000.0,10,42,mle_local,mle_local,,,,,False,0.1889833000022918,failure,nan,nan,nan,nan,nan,nan,"{""solution_info"": {""status"": ""unbounded""}}"
2.0,1000.0,1000.0,10,42,mmle_i,mmle_i,1.7560850636637033,594.4703355903764,1082.722272078068,0.0,True,0.06027730001369491,success,-0.24391493633629668,-405.5296644096236,82.72227207806804,-0.12195746816814834,-0.40552966440962357,0.08272227207806805,"{""solution_info"": {""status"": ""ok"", ""objective"": 3.2047474274603605e-30, ""roots_found"": 1, ""grid_size"": 97, ""strategy"": ""cw_i_profile_brent"", ""paper_domain"": false, ""raw_min_gap"": 155.88437656004058}}"
2.0,1000.0,1000.0,10,42,mmle_ii,mmle_ii,1.574660657334766,540.0411762464631,1126.2451638841646,nan,True,0.1321670999750495,success,-0.4253393426652341,-459.9588237535369,126.24516388416464,-0.21266967133261705,-0.45995882375353686,0.12624516388416465,"{""solution_info"": {""status"": ""ok"", ""objective"": 8.884545945051645e-28, ""roots_found"": 1, ""variant"": ""II"", ""grid_size"": 97, ""strategy"": ""CW_profile_Brent"", ""paper_domain"": false}}"
2.0,1000.0,1000.0,10,42,mmle_iii,mmle_iii,0.9999999999999913,381.0313173127491,1228.185854811808,nan,True,1.1399970389902592e-05,success,-1.0000000000000087,-618.968682687251,228.18585481180799,-0.5000000000000043,-0.618968682687251,0.22818585481180798,"{""solution_info"": {""status"": ""ok"", ""objective"": 4.437342591868191e-31, ""roots_found"": 3, ""variant"": ""III"", ""grid_size"": 97, ""strategy"": ""CW_profile_Brent"", ""paper_domain"": false}}"
2.0,1000.0,1000.0,10,42,mmle_iv,mmle_iv,1.2581529915763954,448.3507819979224,1192.007555781912,nan,True,1.0000017937272787e-05,success,-0.7418470084236046,-551.6492180020775,192.00755578191206,-0.3709235042118023,-0.5516492180020776,0.19200755578191206,"{""solution_info"": {""status"": ""ok"", ""objective"": 6.409494854920721e-31, ""roots_found"": 2, ""variant"": ""IV"", ""grid_size"": 97, ""strategy"": ""CW_profile_Brent"", ""paper_domain"": false}}"
2.0,1000.0,1000.0,10,42,mmle_v,mmle_v,1.1882434896660274,429.1227614111978,1203.8758466889276,nan,True,9.500014130026102e-06,success,-0.8117565103339726,-570.8772385888021,203.8758466889276,-0.4058782551669863,-0.5708772385888021,0.2038758466889276,"{""solution_info"": {""status"": ""ok"", ""objective"": 4.930380657631324e-32, ""roots_found"": 1, ""variant"": ""V"", ""grid_size"": 97, ""strategy"": ""CW_profile_Brent"", ""paper_domain"": false}}"
2.0,1000.0,1000.0,10,42,wmle_checked,wmle_checked,1.0363690054773085,417.8433820776795,1209.495857917338,0.9546305362302354,True,0.13849150005262345,success,-0.9636309945226915,-582.1566179223205,209.49585791733807,-0.48181549726134576,-0.5821566179223205,0.20949585791733807,"{""solution_info"": {""status"": ""ok"", ""objective"": 9.102060933591553e-20, ""strategy"": ""deterministic_multistart_equation_minimization"", ""start_count"": 5, ""selected_start"": 3, ""location_at_zero_boundary"": false, ""production_status"": ""ok"", ""recovered"": false}}"
2.0,1000.0,1000.0,10,42,mme_i,mme_i,1.434377968522663,519.1449204105298,1137.7791691408454,nan,True,0.024440900015179068,success,-0.565622031477337,-480.85507958947017,137.7791691408454,-0.2828110157386685,-0.48085507958947016,0.1377791691408454,"{""solution_info"": {""status"": ""ok"", ""variant"": ""I"", ""roots_found"": 1, ""candidate_estimates"": [[1.434377968522663, 0.5191449204105298, 1.1377791691408454]], ""sample_moment_shape_initializer"": 2.3765269179232456, ""criterion_residual"": -1.7119639039719914e-13, ""strategy"": ""CW_moment_Brent_valid_support_then_sample_skew_initializer""}}"
2.0,1000.0,1000.0,10,42,mme_ii,mme_ii,1.3906990812597824,502.0725055678379,1151.1316988200113,nan,True,1.1699972674250603e-05,success,-0.6093009187402176,-497.9274944321621,151.13169882001125,-0.3046504593701088,-0.4979274944321621,0.15113169882001126,"{""solution_info"": {""status"": ""ok"", ""variant"": ""II"", ""roots_found"": 1, ""candidate_estimates"": [[1.3906990812597824, 0.5020725055678379, 1.1511316988200113]], ""sample_moment_shape_initializer"": 2.3765269179232456, ""criterion_residual"": 4.3298697960381105e-14, ""strategy"": ""CW_moment_Brent_valid_support_then_sample_skew_initializer""}}"
2.0,1000.0,1000.0,10,42,mme_iii,mme_iii,1.152484281406464,403.1647036998544,1225.7651321916883,nan,True,1.0100018698722124e-05,success,-0.847515718593536,-596.8352963001456,225.76513219168828,-0.423757859296768,-0.5968352963001456,0.22576513219168828,"{""solution_info"": {""status"": ""ok"", ""variant"": ""III"", ""roots_found"": 2, ""candidate_estimates"": [[0.3881160114023221, 0.02789288517509225, 1.5082544934182316], [1.152484281406464, 0.4031647036998544, 1.2257651321916883]], ""sample_moment_shape_initializer"": 2.3765269179232456, ""criterion_residual"": -5.551115123125783e-17, ""strategy"": ""CW_moment_Brent_valid_support_then_sample_skew_initializer""}}"
2.0,1000.0,1000.0,10,42,mmle_i_paper,mmle_i_paper,1.756085063663703,594.4703355903763,1082.722272078068,0.0,True,0.053294100041966885,success,-0.2439149363362969,-405.5296644096237,82.72227207806804,-0.12195746816814845,-0.4055296644096237,0.08272227207806805,"{""solution_info"": {""status"": ""ok"", ""objective"": 3.3526588471893e-30, ""roots_found"": 1, ""grid_size"": 97, ""strategy"": ""cw_i_profile_brent"", ""paper_domain"": true, ""raw_min_gap"": 155.88437656004052}}"
2.0,1000.0,1000.0,10,42,mmle_ii_paper,mmle_ii_paper,1.5746606573347695,540.0411762464643,1126.2451638841637,nan,True,0.12270649999845773,success,-0.42533934266523055,-459.95882375353574,126.24516388416373,-0.21266967133261527,-0.45995882375353575,0.12624516388416374,"{""solution_info"": {""status"": ""ok"", ""objective"": 8.794936276599196e-28, ""roots_found"": 1, ""variant"": ""II"", ""grid_size"": 97, ""strategy"": ""CW_profile_Brent"", ""paper_domain"": true}}"
2.0,1000.0,1000.0,10,42,mmle_iii_paper,mmle_iii_paper,0.9999999999999908,381.0313173127491,1228.185854811808,nan,True,1.1400028597563505e-05,success,-1.0000000000000093,-618.968682687251,228.18585481180799,-0.5000000000000047,-0.618968682687251,0.22818585481180798,"{""solution_info"": {""status"": ""ok"", ""objective"": 1.9721522630525295e-31, ""roots_found"": 3, ""variant"": ""III"", ""grid_size"": 97, ""strategy"": ""CW_profile_Brent"", ""paper_domain"": true}}"
2.0,1000.0,1000.0,10,42,mmle_iv_paper,mmle_iv_paper,1.2581529915763956,448.35078199792235,1192.007555781912,nan,True,9.500014130026102e-06,success,-0.7418470084236044,-551.6492180020776,192.00755578191206,-0.3709235042118022,-0.5516492180020777,0.19200755578191206,"{""solution_info"": {""status"": ""ok"", ""objective"": 7.888609052210118e-31, ""roots_found"": 2, ""variant"": ""IV"", ""grid_size"": 97, ""strategy"": ""CW_profile_Brent"", ""paper_domain"": true}}"
2.0,1000.0,1000.0,10,42,mmle_v_paper,mmle_v_paper,1.188243489666026,429.1227614111974,1203.8758466889278,nan,True,9.600014891475439e-06,success,-0.8117565103339739,-570.8772385888026,203.87584668892782,-0.40587825516698695,-0.5708772385888026,0.20387584668892783,"{""solution_info"": {""status"": ""ok"", ""objective"": 1.232595164407831e-30, ""roots_found"": 1, ""variant"": ""V"", ""grid_size"": 97, ""strategy"": ""CW_profile_Brent"", ""paper_domain"": true}}"
2.0,1000.0,1000.0,10,43,mle_local,mle_local,5.607990402816716,1955.2772818000742,27.04287198441141,0.9312023705541677,True,0.09978499996941537,success,3.607990402816716,955.2772818000742,-972.9571280155886,1.803995201408358,0.9552772818000742,-0.9729571280155886,"{""solution_info"": {""status"": ""ok"", ""strategy"": ""deterministic_multistart_likelihood"", ""start_count"": 5, ""selected_start"": 1, ""log_likelihood"": -4.341326856440202, ""location_at_zero_boundary"": false}}"
2.0,1000.0,1000.0,10,43,mmle_i,mmle_i,,,,,False,0.061801300034858286,failure,nan,nan,nan,nan,nan,nan,"{""raw_status"": ""no_root_in_declared_location_domain"", ""solution_info"": {""status"": ""no_root_in_declared_location_domain"", ""location_lower"": 0.0, ""endpoint_constraint_residuals"": [6.947211888110882, 0.9372250781342979], ""grid_size"": 97}}"
2.0,1000.0,1000.0,10,43,mmle_ii,mmle_ii,,,,,False,0.12361670000245795,failure,nan,nan,nan,nan,nan,nan,"{""solution_info"": {""status"": ""no_root_in_declared_location_domain"", ""variant"": ""II"", ""grid_size"": 97}}"
2.0,1000.0,1000.0,10,43,mmle_iii,mmle_iii,0.999999999999998,716.6675387285571,1112.87317827894,nan,True,1.1100026313215494e-05,success,-1.000000000000002,-283.33246127144287,112.87317827894003,-0.500000000000001,-0.28333246127144285,0.11287317827894003,"{""solution_info"": {""status"": ""ok"", ""objective"": 1.8103898684466305e-29, ""roots_found"": 2, ""variant"": ""III"", ""grid_size"": 97, ""strategy"": ""CW_profile_Brent"", ""paper_domain"": false}}"
2.0,1000.0,1000.0,10,43,mmle_iv,mmle_iv,2.0031867948946656,868.8575619379458,1049.064213190575,nan,True,1.0299962013959885e-05,success,0.0031867948946655567,-131.14243806205423,49.06421319057495,0.0015933974473327783,-0.13114243806205422,0.04906421319057495,"{""solution_info"": {""status"": ""ok"", ""objective"": 2.0325494261085132e-27, ""roots_found"": 1, ""variant"": ""IV"", ""grid_size"": 97, ""strategy"": ""CW_profile_Brent"", ""paper_domain"": false}}"
2.0,1000.0,1000.0,10,43,mmle_v,mmle_v,3.446624333998272,1273.426533088621,687.5484291937072,nan,True,9.300012607127428e-06,success,1.446624333998272,273.426533088621,-312.4515708062928,0.723312166999136,0.273426533088621,-0.3124515708062928,"{""solution_info"": {""status"": ""ok"", ""objective"": 1.270201848245218e-30, ""roots_found"": 1, ""variant"": ""V"", ""grid_size"": 97, ""strategy"": ""CW_profile_Brent"", ""paper_domain"": false}}"
2.0,1000.0,1000.0,10,43,wmle_checked,wmle_checked,2.9603152433646045,1226.1770472613018,730.97186681221,0.9247712838903391,True,0.10904289997415617,success,0.9603152433646045,226.17704726130182,-269.02813318779,0.48015762168230225,0.22617704726130183,-0.26902813318779,"{""solution_info"": {""status"": ""ok"", ""objective"": 1.0628458191732228e-22, ""strategy"": ""deterministic_multistart_equation_minimization"", ""start_count"": 5, ""selected_start"": 0, ""location_at_zero_boundary"": false, ""production_status"": ""ok"", ""recovered"": false}}"
2.0,1000.0,1000.0,10,43,mme_i,mme_i,,,,,False,0.022218900034204125,failure,nan,nan,nan,nan,nan,nan,"{""solution_info"": {""status"": ""no_root_in_declared_shape_domain"", ""variant"": ""I""}}"
2.0,1000.0,1000.0,10,43,mme_ii,mme_ii,,,,,False,1.0400020983070135e-05,failure,nan,nan,nan,nan,nan,nan,"{""solution_info"": {""status"": ""no_root_in_declared_shape_domain"", ""variant"": ""II""}}"
2.0,1000.0,1000.0,10,43,mme_iii,mme_iii,3.596659268003579,1444.4835994513135,527.9736705461946,nan,True,9.300012607127428e-06,success,1.5966592680035792,444.48359945131347,-472.0263294538054,0.7983296340017896,0.4444835994513135,-0.47202632945380535,"{""solution_info"": {""status"": ""ok"", ""variant"": ""III"", ""roots_found"": 1, ""candidate_estimates"": [[3.596659268003579, 1.4444835994513134, 0.5279736705461946]], ""sample_moment_shape_initializer"": 4.829217007439675, ""criterion_residual"": -5.0133508455729725e-14, ""strategy"": ""CW_moment_Brent_valid_support_then_sample_skew_initializer""}}"
2.0,1000.0,1000.0,10,43,mmle_i_paper,mmle_i_paper,,,,,False,0.060894599999301136,failure,nan,nan,nan,nan,nan,nan,"{""raw_status"": ""no_root_in_declared_location_domain"", ""solution_info"": {""status"": ""no_root_in_declared_location_domain"", ""location_lower"": -2189.575112393647, ""endpoint_constraint_residuals"": [6.947211888110882, 0.6313220466611211], ""grid_size"": 97}}"
2.0,1000.0,1000.0,10,43,mmle_ii_paper,mmle_ii_paper,,,,,False,0.1325084999552928,failure,nan,nan,nan,nan,nan,nan,"{""solution_info"": {""status"": ""no_root_in_declared_location_domain"", ""variant"": ""II"", ""grid_size"": 97}}"
2.0,1000.0,1000.0,10,43,mmle_iii_paper,mmle_iii_paper,0.9999999999999978,716.667538728557,1112.87317827894,nan,True,1.1400028597563505e-05,success,-1.0000000000000022,-283.332461271443,112.87317827894003,-0.5000000000000011,-0.28333246127144296,0.11287317827894003,"{""solution_info"": {""status"": ""ok"", ""objective"": 1.9721522630525295e-31, ""roots_found"": 2, ""variant"": ""III"", ""grid_size"": 97, ""strategy"": ""CW_profile_Brent"", ""paper_domain"": true}}"
2.0,1000.0,1000.0,10,43,mmle_iv_paper,mmle_iv_paper,2.003186794895047,868.8575619380304,1049.0642131905106,nan,True,9.399955160915852e-06,success,0.0031867948950470293,-131.14243806196964,49.0642131905106,0.0015933974475235146,-0.13114243806196965,0.0490642131905106,"{""solution_info"": {""status"": ""ok"", ""objective"": 1.2081897801525559e-26, ""roots_found"": 1, ""variant"": ""IV"", ""grid_size"": 97, ""strategy"": ""CW_profile_Brent"", ""paper_domain"": true}}"
2.0,1000.0,1000.0,10,43,mmle_v_paper,mmle_v_paper,3.4466243339982654,1273.4265330886192,687.5484291937089,nan,True,9.100011084228754e-06,success,1.4466243339982654,273.4265330886192,-312.4515708062911,0.7233121669991327,0.2734265330886192,-0.3124515708062911,"{""solution_info"": {""status"": ""ok"", ""objective"": 3.5452831699353944e-31, ""roots_found"": 1, ""variant"": ""V"", ""grid_size"": 97, ""strategy"": ""CW_profile_Brent"", ""paper_domain"": true}}"
2.0,1000.0,1000.0,10,44,mle_local,mle_local,2.0630699745022314,694.1914048973504,1143.4281996407406,0.8369257666274248,True,0.11209439998492599,success,0.0630699745022314,-305.80859510264963,143.42819964074056,0.0315349872511157,-0.3058085951026496,0.14342819964074055,"{""solution_info"": {""status"": ""ok"", ""strategy"": ""deterministic_multistart_likelihood"", ""start_count"": 5, ""selected_start"": 4, ""log_likelihood"": -2.164150835853217, ""location_at_zero_boundary"": false}}"
2.0,1000.0,1000.0,10,44,mmle_i,mmle_i,,,,,False,0.06236930005252361,failure,nan,nan,nan,nan,nan,nan,"{""raw_status"": ""no_root_in_declared_location_domain"", ""solution_info"": {""status"": ""no_root_in_declared_location_domain"", ""location_lower"": 0.0, ""endpoint_constraint_residuals"": [6.724915299566337, 0.0857349420550042], ""grid_size"": 97}}"
2.0,1000.0,1000.0,10,44,mmle_ii,mmle_ii,3.9232247589010667,1255.756578826126,621.4829423249658,nan,True,0.14567360002547503,success,1.9232247589010667,255.7565788261261,-378.51705767503415,0.9616123794505333,0.25575657882612607,-0.37851705767503413,"{""solution_info"": {""status"": ""ok"", ""objective"": 1.0159839746698519e-25, ""roots_found"": 1, ""variant"": ""II"", ""grid_size"": 97, ""strategy"": ""CW_profile_Brent"", ""paper_domain"": false}}"
2.0,1000.0,1000.0,10,44,mmle_iii,mmle_iii,0.9999999999999987,505.7171612726187,1253.4421965023114,nan,True,1.090002479031682e-05,success,-1.0000000000000013,-494.2828387273813,253.4421965023114,-0.5000000000000007,-0.4942828387273813,0.25344219650231137,"{""solution_info"": {""status"": ""ok"", ""objective"": 5.0693976706538966e-26, ""roots_found"": 3, ""variant"": ""III"", ""grid_size"": 97, ""strategy"": ""CW_profile_Brent"", ""paper_domain"": false}}"
2.0,1000.0,1000.0,10,44,mmle_iv,mmle_iv,1.688304535869104,603.4417000940057,1215.2598251588245,nan,True,9.800016414374113e-06,success,-0.311695464130896,-396.5582999059943,215.25982515882447,-0.155847732065448,-0.39655829990599434,0.21525982515882447,"{""solution_info"": {""status"": ""ok"", ""objective"": 6.828577210819383e-29, ""roots_found"": 2, ""variant"": ""IV"", ""grid_size"": 97, ""strategy"": ""CW_profile_Brent"", ""paper_domain"": false}}"
2.0,1000.0,1000.0,10,44,mmle_v,mmle_v,,,,,False,8.800008799880743e-06,failure,nan,nan,nan,nan,nan,nan,"{""solution_info"": {""status"": ""no_root_in_declared_location_domain"", ""variant"": ""V"", ""grid_size"": 97}}"
2.0,1000.0,1000.0,10,44,wmle_checked,wmle_checked,1.9265401576457928,710.4544119065295,1128.792983748586,0.9088906987867477,True,0.14866159996017814,success,-0.07345984235420722,-289.54558809347054,128.79298374858604,-0.03672992117710361,-0.28954558809347053,0.12879298374858603,"{""solution_info"": {""status"": ""ok"", ""objective"": 9.019138847398373e-21, ""strategy"": ""deterministic_multistart_equation_minimization"", ""start_count"": 5, ""selected_start"": 0, ""location_at_zero_boundary"": false, ""production_status"": ""ok"", ""recovered"": false}}"
2.0,1000.0,1000.0,10,44,mme_i,mme_i,,,,,False,0.032360500015784055,failure,nan,nan,nan,nan,nan,nan,"{""solution_info"": {""status"": ""no_root_in_declared_shape_domain"", ""variant"": ""I""}}"
2.0,1000.0,1000.0,10,44,mme_ii,mme_ii,3.712034410889644,1211.5685107846973,665.5798097675389,nan,True,1.3399985618889332e-05,success,1.7120344108896441,211.5685107846973,-334.4201902324611,0.8560172054448221,0.21156851078469732,-0.3344201902324611,"{""solution_info"": {""status"": ""ok"", ""variant"": ""II"", ""roots_found"": 1, ""candidate_estimates"": [[3.712034410889644, 1.2115685107846974, 0.6655798097675389]], ""sample_moment_shape_initializer"": 2.5142819182159863, ""criterion_residual"": -5.595524044110789e-14, ""strategy"": ""CW_moment_Brent_valid_support_then_sample_skew_initializer""}}"
2.0,1000.0,1000.0,10,44,mme_iii,mme_iii,11.054211399287547,3139.893872202831,-1240.273578706911,nan,False,1.009996049106121e-05,failure,nan,nan,nan,nan,nan,nan,"{""solution_info"": {""status"": ""location_outside_effective_support"", ""variant"": ""III"", ""roots_found"": 1, ""candidate_estimates"": [[11.054211399287547, 3.139893872202831, -1.240273578706911]], ""sample_moment_shape_initializer"": 2.5142819182159863, ""criterion_residual"": -9.547918011776346e-15, ""strategy"": ""CW_moment_Brent_valid_support_then_sample_skew_initializer""}}"
2.0,1000.0,1000.0,10,44,mmle_i_paper,mmle_i_paper,7.382996104713773,2361.5436738554276,-463.9214315985771,0.0,True,0.08034310000948608,success,5.382996104713773,1361.5436738554276,-1463.921431598577,2.6914980523568866,1.3615436738554276,-1.4639214315985771,"{""solution_info"": {""status"": ""ok"", ""objective"": 3.9492349067626904e-29, ""roots_found"": 1, ""grid_size"": 97, ""strategy"": ""cw_i_profile_brent"", ""paper_domain"": true, ""raw_min_gap"": 1717.6082094810615}}"
2.0,1000.0,1000.0,10,44,mmle_ii_paper,mmle_ii_paper,3.9232247589010623,1255.7565788261252,621.4829423249668,nan,True,0.2009482000139542,success,1.9232247589010623,255.75657882612518,-378.51705767503324,0.9616123794505311,0.2557565788261252,-0.37851705767503324,"{""solution_info"": {""status"": ""ok"", ""objective"": 1.0117418443371468e-25, ""roots_found"": 1, ""variant"": ""II"", ""grid_size"": 97, ""strategy"": ""CW_profile_Brent"", ""paper_domain"": true}}"
2.0,1000.0,1000.0,10,44,mmle_iii_paper,mmle_iii_paper,1.0000000000000016,505.717161272619,1253.4421965023114,nan,True,1.1200027074664831e-05,success,-0.9999999999999984,-494.282838727381,253.4421965023114,-0.4999999999999992,-0.494282838727381,0.25344219650231137,"{""solution_info"": {""status"": ""ok"", ""objective"": 5.159969414871983e-26, ""roots_found"": 3, ""variant"": ""III"", ""grid_size"": 97, ""strategy"": ""CW_profile_Brent"", ""paper_domain"": true}}"
2.0,1000.0,1000.0,10,44,mmle_iv_paper,mmle_iv_paper,1.6883045358691051,603.4417000940058,1215.2598251588245,nan,True,9.700015652924776e-06,success,-0.3116954641308949,-396.5582999059942,215.25982515882447,-0.15584773206544744,-0.3965582999059942,0.21525982515882447,"{""solution_info"": {""status"": ""ok"", ""objective"": 5.877013743896538e-29, ""roots_found"": 2, ""variant"": ""IV"", ""grid_size"": 97, ""strategy"": ""CW_profile_Brent"", ""paper_domain"": true}}"
2.0,1000.0,1000.0,10,44,mmle_v_paper,mmle_v_paper,,,,,False,9.100011084228754e-06,failure,nan,nan,nan,nan,nan,nan,"{""solution_info"": {""status"": ""no_root_in_declared_location_domain"", ""variant"": ""V"", ""grid_size"": 97}}"
2.0,1000.0,1000.0,10,45,mle_local,mle_local,1.7177319736046628,1048.9999054432594,1187.3013426849593,0.8658800226408483,True,0.12497170001734048,success,-0.2822680263953372,48.99990544325942,187.3013426849593,-0.1411340131976686,0.048999905443259426,0.18730134268495932,"{""solution_info"": {""status"": ""ok"", ""strategy"": ""deterministic_multistart_likelihood"", ""start_count"": 5, ""selected_start"": 4, ""log_likelihood"": -7.652269307189205, ""location_at_zero_boundary"": false}}"
2.0,1000.0,1000.0,10,45,mmle_i,mmle_i,,,,,False,0.07777309999801219,failure,nan,nan,nan,nan,nan,nan,"{""raw_status"": ""no_root_in_declared_location_domain"", ""solution_info"": {""status"": ""no_root_in_declared_location_domain"", ""location_lower"": 0.0, ""endpoint_constraint_residuals"": [6.384725096283752, 0.1899536363107055], ""grid_size"": 97}}"
2.0,1000.0,1000.0,10,45,mmle_ii,mmle_ii,3.479480291823561,1893.984618035309,427.4184760428608,nan,True,0.1499076000181958,success,1.479480291823561,893.984618035309,-572.5815239571392,0.7397401459117805,0.893984618035309,-0.5725815239571392,"{""solution_info"": {""status"": ""ok"", ""objective"": 2.0530413207167934e-30, ""roots_found"": 1, ""variant"": ""II"", ""grid_size"": 97, ""strategy"": ""CW_profile_Brent"", ""paper_domain"": false}}"
2.0,1000.0,1000.0,10,45,mmle_iii,mmle_iii,0.9999999999999999,820.4567247822014,1305.2226300276204,nan,True,1.1200027074664831e-05,success,-1.0,-179.54327521779862,305.2226300276204,-0.5,-0.17954327521779861,0.3052226300276204,"{""solution_info"": {""status"": ""ok"", ""objective"": 3.4167815291297066e-25, ""roots_found"": 2, ""variant"": ""III"", ""grid_size"": 97, ""strategy"": ""CW_profile_Brent"", ""paper_domain"": false}}"
2.0,1000.0,1000.0,10,45,mmle_iv,mmle_iv,1.5908052937345958,996.8517699155906,1225.9329572596623,nan,True,1.0300020221620798e-05,success,-0.4091947062654042,-3.1482300844094198,225.93295725966232,-0.2045973531327021,-0.0031482300844094197,0.2259329572596623,"{""solution_info"": {""status"": ""ok"", ""objective"": 3.1554436208840472e-30, ""roots_found"": 1, ""variant"": ""IV"", ""grid_size"": 97, ""strategy"": ""CW_profile_Brent"", ""paper_domain"": false}}"
2.0,1000.0,1000.0,10,45,mmle_v,mmle_v,2.7288929771314834,1522.4426101823944,776.3517931390888,nan,True,9.800016414374113e-06,success,0.7288929771314834,522.4426101823944,-223.64820686091116,0.3644464885657417,0.5224426101823945,-0.22364820686091116,"{""solution_info"": {""status"": ""ok"", ""objective"": 5.368202952817172e-28, ""roots_found"": 1, ""variant"": ""V"", ""grid_size"": 97, ""strategy"": ""CW_profile_Brent"", ""paper_domain"": false}}"
2.0,1000.0,1000.0,10,45,wmle_checked,wmle_checked,1.7212966208246814,1132.5272717792277,1118.8362011442323,0.9663364542818744,True,0.1113364000339061,success,-0.2787033791753186,132.5272717792277,118.83620114423229,-0.1393516895876593,0.1325272717792277,0.1188362011442323,"{""solution_info"": {""status"": ""ok"", ""objective"": 3.826856381826944e-21, ""strategy"": ""deterministic_multistart_equation_minimization"", ""start_count"": 5, ""selected_start"": 0, ""location_at_zero_boundary"": false, ""production_status"": ""ok"", ""recovered"": false}}"
2.0,1000.0,1000.0,10,45,mme_i,mme_i,,,,,False,0.026067800004966557,failure,nan,nan,nan,nan,nan,nan,"{""solution_info"": {""status"": ""no_root_in_declared_shape_domain"", ""variant"": ""I""}}"
2.0,1000.0,1000.0,10,45,mme_ii,mme_ii,2.6145370358414137,1575.1929745104633,726.3419546664884,nan,True,1.2199976481497288e-05,success,0.6145370358414137,575.1929745104633,-273.6580453335116,0.30726851792070686,0.5751929745104633,-0.2736580453335116,"{""solution_info"": {""status"": ""ok"", ""variant"": ""II"", ""roots_found"": 1, ""candidate_estimates"": [[2.6145370358414137, 1.5751929745104634, 0.7263419546664884]], ""sample_moment_shape_initializer"": 3.0961371487649814, ""criterion_residual"": -6.217248937900877e-14, ""strategy"": ""CW_moment_Brent_valid_support_then_sample_skew_initializer""}}"
2.0,1000.0,1000.0,10,45,mme_iii,mme_iii,2.8924691831521216,1718.0747467762867,593.8536606785758,nan,True,9.90001717582345e-06,success,0.8924691831521216,718.0747467762867,-406.1463393214242,0.4462345915760608,0.7180747467762867,-0.4061463393214242,"{""solution_info"": {""status"": ""ok"", ""variant"": ""III"", ""roots_found"": 2, ""candidate_estimates"": [[0.16506534394826647, 2.2695214323070984e-05, 2.1074520951431728], [2.8924691831521216, 1.7180747467762867, 0.5938536606785758]], ""sample_moment_shape_initializer"": 3.0961371487649814, ""criterion_residual"": 3.973210649377279e-14, ""strategy"": ""CW_moment_Brent_valid_support_then_sample_skew_initializer""}}"
2.0,1000.0,1000.0,10,45,mmle_i_paper,mmle_i_paper,7.755358001839894,4052.816182054854,-1686.7533582606611,0.0,True,0.0651371999992989,success,5.755358001839894,3052.816182054854,-2686.753358260661,2.877679000919947,3.052816182054854,-2.686753358260661,"{""solution_info"": {""status"": ""ok"", ""objective"": 1.7727676692579188e-25, ""roots_found"": 1, ""grid_size"": 97, ""strategy"": ""cw_i_profile_brent"", ""paper_domain"": true, ""raw_min_gap"": 2993.1187593388527}}"
2.0,1000.0,1000.0,10,45,mmle_ii_paper,mmle_ii_paper,3.479480291823561,1893.9846180353081,427.4184760428615,nan,True,0.14073370001278818,success,1.479480291823561,893.9846180353081,-572.5815239571384,0.7397401459117805,0.8939846180353082,-0.5725815239571385,"{""solution_info"": {""status"": ""ok"", ""objective"": 5.623715437610729e-32, ""roots_found"": 1, ""variant"": ""II"", ""grid_size"": 97, ""strategy"": ""CW_profile_Brent"", ""paper_domain"": true}}"
2.0,1000.0,1000.0,10,45,mmle_iii_paper,mmle_iii_paper,0.9999999999999954,820.4567247822002,1305.2226300276204,nan,True,1.160003012046218e-05,success,-1.0000000000000044,-179.54327521779976,305.2226300276204,-0.5000000000000022,-0.17954327521779975,0.3052226300276204,"{""solution_info"": {""status"": ""ok"", ""objective"": 3.4271787591432973e-25, ""roots_found"": 3, ""variant"": ""III"", ""grid_size"": 97, ""strategy"": ""CW_profile_Brent"", ""paper_domain"": true}}"
2.0,1000.0,1000.0,10,45,mmle_iv_paper,mmle_iv_paper,1.59080529373459,996.851769915588,1225.9329572596637,nan,True,9.299954399466515e-06,success,-0.40919470626541,-3.1482300844120346,225.93295725966368,-0.204597353132705,-0.0031482300844120343,0.22593295725966367,"{""solution_info"": {""status"": ""ok"", ""objective"": 1.2486189015451327e-29, ""roots_found"": 2, ""variant"": ""IV"", ""grid_size"": 97, ""strategy"": ""CW_profile_Brent"", ""paper_domain"": true}}"
2.0,1000.0,1000.0,10,45,mmle_v_paper,mmle_v_paper,2.7288929771311965,1522.4426101822537,776.3517931392187,nan,True,9.09995287656784e-06,success,0.7288929771311965,522.4426101822537,-223.64820686078133,0.36444648856559825,0.5224426101822537,-0.22364820686078132,"{""solution_info"": {""status"": ""ok"", ""objective"": 5.413069416801616e-30, ""roots_found"": 1, ""variant"": ""V"", ""grid_size"": 97, ""strategy"": ""CW_profile_Brent"", ""paper_domain"": true}}"
2.0,1000.0,1000.0,10,46,mle_local,mle_local,3.147840013004298,1430.581162932112,898.146984850028,0.9066412815025051,True,0.09883249999256805,success,1.147840013004298,430.58116293211197,-101.85301514997195,0.573920006502149,0.43058116293211196,-0.10185301514997196,"{""solution_info"": {""status"": ""ok"", ""strategy"": ""deterministic_multistart_likelihood"", ""start_count"": 5, ""selected_start"": 4, ""log_likelihood"": -6.235848243745375, ""location_at_zero_boundary"": false}}"
2.0,1000.0,1000.0,10,46,mmle_i,mmle_i,,,,,False,0.05111110000871122,failure,nan,nan,nan,nan,nan,nan,"{""raw_status"": ""no_root_in_declared_location_domain"", ""solution_info"": {""status"": ""no_root_in_declared_location_domain"", ""location_lower"": 0.0, ""endpoint_constraint_residuals"": [6.640941461559848, 0.5372724175543881], ""grid_size"": 97}}"
2.0,1000.0,1000.0,10,46,mmle_ii,mmle_ii,,,,,False,0.1331489000003785,failure,nan,nan,nan,nan,nan,nan,"{""solution_info"": {""status"": ""no_root_in_declared_location_domain"", ""variant"": ""II"", ""grid_size"": 97}}"
2.0,1000.0,1000.0,10,46,mmle_iii,mmle_iii,1.0000000000000002,774.2008677675993,1399.7848906368556,nan,True,0.001601399970240891,success,-0.9999999999999998,-225.79913223240067,399.7848906368556,-0.4999999999999999,-0.22579913223240067,0.3997848906368556,"{""solution_info"": {""status"": ""ok"", ""objective"": 1.8345946427046156e-28, ""roots_found"": 2, ""variant"": ""III"", ""grid_size"": 97, ""strategy"": ""CW_profile_Brent"", ""paper_domain"": false}}"
2.0,1000.0,1000.0,10,46,mmle_iv,mmle_iv,1.7964342923144618,947.0269607067147,1323.6477059293416,nan,True,1.1500029359012842e-05,success,-0.20356570768553817,-52.9730392932853,323.64770592934156,-0.10178285384276908,-0.0529730392932853,0.32364770592934156,"{""solution_info"": {""status"": ""ok"", ""objective"": 2.6131017485446016e-30, ""roots_found"": 1, ""variant"": ""IV"", ""grid_size"": 97, ""strategy"": ""CW_profile_Brent"", ""paper_domain"": false}}"
2.0,1000.0,1000.0,10,46,mmle_v,mmle_v,2.3106097837107344,1118.7115826699214,1182.4838770250904,nan,True,1.0000017937272787e-05,success,0.31060978371073444,118.71158266992143,182.48387702509035,0.15530489185536722,0.11871158266992142,0.18248387702509036,"{""solution_info"": {""status"": ""ok"", ""objective"": 9.491280710066257e-31, ""roots_found"": 1, ""variant"": ""V"", ""grid_size"": 97, ""strategy"": ""CW_profile_Brent"", ""paper_domain"": false}}"
2.0,1000.0,1000.0,10,46,wmle_checked,wmle_checked,2.3137411168172957,1214.2720348361308,1095.995248663481,0.939637013459716,True,0.13454800000181422,success,0.31374111681729566,214.27203483613084,95.9952486634811,0.15687055840864783,0.21427203483613083,0.09599524866348111,"{""solution_info"": {""status"": ""ok"", ""objective"": 2.8523882362186896e-22, ""strategy"": ""deterministic_multistart_equation_minimization"", ""start_count"": 5, ""selected_start"": 1, ""location_at_zero_boundary"": false, ""production_status"": ""ok"", ""recovered"": false}}"
2.0,1000.0,1000.0,10,46,mme_i,mme_i,,,,,False,0.03282650001347065,failure,nan,nan,nan,nan,nan,nan,"{""solution_info"": {""status"": ""no_root_in_declared_shape_domain"", ""variant"": ""I""}}"
2.0,1000.0,1000.0,10,46,mme_ii,mme_ii,4.635116591149283,2161.937790565397,197.66630991546918,nan,True,1.2100033927708864e-05,success,2.6351165911492833,1161.9377905653969,-802.3336900845309,1.3175582955746417,1.161937790565397,-0.8023336900845309,"{""solution_info"": {""status"": ""ok"", ""variant"": ""II"", ""roots_found"": 1, ""candidate_estimates"": [[4.635116591149283, 2.1619377905653967, 0.19766630991546918]], ""sample_moment_shape_initializer"": 4.085479427623777, ""criterion_residual"": 6.084022174945858e-14, ""strategy"": ""CW_moment_Brent_valid_support_then_sample_skew_initializer""}}"
2.0,1000.0,1000.0,10,46,mme_iii,mme_iii,2.3525378564780035,1211.3857513760518,1100.4768051809558,nan,True,9.09995287656784e-06,success,0.3525378564780035,211.38575137605176,100.47680518095581,0.17626892823900175,0.21138575137605176,0.10047680518095581,"{""solution_info"": {""status"": ""ok"", ""variant"": ""III"", ""roots_found"": 2, ""candidate_estimates"": [[0.21237723515965862, 0.0005025946064437442, 2.1370123386406426], [2.3525378564780035, 1.2113857513760518, 1.100476805180956]], ""sample_moment_shape_initializer"": 4.085479427623777, ""criterion_residual"": 2.220446049250313e-16, ""strategy"": ""CW_moment_Brent_valid_support_then_sample_skew_initializer""}}"
2.0,1000.0,1000.0,10,46,mmle_i_paper,mmle_i_paper,,,,,False,0.06491539999842644,failure,nan,nan,nan,nan,nan,nan,"{""raw_status"": ""no_root_in_declared_location_domain"", ""solution_info"": {""status"": ""no_root_in_declared_location_domain"", ""location_lower"": -2676.6405299855132, ""endpoint_constraint_residuals"": [6.640941461559848, 0.3152174085547843], ""grid_size"": 97}}"
2.0,1000.0,1000.0,10,46,mmle_ii_paper,mmle_ii_paper,7.4863878038065055,3132.6300994066396,-761.682683364941,nan,True,0.2097568999743089,success,5.4863878038065055,2132.6300994066396,-1761.682683364941,2.7431939019032527,2.1326300994066396,-1.761682683364941,"{""solution_info"": {""status"": ""ok"", ""objective"": 1.0477058897466563e-30, ""roots_found"": 1, ""variant"": ""II"", ""grid_size"": 97, ""strategy"": ""CW_profile_Brent"", ""paper_domain"": true}}"
2.0,1000.0,1000.0,10,46,mmle_iii_paper,mmle_iii_paper,1.0000000000000004,774.2008677675998,1399.7848906368556,nan,True,2.0299979951232672e-05,success,-0.9999999999999996,-225.7991322324002,399.7848906368556,-0.4999999999999998,-0.22579913223240022,0.3997848906368556,"{""solution_info"": {""status"": ""ok"", ""objective"": 2.156055759526304e-28, ""roots_found"": 2, ""variant"": ""III"", ""grid_size"": 97, ""strategy"": ""CW_profile_Brent"", ""paper_domain"": true}}"
2.0,1000.0,1000.0,10,46,mmle_iv_paper,mmle_iv_paper,1.7964342923144667,947.0269607067162,1323.6477059293404,nan,True,1.1699972674250603e-05,success,-0.20356570768553328,-52.97303929328382,323.6477059293404,-0.10178285384276664,-0.05297303929328382,0.32364770592934045,"{""solution_info"": {""status"": ""ok"", ""objective"": 4.437342591868191e-31, ""roots_found"": 1, ""variant"": ""IV"", ""grid_size"": 97, ""strategy"": ""CW_profile_Brent"", ""paper_domain"": true}}"
2.0,1000.0,1000.0,10,46,mmle_v_paper,mmle_v_paper,2.3106097837107455,1118.7115826699248,1182.4838770250874,nan,True,1.1000025551766157e-05,success,0.31060978371074555,118.71158266992484,182.4838770250874,0.15530489185537277,0.11871158266992483,0.1824838770250874,"{""solution_info"": {""status"": ""ok"", ""objective"": 1.232595164407831e-32, ""roots_found"": 1, ""variant"": ""V"", ""grid_size"": 97, ""strategy"": ""CW_profile_Brent"", ""paper_domain"": true}}"
2.0,1000.0,1000.0,10,47,mle_local,mle_local,1.995458600429433,1264.3718370017311,902.2579577460976,0.8394347762960734,True,0.11832710000453517,success,-0.004541399570566984,264.37183700173114,-97.74204225390235,-0.002270699785283492,0.2643718370017311,-0.09774204225390236,"{""solution_info"": {""status"": ""ok"", ""strategy"": ""deterministic_multistart_likelihood"", ""start_count"": 5, ""selected_start"": 1, ""log_likelihood"": -8.383100622069334, ""location_at_zero_boundary"": false}}"
2.0,1000.0,1000.0,10,47,mmle_i,mmle_i,,,,,False,0.058039700030349195,failure,nan,nan,nan,nan,nan,nan,"{""raw_status"": ""no_root_in_declared_location_domain"", ""solution_info"": {""status"": ""no_root_in_declared_location_domain"", ""location_lower"": 0.0, ""endpoint_constraint_residuals"": [6.796873606515934, 0.3501474063341048], ""grid_size"": 97}}"
2.0,1000.0,1000.0,10,47,mmle_ii,mmle_ii,,,,,False,0.11637830000836402,failure,nan,nan,nan,nan,nan,nan,"{""solution_info"": {""status"": ""no_root_in_declared_location_domain"", ""variant"": ""II"", ""grid_size"": 97}}"
2.0,1000.0,1000.0,10,47,mmle_iii,mmle_iii,0.9999999999999946,938.773565703954,1085.6203863006265,nan,True,1.1200027074664831e-05,success,-1.0000000000000053,-61.22643429604602,85.62038630062648,-0.5000000000000027,-0.061226434296046024,0.08562038630062647,"{""solution_info"": {""status"": ""ok"", ""objective"": 1.9939108015653383e-25, ""roots_found"": 2, ""variant"": ""III"", ""grid_size"": 97, ""strategy"": ""CW_profile_Brent"", ""paper_domain"": false}}"
2.0,1000.0,1000.0,10,47,mmle_iv,mmle_iv,1.659849595557396,1112.8278725019845,1020.1137386817862,nan,True,9.600014891475439e-06,success,-0.340150404442604,112.82787250198453,20.11373868178623,-0.170075202221302,0.11282787250198453,0.02011373868178623,"{""solution_info"": {""status"": ""ok"", ""objective"": 1.3668124518601997e-27, ""roots_found"": 1, ""variant"": ""IV"", ""grid_size"": 97, ""strategy"": ""CW_profile_Brent"", ""paper_domain"": false}}"
2.0,1000.0,1000.0,10,47,mmle_v,mmle_v,1.5748459345293495,1081.393487821069,1040.8266796929602,nan,True,9.200011845678091e-06,success,-0.4251540654706505,81.3934878210689,40.82667969296017,-0.21257703273532524,0.08139348782106891,0.04082667969296017,"{""solution_info"": {""status"": ""ok"", ""objective"": 6.923376793995529e-26, ""roots_found"": 1, ""variant"": ""V"", ""grid_size"": 97, ""strategy"": ""CW_profile_Brent"", ""paper_domain"": false}}"
2.0,1000.0,1000.0,10,47,wmle_checked,wmle_checked,1.8762133935963323,1300.1601787512893,870.6622333472527,0.9145160292326662,True,0.12916149996453896,success,-0.12378660640366768,300.1601787512893,-129.3377666527473,-0.06189330320183384,0.3001601787512893,-0.1293377666527473,"{""solution_info"": {""status"": ""ok"", ""objective"": 1.0965186788042371e-21, ""strategy"": ""deterministic_multistart_equation_minimization"", ""start_count"": 5, ""selected_start"": 3, ""location_at_zero_boundary"": false, ""production_status"": ""ok"", ""recovered"": false}}"
2.0,1000.0,1000.0,10,47,mme_i,mme_i,,,,,False,0.035843499994371086,failure,nan,nan,nan,nan,nan,nan,"{""solution_info"": {""status"": ""no_root_in_declared_shape_domain"", ""variant"": ""I""}}"
2.0,1000.0,1000.0,10,47,mme_ii,mme_ii,3.5151131400804836,2169.5269648616877,71.92158762065625,nan,True,1.2999982573091984e-05,success,1.5151131400804836,1169.5269648616877,-928.0784123793437,0.7575565700402418,1.1695269648616877,-0.9280784123793437,"{""solution_info"": {""status"": ""ok"", ""variant"": ""II"", ""roots_found"": 1, ""candidate_estimates"": [[3.5151131400804836, 2.1695269648616877, 0.07192158762065626]], ""sample_moment_shape_initializer"": 2.406922965713889, ""criterion_residual"": 0.0, ""strategy"": ""CW_moment_Brent_valid_support_then_sample_skew_initializer""}}"
2.0,1000.0,1000.0,10,47,mme_iii,mme_iii,1.444496947238736,965.0233243965482,1148.9257944474828,nan,False,9.400013368576765e-06,failure,nan,nan,nan,nan,nan,nan,"{""solution_info"": {""status"": ""location_outside_effective_support"", ""variant"": ""III"", ""roots_found"": 2, ""candidate_estimates"": [[0.3234621271768033, 0.01974485826313204, 1.8913297029819955], [1.444496947238736, 0.9650233243965483, 1.1489257944474827]], ""sample_moment_shape_initializer"": 2.406922965713889, ""criterion_residual"": -5.273559366969494e-16, ""strategy"": ""CW_moment_Brent_valid_support_then_sample_skew_initializer""}}"
2.0,1000.0,1000.0,10,47,mmle_i_paper,mmle_i_paper,7.086596691739401,4242.0253002593645,-1958.4507421684164,0.0,True,0.07126930000958964,success,5.086596691739401,3242.0253002593645,-2958.4507421684166,2.5432983458697005,3.2420253002593644,-2.9584507421684165,"{""solution_info"": {""status"": ""ok"", ""objective"": 2.519030085596996e-27, ""roots_found"": 1, ""grid_size"": 97, ""strategy"": ""cw_i_profile_brent"", ""paper_domain"": true, ""raw_min_gap"": 3044.5149417206103}}"
2.0,1000.0,1000.0,10,47,mmle_ii_paper,mmle_ii_paper,3.7871331785387725,2279.134840992639,-35.184937289264525,nan,True,0.1515279000159353,success,1.7871331785387725,1279.134840992639,-1035.1849372892646,0.8935665892693863,1.279134840992639,-1.0351849372892645,"{""solution_info"": {""status"": ""ok"", ""objective"": 5.238529448733282e-32, ""roots_found"": 1, ""variant"": ""II"", ""grid_size"": 97, ""strategy"": ""CW_profile_Brent"", ""paper_domain"": true}}"
2.0,1000.0,1000.0,10,47,mmle_iii_paper,mmle_iii_paper,0.9999999999999974,938.773565703955,1085.6203863006265,nan,True,1.0699965059757233e-05,success,-1.0000000000000027,-61.226434296045,85.62038630062648,-0.5000000000000013,-0.061226434296045,0.08562038630062647,"{""solution_info"": {""status"": ""ok"", ""objective"": 1.9721574690658032e-25, ""roots_found"": 3, ""variant"": ""III"", ""grid_size"": 97, ""strategy"": ""CW_profile_Brent"", ""paper_domain"": true}}"
2.0,1000.0,1000.0,10,47,mmle_iv_paper,mmle_iv_paper,1.6598495955573969,1112.827872501985,1020.1137386817858,nan,True,9.699957445263863e-06,success,-0.34015040444260314,112.82787250198498,20.113738681785776,-0.17007520222130157,0.11282787250198499,0.020113738681785776,"{""solution_info"": {""status"": ""ok"", ""objective"": 1.3835880720477902e-27, ""roots_found"": 2, ""variant"": ""IV"", ""grid_size"": 97, ""strategy"": ""CW_profile_Brent"", ""paper_domain"": true}}"
2.0,1000.0,1000.0,10,47,mmle_v_paper,mmle_v_paper,1.5748459345293495,1081.393487821069,1040.8266796929602,nan,True,9.500014130026102e-06,success,-0.4251540654706505,81.3934878210689,40.82667969296017,-0.21257703273532524,0.08139348782106891,0.04082667969296017,"{""solution_info"": {""status"": ""ok"", ""objective"": 6.923376793995529e-26, ""roots_found"": 1, ""variant"": ""V"", ""grid_size"": 97, ""strategy"": ""CW_profile_Brent"", ""paper_domain"": true}}"
2.0,1000.0,1000.0,10,48,mle_local,mle_local,,,,,False,4.470196500013117,failure,nan,nan,nan,nan,nan,nan,"{""solution_info"": {""status"": ""unbounded""}}"
2.0,1000.0,1000.0,10,48,mmle_i,mmle_i,1.650630828410419,1263.8230895760703,769.1797155059339,0.0,True,0.06177710002521053,success,-0.34936917158958103,263.8230895760703,-230.82028449406607,-0.17468458579479051,0.2638230895760703,-0.23082028449406608,"{""solution_info"": {""status"": ""ok"", ""objective"": 2.0226405935818387e-26, ""roots_found"": 1, ""grid_size"": 97, ""strategy"": ""cw_i_profile_brent"", ""paper_domain"": false, ""raw_min_gap"": 304.2420765808709}}"
2.0,1000.0,1000.0,10,48,mmle_ii,mmle_ii,1.532279919595735,1177.685806047468,837.4290054132565,nan,True,0.14636140002403408,success,-0.46772008040426494,177.68580604746808,-162.5709945867435,-0.23386004020213247,0.1776858060474681,-0.16257099458674348,"{""solution_info"": {""status"": ""ok"", ""objective"": 1.1419994198238554e-28, ""roots_found"": 1, ""variant"": ""II"", ""grid_size"": 97, ""strategy"": ""CW_profile_Brent"", ""paper_domain"": false}}"
2.0,1000.0,1000.0,10,48,mmle_iii,mmle_iii,0.9999999999999925,832.6346276803613,1058.8726994843032,nan,True,1.109996810555458e-05,success,-1.0000000000000075,-167.3653723196387,58.87269948430321,-0.5000000000000038,-0.16736537231963872,0.05887269948430321,"{""solution_info"": {""status"": ""ok"", ""objective"": 3.316036298249895e-28, ""roots_found"": 2, ""variant"": ""III"", ""grid_size"": 97, ""strategy"": ""CW_profile_Brent"", ""paper_domain"": false}}"
2.0,1000.0,1000.0,10,48,mmle_iv,mmle_iv,1.1431509222107388,911.9335920253517,1021.6686097736437,nan,True,9.800016414374113e-06,success,-0.8568490777892612,-88.06640797464831,21.668609773643652,-0.4284245388946306,-0.08806640797464832,0.02166860977364365,"{""solution_info"": {""status"": ""ok"", ""objective"": 3.13387320550691e-28, ""roots_found"": 1, ""variant"": ""IV"", ""grid_size"": 97, ""strategy"": ""CW_profile_Brent"", ""paper_domain"": false}}"
2.0,1000.0,1000.0,10,48,mmle_v,mmle_v,1.2793043918454234,999.9726828956951,966.9972843931204,nan,True,0.0022134999744594097,success,-0.7206956081545766,-0.027317104304870554,-33.00271560687963,-0.3603478040772883,-2.7317104304870553e-05,-0.03300271560687963,"{""solution_info"": {""status"": ""ok"", ""objective"": 6.474864145391705e-31, ""roots_found"": 1, ""variant"": ""V"", ""grid_size"": 97, ""strategy"": ""CW_profile_Brent"", ""paper_domain"": false}}"
2.0,1000.0,1000.0,10,48,wmle_checked,wmle_checked,1.0332402541878876,908.7882328152875,1021.668291224894,0.9683716491478869,True,0.1339649999863468,success,-0.9667597458121124,-91.21176718471247,21.668291224894006,-0.4833798729060562,-0.09121176718471247,0.021668291224894005,"{""solution_info"": {""status"": ""ok"", ""objective"": 6.234176484115768e-20, ""strategy"": ""deterministic_multistart_equation_minimization"", ""start_count"": 5, ""selected_start"": 3, ""location_at_zero_boundary"": false, ""production_status"": ""ok"", ""recovered"": false}}"
2.0,1000.0,1000.0,10,48,mme_i,mme_i,1.331696827950626,1093.5393152686936,886.2467342157148,nan,True,0.027281699993181974,success,-0.668303172049374,93.5393152686936,-113.75326578428519,-0.334151586024687,0.09353931526869359,-0.11375326578428518,"{""solution_info"": {""status"": ""ok"", ""variant"": ""I"", ""roots_found"": 1, ""candidate_estimates"": [[1.331696827950626, 1.0935393152686936, 0.8862467342157148]], ""sample_moment_shape_initializer"": 1.963367642147107, ""criterion_residual"": 4.440892098500626e-16, ""strategy"": ""CW_moment_Brent_valid_support_then_sample_skew_initializer""}}"
2.0,1000.0,1000.0,10,48,mme_ii,mme_ii,1.3069546999132085,1070.5829569478524,903.7956768720838,nan,True,1.1300027836114168e-05,success,-0.6930453000867915,70.58295694785238,-96.20432312791615,-0.3465226500433958,0.07058295694785238,-0.09620432312791616,"{""solution_info"": {""status"": ""ok"", ""variant"": ""II"", ""roots_found"": 1, ""candidate_estimates"": [[1.3069546999132085, 1.0705829569478524, 0.9037956768720838]], ""sample_moment_shape_initializer"": 1.963367642147107, ""criterion_residual"": 1.9984014443252818e-15, ""strategy"": ""CW_moment_Brent_valid_support_then_sample_skew_initializer""}}"
2.0,1000.0,1000.0,10,48,mme_iii,mme_iii,1.3389032279122404,1100.1802782051207,881.1495179995492,nan,True,9.700015652924776e-06,success,-0.6610967720877596,100.18027820512066,-118.85048200045082,-0.3305483860438798,0.10018027820512065,-0.11885048200045083,"{""solution_info"": {""status"": ""ok"", ""variant"": ""III"", ""roots_found"": 2, ""candidate_estimates"": [[0.3437740805934683, 0.03463650399737124, 1.7059419143267942], [1.3389032279122404, 1.1001802782051207, 0.8811495179995492]], ""sample_moment_shape_initializer"": 1.963367642147107, ""criterion_residual"": 2.0261570199409107e-15, ""strategy"": ""CW_moment_Brent_valid_support_then_sample_skew_initializer""}}"
2.0,1000.0,1000.0,10,48,mmle_i_paper,mmle_i_paper,1.6506308284104174,1263.8230895760692,769.1797155059348,0.0,True,0.07430189999286085,success,-0.3493691715895826,263.82308957606915,-230.82028449406516,-0.1746845857947913,0.26382308957606915,-0.23082028449406516,"{""solution_info"": {""status"": ""ok"", ""objective"": 2.029040227675444e-26, ""roots_found"": 1, ""grid_size"": 97, ""strategy"": ""cw_i_profile_brent"", ""paper_domain"": true, ""raw_min_gap"": 304.24207658087005}}"
2.0,1000.0,1000.0,10,48,mmle_ii_paper,mmle_ii_paper,1.532279919595749,1177.6858060474779,837.4290054132487,nan,True,0.14829919999465346,success,-0.46772008040425095,177.68580604747785,-162.57099458675134,-0.23386004020212547,0.17768580604747786,-0.16257099458675134,"{""solution_info"": {""status"": ""ok"", ""objective"": 1.8242408433235898e-30, ""roots_found"": 1, ""variant"": ""II"", ""grid_size"": 97, ""strategy"": ""CW_profile_Brent"", ""paper_domain"": true}}"
2.0,1000.0,1000.0,10,48,mmle_iii_paper,mmle_iii_paper,0.9999999999999952,832.6346276803621,1058.872699484303,nan,True,1.2599979527294636e-05,success,-1.0000000000000049,-167.3653723196379,58.872699484302984,-0.5000000000000024,-0.1673653723196379,0.05887269948430299,"{""solution_info"": {""status"": ""ok"", ""objective"": 3.275730436373759e-28, ""roots_found"": 3, ""variant"": ""III"", ""grid_size"": 97, ""strategy"": ""CW_profile_Brent"", ""paper_domain"": true}}"
2.0,1000.0,1000.0,10,48,mmle_iv_paper,mmle_iv_paper,1.1431509222107392,911.9335920253517,1021.6686097736434,nan,True,1.810002140700817e-05,success,-0.8568490777892608,-88.06640797464831,21.668609773643425,-0.4284245388946304,-0.08806640797464832,0.021668609773643425,"{""solution_info"": {""status"": ""ok"", ""objective"": 3.1559366589498104e-28, ""roots_found"": 2, ""variant"": ""IV"", ""grid_size"": 97, ""strategy"": ""CW_profile_Brent"", ""paper_domain"": true}}"
2.0,1000.0,1000.0,10,48,mmle_v_paper,mmle_v_paper,1.2793043918452442,999.9726828955743,966.9972843932011,nan,True,1.0600022505968809e-05,success,-0.7206956081547558,-0.027317104425719663,-33.002715606798915,-0.3603478040773779,-2.731710442571966e-05,-0.03300271560679892,"{""solution_info"": {""status"": ""ok"", ""objective"": 2.810165793248356e-27, ""roots_found"": 1, ""variant"": ""V"", ""grid_size"": 97, ""strategy"": ""CW_profile_Brent"", ""paper_domain"": true}}"
2.0,1000.0,1000.0,10,49,mle_local,mle_local,1.594104609818082,610.4321252654062,1263.1692538759398,0.7984549592198618,True,0.1174172000028193,success,-0.405895390181918,-389.56787473459383,263.16925387593983,-0.202947695090959,-0.3895678747345938,0.2631692538759398,"{""solution_info"": {""status"": ""ok"", ""strategy"": ""deterministic_multistart_likelihood"", ""start_count"": 5, ""selected_start"": 0, ""log_likelihood"": -2.594686204225521, ""location_at_zero_boundary"": false}}"
2.0,1000.0,1000.0,10,49,mmle_i,mmle_i,3.1504774605163464,1185.1508029153426,750.0283036190982,0.0,True,0.0827214999590069,success,1.1504774605163464,185.15080291534264,-249.9716963809018,0.5752387302581732,0.18515080291534264,-0.2499716963809018,"{""solution_info"": {""status"": ""ok"", ""objective"": 5.750919258577617e-28, ""roots_found"": 1, ""grid_size"": 97, ""strategy"": ""cw_i_profile_brent"", ""paper_domain"": false, ""raw_min_gap"": 562.0047225231252}}"
2.0,1000.0,1000.0,10,49,mmle_ii,mmle_ii,2.5568066519380914,951.4979290352525,968.7895422321452,nan,True,0.14353890001075342,success,0.5568066519380914,-48.50207096474753,-31.21045776785479,0.2784033259690457,-0.04850207096474753,-0.03121045776785479,"{""solution_info"": {""status"": ""ok"", ""objective"": 1.3620176566706532e-29, ""roots_found"": 1, ""variant"": ""II"", ""grid_size"": 97, ""strategy"": ""CW_profile_Brent"", ""paper_domain"": false}}"
2.0,1000.0,1000.0,10,49,mmle_iii,mmle_iii,1.000000000000003,500.84566268488874,1311.6331966176929,nan,True,1.190003240481019e-05,success,-0.9999999999999969,-499.15433731511126,311.6331966176929,-0.49999999999999845,-0.4991543373151113,0.3116331966176929,"{""solution_info"": {""status"": ""ok"", ""objective"": 2.1430985427505234e-30, ""roots_found"": 3, ""variant"": ""III"", ""grid_size"": 97, ""strategy"": ""CW_profile_Brent"", ""paper_domain"": false}}"
2.0,1000.0,1000.0,10,49,mmle_iv,mmle_iv,1.4369848957914866,570.5883923717206,1289.829431534913,nan,True,9.90001717582345e-06,success,-0.5630151042085134,-429.4116076282794,289.82943153491306,-0.2815075521042567,-0.4294116076282794,0.28982943153491303,"{""solution_info"": {""status"": ""ok"", ""objective"": 5.30435003051266e-27, ""roots_found"": 2, ""variant"": ""IV"", ""grid_size"": 97, ""strategy"": ""CW_profile_Brent"", ""paper_domain"": false}}"
2.0,1000.0,1000.0,10,49,mmle_v,mmle_v,2.1805638463903727,808.503867951399,1098.3112781296263,nan,True,1.0000017937272787e-05,success,0.1805638463903727,-191.496132048601,98.31127812962632,0.09028192319518635,-0.191496132048601,0.09831127812962631,"{""solution_info"": {""status"": ""ok"", ""objective"": 2.732702010331787e-27, ""roots_found"": 1, ""variant"": ""V"", ""grid_size"": 97, ""strategy"": ""CW_profile_Brent"", ""paper_domain"": false}}"
2.0,1000.0,1000.0,10,49,wmle_checked,wmle_checked,1.5752072407306315,649.9727532938105,1232.378638540411,0.9199949560105318,True,0.14992399996845052,success,-0.42479275926936855,-350.02724670618954,232.37863854041098,-0.21239637963468427,-0.35002724670618957,0.23237863854041096,"{""solution_info"": {""status"": ""ok"", ""objective"": 4.062435559767314e-21, ""strategy"": ""deterministic_multistart_equation_minimization"", ""start_count"": 5, ""selected_start"": 3, ""location_at_zero_boundary"": false, ""production_status"": ""ok"", ""recovered"": false}}"
2.0,1000.0,1000.0,10,49,mme_i,mme_i,3.5550196528960734,1302.3286346173873,639.7374817006496,nan,True,0.03566930000670254,success,1.5550196528960734,302.32863461738725,-360.2625182993504,0.7775098264480367,0.30232863461738724,-0.3602625182993504,"{""solution_info"": {""status"": ""ok"", ""variant"": ""I"", ""roots_found"": 1, ""candidate_estimates"": [[3.5550196528960734, 1.3023286346173872, 0.6397374817006496]], ""sample_moment_shape_initializer"": 1.6713620251738823, ""criterion_residual"": 2.220446049250313e-16, ""strategy"": ""CW_moment_Brent_valid_support_then_sample_skew_initializer""}}"
2.0,1000.0,1000.0,10,49,mme_ii,mme_ii,2.2772067261586777,888.0118471932976,1025.8587832350836,nan,True,1.2200034689158201e-05,success,0.2772067261586777,-111.98815280670237,25.858783235083592,0.13860336307933885,-0.11198815280670238,0.02585878323508359,"{""solution_info"": {""status"": ""ok"", ""variant"": ""II"", ""roots_found"": 1, ""candidate_estimates"": [[2.2772067261586777, 0.8880118471932976, 1.0258587832350836]], ""sample_moment_shape_initializer"": 1.6713620251738823, ""criterion_residual"": -8.881784197001252e-16, ""strategy"": ""CW_moment_Brent_valid_support_then_sample_skew_initializer""}}"
2.0,1000.0,1000.0,10,49,mme_iii,mme_iii,2.273859909136608,886.8544721266783,1026.895018476651,nan,True,9.7999582067132e-06,success,0.27385990913660807,-113.14552787332173,26.895018476651103,0.13692995456830404,-0.11314552787332173,0.026895018476651104,"{""solution_info"": {""status"": ""ok"", ""variant"": ""III"", ""roots_found"": 2, ""candidate_estimates"": [[0.21965712914922783, 0.00054145498193828, 1.7816251992804781], [2.273859909136608, 0.8868544721266782, 1.0268950184766512]], ""sample_moment_shape_initializer"": 1.6713620251738823, ""criterion_residual"": -5.551115123125783e-17, ""strategy"": ""CW_moment_Brent_valid_support_then_sample_skew_initializer""}}"
2.0,1000.0,1000.0,10,49,mmle_i_paper,mmle_i_paper,3.1504774605164285,1185.1508029153747,750.0283036190676,0.0,True,0.07741130003705621,success,1.1504774605164285,185.1508029153747,-249.97169638093237,0.5752387302582143,0.1851508029153747,-0.24997169638093236,"{""solution_info"": {""status"": ""ok"", ""objective"": 1.5777218104420236e-30, ""roots_found"": 1, ""grid_size"": 97, ""strategy"": ""cw_i_profile_brent"", ""paper_domain"": true, ""raw_min_gap"": 562.0047225231559}}"
2.0,1000.0,1000.0,10,49,mmle_ii_paper,mmle_ii_paper,2.5568066519382624,951.4979290353187,968.7895422320843,nan,True,0.16019139997661114,success,0.5568066519382624,-48.50207096468125,-31.210457767915727,0.2784033259691312,-0.04850207096468125,-0.031210457767915728,"{""solution_info"": {""status"": ""ok"", ""objective"": 2.3717596153535483e-27, ""roots_found"": 1, ""variant"": ""II"", ""grid_size"": 97, ""strategy"": ""CW_profile_Brent"", ""paper_domain"": true}}"
2.0,1000.0,1000.0,10,49,mmle_iii_paper,mmle_iii_paper,1.0000000000000016,500.8456626848886,1311.6331966176929,nan,True,1.1999974958598614e-05,success,-0.9999999999999984,-499.1543373151114,311.6331966176929,-0.4999999999999992,-0.4991543373151114,0.3116331966176929,"{""solution_info"": {""status"": ""ok"", ""objective"": 2.4158865222393487e-30, ""roots_found"": 3, ""variant"": ""III"", ""grid_size"": 97, ""strategy"": ""CW_profile_Brent"", ""paper_domain"": true}}"
2.0,1000.0,1000.0,10,49,mmle_iv_paper,mmle_iv_paper,1.4369848957915905,570.5883923717439,1289.8294315348992,nan,True,1.2400036212056875e-05,success,-0.5630151042084095,-429.4116076282561,289.8294315348992,-0.28150755210420475,-0.4294116076282561,0.2898294315348992,"{""solution_info"": {""status"": ""ok"", ""objective"": 1.9721522630525295e-31, ""roots_found"": 2, ""variant"": ""IV"", ""grid_size"": 97, ""strategy"": ""CW_profile_Brent"", ""paper_domain"": true}}"
2.0,1000.0,1000.0,10,49,mmle_v_paper,mmle_v_paper,2.1805638463904335,808.503867951422,1098.3112781296059,nan,True,1.0299962013959885e-05,success,0.18056384639043355,-191.49613204857803,98.31127812960585,0.09028192319521677,-0.19149613204857804,0.09831127812960586,"{""solution_info"": {""status"": ""ok"", ""objective"": 2.7580409968839994e-27, ""roots_found"": 1, ""variant"": ""V"", ""grid_size"": 97, ""strategy"": ""CW_profile_Brent"", ""paper_domain"": true}}"
2.0,1000.0,1000.0,10,50,mle_local,mle_local,1.4027392639736034,785.8439912195856,1300.923047455997,0.7880533340723797,True,0.09301549999509007,success,-0.5972607360263966,-214.15600878041437,300.923047455997,-0.2986303680131983,-0.21415600878041438,0.300923047455997,"{""solution_info"": {""status"": ""ok"", ""strategy"": ""deterministic_multistart_likelihood"", ""start_count"": 5, ""selected_start"": 0, ""log_likelihood"": -5.998328761231556, ""location_at_zero_boundary"": false}}"
2.0,1000.0,1000.0,10,50,mmle_i,mmle_i,3.985208972029221,1932.6369457955655,272.5295602776239,0.0,True,0.05840070004342124,success,1.9852089720292212,932.6369457955655,-727.4704397223761,0.9926044860146106,0.9326369457955654,-0.7274704397223761,"{""solution_info"": {""status"": ""ok"", ""objective"": 8.38164711797325e-31, ""roots_found"": 1, ""grid_size"": 97, ""strategy"": ""cw_i_profile_brent"", ""paper_domain"": false, ""raw_min_gap"": 1071.4893863409861}}"
2.0,1000.0,1000.0,10,50,mmle_ii,mmle_ii,2.682459327129939,1331.7589099893348,842.1645147847281,nan,True,0.13654630002565682,success,0.6824593271299388,331.7589099893348,-157.8354852152719,0.3412296635649694,0.3317589099893348,-0.15783548521527188,"{""solution_info"": {""status"": ""ok"", ""objective"": 4.707576755712964e-27, ""roots_found"": 1, ""variant"": ""II"", ""grid_size"": 97, ""strategy"": ""CW_profile_Brent"", ""paper_domain"": false}}"
2.0,1000.0,1000.0,10,50,mmle_iii,mmle_iii,1.0000000000000004,678.818013976793,1342.6062826571438,nan,True,1.1300027836114168e-05,success,-0.9999999999999996,-321.18198602320695,342.60628265714377,-0.4999999999999998,-0.32118198602320697,0.34260628265714377,"{""solution_info"": {""status"": ""ok"", ""objective"": 9.636362420493758e-31, ""roots_found"": 2, ""variant"": ""III"", ""grid_size"": 97, ""strategy"": ""CW_profile_Brent"", ""paper_domain"": false}}"
2.0,1000.0,1000.0,10,50,mmle_iv,mmle_iv,1.4670441454762946,808.5290286710953,1286.1521139836177,nan,True,9.700015652924776e-06,success,-0.5329558545237054,-191.47097132890474,286.1521139836177,-0.2664779272618527,-0.19147097132890473,0.28615211398361773,"{""solution_info"": {""status"": ""ok"", ""objective"": 5.3367426314332975e-27, ""roots_found"": 1, ""variant"": ""IV"", ""grid_size"": 97, ""strategy"": ""CW_profile_Brent"", ""paper_domain"": false}}"
2.0,1000.0,1000.0,10,50,mmle_v,mmle_v,2.098438972972018,1069.521863789185,1077.7366146701481,nan,True,9.400013368576765e-06,success,0.09843897297201787,69.52186378918509,77.73661467014813,0.049219486486008934,0.0695218637891851,0.07773661467014813,"{""solution_info"": {""status"": ""ok"", ""objective"": 1.0131102370492446e-26, ""roots_found"": 1, ""variant"": ""V"", ""grid_size"": 97, ""strategy"": ""CW_profile_Brent"", ""paper_domain"": false}}"
2.0,1000.0,1000.0,10,50,wmle_checked,wmle_checked,1.4931012907154715,879.5645861168855,1232.9990291365443,0.9550615164913941,True,0.18554239999502897,success,-0.5068987092845285,-120.4354138831145,232.99902913654432,-0.25344935464226426,-0.1204354138831145,0.23299902913654433,"{""solution_info"": {""status"": ""ok"", ""objective"": 1.782100474759832e-20, ""strategy"": ""deterministic_multistart_equation_minimization"", ""start_count"": 5, ""selected_start"": 3, ""location_at_zero_boundary"": false, ""production_status"": ""ok"", ""recovered"": false}}"
2.0,1000.0,1000.0,10,50,mme_i,mme_i,2.8539976538169434,1497.7778485416031,686.735952171624,nan,True,0.03557219996582717,success,0.8539976538169434,497.77784854160313,-313.26404782837596,0.4269988269084717,0.4977778485416031,-0.31326404782837597,"{""solution_info"": {""status"": ""ok"", ""variant"": ""I"", ""roots_found"": 1, ""candidate_estimates"": [[2.8539976538169434, 1.4977778485416031, 0.6867359521716241]], ""sample_moment_shape_initializer"": 2.6546689369888883, ""criterion_residual"": 1.3322676295501878e-15, ""strategy"": ""CW_moment_Brent_valid_support_then_sample_skew_initializer""}}"
2.0,1000.0,1000.0,10,50,mme_ii,mme_ii,2.119490149370954,1154.4054826526974,999.0280148839076,nan,True,1.209997572004795e-05,success,0.11949014937095415,154.4054826526974,-0.9719851160923554,0.05974507468547707,0.1544054826526974,-0.0009719851160923554,"{""solution_info"": {""status"": ""ok"", ""variant"": ""II"", ""roots_found"": 1, ""candidate_estimates"": [[2.119490149370954, 1.1544054826526975, 0.9990280148839077]], ""sample_moment_shape_initializer"": 2.6546689369888883, ""criterion_residual"": 1.3988810110276972e-14, ""strategy"": ""CW_moment_Brent_valid_support_then_sample_skew_initializer""}}"
2.0,1000.0,1000.0,10,50,mme_iii,mme_iii,2.2195930829103623,1203.2012215184602,955.8017218616151,nan,True,9.7999582067132e-06,success,0.21959308291036228,203.20122151846022,-44.19827813838492,0.10979654145518114,0.2032012215184602,-0.04419827813838492,"{""solution_info"": {""status"": ""ok"", ""variant"": ""III"", ""roots_found"": 2, ""candidate_estimates"": [[0.22481366350944978, 0.0009499866636893028, 1.9756736709064098], [2.2195930829103623, 1.2032012215184602, 0.955801721861615]], ""sample_moment_shape_initializer"": 2.6546689369888883, ""criterion_residual"": -3.347322419244847e-14, ""strategy"": ""CW_moment_Brent_valid_support_then_sample_skew_initializer""}}"
2.0,1000.0,1000.0,10,50,mmle_i_paper,mmle_i_paper,3.9852089720292265,1932.6369457955684,272.52956027762144,0.0,True,0.06190620001871139,success,1.9852089720292265,932.6369457955684,-727.4704397223786,0.9926044860146133,0.9326369457955684,-0.7274704397223786,"{""solution_info"": {""status"": ""ok"", ""objective"": 3.3526588471893e-30, ""roots_found"": 1, ""grid_size"": 97, ""strategy"": ""cw_i_profile_brent"", ""paper_domain"": true, ""raw_min_gap"": 1071.4893863409886}}"
2.0,1000.0,1000.0,10,50,mmle_ii_paper,mmle_ii_paper,2.682459327129636,1331.7589099891964,842.1645147848554,nan,True,0.14098019996890798,success,0.682459327129636,331.75890998919635,-157.83548521514456,0.341229663564818,0.3317589099891963,-0.15783548521514457,"{""solution_info"": {""status"": ""ok"", ""objective"": 3.732298157826912e-28, ""roots_found"": 1, ""variant"": ""II"", ""grid_size"": 97, ""strategy"": ""CW_profile_Brent"", ""paper_domain"": true}}"
2.0,1000.0,1000.0,10,50,mmle_iii_paper,mmle_iii_paper,0.9999999999999983,678.8180139767926,1342.6062826571438,nan,True,1.160003012046218e-05,success,-1.0000000000000018,-321.1819860232074,342.60628265714377,-0.5000000000000009,-0.3211819860232074,0.34260628265714377,"{""solution_info"": {""status"": ""ok"", ""objective"": 0.0, ""roots_found"": 3, ""variant"": ""III"", ""grid_size"": 97, ""strategy"": ""CW_profile_Brent"", ""paper_domain"": true}}"
2.0,1000.0,1000.0,10,50,mmle_iv_paper,mmle_iv_paper,1.467044145476292,808.529028671094,1286.1521139836186,nan,True,9.700015652924776e-06,success,-0.5329558545237081,-191.470971328906,286.1521139836186,-0.26647792726185404,-0.19147097132890598,0.2861521139836186,"{""solution_info"": {""status"": ""ok"", ""objective"": 5.401823656114031e-27, ""roots_found"": 2, ""variant"": ""IV"", ""grid_size"": 97, ""strategy"": ""CW_profile_Brent"", ""paper_domain"": true}}"
2.0,1000.0,1000.0,10,50,mmle_v_paper,mmle_v_paper,2.098438972972554,1069.5218637894213,1077.7366146699433,nan,True,1.2999982573091984e-05,success,0.09843897297255388,69.52186378942133,77.73661466994326,0.04921948648627694,0.06952186378942134,0.07773661466994326,"{""solution_info"": {""status"": ""ok"", ""objective"": 9.707863501093357e-27, ""roots_found"": 1, ""variant"": ""V"", ""grid_size"": 97, ""strategy"": ""CW_profile_Brent"", ""paper_domain"": true}}"
2.0,1000.0,1000.0,10,51,mle_local,mle_local,1.5136544975533601,561.277652351101,1220.222253925286,0.8165554674949072,True,0.10330499999690801,success,-0.4863455024466399,-438.722347648899,220.22225392528594,-0.24317275122331994,-0.438722347648899,0.22022225392528594,"{""solution_info"": {""status"": ""ok"", ""strategy"": ""deterministic_multistart_likelihood"", ""start_count"": 5, ""selected_start"": 1, ""log_likelihood"": -2.150355329786332, ""location_at_zero_boundary"": false}}"
2.0,1000.0,1000.0,10,51,mmle_i,mmle_i,3.929759530577951,1318.9994743011898,534.833306086934,0.0,True,0.06718250003177673,success,1.9297595305779511,318.9994743011898,-465.16669391306596,0.9648797652889756,0.3189994743011898,-0.465166693913066,"{""solution_info"": {""status"": ""ok"", ""objective"": 3.880024688281191e-27, ""roots_found"": 1, ""grid_size"": 97, ""strategy"": ""cw_i_profile_brent"", ""paper_domain"": false, ""raw_min_gap"": 725.2165926044089}}"
2.0,1000.0,1000.0,10,51,mmle_ii,mmle_ii,2.742338496286314,932.4552909138149,901.7454104355003,nan,True,0.19093430001521483,success,0.742338496286314,-67.5447090861851,-98.25458956449972,0.371169248143157,-0.0675447090861851,-0.09825458956449973,"{""solution_info"": {""status"": ""ok"", ""objective"": 1.0162352700089956e-26, ""roots_found"": 1, ""variant"": ""II"", ""grid_size"": 97, ""strategy"": ""CW_profile_Brent"", ""paper_domain"": false}}"
2.0,1000.0,1000.0,10,51,mmle_iii,mmle_iii,1.0000000000000022,469.1370153178468,1259.4163207311087,nan,True,1.1699972674250603e-05,success,-0.9999999999999978,-530.8629846821532,259.4163207311087,-0.4999999999999989,-0.5308629846821532,0.2594163207311087,"{""solution_info"": {""status"": ""ok"", ""objective"": 1.7749370367472766e-30, ""roots_found"": 3, ""variant"": ""III"", ""grid_size"": 97, ""strategy"": ""CW_profile_Brent"", ""paper_domain"": false}}"
2.0,1000.0,1000.0,10,51,mmle_iv,mmle_iv,1.4654829700061374,549.6624539393439,1228.00830770685,nan,True,9.700015652924776e-06,success,-0.5345170299938626,-450.3375460606561,228.00830770685002,-0.2672585149969313,-0.4503375460606561,0.22800830770685002,"{""solution_info"": {""status"": ""ok"", ""objective"": 3.5996235864823162e-25, ""roots_found"": 2, ""variant"": ""IV"", ""grid_size"": 97, ""strategy"": ""CW_profile_Brent"", ""paper_domain"": false}}"
2.0,1000.0,1000.0,10,51,mmle_v,mmle_v,1.226414031324638,501.893829491308,1253.203421979022,nan,True,9.500014130026102e-06,success,-0.7735859686753619,-498.106170508692,253.2034219790221,-0.38679298433768095,-0.498106170508692,0.25320342197902207,"{""solution_info"": {""status"": ""ok"", ""objective"": 1.7038893591183726e-30, ""roots_found"": 1, ""variant"": ""V"", ""grid_size"": 97, ""strategy"": ""CW_profile_Brent"", ""paper_domain"": false}}"
2.0,1000.0,1000.0,10,51,wmle_checked,wmle_checked,1.5388219577493567,610.0527525185204,1183.1965534004005,0.9521899150991605,True,0.19681210000999272,success,-0.4611780422506433,-389.9472474814796,183.1965534004005,-0.23058902112532165,-0.38994724748147963,0.1831965534004005,"{""solution_info"": {""status"": ""ok"", ""objective"": 5.152567869509179e-21, ""strategy"": ""deterministic_multistart_equation_minimization"", ""start_count"": 5, ""selected_start"": 0, ""location_at_zero_boundary"": false, ""production_status"": ""ok"", ""recovered"": false}}"
2.0,1000.0,1000.0,10,51,mme_i,mme_i,3.271137358512531,1144.9694250723744,701.9491353613691,nan,True,0.04270709998672828,success,1.2711373585125312,144.9694250723744,-298.05086463863086,0.6355686792562656,0.1449694250723744,-0.29805086463863084,"{""solution_info"": {""status"": ""ok"", ""variant"": ""I"", ""roots_found"": 1, ""candidate_estimates"": [[3.271137358512531, 1.1449694250723743, 0.7019491353613692]], ""sample_moment_shape_initializer"": 2.3919590458219355, ""criterion_residual"": 6.661338147750939e-16, ""strategy"": ""CW_moment_Brent_valid_support_then_sample_skew_initializer""}}"
2.0,1000.0,1000.0,10,51,mme_ii,mme_ii,2.2233795843307065,820.1389518878317,1002.1859949598788,nan,True,1.2199976481497288e-05,success,0.22337958433070648,-179.8610481121683,2.185994959878826,0.11168979216535324,-0.1798610481121683,0.0021859949598788263,"{""solution_info"": {""status"": ""ok"", ""variant"": ""II"", ""roots_found"": 1, ""candidate_estimates"": [[2.2233795843307065, 0.8201389518878317, 1.0021859949598788]], ""sample_moment_shape_initializer"": 2.3919590458219355, ""criterion_residual"": 5.440092820663267e-14, ""strategy"": ""CW_moment_Brent_valid_support_then_sample_skew_initializer""}}"
2.0,1000.0,1000.0,10,51,mme_iii,mme_iii,1.0339749400753915,361.78278416192074,1371.6366167717736,nan,False,9.599956683814526e-06,failure,nan,nan,nan,nan,nan,nan,"{""solution_info"": {""status"": ""location_outside_effective_support"", ""variant"": ""III"", ""roots_found"": 2, ""candidate_estimates"": [[0.4245821186204012, 0.04258833529875056, 1.6074800083563812], [1.0339749400753915, 0.3617827841619207, 1.3716366167717735]], ""sample_moment_shape_initializer"": 2.3919590458219355, ""criterion_residual"": 2.7755575615628914e-16, ""strategy"": ""CW_moment_Brent_valid_support_then_sample_skew_initializer""}}"
2.0,1000.0,1000.0,10,51,mmle_i_paper,mmle_i_paper,3.929759530577948,1318.999474301189,534.8333060869353,0.0,True,0.08611580001888797,success,1.929759530577948,318.9994743011889,-465.1666939130647,0.964879765288974,0.3189994743011889,-0.4651666939130647,"{""solution_info"": {""status"": ""ok"", ""objective"": 3.811184248349013e-27, ""roots_found"": 1, ""grid_size"": 97, ""strategy"": ""cw_i_profile_brent"", ""paper_domain"": true, ""raw_min_gap"": 725.2165926044077}}"
2.0,1000.0,1000.0,10,51,mmle_ii_paper,mmle_ii_paper,2.742338496285862,932.4552909136694,901.7454104356351,nan,True,0.18834630004130304,success,0.7423384962858619,-67.54470908633061,-98.25458956436489,0.37116924814293095,-0.06754470908633062,-0.09825458956436489,"{""solution_info"": {""status"": ""ok"", ""objective"": 6.075831343915521e-28, ""roots_found"": 1, ""variant"": ""II"", ""grid_size"": 97, ""strategy"": ""CW_profile_Brent"", ""paper_domain"": true}}"
2.0,1000.0,1000.0,10,51,mmle_iii_paper,mmle_iii_paper,1.0000000000000038,469.13701531784704,1259.4163207311087,nan,True,1.3899989426136017e-05,success,-0.9999999999999962,-530.862984682153,259.4163207311087,-0.4999999999999981,-0.530862984682153,0.2594163207311087,"{""solution_info"": {""status"": ""ok"", ""objective"": 1.6462415525433458e-30, ""roots_found"": 3, ""variant"": ""III"", ""grid_size"": 97, ""strategy"": ""CW_profile_Brent"", ""paper_domain"": true}}"
2.0,1000.0,1000.0,10,51,mmle_iv_paper,mmle_iv_paper,1.4654829700061356,549.6624539393435,1228.0083077068502,nan,True,9.700015652924776e-06,success,-0.5345170299938644,-450.33754606065645,228.00830770685025,-0.2672585149969322,-0.45033754606065646,0.22800830770685024,"{""solution_info"": {""status"": ""ok"", ""objective"": 3.594249471565498e-25, ""roots_found"": 2, ""variant"": ""IV"", ""grid_size"": 97, ""strategy"": ""CW_profile_Brent"", ""paper_domain"": true}}"
2.0,1000.0,1000.0,10,51,mmle_v_paper,mmle_v_paper,1.2264140313246337,501.89382949130743,1253.2034219790223,nan,True,9.800016414374113e-06,success,-0.7735859686753663,-498.10617050869257,253.20342197902232,-0.38679298433768317,-0.49810617050869255,0.25320342197902235,"{""solution_info"": {""status"": ""ok"", ""objective"": 4.2597233977959315e-31, ""roots_found"": 1, ""variant"": ""V"", ""grid_size"": 97, ""strategy"": ""CW_profile_Brent"", ""paper_domain"": true}}"
2.0,1000.0,1000.0,10,52,mle_local,mle_local,,,,,False,0.244780000008177,failure,nan,nan,nan,nan,nan,nan,"{""solution_info"": {""status"": ""unbounded""}}"
2.0,1000.0,1000.0,10,52,mmle_i,mmle_i,1.0679709291207233,314.0802494665738,1738.301447560995,0.0,True,0.07513980002840981,success,-0.9320290708792767,-685.9197505334262,738.301447560995,-0.46601453543963833,-0.6859197505334261,0.738301447560995,"{""solution_info"": {""status"": ""ok"", ""objective"": 7.58782871500099e-25, ""roots_found"": 1, ""grid_size"": 97, ""strategy"": ""cw_i_profile_brent"", ""paper_domain"": false, ""raw_min_gap"": 34.765823332909655}}"
2.0,1000.0,1000.0,10,52,mmle_ii,mmle_ii,1.0729447746796306,315.9263568524958,1737.1134463416554,nan,True,0.14661170000908896,success,-0.9270552253203694,-684.0736431475042,737.1134463416554,-0.4635276126601847,-0.6840736431475042,0.7371134463416554,"{""solution_info"": {""status"": ""ok"", ""objective"": 7.79035889165517e-25, ""roots_found"": 1, ""variant"": ""II"", ""grid_size"": 97, ""strategy"": ""CW_profile_Brent"", ""paper_domain"": false}}"
2.0,1000.0,1000.0,10,52,mmle_iii,mmle_iii,0.833300428924691,246.4989973107193,1771.4244302069096,nan,True,1.1699972674250603e-05,success,-1.166699571075309,-753.5010026892808,771.4244302069096,-0.5833497855376545,-0.7535010026892808,0.7714244302069097,"{""solution_info"": {""status"": ""ok"", ""objective"": 1.989941569503329e-25, ""roots_found"": 3, ""variant"": ""III"", ""grid_size"": 97, ""strategy"": ""CW_profile_Brent"", ""paper_domain"": false}}"
2.0,1000.0,1000.0,10,52,mmle_iv,mmle_iv,0.7654096322559528,234.79942641268676,1772.741512905318,nan,True,9.999959729611874e-06,success,-1.234590367744047,-765.2005735873132,772.7415129053179,-0.6172951838720235,-0.7652005735873132,0.7727415129053179,"{""solution_info"": {""status"": ""ok"", ""objective"": 2.8400225183120833e-28, ""roots_found"": 2, ""variant"": ""IV"", ""grid_size"": 97, ""strategy"": ""CW_profile_Brent"", ""paper_domain"": false}}"
2.0,1000.0,1000.0,10,52,mmle_v,mmle_v,0.8033373532744554,241.09416990288096,1772.2325025261473,nan,True,9.200011845678091e-06,success,-1.1966626467255446,-758.9058300971191,772.2325025261473,-0.5983313233627723,-0.7589058300971191,0.7722325025261473,"{""solution_info"": {""status"": ""ok"", ""objective"": 1.2129525278678278e-26, ""roots_found"": 1, ""variant"": ""V"", ""grid_size"": 97, ""strategy"": ""CW_profile_Brent"", ""paper_domain"": false}}"
2.0,1000.0,1000.0,10,52,wmle_checked,wmle_checked,0.8430005964960063,265.19550328059955,1765.3016776152147,0.9184445141604458,True,0.18714930000714958,success,-1.1569994035039937,-734.8044967194005,765.3016776152147,-0.5784997017519968,-0.7348044967194005,0.7653016776152146,"{""solution_info"": {""status"": ""ok"", ""objective"": 1.0662565510024698e-18, ""strategy"": ""deterministic_multistart_equation_minimization"", ""start_count"": 5, ""selected_start"": 3, ""location_at_zero_boundary"": false, ""production_status"": ""ok"", ""recovered"": false}}"
2.0,1000.0,1000.0,10,52,mme_i,mme_i,0.7835687445103154,245.290546853101,1760.853608645766,nan,True,0.03913359995931387,success,-1.2164312554896846,-754.709453146899,760.8536086457659,-0.6082156277448423,-0.754709453146899,0.7608536086457659,"{""solution_info"": {""status"": ""ok"", ""variant"": ""I"", ""roots_found"": 1, ""candidate_estimates"": [[0.7835687445103154, 0.245290546853101, 1.760853608645766]], ""sample_moment_shape_initializer"": 1.0175180685530454, ""criterion_residual"": -2.4424906541753444e-15, ""strategy"": ""CW_moment_Brent_valid_support_then_sample_skew_initializer""}}"
2.0,1000.0,1000.0,10,52,mme_ii,mme_ii,0.7922433759136092,250.27655880034584,1757.454711878946,nan,True,1.2599979527294636e-05,success,-1.2077566240863908,-749.7234411996542,757.454711878946,-0.6038783120431954,-0.7497234411996542,0.757454711878946,"{""solution_info"": {""status"": ""ok"", ""variant"": ""II"", ""roots_found"": 1, ""candidate_estimates"": [[0.7922433759136092, 0.2502765588003458, 1.757454711878946]], ""sample_moment_shape_initializer"": 1.0175180685530454, ""criterion_residual"": -1.1102230246251565e-16, ""strategy"": ""CW_moment_Brent_valid_support_then_sample_skew_initializer""}}"
2.0,1000.0,1000.0,10,52,mme_iii,mme_iii,0.9254946008819759,324.4473465261423,1706.6537675687837,nan,True,9.499955922365189e-06,success,-1.0745053991180242,-675.5526534738576,706.6537675687837,-0.5372526995590121,-0.6755526534738576,0.7066537675687837,"{""solution_info"": {""status"": ""ok"", ""variant"": ""III"", ""roots_found"": 2, ""candidate_estimates"": [[0.46663014627315563, 0.064304434885007, 1.8956875471399637], [0.9254946008819759, 0.3244473465261423, 1.7066537675687836]], ""sample_moment_shape_initializer"": 1.0175180685530454, ""criterion_residual"": 4.218847493575595e-15, ""strategy"": ""CW_moment_Brent_valid_support_then_sample_skew_initializer""}}"
2.0,1000.0,1000.0,10,52,mmle_i_paper,mmle_i_paper,1.0679709291207236,314.080249466574,1738.3014475609948,0.0,True,0.09122210001805797,success,-0.9320290708792764,-685.9197505334259,738.3014475609948,-0.4660145354396382,-0.6859197505334259,0.7383014475609948,"{""solution_info"": {""status"": ""ok"", ""objective"": 7.595559551872156e-25, ""roots_found"": 1, ""grid_size"": 97, ""strategy"": ""cw_i_profile_brent"", ""paper_domain"": true, ""raw_min_gap"": 34.765823332909704}}"
2.0,1000.0,1000.0,10,52,mmle_ii_paper,mmle_ii_paper,1.0729447746796306,315.9263568524958,1737.1134463416554,nan,True,0.1685499000013806,success,-0.9270552253203694,-684.0736431475042,737.1134463416554,-0.4635276126601847,-0.6840736431475042,0.7371134463416554,"{""solution_info"": {""status"": ""ok"", ""objective"": 7.770772954492729e-25, ""roots_found"": 1, ""variant"": ""II"", ""grid_size"": 97, ""strategy"": ""CW_profile_Brent"", ""paper_domain"": true}}"
2.0,1000.0,1000.0,10,52,mmle_iii_paper,mmle_iii_paper,0.8333004289246932,246.4989973107196,1771.4244302069096,nan,True,1.479999627918005e-05,success,-1.1666995710753068,-753.5010026892804,771.4244302069096,-0.5833497855376534,-0.7535010026892804,0.7714244302069097,"{""solution_info"": {""status"": ""ok"", ""objective"": 1.9859814877591196e-25, ""roots_found"": 3, ""variant"": ""III"", ""grid_size"": 97, ""strategy"": ""CW_profile_Brent"", ""paper_domain"": true}}"
2.0,1000.0,1000.0,10,52,mmle_iv_paper,mmle_iv_paper,0.7654096322559512,234.7994264126865,1772.741512905318,nan,True,1.0599964298307896e-05,success,-1.2345903677440488,-765.2005735873136,772.7415129053179,-0.6172951838720244,-0.7652005735873135,0.7727415129053179,"{""solution_info"": {""status"": ""ok"", ""objective"": 2.1540833093191254e-28, ""roots_found"": 2, ""variant"": ""IV"", ""grid_size"": 97, ""strategy"": ""CW_profile_Brent"", ""paper_domain"": true}}"
2.0,1000.0,1000.0,10,52,mmle_v_paper,mmle_v_paper,0.8033373532744562,241.0941699028814,1772.232502526147,nan,True,1.0200019460171461e-05,success,-1.1966626467255437,-758.9058300971186,772.2325025261471,-0.5983313233627718,-0.7589058300971186,0.7722325025261471,"{""solution_info"": {""status"": ""ok"", ""objective"": 1.1910431488204786e-26, ""roots_found"": 1, ""variant"": ""V"", ""grid_size"": 97, ""strategy"": ""CW_profile_Brent"", ""paper_domain"": true}}"
2.0,1000.0,1000.0,10,53,mle_local,mle_local,6.6490285585742,2340.062439440941,0.0,0.7513719663178002,True,0.17188729997724295,success,4.6490285585742,1340.062439440941,-1000.0,2.3245142792871,1.340062439440941,-1.0,"{""solution_info"": {""status"": ""ok"", ""strategy"": ""deterministic_multistart_likelihood"", ""start_count"": 5, ""selected_start"": 3, ""log_likelihood"": -4.9922976700588055, ""location_at_zero_boundary"": true}}"
2.0,1000.0,1000.0,10,53,mmle_i,mmle_i,,,,,False,0.06035859999246895,failure,nan,nan,nan,nan,nan,nan,"{""raw_status"": ""no_root_in_declared_location_domain"", ""solution_info"": {""status"": ""no_root_in_declared_location_domain"", ""location_lower"": 0.0, ""endpoint_constraint_residuals"": [6.797086703197028, 1.4060024458204472], ""grid_size"": 97}}"
2.0,1000.0,1000.0,10,53,mmle_ii,mmle_ii,,,,,False,0.11263559997314587,failure,nan,nan,nan,nan,nan,nan,"{""solution_info"": {""status"": ""no_root_in_declared_location_domain"", ""variant"": ""II"", ""grid_size"": 97}}"
2.0,1000.0,1000.0,10,53,mmle_iii,mmle_iii,0.9999999999999577,843.6251201486747,1329.7504077649187,nan,True,1.0500021744519472e-05,success,-1.0000000000000422,-156.37487985132532,329.7504077649187,-0.5000000000000211,-0.1563748798513253,0.3297504077649187,"{""solution_info"": {""status"": ""ok"", ""objective"": 3.5558073204317357e-28, ""roots_found"": 2, ""variant"": ""III"", ""grid_size"": 97, ""strategy"": ""CW_profile_Brent"", ""paper_domain"": false}}"
2.0,1000.0,1000.0,10,53,mmle_iv,mmle_iv,2.140700608902969,1029.2682315196612,1246.1519016786342,nan,True,9.700015652924776e-06,success,0.1407006089029692,29.268231519661185,246.1519016786342,0.0703503044514846,0.029268231519661184,0.2461519016786342,"{""solution_info"": {""status"": ""ok"", ""objective"": 1.8769466125536687e-26, ""roots_found"": 1, ""variant"": ""IV"", ""grid_size"": 97, ""strategy"": ""CW_profile_Brent"", ""paper_domain"": false}}"
2.0,1000.0,1000.0,10,53,mmle_v,mmle_v,,,,,False,8.800008799880743e-06,failure,nan,nan,nan,nan,nan,nan,"{""solution_info"": {""status"": ""no_root_in_declared_location_domain"", ""variant"": ""V"", ""grid_size"": 97}}"
2.0,1000.0,1000.0,10,53,wmle_checked,wmle_checked,5.0150200111864836,2018.6596686256166,315.3556107403974,0.8408902735533484,True,0.12814939999952912,success,3.0150200111864836,1018.6596686256166,-684.6443892596026,1.5075100055932418,1.0186596686256166,-0.6846443892596026,"{""solution_info"": {""status"": ""ok"", ""objective"": 1.2734900026547947e-22, ""strategy"": ""deterministic_multistart_equation_minimization"", ""start_count"": 5, ""selected_start"": 3, ""location_at_zero_boundary"": false, ""production_status"": ""ok"", ""recovered"": false}}"
2.0,1000.0,1000.0,10,53,mme_i,mme_i,,,,,False,0.027439700032118708,failure,nan,nan,nan,nan,nan,nan,"{""solution_info"": {""status"": ""no_root_in_declared_shape_domain"", ""variant"": ""I""}}"
2.0,1000.0,1000.0,10,53,mme_ii,mme_ii,,,,,False,1.090002479031682e-05,failure,nan,nan,nan,nan,nan,nan,"{""solution_info"": {""status"": ""no_root_in_declared_shape_domain"", ""variant"": ""II""}}"
2.0,1000.0,1000.0,10,53,mme_iii,mme_iii,,,,,False,8.800008799880743e-06,failure,nan,nan,nan,nan,nan,nan,"{""solution_info"": {""status"": ""no_root_in_declared_shape_domain"", ""variant"": ""III""}}"
2.0,1000.0,1000.0,10,53,mmle_i_paper,mmle_i_paper,,,,,False,0.06065409997245297,failure,nan,nan,nan,nan,nan,nan,"{""raw_status"": ""no_root_in_declared_location_domain"", ""solution_info"": {""status"": ""no_root_in_declared_location_domain"", ""location_lower"": -2309.0052316576416, ""endpoint_constraint_residuals"": [6.797086703197028, 1.12047087857463], ""grid_size"": 97}}"
2.0,1000.0,1000.0,10,53,mmle_ii_paper,mmle_ii_paper,,,,,False,0.12058709998382255,failure,nan,nan,nan,nan,nan,nan,"{""solution_info"": {""status"": ""no_root_in_declared_location_domain"", ""variant"": ""II"", ""grid_size"": 97}}"
2.0,1000.0,1000.0,10,53,mmle_iii_paper,mmle_iii_paper,0.9999999999999977,843.6251201486807,1329.7504077649185,nan,True,1.1000025551766157e-05,success,-1.0000000000000022,-156.3748798513193,329.75040776491846,-0.5000000000000011,-0.1563748798513193,0.3297504077649185,"{""solution_info"": {""status"": ""ok"", ""objective"": 5.4357446750385345e-30, ""roots_found"": 2, ""variant"": ""III"", ""grid_size"": 97, ""strategy"": ""CW_profile_Brent"", ""paper_domain"": true}}"
2.0,1000.0,1000.0,10,53,mmle_iv_paper,mmle_iv_paper,2.140700608902406,1029.2682315195389,1246.1519016787302,nan,True,9.200011845678091e-06,success,0.1407006089024061,29.26823151953886,246.15190167873016,0.07035030445120305,0.02926823151953886,0.24615190167873016,"{""solution_info"": {""status"": ""ok"", ""objective"": 1.0073162113993405e-26, ""roots_found"": 1, ""variant"": ""IV"", ""grid_size"": 97, ""strategy"": ""CW_profile_Brent"", ""paper_domain"": true}}"
2.0,1000.0,1000.0,10,53,mmle_v_paper,mmle_v_paper,,,,,False,8.90000956133008e-06,failure,nan,nan,nan,nan,nan,nan,"{""solution_info"": {""status"": ""no_root_in_declared_location_domain"", ""variant"": ""V"", ""grid_size"": 97}}"
2.0,1000.0,1000.0,10,54,mle_local,mle_local,1.2083230815932202,594.6204005354617,1175.2388079234483,0.634112567267312,True,1.0686206999816932,success,-0.7916769184067798,-405.3795994645383,175.23880792344835,-0.3958384592033899,-0.4053795994645383,0.17523880792344834,"{""solution_info"": {""status"": ""ok"", ""strategy"": ""deterministic_multistart_likelihood"", ""start_count"": 5, ""selected_start"": 4, ""log_likelihood"": -4.024751560189042, ""location_at_zero_boundary"": false}}"
2.0,1000.0,1000.0,10,54,mmle_i,mmle_i,2.633921201732072,1145.6918100358994,721.7533973982535,0.0,True,0.0814871999900788,success,0.6339212017320719,145.69181003589938,-278.24660260174653,0.31696060086603595,0.14569181003589937,-0.27824660260174655,"{""solution_info"": {""status"": ""ok"", ""objective"": 1.9721522630525295e-31, ""roots_found"": 1, ""grid_size"": 97, ""strategy"": ""cw_i_profile_brent"", ""paper_domain"": false, ""raw_min_gap"": 469.33798920799586}}"
2.0,1000.0,1000.0,10,54,mmle_ii,mmle_ii,2.2015607941633673,957.0465530401503,893.2667686700017,nan,True,0.15341430000262335,success,0.20156079416336725,-42.95344695984966,-106.73323132999826,0.10078039708168363,-0.04295344695984966,-0.10673323132999826,"{""solution_info"": {""status"": ""ok"", ""objective"": 1.7995889400354332e-29, ""roots_found"": 1, ""variant"": ""II"", ""grid_size"": 97, ""strategy"": ""CW_profile_Brent"", ""paper_domain"": false}}"
2.0,1000.0,1000.0,10,54,mmle_iii,mmle_iii,0.9999999999999998,549.5036384100935,1189.0169367074907,nan,True,1.0500021744519472e-05,success,-1.0000000000000002,-450.49636158990654,189.0169367074907,-0.5000000000000001,-0.4504963615899065,0.18901693670749067,"{""solution_info"": {""status"": ""ok"", ""objective"": 2.682099933322992e-30, ""roots_found"": 3, ""variant"": ""III"", ""grid_size"": 97, ""strategy"": ""CW_profile_Brent"", ""paper_domain"": false}}"
2.0,1000.0,1000.0,10,54,mmle_iv,mmle_iv,1.382896615513834,643.7066512273112,1147.4419944334313,nan,True,1.0300020221620798e-05,success,-0.617103384486166,-356.2933487726888,147.44199443343132,-0.308551692243083,-0.35629334877268876,0.1474419944334313,"{""solution_info"": {""status"": ""ok"", ""objective"": 1.1093356479670479e-31, ""roots_found"": 2, ""variant"": ""IV"", ""grid_size"": 97, ""strategy"": ""CW_profile_Brent"", ""paper_domain"": false}}"
2.0,1000.0,1000.0,10,54,mmle_v,mmle_v,2.5416278457368664,1104.7993006325257,759.4583697284728,nan,True,1.0300020221620798e-05,success,0.5416278457368664,104.79930063252573,-240.5416302715272,0.2708139228684332,0.10479930063252572,-0.2405416302715272,"{""solution_info"": {""status"": ""ok"", ""objective"": 4.930380657631324e-32, ""roots_found"": 1, ""variant"": ""V"", ""grid_size"": 97, ""strategy"": ""CW_profile_Brent"", ""paper_domain"": false}}"
2.0,1000.0,1000.0,10,54,wmle_checked,wmle_checked,1.426812874095918,706.708320239195,1102.0969092461191,0.9235405042845913,True,0.13710359996184707,success,-0.5731871259040819,-293.291679760805,102.09690924611914,-0.28659356295204097,-0.293291679760805,0.10209690924611914,"{""solution_info"": {""status"": ""ok"", ""objective"": 2.1712292129239554e-20, ""strategy"": ""deterministic_multistart_equation_minimization"", ""start_count"": 5, ""selected_start"": 3, ""location_at_zero_boundary"": false, ""production_status"": ""ok"", ""recovered"": false}}"
2.0,1000.0,1000.0,10,54,mme_i,mme_i,2.1723725820291238,1001.3259050825425,851.7424228801582,nan,True,0.02995809999993071,success,0.17237258202912376,1.3259050825424765,-148.2575771198418,0.08618629101456188,0.0013259050825424766,-0.1482575771198418,"{""solution_info"": {""status"": ""ok"", ""variant"": ""I"", ""roots_found"": 1, ""candidate_estimates"": [[2.1723725820291238, 1.0013259050825425, 0.8517424228801582]], ""sample_moment_shape_initializer"": 1.8305075878604922, ""criterion_residual"": 9.836575998178887e-14, ""strategy"": ""CW_moment_Brent_valid_support_then_sample_skew_initializer""}}"
2.0,1000.0,1000.0,10,54,mme_ii,mme_ii,1.8591599536603114,868.0084933255357,967.6930899553641,nan,True,1.1399970389902592e-05,success,-0.1408400463396886,-131.9915066744643,-32.306910044635856,-0.0704200231698443,-0.1319915066744643,-0.03230691004463586,"{""solution_info"": {""status"": ""ok"", ""variant"": ""II"", ""roots_found"": 1, ""candidate_estimates"": [[1.8591599536603114, 0.8680084933255358, 0.9676930899553642]], ""sample_moment_shape_initializer"": 1.8305075878604922, ""criterion_residual"": -2.220446049250313e-16, ""strategy"": ""CW_moment_Brent_valid_support_then_sample_skew_initializer""}}"
2.0,1000.0,1000.0,10,54,mme_iii,mme_iii,2.6132171544146483,1177.9118750474586,692.1276038065851,nan,True,9.999959729611874e-06,success,0.6132171544146483,177.91187504745858,-307.87239619341494,0.30660857720732415,0.1779118750474586,-0.30787239619341494,"{""solution_info"": {""status"": ""ok"", ""variant"": ""III"", ""roots_found"": 2, ""candidate_estimates"": [[0.1893744565794459, 0.00011609507168979079, 1.7158786476547163], [2.6132171544146483, 1.1779118750474586, 0.6921276038065851]], ""sample_moment_shape_initializer"": 1.8305075878604922, ""criterion_residual"": 2.2995494397548555e-14, ""strategy"": ""CW_moment_Brent_valid_support_then_sample_skew_initializer""}}"
2.0,1000.0,1000.0,10,54,mmle_i_paper,mmle_i_paper,2.6339212017320732,1145.6918100359003,721.7533973982527,0.0,True,0.06894799997098744,success,0.6339212017320732,145.6918100359003,-278.2466026017473,0.3169606008660366,0.1456918100359003,-0.27824660260174733,"{""solution_info"": {""status"": ""ok"", ""objective"": 2.0214560696288428e-30, ""roots_found"": 1, ""grid_size"": 97, ""strategy"": ""cw_i_profile_brent"", ""paper_domain"": true, ""raw_min_gap"": 469.33798920799677}}"
2.0,1000.0,1000.0,10,54,mmle_ii_paper,mmle_ii_paper,2.2015607941633673,957.0465530401503,893.2667686700017,nan,True,0.15546760003780946,success,0.20156079416336725,-42.95344695984966,-106.73323132999826,0.10078039708168363,-0.04295344695984966,-0.10673323132999826,"{""solution_info"": {""status"": ""ok"", ""objective"": 1.7995889400354332e-29, ""roots_found"": 1, ""variant"": ""II"", ""grid_size"": 97, ""strategy"": ""CW_profile_Brent"", ""paper_domain"": true}}"
2.0,1000.0,1000.0,10,54,mmle_iii_paper,mmle_iii_paper,1.0,549.5036384100933,1189.0169367074907,nan,True,1.1400028597563505e-05,success,-1.0,-450.49636158990666,189.0169367074907,-0.5,-0.45049636158990664,0.18901693670749067,"{""solution_info"": {""status"": ""ok"", ""objective"": 3.4216570319676904e-30, ""roots_found"": 3, ""variant"": ""III"", ""grid_size"": 97, ""strategy"": ""CW_profile_Brent"", ""paper_domain"": true}}"
2.0,1000.0,1000.0,10,54,mmle_iv_paper,mmle_iv_paper,1.382896615513837,643.7066512273122,1147.4419944334306,nan,True,1.009996049106121e-05,success,-0.6171033844861631,-356.29334877268775,147.44199443343064,-0.30855169224308154,-0.35629334877268776,0.14744199443343065,"{""solution_info"": {""status"": ""ok"", ""objective"": 1.2449211160519093e-30, ""roots_found"": 2, ""variant"": ""IV"", ""grid_size"": 97, ""strategy"": ""CW_profile_Brent"", ""paper_domain"": true}}"
2.0,1000.0,1000.0,10,54,mmle_v_paper,mmle_v_paper,2.5416278457368455,1104.799300632517,759.4583697284804,nan,True,9.90001717582345e-06,success,0.5416278457368455,104.79930063251709,-240.54163027151958,0.27081392286842276,0.10479930063251709,-0.2405416302715196,"{""solution_info"": {""status"": ""ok"", ""objective"": 5.2578166605086326e-30, ""roots_found"": 1, ""variant"": ""V"", ""grid_size"": 97, ""strategy"": ""CW_profile_Brent"", ""paper_domain"": true}}"
2.0,1000.0,1000.0,10,55,mle_local,mle_local,5.5097138506431,2127.8328135158285,0.0,0.8940078263431788,True,0.2536934000090696,success,3.5097138506430996,1127.8328135158285,-1000.0,1.7548569253215498,1.1278328135158286,-1.0,"{""solution_info"": {""status"": ""ok"", ""strategy"": ""deterministic_multistart_likelihood"", ""start_count"": 5, ""selected_start"": 0, ""log_likelihood"": -5.469441737274671, ""location_at_zero_boundary"": true}}"
2.0,1000.0,1000.0,10,55,mmle_i,mmle_i,,,,,False,0.09893690003082156,failure,nan,nan,nan,nan,nan,nan,"{""raw_status"": ""no_root_in_declared_location_domain"", ""solution_info"": {""status"": ""no_root_in_declared_location_domain"", ""location_lower"": 0.0, ""endpoint_constraint_residuals"": [6.872770876773998, 1.0157664740888181], ""grid_size"": 97}}"
2.0,1000.0,1000.0,10,55,mmle_ii,mmle_ii,,,,,False,0.18471060000592843,failure,nan,nan,nan,nan,nan,nan,"{""solution_info"": {""status"": ""no_root_in_declared_location_domain"", ""variant"": ""II"", ""grid_size"": 97}}"
2.0,1000.0,1000.0,10,55,mmle_iii,mmle_iii,0.9999999999999989,802.8419681065023,1154.772465459279,nan,True,1.1399970389902592e-05,success,-1.000000000000001,-197.15803189349765,154.77246545927892,-0.5000000000000006,-0.19715803189349765,0.15477246545927892,"{""solution_info"": {""status"": ""ok"", ""objective"": 4.437342591868191e-31, ""roots_found"": 2, ""variant"": ""III"", ""grid_size"": 97, ""strategy"": ""CW_profile_Brent"", ""paper_domain"": false}}"
2.0,1000.0,1000.0,10,55,mmle_iv,mmle_iv,1.989376927831573,976.3845537245477,1080.678473220525,nan,True,9.700015652924776e-06,success,-0.010623072168427061,-23.615446275452314,80.6784732205249,-0.005311536084213531,-0.023615446275452315,0.08067847322052489,"{""solution_info"": {""status"": ""ok"", ""objective"": 1.3619155977910402e-25, ""roots_found"": 1, ""variant"": ""IV"", ""grid_size"": 97, ""strategy"": ""CW_profile_Brent"", ""paper_domain"": false}}"
2.0,1000.0,1000.0,10,55,mmle_v,mmle_v,,,,,False,9.299954399466515e-06,failure,nan,nan,nan,nan,nan,nan,"{""solution_info"": {""status"": ""no_root_in_declared_location_domain"", ""variant"": ""V"", ""grid_size"": 97}}"
2.0,1000.0,1000.0,10,55,wmle_checked,wmle_checked,3.194809022403742,1460.8417219986948,644.9385960434076,0.917424823827317,True,0.18507100001443177,success,1.1948090224037422,460.84172199869477,-355.06140395659236,0.5974045112018711,0.4608417219986948,-0.35506140395659236,"{""solution_info"": {""status"": ""ok"", ""objective"": 1.4671191925165817e-23, ""strategy"": ""deterministic_multistart_equation_minimization"", ""start_count"": 5, ""selected_start"": 3, ""location_at_zero_boundary"": false, ""production_status"": ""ok"", ""recovered"": false}}"
2.0,1000.0,1000.0,10,55,mme_i,mme_i,,,,,False,0.031119100051000714,failure,nan,nan,nan,nan,nan,nan,"{""solution_info"": {""status"": ""no_root_in_declared_shape_domain"", ""variant"": ""I""}}"
2.0,1000.0,1000.0,10,55,mme_ii,mme_ii,,,,,False,1.1299969628453255e-05,failure,nan,nan,nan,nan,nan,nan,"{""solution_info"": {""status"": ""no_root_in_declared_shape_domain"", ""variant"": ""II""}}"
2.0,1000.0,1000.0,10,55,mme_iii,mme_iii,,,,,False,8.90000956133008e-06,failure,nan,nan,nan,nan,nan,nan,"{""solution_info"": {""status"": ""no_root_in_declared_shape_domain"", ""variant"": ""III""}}"
2.0,1000.0,1000.0,10,55,mmle_i_paper,mmle_i_paper,,,,,False,0.05739010003162548,failure,nan,nan,nan,nan,nan,nan,"{""raw_status"": ""no_root_in_declared_location_domain"", ""solution_info"": {""status"": ""no_root_in_declared_location_domain"", ""location_lower"": -2587.6935726655142, ""endpoint_constraint_residuals"": [6.872770876773998, 0.6922522951861074], ""grid_size"": 97}}"
2.0,1000.0,1000.0,10,55,mmle_ii_paper,mmle_ii_paper,,,,,False,0.1156102999811992,failure,nan,nan,nan,nan,nan,nan,"{""solution_info"": {""status"": ""no_root_in_declared_location_domain"", ""variant"": ""II"", ""grid_size"": 97}}"
2.0,1000.0,1000.0,10,55,mmle_iii_paper,mmle_iii_paper,1.0000000000000024,802.8419681065029,1154.772465459279,nan,True,1.1299969628453255e-05,success,-0.9999999999999976,-197.15803189349708,154.77246545927892,-0.4999999999999988,-0.1971580318934971,0.15477246545927892,"{""solution_info"": {""status"": ""ok"", ""objective"": 1.398317502422393e-30, ""roots_found"": 2, ""variant"": ""III"", ""grid_size"": 97, ""strategy"": ""CW_profile_Brent"", ""paper_domain"": true}}"
2.0,1000.0,1000.0,10,55,mmle_iv_paper,mmle_iv_paper,1.9893769278315796,976.3845537245492,1080.678473220524,nan,True,9.09995287656784e-06,success,-0.0106230721684204,-23.615446275450836,80.67847322052398,-0.0053115360842102,-0.023615446275450837,0.08067847322052399,"{""solution_info"": {""status"": ""ok"", ""objective"": 1.3504751425130725e-25, ""roots_found"": 1, ""variant"": ""IV"", ""grid_size"": 97, ""strategy"": ""CW_profile_Brent"", ""paper_domain"": true}}"
2.0,1000.0,1000.0,10,55,mmle_v_paper,mmle_v_paper,,,,,False,9.100011084228754e-06,failure,nan,nan,nan,nan,nan,nan,"{""solution_info"": {""status"": ""no_root_in_declared_location_domain"", ""variant"": ""V"", ""grid_size"": 97}}"
2.0,1000.0,1000.0,10,56,mle_local,mle_local,2.6593188788383992,858.1281956581337,982.8596560215859,0.7552817830702019,True,0.08286280004540458,success,0.6593188788383992,-141.87180434186632,-17.14034397841408,0.3296594394191996,-0.14187180434186633,-0.01714034397841408,"{""solution_info"": {""status"": ""ok"", ""strategy"": ""deterministic_multistart_likelihood"", ""start_count"": 5, ""selected_start"": 3, ""log_likelihood"": -2.2268324760213414, ""location_at_zero_boundary"": false}}"
2.0,1000.0,1000.0,10,56,mmle_i,mmle_i,,,,,False,0.05346620001364499,failure,nan,nan,nan,nan,nan,nan,"{""raw_status"": ""no_root_in_declared_location_domain"", ""solution_info"": {""status"": ""no_root_in_declared_location_domain"", ""location_lower"": 0.0, ""endpoint_constraint_residuals"": [7.104363194907432, 0.3572293595726235], ""grid_size"": 97}}"
2.0,1000.0,1000.0,10,56,mmle_ii,mmle_ii,5.536760052823825,1786.6298527200986,88.84079799203293,nan,True,0.12722309998935089,success,3.5367600528238254,786.6298527200986,-911.1592020079671,1.7683800264119127,0.7866298527200986,-0.9111592020079671,"{""solution_info"": {""status"": ""ok"", ""objective"": 3.3334188070448717e-29, ""roots_found"": 1, ""variant"": ""II"", ""grid_size"": 97, ""strategy"": ""CW_profile_Brent"", ""paper_domain"": false}}"
2.0,1000.0,1000.0,10,56,mmle_iii,mmle_iii,1.0000000000000029,570.8200278106706,1177.381835259838,nan,True,1.1800031643360853e-05,success,-0.9999999999999971,-429.1799721893294,177.381835259838,-0.49999999999999856,-0.4291799721893294,0.177381835259838,"{""solution_info"": {""status"": ""ok"", ""objective"": 1.2692766098516176e-29, ""roots_found"": 1, ""variant"": ""III"", ""grid_size"": 97, ""strategy"": ""CW_profile_Brent"", ""paper_domain"": false}}"
2.0,1000.0,1000.0,10,56,mmle_iv,mmle_iv,2.017496347279328,694.1435151127419,1124.7128126606653,nan,True,9.800016414374113e-06,success,0.017496347279327917,-305.85648488725815,124.71281266066535,0.008748173639663959,-0.30585648488725814,0.12471281266066535,"{""solution_info"": {""status"": ""ok"", ""objective"": 4.190823558986625e-30, ""roots_found"": 2, ""variant"": ""IV"", ""grid_size"": 97, ""strategy"": ""CW_profile_Brent"", ""paper_domain"": false}}"
2.0,1000.0,1000.0,10,56,mmle_v,mmle_v,4.389037847595594,1406.2055311604242,461.0082155294756,nan,True,1.2000033166259527e-05,success,2.389037847595594,406.20553116042424,-538.9917844705244,1.194518923797797,0.40620553116042424,-0.5389917844705244,"{""solution_info"": {""status"": ""ok"", ""objective"": 7.580580556529716e-27, ""roots_found"": 1, ""variant"": ""V"", ""grid_size"": 97, ""strategy"": ""CW_profile_Brent"", ""paper_domain"": false}}"
2.0,1000.0,1000.0,10,56,wmle_checked,wmle_checked,2.3837628803228617,843.7435776174229,995.647834765991,0.8019443901852208,True,0.12257350003346801,success,0.38376288032286165,-156.25642238257706,-4.352165234009021,0.19188144016143083,-0.15625642238257706,-0.004352165234009021,"{""solution_info"": {""status"": ""ok"", ""objective"": 1.1146261036702588e-21, ""strategy"": ""deterministic_multistart_equation_minimization"", ""start_count"": 5, ""selected_start"": 3, ""location_at_zero_boundary"": false, ""production_status"": ""ok"", ""recovered"": false}}"
2.0,1000.0,1000.0,10,56,mme_i,mme_i,,,,,False,0.03444079996552318,failure,nan,nan,nan,nan,nan,nan,"{""solution_info"": {""status"": ""no_root_in_declared_shape_domain"", ""variant"": ""I""}}"
2.0,1000.0,1000.0,10,56,mme_ii,mme_ii,,,,,False,1.1899974197149277e-05,failure,nan,nan,nan,nan,nan,nan,"{""solution_info"": {""status"": ""no_root_in_declared_shape_domain"", ""variant"": ""II""}}"
2.0,1000.0,1000.0,10,56,mme_iii,mme_iii,3.8975690568484267,1227.237277234958,637.463418191166,nan,True,9.800016414374113e-06,success,1.8975690568484267,227.2372772349579,-362.53658180883394,0.9487845284242133,0.2272372772349579,-0.36253658180883397,"{""solution_info"": {""status"": ""ok"", ""variant"": ""III"", ""roots_found"": 1, ""candidate_estimates"": [[3.8975690568484267, 1.227237277234958, 0.637463418191166]], ""sample_moment_shape_initializer"": 2.3760128550964814, ""criterion_residual"": 1.404432126150823e-14, ""strategy"": ""CW_moment_Brent_valid_support_then_sample_skew_initializer""}}"
2.0,1000.0,1000.0,10,56,mmle_i_paper,mmle_i_paper,,,,,False,0.06716889998642728,failure,nan,nan,nan,nan,nan,nan,"{""raw_status"": ""no_root_in_declared_location_domain"", ""solution_info"": {""status"": ""no_root_in_declared_location_domain"", ""location_lower"": -1441.8458583073977, ""endpoint_constraint_residuals"": [7.104363194907432, 0.0882675200795795], ""grid_size"": 97}}"
2.0,1000.0,1000.0,10,56,mmle_ii_paper,mmle_ii_paper,5.536760052823855,1786.6298527201077,88.84079799202426,nan,True,0.14623740001115948,success,3.5367600528238547,786.6298527201077,-911.1592020079758,1.7683800264119274,0.7866298527201077,-0.9111592020079757,"{""solution_info"": {""status"": ""ok"", ""objective"": 2.864859310874901e-29, ""roots_found"": 1, ""variant"": ""II"", ""grid_size"": 97, ""strategy"": ""CW_profile_Brent"", ""paper_domain"": true}}"
2.0,1000.0,1000.0,10,56,mmle_iii_paper,mmle_iii_paper,0.9999999999999992,570.82002781067,1177.3818352598382,nan,True,1.190003240481019e-05,success,-1.0000000000000009,-429.17997218933,177.38183525983823,-0.5000000000000004,-0.42917997218932996,0.17738183525983822,"{""solution_info"": {""status"": ""ok"", ""objective"": 1.2733523260120384e-30, ""roots_found"": 1, ""variant"": ""III"", ""grid_size"": 97, ""strategy"": ""CW_profile_Brent"", ""paper_domain"": true}}"
2.0,1000.0,1000.0,10,56,mmle_iv_paper,mmle_iv_paper,2.0174963472793337,694.1435151127431,1124.7128126606644,nan,True,9.800016414374113e-06,success,0.01749634727933369,-305.8564848872569,124.71281266066444,0.008748173639666845,-0.3058564848872569,0.12471281266066445,"{""solution_info"": {""status"": ""ok"", ""objective"": 9.860761315262648e-31, ""roots_found"": 2, ""variant"": ""IV"", ""grid_size"": 97, ""strategy"": ""CW_profile_Brent"", ""paper_domain"": true}}"
2.0,1000.0,1000.0,10,56,mmle_v_paper,mmle_v_paper,4.389037847595744,1406.2055311604736,461.0082155294273,nan,True,9.599956683814526e-06,success,2.389037847595744,406.2055311604736,-538.9917844705727,1.194518923797872,0.4062055311604736,-0.5389917844705727,"{""solution_info"": {""status"": ""ok"", ""objective"": 7.537615253193344e-27, ""roots_found"": 1, ""variant"": ""V"", ""grid_size"": 97, ""strategy"": ""CW_profile_Brent"", ""paper_domain"": true}}"
2.0,1000.0,1000.0,10,57,mle_local,mle_local,1.1766693497088663,574.5149413351068,1397.3942784144492,0.5817664011864327,True,0.12581539998063818,success,-0.8233306502911337,-425.48505866489324,397.3942784144492,-0.41166532514556686,-0.4254850586648932,0.39739427841444924,"{""solution_info"": {""status"": ""ok"", ""strategy"": ""deterministic_multistart_likelihood"", ""start_count"": 5, ""selected_start"": 1, ""log_likelihood"": -3.7480634223257194, ""location_at_zero_boundary"": false}}"
2.0,1000.0,1000.0,10,57,mmle_i,mmle_i,1.9585652468534032,921.1498015992807,1131.467295277067,0.0,True,0.07133259996771812,success,-0.04143475314659684,-78.85019840071925,131.46729527706702,-0.02071737657329842,-0.07885019840071925,0.13146729527706702,"{""solution_info"": {""status"": ""ok"", ""objective"": 3.0814879110195774e-31, ""roots_found"": 1, ""grid_size"": 97, ""strategy"": ""cw_i_profile_brent"", ""paper_domain"": false, ""raw_min_gap"": 277.39677837018013}}"
2.0,1000.0,1000.0,10,57,mmle_ii,mmle_ii,1.8040690208226304,841.5464631903769,1200.0449569744555,nan,True,0.15706459997454658,success,-0.19593097917736957,-158.45353680962307,200.04495697445554,-0.09796548958868478,-0.15845353680962307,0.20004495697445554,"{""solution_info"": {""status"": ""ok"", ""objective"": 4.730385929230331e-26, ""roots_found"": 1, ""variant"": ""II"", ""grid_size"": 97, ""strategy"": ""CW_profile_Brent"", ""paper_domain"": false}}"
2.0,1000.0,1000.0,10,57,mmle_iii,mmle_iii,0.9999999999999948,535.6257750575928,1407.4767303024057,nan,True,1.2699980288743973e-05,success,-1.0000000000000053,-464.3742249424072,407.4767303024057,-0.5000000000000027,-0.46437422494240715,0.4074767303024057,"{""solution_info"": {""status"": ""ok"", ""objective"": 4.1221812083533176e-25, ""roots_found"": 3, ""variant"": ""III"", ""grid_size"": 97, ""strategy"": ""CW_profile_Brent"", ""paper_domain"": false}}"
2.0,1000.0,1000.0,10,57,mmle_iv,mmle_iv,1.1525270640254346,568.2858890008114,1399.871393020959,nan,True,1.0000017937272787e-05,success,-0.8474729359745654,-431.7141109991886,399.871393020959,-0.4237364679872827,-0.4317141109991886,0.399871393020959,"{""solution_info"": {""status"": ""ok"", ""objective"": 4.930380657631324e-32, ""roots_found"": 2, ""variant"": ""IV"", ""grid_size"": 97, ""strategy"": ""CW_profile_Brent"", ""paper_domain"": false}}"
2.0,1000.0,1000.0,10,57,mmle_v,mmle_v,0.9281155119686572,522.2705699406555,1408.3912829804042,nan,True,9.499955922365189e-06,success,-1.0718844880313427,-477.7294300593445,408.3912829804042,-0.5359422440156714,-0.4777294300593445,0.40839128298040417,"{""solution_info"": {""status"": ""ok"", ""objective"": 1.3512042118527956e-26, ""roots_found"": 1, ""variant"": ""V"", ""grid_size"": 97, ""strategy"": ""CW_profile_Brent"", ""paper_domain"": false}}"
2.0,1000.0,1000.0,10,57,wmle_checked,wmle_checked,1.2528673668628612,638.5737122901639,1359.5320861696666,0.8934600923166492,True,0.1345739999669604,success,-0.7471326331371388,-361.42628770983606,359.5320861696666,-0.3735663165685694,-0.36142628770983604,0.35953208616966664,"{""solution_info"": {""status"": ""ok"", ""objective"": 4.433987624024593e-20, ""strategy"": ""deterministic_multistart_equation_minimization"", ""start_count"": 5, ""selected_start"": 3, ""location_at_zero_boundary"": false, ""production_status"": ""ok"", ""recovered"": false}}"
2.0,1000.0,1000.0,10,57,mme_i,mme_i,1.5121184312019265,773.598476302552,1245.4098835331506,nan,True,0.025314199971035123,success,-0.48788156879807354,-226.40152369744806,245.4098835331506,-0.24394078439903677,-0.22640152369744806,0.2454098835331506,"{""solution_info"": {""status"": ""ok"", ""variant"": ""I"", ""roots_found"": 1, ""candidate_estimates"": [[1.5121184312019265, 0.773598476302552, 1.2454098835331506]], ""sample_moment_shape_initializer"": 1.340992286311624, ""criterion_residual"": 1.9251267247000214e-13, ""strategy"": ""CW_moment_Brent_valid_support_then_sample_skew_initializer""}}"
2.0,1000.0,1000.0,10,57,mme_ii,mme_ii,1.4510241886096096,740.7983813110628,1271.4718616538155,nan,True,1.209997572004795e-05,success,-0.5489758113903904,-259.2016186889372,271.4718616538155,-0.2744879056951952,-0.25920161868893715,0.2714718616538155,"{""solution_info"": {""status"": ""ok"", ""variant"": ""II"", ""roots_found"": 1, ""candidate_estimates"": [[1.4510241886096096, 0.7407983813110628, 1.2714718616538154]], ""sample_moment_shape_initializer"": 1.340992286311624, ""criterion_residual"": -6.661338147750939e-16, ""strategy"": ""CW_moment_Brent_valid_support_then_sample_skew_initializer""}}"
2.0,1000.0,1000.0,10,57,mme_iii,mme_iii,,,,,False,1.2199976481497288e-05,failure,nan,nan,nan,nan,nan,nan,"{""solution_info"": {""status"": ""no_root_in_declared_shape_domain"", ""variant"": ""III""}}"
2.0,1000.0,1000.0,10,57,mmle_i_paper,mmle_i_paper,1.9585652468534045,921.1498015992812,1131.4672952770668,0.0,True,0.06049830000847578,success,-0.041434753146595504,-78.8501984007188,131.4672952770668,-0.020717376573297752,-0.0788501984007188,0.1314672952770668,"{""solution_info"": {""status"": ""ok"", ""objective"": 8.38164711797325e-31, ""roots_found"": 1, ""grid_size"": 97, ""strategy"": ""cw_i_profile_brent"", ""paper_domain"": true, ""raw_min_gap"": 277.3967783701803}}"
2.0,1000.0,1000.0,10,57,mmle_ii_paper,mmle_ii_paper,1.8040690208226382,841.5464631903808,1200.0449569744521,nan,True,0.17793489998439327,success,-0.1959309791773618,-158.4535368096192,200.04495697445213,-0.0979654895886809,-0.1584535368096192,0.20004495697445213,"{""solution_info"": {""status"": ""ok"", ""objective"": 4.7202675555257073e-26, ""roots_found"": 1, ""variant"": ""II"", ""grid_size"": 97, ""strategy"": ""CW_profile_Brent"", ""paper_domain"": true}}"
2.0,1000.0,1000.0,10,57,mmle_iii_paper,mmle_iii_paper,0.9999999999999973,535.6257750575932,1407.4767303024057,nan,True,1.1800031643360853e-05,success,-1.0000000000000027,-464.37422494240684,407.4767303024057,-0.5000000000000013,-0.4643742249424068,0.4074767303024057,"{""solution_info"": {""status"": ""ok"", ""objective"": 4.1008246482372053e-25, ""roots_found"": 3, ""variant"": ""III"", ""grid_size"": 97, ""strategy"": ""CW_profile_Brent"", ""paper_domain"": true}}"
2.0,1000.0,1000.0,10,57,mmle_iv_paper,mmle_iv_paper,1.1525270640254341,568.2858890008113,1399.871393020959,nan,True,9.700015652924776e-06,success,-0.8474729359745659,-431.71411099918873,399.871393020959,-0.4237364679872829,-0.4317141109991887,0.399871393020959,"{""solution_info"": {""status"": ""ok"", ""objective"": 1.5777218104420236e-30, ""roots_found"": 2, ""variant"": ""IV"", ""grid_size"": 97, ""strategy"": ""CW_profile_Brent"", ""paper_domain"": true}}"
2.0,1000.0,1000.0,10,57,mmle_v_paper,mmle_v_paper,0.9281155119686574,522.2705699406555,1408.3912829804042,nan,True,1.9799976143985987e-05,success,-1.0718844880313427,-477.7294300593445,408.3912829804042,-0.5359422440156714,-0.4777294300593445,0.40839128298040417,"{""solution_info"": {""status"": ""ok"", ""objective"": 1.3460470336849132e-26, ""roots_found"": 1, ""variant"": ""V"", ""grid_size"": 97, ""strategy"": ""CW_profile_Brent"", ""paper_domain"": true}}"
2.0,1000.0,1000.0,10,58,mle_local,mle_local,1.384127211303729,593.8458569473464,1255.089761829074,0.7435767709218755,True,0.11109839996788651,success,-0.6158727886962709,-406.1541430526536,255.08976182907395,-0.30793639434813547,-0.40615414305265357,0.25508976182907395,"{""solution_info"": {""status"": ""ok"", ""strategy"": ""deterministic_multistart_likelihood"", ""start_count"": 5, ""selected_start"": 0, ""log_likelihood"": -3.220914944062489, ""location_at_zero_boundary"": false}}"
2.0,1000.0,1000.0,10,58,mmle_i,mmle_i,2.92074982977529,1164.7321073753353,763.4005240440943,0.0,True,0.05490129999816418,success,0.9207498297752901,164.73210737533532,-236.59947595590575,0.46037491488764504,0.1647321073753353,-0.23659947595590575,"{""solution_info"": {""status"": ""ok"", ""objective"": 8.997944700177166e-31, ""roots_found"": 1, ""grid_size"": 97, ""strategy"": ""cw_i_profile_brent"", ""paper_domain"": false, ""raw_min_gap"": 520.8419648269751}}"
2.0,1000.0,1000.0,10,58,mmle_ii,mmle_ii,2.339064151160938,935.7391055867542,974.4152331451077,nan,True,0.11779170000227168,success,0.339064151160938,-64.26089441324575,-25.584766854892337,0.169532075580469,-0.06426089441324576,-0.025584766854892336,"{""solution_info"": {""status"": ""ok"", ""objective"": 8.462998398824167e-28, ""roots_found"": 1, ""variant"": ""II"", ""grid_size"": 97, ""strategy"": ""CW_profile_Brent"", ""paper_domain"": false}}"
2.0,1000.0,1000.0,10,58,mmle_iii,mmle_iii,0.9999999999999997,516.3848810825621,1283.4198872751356,nan,True,1.1000025551766157e-05,success,-1.0000000000000004,-483.61511891743794,283.4198872751356,-0.5000000000000002,-0.4836151189174379,0.28341988727513556,"{""solution_info"": {""status"": ""ok"", ""objective"": 1.4914401489334754e-30, ""roots_found"": 3, ""variant"": ""III"", ""grid_size"": 97, ""strategy"": ""CW_profile_Brent"", ""paper_domain"": false}}"
2.0,1000.0,1000.0,10,58,mmle_iv,mmle_iv,1.3580922458029268,586.8704778234805,1259.2772930856406,nan,True,9.500014130026102e-06,success,-0.6419077541970732,-413.12952217651946,259.2772930856406,-0.3209538770985366,-0.41312952217651944,0.2592772930856406,"{""solution_info"": {""status"": ""ok"", ""objective"": 1.874974460290616e-27, ""roots_found"": 2, ""variant"": ""IV"", ""grid_size"": 97, ""strategy"": ""CW_profile_Brent"", ""paper_domain"": false}}"
2.0,1000.0,1000.0,10,58,mmle_v,mmle_v,0.9518462279714234,508.80116443500225,1283.818794545298,nan,True,9.200011845678091e-06,success,-1.0481537720285767,-491.19883556499775,283.81879454529803,-0.5240768860142884,-0.49119883556499777,0.283818794545298,"{""solution_info"": {""status"": ""ok"", ""objective"": 1.428191207509144e-30, ""roots_found"": 1, ""variant"": ""V"", ""grid_size"": 97, ""strategy"": ""CW_profile_Brent"", ""paper_domain"": false}}"
2.0,1000.0,1000.0,10,58,wmle_checked,wmle_checked,1.4210778825661925,648.1680101208055,1216.6851038907014,0.9171013640921415,True,0.13932339998427778,success,-0.5789221174338075,-351.83198987919445,216.68510389070138,-0.28946105871690375,-0.35183198987919445,0.2166851038907014,"{""solution_info"": {""status"": ""ok"", ""objective"": 3.4688219268253514e-20, ""strategy"": ""deterministic_multistart_equation_minimization"", ""start_count"": 5, ""selected_start"": 3, ""location_at_zero_boundary"": false, ""production_status"": ""ok"", ""recovered"": false}}"
2.0,1000.0,1000.0,10,58,mme_i,mme_i,2.3022290496731928,980.7218063464333,930.959201535593,nan,True,0.028891800029668957,success,0.30222904967319275,-19.278193653566746,-69.04079846440698,0.15111452483659638,-0.019278193653566745,-0.06904079846440697,"{""solution_info"": {""status"": ""ok"", ""variant"": ""I"", ""roots_found"": 1, ""candidate_estimates"": [[2.3022290496731928, 0.9807218063464332, 0.930959201535593]], ""sample_moment_shape_initializer"": 2.0269205498061886, ""criterion_residual"": -6.816769371198461e-14, ""strategy"": ""CW_moment_Brent_valid_support_then_sample_skew_initializer""}}"
2.0,1000.0,1000.0,10,58,mme_ii,mme_ii,1.9195547686862877,831.8498736059015,1061.8826212155507,nan,True,1.3200042303651571e-05,success,-0.08044523131371228,-168.1501263940985,61.88262121555067,-0.04022261565685614,-0.1681501263940985,0.06188262121555067,"{""solution_info"": {""status"": ""ok"", ""variant"": ""II"", ""roots_found"": 1, ""candidate_estimates"": [[1.9195547686862877, 0.8318498736059015, 1.0618826212155508]], ""sample_moment_shape_initializer"": 2.0269205498061886, ""criterion_residual"": 3.1086244689504383e-15, ""strategy"": ""CW_moment_Brent_valid_support_then_sample_skew_initializer""}}"
2.0,1000.0,1000.0,10,58,mme_iii,mme_iii,,,,,False,8.999952115118504e-06,failure,nan,nan,nan,nan,nan,nan,"{""solution_info"": {""status"": ""no_root_in_declared_shape_domain"", ""variant"": ""III""}}"
2.0,1000.0,1000.0,10,58,mmle_i_paper,mmle_i_paper,2.9207498297752923,1164.7321073753358,763.4005240440937,0.0,True,0.05780499998945743,success,0.9207498297752923,164.73210737533577,-236.5994759559063,0.46037491488764615,0.16473210737533578,-0.2365994759559063,"{""solution_info"": {""status"": ""ok"", ""objective"": 1.0970096963229695e-30, ""roots_found"": 1, ""grid_size"": 97, ""strategy"": ""cw_i_profile_brent"", ""paper_domain"": true, ""raw_min_gap"": 520.8419648269756}}"
2.0,1000.0,1000.0,10,58,mmle_ii_paper,mmle_ii_paper,2.3390641511610792,935.7391055868095,974.415233145058,nan,True,0.15821630001300946,success,0.33906415116107924,-64.2608944131905,-25.584766854942018,0.16953207558053962,-0.0642608944131905,-0.02558476685494202,"{""solution_info"": {""status"": ""ok"", ""objective"": 4.892182533486325e-27, ""roots_found"": 1, ""variant"": ""II"", ""grid_size"": 97, ""strategy"": ""CW_profile_Brent"", ""paper_domain"": true}}"
2.0,1000.0,1000.0,10,58,mmle_iii_paper,mmle_iii_paper,0.9999999999999966,516.3848810825616,1283.4198872751356,nan,True,1.309998333454132e-05,success,-1.0000000000000036,-483.6151189174384,283.4198872751356,-0.5000000000000018,-0.4836151189174384,0.28341988727513556,"{""solution_info"": {""status"": ""ok"", ""objective"": 3.0774399530097276e-31, ""roots_found"": 3, ""variant"": ""III"", ""grid_size"": 97, ""strategy"": ""CW_profile_Brent"", ""paper_domain"": true}}"
2.0,1000.0,1000.0,10,58,mmle_iv_paper,mmle_iv_paper,1.3580922458029816,586.8704778234951,1259.277293085632,nan,True,1.0400020983070135e-05,success,-0.6419077541970184,-413.1295221765049,259.277293085632,-0.3209538770985092,-0.4131295221765049,0.25927729308563197,"{""solution_info"": {""status"": ""ok"", ""objective"": 1.1142660286246792e-29, ""roots_found"": 2, ""variant"": ""IV"", ""grid_size"": 97, ""strategy"": ""CW_profile_Brent"", ""paper_domain"": true}}"
2.0,1000.0,1000.0,10,58,mmle_v_paper,mmle_v_paper,0.951846227971425,508.8011644350025,1283.818794545298,nan,True,9.700015652924776e-06,success,-1.048153772028575,-491.1988355649975,283.81879454529803,-0.5240768860142875,-0.49119883556499755,0.283818794545298,"{""solution_info"": {""status"": ""ok"", ""objective"": 1.9721522630525295e-31, ""roots_found"": 1, ""variant"": ""V"", ""grid_size"": 97, ""strategy"": ""CW_profile_Brent"", ""paper_domain"": true}}"
2.0,1000.0,1000.0,10,59,mle_local,mle_local,,,,,False,1.8435361000010744,failure,nan,nan,nan,nan,nan,nan,"{""solution_info"": {""status"": ""unbounded""}}"
2.0,1000.0,1000.0,10,59,mmle_i,mmle_i,2.0868231737477716,781.8494753021386,1206.1194082002219,0.0,True,0.057113500020932406,success,0.0868231737477716,-218.15052469786144,206.11940820022187,0.0434115868738858,-0.21815052469786145,0.20611940820022187,"{""solution_info"": {""status"": ""ok"", ""objective"": 6.039716305598372e-31, ""roots_found"": 1, ""grid_size"": 97, ""strategy"": ""cw_i_profile_brent"", ""paper_domain"": false, ""raw_min_gap"": 253.47169409570614}}"
2.0,1000.0,1000.0,10,59,mmle_ii,mmle_ii,1.840972412716746,691.9508923782705,1283.6013352893253,nan,True,0.13267309998627752,success,-0.15902758728325406,-308.0491076217295,283.60133528932533,-0.07951379364162703,-0.3080491076217295,0.28360133528932535,"{""solution_info"": {""status"": ""ok"", ""objective"": 1.0267517719517232e-29, ""roots_found"": 1, ""variant"": ""II"", ""grid_size"": 97, ""strategy"": ""CW_profile_Brent"", ""paper_domain"": false}}"
2.0,1000.0,1000.0,10,59,mmle_iii,mmle_iii,1.0000000000000135,438.5544326927274,1456.5291224854266,nan,True,1.1000025551766157e-05,success,-0.9999999999999865,-561.4455673072725,456.52912248542657,-0.4999999999999932,-0.5614455673072726,0.45652912248542654,"{""solution_info"": {""status"": ""ok"", ""objective"": 2.4158865222393487e-30, ""roots_found"": 3, ""variant"": ""III"", ""grid_size"": 97, ""strategy"": ""CW_profile_Brent"", ""paper_domain"": false}}"
2.0,1000.0,1000.0,10,59,mmle_iv,mmle_iv,1.2447187545737277,495.21877147357185,1432.0948314958066,nan,True,9.800016414374113e-06,success,-0.7552812454262723,-504.78122852642815,432.0948314958066,-0.37764062271313614,-0.5047812285264281,0.4320948314958066,"{""solution_info"": {""status"": ""ok"", ""objective"": 2.0156739657126056e-26, ""roots_found"": 2, ""variant"": ""IV"", ""grid_size"": 97, ""strategy"": ""CW_profile_Brent"", ""paper_domain"": false}}"
2.0,1000.0,1000.0,10,59,mmle_v,mmle_v,3.1496298039404267,1186.7007966046942,833.3733660096127,nan,True,9.200011845678091e-06,success,1.1496298039404267,186.70079660469423,-166.6266339903873,0.5748149019702133,0.18670079660469424,-0.1666266339903873,"{""solution_info"": {""status"": ""ok"", ""objective"": 2.912429113368782e-29, ""roots_found"": 1, ""variant"": ""V"", ""grid_size"": 97, ""strategy"": ""CW_profile_Brent"", ""paper_domain"": false}}"
2.0,1000.0,1000.0,10,59,wmle_checked,wmle_checked,1.2131296852071283,521.7720078149212,1414.518507312379,0.9521355296467493,True,0.14690729998983443,success,-0.7868703147928717,-478.22799218507885,414.5185073123789,-0.39343515739643586,-0.47822799218507883,0.41451850731237894,"{""solution_info"": {""status"": ""ok"", ""objective"": 6.59933675100918e-20, ""strategy"": ""deterministic_multistart_equation_minimization"", ""start_count"": 5, ""selected_start"": 3, ""location_at_zero_boundary"": false, ""production_status"": ""ok"", ""recovered"": false}}"
2.0,1000.0,1000.0,10,59,mme_i,mme_i,1.6201796337917433,658.6434979629746,1305.2223678335115,nan,True,0.030438699992373586,success,-0.37982036620825665,-341.3565020370254,305.2223678335115,-0.18991018310412833,-0.3413565020370254,0.3052223678335115,"{""solution_info"": {""status"": ""ok"", ""variant"": ""I"", ""roots_found"": 1, ""candidate_estimates"": [[1.6201796337917433, 0.6586434979629746, 1.3052223678335115]], ""sample_moment_shape_initializer"": 1.8446695444412708, ""criterion_residual"": 1.0857981180834031e-13, ""strategy"": ""CW_moment_Brent_valid_support_then_sample_skew_initializer""}}"
2.0,1000.0,1000.0,10,59,mme_ii,mme_ii,1.5304340337622617,621.6114222304558,1335.2371903288451,nan,True,1.1599971912801266e-05,success,-0.4695659662377383,-378.3885777695442,335.23719032884514,-0.23478298311886914,-0.3783885777695442,0.33523719032884514,"{""solution_info"": {""status"": ""ok"", ""variant"": ""II"", ""roots_found"": 1, ""candidate_estimates"": [[1.5304340337622617, 0.6216114222304557, 1.3352371903288451]], ""sample_moment_shape_initializer"": 1.8446695444412708, ""criterion_residual"": -2.2426505097428162e-14, ""strategy"": ""CW_moment_Brent_valid_support_then_sample_skew_initializer""}}"
2.0,1000.0,1000.0,10,59,mme_iii,mme_iii,3.1686606068336527,1204.5394540620655,816.7446828708944,nan,True,9.400013368576765e-06,success,1.1686606068336527,204.5394540620655,-183.2553171291056,0.5843303034168263,0.2045394540620655,-0.18325531712910562,"{""solution_info"": {""status"": ""ok"", ""variant"": ""III"", ""roots_found"": 2, ""candidate_estimates"": [[0.13775995233509952, 6.293959452035291e-07, 1.8897132479993117], [3.1686606068336527, 1.2045394540620655, 0.8167446828708944]], ""sample_moment_shape_initializer"": 1.8446695444412708, ""criterion_residual"": -1.7381929229287607e-15, ""strategy"": ""CW_moment_Brent_valid_support_then_sample_skew_initializer""}}"
2.0,1000.0,1000.0,10,59,mmle_i_paper,mmle_i_paper,2.08682317374777,781.8494753021384,1206.1194082002219,0.0,True,0.07267140003386885,success,0.08682317374776982,-218.15052469786156,206.11940820022187,0.04341158687388491,-0.21815052469786156,0.20611940820022187,"{""solution_info"": {""status"": ""ok"", ""objective"": 1.5777218104420236e-30, ""roots_found"": 1, ""grid_size"": 97, ""strategy"": ""cw_i_profile_brent"", ""paper_domain"": true, ""raw_min_gap"": 253.4716940957059}}"
2.0,1000.0,1000.0,10,59,mmle_ii_paper,mmle_ii_paper,1.8409724127167435,691.95089237827,1283.6013352893258,nan,True,0.16470889997435734,success,-0.1590275872832565,-308.04910762172995,283.6013352893258,-0.07951379364162825,-0.30804910762172993,0.2836013352893258,"{""solution_info"": {""status"": ""ok"", ""objective"": 1.1290571705975731e-29, ""roots_found"": 1, ""variant"": ""II"", ""grid_size"": 97, ""strategy"": ""CW_profile_Brent"", ""paper_domain"": true}}"
2.0,1000.0,1000.0,10,59,mmle_iii_paper,mmle_iii_paper,1.0000000000000195,438.5544326927285,1456.5291224854263,nan,True,1.0800024028867483e-05,success,-0.9999999999999805,-561.4455673072715,456.52912248542634,-0.49999999999999023,-0.5614455673072715,0.4565291224854263,"{""solution_info"": {""status"": ""ok"", ""objective"": 8.51607194326076e-30, ""roots_found"": 3, ""variant"": ""III"", ""grid_size"": 97, ""strategy"": ""CW_profile_Brent"", ""paper_domain"": true}}"
2.0,1000.0,1000.0,10,59,mmle_iv_paper,mmle_iv_paper,1.2447187545735479,495.2187714735222,1432.0948314958357,nan,True,9.200011845678091e-06,success,-0.7552812454264521,-504.7812285264778,432.0948314958357,-0.37764062271322607,-0.5047812285264778,0.4320948314958357,"{""solution_info"": {""status"": ""ok"", ""objective"": 2.742524240807424e-29, ""roots_found"": 2, ""variant"": ""IV"", ""grid_size"": 97, ""strategy"": ""CW_profile_Brent"", ""paper_domain"": true}}"
2.0,1000.0,1000.0,10,59,mmle_v_paper,mmle_v_paper,3.149629803940545,1186.7007966047402,833.3733660095693,nan,True,9.400013368576765e-06,success,1.1496298039405448,186.70079660474016,-166.62663399043072,0.5748149019702724,0.18670079660474015,-0.1666266339904307,"{""solution_info"": {""status"": ""ok"", ""objective"": 4.930380657631324e-32, ""roots_found"": 1, ""variant"": ""V"", ""grid_size"": 97, ""strategy"": ""CW_profile_Brent"", ""paper_domain"": true}}"
2.0,1000.0,1000.0,10,60,mle_local,mle_local,4.069710053988626,1472.7820501046515,531.4099405008096,0.8862384148456326,True,0.09957560000475496,success,2.0697100539886257,472.7820501046515,-468.5900594991904,1.0348550269943129,0.47278205010465146,-0.46859005949919036,"{""solution_info"": {""status"": ""ok"", ""strategy"": ""deterministic_multistart_likelihood"", ""start_count"": 5, ""selected_start"": 4, ""log_likelihood"": -4.405591668101514, ""location_at_zero_boundary"": false}}"
2.0,1000.0,1000.0,10,60,mmle_i,mmle_i,,,,,False,0.05581749998964369,failure,nan,nan,nan,nan,nan,nan,"{""raw_status"": ""no_root_in_declared_location_domain"", ""solution_info"": {""status"": ""no_root_in_declared_location_domain"", ""location_lower"": 0.0, ""endpoint_constraint_residuals"": [6.068895529330895, 0.32918810113698793], ""grid_size"": 97}}"
2.0,1000.0,1000.0,10,60,mmle_ii,mmle_ii,4.976060280300304,1760.0992785488108,252.40866130138718,nan,True,0.10510420001810417,success,2.9760602803003042,760.0992785488108,-747.5913386986128,1.4880301401501521,0.7600992785488109,-0.7475913386986128,"{""solution_info"": {""status"": ""ok"", ""objective"": 2.520543601717917e-26, ""roots_found"": 1, ""variant"": ""II"", ""grid_size"": 97, ""strategy"": ""CW_profile_Brent"", ""paper_domain"": false}}"
2.0,1000.0,1000.0,10,60,mmle_iii,mmle_iii,0.9999999999999979,593.5262677240286,1268.0801838247917,nan,True,1.1200027074664831e-05,success,-1.0000000000000022,-406.47373227597143,268.0801838247917,-0.5000000000000011,-0.40647373227597144,0.26808018382479165,"{""solution_info"": {""status"": ""ok"", ""objective"": 3.332937324558775e-29, ""roots_found"": 2, ""variant"": ""III"", ""grid_size"": 97, ""strategy"": ""CW_profile_Brent"", ""paper_domain"": false}}"
2.0,1000.0,1000.0,10,60,mmle_iv,mmle_iv,1.7078706535042898,754.2396918951225,1184.3379523801439,nan,True,1.2999982573091984e-05,success,-0.2921293464957102,-245.76030810487748,184.33795238014386,-0.1460646732478551,-0.24576030810487748,0.18433795238014386,"{""solution_info"": {""status"": ""ok"", ""objective"": 1.658757546930852e-26, ""roots_found"": 1, ""variant"": ""IV"", ""grid_size"": 97, ""strategy"": ""CW_profile_Brent"", ""paper_domain"": false}}"
2.0,1000.0,1000.0,10,60,mmle_v,mmle_v,,,,,False,1.009996049106121e-05,failure,nan,nan,nan,nan,nan,nan,"{""solution_info"": {""status"": ""no_root_in_declared_location_domain"", ""variant"": ""V"", ""grid_size"": 97}}"
2.0,1000.0,1000.0,10,60,wmle_checked,wmle_checked,2.1228488456519914,945.5947990996216,1023.5112421551904,0.9182799734574795,True,0.1183974000159651,success,0.12284884565199139,-54.40520090037842,23.511242155190416,0.061424422825995695,-0.05440520090037842,0.023511242155190418,"{""solution_info"": {""status"": ""ok"", ""objective"": 2.278192007414989e-22, ""strategy"": ""deterministic_multistart_equation_minimization"", ""start_count"": 5, ""selected_start"": 0, ""location_at_zero_boundary"": false, ""production_status"": ""ok"", ""recovered"": false}}"
2.0,1000.0,1000.0,10,60,mme_i,mme_i,,,,,False,0.02778289996786043,failure,nan,nan,nan,nan,nan,nan,"{""solution_info"": {""status"": ""no_root_in_declared_shape_domain"", ""variant"": ""I""}}"
2.0,1000.0,1000.0,10,60,mme_ii,mme_ii,2.8758386579506965,1205.5281099923748,787.0168148112552,nan,True,1.190003240481019e-05,success,0.8758386579506965,205.52810999237477,-212.98318518874476,0.43791932897534824,0.20552810999237475,-0.21298318518874476,"{""solution_info"": {""status"": ""ok"", ""variant"": ""II"", ""roots_found"": 1, ""candidate_estimates"": [[2.8758386579506965, 1.2055281099923747, 0.7870168148112553]], ""sample_moment_shape_initializer"": 4.523511374021789, ""criterion_residual"": -1.9984014443252818e-15, ""strategy"": ""CW_moment_Brent_valid_support_then_sample_skew_initializer""}}"
2.0,1000.0,1000.0,10,60,mme_iii,mme_iii,8.599933689355726,3095.740480986997,-1063.8326339297282,nan,False,9.700015652924776e-06,failure,nan,nan,nan,nan,nan,nan,"{""solution_info"": {""status"": ""location_outside_effective_support"", ""variant"": ""III"", ""roots_found"": 1, ""candidate_estimates"": [[8.599933689355726, 3.095740480986997, -1.0638326339297282]], ""sample_moment_shape_initializer"": 4.523511374021789, ""criterion_residual"": -1.582067810090848e-14, ""strategy"": ""CW_moment_Brent_valid_support_then_sample_skew_initializer""}}"
2.0,1000.0,1000.0,10,60,mmle_i_paper,mmle_i_paper,,,,,False,0.05393180000828579,failure,nan,nan,nan,nan,nan,nan,"{""raw_status"": ""no_root_in_declared_location_domain"", ""solution_info"": {""status"": ""no_root_in_declared_location_domain"", ""location_lower"": -2194.7244610615976, ""endpoint_constraint_residuals"": [6.068895529330895, 0.17885001426304292], ""grid_size"": 97}}"
2.0,1000.0,1000.0,10,60,mmle_ii_paper,mmle_ii_paper,4.9760602803003104,1760.0992785488122,252.40866130138562,nan,True,0.10904439998557791,success,2.9760602803003104,760.0992785488122,-747.5913386986144,1.4880301401501552,0.7600992785488122,-0.7475913386986144,"{""solution_info"": {""status"": ""ok"", ""objective"": 2.499438452496745e-26, ""roots_found"": 1, ""variant"": ""II"", ""grid_size"": 97, ""strategy"": ""CW_profile_Brent"", ""paper_domain"": true}}"
2.0,1000.0,1000.0,10,60,mmle_iii_paper,mmle_iii_paper,0.9999999999999963,593.5262677240285,1268.0801838247917,nan,True,1.2199976481497288e-05,success,-1.0000000000000036,-406.47373227597154,268.0801838247917,-0.5000000000000018,-0.40647373227597156,0.26808018382479165,"{""solution_info"": {""status"": ""ok"", ""objective"": 1.8098323770070992e-29, ""roots_found"": 2, ""variant"": ""III"", ""grid_size"": 97, ""strategy"": ""CW_profile_Brent"", ""paper_domain"": true}}"
2.0,1000.0,1000.0,10,60,mmle_iv_paper,mmle_iv_paper,1.7078706535045955,754.2396918952057,1184.337952380081,nan,True,9.90001717582345e-06,success,-0.29212934649540445,-245.76030810479426,184.3379523800811,-0.14606467324770223,-0.24576030810479427,0.1843379523800811,"{""solution_info"": {""status"": ""ok"", ""objective"": 1.232595164407831e-30, ""roots_found"": 1, ""variant"": ""IV"", ""grid_size"": 97, ""strategy"": ""CW_profile_Brent"", ""paper_domain"": true}}"
2.0,1000.0,1000.0,10,60,mmle_v_paper,mmle_v_paper,7.574099959604876,2590.390003728037,-565.2796686797445,nan,True,9.200011845678091e-06,success,5.574099959604876,1590.3900037280368,-1565.2796686797446,2.787049979802438,1.5903900037280367,-1.5652796686797446,"{""solution_info"": {""status"": ""ok"", ""objective"": 1.056801426596864e-25, ""roots_found"": 1, ""variant"": ""V"", ""grid_size"": 97, ""strategy"": ""CW_profile_Brent"", ""paper_domain"": true}}"
2.0,1000.0,1000.0,10,61,mle_local,mle_local,2.1226047219476167,1037.6142593777527,904.0793143050462,0.8817995213372992,True,0.08567720005521551,success,0.12260472194761673,37.61425937775266,-95.92068569495382,0.06130236097380837,0.03761425937775266,-0.09592068569495382,"{""solution_info"": {""status"": ""ok"", ""strategy"": ""deterministic_multistart_likelihood"", ""start_count"": 5, ""selected_start"": 1, ""log_likelihood"": -6.096179891419272, ""location_at_zero_boundary"": false}}"
2.0,1000.0,1000.0,10,61,mmle_i,mmle_i,,,,,False,0.051189899968449026,failure,nan,nan,nan,nan,nan,nan,"{""raw_status"": ""no_root_in_declared_location_domain"", ""solution_info"": {""status"": ""no_root_in_declared_location_domain"", ""location_lower"": 0.0, ""endpoint_constraint_residuals"": [6.352870916129884, 0.33124277044461703], ""grid_size"": 97}}"
2.0,1000.0,1000.0,10,61,mmle_ii,mmle_ii,4.3221457716936404,1907.9152015321054,90.51657690432945,nan,True,0.1404342000023462,success,2.3221457716936404,907.9152015321054,-909.4834230956706,1.1610728858468202,0.9079152015321054,-0.9094834230956705,"{""solution_info"": {""status"": ""ok"", ""objective"": 6.923856817028109e-28, ""roots_found"": 1, ""variant"": ""II"", ""grid_size"": 97, ""strategy"": ""CW_profile_Brent"", ""paper_domain"": false}}"
2.0,1000.0,1000.0,10,61,mmle_iii,mmle_iii,0.9999999999999297,713.713314233775,1109.2214213308312,nan,True,1.1300027836114168e-05,success,-1.0000000000000702,-286.286685766225,109.22142133083116,-0.5000000000000351,-0.286286685766225,0.10922142133083117,"{""solution_info"": {""status"": ""ok"", ""objective"": 5.971895871654884e-27, ""roots_found"": 2, ""variant"": ""III"", ""grid_size"": 97, ""strategy"": ""CW_profile_Brent"", ""paper_domain"": false}}"
2.0,1000.0,1000.0,10,61,mmle_iv,mmle_iv,1.6775667446508136,881.5067245936117,1030.0139899724204,nan,True,9.600014891475439e-06,success,-0.32243325534918643,-118.4932754063883,30.013989972420404,-0.16121662767459322,-0.11849327540638831,0.030013989972420406,"{""solution_info"": {""status"": ""ok"", ""objective"": 8.38164711797325e-30, ""roots_found"": 1, ""variant"": ""IV"", ""grid_size"": 97, ""strategy"": ""CW_profile_Brent"", ""paper_domain"": false}}"
2.0,1000.0,1000.0,10,61,mmle_v,mmle_v,2.466026377068147,1167.3894750098561,790.0240891972685,nan,True,9.200011845678091e-06,success,0.4660263770681472,167.38947500985614,-209.9759108027315,0.2330131885340736,0.16738947500985615,-0.2099759108027315,"{""solution_info"": {""status"": ""ok"", ""objective"": 1.9721522630525295e-31, ""roots_found"": 1, ""variant"": ""V"", ""grid_size"": 97, ""strategy"": ""CW_profile_Brent"", ""paper_domain"": false}}"
2.0,1000.0,1000.0,10,61,wmle_checked,wmle_checked,1.9470548552641418,1052.72741297033,889.5120100417768,0.9502416229239552,True,0.17651040002238005,success,-0.05294514473585821,52.72741297033008,-110.48798995822324,-0.026472572367929104,0.05272741297033008,-0.11048798995822323,"{""solution_info"": {""status"": ""ok"", ""objective"": 7.060383174583103e-22, ""strategy"": ""deterministic_multistart_equation_minimization"", ""start_count"": 5, ""selected_start"": 0, ""location_at_zero_boundary"": false, ""production_status"": ""ok"", ""recovered"": false}}"
2.0,1000.0,1000.0,10,61,mme_i,mme_i,,,,,False,0.02991649997420609,failure,nan,nan,nan,nan,nan,nan,"{""solution_info"": {""status"": ""no_root_in_declared_shape_domain"", ""variant"": ""I""}}"
2.0,1000.0,1000.0,10,61,mme_ii,mme_ii,3.0269215651682466,1497.9308753352727,484.78300636396244,nan,True,1.1800031643360853e-05,success,1.0269215651682466,497.93087533527273,-515.2169936360376,0.5134607825841233,0.49793087533527275,-0.5152169936360376,"{""solution_info"": {""status"": ""ok"", ""variant"": ""II"", ""roots_found"": 1, ""candidate_estimates"": [[3.0269215651682466, 1.4979308753352727, 0.48478300636396243]], ""sample_moment_shape_initializer"": 3.5869490349457633, ""criterion_residual"": -4.6629367034256575e-15, ""strategy"": ""CW_moment_Brent_valid_support_then_sample_skew_initializer""}}"
2.0,1000.0,1000.0,10,61,mme_iii,mme_iii,2.5787244981142305,1305.4483758252145,663.700097759677,nan,True,1.0100018698722124e-05,success,0.5787244981142305,305.4483758252145,-336.29990224032304,0.2893622490571153,0.3054483758252145,-0.336299902240323,"{""solution_info"": {""status"": ""ok"", ""variant"": ""III"", ""roots_found"": 2, ""candidate_estimates"": [[0.1923565947895817, 0.00015838778270108804, 1.796164585885013], [2.5787244981142305, 1.3054483758252144, 0.663700097759677]], ""sample_moment_shape_initializer"": 3.5869490349457633, ""criterion_residual"": -4.2042758163773897e-14, ""strategy"": ""CW_moment_Brent_valid_support_then_sample_skew_initializer""}}"
2.0,1000.0,1000.0,10,61,mmle_i_paper,mmle_i_paper,,,,,False,0.06185719999484718,failure,nan,nan,nan,nan,nan,nan,"{""raw_status"": ""no_root_in_declared_location_domain"", ""solution_info"": {""status"": ""no_root_in_declared_location_domain"", ""location_lower"": -3001.7325281961866, ""endpoint_constraint_residuals"": [6.352870916129884, 0.06531966459765126], ""grid_size"": 97}}"
2.0,1000.0,1000.0,10,61,mmle_ii_paper,mmle_ii_paper,4.322145771693647,1907.9152015321085,90.51657690432613,nan,True,0.1608717999770306,success,2.3221457716936467,907.9152015321085,-909.4834230956739,1.1610728858468233,0.9079152015321086,-0.9094834230956739,"{""solution_info"": {""status"": ""ok"", ""objective"": 6.6930660114080025e-28, ""roots_found"": 1, ""variant"": ""II"", ""grid_size"": 97, ""strategy"": ""CW_profile_Brent"", ""paper_domain"": true}}"
2.0,1000.0,1000.0,10,61,mmle_iii_paper,mmle_iii_paper,0.9999999999999883,713.7133142337863,1109.2214213308305,nan,True,1.1700030881911516e-05,success,-1.0000000000000115,-286.28668576621374,109.22142133083048,-0.5000000000000058,-0.28628668576621374,0.10922142133083049,"{""solution_info"": {""status"": ""ok"", ""objective"": 5.407069593237136e-27, ""roots_found"": 3, ""variant"": ""III"", ""grid_size"": 97, ""strategy"": ""CW_profile_Brent"", ""paper_domain"": true}}"
2.0,1000.0,1000.0,10,61,mmle_iv_paper,mmle_iv_paper,1.6775667446508125,881.5067245936117,1030.0139899724206,nan,True,1.0000017937272787e-05,success,-0.32243325534918754,-118.4932754063883,30.01398997242063,-0.16121662767459377,-0.11849327540638831,0.03001398997242063,"{""solution_info"": {""status"": ""ok"", ""objective"": 1.392832535780849e-30, ""roots_found"": 2, ""variant"": ""IV"", ""grid_size"": 97, ""strategy"": ""CW_profile_Brent"", ""paper_domain"": true}}"
2.0,1000.0,1000.0,10,61,mmle_v_paper,mmle_v_paper,2.4660263770681454,1167.3894750098555,790.0240891972692,nan,True,1.0100018698722124e-05,success,0.4660263770681454,167.38947500985546,-209.97591080273082,0.2330131885340727,0.16738947500985546,-0.20997591080273081,"{""solution_info"": {""status"": ""ok"", ""objective"": 1.1093356479670479e-31, ""roots_found"": 1, ""variant"": ""V"", ""grid_size"": 97, ""strategy"": ""CW_profile_Brent"", ""paper_domain"": true}}"
2.0,1000.0,1000.0,10,62,mle_local,mle_local,,,,,False,0.20656650001183152,failure,nan,nan,nan,nan,nan,nan,"{""solution_info"": {""status"": ""unbounded""}}"
2.0,1000.0,1000.0,10,62,mmle_i,mmle_i,1.559639305044444,863.555185219667,1047.2893342360414,0.0,True,0.07291250000707805,success,-0.4403606949555561,-136.444814780333,47.28933423604144,-0.22018034747777804,-0.136444814780333,0.04728933423604144,"{""solution_info"": {""status"": ""ok"", ""objective"": 1.232595164407831e-32, ""roots_found"": 1, ""grid_size"": 97, ""strategy"": ""cw_i_profile_brent"", ""paper_domain"": false, ""raw_min_gap"": 191.3114058224958}}"
2.0,1000.0,1000.0,10,62,mmle_ii,mmle_ii,1.499804015595207,825.0793631494944,1078.1602228561867,nan,True,0.1444735000259243,success,-0.500195984404793,-174.92063685050562,78.16022285618669,-0.2500979922023965,-0.17492063685050563,0.07816022285618669,"{""solution_info"": {""status"": ""ok"", ""objective"": 1.1741849447568727e-26, ""roots_found"": 1, ""variant"": ""II"", ""grid_size"": 97, ""strategy"": ""CW_profile_Brent"", ""paper_domain"": false}}"
2.0,1000.0,1000.0,10,62,mmle_iii,mmle_iii,0.9999999999999667,580.8052337596293,1234.782680565594,nan,True,1.1499971151351929e-05,success,-1.0000000000000333,-419.19476624037065,234.7826805655941,-0.5000000000000167,-0.41919476624037066,0.2347826805655941,"{""solution_info"": {""status"": ""ok"", ""objective"": 4.1112733717143884e-30, ""roots_found"": 3, ""variant"": ""III"", ""grid_size"": 97, ""strategy"": ""CW_profile_Brent"", ""paper_domain"": false}}"
2.0,1000.0,1000.0,10,62,mmle_iv,mmle_iv,0.9995129247199925,580.6727214686658,1234.8099457892138,nan,True,1.0599964298307896e-05,success,-1.0004870752800075,-419.3272785313342,234.80994578921377,-0.5002435376400037,-0.41932727853133417,0.23480994578921377,"{""solution_info"": {""status"": ""ok"", ""objective"": 1.67632942359465e-30, ""roots_found"": 2, ""variant"": ""IV"", ""grid_size"": 97, ""strategy"": ""CW_profile_Brent"", ""paper_domain"": false}}"
2.0,1000.0,1000.0,10,62,mmle_v,mmle_v,0.9495021601822077,567.730185738807,1236.8556523666662,nan,True,9.500014130026102e-06,success,-1.0504978398177922,-432.269814261193,236.85565236666616,-0.5252489199088961,-0.432269814261193,0.23685565236666617,"{""solution_info"": {""status"": ""ok"", ""objective"": 3.730075710658349e-30, ""roots_found"": 1, ""variant"": ""V"", ""grid_size"": 97, ""strategy"": ""CW_profile_Brent"", ""paper_domain"": false}}"
2.0,1000.0,1000.0,10,62,wmle_checked,wmle_checked,1.1057914747392934,656.1628993731803,1200.3303763329911,0.9001170633927603,True,0.13676080002915114,success,-0.8942085252607066,-343.83710062681973,200.33037633299114,-0.4471042626303533,-0.3438371006268197,0.20033037633299114,"{""solution_info"": {""status"": ""ok"", ""objective"": 1.3496595597628915e-19, ""strategy"": ""deterministic_multistart_equation_minimization"", ""start_count"": 5, ""selected_start"": 3, ""location_at_zero_boundary"": false, ""production_status"": ""ok"", ""recovered"": false}}"
2.0,1000.0,1000.0,10,62,mme_i,mme_i,1.153935478815341,703.3462877114335,1146.8748916942816,nan,True,0.029656099970452487,success,-0.8460645211846589,-296.65371228856645,146.8748916942816,-0.42303226059232946,-0.29665371228856646,0.14687489169428158,"{""solution_info"": {""status"": ""ok"", ""variant"": ""I"", ""roots_found"": 1, ""candidate_estimates"": [[1.153935478815341, 0.7033462877114336, 1.1468748916942817]], ""sample_moment_shape_initializer"": 1.156329088323017, ""criterion_residual"": -7.915890165577366e-14, ""strategy"": ""CW_moment_Brent_valid_support_then_sample_skew_initializer""}}"
2.0,1000.0,1000.0,10,62,mme_ii,mme_ii,1.1514507509143386,701.4481691838417,1148.263362265056,nan,True,1.179997343569994e-05,success,-0.8485492490856614,-298.55183081615826,148.263362265056,-0.4242746245428307,-0.29855183081615827,0.14826336226505601,"{""solution_info"": {""status"": ""ok"", ""variant"": ""II"", ""roots_found"": 1, ""candidate_estimates"": [[1.1514507509143386, 0.7014481691838418, 1.148263362265056]], ""sample_moment_shape_initializer"": 1.156329088323017, ""criterion_residual"": -7.771561172376096e-15, ""strategy"": ""CW_moment_Brent_valid_support_then_sample_skew_initializer""}}"
2.0,1000.0,1000.0,10,62,mme_iii,mme_iii,0.8927175725717853,489.8162921357684,1297.8946743554416,nan,False,9.400013368576765e-06,failure,nan,nan,nan,nan,nan,nan,"{""solution_info"": {""status"": ""location_outside_effective_support"", ""variant"": ""III"", ""roots_found"": 2, ""candidate_estimates"": [[0.4815357840831257, 0.11463052238455973, 1.5692317053424096], [0.8927175725717853, 0.4898162921357684, 1.2978946743554416]], ""sample_moment_shape_initializer"": 1.156329088323017, ""criterion_residual"": 6.661338147750939e-16, ""strategy"": ""CW_moment_Brent_valid_support_then_sample_skew_initializer""}}"
2.0,1000.0,1000.0,10,62,mmle_i_paper,mmle_i_paper,1.5596393050445836,863.5551852197575,1047.289334235968,0.0,True,0.08188720000907779,success,-0.4403606949554164,-136.4448147802425,47.289334235968,-0.2201803474777082,-0.1364448147802425,0.047289334235968,"{""solution_info"": {""status"": ""ok"", ""objective"": 5.049439489751805e-26, ""roots_found"": 1, ""grid_size"": 97, ""strategy"": ""cw_i_profile_brent"", ""paper_domain"": true, ""raw_min_gap"": 191.3114058225693}}"
2.0,1000.0,1000.0,10,62,mmle_ii_paper,mmle_ii_paper,1.4998040155951322,825.0793631494466,1078.1602228562247,nan,True,0.12453660002211109,success,-0.5001959844048678,-174.92063685055336,78.16022285622466,-0.2500979922024339,-0.17492063685055337,0.07816022285622466,"{""solution_info"": {""status"": ""ok"", ""objective"": 1.9721522630525295e-31, ""roots_found"": 1, ""variant"": ""II"", ""grid_size"": 97, ""strategy"": ""CW_profile_Brent"", ""paper_domain"": true}}"
2.0,1000.0,1000.0,10,62,mmle_iii_paper,mmle_iii_paper,0.9999999999999988,580.805233759638,1234.7826805655923,nan,True,1.1700030881911516e-05,success,-1.0000000000000013,-419.194766240362,234.78268056559227,-0.5000000000000007,-0.419194766240362,0.23478268056559226,"{""solution_info"": {""status"": ""ok"", ""objective"": 1.1093356479670479e-31, ""roots_found"": 3, ""variant"": ""III"", ""grid_size"": 97, ""strategy"": ""CW_profile_Brent"", ""paper_domain"": true}}"
2.0,1000.0,1000.0,10,62,mmle_iv_paper,mmle_iv_paper,0.9995129247199943,580.6727214686665,1234.8099457892138,nan,True,9.500014130026102e-06,success,-1.0004870752800057,-419.3272785313335,234.80994578921377,-0.5002435376400028,-0.4193272785313335,0.23480994578921377,"{""solution_info"": {""status"": ""ok"", ""objective"": 1.232595164407831e-30, ""roots_found"": 2, ""variant"": ""IV"", ""grid_size"": 97, ""strategy"": ""CW_profile_Brent"", ""paper_domain"": true}}"
2.0,1000.0,1000.0,10,62,mmle_v_paper,mmle_v_paper,0.9495021601822063,567.7301857388068,1236.8556523666662,nan,True,9.09995287656784e-06,success,-1.0504978398177935,-432.26981426119323,236.85565236666616,-0.5252489199088968,-0.4322698142611932,0.23685565236666617,"{""solution_info"": {""status"": ""ok"", ""objective"": 1.1880557143016151e-30, ""roots_found"": 1, ""variant"": ""V"", ""grid_size"": 97, ""strategy"": ""CW_profile_Brent"", ""paper_domain"": true}}"
2.0,1000.0,1000.0,10,63,mle_local,mle_local,,,,,False,0.18551229999866337,failure,nan,nan,nan,nan,nan,nan,"{""solution_info"": {""status"": ""unbounded""}}"
2.0,1000.0,1000.0,10,63,mmle_i,mmle_i,1.2203257336112963,505.66937112378054,1493.8798524599872,0.0,True,0.05617850000271574,success,-0.7796742663887037,-494.33062887621946,493.8798524599872,-0.38983713319435187,-0.4943306288762195,0.4938798524599872,"{""solution_info"": {""status"": ""ok"", ""objective"": 2.4960052079258577e-29, ""roots_found"": 1, ""grid_size"": 97, ""strategy"": ""cw_i_profile_brent"", ""paper_domain"": false, ""raw_min_gap"": 73.67479361694537}}"
2.0,1000.0,1000.0,10,63,mmle_ii,mmle_ii,1.2095251023870879,500.4385365801162,1497.5485216704612,nan,True,0.13333020004210994,success,-0.7904748976129121,-499.5614634198838,497.54852167046124,-0.39523744880645606,-0.49956146341988383,0.49754852167046126,"{""solution_info"": {""status"": ""ok"", ""objective"": 2.3362608746186028e-27, ""roots_found"": 1, ""variant"": ""II"", ""grid_size"": 97, ""strategy"": ""CW_profile_Brent"", ""paper_domain"": false}}"
2.0,1000.0,1000.0,10,63,mmle_iii,mmle_iii,0.9272869737486238,387.07307058153907,1562.3750147477867,nan,True,1.5099998563528061e-05,success,-1.0727130262513762,-612.926929418461,562.3750147477867,-0.5363565131256881,-0.6129269294184609,0.5623750147477867,"{""solution_info"": {""status"": ""ok"", ""objective"": 2.3156361988467747e-30, ""roots_found"": 3, ""variant"": ""III"", ""grid_size"": 97, ""strategy"": ""CW_profile_Brent"", ""paper_domain"": false}}"
2.0,1000.0,1000.0,10,63,mmle_iv,mmle_iv,0.8705230702994311,372.6655842153616,1565.6759525112989,nan,True,1.0400020983070135e-05,success,-1.129476929700569,-627.3344157846384,565.6759525112989,-0.5647384648502844,-0.6273344157846384,0.5656759525112989,"{""solution_info"": {""status"": ""ok"", ""objective"": 1.5407439555097887e-30, ""roots_found"": 2, ""variant"": ""IV"", ""grid_size"": 97, ""strategy"": ""CW_profile_Brent"", ""paper_domain"": false}}"
2.0,1000.0,1000.0,10,63,mmle_v,mmle_v,0.7209482005567527,341.1328455785606,1567.4964673749946,nan,True,9.500014130026102e-06,success,-1.2790517994432473,-658.8671544214394,567.4964673749946,-0.6395258997216237,-0.6588671544214394,0.5674964673749946,"{""solution_info"": {""status"": ""ok"", ""objective"": 2.3255037099754044e-31, ""roots_found"": 1, ""variant"": ""V"", ""grid_size"": 97, ""strategy"": ""CW_profile_Brent"", ""paper_domain"": false}}"
2.0,1000.0,1000.0,10,63,wmle_checked,wmle_checked,0.9190466935015693,410.7403737477125,1552.3872483917849,0.8872377011364219,True,0.16229760000715032,success,-1.0809533064984307,-589.2596262522875,552.3872483917849,-0.5404766532492153,-0.5892596262522874,0.5523872483917849,"{""solution_info"": {""status"": ""ok"", ""objective"": 2.68123537037096e-19, ""strategy"": ""deterministic_multistart_equation_minimization"", ""start_count"": 5, ""selected_start"": 3, ""location_at_zero_boundary"": false, ""production_status"": ""ok"", ""recovered"": false}}"
2.0,1000.0,1000.0,10,63,mme_i,mme_i,0.9327187306814985,415.57536580740566,1534.1236180953024,nan,True,0.0391111999633722,success,-1.0672812693185016,-584.4246341925943,534.1236180953024,-0.5336406346592508,-0.5844246341925944,0.5341236180953024,"{""solution_info"": {""status"": ""ok"", ""variant"": ""I"", ""roots_found"": 1, ""candidate_estimates"": [[0.9327187306814985, 0.41557536580740567, 1.5341236180953024]], ""sample_moment_shape_initializer"": 1.2351046230808014, ""criterion_residual"": 2.731148640577885e-14, ""strategy"": ""CW_moment_Brent_valid_support_then_sample_skew_initializer""}}"
2.0,1000.0,1000.0,10,63,mme_ii,mme_ii,0.9414961473565199,421.5205333667965,1530.003522890085,nan,True,1.2599979527294636e-05,success,-1.0585038526434802,-578.4794666332035,530.0035228900849,-0.5292519263217401,-0.5784794666332035,0.5300035228900849,"{""solution_info"": {""status"": ""ok"", ""variant"": ""II"", ""roots_found"": 1, ""candidate_estimates"": [[0.9414961473565199, 0.4215205333667965, 1.530003522890085]], ""sample_moment_shape_initializer"": 1.2351046230808014, ""criterion_residual"": -2.4424906541753444e-15, ""strategy"": ""CW_moment_Brent_valid_support_then_sample_skew_initializer""}}"
2.0,1000.0,1000.0,10,63,mme_iii,mme_iii,,,,,False,9.90001717582345e-06,failure,nan,nan,nan,nan,nan,nan,"{""solution_info"": {""status"": ""no_root_in_declared_shape_domain"", ""variant"": ""III""}}"
2.0,1000.0,1000.0,10,63,mmle_i_paper,mmle_i_paper,1.2203257336112927,505.66937112377883,1493.8798524599883,0.0,True,0.0718452000292018,success,-0.7796742663887073,-494.33062887622117,493.87985245998834,-0.38983713319435365,-0.49433062887622115,0.49387985245998833,"{""solution_info"": {""status"": ""ok"", ""objective"": 1.20412221611001e-28, ""roots_found"": 1, ""grid_size"": 97, ""strategy"": ""cw_i_profile_brent"", ""paper_domain"": true, ""raw_min_gap"": 73.67479361694413}}"
2.0,1000.0,1000.0,10,63,mmle_ii_paper,mmle_ii_paper,1.209525102387069,500.4385365801069,1497.5485216704676,nan,True,0.13506890001008287,success,-0.790474897612931,-499.5614634198931,497.5485216704676,-0.3952374488064655,-0.49956146341989305,0.4975485216704676,"{""solution_info"": {""status"": ""ok"", ""objective"": 3.1012094336501027e-29, ""roots_found"": 1, ""variant"": ""II"", ""grid_size"": 97, ""strategy"": ""CW_profile_Brent"", ""paper_domain"": true}}"
2.0,1000.0,1000.0,10,63,mmle_iii_paper,mmle_iii_paper,0.9272869737486238,387.0730705815389,1562.375014747787,nan,True,1.0700023267418146e-05,success,-1.0727130262513762,-612.9269294184611,562.375014747787,-0.5363565131256881,-0.612926929418461,0.562375014747787,"{""solution_info"": {""status"": ""ok"", ""objective"": 7.332298517986646e-30, ""roots_found"": 3, ""variant"": ""III"", ""grid_size"": 97, ""strategy"": ""CW_profile_Brent"", ""paper_domain"": true}}"
2.0,1000.0,1000.0,10,63,mmle_iv_paper,mmle_iv_paper,0.8705230702994358,372.66558421536257,1565.6759525112989,nan,True,9.500014130026102e-06,success,-1.1294769297005642,-627.3344157846375,565.6759525112989,-0.5647384648502821,-0.6273344157846374,0.5656759525112989,"{""solution_info"": {""status"": ""ok"", ""objective"": 1.3509243001909827e-28, ""roots_found"": 2, ""variant"": ""IV"", ""grid_size"": 97, ""strategy"": ""CW_profile_Brent"", ""paper_domain"": true}}"
2.0,1000.0,1000.0,10,63,mmle_v_paper,mmle_v_paper,0.7209482005567522,341.1328455785606,1567.4964673749946,nan,True,8.90000956133008e-06,success,-1.2790517994432478,-658.8671544214394,567.4964673749946,-0.6395258997216239,-0.6588671544214394,0.5674964673749946,"{""solution_info"": {""status"": ""ok"", ""objective"": 2.007487407744817e-30, ""roots_found"": 1, ""variant"": ""V"", ""grid_size"": 97, ""strategy"": ""CW_profile_Brent"", ""paper_domain"": true}}"
2.0,1000.0,1000.0,10,64,mle_local,mle_local,,,,,False,2.5309056999976747,failure,nan,nan,nan,nan,nan,nan,"{""solution_info"": {""status"": ""unbounded""}}"
2.0,1000.0,1000.0,10,64,mmle_i,mmle_i,1.1274323102826043,499.70032378592094,1332.0086497501968,0.0,True,0.0538442000397481,success,-0.8725676897173957,-500.29967621407906,332.0086497501968,-0.43628384485869787,-0.500299676214079,0.3320086497501968,"{""solution_info"": {""status"": ""ok"", ""objective"": 7.112074098633185e-30, ""roots_found"": 1, ""grid_size"": 97, ""strategy"": ""cw_i_profile_brent"", ""paper_domain"": false, ""raw_min_gap"": 62.120589883607856}}"
2.0,1000.0,1000.0,10,64,mmle_ii,mmle_ii,1.1265733373857292,499.3918961579843,1332.1886402634195,nan,True,0.12602109997533262,success,-0.8734266626142708,-500.6081038420157,332.18864026341953,-0.4367133313071354,-0.5006081038420157,0.33218864026341954,"{""solution_info"": {""status"": ""ok"", ""objective"": 5.053640174072107e-31, ""roots_found"": 1, ""variant"": ""II"", ""grid_size"": 97, ""strategy"": ""CW_profile_Brent"", ""paper_domain"": false}}"
2.0,1000.0,1000.0,10,64,mmle_iii,mmle_iii,1.0000000000000966,454.42750912094925,1356.28760224117,nan,True,1.0299962013959885e-05,success,-0.9999999999999034,-545.5724908790507,356.2876022411699,-0.4999999999999517,-0.5455724908790508,0.3562876022411699,"{""solution_info"": {""status"": ""ok"", ""objective"": 5.398409326824957e-30, ""roots_found"": 3, ""variant"": ""III"", ""grid_size"": 97, ""strategy"": ""CW_profile_Brent"", ""paper_domain"": false}}"
2.0,1000.0,1000.0,10,64,mmle_iv,mmle_iv,1.2024866306924258,526.8120896795373,1315.517988063347,nan,True,9.400013368576765e-06,success,-0.7975133693075742,-473.1879103204627,315.51798806334705,-0.3987566846537871,-0.4731879103204627,0.315517988063347,"{""solution_info"": {""status"": ""ok"", ""objective"": 9.860761315262648e-32, ""roots_found"": 2, ""variant"": ""IV"", ""grid_size"": 97, ""strategy"": ""CW_profile_Brent"", ""paper_domain"": false}}"
2.0,1000.0,1000.0,10,64,mmle_v,mmle_v,1.3734169016713014,589.6443799639172,1273.0660563748934,nan,True,8.600007276982069e-06,success,-0.6265830983286986,-410.35562003608277,273.0660563748934,-0.3132915491643493,-0.4103556200360828,0.2730660563748934,"{""solution_info"": {""status"": ""ok"", ""objective"": 8.26231760632732e-28, ""roots_found"": 1, ""variant"": ""V"", ""grid_size"": 97, ""strategy"": ""CW_profile_Brent"", ""paper_domain"": false}}"
2.0,1000.0,1000.0,10,64,wmle_checked,wmle_checked,0.7614643135688464,400.35486198423814,1377.6298140526371,0.8952383708005563,True,0.1464391999761574,success,-1.2385356864311536,-599.6451380157619,377.62981405263713,-0.6192678432155768,-0.5996451380157619,0.3776298140526371,"{""solution_info"": {""status"": ""ok"", ""objective"": 6.82004759200408e-20, ""strategy"": ""deterministic_multistart_equation_minimization"", ""start_count"": 5, ""selected_start"": 3, ""location_at_zero_boundary"": false, ""production_status"": ""ok"", ""recovered"": false}}"
2.0,1000.0,1000.0,10,64,mme_i,mme_i,1.1819641402401173,515.8642547127128,1323.5240070094126,nan,True,0.027279000030830503,success,-0.8180358597598827,-484.13574528728725,323.52400700941257,-0.40901792987994134,-0.48413574528728726,0.3235240070094126,"{""solution_info"": {""status"": ""ok"", ""variant"": ""I"", ""roots_found"": 1, ""candidate_estimates"": [[1.1819641402401173, 0.5158642547127128, 1.3235240070094125]], ""sample_moment_shape_initializer"": 2.212480061215286, ""criterion_residual"": 1.0658141036401503e-14, ""strategy"": ""CW_moment_Brent_valid_support_then_sample_skew_initializer""}}"
2.0,1000.0,1000.0,10,64,mme_ii,mme_ii,1.1768167393051923,513.1012768645239,1325.5597612835672,nan,True,1.1100026313215494e-05,success,-0.8231832606948077,-486.8987231354761,325.55976128356724,-0.41159163034740387,-0.48689872313547605,0.32555976128356723,"{""solution_info"": {""status"": ""ok"", ""variant"": ""II"", ""roots_found"": 1, ""candidate_estimates"": [[1.1768167393051923, 0.5131012768645239, 1.3255597612835672]], ""sample_moment_shape_initializer"": 2.212480061215286, ""criterion_residual"": 2.864375403532904e-14, ""strategy"": ""CW_moment_Brent_valid_support_then_sample_skew_initializer""}}"
2.0,1000.0,1000.0,10,64,mme_iii,mme_iii,1.4330556768036788,643.1316211771262,1226.6065817695253,nan,True,9.600014891475439e-06,success,-0.5669443231963212,-356.86837882287375,226.6065817695253,-0.2834721615981606,-0.35686837882287376,0.22660658176952528,"{""solution_info"": {""status"": ""ok"", ""variant"": ""III"", ""roots_found"": 2, ""candidate_estimates"": [[0.3255322860806512, 0.013783498244133312, 1.7201322674034545], [1.4330556768036788, 0.6431316211771263, 1.2266065817695253]], ""sample_moment_shape_initializer"": 2.212480061215286, ""criterion_residual"": 4.829470157119431e-15, ""strategy"": ""CW_moment_Brent_valid_support_then_sample_skew_initializer""}}"
2.0,1000.0,1000.0,10,64,mmle_i_paper,mmle_i_paper,1.1274323102825845,499.70032378591367,1332.0086497502011,0.0,True,0.06548389996169135,success,-0.8725676897174155,-500.29967621408633,332.00864975020113,-0.43628384485870775,-0.5002996762140863,0.3320086497502011,"{""solution_info"": {""status"": ""ok"", ""objective"": 2.557881485179131e-28, ""roots_found"": 1, ""grid_size"": 97, ""strategy"": ""cw_i_profile_brent"", ""paper_domain"": true, ""raw_min_gap"": 62.120589883603664}}"
2.0,1000.0,1000.0,10,64,mmle_ii_paper,mmle_ii_paper,1.1265733373857332,499.3918961579859,1332.1886402634186,nan,True,0.1765793000231497,success,-0.8734266626142668,-500.6081038420141,332.1886402634186,-0.4367133313071334,-0.500608103842014,0.3321886402634186,"{""solution_info"": {""status"": ""ok"", ""objective"": 2.8398992587956425e-29, ""roots_found"": 1, ""variant"": ""II"", ""grid_size"": 97, ""strategy"": ""CW_profile_Brent"", ""paper_domain"": true}}"
2.0,1000.0,1000.0,10,64,mmle_iii_paper,mmle_iii_paper,1.0000000000000382,454.4275091209287,1356.28760224118,nan,True,1.2299977242946625e-05,success,-0.9999999999999618,-545.5724908790713,356.2876022411799,-0.4999999999999809,-0.5455724908790713,0.3562876022411799,"{""solution_info"": {""status"": ""ok"", ""objective"": 7.318310355370657e-31, ""roots_found"": 3, ""variant"": ""III"", ""grid_size"": 97, ""strategy"": ""CW_profile_Brent"", ""paper_domain"": true}}"
2.0,1000.0,1000.0,10,64,mmle_iv_paper,mmle_iv_paper,1.2024866306924282,526.8120896795383,1315.5179880633464,nan,True,9.700015652924776e-06,success,-0.7975133693075718,-473.1879103204617,315.51798806334637,-0.3987566846537859,-0.4731879103204617,0.31551798806334636,"{""solution_info"": {""status"": ""ok"", ""objective"": 1.2818989709841442e-30, ""roots_found"": 2, ""variant"": ""IV"", ""grid_size"": 97, ""strategy"": ""CW_profile_Brent"", ""paper_domain"": true}}"
2.0,1000.0,1000.0,10,64,mmle_v_paper,mmle_v_paper,1.3734169016712747,589.6443799639076,1273.0660563749004,nan,True,9.300012607127428e-06,success,-0.6265830983287253,-410.35562003609243,273.0660563749004,-0.31329154916436264,-0.41035562003609244,0.27306605637490045,"{""solution_info"": {""status"": ""ok"", ""objective"": 8.149959863550723e-28, ""roots_found"": 1, ""variant"": ""V"", ""grid_size"": 97, ""strategy"": ""CW_profile_Brent"", ""paper_domain"": true}}"
2.0,1000.0,1000.0,10,65,mle_local,mle_local,3.2374931708061525,1494.958174947092,500.0433662073872,0.9113133503932401,True,0.08842440001899377,success,1.2374931708061525,494.95817494709195,-499.9566337926128,0.6187465854030763,0.49495817494709193,-0.4999566337926128,"{""solution_info"": {""status"": ""ok"", ""strategy"": ""deterministic_multistart_likelihood"", ""start_count"": 5, ""selected_start"": 1, ""log_likelihood"": -6.428529836143297, ""location_at_zero_boundary"": false}}"
2.0,1000.0,1000.0,10,65,mmle_i,mmle_i,,,,,False,0.04910039994865656,failure,nan,nan,nan,nan,nan,nan,"{""raw_status"": ""no_root_in_declared_location_domain"", ""solution_info"": {""status"": ""no_root_in_declared_location_domain"", ""location_lower"": 0.0, ""endpoint_constraint_residuals"": [6.61414199314817, 0.6285562079092744], ""grid_size"": 97}}"
2.0,1000.0,1000.0,10,65,mmle_ii,mmle_ii,,,,,False,0.09300689998781309,failure,nan,nan,nan,nan,nan,nan,"{""solution_info"": {""status"": ""no_root_in_declared_location_domain"", ""variant"": ""II"", ""grid_size"": 97}}"
2.0,1000.0,1000.0,10,65,mmle_iii,mmle_iii,0.9999999999999951,792.2289997605072,1043.80711574131,nan,True,1.1000025551766157e-05,success,-1.0000000000000049,-207.77100023949276,43.8071157413101,-0.5000000000000024,-0.20777100023949277,0.0438071157413101,"{""solution_info"": {""status"": ""ok"", ""objective"": 4.5183936280440344e-29, ""roots_found"": 2, ""variant"": ""III"", ""grid_size"": 97, ""strategy"": ""CW_profile_Brent"", ""paper_domain"": false}}"
2.0,1000.0,1000.0,10,65,mmle_iv,mmle_iv,1.816880779111455,973.5033049923289,962.098271133122,nan,True,9.800016414374113e-06,success,-0.18311922088854504,-26.496695007671065,-37.90172886687799,-0.09155961044427252,-0.026496695007671066,-0.03790172886687799,"{""solution_info"": {""status"": ""ok"", ""objective"": 2.2803010541544873e-30, ""roots_found"": 1, ""variant"": ""IV"", ""grid_size"": 97, ""strategy"": ""CW_profile_Brent"", ""paper_domain"": false}}"
2.0,1000.0,1000.0,10,65,mmle_v,mmle_v,,,,,False,8.90000956133008e-06,failure,nan,nan,nan,nan,nan,nan,"{""solution_info"": {""status"": ""no_root_in_declared_location_domain"", ""variant"": ""V"", ""grid_size"": 97}}"
2.0,1000.0,1000.0,10,65,wmle_checked,wmle_checked,2.3801403518119613,1264.8305659681776,712.0158899090924,0.9405159113007374,True,0.1176221999921836,success,0.38014035181196126,264.83056596817755,-287.9841100909076,0.19007017590598063,0.26483056596817756,-0.28798411009090763,"{""solution_info"": {""status"": ""ok"", ""objective"": 3.152549963219751e-22, ""strategy"": ""deterministic_multistart_equation_minimization"", ""start_count"": 5, ""selected_start"": 0, ""location_at_zero_boundary"": false, ""production_status"": ""ok"", ""recovered"": false}}"
2.0,1000.0,1000.0,10,65,mme_i,mme_i,,,,,False,0.026576100033707917,failure,nan,nan,nan,nan,nan,nan,"{""solution_info"": {""status"": ""no_root_in_declared_shape_domain"", ""variant"": ""I""}}"
2.0,1000.0,1000.0,10,65,mme_ii,mme_ii,4.854132831818546,2286.8672225225037,-260.09740331051125,nan,False,1.1699972674250603e-05,failure,nan,nan,nan,nan,nan,nan,"{""solution_info"": {""status"": ""location_outside_effective_support"", ""variant"": ""II"", ""roots_found"": 1, ""candidate_estimates"": [[4.854132831818546, 2.2868672225225035, -0.26009740331051123]], ""sample_moment_shape_initializer"": 4.104765061052094, ""criterion_residual"": 5.5067062021407764e-14, ""strategy"": ""CW_moment_Brent_valid_support_then_sample_skew_initializer""}}"
2.0,1000.0,1000.0,10,65,mme_iii,mme_iii,,,,,False,8.899951353669167e-06,failure,nan,nan,nan,nan,nan,nan,"{""solution_info"": {""status"": ""no_root_in_declared_shape_domain"", ""variant"": ""III""}}"
2.0,1000.0,1000.0,10,65,mmle_i_paper,mmle_i_paper,,,,,False,0.05002690001856536,failure,nan,nan,nan,nan,nan,nan,"{""raw_status"": ""no_root_in_declared_location_domain"", ""solution_info"": {""status"": ""no_root_in_declared_location_domain"", ""location_lower"": -3096.73467224938, ""endpoint_constraint_residuals"": [6.61414199314817, 0.2680965321953437], ""grid_size"": 97}}"
2.0,1000.0,1000.0,10,65,mmle_ii_paper,mmle_ii_paper,6.906570622781956,2995.5417386605027,-962.0042463903928,nan,True,0.11750579997897148,success,4.906570622781956,1995.5417386605027,-1962.0042463903928,2.453285311390978,1.9955417386605028,-1.9620042463903928,"{""solution_info"": {""status"": ""ok"", ""objective"": 1.5210224328792634e-29, ""roots_found"": 1, ""variant"": ""II"", ""grid_size"": 97, ""strategy"": ""CW_profile_Brent"", ""paper_domain"": true}}"
2.0,1000.0,1000.0,10,65,mmle_iii_paper,mmle_iii_paper,0.9999999999999992,792.228999760508,1043.80711574131,nan,True,1.1199968867003918e-05,success,-1.0000000000000009,-207.77100023949197,43.8071157413101,-0.5000000000000004,-0.20777100023949197,0.0438071157413101,"{""solution_info"": {""status"": ""ok"", ""objective"": 3.865418435582958e-29, ""roots_found"": 3, ""variant"": ""III"", ""grid_size"": 97, ""strategy"": ""CW_profile_Brent"", ""paper_domain"": true}}"
2.0,1000.0,1000.0,10,65,mmle_iv_paper,mmle_iv_paper,1.8168807791114518,973.5033049923277,962.0982711331229,nan,True,9.400013368576765e-06,success,-0.18311922088854815,-26.496695007672315,-37.90172886687708,-0.09155961044427408,-0.026496695007672315,-0.03790172886687708,"{""solution_info"": {""status"": ""ok"", ""objective"": 9.860761315262648e-31, ""roots_found"": 2, ""variant"": ""IV"", ""grid_size"": 97, ""strategy"": ""CW_profile_Brent"", ""paper_domain"": true}}"
2.0,1000.0,1000.0,10,65,mmle_v_paper,mmle_v_paper,,,,,False,9.200011845678091e-06,failure,nan,nan,nan,nan,nan,nan,"{""solution_info"": {""status"": ""no_root_in_declared_location_domain"", ""variant"": ""V"", ""grid_size"": 97}}"
2.0,1000.0,1000.0,10,66,mle_local,mle_local,,,,,False,0.284233599959407,failure,nan,nan,nan,nan,nan,nan,"{""solution_info"": {""status"": ""unbounded""}}"
2.0,1000.0,1000.0,10,66,mmle_i,mmle_i,1.453765978982961,504.66266600205876,1363.6533185366923,0.0,True,0.07153850002214313,success,-0.5462340210170391,-495.33733399794124,363.65331853669227,-0.27311701050851955,-0.4953373339979412,0.36365331853669225,"{""solution_info"": {""status"": ""ok"", ""objective"": 1.392832535780849e-30, ""roots_found"": 1, ""grid_size"": 97, ""strategy"": ""cw_i_profile_brent"", ""paper_domain"": false, ""raw_min_gap"": 100.18048444172207}}"
2.0,1000.0,1000.0,10,66,mmle_ii,mmle_ii,1.3855974072280086,482.28498091431675,1380.267401257467,nan,True,0.14083970000501722,success,-0.6144025927719914,-517.7150190856833,380.2674012574671,-0.3072012963859957,-0.5177150190856833,0.3802674012574671,"{""solution_info"": {""status"": ""ok"", ""objective"": 1.2634100435180267e-29, ""roots_found"": 1, ""variant"": ""II"", ""grid_size"": 97, ""strategy"": ""CW_profile_Brent"", ""paper_domain"": false}}"
2.0,1000.0,1000.0,10,66,mmle_iii,mmle_iii,1.0000000000000213,368.0241553274608,1450.4774347028997,nan,True,1.1100026313215494e-05,success,-0.9999999999999787,-631.9758446725392,450.4774347028997,-0.49999999999998934,-0.6319758446725392,0.4504774347028997,"{""solution_info"": {""status"": ""ok"", ""objective"": 4.86115811319818e-27, ""roots_found"": 3, ""variant"": ""III"", ""grid_size"": 97, ""strategy"": ""CW_profile_Brent"", ""paper_domain"": false}}"
2.0,1000.0,1000.0,10,66,mmle_iv,mmle_iv,1.0994368356912683,394.73461794540395,1437.332128254483,nan,True,9.700015652924776e-06,success,-0.9005631643087317,-605.2653820545961,437.332128254483,-0.45028158215436587,-0.6052653820545961,0.437332128254483,"{""solution_info"": {""status"": ""ok"", ""objective"": 2.0006153505890351e-26, ""roots_found"": 2, ""variant"": ""IV"", ""grid_size"": 97, ""strategy"": ""CW_profile_Brent"", ""paper_domain"": false}}"
2.0,1000.0,1000.0,10,66,mmle_v,mmle_v,1.4101780075393466,490.30475672131604,1374.3815924252772,nan,True,9.000010322779417e-06,success,-0.5898219924606534,-509.69524327868396,374.3815924252772,-0.2949109962303267,-0.509695243278684,0.3743815924252772,"{""solution_info"": {""status"": ""ok"", ""objective"": 4.178958577802236e-27, ""roots_found"": 1, ""variant"": ""V"", ""grid_size"": 97, ""strategy"": ""CW_profile_Brent"", ""paper_domain"": false}}"
2.0,1000.0,1000.0,10,66,wmle_checked,wmle_checked,0.9715895325283068,386.7739259572658,1440.8703953569252,0.9663470667750904,True,0.15985490003367886,success,-1.0284104674716932,-613.2260740427341,440.8703953569252,-0.5142052337358466,-0.6132260740427341,0.4408703953569252,"{""solution_info"": {""status"": ""ok"", ""objective"": 6.217136875961822e-20, ""strategy"": ""deterministic_multistart_equation_minimization"", ""start_count"": 5, ""selected_start"": 3, ""location_at_zero_boundary"": false, ""production_status"": ""ok"", ""recovered"": false}}"
2.0,1000.0,1000.0,10,66,mme_i,mme_i,1.2139149453691467,446.8599447162592,1399.3863398342646,nan,True,0.027717199991457164,success,-0.7860850546308533,-553.1400552837408,399.3863398342646,-0.39304252731542666,-0.5531400552837408,0.39938633983426464,"{""solution_info"": {""status"": ""ok"", ""variant"": ""I"", ""roots_found"": 1, ""candidate_estimates"": [[1.2139149453691467, 0.44685994471625917, 1.3993863398342645]], ""sample_moment_shape_initializer"": 1.7021148991863664, ""criterion_residual"": -1.1191048088221578e-13, ""strategy"": ""CW_moment_Brent_valid_support_then_sample_skew_initializer""}}"
2.0,1000.0,1000.0,10,66,mme_ii,mme_ii,1.2053562993845963,443.06291419610244,1402.2068470180823,nan,True,1.1699972674250603e-05,success,-0.7946437006154037,-556.9370858038976,402.20684701808227,-0.39732185030770184,-0.5569370858038977,0.4022068470180823,"{""solution_info"": {""status"": ""ok"", ""variant"": ""II"", ""roots_found"": 1, ""candidate_estimates"": [[1.2053562993845963, 0.44306291419610244, 1.4022068470180822]], ""sample_moment_shape_initializer"": 1.7021148991863664, ""criterion_residual"": 2.220446049250313e-16, ""strategy"": ""CW_moment_Brent_valid_support_then_sample_skew_initializer""}}"
2.0,1000.0,1000.0,10,66,mme_iii,mme_iii,1.5245583787400745,575.6166330953201,1299.8553056465948,nan,True,9.7999582067132e-06,success,-0.4754416212599255,-424.38336690467986,299.85530564659484,-0.23772081062996275,-0.42438336690467987,0.29985530564659485,"{""solution_info"": {""status"": ""ok"", ""variant"": ""III"", ""roots_found"": 2, ""candidate_estimates"": [[0.30974242261459056, 0.008524303677293486, 1.7498568544654909], [1.5245583787400745, 0.5756166330953202, 1.299855305646595]], ""sample_moment_shape_initializer"": 1.7021148991863664, ""criterion_residual"": 1.942890293094024e-16, ""strategy"": ""CW_moment_Brent_valid_support_then_sample_skew_initializer""}}"
2.0,1000.0,1000.0,10,66,mmle_i_paper,mmle_i_paper,1.4537659789827078,504.66266600197497,1363.6533185367557,0.0,True,0.056636499997694045,success,-0.5462340210172922,-495.33733399802503,363.6533185367557,-0.2731170105086461,-0.49533733399802504,0.3636533185367557,"{""solution_info"": {""status"": ""ok"", ""objective"": 7.194731930358374e-26, ""roots_found"": 1, ""grid_size"": 97, ""strategy"": ""cw_i_profile_brent"", ""paper_domain"": true, ""raw_min_gap"": 100.18048444165872}}"
2.0,1000.0,1000.0,10,66,mmle_ii_paper,mmle_ii_paper,1.3855974072280053,482.2849809143155,1380.267401257468,nan,True,0.12605930003337562,success,-0.6144025927719947,-517.7150190856845,380.267401257468,-0.30720129638599736,-0.5177150190856845,0.380267401257468,"{""solution_info"": {""status"": ""ok"", ""objective"": 8.38164711797325e-31, ""roots_found"": 1, ""variant"": ""II"", ""grid_size"": 97, ""strategy"": ""CW_profile_Brent"", ""paper_domain"": true}}"
2.0,1000.0,1000.0,10,66,mmle_iii_paper,mmle_iii_paper,1.000000000000014,368.02415532745874,1450.4774347029006,nan,True,1.1200027074664831e-05,success,-0.999999999999986,-631.9758446725413,450.4774347029006,-0.499999999999993,-0.6319758446725413,0.45047743470290064,"{""solution_info"": {""status"": ""ok"", ""objective"": 4.954490219047141e-27, ""roots_found"": 3, ""variant"": ""III"", ""grid_size"": 97, ""strategy"": ""CW_profile_Brent"", ""paper_domain"": true}}"
2.0,1000.0,1000.0,10,66,mmle_iv_paper,mmle_iv_paper,1.0994368356912698,394.73461794540424,1437.3321282544828,nan,True,9.700015652924776e-06,success,-0.9005631643087302,-605.2653820545958,437.33212825448277,-0.4502815821543651,-0.6052653820545958,0.43733212825448275,"{""solution_info"": {""status"": ""ok"", ""objective"": 2.0006745151569267e-26, ""roots_found"": 2, ""variant"": ""IV"", ""grid_size"": 97, ""strategy"": ""CW_profile_Brent"", ""paper_domain"": true}}"
2.0,1000.0,1000.0,10,66,mmle_v_paper,mmle_v_paper,1.4101780075390686,490.3047567212251,1374.3815924253443,nan,True,1.0000017937272787e-05,success,-0.5898219924609314,-509.6952432787749,374.38159242534425,-0.2949109962304657,-0.5096952432787749,0.37438159242534425,"{""solution_info"": {""status"": ""ok"", ""objective"": 3.0814879110195774e-31, ""roots_found"": 1, ""variant"": ""V"", ""grid_size"": 97, ""strategy"": ""CW_profile_Brent"", ""paper_domain"": true}}"
2.0,1000.0,1000.0,10,67,mle_local,mle_local,1.8233834216929297,735.3455727690883,1098.9838841717803,0.8604007285986406,True,0.08139669999945909,success,-0.17661657830707034,-264.65442723091166,98.98388417178035,-0.08830828915353517,-0.26465442723091165,0.09898388417178035,"{""solution_info"": {""status"": ""ok"", ""strategy"": ""deterministic_multistart_likelihood"", ""start_count"": 5, ""selected_start"": 0, ""log_likelihood"": -3.640382325920049, ""location_at_zero_boundary"": false}}"
2.0,1000.0,1000.0,10,67,mmle_i,mmle_i,,,,,False,0.056060299975797534,failure,nan,nan,nan,nan,nan,nan,"{""raw_status"": ""no_root_in_declared_location_domain"", ""solution_info"": {""status"": ""no_root_in_declared_location_domain"", ""location_lower"": 0.0, ""endpoint_constraint_residuals"": [6.496292473744504, 0.001133655020018054], ""grid_size"": 97}}"
2.0,1000.0,1000.0,10,67,mmle_ii,mmle_ii,3.257009171681721,1237.3096725306657,645.7430650696282,nan,True,0.13688669999828562,success,1.2570091716817209,237.3096725306657,-354.2569349303718,0.6285045858408604,0.2373096725306657,-0.3542569349303718,"{""solution_info"": {""status"": ""ok"", ""objective"": 9.860761315262648e-32, ""roots_found"": 1, ""variant"": ""II"", ""grid_size"": 97, ""strategy"": ""CW_profile_Brent"", ""paper_domain"": false}}"
2.0,1000.0,1000.0,10,67,mmle_iii,mmle_iii,0.9999999999999992,562.1277633937252,1192.207885166577,nan,True,1.0999967344105244e-05,success,-1.0000000000000009,-437.8722366062748,192.20788516657694,-0.5000000000000004,-0.4378722366062748,0.19220788516657694,"{""solution_info"": {""status"": ""ok"", ""objective"": 2.717012602392093e-25, ""roots_found"": 3, ""variant"": ""III"", ""grid_size"": 97, ""strategy"": ""CW_profile_Brent"", ""paper_domain"": false}}"
2.0,1000.0,1000.0,10,67,mmle_iv,mmle_iv,1.6006114005134917,672.5519689299695,1146.4517360820973,nan,True,1.0199961252510548e-05,success,-0.3993885994865083,-327.44803107003054,146.45173608209734,-0.19969429974325414,-0.32744803107003057,0.14645173608209733,"{""solution_info"": {""status"": ""ok"", ""objective"": 5.751153451658854e-27, ""roots_found"": 2, ""variant"": ""IV"", ""grid_size"": 97, ""strategy"": ""CW_profile_Brent"", ""paper_domain"": false}}"
2.0,1000.0,1000.0,10,67,mmle_v,mmle_v,3.4772684699683403,1319.394153033327,567.5856320118771,nan,True,9.09995287656784e-06,success,1.4772684699683403,319.39415303332703,-432.4143679881229,0.7386342349841701,0.319394153033327,-0.4324143679881229,"{""solution_info"": {""status"": ""ok"", ""objective"": 7.441123447613377e-26, ""roots_found"": 1, ""variant"": ""V"", ""grid_size"": 97, ""strategy"": ""CW_profile_Brent"", ""paper_domain"": false}}"
2.0,1000.0,1000.0,10,67,wmle_checked,wmle_checked,1.7695231582813773,775.1081532335977,1065.5705287950777,0.9503055704134742,True,0.14559709996683523,success,-0.2304768417186227,-224.8918467664023,65.57052879507773,-0.11523842085931135,-0.2248918467664023,0.06557052879507773,"{""solution_info"": {""status"": ""ok"", ""objective"": 1.2395009357198199e-21, ""strategy"": ""deterministic_multistart_equation_minimization"", ""start_count"": 5, ""selected_start"": 3, ""location_at_zero_boundary"": false, ""production_status"": ""ok"", ""recovered"": false}}"
2.0,1000.0,1000.0,10,67,mme_i,mme_i,,,,,False,0.03668580000521615,failure,nan,nan,nan,nan,nan,nan,"{""solution_info"": {""status"": ""no_root_in_declared_shape_domain"", ""variant"": ""I""}}"
2.0,1000.0,1000.0,10,67,mme_ii,mme_ii,2.8474599652710664,1136.6297455341287,741.5629762550777,nan,True,1.2499978765845299e-05,success,0.8474599652710664,136.6297455341287,-258.43702374492227,0.4237299826355332,0.13662974553412868,-0.2584370237449223,"{""solution_info"": {""status"": ""ok"", ""variant"": ""II"", ""roots_found"": 1, ""candidate_estimates"": [[2.8474599652710664, 1.1366297455341288, 0.7415629762550777]], ""sample_moment_shape_initializer"": 2.390004349525376, ""criterion_residual"": 1.0391687510491465e-13, ""strategy"": ""CW_moment_Brent_valid_support_then_sample_skew_initializer""}}"
2.0,1000.0,1000.0,10,67,mme_iii,mme_iii,3.4744493112401194,1346.2568988727362,543.5137906305274,nan,True,4.7600013203918934e-05,success,1.4744493112401194,346.2568988727362,-456.4862093694726,0.7372246556200597,0.3462568988727362,-0.4564862093694726,"{""solution_info"": {""status"": ""ok"", ""variant"": ""III"", ""roots_found"": 1, ""candidate_estimates"": [[3.4744493112401194, 1.3462568988727361, 0.5435137906305274]], ""sample_moment_shape_initializer"": 2.390004349525376, ""criterion_residual"": 3.5535593564950396e-14, ""strategy"": ""CW_moment_Brent_valid_support_then_sample_skew_initializer""}}"
2.0,1000.0,1000.0,10,67,mmle_i_paper,mmle_i_paper,5.034610216966833,1909.244334216634,-4.282833909434958,0.0,True,0.0783032999606803,success,3.0346102169668328,909.2443342166339,-1004.282833909435,1.5173051084834164,0.9092443342166339,-1.004282833909435,"{""solution_info"": {""status"": ""ok"", ""objective"": 1.9832456195322e-29, ""roots_found"": 1, ""grid_size"": 97, ""strategy"": ""cw_i_profile_brent"", ""paper_domain"": true, ""raw_min_gap"": 1196.9966668970026}}"
2.0,1000.0,1000.0,10,67,mmle_ii_paper,mmle_ii_paper,3.257009171681718,1237.309672530665,645.7430650696288,nan,True,0.15844939998351038,success,1.2570091716817182,237.309672530665,-354.25693493037124,0.6285045858408591,0.237309672530665,-0.35425693493037125,"{""solution_info"": {""status"": ""ok"", ""objective"": 6.162975822039155e-32, ""roots_found"": 1, ""variant"": ""II"", ""grid_size"": 97, ""strategy"": ""CW_profile_Brent"", ""paper_domain"": true}}"
2.0,1000.0,1000.0,10,67,mmle_iii_paper,mmle_iii_paper,0.9999999999999974,562.1277633937251,1192.207885166577,nan,True,1.1700030881911516e-05,success,-1.0000000000000027,-437.8722366062749,192.20788516657694,-0.5000000000000013,-0.4378722366062749,0.19220788516657694,"{""solution_info"": {""status"": ""ok"", ""objective"": 2.726283059925005e-25, ""roots_found"": 3, ""variant"": ""III"", ""grid_size"": 97, ""strategy"": ""CW_profile_Brent"", ""paper_domain"": true}}"
2.0,1000.0,1000.0,10,67,mmle_iv_paper,mmle_iv_paper,1.6006114005134913,672.5519689299692,1146.4517360820976,nan,True,1.0200019460171461e-05,success,-0.39938859948650873,-327.44803107003077,146.45173608209757,-0.19969429974325437,-0.3274480310700308,0.14645173608209758,"{""solution_info"": {""status"": ""ok"", ""objective"": 5.353715466847193e-27, ""roots_found"": 2, ""variant"": ""IV"", ""grid_size"": 97, ""strategy"": ""CW_profile_Brent"", ""paper_domain"": true}}"
2.0,1000.0,1000.0,10,67,mmle_v_paper,mmle_v_paper,3.4772684699683443,1319.394153033329,567.5856320118753,nan,True,1.6599951777607203e-05,success,1.4772684699683443,319.3941530333291,-432.4143679881247,0.7386342349841721,0.3193941530333291,-0.4324143679881247,"{""solution_info"": {""status"": ""ok"", ""objective"": 7.483483231776888e-26, ""roots_found"": 1, ""variant"": ""V"", ""grid_size"": 97, ""strategy"": ""CW_profile_Brent"", ""paper_domain"": true}}"
2.0,1000.0,1000.0,10,68,mle_local,mle_local,,,,,False,0.1926926000160165,failure,nan,nan,nan,nan,nan,nan,"{""solution_info"": {""status"": ""unbounded""}}"
2.0,1000.0,1000.0,10,68,mmle_i,mmle_i,1.8841115294833821,1155.7101842913944,959.5556672442374,0.0,True,0.063325299997814,success,-0.11588847051661788,155.7101842913944,-40.444332755762616,-0.05794423525830894,0.1557101842913944,-0.04044433275576262,"{""solution_info"": {""status"": ""ok"", ""objective"": 5.049942388578883e-29, ""roots_found"": 1, ""grid_size"": 97, ""strategy"": ""cw_i_profile_brent"", ""paper_domain"": false, ""raw_min_gap"": 331.91194981038444}}"
2.0,1000.0,1000.0,10,68,mmle_ii,mmle_ii,1.6833879525576432,1040.9183168564837,1054.7890584604856,nan,True,0.11423169996123761,success,-0.3166120474423568,40.91831685648367,54.78905846048565,-0.1583060237211784,0.04091831685648367,0.05478905846048565,"{""solution_info"": {""status"": ""ok"", ""objective"": 4.5606021083089745e-29, ""roots_found"": 1, ""variant"": ""II"", ""grid_size"": 97, ""strategy"": ""CW_profile_Brent"", ""paper_domain"": false}}"
2.0,1000.0,1000.0,10,68,mmle_iii,mmle_iii,0.999999999999995,694.7397673048234,1283.6195722953198,nan,True,1.0600022505968809e-05,success,-1.0000000000000049,-305.26023269517657,283.6195722953198,-0.5000000000000024,-0.30526023269517655,0.2836195722953198,"{""solution_info"": {""status"": ""ok"", ""objective"": 2.2148930536911633e-30, ""roots_found"": 2, ""variant"": ""III"", ""grid_size"": 97, ""strategy"": ""CW_profile_Brent"", ""paper_domain"": false}}"
2.0,1000.0,1000.0,10,68,mmle_iv,mmle_iv,1.2072515833870918,782.5879718133465,1242.8331557450547,nan,True,9.400013368576765e-06,success,-0.7927484166129082,-217.41202818665352,242.83315574505468,-0.3963742083064541,-0.2174120281866535,0.24283315574505468,"{""solution_info"": {""status"": ""ok"", ""objective"": 5.6329599013437874e-30, ""roots_found"": 1, ""variant"": ""IV"", ""grid_size"": 97, ""strategy"": ""CW_profile_Brent"", ""paper_domain"": false}}"
2.0,1000.0,1000.0,10,68,mmle_v,mmle_v,0.7805986898206756,626.7075160069622,1291.2684994719912,nan,True,8.90000956133008e-06,success,-1.2194013101793244,-373.29248399303776,291.26849947199116,-0.6097006550896622,-0.37329248399303777,0.2912684994719912,"{""solution_info"": {""status"": ""ok"", ""objective"": 2.0186690523011917e-30, ""roots_found"": 1, ""variant"": ""V"", ""grid_size"": 97, ""strategy"": ""CW_profile_Brent"", ""paper_domain"": false}}"
2.0,1000.0,1000.0,10,68,wmle_checked,wmle_checked,1.0995008458062308,784.9175987438443,1239.8488017344957,0.9551346155978293,True,0.13101780001306906,success,-0.9004991541937692,-215.08240125615566,239.84880173449574,-0.4502495770968846,-0.21508240125615566,0.23984880173449574,"{""solution_info"": {""status"": ""ok"", ""objective"": 3.96500909451081e-20, ""strategy"": ""deterministic_multistart_equation_minimization"", ""start_count"": 5, ""selected_start"": 3, ""location_at_zero_boundary"": false, ""production_status"": ""ok"", ""recovered"": false}}"
2.0,1000.0,1000.0,10,68,mme_i,mme_i,1.470823693821133,977.4830903481028,1093.7546748038953,nan,True,0.027393100026529282,success,-0.529176306178867,-22.51690965189721,93.75467480389534,-0.2645881530894335,-0.022516909651897208,0.09375467480389534,"{""solution_info"": {""status"": ""ok"", ""variant"": ""I"", ""roots_found"": 1, ""candidate_estimates"": [[1.470823693821133, 0.9774830903481028, 1.0937546748038953]], ""sample_moment_shape_initializer"": 2.2260672552821603, ""criterion_residual"": 2.220446049250313e-16, ""strategy"": ""CW_moment_Brent_valid_support_then_sample_skew_initializer""}}"
2.0,1000.0,1000.0,10,68,mme_ii,mme_ii,1.4193129012404588,941.0268574780661,1122.4841749772663,nan,True,1.1699972674250603e-05,success,-0.5806870987595412,-58.97314252193394,122.48417497726632,-0.2903435493797706,-0.05897314252193394,0.12248417497726632,"{""solution_info"": {""status"": ""ok"", ""variant"": ""II"", ""roots_found"": 1, ""candidate_estimates"": [[1.4193129012404588, 0.941026857478066, 1.1224841749772663]], ""sample_moment_shape_initializer"": 2.2260672552821603, ""criterion_residual"": 9.769962616701378e-15, ""strategy"": ""CW_moment_Brent_valid_support_then_sample_skew_initializer""}}"
2.0,1000.0,1000.0,10,68,mme_iii,mme_iii,,,,,False,9.700015652924776e-06,failure,nan,nan,nan,nan,nan,nan,"{""solution_info"": {""status"": ""no_root_in_declared_shape_domain"", ""variant"": ""III""}}"
2.0,1000.0,1000.0,10,68,mmle_i_paper,mmle_i_paper,1.8841115294833957,1155.7101842914017,959.555667244231,0.0,True,0.06033539999043569,success,-0.11588847051660434,155.71018429140167,-40.44433275576898,-0.05794423525830217,0.15571018429140168,-0.04044433275576898,"{""solution_info"": {""status"": ""ok"", ""objective"": 8.38164711797325e-31, ""roots_found"": 1, ""grid_size"": 97, ""strategy"": ""cw_i_profile_brent"", ""paper_domain"": true, ""raw_min_gap"": 331.91194981039075}}"
2.0,1000.0,1000.0,10,68,mmle_ii_paper,mmle_ii_paper,1.6833879525576394,1040.9183168564819,1054.7890584604872,nan,True,0.1494243000051938,success,-0.3166120474423606,40.91831685648185,54.78905846048724,-0.1583060237211803,0.040918316856481854,0.05478905846048724,"{""solution_info"": {""status"": ""ok"", ""objective"": 4.0490751150797247e-29, ""roots_found"": 1, ""variant"": ""II"", ""grid_size"": 97, ""strategy"": ""CW_profile_Brent"", ""paper_domain"": true}}"
2.0,1000.0,1000.0,10,68,mmle_iii_paper,mmle_iii_paper,1.0000000000000009,694.7397673048255,1283.6195722953194,nan,True,1.0700023267418146e-05,success,-0.9999999999999991,-305.2602326951745,283.61957229531936,-0.49999999999999956,-0.30526023269517455,0.28361957229531937,"{""solution_info"": {""status"": ""ok"", ""objective"": 1.3149003386903906e-29, ""roots_found"": 3, ""variant"": ""III"", ""grid_size"": 97, ""strategy"": ""CW_profile_Brent"", ""paper_domain"": true}}"
2.0,1000.0,1000.0,10,68,mmle_iv_paper,mmle_iv_paper,1.2072515833870905,782.5879718133457,1242.8331557450551,nan,True,9.400013368576765e-06,success,-0.7927484166129095,-217.4120281866543,242.83315574505514,-0.39637420830645476,-0.2174120281866543,0.24283315574505512,"{""solution_info"": {""status"": ""ok"", ""objective"": 3.7594152514438844e-30, ""roots_found"": 2, ""variant"": ""IV"", ""grid_size"": 97, ""strategy"": ""CW_profile_Brent"", ""paper_domain"": true}}"
2.0,1000.0,1000.0,10,68,mmle_v_paper,mmle_v_paper,0.7805986898206771,626.707516006963,1291.2684994719912,nan,True,9.600014891475439e-06,success,-1.2194013101793229,-373.29248399303697,291.26849947199116,-0.6097006550896614,-0.373292483993037,0.2912684994719912,"{""solution_info"": {""status"": ""ok"", ""objective"": 2.943115425607065e-30, ""roots_found"": 1, ""variant"": ""V"", ""grid_size"": 97, ""strategy"": ""CW_profile_Brent"", ""paper_domain"": true}}"
2.0,1000.0,1000.0,10,69,mle_local,mle_local,1.465501204097113,833.8969757024025,1061.2768409328119,0.8036693360163079,True,0.09853920002933592,success,-0.5344987959028871,-166.10302429759747,61.276840932811865,-0.26724939795144353,-0.16610302429759746,0.06127684093281187,"{""solution_info"": {""status"": ""ok"", ""strategy"": ""deterministic_multistart_likelihood"", ""start_count"": 5, ""selected_start"": 1, ""log_likelihood"": -6.323096263621725, ""location_at_zero_boundary"": false}}"
2.0,1000.0,1000.0,10,69,mmle_i,mmle_i,3.539838411044191,1829.0887482842932,173.94234243983763,0.0,True,0.057174200017470866,success,1.5398384110441912,829.0887482842932,-826.0576575601624,0.7699192055220956,0.8290887482842931,-0.8260576575601624,"{""solution_info"": {""status"": ""ok"", ""objective"": 4.589642050382423e-27, ""roots_found"": 1, ""grid_size"": 97, ""strategy"": ""cw_i_profile_brent"", ""paper_domain"": false, ""raw_min_gap"": 941.5489038411602}}"
2.0,1000.0,1000.0,10,69,mmle_ii,mmle_ii,2.6244887685695457,1365.0607221714108,611.1034011638299,nan,True,0.10868899995693937,success,0.6244887685695457,365.0607221714108,-388.89659883617014,0.31224438428477286,0.36506072217141083,-0.3888965988361701,"{""solution_info"": {""status"": ""ok"", ""objective"": 4.203889067729348e-27, ""roots_found"": 1, ""variant"": ""II"", ""grid_size"": 97, ""strategy"": ""CW_profile_Brent"", ""paper_domain"": false}}"
2.0,1000.0,1000.0,10,69,mmle_iii,mmle_iii,1.0000000000000009,706.2266127328328,1114.2785236987293,nan,True,1.0500021744519472e-05,success,-0.9999999999999991,-293.7733872671672,114.27852369872926,-0.49999999999999956,-0.29377338726716723,0.11427852369872926,"{""solution_info"": {""status"": ""ok"", ""objective"": 1.7958571964977469e-31, ""roots_found"": 3, ""variant"": ""III"", ""grid_size"": 97, ""strategy"": ""CW_profile_Brent"", ""paper_domain"": false}}"
2.0,1000.0,1000.0,10,69,mmle_iv,mmle_iv,1.4641311141847857,833.3952134366314,1061.6102601826194,nan,True,9.600014891475439e-06,success,-0.5358688858152143,-166.60478656336863,61.61026018261941,-0.26793444290760715,-0.16660478656336863,0.06161026018261941,"{""solution_info"": {""status"": ""ok"", ""objective"": 2.9306936977201206e-25, ""roots_found"": 1, ""variant"": ""IV"", ""grid_size"": 97, ""strategy"": ""CW_profile_Brent"", ""paper_domain"": false}}"
2.0,1000.0,1000.0,10,69,mmle_v,mmle_v,,,,,False,8.90000956133008e-06,failure,nan,nan,nan,nan,nan,nan,"{""solution_info"": {""status"": ""no_root_in_declared_location_domain"", ""variant"": ""V"", ""grid_size"": 97}}"
2.0,1000.0,1000.0,10,69,wmle_checked,wmle_checked,1.5254953748659887,920.9472759832967,996.3538041068218,0.9523441286289744,True,0.14440309995552525,success,-0.47450462513401126,-79.05272401670334,-3.6461958931781737,-0.23725231256700563,-0.07905272401670334,-0.003646195893178174,"{""solution_info"": {""status"": ""ok"", ""objective"": 3.559646830091201e-21, ""strategy"": ""deterministic_multistart_equation_minimization"", ""start_count"": 5, ""selected_start"": 3, ""location_at_zero_boundary"": false, ""production_status"": ""ok"", ""recovered"": false}}"
2.0,1000.0,1000.0,10,69,mme_i,mme_i,3.0285183849976547,1627.510717054944,366.56111553821626,nan,True,0.029236899979878217,success,1.0285183849976547,627.510717054944,-633.4388844617838,0.5142591924988273,0.6275107170549441,-0.6334388844617838,"{""solution_info"": {""status"": ""ok"", ""variant"": ""I"", ""roots_found"": 1, ""candidate_estimates"": [[3.0285183849976547, 1.627510717054944, 0.36656111553821624]], ""sample_moment_shape_initializer"": 2.2816099758336588, ""criterion_residual"": -3.419486915845482e-14, ""strategy"": ""CW_moment_Brent_valid_support_then_sample_skew_initializer""}}"
2.0,1000.0,1000.0,10,69,mme_ii,mme_ii,2.167052447721083,1216.4642284361344,743.2005137232411,nan,True,1.160003012046218e-05,success,0.16705244772108285,216.46422843613436,-256.7994862767589,0.08352622386054143,0.21646422843613436,-0.2567994862767589,"{""solution_info"": {""status"": ""ok"", ""variant"": ""II"", ""roots_found"": 1, ""candidate_estimates"": [[2.167052447721083, 1.2164642284361344, 0.7432005137232411]], ""sample_moment_shape_initializer"": 2.2816099758336588, ""criterion_residual"": -3.3306690738754696e-15, ""strategy"": ""CW_moment_Brent_valid_support_then_sample_skew_initializer""}}"
2.0,1000.0,1000.0,10,69,mme_iii,mme_iii,3.947066911122027,2037.4121379794149,-24.814942975189382,nan,False,1.0000017937272787e-05,failure,nan,nan,nan,nan,nan,nan,"{""solution_info"": {""status"": ""location_outside_effective_support"", ""variant"": ""III"", ""roots_found"": 1, ""candidate_estimates"": [[3.947066911122027, 2.037412137979415, -0.02481494297518938]], ""sample_moment_shape_initializer"": 2.2816099758336588, ""criterion_residual"": 2.42861286636753e-16, ""strategy"": ""CW_moment_Brent_valid_support_then_sample_skew_initializer""}}"
2.0,1000.0,1000.0,10,69,mmle_i_paper,mmle_i_paper,3.5398384110442063,1829.0887482843002,173.94234243983152,0.0,True,0.055788900004699826,success,1.5398384110442063,829.0887482843002,-826.0576575601685,0.7699192055221031,0.8290887482843002,-0.8260576575601686,"{""solution_info"": {""status"": ""ok"", ""objective"": 4.6046920373398426e-27, ""roots_found"": 1, ""grid_size"": 97, ""strategy"": ""cw_i_profile_brent"", ""paper_domain"": true, ""raw_min_gap"": 941.5489038411663}}"
2.0,1000.0,1000.0,10,69,mmle_ii_paper,mmle_ii_paper,2.6244887685698743,1365.0607221715745,611.1034011636793,nan,True,0.1274348000297323,success,0.6244887685698743,365.0607221715745,-388.89659883632066,0.31224438428493717,0.36506072217157454,-0.38889659883632066,"{""solution_info"": {""status"": ""ok"", ""objective"": 0.0, ""roots_found"": 1, ""variant"": ""II"", ""grid_size"": 97, ""strategy"": ""CW_profile_Brent"", ""paper_domain"": true}}"
2.0,1000.0,1000.0,10,69,mmle_iii_paper,mmle_iii_paper,0.9999999999999963,706.2266127328319,1114.2785236987293,nan,True,1.1499971151351929e-05,success,-1.0000000000000036,-293.7733872671681,114.27852369872926,-0.5000000000000018,-0.2937733872671681,0.11427852369872926,"{""solution_info"": {""status"": ""ok"", ""objective"": 4.28054290373773e-30, ""roots_found"": 3, ""variant"": ""III"", ""grid_size"": 97, ""strategy"": ""CW_profile_Brent"", ""paper_domain"": true}}"
2.0,1000.0,1000.0,10,69,mmle_iv_paper,mmle_iv_paper,1.4641311141848128,833.3952134366415,1061.6102601826128,nan,True,9.300012607127428e-06,success,-0.5358688858151872,-166.60478656335852,61.61026018261282,-0.2679344429075936,-0.1666047865633585,0.06161026018261282,"{""solution_info"": {""status"": ""ok"", ""objective"": 2.9305590983281673e-25, ""roots_found"": 2, ""variant"": ""IV"", ""grid_size"": 97, ""strategy"": ""CW_profile_Brent"", ""paper_domain"": true}}"
2.0,1000.0,1000.0,10,69,mmle_v_paper,mmle_v_paper,4.062390496240663,2098.6613171250756,-85.68100332674899,nan,True,9.400013368576765e-06,success,2.0623904962406634,1098.6613171250756,-1085.681003326749,1.0311952481203317,1.0986613171250756,-1.085681003326749,"{""solution_info"": {""status"": ""ok"", ""objective"": 7.3066883024317705e-31, ""roots_found"": 1, ""variant"": ""V"", ""grid_size"": 97, ""strategy"": ""CW_profile_Brent"", ""paper_domain"": true}}"
2.0,1000.0,1000.0,10,70,mle_local,mle_local,2.317685675189357,897.7509746686079,1173.8761191918586,0.8505997623046401,True,0.10094350000144914,success,0.31768567518935686,-102.24902533139209,173.8761191918586,0.15884283759467843,-0.10224902533139209,0.1738761191918586,"{""solution_info"": {""status"": ""ok"", ""strategy"": ""deterministic_multistart_likelihood"", ""start_count"": 5, ""selected_start"": 1, ""log_likelihood"": -3.9596719784210404, ""location_at_zero_boundary"": false}}"
2.0,1000.0,1000.0,10,70,mmle_i,mmle_i,,,,,False,0.054366800002753735,failure,nan,nan,nan,nan,nan,nan,"{""raw_status"": ""no_root_in_declared_location_domain"", ""solution_info"": {""status"": ""no_root_in_declared_location_domain"", ""location_lower"": 0.0, ""endpoint_constraint_residuals"": [6.676858633557899, 0.35810138167542505], ""grid_size"": 97}}"
2.0,1000.0,1000.0,10,70,mmle_ii,mmle_ii,5.584768111569866,1949.3102526851496,170.6140501007183,nan,True,0.12346389994490892,success,3.5847681115698657,949.3102526851496,-829.3859498992817,1.7923840557849329,0.9493102526851497,-0.8293859498992817,"{""solution_info"": {""status"": ""ok"", ""objective"": 3.6720097712941874e-26, ""roots_found"": 1, ""variant"": ""II"", ""grid_size"": 97, ""strategy"": ""CW_profile_Brent"", ""paper_domain"": false}}"
2.0,1000.0,1000.0,10,70,mmle_iii,mmle_iii,1.0000000000000007,605.2539522243429,1362.877987123235,nan,True,1.1299969628453255e-05,success,-0.9999999999999993,-394.7460477756571,362.877987123235,-0.49999999999999967,-0.3947460477756571,0.362877987123235,"{""solution_info"": {""status"": ""ok"", ""objective"": 1.0937931109010236e-26, ""roots_found"": 2, ""variant"": ""III"", ""grid_size"": 97, ""strategy"": ""CW_profile_Brent"", ""paper_domain"": false}}"
2.0,1000.0,1000.0,10,70,mmle_iv,mmle_iv,1.7247632311036898,730.8017075548751,1310.9742275111785,nan,True,9.699957445263863e-06,success,-0.2752367688963102,-269.19829244512493,310.97422751117847,-0.1376183844481551,-0.26919829244512494,0.3109742275111785,"{""solution_info"": {""status"": ""ok"", ""objective"": 6.0743275778149435e-27, ""roots_found"": 1, ""variant"": ""IV"", ""grid_size"": 97, ""strategy"": ""CW_profile_Brent"", ""paper_domain"": false}}"
2.0,1000.0,1000.0,10,70,mmle_v,mmle_v,1.5661810785528567,694.6452339657847,1335.2085909467046,nan,True,9.599956683814526e-06,success,-0.4338189214471433,-305.35476603421534,335.2085909467046,-0.21690946072357165,-0.30535476603421535,0.3352085909467046,"{""solution_info"": {""status"": ""ok"", ""objective"": 1.7451515165108616e-30, ""roots_found"": 1, ""variant"": ""V"", ""grid_size"": 97, ""strategy"": ""CW_profile_Brent"", ""paper_domain"": false}}"
2.0,1000.0,1000.0,10,70,wmle_checked,wmle_checked,2.045554166726008,883.2691538822577,1185.2401626109868,0.9086030385442011,True,0.12607700005173683,success,0.045554166726008205,-116.73084611774232,185.24016261098677,0.022777083363004103,-0.11673084611774232,0.18524016261098677,"{""solution_info"": {""status"": ""ok"", ""objective"": 9.192767127243879e-22, ""strategy"": ""deterministic_multistart_equation_minimization"", ""start_count"": 5, ""selected_start"": 0, ""location_at_zero_boundary"": false, ""production_status"": ""ok"", ""recovered"": false}}"
2.0,1000.0,1000.0,10,70,mme_i,mme_i,,,,,False,0.034173799969721586,failure,nan,nan,nan,nan,nan,nan,"{""solution_info"": {""status"": ""no_root_in_declared_shape_domain"", ""variant"": ""I""}}"
2.0,1000.0,1000.0,10,70,mme_ii,mme_ii,3.9073372511451905,1500.7701779622346,609.6347642989899,nan,True,1.1800031643360853e-05,success,1.9073372511451905,500.7701779622346,-390.3652357010101,0.9536686255725952,0.5007701779622346,-0.39036523570101006,"{""solution_info"": {""status"": ""ok"", ""variant"": ""II"", ""roots_found"": 1, ""candidate_estimates"": [[3.9073372511451905, 1.5007701779622347, 0.6096347642989899]], ""sample_moment_shape_initializer"": 3.4973264263325246, ""criterion_residual"": 8.08242361927114e-14, ""strategy"": ""CW_moment_Brent_valid_support_then_sample_skew_initializer""}}"
2.0,1000.0,1000.0,10,70,mme_iii,mme_iii,1.4054589874469086,592.6350169209247,1428.318231955259,nan,False,9.500014130026102e-06,failure,nan,nan,nan,nan,nan,nan,"{""solution_info"": {""status"": ""location_outside_effective_support"", ""variant"": ""III"", ""roots_found"": 2, ""candidate_estimates"": [[0.3306492104489212, 0.014208523426411084, 1.880225244930369], [1.4054589874469086, 0.5926350169209247, 1.428318231955259]], ""sample_moment_shape_initializer"": 3.4973264263325246, ""criterion_residual"": 8.604228440844963e-16, ""strategy"": ""CW_moment_Brent_valid_support_then_sample_skew_initializer""}}"
2.0,1000.0,1000.0,10,70,mmle_i_paper,mmle_i_paper,,,,,False,0.06615149998106062,failure,nan,nan,nan,nan,nan,nan,"{""raw_status"": ""no_root_in_declared_location_domain"", ""solution_info"": {""status"": ""no_root_in_declared_location_domain"", ""location_lower"": -1924.6667060087723, ""endpoint_constraint_residuals"": [6.676858633557899, 0.195721208749422], ""grid_size"": 97}}"
2.0,1000.0,1000.0,10,70,mmle_ii_paper,mmle_ii_paper,5.584768111569864,1949.310252685148,170.61405010071962,nan,True,0.11535440001171082,success,3.584768111569864,949.310252685148,-829.3859498992804,1.792384055784932,0.949310252685148,-0.8293859498992804,"{""solution_info"": {""status"": ""ok"", ""objective"": 3.6465114603140715e-26, ""roots_found"": 1, ""variant"": ""II"", ""grid_size"": 97, ""strategy"": ""CW_profile_Brent"", ""paper_domain"": true}}"
2.0,1000.0,1000.0,10,70,mmle_iii_paper,mmle_iii_paper,0.9999999999999704,605.2539522243388,1362.877987123235,nan,True,1.1500029359012842e-05,success,-1.0000000000000298,-394.74604777566117,362.877987123235,-0.5000000000000149,-0.3947460477756612,0.362877987123235,"{""solution_info"": {""status"": ""ok"", ""objective"": 1.059680641159908e-26, ""roots_found"": 2, ""variant"": ""III"", ""grid_size"": 97, ""strategy"": ""CW_profile_Brent"", ""paper_domain"": true}}"
2.0,1000.0,1000.0,10,70,mmle_iv_paper,mmle_iv_paper,1.7247632311035193,730.8017075548331,1310.9742275112087,nan,True,9.400013368576765e-06,success,-0.27523676889648074,-269.1982924451669,310.9742275112087,-0.13761838444824037,-0.2691982924451669,0.31097422751120873,"{""solution_info"": {""status"": ""ok"", ""objective"": 3.5991778800708664e-30, ""roots_found"": 2, ""variant"": ""IV"", ""grid_size"": 97, ""strategy"": ""CW_profile_Brent"", ""paper_domain"": true}}"
2.0,1000.0,1000.0,10,70,mmle_v_paper,mmle_v_paper,1.566181078552842,694.6452339657819,1335.2085909467062,nan,True,9.700015652924776e-06,success,-0.43381892144715795,-305.3547660342181,335.2085909467062,-0.21690946072357897,-0.3053547660342181,0.3352085909467062,"{""solution_info"": {""status"": ""ok"", ""objective"": 1.714849999095492e-29, ""roots_found"": 1, ""variant"": ""V"", ""grid_size"": 97, ""strategy"": ""CW_profile_Brent"", ""paper_domain"": true}}"
2.0,1000.0,1000.0,10,71,mle_local,mle_local,1.5521502241029106,900.9924185027354,1082.0528351264973,0.7692226489196106,True,0.07595530000980943,success,-0.4478497758970894,-99.0075814972646,82.05283512649726,-0.2239248879485447,-0.0990075814972646,0.08205283512649726,"{""solution_info"": {""status"": ""ok"", ""strategy"": ""deterministic_multistart_likelihood"", ""start_count"": 5, ""selected_start"": 2, ""log_likelihood"": -6.64902351500211, ""location_at_zero_boundary"": false}}"
2.0,1000.0,1000.0,10,71,mmle_i,mmle_i,3.0358848379362815,1726.2521748451,351.6523427052173,0.0,True,0.055249899975024164,success,1.0358848379362815,726.2521748451,-648.3476572947827,0.5179424189681407,0.7262521748451,-0.6483476572947827,"{""solution_info"": {""status"": ""ok"", ""objective"": 7.888609052210118e-31, ""roots_found"": 1, ""grid_size"": 97, ""strategy"": ""cw_i_profile_brent"", ""paper_domain"": false, ""raw_min_gap"": 795.8653597848012}}"
2.0,1000.0,1000.0,10,71,mmle_ii,mmle_ii,2.4814826664478793,1398.3291860152524,657.0620777740095,nan,True,0.1229268999886699,success,0.4814826664478793,398.3291860152524,-342.9379222259905,0.24074133322393965,0.3983291860152524,-0.3429379222259905,"{""solution_info"": {""status"": ""ok"", ""objective"": 2.8842726847143244e-30, ""roots_found"": 1, ""variant"": ""II"", ""grid_size"": 97, ""strategy"": ""CW_profile_Brent"", ""paper_domain"": false}}"
2.0,1000.0,1000.0,10,71,mmle_iii,mmle_iii,1.0000000000000013,747.8671167606459,1146.8999621935789,nan,True,1.0999967344105244e-05,success,-0.9999999999999987,-252.1328832393541,146.89996219357886,-0.49999999999999933,-0.2521328832393541,0.14689996219357887,"{""solution_info"": {""status"": ""ok"", ""objective"": 1.9721522630525295e-31, ""roots_found"": 3, ""variant"": ""III"", ""grid_size"": 97, ""strategy"": ""CW_profile_Brent"", ""paper_domain"": false}}"
2.0,1000.0,1000.0,10,71,mmle_iv,mmle_iv,1.403309289321796,844.7678269455222,1118.4045933408793,nan,True,9.600014891475439e-06,success,-0.596690710678204,-155.2321730544778,118.40459334087927,-0.298345355339102,-0.1552321730544778,0.11840459334087927,"{""solution_info"": {""status"": ""ok"", ""objective"": 6.409494854920721e-31, ""roots_found"": 2, ""variant"": ""IV"", ""grid_size"": 97, ""strategy"": ""CW_profile_Brent"", ""paper_domain"": false}}"
2.0,1000.0,1000.0,10,71,mmle_v,mmle_v,1.4717432230336804,868.9620648556793,1103.7602248755206,nan,True,9.000010322779417e-06,success,-0.5282567769663196,-131.03793514432073,103.76022487552063,-0.2641283884831598,-0.13103793514432072,0.10376022487552064,"{""solution_info"": {""status"": ""ok"", ""objective"": 2.602791196194e-30, ""roots_found"": 1, ""variant"": ""V"", ""grid_size"": 97, ""strategy"": ""CW_profile_Brent"", ""paper_domain"": false}}"
2.0,1000.0,1000.0,10,71,wmle_checked,wmle_checked,1.5365520823283036,960.0630727185666,1036.8461925440179,0.8995448482718221,True,0.13725330005399883,success,-0.46344791767169635,-39.93692728143344,36.84619254401787,-0.23172395883584818,-0.03993692728143344,0.036846192544017865,"{""solution_info"": {""status"": ""ok"", ""objective"": 3.600354606597578e-20, ""strategy"": ""deterministic_multistart_equation_minimization"", ""start_count"": 5, ""selected_start"": 3, ""location_at_zero_boundary"": false, ""production_status"": ""ok"", ""recovered"": false}}"
2.0,1000.0,1000.0,10,71,mme_i,mme_i,3.0076908390521404,1716.3235242308817,361.95223420371804,nan,True,0.02862750005442649,success,1.0076908390521404,716.3235242308817,-638.047765796282,0.5038454195260702,0.7163235242308817,-0.638047765796282,"{""solution_info"": {""status"": ""ok"", ""variant"": ""I"", ""roots_found"": 1, ""candidate_estimates"": [[3.0076908390521404, 1.7163235242308816, 0.361952234203718]], ""sample_moment_shape_initializer"": 1.6737043051101885, ""criterion_residual"": 0.0, ""strategy"": ""CW_moment_Brent_valid_support_then_sample_skew_initializer""}}"
2.0,1000.0,1000.0,10,71,mme_ii,mme_ii,2.16170711912512,1287.554731240645,754.5039821569279,nan,True,1.179997343569994e-05,success,0.1617071191251198,287.55473124064497,-245.49601784307208,0.0808535595625599,0.28755473124064496,-0.2454960178430721,"{""solution_info"": {""status"": ""ok"", ""variant"": ""II"", ""roots_found"": 1, ""candidate_estimates"": [[2.16170711912512, 1.287554731240645, 0.7545039821569279]], ""sample_moment_shape_initializer"": 1.6737043051101885, ""criterion_residual"": -8.881784197001252e-16, ""strategy"": ""CW_moment_Brent_valid_support_then_sample_skew_initializer""}}"
2.0,1000.0,1000.0,10,71,mme_iii,mme_iii,1.4518927490698956,876.2233120420932,1100.42144021711,nan,True,9.400013368576765e-06,success,-0.5481072509301044,-123.7766879579068,100.4214402171101,-0.2740536254650522,-0.1237766879579068,0.10042144021711011,"{""solution_info"": {""status"": ""ok"", ""variant"": ""III"", ""roots_found"": 2, ""candidate_estimates"": [[0.32213935384781267, 0.01739896076683692, 1.77558608745348], [1.4518927490698956, 0.8762233120420932, 1.1004214402171102]], ""sample_moment_shape_initializer"": 1.6737043051101885, ""criterion_residual"": 2.7755575615628914e-16, ""strategy"": ""CW_moment_Brent_valid_support_then_sample_skew_initializer""}}"
2.0,1000.0,1000.0,10,71,mmle_i_paper,mmle_i_paper,3.0358848379362775,1726.2521748450981,351.6523427052188,0.0,True,0.07000979996519163,success,1.0358848379362775,726.2521748450981,-648.3476572947811,0.5179424189681388,0.7262521748450981,-0.6483476572947812,"{""solution_info"": {""status"": ""ok"", ""objective"": 1.0970096963229695e-30, ""roots_found"": 1, ""grid_size"": 97, ""strategy"": ""cw_i_profile_brent"", ""paper_domain"": true, ""raw_min_gap"": 795.8653597847997}}"
2.0,1000.0,1000.0,10,71,mmle_ii_paper,mmle_ii_paper,2.4814826664481813,1398.329186015428,657.062077773849,nan,True,0.13909599999897182,success,0.4814826664481813,398.3291860154279,-342.93792222615104,0.24074133322409064,0.39832918601542794,-0.34293792222615105,"{""solution_info"": {""status"": ""ok"", ""objective"": 7.346513698903554e-27, ""roots_found"": 1, ""variant"": ""II"", ""grid_size"": 97, ""strategy"": ""CW_profile_Brent"", ""paper_domain"": true}}"
2.0,1000.0,1000.0,10,71,mmle_iii_paper,mmle_iii_paper,0.9999999999999992,747.8671167606451,1146.8999621935789,nan,True,1.1899974197149277e-05,success,-1.0000000000000009,-252.1328832393549,146.89996219357886,-0.5000000000000004,-0.2521328832393549,0.14689996219357887,"{""solution_info"": {""status"": ""ok"", ""objective"": 0.0, ""roots_found"": 3, ""variant"": ""III"", ""grid_size"": 97, ""strategy"": ""CW_profile_Brent"", ""paper_domain"": true}}"
2.0,1000.0,1000.0,10,71,mmle_iv_paper,mmle_iv_paper,1.4033092893217962,844.7678269455222,1118.4045933408793,nan,True,9.600014891475439e-06,success,-0.5966907106782038,-155.2321730544778,118.40459334087927,-0.2983453553391019,-0.1552321730544778,0.11840459334087927,"{""solution_info"": {""status"": ""ok"", ""objective"": 2.465190328815662e-31, ""roots_found"": 2, ""variant"": ""IV"", ""grid_size"": 97, ""strategy"": ""CW_profile_Brent"", ""paper_domain"": true}}"
2.0,1000.0,1000.0,10,71,mmle_v_paper,mmle_v_paper,1.4717432230336864,868.9620648556814,1103.7602248755195,nan,True,9.500014130026102e-06,success,-0.5282567769663136,-131.03793514431857,103.7602248755195,-0.2641283884831568,-0.13103793514431858,0.1037602248755195,"{""solution_info"": {""status"": ""ok"", ""objective"": 2.0889676842741867e-31, ""roots_found"": 1, ""variant"": ""V"", ""grid_size"": 97, ""strategy"": ""CW_profile_Brent"", ""paper_domain"": true}}"
2.0,1000.0,1000.0,10,72,mle_local,mle_local,4.490205240785928,2103.7098912038105,0.0,0.9357066822373793,True,0.1442597999703139,success,2.4902052407859276,1103.7098912038105,-1000.0,1.2451026203929638,1.1037098912038104,-1.0,"{""solution_info"": {""status"": ""ok"", ""strategy"": ""deterministic_multistart_likelihood"", ""start_count"": 5, ""selected_start"": 4, ""log_likelihood"": -7.039669784708295, ""location_at_zero_boundary"": true}}"
2.0,1000.0,1000.0,10,72,mmle_i,mmle_i,,,,,False,0.06183439999585971,failure,nan,nan,nan,nan,nan,nan,"{""raw_status"": ""no_root_in_declared_location_domain"", ""solution_info"": {""status"": ""no_root_in_declared_location_domain"", ""location_lower"": 0.0, ""endpoint_constraint_residuals"": [6.81403829103045, 0.9347748776882137], ""grid_size"": 97}}"
2.0,1000.0,1000.0,10,72,mmle_ii,mmle_ii,,,,,False,0.12029039999470115,failure,nan,nan,nan,nan,nan,nan,"{""solution_info"": {""status"": ""no_root_in_declared_location_domain"", ""variant"": ""II"", ""grid_size"": 97}}"
2.0,1000.0,1000.0,10,72,mmle_iii,mmle_iii,0.9999999999999273,902.941582347985,1011.7708200245694,nan,True,1.079996582120657e-05,success,-1.0000000000000728,-97.05841765201501,11.770820024569389,-0.5000000000000364,-0.097058417652015,0.01177082002456939,"{""solution_info"": {""status"": ""ok"", ""objective"": 7.575318464242747e-28, ""roots_found"": 2, ""variant"": ""III"", ""grid_size"": 97, ""strategy"": ""CW_profile_Brent"", ""paper_domain"": false}}"
2.0,1000.0,1000.0,10,72,mmle_iv,mmle_iv,1.9435789093303952,1103.054640933716,924.3361322169881,nan,True,9.700015652924776e-06,success,-0.05642109066960477,103.05464093371597,-75.66386778301194,-0.028210545334802384,0.10305464093371597,-0.07566386778301194,"{""solution_info"": {""status"": ""ok"", ""objective"": 2.6278928905174956e-29, ""roots_found"": 1, ""variant"": ""IV"", ""grid_size"": 97, ""strategy"": ""CW_profile_Brent"", ""paper_domain"": false}}"
2.0,1000.0,1000.0,10,72,mmle_v,mmle_v,,,,,False,9.400013368576765e-06,failure,nan,nan,nan,nan,nan,nan,"{""solution_info"": {""status"": ""no_root_in_declared_location_domain"", ""variant"": ""V"", ""grid_size"": 97}}"
2.0,1000.0,1000.0,10,72,wmle_checked,wmle_checked,2.7859394082783755,1525.9835612589882,550.9378173451811,0.9401801640339622,True,0.11259889998473227,success,0.7859394082783755,525.9835612589882,-449.0621826548189,0.39296970413918775,0.5259835612589882,-0.4490621826548189,"{""solution_info"": {""status"": ""ok"", ""objective"": 1.8799373030675354e-22, ""strategy"": ""deterministic_multistart_equation_minimization"", ""start_count"": 5, ""selected_start"": 0, ""location_at_zero_boundary"": false, ""production_status"": ""ok"", ""recovered"": false}}"
2.0,1000.0,1000.0,10,72,mme_i,mme_i,,,,,False,0.0304366999771446,failure,nan,nan,nan,nan,nan,nan,"{""solution_info"": {""status"": ""no_root_in_declared_shape_domain"", ""variant"": ""I""}}"
2.0,1000.0,1000.0,10,72,mme_ii,mme_ii,11.321526646596086,5129.522977961318,-2989.94247090371,nan,False,1.1499971151351929e-05,failure,nan,nan,nan,nan,nan,nan,"{""solution_info"": {""status"": ""location_outside_effective_support"", ""variant"": ""II"", ""roots_found"": 1, ""candidate_estimates"": [[11.321526646596086, 5.129522977961318, -2.98994247090371]], ""sample_moment_shape_initializer"": 4.634140438917147, ""criterion_residual"": 2.886579864025407e-15, ""strategy"": ""CW_moment_Brent_valid_support_then_sample_skew_initializer""}}"
2.0,1000.0,1000.0,10,72,mme_iii,mme_iii,7.352128850040039,3485.126253031268,-1353.6388502935981,nan,False,1.2200034689158201e-05,failure,nan,nan,nan,nan,nan,nan,"{""solution_info"": {""status"": ""location_outside_effective_support"", ""variant"": ""III"", ""roots_found"": 1, ""candidate_estimates"": [[7.352128850040039, 3.4851262530312677, -1.353638850293598]], ""sample_moment_shape_initializer"": 4.634140438917147, ""criterion_residual"": 8.590350653037149e-15, ""strategy"": ""CW_moment_Brent_valid_support_then_sample_skew_initializer""}}"
2.0,1000.0,1000.0,10,72,mmle_i_paper,mmle_i_paper,,,,,False,0.05550690001109615,failure,nan,nan,nan,nan,nan,nan,"{""raw_status"": ""no_root_in_declared_location_domain"", ""solution_info"": {""status"": ""no_root_in_declared_location_domain"", ""location_lower"": -3331.9048149129935, ""endpoint_constraint_residuals"": [6.81403829103045, 0.4856268189267956], ""grid_size"": 97}}"
2.0,1000.0,1000.0,10,72,mmle_ii_paper,mmle_ii_paper,,,,,False,0.11990859999787062,failure,nan,nan,nan,nan,nan,nan,"{""solution_info"": {""status"": ""no_root_in_declared_location_domain"", ""variant"": ""II"", ""grid_size"": 97}}"
2.0,1000.0,1000.0,10,72,mmle_iii_paper,mmle_iii_paper,0.999999999999817,902.9415823479648,1011.7708200245698,nan,True,1.090002479031682e-05,success,-1.000000000000183,-97.05841765203525,11.770820024569844,-0.5000000000000915,-0.09705841765203524,0.011770820024569844,"{""solution_info"": {""status"": ""ok"", ""objective"": 4.87707945990078e-27, ""roots_found"": 2, ""variant"": ""III"", ""grid_size"": 97, ""strategy"": ""CW_profile_Brent"", ""paper_domain"": true}}"
2.0,1000.0,1000.0,10,72,mmle_iv_paper,mmle_iv_paper,1.9435789093303961,1103.0546409337157,924.3361322169884,nan,True,9.299954399466515e-06,success,-0.05642109066960388,103.05464093371575,-75.6638677830116,-0.02821054533480194,0.10305464093371575,-0.0756638677830116,"{""solution_info"": {""status"": ""ok"", ""objective"": 2.253183960537515e-29, ""roots_found"": 1, ""variant"": ""IV"", ""grid_size"": 97, ""strategy"": ""CW_profile_Brent"", ""paper_domain"": true}}"
2.0,1000.0,1000.0,10,72,mmle_v_paper,mmle_v_paper,7.134685952359814,3234.295244627866,-1110.3341330856674,nan,True,5.600001895800233e-05,success,5.134685952359814,2234.295244627866,-2110.3341330856674,2.567342976179907,2.234295244627866,-2.1103341330856673,"{""solution_info"": {""status"": ""ok"", ""objective"": 4.930380657631324e-32, ""roots_found"": 1, ""variant"": ""V"", ""grid_size"": 97, ""strategy"": ""CW_profile_Brent"", ""paper_domain"": true}}"
2.0,1000.0,1000.0,10,73,mle_local,mle_local,5.058318523257027,2224.3016742416453,0.0,0.5818640379409608,True,0.18643579998752102,success,3.058318523257027,1224.3016742416453,-1000.0,1.5291592616285135,1.2243016742416453,-1.0,"{""solution_info"": {""status"": ""ok"", ""strategy"": ""deterministic_multistart_likelihood"", ""start_count"": 5, ""selected_start"": 0, ""log_likelihood"": -7.226844422959682, ""location_at_zero_boundary"": true}}"
2.0,1000.0,1000.0,10,73,mmle_i,mmle_i,,,,,False,0.06306459999177605,failure,nan,nan,nan,nan,nan,nan,"{""raw_status"": ""no_root_in_declared_location_domain"", ""solution_info"": {""status"": ""no_root_in_declared_location_domain"", ""location_lower"": 0.0, ""endpoint_constraint_residuals"": [6.46481089648357, 1.4630443745963868], ""grid_size"": 97}}"
2.0,1000.0,1000.0,10,73,mmle_ii,mmle_ii,,,,,False,0.11301239999011159,failure,nan,nan,nan,nan,nan,nan,"{""solution_info"": {""status"": ""no_root_in_declared_location_domain"", ""variant"": ""II"", ""grid_size"": 97}}"
2.0,1000.0,1000.0,10,73,mmle_iii,mmle_iii,0.999999999999998,983.9177504661644,1045.8490804013152,nan,True,1.109996810555458e-05,success,-1.000000000000002,-16.08224953383558,45.84908040131518,-0.500000000000001,-0.01608224953383558,0.045849080401315176,"{""solution_info"": {""status"": ""ok"", ""objective"": 6.847610624512127e-31, ""roots_found"": 2, ""variant"": ""III"", ""grid_size"": 97, ""strategy"": ""CW_profile_Brent"", ""paper_domain"": false}}"
2.0,1000.0,1000.0,10,73,mmle_iv,mmle_iv,2.042794950265252,1226.099308724982,927.4222563083289,nan,True,9.699957445263863e-06,success,0.04279495026525204,226.09930872498194,-72.57774369167112,0.02139747513262602,0.22609930872498193,-0.07257774369167112,"{""solution_info"": {""status"": ""ok"", ""objective"": 1.2818989709841442e-30, ""roots_found"": 1, ""variant"": ""IV"", ""grid_size"": 97, ""strategy"": ""CW_profile_Brent"", ""paper_domain"": false}}"
2.0,1000.0,1000.0,10,73,mmle_v,mmle_v,,,,,False,9.700015652924776e-06,failure,nan,nan,nan,nan,nan,nan,"{""solution_info"": {""status"": ""no_root_in_declared_location_domain"", ""variant"": ""V"", ""grid_size"": 97}}"
2.0,1000.0,1000.0,10,73,wmle_checked,wmle_checked,,,,,False,0.6242895000032149,failure,nan,nan,nan,nan,nan,nan,"{""raw_status"": ""equation_residual"", ""solution_info"": {""status"": ""equation_residual"", ""objective"": 3.718117975510511e-05, ""strategy"": ""deterministic_multistart_equation_minimization"", ""start_count"": 5, ""selected_start"": 2, ""production_status"": ""equation_residual"", ""recovered"": false}}"
2.0,1000.0,1000.0,10,73,mme_i,mme_i,,,,,False,0.025293499988038093,failure,nan,nan,nan,nan,nan,nan,"{""solution_info"": {""status"": ""no_root_in_declared_shape_domain"", ""variant"": ""I""}}"
2.0,1000.0,1000.0,10,73,mme_ii,mme_ii,,,,,False,1.0200019460171461e-05,failure,nan,nan,nan,nan,nan,nan,"{""solution_info"": {""status"": ""no_root_in_declared_shape_domain"", ""variant"": ""II""}}"
2.0,1000.0,1000.0,10,73,mme_iii,mme_iii,,,,,False,1.279998105019331e-05,failure,nan,nan,nan,nan,nan,nan,"{""solution_info"": {""status"": ""no_root_in_declared_shape_domain"", ""variant"": ""III""}}"
2.0,1000.0,1000.0,10,73,mmle_i_paper,mmle_i_paper,,,,,False,0.05063530005281791,failure,nan,nan,nan,nan,nan,nan,"{""raw_status"": ""no_root_in_declared_location_domain"", ""solution_info"": {""status"": ""no_root_in_declared_location_domain"", ""location_lower"": -3541.154807591305, ""endpoint_constraint_residuals"": [6.46481089648357, 1.1595993151151172], ""grid_size"": 97}}"
2.0,1000.0,1000.0,10,73,mmle_ii_paper,mmle_ii_paper,,,,,False,0.10342509998008609,failure,nan,nan,nan,nan,nan,nan,"{""solution_info"": {""status"": ""no_root_in_declared_location_domain"", ""variant"": ""II"", ""grid_size"": 97}}"
2.0,1000.0,1000.0,10,73,mmle_iii_paper,mmle_iii_paper,0.999999999999998,983.9177504661644,1045.8490804013152,nan,True,1.0400020983070135e-05,success,-1.000000000000002,-16.08224953383558,45.84908040131518,-0.500000000000001,-0.01608224953383558,0.045849080401315176,"{""solution_info"": {""status"": ""ok"", ""objective"": 6.847610624512127e-31, ""roots_found"": 2, ""variant"": ""III"", ""grid_size"": 97, ""strategy"": ""CW_profile_Brent"", ""paper_domain"": true}}"
2.0,1000.0,1000.0,10,73,mmle_iv_paper,mmle_iv_paper,2.0427949502652463,1226.0993087249797,927.4222563083305,nan,True,8.90000956133008e-06,success,0.04279495026524627,226.09930872497966,-72.57774369166953,0.021397475132623134,0.22609930872497966,-0.07257774369166953,"{""solution_info"": {""status"": ""ok"", ""objective"": 6.162975822039155e-30, ""roots_found"": 1, ""variant"": ""IV"", ""grid_size"": 97, ""strategy"": ""CW_profile_Brent"", ""paper_domain"": true}}"
2.0,1000.0,1000.0,10,73,mmle_v_paper,mmle_v_paper,,,,,False,8.90000956133008e-06,failure,nan,nan,nan,nan,nan,nan,"{""solution_info"": {""status"": ""no_root_in_declared_location_domain"", ""variant"": ""V"", ""grid_size"": 97}}"
2.0,1000.0,1000.0,10,74,mle_local,mle_local,8.791340468451276,1829.3774101904867,0.0,0.9321958355366176,True,0.1604743999778293,success,6.791340468451276,829.3774101904867,-1000.0,3.395670234225638,0.8293774101904867,-1.0,"{""solution_info"": {""status"": ""ok"", ""strategy"": ""deterministic_multistart_likelihood"", ""start_count"": 5, ""selected_start"": 4, ""log_likelihood"": 0.4052454556567149, ""location_at_zero_boundary"": true}}"
2.0,1000.0,1000.0,10,74,mmle_i,mmle_i,,,,,False,0.0534711999935098,failure,nan,nan,nan,nan,nan,nan,"{""raw_status"": ""no_root_in_declared_location_domain"", ""solution_info"": {""status"": ""no_root_in_declared_location_domain"", ""location_lower"": 0.0, ""endpoint_constraint_residuals"": [6.782871573313685, 0.7230757272349981], ""grid_size"": 97}}"
2.0,1000.0,1000.0,10,74,mmle_ii,mmle_ii,,,,,False,0.10015409998595715,failure,nan,nan,nan,nan,nan,nan,"{""solution_info"": {""status"": ""no_root_in_declared_location_domain"", ""variant"": ""II"", ""grid_size"": 97}}"
2.0,1000.0,1000.0,10,74,mmle_iii,mmle_iii,0.9999999999999949,437.18780527975434,1289.470936518836,nan,True,1.0499963536858559e-05,success,-1.000000000000005,-562.8121947202457,289.47093651883597,-0.5000000000000026,-0.5628121947202457,0.289470936518836,"{""solution_info"": {""status"": ""ok"", ""objective"": 8.212787887274819e-31, ""roots_found"": 2, ""variant"": ""III"", ""grid_size"": 97, ""strategy"": ""CW_profile_Brent"", ""paper_domain"": false}}"
2.0,1000.0,1000.0,10,74,mmle_iv,mmle_iv,1.9482394727073526,532.5005901681561,1248.576643639566,nan,True,9.500014130026102e-06,success,-0.05176052729264735,-467.4994098318439,248.5766436395661,-0.025880263646323676,-0.4674994098318439,0.2485766436395661,"{""solution_info"": {""status"": ""ok"", ""objective"": 1.3065508742723008e-29, ""roots_found"": 1, ""variant"": ""IV"", ""grid_size"": 97, ""strategy"": ""CW_profile_Brent"", ""paper_domain"": false}}"
2.0,1000.0,1000.0,10,74,mmle_v,mmle_v,,,,,False,8.700008038431406e-06,failure,nan,nan,nan,nan,nan,nan,"{""solution_info"": {""status"": ""no_root_in_declared_location_domain"", ""variant"": ""V"", ""grid_size"": 97}}"
2.0,1000.0,1000.0,10,74,wmle_checked,wmle_checked,3.004061983219855,774.1937706063893,1033.0882543688685,0.931803902247653,True,0.16321750002680346,success,1.004061983219855,-225.8062293936107,33.08825436886855,0.5020309916099275,-0.2258062293936107,0.033088254368868544,"{""solution_info"": {""status"": ""ok"", ""objective"": 3.889652910966075e-23, ""strategy"": ""deterministic_multistart_equation_minimization"", ""start_count"": 5, ""selected_start"": 2, ""location_at_zero_boundary"": false, ""production_status"": ""ok"", ""recovered"": false}}"
2.0,1000.0,1000.0,10,74,mme_i,mme_i,,,,,False,0.04299779998837039,failure,nan,nan,nan,nan,nan,nan,"{""solution_info"": {""status"": ""no_root_in_declared_shape_domain"", ""variant"": ""I""}}"
2.0,1000.0,1000.0,10,74,mme_ii,mme_ii,12.730158101929396,2750.3641127674123,-914.6686679179275,nan,False,1.2400036212056875e-05,failure,nan,nan,nan,nan,nan,nan,"{""solution_info"": {""status"": ""location_outside_effective_support"", ""variant"": ""II"", ""roots_found"": 1, ""candidate_estimates"": [[12.730158101929396, 2.750364112767412, -0.9146686679179274]], ""sample_moment_shape_initializer"": 5.277044469638021, ""criterion_residual"": -1.4432899320127035e-14, ""strategy"": ""CW_moment_Brent_valid_support_then_sample_skew_initializer""}}"
2.0,1000.0,1000.0,10,74,mme_iii,mme_iii,,,,,False,1.1000025551766157e-05,failure,nan,nan,nan,nan,nan,nan,"{""solution_info"": {""status"": ""no_root_in_declared_shape_domain"", ""variant"": ""III""}}"
2.0,1000.0,1000.0,10,74,mmle_i_paper,mmle_i_paper,,,,,False,0.0667991999653168,failure,nan,nan,nan,nan,nan,nan,"{""raw_status"": ""no_root_in_declared_location_domain"", ""solution_info"": {""status"": ""no_root_in_declared_location_domain"", ""location_lower"": -800.535436279878, ""endpoint_constraint_residuals"": [6.782871573313685, 0.6283896926927577], ""grid_size"": 97}}"
2.0,1000.0,1000.0,10,74,mmle_ii_paper,mmle_ii_paper,,,,,False,0.1156425999943167,failure,nan,nan,nan,nan,nan,nan,"{""solution_info"": {""status"": ""no_root_in_declared_location_domain"", ""variant"": ""II"", ""grid_size"": 97}}"
2.0,1000.0,1000.0,10,74,mmle_iii_paper,mmle_iii_paper,0.9999999999999976,437.1878052797546,1289.470936518836,nan,True,1.090002479031682e-05,success,-1.0000000000000024,-562.8121947202453,289.47093651883597,-0.5000000000000012,-0.5628121947202454,0.289470936518836,"{""solution_info"": {""status"": ""ok"", ""objective"": 2.4158865222393487e-30, ""roots_found"": 2, ""variant"": ""III"", ""grid_size"": 97, ""strategy"": ""CW_profile_Brent"", ""paper_domain"": true}}"
2.0,1000.0,1000.0,10,74,mmle_iv_paper,mmle_iv_paper,1.9482394727073582,532.5005901681567,1248.5766436395656,nan,True,9.500014130026102e-06,success,-0.0517605272926418,-467.4994098318433,248.57664363956565,-0.0258802636463209,-0.4674994098318433,0.24857664363956564,"{""solution_info"": {""status"": ""ok"", ""objective"": 9.860761315262648e-31, ""roots_found"": 1, ""variant"": ""IV"", ""grid_size"": 97, ""strategy"": ""CW_profile_Brent"", ""paper_domain"": true}}"
2.0,1000.0,1000.0,10,74,mmle_v_paper,mmle_v_paper,,,,,False,9.300012607127428e-06,failure,nan,nan,nan,nan,nan,nan,"{""solution_info"": {""status"": ""no_root_in_declared_location_domain"", ""variant"": ""V"", ""grid_size"": 97}}"
2.0,1000.0,1000.0,10,75,mle_local,mle_local,1.4687301778130735,721.5609154387731,1445.5583203509748,0.7807889833178372,True,0.10309689998393878,success,-0.5312698221869265,-278.4390845612269,445.5583203509748,-0.26563491109346327,-0.2784390845612269,0.44555832035097476,"{""solution_info"": {""status"": ""ok"", ""strategy"": ""deterministic_multistart_likelihood"", ""start_count"": 5, ""selected_start"": 0, ""log_likelihood"": -4.939127072291584, ""location_at_zero_boundary"": false}}"
2.0,1000.0,1000.0,10,75,mmle_i,mmle_i,,,,,False,0.053151700005400926,failure,nan,nan,nan,nan,nan,nan,"{""raw_status"": ""no_root_in_declared_location_domain"", ""solution_info"": {""status"": ""no_root_in_declared_location_domain"", ""location_lower"": 0.0, ""endpoint_constraint_residuals"": [6.04580998025838, 0.09317617880207774], ""grid_size"": 97}}"
2.0,1000.0,1000.0,10,75,mmle_ii,mmle_ii,3.3640367287855724,1371.408174437849,877.5028259195923,nan,True,0.10531179996905848,success,1.3640367287855724,371.4081744378491,-122.49717408040772,0.6820183643927862,0.37140817443784907,-0.12249717408040772,"{""solution_info"": {""status"": ""ok"", ""objective"": 1.1290571705975731e-29, ""roots_found"": 1, ""variant"": ""II"", ""grid_size"": 97, ""strategy"": ""CW_profile_Brent"", ""paper_domain"": false}}"
2.0,1000.0,1000.0,10,75,mmle_iii,mmle_iii,1.0000000000000018,606.992324074992,1496.6975455241063,nan,True,1.1199968867003918e-05,success,-0.9999999999999982,-393.007675925008,496.6975455241063,-0.4999999999999991,-0.393007675925008,0.49669754552410633,"{""solution_info"": {""status"": ""ok"", ""objective"": 1.9694156259028943e-26, ""roots_found"": 2, ""variant"": ""III"", ""grid_size"": 97, ""strategy"": ""CW_profile_Brent"", ""paper_domain"": false}}"
2.0,1000.0,1000.0,10,75,mmle_iv,mmle_iv,1.598672749417461,761.0878032333067,1417.863965283949,nan,True,9.800016414374113e-06,success,-0.40132725058253893,-238.91219676669334,417.863965283949,-0.20066362529126947,-0.23891219676669334,0.41786396528394903,"{""solution_info"": {""status"": ""ok"", ""objective"": 1.0107280348144214e-29, ""roots_found"": 1, ""variant"": ""IV"", ""grid_size"": 97, ""strategy"": ""CW_profile_Brent"", ""paper_domain"": false}}"
2.0,1000.0,1000.0,10,75,mmle_v,mmle_v,,,,,False,9.600014891475439e-06,failure,nan,nan,nan,nan,nan,nan,"{""solution_info"": {""status"": ""no_root_in_declared_location_domain"", ""variant"": ""V"", ""grid_size"": 97}}"
2.0,1000.0,1000.0,10,75,wmle_checked,wmle_checked,1.6936221753700242,853.6027342839507,1344.1439804364043,0.9329096952497704,True,0.1336388000054285,success,-0.30637782462997576,-146.39726571604933,344.14398043640426,-0.15318891231498788,-0.14639726571604933,0.34414398043640426,"{""solution_info"": {""status"": ""ok"", ""objective"": 4.876268412308228e-22, ""strategy"": ""deterministic_multistart_equation_minimization"", ""start_count"": 5, ""selected_start"": 0, ""location_at_zero_boundary"": false, ""production_status"": ""ok"", ""recovered"": false}}"
2.0,1000.0,1000.0,10,75,mme_i,mme_i,4.267215076341907,1815.5122104505322,451.99130384536045,nan,True,0.031087599985767156,success,2.267215076341907,815.5122104505322,-548.0086961546396,1.1336075381709536,0.8155122104505321,-0.5480086961546395,"{""solution_info"": {""status"": ""ok"", ""variant"": ""I"", ""roots_found"": 1, ""candidate_estimates"": [[4.267215076341907, 1.8155122104505321, 0.45199130384536046]], ""sample_moment_shape_initializer"": 3.646052034664637, ""criterion_residual"": -8.881784197001252e-16, ""strategy"": ""CW_moment_Brent_valid_support_then_sample_skew_initializer""}}"
2.0,1000.0,1000.0,10,75,mme_ii,mme_ii,2.3704048862934015,1098.6901528650935,1129.9325297002565,nan,True,1.1599971912801266e-05,success,0.3704048862934015,98.69015286509352,129.9325297002565,0.18520244314670076,0.09869015286509353,0.1299325297002565,"{""solution_info"": {""status"": ""ok"", ""variant"": ""II"", ""roots_found"": 1, ""candidate_estimates"": [[2.3704048862934015, 1.0986901528650934, 1.1299325297002565]], ""sample_moment_shape_initializer"": 3.646052034664637, ""criterion_residual"": 9.592326932761353e-14, ""strategy"": ""CW_moment_Brent_valid_support_then_sample_skew_initializer""}}"
2.0,1000.0,1000.0,10,75,mme_iii,mme_iii,7.243679726695022,2865.251936665777,-581.3090176336892,nan,False,9.90001717582345e-06,failure,nan,nan,nan,nan,nan,nan,"{""solution_info"": {""status"": ""location_outside_effective_support"", ""variant"": ""III"", ""roots_found"": 1, ""candidate_estimates"": [[7.243679726695022, 2.865251936665777, -0.5813090176336893]], ""sample_moment_shape_initializer"": 3.646052034664637, ""criterion_residual"": 2.1038726316646716e-14, ""strategy"": ""CW_moment_Brent_valid_support_then_sample_skew_initializer""}}"
2.0,1000.0,1000.0,10,75,mmle_i_paper,mmle_i_paper,9.137048716912142,3478.564623025291,-1190.9505459462232,0.0,True,0.055528199998661876,success,7.137048716912142,2478.564623025291,-2190.9505459462234,3.568524358456071,2.478564623025291,-2.1909505459462233,"{""solution_info"": {""status"": ""ok"", ""objective"": 3.593754461347472e-28, ""roots_found"": 1, ""grid_size"": 97, ""strategy"": ""cw_i_profile_brent"", ""paper_domain"": true, ""raw_min_gap"": 2689.505615623716}}"
2.0,1000.0,1000.0,10,75,mmle_ii_paper,mmle_ii_paper,3.3640367287855355,1371.4081744378357,877.5028259196047,nan,True,0.12046459998236969,success,1.3640367287855355,371.40817443783567,-122.49717408039533,0.6820183643927678,0.3714081744378357,-0.12249717408039533,"{""solution_info"": {""status"": ""ok"", ""objective"": 1.1247430875221457e-30, ""roots_found"": 1, ""variant"": ""II"", ""grid_size"": 97, ""strategy"": ""CW_profile_Brent"", ""paper_domain"": true}}"
2.0,1000.0,1000.0,10,75,mmle_iii_paper,mmle_iii_paper,0.9999999999999948,606.9923240749905,1496.6975455241065,nan,True,1.1299969628453255e-05,success,-1.0000000000000053,-393.0076759250095,496.69754552410654,-0.5000000000000027,-0.3930076759250095,0.49669754552410655,"{""solution_info"": {""status"": ""ok"", ""objective"": 1.969312363793734e-26, ""roots_found"": 2, ""variant"": ""III"", ""grid_size"": 97, ""strategy"": ""CW_profile_Brent"", ""paper_domain"": true}}"
2.0,1000.0,1000.0,10,75,mmle_iv_paper,mmle_iv_paper,1.5986727494174637,761.087803233307,1417.8639652839488,nan,True,1.2300035450607538e-05,success,-0.40132725058253627,-238.912196766693,417.8639652839488,-0.20066362529126813,-0.238912196766693,0.4178639652839488,"{""solution_info"": {""status"": ""ok"", ""objective"": 3.944304526105059e-31, ""roots_found"": 2, ""variant"": ""IV"", ""grid_size"": 97, ""strategy"": ""CW_profile_Brent"", ""paper_domain"": true}}"
2.0,1000.0,1000.0,10,75,mmle_v_paper,mmle_v_paper,6.831291602886322,2633.0141814401295,-352.8956637438101,nan,True,1.0200019460171461e-05,success,4.831291602886322,1633.0141814401295,-1352.89566374381,2.415645801443161,1.6330141814401296,-1.35289566374381,"{""solution_info"": {""status"": ""ok"", ""objective"": 1.7749370367472766e-30, ""roots_found"": 1, ""variant"": ""V"", ""grid_size"": 97, ""strategy"": ""CW_profile_Brent"", ""paper_domain"": true}}"
2.0,1000.0,1000.0,10,76,mle_local,mle_local,1.796349871771952,714.4536225679378,1159.6789091090898,0.8520664705453502,True,0.09504149999702349,success,-0.20365012822804807,-285.5463774320622,159.67890910908977,-0.10182506411402403,-0.2855463774320622,0.15967890910908977,"{""solution_info"": {""status"": ""ok"", ""strategy"": ""deterministic_multistart_likelihood"", ""start_count"": 5, ""selected_start"": 0, ""log_likelihood"": -3.464426654244374, ""location_at_zero_boundary"": false}}"
2.0,1000.0,1000.0,10,76,mmle_i,mmle_i,,,,,False,0.0634862000006251,failure,nan,nan,nan,nan,nan,nan,"{""raw_status"": ""no_root_in_declared_location_domain"", ""solution_info"": {""status"": ""no_root_in_declared_location_domain"", ""location_lower"": 0.0, ""endpoint_constraint_residuals"": [6.49086084328022, 0.026973932050425198], ""grid_size"": 97}}"
2.0,1000.0,1000.0,10,76,mmle_ii,mmle_ii,3.3490645599454463,1235.562428116452,689.2809760759798,nan,True,0.13368379999883473,success,1.3490645599454463,235.5624281164521,-310.71902392402023,0.6745322799727231,0.23556242811645212,-0.31071902392402023,"{""solution_info"": {""status"": ""ok"", ""objective"": 6.162620834631805e-26, ""roots_found"": 1, ""variant"": ""II"", ""grid_size"": 97, ""strategy"": ""CW_profile_Brent"", ""paper_domain"": false}}"
2.0,1000.0,1000.0,10,76,mmle_iii,mmle_iii,0.9999999999999939,550.2440039670375,1246.4638349085496,nan,True,1.1899974197149277e-05,success,-1.0000000000000062,-449.75599603296246,246.46383490854964,-0.5000000000000031,-0.44975599603296246,0.24646383490854964,"{""solution_info"": {""status"": ""ok"", ""objective"": 6.091185472363811e-26, ""roots_found"": 3, ""variant"": ""III"", ""grid_size"": 97, ""strategy"": ""CW_profile_Brent"", ""paper_domain"": false}}"
2.0,1000.0,1000.0,10,76,mmle_iv,mmle_iv,1.5912785438170747,658.1299090025977,1201.8742685021723,nan,True,9.90001717582345e-06,success,-0.4087214561829253,-341.87009099740226,201.8742685021723,-0.20436072809146266,-0.34187009099740223,0.2018742685021723,"{""solution_info"": {""status"": ""ok"", ""objective"": 1.1543500233712218e-27, ""roots_found"": 2, ""variant"": ""IV"", ""grid_size"": 97, ""strategy"": ""CW_profile_Brent"", ""paper_domain"": false}}"
2.0,1000.0,1000.0,10,76,mmle_v,mmle_v,1.6745000128338596,680.0407059682806,1186.1025292256634,nan,True,9.700015652924776e-06,success,-0.32549998716614037,-319.9592940317194,186.10252922566337,-0.16274999358307018,-0.3199592940317194,0.18610252922566337,"{""solution_info"": {""status"": ""ok"", ""objective"": 1.0630783610464998e-28, ""roots_found"": 1, ""variant"": ""V"", ""grid_size"": 97, ""strategy"": ""CW_profile_Brent"", ""paper_domain"": false}}"
2.0,1000.0,1000.0,10,76,wmle_checked,wmle_checked,1.7484346804543733,754.8836429052337,1125.8798705532606,0.9447419958999469,True,0.13254500000039116,success,-0.25156531954562666,-245.11635709476627,125.87987055326062,-0.12578265977281333,-0.24511635709476629,0.1258798705532606,"{""solution_info"": {""status"": ""ok"", ""objective"": 3.0843975028367646e-21, ""strategy"": ""deterministic_multistart_equation_minimization"", ""start_count"": 5, ""selected_start"": 0, ""location_at_zero_boundary"": false, ""production_status"": ""ok"", ""recovered"": false}}"
2.0,1000.0,1000.0,10,76,mme_i,mme_i,,,,,False,0.031284599972423166,failure,nan,nan,nan,nan,nan,nan,"{""solution_info"": {""status"": ""no_root_in_declared_shape_domain"", ""variant"": ""I""}}"
2.0,1000.0,1000.0,10,76,mme_ii,mme_ii,2.7840083151475903,1097.4294525762703,819.7115395354455,nan,True,1.1999974958598614e-05,success,0.7840083151475903,97.42945257627025,-180.28846046455453,0.39200415757379514,0.09742945257627025,-0.18028846046455455,"{""solution_info"": {""status"": ""ok"", ""variant"": ""II"", ""roots_found"": 1, ""candidate_estimates"": [[2.7840083151475903, 1.0974294525762702, 0.8197115395354455]], ""sample_moment_shape_initializer"": 2.583263507899728, ""criterion_residual"": -2.886579864025407e-15, ""strategy"": ""CW_moment_Brent_valid_support_then_sample_skew_initializer""}}"
2.0,1000.0,1000.0,10,76,mme_iii,mme_iii,1.6421611858832221,679.2113735566804,1189.115889359663,nan,True,9.600014891475439e-06,success,-0.35783881411677787,-320.7886264433196,189.11588935966302,-0.17891940705838894,-0.32078862644331957,0.189115889359663,"{""solution_info"": {""status"": ""ok"", ""variant"": ""III"", ""roots_found"": 2, ""candidate_estimates"": [[0.2916722489553896, 0.006265415330836592, 1.7306768143689937], [1.6421611858832221, 0.6792113735566804, 1.189115889359663]], ""sample_moment_shape_initializer"": 2.583263507899728, ""criterion_residual"": -1.5432100042289676e-14, ""strategy"": ""CW_moment_Brent_valid_support_then_sample_skew_initializer""}}"
2.0,1000.0,1000.0,10,76,mmle_i_paper,mmle_i_paper,5.707593817686347,2079.256555456222,-130.38388694163316,0.0,True,0.06169689999660477,success,3.707593817686347,1079.256555456222,-1130.3838869416331,1.8537969088431736,1.0792565554562221,-1.1303838869416332,"{""solution_info"": {""status"": ""ok"", ""objective"": 8.38164711797325e-31, ""roots_found"": 1, ""grid_size"": 97, ""strategy"": ""cw_i_profile_brent"", ""paper_domain"": true, ""raw_min_gap"": 1377.361676699022}}"
2.0,1000.0,1000.0,10,76,mmle_ii_paper,mmle_ii_paper,3.3490645599454454,1235.5624281164512,689.2809760759804,nan,True,0.11767499998677522,success,1.3490645599454454,235.5624281164512,-310.71902392401955,0.6745322799727227,0.2355624281164512,-0.31071902392401957,"{""solution_info"": {""status"": ""ok"", ""objective"": 6.124076351245608e-26, ""roots_found"": 1, ""variant"": ""II"", ""grid_size"": 97, ""strategy"": ""CW_profile_Brent"", ""paper_domain"": true}}"
2.0,1000.0,1000.0,10,76,mmle_iii_paper,mmle_iii_paper,0.9999999999999966,550.2440039670378,1246.4638349085496,nan,True,1.1400028597563505e-05,success,-1.0000000000000036,-449.75599603296223,246.46383490854964,-0.5000000000000018,-0.44975599603296224,0.24646383490854964,"{""solution_info"": {""status"": ""ok"", ""objective"": 6.17914870319135e-26, ""roots_found"": 3, ""variant"": ""III"", ""grid_size"": 97, ""strategy"": ""CW_profile_Brent"", ""paper_domain"": true}}"
2.0,1000.0,1000.0,10,76,mmle_iv_paper,mmle_iv_paper,1.5912785438170716,658.1299090025968,1201.874268502173,nan,True,1.260003773495555e-05,success,-0.40872145618292843,-341.87009099740317,201.87426850217298,-0.20436072809146422,-0.3418700909974032,0.201874268502173,"{""solution_info"": {""status"": ""ok"", ""objective"": 1.1440455277967724e-27, ""roots_found"": 2, ""variant"": ""IV"", ""grid_size"": 97, ""strategy"": ""CW_profile_Brent"", ""paper_domain"": true}}"
2.0,1000.0,1000.0,10,76,mmle_v_paper,mmle_v_paper,1.6745000128339018,680.0407059682923,1186.1025292256547,nan,True,1.0599964298307896e-05,success,-0.3254999871660982,-319.9592940317077,186.10252922565473,-0.1627499935830491,-0.3199592940317077,0.18610252922565473,"{""solution_info"": {""status"": ""ok"", ""objective"": 2.006355412917376e-29, ""roots_found"": 1, ""variant"": ""V"", ""grid_size"": 97, ""strategy"": ""CW_profile_Brent"", ""paper_domain"": true}}"
2.0,1000.0,1000.0,10,77,mle_local,mle_local,,,,,False,0.1681337000336498,failure,nan,nan,nan,nan,nan,nan,"{""solution_info"": {""status"": ""unbounded""}}"
2.0,1000.0,1000.0,10,77,mmle_i,mmle_i,2.2540182230687797,1280.5423821568945,833.8058410120422,0.0,True,0.056953599967528135,success,0.25401822306877975,280.5423821568945,-166.19415898795785,0.12700911153438987,0.28054238215689453,-0.16619415898795784,"{""solution_info"": {""status"": ""ok"", ""objective"": 4.930380657631324e-32, ""roots_found"": 1, ""grid_size"": 97, ""strategy"": ""cw_i_profile_brent"", ""paper_domain"": false, ""raw_min_gap"": 451.3224338525331}}"
2.0,1000.0,1000.0,10,77,mmle_ii,mmle_ii,1.9153904606272556,1099.46808821342,991.9787397388916,nan,True,0.1294179999968037,success,-0.0846095393727444,99.46808821342006,-8.02126026110841,-0.0423047696863722,0.09946808821342006,-0.00802126026110841,"{""solution_info"": {""status"": ""ok"", ""objective"": 9.122313552265916e-28, ""roots_found"": 1, ""variant"": ""II"", ""grid_size"": 97, ""strategy"": ""CW_profile_Brent"", ""paper_domain"": false}}"
2.0,1000.0,1000.0,10,77,mmle_iii,mmle_iii,0.9999999999999957,684.4284230626648,1278.73380450993,nan,True,1.1000025551766157e-05,success,-1.0000000000000044,-315.5715769373352,278.73380450993,-0.5000000000000022,-0.3155715769373352,0.27873380450993,"{""solution_info"": {""status"": ""ok"", ""objective"": 0.0, ""roots_found"": 3, ""variant"": ""III"", ""grid_size"": 97, ""strategy"": ""CW_profile_Brent"", ""paper_domain"": false}}"
2.0,1000.0,1000.0,10,77,mmle_iv,mmle_iv,1.3199557438764298,806.2813515482386,1218.721885076182,nan,True,9.600014891475439e-06,success,-0.6800442561235702,-193.7186484517614,218.72188507618193,-0.3400221280617851,-0.1937186484517614,0.21872188507618193,"{""solution_info"": {""status"": ""ok"", ""objective"": 1.8242408433235898e-30, ""roots_found"": 2, ""variant"": ""IV"", ""grid_size"": 97, ""strategy"": ""CW_profile_Brent"", ""paper_domain"": false}}"
2.0,1000.0,1000.0,10,77,mmle_v,mmle_v,1.3632544916623022,825.6414328411588,1205.9444053878171,nan,True,1.3899989426136017e-05,success,-0.6367455083376978,-174.3585671588412,205.94440538781714,-0.3183727541688489,-0.1743585671588412,0.20594440538781714,"{""solution_info"": {""status"": ""ok"", ""objective"": 1.644406455689802e-30, ""roots_found"": 1, ""variant"": ""V"", ""grid_size"": 97, ""strategy"": ""CW_profile_Brent"", ""paper_domain"": false}}"
2.0,1000.0,1000.0,10,77,wmle_checked,wmle_checked,1.2331122032236064,825.3924619571962,1204.6117566273545,0.9518245563828285,True,0.18184440000914037,success,-0.7668877967763936,-174.60753804280375,204.61175662735445,-0.3834438983881968,-0.17460753804280377,0.20461175662735445,"{""solution_info"": {""status"": ""ok"", ""objective"": 3.410066107934444e-20, ""strategy"": ""deterministic_multistart_equation_minimization"", ""start_count"": 5, ""selected_start"": 3, ""location_at_zero_boundary"": false, ""production_status"": ""ok"", ""recovered"": false}}"
2.0,1000.0,1000.0,10,77,mme_i,mme_i,1.7304264604673505,1069.2074084081723,1010.2664092186728,nan,True,0.02664380002534017,success,-0.2695735395326495,69.20740840817234,10.266409218672834,-0.13478676976632475,0.06920740840817234,0.010266409218672834,"{""solution_info"": {""status"": ""ok"", ""variant"": ""I"", ""roots_found"": 1, ""candidate_estimates"": [[1.7304264604673505, 1.0692074084081724, 1.0102664092186728]], ""sample_moment_shape_initializer"": 2.1110876068726285, ""criterion_residual"": -1.3344880755994382e-13, ""strategy"": ""CW_moment_Brent_valid_support_then_sample_skew_initializer""}}"
2.0,1000.0,1000.0,10,77,mme_ii,mme_ii,1.6061588044395014,993.3876471174133,1072.828596272393,nan,True,1.1599971912801266e-05,success,-0.39384119556049857,-6.61235288258672,72.82859627239304,-0.19692059778024928,-0.00661235288258672,0.07282859627239305,"{""solution_info"": {""status"": ""ok"", ""variant"": ""II"", ""roots_found"": 1, ""candidate_estimates"": [[1.6061588044395014, 0.9933876471174132, 1.0728285962723931]], ""sample_moment_shape_initializer"": 2.1110876068726285, ""criterion_residual"": -7.771561172376096e-15, ""strategy"": ""CW_moment_Brent_valid_support_then_sample_skew_initializer""}}"
2.0,1000.0,1000.0,10,77,mme_iii,mme_iii,1.3644666298138854,836.7411982308131,1197.30858336116,nan,True,9.400013368576765e-06,success,-0.6355333701861146,-163.2588017691869,197.3085833611599,-0.3177666850930573,-0.1632588017691869,0.1973085833611599,"{""solution_info"": {""status"": ""ok"", ""variant"": ""III"", ""roots_found"": 2, ""candidate_estimates"": [[0.33859427509318013, 0.02371687516999998, 1.828912078940166], [1.3644666298138854, 0.836741198230813, 1.1973085833611599]], ""sample_moment_shape_initializer"": 2.1110876068726285, ""criterion_residual"": 4.85722573273506e-15, ""strategy"": ""CW_moment_Brent_valid_support_then_sample_skew_initializer""}}"
2.0,1000.0,1000.0,10,77,mmle_i_paper,mmle_i_paper,2.254018223068867,1280.5423821569418,833.805841012,0.0,True,0.06893859995761886,success,0.2540182230688668,280.5423821569418,-166.19415898800003,0.1270091115344334,0.2805423821569418,-0.16619415898800002,"{""solution_info"": {""status"": ""ok"", ""objective"": 1.3265189159357077e-27, ""roots_found"": 1, ""grid_size"": 97, ""strategy"": ""cw_i_profile_brent"", ""paper_domain"": true, ""raw_min_gap"": 451.3224338525753}}"
2.0,1000.0,1000.0,10,77,mmle_ii_paper,mmle_ii_paper,1.9153904606272176,1099.4680882134003,991.9787397389084,nan,True,0.1447337999707088,success,-0.08460953937278237,99.46808821340028,-8.021260261091584,-0.042304769686391186,0.09946808821340028,-0.008021260261091583,"{""solution_info"": {""status"": ""ok"", ""objective"": 1.958840235276925e-28, ""roots_found"": 1, ""variant"": ""II"", ""grid_size"": 97, ""strategy"": ""CW_profile_Brent"", ""paper_domain"": true}}"
2.0,1000.0,1000.0,10,77,mmle_iii_paper,mmle_iii_paper,0.999999999999997,684.4284230626655,1278.7338045099298,nan,True,1.309998333454132e-05,success,-1.000000000000003,-315.5715769373345,278.73380450992977,-0.5000000000000016,-0.3155715769373345,0.2787338045099298,"{""solution_info"": {""status"": ""ok"", ""objective"": 1.1093356479670479e-31, ""roots_found"": 3, ""variant"": ""III"", ""grid_size"": 97, ""strategy"": ""CW_profile_Brent"", ""paper_domain"": true}}"
2.0,1000.0,1000.0,10,77,mmle_iv_paper,mmle_iv_paper,1.319955743876431,806.2813515482394,1218.7218850761815,nan,True,9.999959729611874e-06,success,-0.6800442561235689,-193.7186484517606,218.72188507618148,-0.34002212806178445,-0.1937186484517606,0.21872188507618148,"{""solution_info"": {""status"": ""ok"", ""objective"": 4.930380657631324e-31, ""roots_found"": 2, ""variant"": ""IV"", ""grid_size"": 97, ""strategy"": ""CW_profile_Brent"", ""paper_domain"": true}}"
2.0,1000.0,1000.0,10,77,mmle_v_paper,mmle_v_paper,1.3632544916623022,825.6414328411586,1205.9444053878174,nan,True,9.699957445263863e-06,success,-0.6367455083376978,-174.35856715884142,205.94440538781737,-0.3183727541688489,-0.17435856715884143,0.20594440538781736,"{""solution_info"": {""status"": ""ok"", ""objective"": 2.022701133326398e-31, ""roots_found"": 1, ""variant"": ""V"", ""grid_size"": 97, ""strategy"": ""CW_profile_Brent"", ""paper_domain"": true}}"
2.0,1000.0,1000.0,10,78,mle_local,mle_local,,,,,False,0.16765030001988634,failure,nan,nan,nan,nan,nan,nan,"{""solution_info"": {""status"": ""unbounded""}}"
2.0,1000.0,1000.0,10,78,mmle_i,mmle_i,2.3508889778746322,908.6407417052963,935.0189208300064,0.0,True,0.05833490000804886,success,0.35088897787463225,-91.35925829470375,-64.98107916999356,0.17544448893731612,-0.09135925829470375,-0.06498107916999356,"{""solution_info"": {""status"": ""ok"", ""objective"": 4.233471351675136e-27, ""roots_found"": 1, ""grid_size"": 97, ""strategy"": ""cw_i_profile_brent"", ""paper_domain"": false, ""raw_min_gap"": 334.3086873253199}}"
2.0,1000.0,1000.0,10,78,mmle_ii,mmle_ii,1.9288812733337857,760.4018202952359,1064.912200698789,nan,True,0.1228345999843441,success,-0.07111872666621433,-239.5981797047641,64.91220069878909,-0.03555936333310716,-0.2395981797047641,0.0649122006987891,"{""solution_info"": {""status"": ""ok"", ""objective"": 1.3442845565593506e-25, ""roots_found"": 1, ""variant"": ""II"", ""grid_size"": 97, ""strategy"": ""CW_profile_Brent"", ""paper_domain"": false}}"
2.0,1000.0,1000.0,10,78,mmle_iii,mmle_iii,1.000000000000001,471.69286641911503,1264.4383839612265,nan,True,1.0999967344105244e-05,success,-0.9999999999999989,-528.307133580885,264.43838396122646,-0.49999999999999944,-0.528307133580885,0.2644383839612265,"{""solution_info"": {""status"": ""ok"", ""objective"": 4.437342591868191e-31, ""roots_found"": 3, ""variant"": ""III"", ""grid_size"": 97, ""strategy"": ""CW_profile_Brent"", ""paper_domain"": false}}"
2.0,1000.0,1000.0,10,78,mmle_iv,mmle_iv,1.3407743611321423,564.1803771970726,1217.1952084374861,nan,True,9.899958968162537e-06,success,-0.6592256388678577,-435.81962280292737,217.19520843748614,-0.32961281943392884,-0.43581962280292735,0.21719520843748613,"{""solution_info"": {""status"": ""ok"", ""objective"": 1.2339386931370355e-25, ""roots_found"": 2, ""variant"": ""IV"", ""grid_size"": 97, ""strategy"": ""CW_profile_Brent"", ""paper_domain"": false}}"
2.0,1000.0,1000.0,10,78,mmle_v,mmle_v,1.542233448970582,628.9203385254287,1171.065581739919,nan,True,9.299954399466515e-06,success,-0.457766551029418,-371.07966147457125,171.06558173991903,-0.228883275514709,-0.3710796614745713,0.17106558173991904,"{""solution_info"": {""status"": ""ok"", ""objective"": 6.752434178743683e-28, ""roots_found"": 1, ""variant"": ""V"", ""grid_size"": 97, ""strategy"": ""CW_profile_Brent"", ""paper_domain"": false}}"
2.0,1000.0,1000.0,10,78,wmle_checked,wmle_checked,1.2054207530560763,562.0341281747809,1217.4531809969988,0.971110911525926,True,0.11568980000447482,success,-0.7945792469439237,-437.9658718252191,217.45318099699875,-0.39728962347196184,-0.4379658718252191,0.21745318099699876,"{""solution_info"": {""status"": ""ok"", ""objective"": 6.791389959083071e-21, ""strategy"": ""deterministic_multistart_equation_minimization"", ""start_count"": 5, ""selected_start"": 3, ""location_at_zero_boundary"": false, ""production_status"": ""ok"", ""recovered"": false}}"
2.0,1000.0,1000.0,10,78,mme_i,mme_i,1.7376013531008971,738.0583455904026,1078.5272289575062,nan,True,0.029250799969304353,success,-0.26239864689910286,-261.9416544095974,78.52722895750617,-0.13119932344955143,-0.2619416544095974,0.07852722895750616,"{""solution_info"": {""status"": ""ok"", ""variant"": ""I"", ""roots_found"": 1, ""candidate_estimates"": [[1.7376013531008971, 0.7380583455904026, 1.078527228957506]], ""sample_moment_shape_initializer"": 2.503051619229674, ""criterion_residual"": 3.552713678800501e-15, ""strategy"": ""CW_moment_Brent_valid_support_then_sample_skew_initializer""}}"
2.0,1000.0,1000.0,10,78,mme_ii,mme_ii,1.6109040827639625,685.0030269655444,1122.3531069702447,nan,True,1.1800031643360853e-05,success,-0.38909591723603754,-314.99697303445555,122.35310697024465,-0.19454795861801877,-0.31499697303445556,0.12235310697024465,"{""solution_info"": {""status"": ""ok"", ""variant"": ""II"", ""roots_found"": 1, ""candidate_estimates"": [[1.6109040827639625, 0.6850030269655445, 1.1223531069702446]], ""sample_moment_shape_initializer"": 2.503051619229674, ""criterion_residual"": -4.107825191113079e-14, ""strategy"": ""CW_moment_Brent_valid_support_then_sample_skew_initializer""}}"
2.0,1000.0,1000.0,10,78,mme_iii,mme_iii,1.5963074076365842,678.7604265645019,1127.4419699840948,nan,True,9.499955922365189e-06,success,-0.4036925923634158,-321.2395734354981,127.44196998409484,-0.2018462961817079,-0.3212395734354981,0.12744196998409485,"{""solution_info"": {""status"": ""ok"", ""variant"": ""III"", ""roots_found"": 2, ""candidate_estimates"": [[0.2984550082083099, 0.00753080239741343, 1.664749919958872], [1.5963074076365842, 0.678760426564502, 1.1274419699840947]], ""sample_moment_shape_initializer"": 2.503051619229674, ""criterion_residual"": -1.5265566588595902e-15, ""strategy"": ""CW_moment_Brent_valid_support_then_sample_skew_initializer""}}"
2.0,1000.0,1000.0,10,78,mmle_i_paper,mmle_i_paper,2.3508889778746305,908.6407417052952,935.0189208300075,0.0,True,0.05962250003358349,success,0.35088897787463047,-91.35925829470477,-64.98107916999254,0.17544448893731523,-0.09135925829470477,-0.06498107916999254,"{""solution_info"": {""status"": ""ok"", ""objective"": 4.1329532160176776e-27, ""roots_found"": 1, ""grid_size"": 97, ""strategy"": ""cw_i_profile_brent"", ""paper_domain"": true, ""raw_min_gap"": 334.308687325319}}"
2.0,1000.0,1000.0,10,78,mmle_ii_paper,mmle_ii_paper,1.9288812733332676,760.4018202950562,1064.9122006989414,nan,True,0.13681759999599308,success,-0.07111872666673236,-239.59817970494385,64.91220069894143,-0.03555936333336618,-0.23959817970494385,0.06491220069894144,"{""solution_info"": {""status"": ""ok"", ""objective"": 1.6244509722389218e-25, ""roots_found"": 1, ""variant"": ""II"", ""grid_size"": 97, ""strategy"": ""CW_profile_Brent"", ""paper_domain"": true}}"
2.0,1000.0,1000.0,10,78,mmle_iii_paper,mmle_iii_paper,0.9999999999999942,471.69286641911344,1264.4383839612267,nan,True,1.1200027074664831e-05,success,-1.0000000000000058,-528.3071335808866,264.4383839612267,-0.5000000000000029,-0.5283071335808865,0.2644383839612267,"{""solution_info"": {""status"": ""ok"", ""objective"": 7.888609052210118e-31, ""roots_found"": 3, ""variant"": ""III"", ""grid_size"": 97, ""strategy"": ""CW_profile_Brent"", ""paper_domain"": true}}"
2.0,1000.0,1000.0,10,78,mmle_iv_paper,mmle_iv_paper,1.3407743611321419,564.1803771970724,1217.1952084374864,nan,True,9.500014130026102e-06,success,-0.6592256388678581,-435.8196228029276,217.19520843748637,-0.32961281943392906,-0.4358196228029276,0.21719520843748638,"{""solution_info"": {""status"": ""ok"", ""objective"": 1.227714087556776e-25, ""roots_found"": 2, ""variant"": ""IV"", ""grid_size"": 97, ""strategy"": ""CW_profile_Brent"", ""paper_domain"": true}}"
2.0,1000.0,1000.0,10,78,mmle_v_paper,mmle_v_paper,1.5422334489705856,628.92033852543,1171.0655817399181,nan,True,9.200011845678091e-06,success,-0.45776655102941444,-371.07966147457,171.06558173991812,-0.22888327551470722,-0.37107966147457,0.17106558173991812,"{""solution_info"": {""status"": ""ok"", ""objective"": 6.9851481457838815e-28, ""roots_found"": 1, ""variant"": ""V"", ""grid_size"": 97, ""strategy"": ""CW_profile_Brent"", ""paper_domain"": true}}"
2.0,1000.0,1000.0,10,79,mle_local,mle_local,1.8925866112129526,660.3072857635689,1288.1672091349672,0.8132995848836039,True,0.08071690000360832,success,-0.10741338878704743,-339.69271423643113,288.16720913496715,-0.05370669439352371,-0.3396927142364311,0.28816720913496713,"{""solution_info"": {""status"": ""ok"", ""strategy"": ""deterministic_multistart_likelihood"", ""start_count"": 5, ""selected_start"": 0, ""log_likelihood"": -2.2857765431486925, ""location_at_zero_boundary"": false}}"
2.0,1000.0,1000.0,10,79,mmle_i,mmle_i,4.573011982853936,1548.4062872647683,455.58024766835905,0.0,True,0.056424900016281754,success,2.573011982853936,548.4062872647683,-544.4197523316409,1.286505991426968,0.5484062872647683,-0.5444197523316409,"{""solution_info"": {""status"": ""ok"", ""objective"": 1.4455876088175041e-28, ""roots_found"": 1, ""grid_size"": 97, ""strategy"": ""cw_i_profile_brent"", ""paper_domain"": false, ""raw_min_gap"": 926.0809871708129}}"
2.0,1000.0,1000.0,10,79,mmle_ii,mmle_ii,3.196530656098768,1072.834843027931,914.129613305695,nan,True,0.11968460003845394,success,1.1965306560987679,72.8348430279309,-85.87038669430501,0.5982653280493839,0.0728348430279309,-0.08587038669430501,"{""solution_info"": {""status"": ""ok"", ""objective"": 6.2838317779093426e-27, ""roots_found"": 1, ""variant"": ""II"", ""grid_size"": 97, ""strategy"": ""CW_profile_Brent"", ""paper_domain"": false}}"
2.0,1000.0,1000.0,10,79,mmle_iii,mmle_iii,1.0000000000000009,494.8059800829759,1381.234925941205,nan,True,1.0700023267418146e-05,success,-0.9999999999999991,-505.1940199170241,381.2349259412049,-0.49999999999999956,-0.5051940199170241,0.3812349259412049,"{""solution_info"": {""status"": ""ok"", ""objective"": 7.099748146989106e-26, ""roots_found"": 3, ""variant"": ""III"", ""grid_size"": 97, ""strategy"": ""CW_profile_Brent"", ""paper_domain"": false}}"
2.0,1000.0,1000.0,10,79,mmle_iv,mmle_iv,1.6293874722361044,594.4398540038816,1339.0407072151056,nan,True,9.90001717582345e-06,success,-0.37061252776389564,-405.5601459961184,339.0407072151056,-0.18530626388194782,-0.40556014599611845,0.3390407072151056,"{""solution_info"": {""status"": ""ok"", ""objective"": 2.810459955888926e-26, ""roots_found"": 2, ""variant"": ""IV"", ""grid_size"": 97, ""strategy"": ""CW_profile_Brent"", ""paper_domain"": false}}"
2.0,1000.0,1000.0,10,79,mmle_v,mmle_v,,,,,False,8.90000956133008e-06,failure,nan,nan,nan,nan,nan,nan,"{""solution_info"": {""status"": ""no_root_in_declared_location_domain"", ""variant"": ""V"", ""grid_size"": 97}}"
2.0,1000.0,1000.0,10,79,wmle_checked,wmle_checked,1.8235551408362867,691.9449017678043,1261.2428705679624,0.9021818481935588,True,0.15914539998630062,success,-0.17644485916371333,-308.05509823219575,261.2428705679624,-0.08822242958185667,-0.30805509823219573,0.2612428705679624,"{""solution_info"": {""status"": ""ok"", ""objective"": 1.0069271503139984e-20, ""strategy"": ""deterministic_multistart_equation_minimization"", ""start_count"": 5, ""selected_start"": 0, ""location_at_zero_boundary"": false, ""production_status"": ""ok"", ""recovered"": false}}"
2.0,1000.0,1000.0,10,79,mme_i,mme_i,,,,,False,0.03309480001917109,failure,nan,nan,nan,nan,nan,nan,"{""solution_info"": {""status"": ""no_root_in_declared_shape_domain"", ""variant"": ""I""}}"
2.0,1000.0,1000.0,10,79,mme_ii,mme_ii,3.017337845457218,1036.9035407599931,949.8712353962867,nan,True,1.290004001930356e-05,success,1.017337845457218,36.90354075999312,-50.12876460371331,0.508668922728609,0.03690354075999312,-0.05012876460371331,"{""solution_info"": {""status"": ""ok"", ""variant"": ""II"", ""roots_found"": 1, ""candidate_estimates"": [[3.017337845457218, 1.0369035407599931, 0.9498712353962867]], ""sample_moment_shape_initializer"": 2.150038928046959, ""criterion_residual"": 2.220446049250313e-16, ""strategy"": ""CW_moment_Brent_valid_support_then_sample_skew_initializer""}}"
2.0,1000.0,1000.0,10,79,mme_iii,mme_iii,7.613432104457874,2293.995768116056,-279.0527568471364,nan,False,9.899958968162537e-06,failure,nan,nan,nan,nan,nan,nan,"{""solution_info"": {""status"": ""location_outside_effective_support"", ""variant"": ""III"", ""roots_found"": 1, ""candidate_estimates"": [[7.613432104457874, 2.293995768116056, -0.2790527568471364]], ""sample_moment_shape_initializer"": 2.150038928046959, ""criterion_residual"": 1.7930101847696278e-14, ""strategy"": ""CW_moment_Brent_valid_support_then_sample_skew_initializer""}}"
2.0,1000.0,1000.0,10,79,mmle_i_paper,mmle_i_paper,4.573011982853928,1548.4062872647658,455.5802476683617,0.0,True,0.07254780002404004,success,2.573011982853928,548.4062872647658,-544.4197523316383,1.286505991426964,0.5484062872647657,-0.5444197523316383,"{""solution_info"": {""status"": ""ok"", ""objective"": 1.3849439267286389e-28, ""roots_found"": 1, ""grid_size"": 97, ""strategy"": ""cw_i_profile_brent"", ""paper_domain"": true, ""raw_min_gap"": 926.0809871708102}}"
2.0,1000.0,1000.0,10,79,mmle_ii_paper,mmle_ii_paper,3.196530656098175,1072.8348430277304,914.1296133058851,nan,True,0.15239880001172423,success,1.196530656098175,72.83484302773036,-85.87038669411493,0.5982653280490875,0.07283484302773036,-0.08587038669411493,"{""solution_info"": {""status"": ""ok"", ""objective"": 5.7192415628523356e-30, ""roots_found"": 1, ""variant"": ""II"", ""grid_size"": 97, ""strategy"": ""CW_profile_Brent"", ""paper_domain"": true}}"
2.0,1000.0,1000.0,10,79,mmle_iii_paper,mmle_iii_paper,1.000000000000001,494.80598008297585,1381.234925941205,nan,True,1.1899974197149277e-05,success,-0.9999999999999989,-505.19401991702415,381.2349259412049,-0.49999999999999944,-0.5051940199170242,0.3812349259412049,"{""solution_info"": {""status"": ""ok"", ""objective"": 7.111585990948079e-26, ""roots_found"": 3, ""variant"": ""III"", ""grid_size"": 97, ""strategy"": ""CW_profile_Brent"", ""paper_domain"": true}}"
2.0,1000.0,1000.0,10,79,mmle_iv_paper,mmle_iv_paper,1.629387472236106,594.4398540038819,1339.0407072151056,nan,True,9.800016414374113e-06,success,-0.3706125277638941,-405.5601459961181,339.0407072151056,-0.18530626388194704,-0.40556014599611806,0.3390407072151056,"{""solution_info"": {""status"": ""ok"", ""objective"": 2.803315834316018e-26, ""roots_found"": 2, ""variant"": ""IV"", ""grid_size"": 97, ""strategy"": ""CW_profile_Brent"", ""paper_domain"": true}}"
2.0,1000.0,1000.0,10,79,mmle_v_paper,mmle_v_paper,,,,,False,9.700015652924776e-06,failure,nan,nan,nan,nan,nan,nan,"{""solution_info"": {""status"": ""no_root_in_declared_location_domain"", ""variant"": ""V"", ""grid_size"": 97}}"
2.0,1000.0,1000.0,10,80,mle_local,mle_local,3.400614010954979,1672.2247118359844,505.5651815817458,0.9155313967396627,True,0.11468770005740225,success,1.4006140109549792,672.2247118359844,-494.4348184182542,0.7003070054774896,0.6722247118359844,-0.4944348184182542,"{""solution_info"": {""status"": ""ok"", ""strategy"": ""deterministic_multistart_likelihood"", ""start_count"": 5, ""selected_start"": 2, ""log_likelihood"": -7.167811300673658, ""location_at_zero_boundary"": false}}"
2.0,1000.0,1000.0,10,80,mmle_i,mmle_i,,,,,False,0.057661900005768985,failure,nan,nan,nan,nan,nan,nan,"{""raw_status"": ""no_root_in_declared_location_domain"", ""solution_info"": {""status"": ""no_root_in_declared_location_domain"", ""location_lower"": 0.0, ""endpoint_constraint_residuals"": [6.674443306247692, 0.6604945284911663], ""grid_size"": 97}}"
2.0,1000.0,1000.0,10,80,mmle_ii,mmle_ii,,,,,False,0.13067689997842535,failure,nan,nan,nan,nan,nan,nan,"{""solution_info"": {""status"": ""no_root_in_declared_location_domain"", ""variant"": ""II"", ""grid_size"": 97}}"
2.0,1000.0,1000.0,10,80,mmle_iii,mmle_iii,0.9999999999999937,854.0606160247817,1148.0266579038905,nan,True,1.1300027836114168e-05,success,-1.0000000000000062,-145.93938397521833,148.0266579038905,-0.5000000000000031,-0.14593938397521833,0.1480266579038905,"{""solution_info"": {""status"": ""ok"", ""objective"": 1.744054996467825e-28, ""roots_found"": 2, ""variant"": ""III"", ""grid_size"": 97, ""strategy"": ""CW_profile_Brent"", ""paper_domain"": false}}"
2.0,1000.0,1000.0,10,80,mmle_iv,mmle_iv,1.801927698871528,1043.2531340285445,1065.472424459683,nan,True,9.899958968162537e-06,success,-0.19807230112847196,43.25313402854454,65.472424459683,-0.09903615056423598,0.04325313402854453,0.065472424459683,"{""solution_info"": {""status"": ""ok"", ""objective"": 1.9721522630525295e-31, ""roots_found"": 1, ""variant"": ""IV"", ""grid_size"": 97, ""strategy"": ""CW_profile_Brent"", ""paper_domain"": false}}"
2.0,1000.0,1000.0,10,80,mmle_v,mmle_v,,,,,False,1.8000020645558834e-05,failure,nan,nan,nan,nan,nan,nan,"{""solution_info"": {""status"": ""no_root_in_declared_location_domain"", ""variant"": ""V"", ""grid_size"": 97}}"
2.0,1000.0,1000.0,10,80,wmle_checked,wmle_checked,2.3426222882794967,1345.4176774901755,807.4912876750484,0.9437887297701193,True,0.1456461000489071,success,0.3426222882794967,345.4176774901755,-192.5087123249516,0.17131114413974835,0.3454176774901755,-0.1925087123249516,"{""solution_info"": {""status"": ""ok"", ""objective"": 9.292390140423318e-23, ""strategy"": ""deterministic_multistart_equation_minimization"", ""start_count"": 5, ""selected_start"": 3, ""location_at_zero_boundary"": false, ""production_status"": ""ok"", ""recovered"": false}}"
2.0,1000.0,1000.0,10,80,mme_i,mme_i,,,,,False,0.027393900032620877,failure,nan,nan,nan,nan,nan,nan,"{""solution_info"": {""status"": ""no_root_in_declared_shape_domain"", ""variant"": ""I""}}"
2.0,1000.0,1000.0,10,80,mme_ii,mme_ii,4.786223800887587,2440.540243887312,-233.07479864152424,nan,False,1.1499971151351929e-05,failure,nan,nan,nan,nan,nan,nan,"{""solution_info"": {""status"": ""location_outside_effective_support"", ""variant"": ""II"", ""roots_found"": 1, ""candidate_estimates"": [[4.786223800887587, 2.440540243887312, -0.23307479864152425]], ""sample_moment_shape_initializer"": 4.2350622179263, ""criterion_residual"": -4.929390229335695e-14, ""strategy"": ""CW_moment_Brent_valid_support_then_sample_skew_initializer""}}"
2.0,1000.0,1000.0,10,80,mme_iii,mme_iii,,,,,False,8.800008799880743e-06,failure,nan,nan,nan,nan,nan,nan,"{""solution_info"": {""status"": ""no_root_in_declared_shape_domain"", ""variant"": ""III""}}"
2.0,1000.0,1000.0,10,80,mmle_i_paper,mmle_i_paper,,,,,False,0.06609720003325492,failure,nan,nan,nan,nan,nan,nan,"{""raw_status"": ""no_root_in_declared_location_domain"", ""solution_info"": {""status"": ""no_root_in_declared_location_domain"", ""location_lower"": -3325.860168264055, ""endpoint_constraint_residuals"": [6.674443306247692, 0.3398557400723998], ""grid_size"": 97}}"
2.0,1000.0,1000.0,10,80,mmle_ii_paper,mmle_ii_paper,8.070371888040636,3673.2528419463224,-1453.1953921485654,nan,True,0.11863510002149269,success,6.070371888040636,2673.2528419463224,-2453.1953921485656,3.035185944020318,2.6732528419463226,-2.4531953921485656,"{""solution_info"": {""status"": ""ok"", ""objective"": 8.741564905980337e-29, ""roots_found"": 1, ""variant"": ""II"", ""grid_size"": 97, ""strategy"": ""CW_profile_Brent"", ""paper_domain"": true}}"
2.0,1000.0,1000.0,10,80,mmle_iii_paper,mmle_iii_paper,1.0000000000000009,854.0606160247827,1148.0266579038905,nan,True,1.8300022929906845e-05,success,-0.9999999999999991,-145.9393839752173,148.0266579038905,-0.49999999999999956,-0.1459393839752173,0.1480266579038905,"{""solution_info"": {""status"": ""ok"", ""objective"": 2.5628567053026686e-28, ""roots_found"": 2, ""variant"": ""III"", ""grid_size"": 97, ""strategy"": ""CW_profile_Brent"", ""paper_domain"": true}}"
2.0,1000.0,1000.0,10,80,mmle_iv_paper,mmle_iv_paper,1.8019276988715274,1043.2531340285445,1065.4724244596828,nan,True,1.0100018698722124e-05,success,-0.19807230112847263,43.25313402854454,65.47242445968277,-0.09903615056423631,0.04325313402854453,0.06547242445968277,"{""solution_info"": {""status"": ""ok"", ""objective"": 2.465190328815662e-31, ""roots_found"": 1, ""variant"": ""IV"", ""grid_size"": 97, ""strategy"": ""CW_profile_Brent"", ""paper_domain"": true}}"
2.0,1000.0,1000.0,10,80,mmle_v_paper,mmle_v_paper,,,,,False,1.4699995517730713e-05,failure,nan,nan,nan,nan,nan,nan,"{""solution_info"": {""status"": ""no_root_in_declared_location_domain"", ""variant"": ""V"", ""grid_size"": 97}}"
2.0,1000.0,1000.0,10,81,mle_local,mle_local,,,,,False,0.2157452999963425,failure,nan,nan,nan,nan,nan,nan,"{""solution_info"": {""status"": ""unbounded""}}"
2.0,1000.0,1000.0,10,81,mmle_i,mmle_i,1.9432360211596182,1062.4111662061798,1052.0209919115082,0.0,True,0.07425700000021607,success,-0.05676397884038176,62.411166206179814,52.02099191150819,-0.02838198942019088,0.06241116620617981,0.05202099191150819,"{""solution_info"": {""status"": ""ok"", ""objective"": 9.705084545997939e-26, ""roots_found"": 1, ""grid_size"": 97, ""strategy"": ""cw_i_profile_brent"", ""paper_domain"": false, ""raw_min_gap"": 316.9217611315382}}"
2.0,1000.0,1000.0,10,81,mmle_ii,mmle_ii,1.7064920959239376,944.4404605923144,1150.3934997530198,nan,True,0.18166659999405965,success,-0.2935079040760624,-55.559539407685634,150.3934997530198,-0.1467539520380312,-0.05555953940768563,0.1503934997530198,"{""solution_info"": {""status"": ""ok"", ""objective"": 1.3909836430342372e-28, ""roots_found"": 1, ""variant"": ""II"", ""grid_size"": 97, ""strategy"": ""CW_profile_Brent"", ""paper_domain"": false}}"
2.0,1000.0,1000.0,10,81,mmle_iii,mmle_iii,1.0000000000000084,630.5531584163446,1358.4657247142206,nan,True,1.0499963536858559e-05,success,-0.9999999999999916,-369.44684158365544,358.46572471422064,-0.4999999999999958,-0.3694468415836554,0.35846572471422067,"{""solution_info"": {""status"": ""ok"", ""objective"": 3.6420898678786e-31, ""roots_found"": 3, ""variant"": ""III"", ""grid_size"": 97, ""strategy"": ""CW_profile_Brent"", ""paper_domain"": false}}"
2.0,1000.0,1000.0,10,81,mmle_iv,mmle_iv,1.27060992586683,738.6989458399644,1302.605915176587,nan,True,9.90001717582345e-06,success,-0.72939007413317,-261.3010541600356,302.6059151765869,-0.364695037066585,-0.26130105416003563,0.3026059151765869,"{""solution_info"": {""status"": ""ok"", ""objective"": 4.930380657631324e-31, ""roots_found"": 2, ""variant"": ""IV"", ""grid_size"": 97, ""strategy"": ""CW_profile_Brent"", ""paper_domain"": false}}"
2.0,1000.0,1000.0,10,81,mmle_v,mmle_v,1.7852264950410477,983.3648615242324,1118.5356679741526,nan,True,8.90000956133008e-06,success,-0.2147735049589523,-16.635138475767576,118.5356679741526,-0.10738675247947616,-0.016635138475767575,0.1185356679741526,"{""solution_info"": {""status"": ""ok"", ""objective"": 1.5029438443434633e-30, ""roots_found"": 1, ""variant"": ""V"", ""grid_size"": 97, ""strategy"": ""CW_profile_Brent"", ""paper_domain"": false}}"
2.0,1000.0,1000.0,10,81,wmle_checked,wmle_checked,1.108197730568637,718.8358897962535,1313.515064772739,0.9577965649753097,True,0.19734440004685894,success,-0.891802269431363,-281.16411020374653,313.5150647727389,-0.4459011347156815,-0.28116411020374654,0.31351506477273894,"{""solution_info"": {""status"": ""ok"", ""objective"": 9.872059191247882e-21, ""strategy"": ""deterministic_multistart_equation_minimization"", ""start_count"": 5, ""selected_start"": 3, ""location_at_zero_boundary"": false, ""production_status"": ""ok"", ""recovered"": false}}"
2.0,1000.0,1000.0,10,81,mme_i,mme_i,1.5286320107851454,904.049931745297,1174.6904912894367,nan,True,0.04020879999734461,success,-0.47136798921485457,-95.95006825470296,174.69049128943675,-0.23568399460742728,-0.09595006825470295,0.17469049128943676,"{""solution_info"": {""status"": ""ok"", ""variant"": ""I"", ""roots_found"": 1, ""candidate_estimates"": [[1.5286320107851454, 0.904049931745297, 1.1746904912894367]], ""sample_moment_shape_initializer"": 2.224944158841505, ""criterion_residual"": -4.285460875053104e-14, ""strategy"": ""CW_moment_Brent_valid_support_then_sample_skew_initializer""}}"
2.0,1000.0,1000.0,10,81,mme_ii,mme_ii,1.4634939802372797,863.8470001318219,1206.736654193162,nan,True,1.1700030881911516e-05,success,-0.5365060197627203,-136.15299986817809,206.73665419316194,-0.26825300988136014,-0.13615299986817808,0.20673665419316195,"{""solution_info"": {""status"": ""ok"", ""variant"": ""II"", ""roots_found"": 1, ""candidate_estimates"": [[1.4634939802372797, 0.8638470001318219, 1.206736654193162]], ""sample_moment_shape_initializer"": 2.224944158841505, ""criterion_residual"": 3.9745984281580604e-14, ""strategy"": ""CW_moment_Brent_valid_support_then_sample_skew_initializer""}}"
2.0,1000.0,1000.0,10,81,mme_iii,mme_iii,1.908103099283628,1122.9687497112745,992.6707574201323,nan,True,1.6300007700920105e-05,success,-0.09189690071637191,122.96874971127454,-7.329242579867696,-0.045948450358185955,0.12296874971127454,-0.007329242579867696,"{""solution_info"": {""status"": ""ok"", ""variant"": ""III"", ""roots_found"": 2, ""candidate_estimates"": [[0.25744792393673316, 0.0034901409771626343, 1.9185477130135038], [1.908103099283628, 1.1229687497112746, 0.9926707574201323]], ""sample_moment_shape_initializer"": 2.224944158841505, ""criterion_residual"": -2.7006175074006933e-14, ""strategy"": ""CW_moment_Brent_valid_support_then_sample_skew_initializer""}}"
2.0,1000.0,1000.0,10,81,mmle_i_paper,mmle_i_paper,1.9432360211596191,1062.4111662061803,1052.0209919115077,0.0,True,0.0735965000349097,success,-0.05676397884038087,62.41116620618027,52.020991911507735,-0.028381989420190434,0.06241116620618027,0.05202099191150773,"{""solution_info"": {""status"": ""ok"", ""objective"": 9.732773563771196e-26, ""roots_found"": 1, ""grid_size"": 97, ""strategy"": ""cw_i_profile_brent"", ""paper_domain"": true, ""raw_min_gap"": 316.92176113153863}}"
2.0,1000.0,1000.0,10,81,mmle_ii_paper,mmle_ii_paper,1.7064920959239305,944.4404605923107,1150.393499753023,nan,True,0.14084619999630377,success,-0.2935079040760695,-55.55953940768927,150.39349975302298,-0.14675395203803476,-0.05555953940768927,0.150393499753023,"{""solution_info"": {""status"": ""ok"", ""objective"": 5.404929795928339e-29, ""roots_found"": 1, ""variant"": ""II"", ""grid_size"": 97, ""strategy"": ""CW_profile_Brent"", ""paper_domain"": true}}"
2.0,1000.0,1000.0,10,81,mmle_iii_paper,mmle_iii_paper,1.0000000000000075,630.5531584163441,1358.4657247142209,nan,True,1.1299969628453255e-05,success,-0.9999999999999925,-369.4468415836559,358.46572471422087,-0.4999999999999962,-0.36944684158365587,0.3584657247142209,"{""solution_info"": {""status"": ""ok"", ""objective"": 9.558546657036188e-31, ""roots_found"": 3, ""variant"": ""III"", ""grid_size"": 97, ""strategy"": ""CW_profile_Brent"", ""paper_domain"": true}}"
2.0,1000.0,1000.0,10,81,mmle_iv_paper,mmle_iv_paper,1.27060992586683,738.6989458399644,1302.605915176587,nan,True,9.299954399466515e-06,success,-0.72939007413317,-261.3010541600356,302.6059151765869,-0.364695037066585,-0.26130105416003563,0.3026059151765869,"{""solution_info"": {""status"": ""ok"", ""objective"": 4.930380657631324e-31, ""roots_found"": 2, ""variant"": ""IV"", ""grid_size"": 97, ""strategy"": ""CW_profile_Brent"", ""paper_domain"": true}}"
2.0,1000.0,1000.0,10,81,mmle_v_paper,mmle_v_paper,1.7852264950410561,983.3648615242366,1118.5356679741494,nan,True,9.400013368576765e-06,success,-0.21477350495894387,-16.63513847576337,118.53566797414942,-0.10738675247947194,-0.01663513847576337,0.11853566797414943,"{""solution_info"": {""status"": ""ok"", ""objective"": 1.7931971212668537e-31, ""roots_found"": 1, ""variant"": ""V"", ""grid_size"": 97, ""strategy"": ""CW_profile_Brent"", ""paper_domain"": true}}"
2.0,1000.0,1000.0,10,82,mle_local,mle_local,2.4860981304906633,1146.9618241266257,838.2815890216401,0.8819081784011499,True,0.07423650001874194,success,0.4860981304906633,146.96182412662574,-161.71841097835988,0.24304906524533165,0.14696182412662576,-0.16171841097835987,"{""solution_info"": {""status"": ""ok"", ""strategy"": ""deterministic_multistart_likelihood"", ""start_count"": 5, ""selected_start"": 2, ""log_likelihood"": -5.869293187482538, ""location_at_zero_boundary"": false}}"
2.0,1000.0,1000.0,10,82,mmle_i,mmle_i,,,,,False,0.06249520002165809,failure,nan,nan,nan,nan,nan,nan,"{""raw_status"": ""no_root_in_declared_location_domain"", ""solution_info"": {""status"": ""no_root_in_declared_location_domain"", ""location_lower"": 0.0, ""endpoint_constraint_residuals"": [6.340727693439309, 0.34473930987860957], ""grid_size"": 97}}"
2.0,1000.0,1000.0,10,82,mmle_ii,mmle_ii,4.526461950763186,1965.9716265604766,61.51461452740614,nan,True,0.1095907999551855,success,2.526461950763186,965.9716265604766,-938.4853854725939,1.263230975381593,0.9659716265604765,-0.9384853854725939,"{""solution_info"": {""status"": ""ok"", ""objective"": 1.232595164407831e-32, ""roots_found"": 1, ""variant"": ""II"", ""grid_size"": 97, ""strategy"": ""CW_profile_Brent"", ""paper_domain"": false}}"
2.0,1000.0,1000.0,10,82,mmle_iii,mmle_iii,0.9999999999999981,715.3124347358194,1139.7937906676013,nan,True,1.1199968867003918e-05,success,-1.0000000000000018,-284.68756526418065,139.79379066760134,-0.5000000000000009,-0.28468756526418065,0.13979379066760134,"{""solution_info"": {""status"": ""ok"", ""objective"": 4.738095811983702e-29, ""roots_found"": 2, ""variant"": ""III"", ""grid_size"": 97, ""strategy"": ""CW_profile_Brent"", ""paper_domain"": false}}"
2.0,1000.0,1000.0,10,82,mmle_iv,mmle_iv,1.7515107168070365,890.3165176237906,1055.0827842732854,nan,True,9.500014130026102e-06,success,-0.24848928319296348,-109.68348237620944,55.08278427328537,-0.12424464159648174,-0.10968348237620944,0.05508278427328537,"{""solution_info"": {""status"": ""ok"", ""objective"": 9.860761315262648e-31, ""roots_found"": 1, ""variant"": ""IV"", ""grid_size"": 97, ""strategy"": ""CW_profile_Brent"", ""paper_domain"": false}}"
2.0,1000.0,1000.0,10,82,mmle_v,mmle_v,3.1184913016912628,1392.7570715216918,611.6161504714707,nan,True,9.400013368576765e-06,success,1.1184913016912628,392.75707152169184,-388.38384952852925,0.5592456508456314,0.3927570715216918,-0.3883838495285293,"{""solution_info"": {""status"": ""ok"", ""objective"": 1.1549712513340834e-26, ""roots_found"": 1, ""variant"": ""V"", ""grid_size"": 97, ""strategy"": ""CW_profile_Brent"", ""paper_domain"": false}}"
2.0,1000.0,1000.0,10,82,wmle_checked,wmle_checked,2.1352157450601084,1102.1932498716742,877.0187503887234,0.9315289822043351,True,0.12099520000629127,success,0.13521574506010836,102.1932498716742,-122.98124961127655,0.06760787253005418,0.10219324987167419,-0.12298124961127656,"{""solution_info"": {""status"": ""ok"", ""objective"": 1.0062144306506923e-21, ""strategy"": ""deterministic_multistart_equation_minimization"", ""start_count"": 5, ""selected_start"": 0, ""location_at_zero_boundary"": false, ""production_status"": ""ok"", ""recovered"": false}}"
2.0,1000.0,1000.0,10,82,mme_i,mme_i,,,,,False,0.028433999978005886,failure,nan,nan,nan,nan,nan,nan,"{""solution_info"": {""status"": ""no_root_in_declared_shape_domain"", ""variant"": ""I""}}"
2.0,1000.0,1000.0,10,82,mme_ii,mme_ii,3.571294935431689,1669.2278850652042,351.60485414648156,nan,True,1.1500029359012842e-05,success,1.571294935431689,669.2278850652042,-648.3951458535184,0.7856474677158445,0.6692278850652041,-0.6483951458535184,"{""solution_info"": {""status"": ""ok"", ""variant"": ""II"", ""roots_found"": 1, ""candidate_estimates"": [[3.571294935431689, 1.6692278850652043, 0.35160485414648157]], ""sample_moment_shape_initializer"": 3.419677983114692, ""criterion_residual"": -1.3322676295501878e-15, ""strategy"": ""CW_moment_Brent_valid_support_then_sample_skew_initializer""}}"
2.0,1000.0,1000.0,10,82,mme_iii,mme_iii,3.2276103107541125,1532.0292440917403,482.3640454802047,nan,True,9.600014891475439e-06,success,1.2276103107541125,532.0292440917403,-517.6359545197953,0.6138051553770563,0.5320292440917403,-0.5176359545197953,"{""solution_info"": {""status"": ""ok"", ""variant"": ""III"", ""roots_found"": 2, ""candidate_estimates"": [[0.13059946497099417, 2.6529816754118835e-07, 1.8499370546650389], [3.2276103107541125, 1.5320292440917402, 0.48236404548020473]], ""sample_moment_shape_initializer"": 3.419677983114692, ""criterion_residual"": -1.3704315460216776e-16, ""strategy"": ""CW_moment_Brent_valid_support_then_sample_skew_initializer""}}"
2.0,1000.0,1000.0,10,82,mmle_i_paper,mmle_i_paper,,,,,False,0.0519625999731943,failure,nan,nan,nan,nan,nan,nan,"{""raw_status"": ""no_root_in_declared_location_domain"", ""solution_info"": {""status"": ""no_root_in_declared_location_domain"", ""location_lower"": -2817.252869116449, ""endpoint_constraint_residuals"": [6.340727693439309, 0.037117356120009326], ""grid_size"": 97}}"
2.0,1000.0,1000.0,10,82,mmle_ii_paper,mmle_ii_paper,4.526461950763763,1965.9716265607158,61.514614527173435,nan,True,0.1238953999709338,success,2.526461950763763,965.9716265607158,-938.4853854728266,1.2632309753818816,0.9659716265607158,-0.9384853854728266,"{""solution_info"": {""status"": ""ok"", ""objective"": 4.754383401523385e-28, ""roots_found"": 1, ""variant"": ""II"", ""grid_size"": 97, ""strategy"": ""CW_profile_Brent"", ""paper_domain"": true}}"
2.0,1000.0,1000.0,10,82,mmle_iii_paper,mmle_iii_paper,0.9999999999999999,715.3124347358199,1139.7937906676013,nan,True,1.1400028597563505e-05,success,-1.0,-284.6875652641801,139.79379066760134,-0.5,-0.2846875652641801,0.13979379066760134,"{""solution_info"": {""status"": ""ok"", ""objective"": 4.738095811983702e-29, ""roots_found"": 3, ""variant"": ""III"", ""grid_size"": 97, ""strategy"": ""CW_profile_Brent"", ""paper_domain"": true}}"
2.0,1000.0,1000.0,10,82,mmle_iv_paper,mmle_iv_paper,1.7515107168073305,890.3165176238813,1055.0827842732172,nan,True,9.700015652924776e-06,success,-0.2484892831926695,-109.68348237611872,55.08278427321716,-0.12424464159633475,-0.10968348237611872,0.05508278427321716,"{""solution_info"": {""status"": ""ok"", ""objective"": 1.4806574064352357e-26, ""roots_found"": 2, ""variant"": ""IV"", ""grid_size"": 97, ""strategy"": ""CW_profile_Brent"", ""paper_domain"": true}}"
2.0,1000.0,1000.0,10,82,mmle_v_paper,mmle_v_paper,3.118491301691388,1392.7570715217414,611.6161504714242,nan,True,9.400013368576765e-06,success,1.118491301691388,392.7570715217414,-388.38384952857575,0.559245650845694,0.3927570715217414,-0.38838384952857574,"{""solution_info"": {""status"": ""ok"", ""objective"": 1.15939778830715e-26, ""roots_found"": 1, ""variant"": ""V"", ""grid_size"": 97, ""strategy"": ""CW_profile_Brent"", ""paper_domain"": true}}"
2.0,1000.0,1000.0,10,83,mle_local,mle_local,,,,,False,0.21182619995670393,failure,nan,nan,nan,nan,nan,nan,"{""solution_info"": {""status"": ""unbounded""}}"
2.0,1000.0,1000.0,10,83,mmle_i,mmle_i,2.0597816110728076,1022.9937366775943,975.8925030526583,0.0,True,0.07126060000155121,success,0.05978161107280755,22.993736677594256,-24.1074969473417,0.029890805536403775,0.022993736677594256,-0.0241074969473417,"{""solution_info"": {""status"": ""ok"", ""objective"": 8.997944700177166e-31, ""roots_found"": 1, ""grid_size"": 97, ""strategy"": ""cw_i_profile_brent"", ""paper_domain"": false, ""raw_min_gap"": 326.7811377103552}}"
2.0,1000.0,1000.0,10,83,mmle_ii,mmle_ii,1.787057619971855,897.6606954400946,1082.5176812022228,nan,True,0.12401969998609275,success,-0.21294238002814492,-102.33930455990537,82.51768120222278,-0.10647119001407246,-0.10233930455990538,0.08251768120222278,"{""solution_info"": {""status"": ""ok"", ""objective"": 2.465190328815662e-29, ""roots_found"": 1, ""variant"": ""II"", ""grid_size"": 97, ""strategy"": ""CW_profile_Brent"", ""paper_domain"": false}}"
2.0,1000.0,1000.0,10,83,mmle_iii,mmle_iii,0.9999999999999987,585.3417750802706,1292.4615172118374,nan,True,1.2299977242946625e-05,success,-1.0000000000000013,-414.6582249197294,292.4615172118374,-0.5000000000000007,-0.41465822491972937,0.29246151721183744,"{""solution_info"": {""status"": ""ok"", ""objective"": 0.0, ""roots_found"": 3, ""variant"": ""III"", ""grid_size"": 97, ""strategy"": ""CW_profile_Brent"", ""paper_domain"": false}}"
2.0,1000.0,1000.0,10,83,mmle_iv,mmle_iv,1.30264680251967,691.520893041344,1237.8605927400747,nan,True,1.7799960914999247e-05,success,-0.69735319748033,-308.47910695865596,237.8605927400747,-0.348676598740165,-0.30847910695865594,0.2378605927400747,"{""solution_info"": {""status"": ""ok"", ""objective"": 1.232595164407831e-30, ""roots_found"": 2, ""variant"": ""IV"", ""grid_size"": 97, ""strategy"": ""CW_profile_Brent"", ""paper_domain"": false}}"
2.0,1000.0,1000.0,10,83,mmle_v,mmle_v,1.6015643144472744,815.4256639128754,1148.6167208095512,nan,True,1.1899974197149277e-05,success,-0.39843568555272557,-184.5743360871246,148.61672080955123,-0.19921784277636279,-0.18457433608712462,0.1486167208095512,"{""solution_info"": {""status"": ""ok"", ""objective"": 3.4232882331406616e-26, ""roots_found"": 1, ""variant"": ""V"", ""grid_size"": 97, ""strategy"": ""CW_profile_Brent"", ""paper_domain"": false}}"
2.0,1000.0,1000.0,10,83,wmle_checked,wmle_checked,1.2001026267653137,700.7721455687639,1230.5456558466108,0.9604877053014955,True,0.11297859996557236,success,-0.7998973732346863,-299.2278544312361,230.54565584661077,-0.3999486866173432,-0.2992278544312361,0.23054565584661077,"{""solution_info"": {""status"": ""ok"", ""objective"": 1.2721947258404606e-20, ""strategy"": ""deterministic_multistart_equation_minimization"", ""start_count"": 5, ""selected_start"": 3, ""location_at_zero_boundary"": false, ""production_status"": ""ok"", ""recovered"": false}}"
2.0,1000.0,1000.0,10,83,mme_i,mme_i,1.6071596501121397,865.410391297766,1102.2141962846401,nan,True,0.028508600022178143,success,-0.3928403498878603,-134.58960870223405,102.21419628464014,-0.19642017494393016,-0.13458960870223405,0.10221419628464014,"{""solution_info"": {""status"": ""ok"", ""variant"": ""I"", ""roots_found"": 1, ""candidate_estimates"": [[1.6071596501121397, 0.865410391297766, 1.1022141962846401]], ""sample_moment_shape_initializer"": 2.0976242788452324, ""criterion_residual"": -4.773959005888173e-14, ""strategy"": ""CW_moment_Brent_valid_support_then_sample_skew_initializer""}}"
2.0,1000.0,1000.0,10,83,mme_ii,mme_ii,1.5211396358758886,818.2228170342684,1140.3735288637583,nan,True,1.1399970389902592e-05,success,-0.47886036412411137,-181.77718296573164,140.37352886375834,-0.23943018206205569,-0.18177718296573164,0.14037352886375834,"{""solution_info"": {""status"": ""ok"", ""variant"": ""II"", ""roots_found"": 1, ""candidate_estimates"": [[1.5211396358758886, 0.8182228170342684, 1.1403735288637584]], ""sample_moment_shape_initializer"": 2.0976242788452324, ""criterion_residual"": 2.220446049250313e-16, ""strategy"": ""CW_moment_Brent_valid_support_then_sample_skew_initializer""}}"
2.0,1000.0,1000.0,10,83,mme_iii,mme_iii,1.6791206436036148,903.9150466018832,1070.587371574395,nan,True,1.680001150816679e-05,success,-0.3208793563963852,-96.0849533981168,70.58737157439509,-0.1604396781981926,-0.09608495339811679,0.0705873715743951,"{""solution_info"": {""status"": ""ok"", ""variant"": ""III"", ""roots_found"": 2, ""candidate_estimates"": [[0.28642400654237715, 0.007183240498987093, 1.7952493851026423], [1.6791206436036148, 0.9039150466018832, 1.070587371574395]], ""sample_moment_shape_initializer"": 2.0976242788452324, ""criterion_residual"": -6.661338147750939e-16, ""strategy"": ""CW_moment_Brent_valid_support_then_sample_skew_initializer""}}"
2.0,1000.0,1000.0,10,83,mmle_i_paper,mmle_i_paper,2.0597816110728076,1022.9937366775943,975.8925030526583,0.0,True,0.05504779994953424,success,0.05978161107280755,22.993736677594256,-24.1074969473417,0.029890805536403775,0.022993736677594256,-0.0241074969473417,"{""solution_info"": {""status"": ""ok"", ""objective"": 8.997944700177166e-31, ""roots_found"": 1, ""grid_size"": 97, ""strategy"": ""cw_i_profile_brent"", ""paper_domain"": true, ""raw_min_gap"": 326.7811377103552}}"
2.0,1000.0,1000.0,10,83,mmle_ii_paper,mmle_ii_paper,1.7870576199718533,897.6606954400938,1082.5176812022235,nan,True,0.13512480002827942,success,-0.2129423800281467,-102.33930455990617,82.51768120222346,-0.10647119001407335,-0.10233930455990617,0.08251768120222346,"{""solution_info"": {""status"": ""ok"", ""objective"": 1.6418167589912308e-29, ""roots_found"": 1, ""variant"": ""II"", ""grid_size"": 97, ""strategy"": ""CW_profile_Brent"", ""paper_domain"": true}}"
2.0,1000.0,1000.0,10,83,mmle_iii_paper,mmle_iii_paper,1.0000000000000009,585.3417750802713,1292.4615172118372,nan,True,1.109996810555458e-05,success,-0.9999999999999991,-414.6582249197287,292.4615172118372,-0.49999999999999956,-0.4146582249197287,0.29246151721183716,"{""solution_info"": {""status"": ""ok"", ""objective"": 0.0, ""roots_found"": 3, ""variant"": ""III"", ""grid_size"": 97, ""strategy"": ""CW_profile_Brent"", ""paper_domain"": true}}"
2.0,1000.0,1000.0,10,83,mmle_iv_paper,mmle_iv_paper,1.3026468025196682,691.5208930413432,1237.8605927400752,nan,True,9.300012607127428e-06,success,-0.6973531974803318,-308.47910695865676,237.86059274007516,-0.3486765987401659,-0.30847910695865677,0.23786059274007515,"{""solution_info"": {""status"": ""ok"", ""objective"": 4.930380657631324e-32, ""roots_found"": 2, ""variant"": ""IV"", ""grid_size"": 97, ""strategy"": ""CW_profile_Brent"", ""paper_domain"": true}}"
2.0,1000.0,1000.0,10,83,mmle_v_paper,mmle_v_paper,1.6015643144470788,815.4256639127907,1148.6167208096172,nan,True,9.500014130026102e-06,success,-0.3984356855529212,-184.5743360872093,148.61672080961716,-0.1992178427764606,-0.1845743360872093,0.14861672080961716,"{""solution_info"": {""status"": ""ok"", ""objective"": 3.156256932124343e-26, ""roots_found"": 1, ""variant"": ""V"", ""grid_size"": 97, ""strategy"": ""CW_profile_Brent"", ""paper_domain"": true}}"
2.0,1000.0,1000.0,10,84,mle_local,mle_local,1.2252601155359857,593.1144275010303,1189.408304158905,0.7009005950733012,True,0.07461640000110492,success,-0.7747398844640143,-406.88557249896974,189.4083041589049,-0.38736994223200716,-0.4068855724989697,0.18940830415890492,"{""solution_info"": {""status"": ""ok"", ""strategy"": ""deterministic_multistart_likelihood"", ""start_count"": 5, ""selected_start"": 1, ""log_likelihood"": -3.918045293028241, ""location_at_zero_boundary"": false}}"
2.0,1000.0,1000.0,10,84,mmle_i,mmle_i,2.6851914747673065,1153.3917194504747,725.5028776284519,0.0,True,0.057924100023228675,success,0.6851914747673065,153.39171945047474,-274.49712237154813,0.34259573738365323,0.15339171945047475,-0.2744971223715481,"{""solution_info"": {""status"": ""ok"", ""objective"": 8.38164711797325e-31, ""roots_found"": 1, ""grid_size"": 97, ""strategy"": ""cw_i_profile_brent"", ""paper_domain"": false, ""raw_min_gap"": 480.6125531651019}}"
2.0,1000.0,1000.0,10,84,mmle_ii,mmle_ii,2.210359639710305,952.2820565521557,908.5327770978811,nan,True,0.12976069998694584,success,0.21035963971030514,-47.71794344784428,-91.46722290211892,0.10517981985515257,-0.047717943447844274,-0.09146722290211892,"{""solution_info"": {""status"": ""ok"", ""objective"": 1.7811000125693157e-29, ""roots_found"": 1, ""variant"": ""II"", ""grid_size"": 97, ""strategy"": ""CW_profile_Brent"", ""paper_domain"": false}}"
2.0,1000.0,1000.0,10,84,mmle_iii,mmle_iii,1.0000000000000009,544.5014257154786,1204.3356758783007,nan,True,1.1200027074664831e-05,success,-0.9999999999999991,-455.4985742845214,204.33567587830066,-0.49999999999999956,-0.4554985742845214,0.20433567587830065,"{""solution_info"": {""status"": ""ok"", ""objective"": 2.6852184133555095e-31, ""roots_found"": 3, ""variant"": ""III"", ""grid_size"": 97, ""strategy"": ""CW_profile_Brent"", ""paper_domain"": false}}"
2.0,1000.0,1000.0,10,84,mmle_iv,mmle_iv,1.3685707173101878,633.636100115428,1166.4289964171924,nan,True,1.2199976481497288e-05,success,-0.6314292826898122,-366.363899884572,166.42899641719237,-0.3157146413449061,-0.366363899884572,0.16642899641719236,"{""solution_info"": {""status"": ""ok"", ""objective"": 2.465190328815662e-30, ""roots_found"": 2, ""variant"": ""IV"", ""grid_size"": 97, ""strategy"": ""CW_profile_Brent"", ""paper_domain"": false}}"
2.0,1000.0,1000.0,10,84,mmle_v,mmle_v,1.822904226612733,795.7132738516141,1043.6823949821464,nan,True,9.700015652924776e-06,success,-0.1770957733872669,-204.28672614838592,43.682394982146434,-0.08854788669363345,-0.20428672614838592,0.04368239498214643,"{""solution_info"": {""status"": ""ok"", ""objective"": 3.1046055239047324e-28, ""roots_found"": 1, ""variant"": ""V"", ""grid_size"": 97, ""strategy"": ""CW_profile_Brent"", ""paper_domain"": false}}"
2.0,1000.0,1000.0,10,84,wmle_checked,wmle_checked,1.391402526764546,688.1822874811043,1127.6056384391984,0.964477688265057,True,0.15845580003224313,success,-0.608597473235454,-311.81771251889575,127.6056384391984,-0.304298736617727,-0.31181771251889573,0.1276056384391984,"{""solution_info"": {""status"": ""ok"", ""objective"": 1.3368310313685508e-20, ""strategy"": ""deterministic_multistart_equation_minimization"", ""start_count"": 5, ""selected_start"": 3, ""location_at_zero_boundary"": false, ""production_status"": ""ok"", ""recovered"": false}}"
2.0,1000.0,1000.0,10,84,mme_i,mme_i,2.132071464612188,980.3707936222776,880.5946723541398,nan,True,0.02904100000159815,success,0.1320714646121881,-19.629206377722426,-119.40532764586021,0.06603573230609405,-0.019629206377722426,-0.11940532764586022,"{""solution_info"": {""status"": ""ok"", ""variant"": ""I"", ""roots_found"": 1, ""candidate_estimates"": [[2.132071464612188, 0.9803707936222775, 0.8805946723541398]], ""sample_moment_shape_initializer"": 1.9763600981213174, ""criterion_residual"": -2.2648549702353193e-14, ""strategy"": ""CW_moment_Brent_valid_support_then_sample_skew_initializer""}}"
2.0,1000.0,1000.0,10,84,mme_ii,mme_ii,1.8392168095590327,855.51592414173,988.7757952094308,nan,True,1.1699972674250603e-05,success,-0.16078319044096734,-144.48407585827,-11.22420479056916,-0.08039159522048367,-0.14448407585827,-0.01122420479056916,"{""solution_info"": {""status"": ""ok"", ""variant"": ""II"", ""roots_found"": 1, ""candidate_estimates"": [[1.8392168095590327, 0.85551592414173, 0.9887757952094308]], ""sample_moment_shape_initializer"": 1.9763600981213174, ""criterion_residual"": -3.064215547965432e-14, ""strategy"": ""CW_moment_Brent_valid_support_then_sample_skew_initializer""}}"
2.0,1000.0,1000.0,10,84,mme_iii,mme_iii,1.9172479960679918,889.5362457641394,959.714407252592,nan,True,9.300012607127428e-06,success,-0.08275200393200821,-110.46375423586062,-40.28559274740803,-0.041376001966004106,-0.11046375423586062,-0.04028559274740803,"{""solution_info"": {""status"": ""ok"", ""variant"": ""III"", ""roots_found"": 2, ""candidate_estimates"": [[0.25639595872678317, 0.002660675669341758, 1.6938301433675764], [1.9172479960679918, 0.8895362457641394, 0.9597144072525919]], ""sample_moment_shape_initializer"": 1.9763600981213174, ""criterion_residual"": -5.051514762044462e-15, ""strategy"": ""CW_moment_Brent_valid_support_then_sample_skew_initializer""}}"
2.0,1000.0,1000.0,10,84,mmle_i_paper,mmle_i_paper,2.6851914747673082,1153.3917194504752,725.5028776284515,0.0,True,0.08640999998897314,success,0.6851914747673082,153.3917194504752,-274.49712237154847,0.3425957373836541,0.1533917194504752,-0.2744971223715485,"{""solution_info"": {""status"": ""ok"", ""objective"": 1.232595164407831e-30, ""roots_found"": 1, ""grid_size"": 97, ""strategy"": ""cw_i_profile_brent"", ""paper_domain"": true, ""raw_min_gap"": 480.6125531651022}}"
2.0,1000.0,1000.0,10,84,mmle_ii_paper,mmle_ii_paper,2.2103596397102927,952.2820565521503,908.532777097886,nan,True,0.14446390001103282,success,0.2103596397102927,-47.717943447849734,-91.46722290211403,0.10517981985514635,-0.047717943447849735,-0.09146722290211404,"{""solution_info"": {""status"": ""ok"", ""objective"": 2.465190328815662e-31, ""roots_found"": 1, ""variant"": ""II"", ""grid_size"": 97, ""strategy"": ""CW_profile_Brent"", ""paper_domain"": true}}"
2.0,1000.0,1000.0,10,84,mmle_iii_paper,mmle_iii_paper,1.0000000000000027,544.5014257154793,1204.3356758783007,nan,True,1.090002479031682e-05,success,-0.9999999999999973,-455.4985742845207,204.33567587830066,-0.49999999999999867,-0.45549857428452073,0.20433567587830065,"{""solution_info"": {""status"": ""ok"", ""objective"": 1.0573827465565628e-30, ""roots_found"": 3, ""variant"": ""III"", ""grid_size"": 97, ""strategy"": ""CW_profile_Brent"", ""paper_domain"": true}}"
2.0,1000.0,1000.0,10,84,mmle_iv_paper,mmle_iv_paper,1.3685707173102046,633.6361001154336,1166.4289964171887,nan,True,9.200011845678091e-06,success,-0.6314292826897954,-366.3638998845664,166.42899641718873,-0.3157146413448977,-0.3663638998845664,0.16642899641718872,"{""solution_info"": {""status"": ""ok"", ""objective"": 1.3909836430342372e-28, ""roots_found"": 2, ""variant"": ""IV"", ""grid_size"": 97, ""strategy"": ""CW_profile_Brent"", ""paper_domain"": true}}"
2.0,1000.0,1000.0,10,84,mmle_v_paper,mmle_v_paper,1.8229042266129925,795.7132738517157,1043.682394982062,nan,True,9.700015652924776e-06,success,-0.17709577338700755,-204.2867261482843,43.68239498206208,-0.08854788669350377,-0.20428672614828428,0.04368239498206208,"{""solution_info"": {""status"": ""ok"", ""objective"": 5.199692183904234e-28, ""roots_found"": 1, ""variant"": ""V"", ""grid_size"": 97, ""strategy"": ""CW_profile_Brent"", ""paper_domain"": true}}"
2.0,1000.0,1000.0,10,85,mle_local,mle_local,,,,,False,0.18722099997103214,failure,nan,nan,nan,nan,nan,nan,"{""solution_info"": {""status"": ""unbounded""}}"
2.0,1000.0,1000.0,10,85,mmle_i,mmle_i,1.552286287367393,706.2999284748752,1094.629839190611,0.0,True,0.07183910004096106,success,-0.44771371263260695,-293.7000715251248,94.62983919061094,-0.22385685631630348,-0.29370007152512484,0.09462983919061094,"{""solution_info"": {""status"": ""ok"", ""objective"": 1.9137026003563102e-26, ""roots_found"": 1, ""grid_size"": 97, ""strategy"": ""cw_i_profile_brent"", ""paper_domain"": false, ""raw_min_gap"": 155.36006629462253}}"
2.0,1000.0,1000.0,10,85,mmle_ii,mmle_ii,1.4360791041075587,660.2814427384161,1129.3611833743403,nan,True,0.14655609999317676,success,-0.5639208958924413,-339.7185572615839,129.36118337434027,-0.28196044794622066,-0.3397185572615839,0.12936118337434027,"{""solution_info"": {""status"": ""ok"", ""objective"": 4.0712550487656614e-25, ""roots_found"": 1, ""variant"": ""II"", ""grid_size"": 97, ""strategy"": ""CW_profile_Brent"", ""paper_domain"": false}}"
2.0,1000.0,1000.0,10,85,mmle_iii,mmle_iii,0.9999999999999999,496.3795234926527,1230.958427337602,nan,True,1.1100026313215494e-05,success,-1.0,-503.6204765073473,230.95842733760196,-0.5,-0.5036204765073473,0.23095842733760197,"{""solution_info"": {""status"": ""ok"", ""objective"": 3.0814879110195774e-31, ""roots_found"": 3, ""variant"": ""III"", ""grid_size"": 97, ""strategy"": ""CW_profile_Brent"", ""paper_domain"": false}}"
2.0,1000.0,1000.0,10,85,mmle_iv,mmle_iv,1.2371281425999032,583.2583348567711,1182.6529536587932,nan,True,9.90001717582345e-06,success,-0.7628718574000968,-416.74166514322894,182.6529536587932,-0.3814359287000484,-0.41674166514322897,0.1826529536587932,"{""solution_info"": {""status"": ""ok"", ""objective"": 2.428212473883427e-30, ""roots_found"": 2, ""variant"": ""IV"", ""grid_size"": 97, ""strategy"": ""CW_profile_Brent"", ""paper_domain"": false}}"
2.0,1000.0,1000.0,10,85,mmle_v,mmle_v,3.8028723213582274,1663.7622580846391,223.08553264745012,nan,True,9.100011084228754e-06,success,1.8028723213582274,663.7622580846391,-776.9144673525499,0.9014361606791137,0.6637622580846392,-0.7769144673525499,"{""solution_info"": {""status"": ""ok"", ""objective"": 3.00892588409799e-31, ""roots_found"": 1, ""variant"": ""V"", ""grid_size"": 97, ""strategy"": ""CW_profile_Brent"", ""paper_domain"": false}}"
2.0,1000.0,1000.0,10,85,wmle_checked,wmle_checked,0.9340092093575394,508.2050874377735,1224.428205247466,0.9185224987079943,True,0.13995630003046244,success,-1.0659907906424606,-491.7949125622265,224.42820524746594,-0.5329953953212303,-0.4917949125622265,0.22442820524746593,"{""solution_info"": {""status"": ""ok"", ""objective"": 6.20423124818219e-20, ""strategy"": ""deterministic_multistart_equation_minimization"", ""start_count"": 5, ""selected_start"": 3, ""location_at_zero_boundary"": false, ""production_status"": ""ok"", ""recovered"": false}}"
2.0,1000.0,1000.0,10,85,mme_i,mme_i,1.3449402364879937,642.0794081713726,1138.1618511215447,nan,True,0.03091660002246499,success,-0.6550597635120063,-357.9205918286274,138.16185112154471,-0.32752988175600317,-0.3579205918286274,0.13816185112154472,"{""solution_info"": {""status"": ""ok"", ""variant"": ""I"", ""roots_found"": 1, ""candidate_estimates"": [[1.3449402364879937, 0.6420794081713727, 1.1381618511215448]], ""sample_moment_shape_initializer"": 2.185944407512899, ""criterion_residual"": 1.5276668818842154e-13, ""strategy"": ""CW_moment_Brent_valid_support_then_sample_skew_initializer""}}"
2.0,1000.0,1000.0,10,85,mme_ii,mme_ii,1.3180125733486476,627.6462882402268,1149.2291324850444,nan,True,1.2100033927708864e-05,success,-0.6819874266513524,-372.3537117597732,149.22913248504437,-0.3409937133256762,-0.3723537117597732,0.14922913248504438,"{""solution_info"": {""status"": ""ok"", ""variant"": ""II"", ""roots_found"": 1, ""candidate_estimates"": [[1.3180125733486476, 0.6276462882402268, 1.1492291324850443]], ""sample_moment_shape_initializer"": 2.185944407512899, ""criterion_residual"": -2.4868995751603507e-14, ""strategy"": ""CW_moment_Brent_valid_support_then_sample_skew_initializer""}}"
2.0,1000.0,1000.0,10,85,mme_iii,mme_iii,3.7739936297851164,1657.2006032893526,230.15376958985746,nan,True,9.400013368576765e-06,success,1.7739936297851164,657.2006032893526,-769.8462304101425,0.8869968148925582,0.6572006032893526,-0.7698462304101426,"{""solution_info"": {""status"": ""ok"", ""variant"": ""III"", ""roots_found"": 1, ""candidate_estimates"": [[3.7739936297851164, 1.6572006032893525, 0.23015376958985745]], ""sample_moment_shape_initializer"": 2.185944407512899, ""criterion_residual"": 2.4995630565349813e-14, ""strategy"": ""CW_moment_Brent_valid_support_then_sample_skew_initializer""}}"
2.0,1000.0,1000.0,10,85,mmle_i_paper,mmle_i_paper,1.5522862873673902,706.2999284748738,1094.629839190612,0.0,True,0.07487729995045811,success,-0.44771371263260984,-293.7000715251262,94.62983919061207,-0.22385685631630492,-0.29370007152512617,0.09462983919061208,"{""solution_info"": {""status"": ""ok"", ""objective"": 1.926008830477758e-26, ""roots_found"": 1, ""grid_size"": 97, ""strategy"": ""cw_i_profile_brent"", ""paper_domain"": true, ""raw_min_gap"": 155.36006629462162}}"
2.0,1000.0,1000.0,10,85,mmle_ii_paper,mmle_ii_paper,1.4360791041075551,660.2814427384147,1129.3611833743414,nan,True,0.16309290000936016,success,-0.5639208958924449,-339.71855726158526,129.3611833743414,-0.28196044794622244,-0.3397185572615853,0.1293611833743414,"{""solution_info"": {""status"": ""ok"", ""objective"": 4.0781209736099623e-25, ""roots_found"": 1, ""variant"": ""II"", ""grid_size"": 97, ""strategy"": ""CW_profile_Brent"", ""paper_domain"": true}}"
2.0,1000.0,1000.0,10,85,mmle_iii_paper,mmle_iii_paper,0.9999999999998562,496.3795234926032,1230.9584273376238,nan,True,1.179997343569994e-05,success,-1.0000000000001439,-503.6204765073968,230.9584273376238,-0.5000000000000719,-0.5036204765073968,0.23095842733762378,"{""solution_info"": {""status"": ""ok"", ""objective"": 3.044224260185178e-29, ""roots_found"": 3, ""variant"": ""III"", ""grid_size"": 97, ""strategy"": ""CW_profile_Brent"", ""paper_domain"": true}}"
2.0,1000.0,1000.0,10,85,mmle_iv_paper,mmle_iv_paper,1.237128142599905,583.2583348567717,1182.652953658793,nan,True,9.599956683814526e-06,success,-0.762871857400095,-416.74166514322826,182.65295365879297,-0.3814359287000475,-0.41674166514322825,0.18265295365879297,"{""solution_info"": {""status"": ""ok"", ""objective"": 3.5745259767827097e-31, ""roots_found"": 2, ""variant"": ""IV"", ""grid_size"": 97, ""strategy"": ""CW_profile_Brent"", ""paper_domain"": true}}"
2.0,1000.0,1000.0,10,85,mmle_v_paper,mmle_v_paper,3.8028723213581967,1663.7622580846262,223.08553264746234,nan,True,9.800016414374113e-06,success,1.8028723213581967,663.7622580846262,-776.9144673525377,0.9014361606790984,0.6637622580846262,-0.7769144673525377,"{""solution_info"": {""status"": ""ok"", ""objective"": 2.313602843077685e-30, ""roots_found"": 1, ""variant"": ""V"", ""grid_size"": 97, ""strategy"": ""CW_profile_Brent"", ""paper_domain"": true}}"
2.0,1000.0,1000.0,10,86,mle_local,mle_local,1.191911583506551,669.4520369344448,1293.1404104270748,0.6423643004244526,True,0.13252350001130253,success,-0.808088416493449,-330.5479630655552,293.1404104270748,-0.4040442082467245,-0.33054796306555523,0.29314041042707484,"{""solution_info"": {""status"": ""ok"", ""strategy"": ""deterministic_multistart_likelihood"", ""start_count"": 5, ""selected_start"": 2, ""log_likelihood"": -5.292401988856703, ""location_at_zero_boundary"": false}}"
2.0,1000.0,1000.0,10,86,mmle_i,mmle_i,,,,,False,0.0628044999903068,failure,nan,nan,nan,nan,nan,nan,"{""raw_status"": ""no_root_in_declared_location_domain"", ""solution_info"": {""status"": ""no_root_in_declared_location_domain"", ""location_lower"": 0.0, ""endpoint_constraint_residuals"": [5.972694212511893, 0.0744384627568353], ""grid_size"": 97}}"
2.0,1000.0,1000.0,10,86,mmle_ii,mmle_ii,2.973331165857286,1302.5363098167052,773.1831854433043,nan,True,0.12230829999316484,success,0.9733311658572861,302.53630981670517,-226.8168145566957,0.48666558292864304,0.30253630981670515,-0.2268168145566957,"{""solution_info"": {""status"": ""ok"", ""objective"": 2.0922563358724286e-27, ""roots_found"": 1, ""variant"": ""II"", ""grid_size"": 97, ""strategy"": ""CW_profile_Brent"", ""paper_domain"": false}}"
2.0,1000.0,1000.0,10,86,mmle_iii,mmle_iii,1.0000000000000029,623.2816341511319,1306.6046012949098,nan,True,1.2399978004395962e-05,success,-0.9999999999999971,-376.7183658488681,306.6046012949098,-0.49999999999999856,-0.3767183658488681,0.3066046012949098,"{""solution_info"": {""status"": ""ok"", ""objective"": 2.0942881457414384e-25, ""roots_found"": 2, ""variant"": ""III"", ""grid_size"": 97, ""strategy"": ""CW_profile_Brent"", ""paper_domain"": false}}"
2.0,1000.0,1000.0,10,86,mmle_iv,mmle_iv,1.5434615880681035,778.734417777141,1226.5441912001133,nan,True,9.90001717582345e-06,success,-0.4565384119318965,-221.26558222285905,226.54419120011335,-0.22826920596594824,-0.22126558222285905,0.22654419120011335,"{""solution_info"": {""status"": ""ok"", ""objective"": 2.465190328815662e-31, ""roots_found"": 1, ""variant"": ""IV"", ""grid_size"": 97, ""strategy"": ""CW_profile_Brent"", ""paper_domain"": false}}"
2.0,1000.0,1000.0,10,86,mmle_v,mmle_v,3.0397050725169756,1327.4707815525783,749.8808046421686,nan,True,9.300012607127428e-06,success,1.0397050725169756,327.4707815525783,-250.11919535783136,0.5198525362584878,0.32747078155257825,-0.25011919535783134,"{""solution_info"": {""status"": ""ok"", ""objective"": 9.98402083170343e-31, ""roots_found"": 1, ""variant"": ""V"", ""grid_size"": 97, ""strategy"": ""CW_profile_Brent"", ""paper_domain"": false}}"
2.0,1000.0,1000.0,10,86,wmle_checked,wmle_checked,1.527957890538616,832.9741048919585,1184.1263823400882,0.9315559152254562,True,0.12559770001098514,success,-0.47204210946138403,-167.02589510804148,184.12638234008818,-0.23602105473069201,-0.16702589510804147,0.18412638234008818,"{""solution_info"": {""status"": ""ok"", ""objective"": 1.9189785609341844e-21, ""strategy"": ""deterministic_multistart_equation_minimization"", ""start_count"": 5, ""selected_start"": 3, ""location_at_zero_boundary"": false, ""production_status"": ""ok"", ""recovered"": false}}"
2.0,1000.0,1000.0,10,86,mme_i,mme_i,2.9205149713587226,1395.530788483558,685.1416885992317,nan,True,0.023578799969982356,success,0.9205149713587226,395.5307884835579,-314.85831140076834,0.4602574856793613,0.3955307884835579,-0.31485831140076836,"{""solution_info"": {""status"": ""ok"", ""variant"": ""I"", ""roots_found"": 1, ""candidate_estimates"": [[2.9205149713587226, 1.395530788483558, 0.6851416885992316]], ""sample_moment_shape_initializer"": 3.6163936724588757, ""criterion_residual"": 6.661338147750939e-16, ""strategy"": ""CW_moment_Brent_valid_support_then_sample_skew_initializer""}}"
2.0,1000.0,1000.0,10,86,mme_ii,mme_ii,2.1383771706403216,1063.0847362978514,988.3985616065595,nan,True,1.2299977242946625e-05,success,0.13837717064032162,63.08473629785135,-11.601438393440503,0.06918858532016081,0.06308473629785136,-0.011601438393440503,"{""solution_info"": {""status"": ""ok"", ""variant"": ""II"", ""roots_found"": 1, ""candidate_estimates"": [[2.1383771706403216, 1.0630847362978513, 0.9883985616065595]], ""sample_moment_shape_initializer"": 3.6163936724588757, ""criterion_residual"": -4.3298697960381105e-14, ""strategy"": ""CW_moment_Brent_valid_support_then_sample_skew_initializer""}}"
2.0,1000.0,1000.0,10,86,mme_iii,mme_iii,3.2993236287144305,1548.1105469197576,541.2216113605946,nan,True,2.239999594166875e-05,success,1.2993236287144305,548.1105469197576,-458.7783886394054,0.6496618143572153,0.5481105469197576,-0.4587783886394054,"{""solution_info"": {""status"": ""ok"", ""variant"": ""III"", ""roots_found"": 2, ""candidate_estimates"": [[0.12030932909986143, 4.2012917234193126e-08, 1.9265647936128096], [3.2993236287144305, 1.5481105469197576, 0.5412216113605945]], ""sample_moment_shape_initializer"": 3.6163936724588757, ""criterion_residual"": 1.730473403460664e-14, ""strategy"": ""CW_moment_Brent_valid_support_then_sample_skew_initializer""}}"
2.0,1000.0,1000.0,10,86,mmle_i_paper,mmle_i_paper,7.219420009927846,2913.658963067657,-794.7914613374892,0.0,True,0.058720099972561,success,5.219420009927846,1913.6589630676572,-1794.7914613374892,2.609710004963923,1.9136589630676573,-1.7947914613374891,"{""solution_info"": {""status"": ""ok"", ""objective"": 3.1559366589498104e-28, ""roots_found"": 1, ""grid_size"": 97, ""strategy"": ""cw_i_profile_brent"", ""paper_domain"": true, ""raw_min_gap"": 2103.942699778069}}"
2.0,1000.0,1000.0,10,86,mmle_ii_paper,mmle_ii_paper,2.9733311658567807,1302.5363098165155,773.1831854434812,nan,True,0.1163183999597095,success,0.9733311658567807,302.53630981651554,-226.8168145565188,0.48666558292839035,0.3025363098165155,-0.2268168145565188,"{""solution_info"": {""status"": ""ok"", ""objective"": 8.38164711797325e-31, ""roots_found"": 1, ""variant"": ""II"", ""grid_size"": 97, ""strategy"": ""CW_profile_Brent"", ""paper_domain"": true}}"
2.0,1000.0,1000.0,10,86,mmle_iii_paper,mmle_iii_paper,1.0000000000000027,623.2816341511319,1306.6046012949098,nan,True,1.1399970389902592e-05,success,-0.9999999999999973,-376.7183658488681,306.6046012949098,-0.49999999999999867,-0.3767183658488681,0.3066046012949098,"{""solution_info"": {""status"": ""ok"", ""objective"": 2.08414125296349e-25, ""roots_found"": 2, ""variant"": ""III"", ""grid_size"": 97, ""strategy"": ""CW_profile_Brent"", ""paper_domain"": true}}"
2.0,1000.0,1000.0,10,86,mmle_iv_paper,mmle_iv_paper,1.5434615880681004,778.7344177771399,1226.544191200114,nan,True,9.599956683814526e-06,success,-0.4565384119318996,-221.26558222286008,226.54419120011403,-0.2282692059659498,-0.22126558222286008,0.22654419120011401,"{""solution_info"": {""status"": ""ok"", ""objective"": 2.6131017485446016e-30, ""roots_found"": 1, ""variant"": ""IV"", ""grid_size"": 97, ""strategy"": ""CW_profile_Brent"", ""paper_domain"": true}}"
2.0,1000.0,1000.0,10,86,mmle_v_paper,mmle_v_paper,3.039705072516971,1327.4707815525762,749.8808046421706,nan,True,1.4499993994832039e-05,success,1.0397050725169712,327.4707815525762,-250.11919535782943,0.5198525362584856,0.32747078155257625,-0.25011919535782945,"{""solution_info"": {""status"": ""ok"", ""objective"": 9.306482659693672e-31, ""roots_found"": 1, ""variant"": ""V"", ""grid_size"": 97, ""strategy"": ""CW_profile_Brent"", ""paper_domain"": true}}"
2.0,1000.0,1000.0,10,87,mle_local,mle_local,5.793261322552602,1992.349731030556,0.0,0.8938288968192724,True,0.14357060001930222,success,3.7932613225526017,992.3497310305561,-1000.0,1.8966306612763009,0.9923497310305561,-1.0,"{""solution_info"": {""status"": ""ok"", ""strategy"": ""deterministic_multistart_likelihood"", ""start_count"": 5, ""selected_start"": 2, ""log_likelihood"": -4.28049472447489, ""location_at_zero_boundary"": true}}"
2.0,1000.0,1000.0,10,87,mmle_i,mmle_i,,,,,False,0.05683879996649921,failure,nan,nan,nan,nan,nan,nan,"{""raw_status"": ""no_root_in_declared_location_domain"", ""solution_info"": {""status"": ""no_root_in_declared_location_domain"", ""location_lower"": 0.0, ""endpoint_constraint_residuals"": [6.711338560492511, 0.7939363259210319], ""grid_size"": 97}}"
2.0,1000.0,1000.0,10,87,mmle_ii,mmle_ii,,,,,False,0.10911480005597696,failure,nan,nan,nan,nan,nan,nan,"{""solution_info"": {""status"": ""no_root_in_declared_location_domain"", ""variant"": ""II"", ""grid_size"": 97}}"
2.0,1000.0,1000.0,10,87,mmle_iii,mmle_iii,1.0000000000000022,682.1582624016388,1157.4965944569358,nan,True,1.0800024028867483e-05,success,-0.9999999999999978,-317.8417375983612,157.49659445693578,-0.4999999999999989,-0.3178417375983612,0.15749659445693578,"{""solution_info"": {""status"": ""ok"", ""objective"": 6.150662625217774e-30, ""roots_found"": 2, ""variant"": ""III"", ""grid_size"": 97, ""strategy"": ""CW_profile_Brent"", ""paper_domain"": false}}"
2.0,1000.0,1000.0,10,87,mmle_iv,mmle_iv,1.9215825265564863,836.3084172825412,1089.006197847767,nan,True,9.600014891475439e-06,success,-0.07841747344351369,-163.6915827174588,89.006197847767,-0.03920873672175684,-0.1636915827174588,0.089006197847767,"{""solution_info"": {""status"": ""ok"", ""objective"": 1.342296134040128e-29, ""roots_found"": 1, ""variant"": ""IV"", ""grid_size"": 97, ""strategy"": ""CW_profile_Brent"", ""paper_domain"": false}}"
2.0,1000.0,1000.0,10,87,mmle_v,mmle_v,,,,,False,9.300012607127428e-06,failure,nan,nan,nan,nan,nan,nan,"{""solution_info"": {""status"": ""no_root_in_declared_location_domain"", ""variant"": ""V"", ""grid_size"": 97}}"
2.0,1000.0,1000.0,10,87,wmle_checked,wmle_checked,2.9449648792915077,1212.4013525915282,754.3211838543955,0.9078180062329858,True,0.13071769999805838,success,0.9449648792915077,212.40135259152817,-245.67881614560451,0.47248243964575387,0.21240135259152818,-0.24567881614560452,"{""solution_info"": {""status"": ""ok"", ""objective"": 4.2369080047953577e-23, ""strategy"": ""deterministic_multistart_equation_minimization"", ""start_count"": 5, ""selected_start"": 3, ""location_at_zero_boundary"": false, ""production_status"": ""ok"", ""recovered"": false}}"
2.0,1000.0,1000.0,10,87,mme_i,mme_i,,,,,False,0.02633829996921122,failure,nan,nan,nan,nan,nan,nan,"{""solution_info"": {""status"": ""no_root_in_declared_shape_domain"", ""variant"": ""I""}}"
2.0,1000.0,1000.0,10,87,mme_ii,mme_ii,8.759548913010688,3118.846281230557,-1110.1313735486906,nan,False,1.179997343569994e-05,failure,nan,nan,nan,nan,nan,nan,"{""solution_info"": {""status"": ""location_outside_effective_support"", ""variant"": ""II"", ""roots_found"": 1, ""candidate_estimates"": [[8.759548913010688, 3.118846281230557, -1.1101313735486906]], ""sample_moment_shape_initializer"": 5.298308863140557, ""criterion_residual"": 7.327471962526033e-15, ""strategy"": ""CW_moment_Brent_valid_support_then_sample_skew_initializer""}}"
2.0,1000.0,1000.0,10,87,mme_iii,mme_iii,,,,,False,8.90000956133008e-06,failure,nan,nan,nan,nan,nan,nan,"{""solution_info"": {""status"": ""no_root_in_declared_shape_domain"", ""variant"": ""III""}}"
2.0,1000.0,1000.0,10,87,mmle_i_paper,mmle_i_paper,,,,,False,0.06429800001205876,failure,nan,nan,nan,nan,nan,nan,"{""raw_status"": ""no_root_in_declared_location_domain"", ""solution_info"": {""status"": ""no_root_in_declared_location_domain"", ""location_lower"": -2180.475394095398, ""endpoint_constraint_residuals"": [6.711338560492511, 0.5230403589657833], ""grid_size"": 97}}"
2.0,1000.0,1000.0,10,87,mmle_ii_paper,mmle_ii_paper,,,,,False,0.09959830000298098,failure,nan,nan,nan,nan,nan,nan,"{""solution_info"": {""status"": ""no_root_in_declared_location_domain"", ""variant"": ""II"", ""grid_size"": 97}}"
2.0,1000.0,1000.0,10,87,mmle_iii_paper,mmle_iii_paper,1.0000000000000013,682.1582624016386,1157.4965944569358,nan,True,1.109996810555458e-05,success,-0.9999999999999987,-317.8417375983614,157.49659445693578,-0.49999999999999933,-0.31784173759836143,0.15749659445693578,"{""solution_info"": {""status"": ""ok"", ""objective"": 5.235451149527936e-30, ""roots_found"": 2, ""variant"": ""III"", ""grid_size"": 97, ""strategy"": ""CW_profile_Brent"", ""paper_domain"": true}}"
2.0,1000.0,1000.0,10,87,mmle_iv_paper,mmle_iv_paper,1.9215825265564812,836.3084172825405,1089.0061978477677,nan,True,9.200011845678091e-06,success,-0.07841747344351879,-163.69158271745948,89.00619784776768,-0.039208736721759396,-0.16369158271745948,0.08900619784776768,"{""solution_info"": {""status"": ""ok"", ""objective"": 3.792695320882896e-29, ""roots_found"": 1, ""variant"": ""IV"", ""grid_size"": 97, ""strategy"": ""CW_profile_Brent"", ""paper_domain"": true}}"
2.0,1000.0,1000.0,10,87,mmle_v_paper,mmle_v_paper,,,,,False,8.800008799880743e-06,failure,nan,nan,nan,nan,nan,nan,"{""solution_info"": {""status"": ""no_root_in_declared_location_domain"", ""variant"": ""V"", ""grid_size"": 97}}"
2.0,1000.0,1000.0,10,88,mle_local,mle_local,,,,,False,0.1850404999568127,failure,nan,nan,nan,nan,nan,nan,"{""solution_info"": {""status"": ""unbounded""}}"
2.0,1000.0,1000.0,10,88,mmle_i,mmle_i,2.369416549355606,1544.1141260544903,742.4915402344341,0.0,True,0.055985899991355836,success,0.3694165493556061,544.1141260544903,-257.50845976556593,0.18470827467780304,0.5441141260544903,-0.2575084597655659,"{""solution_info"": {""status"": ""ok"", ""objective"": 1.965459271309795e-27, ""roots_found"": 1, ""grid_size"": 97, ""strategy"": ""cw_i_profile_brent"", ""paper_domain"": false, ""raw_min_gap"": 572.5724041511069}}"
2.0,1000.0,1000.0,10,88,mmle_ii,mmle_ii,1.9343528662417198,1287.1732073154487,967.8955014999757,nan,True,0.11214789998484775,success,-0.06564713375828024,287.17320731544874,-32.104498500024306,-0.03282356687914012,0.2871732073154487,-0.03210449850002431,"{""solution_info"": {""status"": ""ok"", ""objective"": 4.3774286061166556e-26, ""roots_found"": 1, ""variant"": ""II"", ""grid_size"": 97, ""strategy"": ""CW_profile_Brent"", ""paper_domain"": false}}"
2.0,1000.0,1000.0,10,88,mmle_iii,mmle_iii,1.0000000000000104,797.5017666412764,1306.6673303198386,nan,True,1.109996810555458e-05,success,-0.9999999999999896,-202.4982333587236,306.6673303198386,-0.4999999999999948,-0.2024982333587236,0.30666733031983856,"{""solution_info"": {""status"": ""ok"", ""objective"": 4.437342591868191e-31, ""roots_found"": 2, ""variant"": ""III"", ""grid_size"": 97, ""strategy"": ""CW_profile_Brent"", ""paper_domain"": false}}"
2.0,1000.0,1000.0,10,88,mmle_iv,mmle_iv,1.3481819145036311,957.9078984594895,1223.9587614711406,nan,True,9.800016414374113e-06,success,-0.6518180854963689,-42.0921015405105,223.95876147114063,-0.32590904274818444,-0.0420921015405105,0.22395876147114063,"{""solution_info"": {""status"": ""ok"", ""objective"": 5.976617293942006e-26, ""roots_found"": 1, ""variant"": ""IV"", ""grid_size"": 97, ""strategy"": ""CW_profile_Brent"", ""paper_domain"": false}}"
2.0,1000.0,1000.0,10,88,mmle_v,mmle_v,2.776672582425879,1788.2530671999589,519.0093873345386,nan,True,9.600014891475439e-06,success,0.7766725824258791,788.2530671999589,-480.9906126654614,0.38833629121293955,0.7882530671999589,-0.4809906126654614,"{""solution_info"": {""status"": ""ok"", ""objective"": 1.867637971584827e-30, ""roots_found"": 1, ""variant"": ""V"", ""grid_size"": 97, ""strategy"": ""CW_profile_Brent"", ""paper_domain"": false}}"
2.0,1000.0,1000.0,10,88,wmle_checked,wmle_checked,1.2035337333227436,949.5783869539238,1227.4968692431858,0.9623438393223112,True,0.14604829996824265,success,-0.7964662666772564,-50.42161304607623,227.49686924318576,-0.3982331333386282,-0.05042161304607623,0.22749686924318577,"{""solution_info"": {""status"": ""ok"", ""objective"": 1.2936658857452622e-20, ""strategy"": ""deterministic_multistart_equation_minimization"", ""start_count"": 5, ""selected_start"": 3, ""location_at_zero_boundary"": false, ""production_status"": ""ok"", ""recovered"": false}}"
2.0,1000.0,1000.0,10,88,mme_i,mme_i,1.7469522206467707,1251.9266403755394,989.0680150387518,nan,True,0.032972300017718226,success,-0.2530477793532293,251.92664037553936,-10.93198496124819,-0.12652388967661465,0.25192664037553936,-0.010931984961248191,"{""solution_info"": {""status"": ""ok"", ""variant"": ""I"", ""roots_found"": 1, ""candidate_estimates"": [[1.7469522206467707, 1.2519266403755394, 0.9890680150387519]], ""sample_moment_shape_initializer"": 2.53213848925587, ""criterion_residual"": -5.10702591327572e-14, ""strategy"": ""CW_moment_Brent_valid_support_then_sample_skew_initializer""}}"
2.0,1000.0,1000.0,10,88,mme_ii,mme_ii,1.6170552730725125,1160.3410532250011,1064.827729579431,nan,True,1.2300035450607538e-05,success,-0.3829447269274875,160.34105322500113,64.82772957943098,-0.19147236346374374,0.16034105322500114,0.06482772957943098,"{""solution_info"": {""status"": ""ok"", ""variant"": ""II"", ""roots_found"": 1, ""candidate_estimates"": [[1.6170552730725125, 1.1603410532250011, 1.064827729579431]], ""sample_moment_shape_initializer"": 2.53213848925587, ""criterion_residual"": 5.1958437552457326e-14, ""strategy"": ""CW_moment_Brent_valid_support_then_sample_skew_initializer""}}"
2.0,1000.0,1000.0,10,88,mme_iii,mme_iii,2.956832563057067,2004.5307898773226,315.2907651905201,nan,True,9.600014891475439e-06,success,0.9568325630570671,1004.5307898773226,-684.7092348094799,0.47841628152853355,1.0045307898773226,-0.6847092348094799,"{""solution_info"": {""status"": ""ok"", ""variant"": ""III"", ""roots_found"": 2, ""candidate_estimates"": [[0.15921053846621225, 1.4713006649113971e-05, 2.0861318238924276], [2.956832563057067, 2.0045307898773226, 0.31529076519052013]], ""sample_moment_shape_initializer"": 2.53213848925587, ""criterion_residual"": -1.7232743010353602e-14, ""strategy"": ""CW_moment_Brent_valid_support_then_sample_skew_initializer""}}"
2.0,1000.0,1000.0,10,88,mmle_i_paper,mmle_i_paper,2.369416549355604,1544.114126054489,742.4915402344354,0.0,True,0.08418010000605136,success,0.36941654935560386,544.1141260544889,-257.50845976556457,0.18470827467780193,0.544114126054489,-0.2575084597655646,"{""solution_info"": {""status"": ""ok"", ""objective"": 1.991923089489631e-27, ""roots_found"": 1, ""grid_size"": 97, ""strategy"": ""cw_i_profile_brent"", ""paper_domain"": true, ""raw_min_gap"": 572.5724041511055}}"
2.0,1000.0,1000.0,10,88,mmle_ii_paper,mmle_ii_paper,1.934352866241707,1287.1732073154412,967.895501499982,nan,True,0.15469699999084696,success,-0.0656471337582929,287.17320731544123,-32.10449850001805,-0.03282356687914645,0.2871732073154412,-0.03210449850001805,"{""solution_info"": {""status"": ""ok"", ""objective"": 4.3750620234009925e-26, ""roots_found"": 1, ""variant"": ""II"", ""grid_size"": 97, ""strategy"": ""CW_profile_Brent"", ""paper_domain"": true}}"
2.0,1000.0,1000.0,10,88,mmle_iii_paper,mmle_iii_paper,0.9999999999999987,797.5017666412718,1306.6673303198397,nan,True,1.1599971912801266e-05,success,-1.0000000000000013,-202.49823335872816,306.6673303198397,-0.5000000000000007,-0.20249823335872816,0.3066673303198397,"{""solution_info"": {""status"": ""ok"", ""objective"": 6.517987675573814e-31, ""roots_found"": 3, ""variant"": ""III"", ""grid_size"": 97, ""strategy"": ""CW_profile_Brent"", ""paper_domain"": true}}"
2.0,1000.0,1000.0,10,88,mmle_iv_paper,mmle_iv_paper,1.3481819145036327,957.9078984594909,1223.9587614711395,nan,True,9.700015652924776e-06,success,-0.6518180854963673,-42.092101540509134,223.9587614711395,-0.32590904274818366,-0.04209210154050914,0.2239587614711395,"{""solution_info"": {""status"": ""ok"", ""objective"": 6.025667185914451e-26, ""roots_found"": 2, ""variant"": ""IV"", ""grid_size"": 97, ""strategy"": ""CW_profile_Brent"", ""paper_domain"": true}}"
2.0,1000.0,1000.0,10,88,mmle_v_paper,mmle_v_paper,2.776672582425898,1788.2530671999698,519.0093873345284,nan,True,1.7599959392100573e-05,success,0.7766725824258982,788.2530671999698,-480.99061266547164,0.3883362912129491,0.7882530671999698,-0.48099061266547166,"{""solution_info"": {""status"": ""ok"", ""objective"": 4.930380657631324e-32, ""roots_found"": 1, ""variant"": ""V"", ""grid_size"": 97, ""strategy"": ""CW_profile_Brent"", ""paper_domain"": true}}"
2.0,1000.0,1000.0,10,89,mle_local,mle_local,,,,,False,0.15697339997859672,failure,nan,nan,nan,nan,nan,nan,"{""solution_info"": {""status"": ""unbounded""}}"
2.0,1000.0,1000.0,10,89,mmle_i,mmle_i,1.407491083926318,810.2596304407002,1019.9969744736603,0.0,True,0.053372599999420345,success,-0.5925089160736821,-189.74036955929978,19.996974473660316,-0.29625445803684103,-0.1897403695592998,0.019996974473660317,"{""solution_info"": {""status"": ""ok"", ""objective"": 3.885139958213483e-29, ""roots_found"": 1, ""grid_size"": 97, ""strategy"": ""cw_i_profile_brent"", ""paper_domain"": false, ""raw_min_gap"": 152.5172352918377}}"
2.0,1000.0,1000.0,10,89,mmle_ii,mmle_ii,1.3361668787886771,774.4995063751087,1045.5193408766422,nan,True,0.11860350001370534,success,-0.6638331212113229,-225.5004936248913,45.51934087664222,-0.33191656060566144,-0.2255004936248913,0.045519340876642216,"{""solution_info"": {""status"": ""ok"", ""objective"": 5.2385294487332815e-30, ""roots_found"": 1, ""variant"": ""II"", ""grid_size"": 97, ""strategy"": ""CW_profile_Brent"", ""paper_domain"": false}}"
2.0,1000.0,1000.0,10,89,mmle_iii,mmle_iii,0.9999999999999577,613.6238597247391,1141.8525306700292,nan,True,1.1199968867003918e-05,success,-1.0000000000000422,-386.3761402752609,141.85253067002918,-0.5000000000000211,-0.3863761402752609,0.14185253067002918,"{""solution_info"": {""status"": ""ok"", ""objective"": 6.454791282954459e-31, ""roots_found"": 2, ""variant"": ""III"", ""grid_size"": 97, ""strategy"": ""CW_profile_Brent"", ""paper_domain"": false}}"
2.0,1000.0,1000.0,10,89,mmle_iv,mmle_iv,1.1938351257822555,704.5146682969452,1091.8868016597182,nan,True,1.1800031643360853e-05,success,-0.8061648742177445,-295.48533170305484,91.88680165971823,-0.40308243710887226,-0.29548533170305485,0.09188680165971823,"{""solution_info"": {""status"": ""ok"", ""objective"": 1.2818989709841442e-30, ""roots_found"": 1, ""variant"": ""IV"", ""grid_size"": 97, ""strategy"": ""CW_profile_Brent"", ""paper_domain"": false}}"
2.0,1000.0,1000.0,10,89,mmle_v,mmle_v,1.195193995498316,705.1724349991414,1091.4773369803145,nan,True,9.400013368576765e-06,success,-0.804806004501684,-294.8275650008586,91.47733698031448,-0.402403002250842,-0.2948275650008586,0.09147733698031447,"{""solution_info"": {""status"": ""ok"", ""objective"": 1.706142458069202e-31, ""roots_found"": 1, ""variant"": ""V"", ""grid_size"": 97, ""strategy"": ""CW_profile_Brent"", ""paper_domain"": false}}"
2.0,1000.0,1000.0,10,89,wmle_checked,wmle_checked,0.8985505721051819,610.8549992371806,1141.8905595526173,0.9586794464841882,True,0.13893389998702332,success,-1.1014494278948181,-389.14500076281945,141.89055955261733,-0.5507247139474091,-0.38914500076281944,0.14189055955261734,"{""solution_info"": {""status"": ""ok"", ""objective"": 4.1700429018640185e-20, ""strategy"": ""deterministic_multistart_equation_minimization"", ""start_count"": 5, ""selected_start"": 3, ""location_at_zero_boundary"": false, ""production_status"": ""ok"", ""recovered"": false}}"
2.0,1000.0,1000.0,10,89,mme_i,mme_i,1.2629830099078705,753.4389346086475,1055.360848354952,nan,True,0.02808369998820126,success,-0.7370169900921295,-246.56106539135249,55.36084835495194,-0.36850849504606475,-0.24656106539135247,0.05536084835495194,"{""solution_info"": {""status"": ""ok"", ""variant"": ""I"", ""roots_found"": 1, ""candidate_estimates"": [[1.2629830099078705, 0.7534389346086475, 1.055360848354952]], ""sample_moment_shape_initializer"": 2.1347124253814926, ""criterion_residual"": 2.1316282072803006e-14, ""strategy"": ""CW_moment_Brent_valid_support_then_sample_skew_initializer""}}"
2.0,1000.0,1000.0,10,89,mme_ii,mme_ii,1.248383660820331,743.2397097878493,1063.0303380091602,nan,True,1.2300035450607538e-05,success,-0.7516163391796691,-256.7602902121507,63.03033800916023,-0.37580816958983454,-0.25676029021215074,0.06303033800916023,"{""solution_info"": {""status"": ""ok"", ""variant"": ""II"", ""roots_found"": 1, ""candidate_estimates"": [[1.248383660820331, 0.7432397097878493, 1.0630303380091601]], ""sample_moment_shape_initializer"": 2.1347124253814926, ""criterion_residual"": -8.881784197001252e-16, ""strategy"": ""CW_moment_Brent_valid_support_then_sample_skew_initializer""}}"
2.0,1000.0,1000.0,10,89,mme_iii,mme_iii,1.1958206825457738,705.9418437966709,1090.8276309482962,nan,True,9.700015652924776e-06,success,-0.8041793174542262,-294.0581562033291,90.82763094829625,-0.4020896587271131,-0.2940581562033291,0.09082763094829624,"{""solution_info"": {""status"": ""ok"", ""variant"": ""III"", ""roots_found"": 2, ""candidate_estimates"": [[0.37660917443931285, 0.04049833252110746, 1.5951132498838887], [1.1958206825457738, 0.7059418437966709, 1.0908276309482963]], ""sample_moment_shape_initializer"": 2.1347124253814926, ""criterion_residual"": -1.3322676295501878e-15, ""strategy"": ""CW_moment_Brent_valid_support_then_sample_skew_initializer""}}"
2.0,1000.0,1000.0,10,89,mmle_i_paper,mmle_i_paper,1.4074910839262684,810.2596304406751,1019.9969744736787,0.0,True,0.05495030002202839,success,-0.5925089160737316,-189.7403695593249,19.996974473678733,-0.2962544580368658,-0.1897403695593249,0.019996974473678732,"{""solution_info"": {""status"": ""ok"", ""objective"": 1.3265189159357077e-27, ""roots_found"": 1, ""grid_size"": 97, ""strategy"": ""cw_i_profile_brent"", ""paper_domain"": true, ""raw_min_gap"": 152.5172352918193}}"
2.0,1000.0,1000.0,10,89,mmle_ii_paper,mmle_ii_paper,1.336166878788677,774.4995063751082,1045.5193408766424,nan,True,0.13524520001374185,success,-0.6638331212113231,-225.50049362489176,45.519340876642445,-0.33191656060566155,-0.22550049362489177,0.045519340876642445,"{""solution_info"": {""status"": ""ok"", ""objective"": 2.0954117794933126e-31, ""roots_found"": 1, ""variant"": ""II"", ""grid_size"": 97, ""strategy"": ""CW_profile_Brent"", ""paper_domain"": true}}"
2.0,1000.0,1000.0,10,89,mmle_iii_paper,mmle_iii_paper,0.9999999999999838,613.6238597247508,1141.8525306700235,nan,True,1.1800031643360853e-05,success,-1.0000000000000162,-386.3761402752492,141.8525306700235,-0.5000000000000081,-0.3863761402752492,0.14185253067002349,"{""solution_info"": {""status"": ""ok"", ""objective"": 2.0759210073915515e-31, ""roots_found"": 3, ""variant"": ""III"", ""grid_size"": 97, ""strategy"": ""CW_profile_Brent"", ""paper_domain"": true}}"
2.0,1000.0,1000.0,10,89,mmle_iv_paper,mmle_iv_paper,1.1938351257822573,704.5146682969461,1091.8868016597175,nan,True,9.400013368576765e-06,success,-0.8061648742177427,-295.48533170305393,91.88680165971755,-0.40308243710887137,-0.2954853317030539,0.09188680165971755,"{""solution_info"": {""status"": ""ok"", ""objective"": 9.860761315262648e-32, ""roots_found"": 2, ""variant"": ""IV"", ""grid_size"": 97, ""strategy"": ""CW_profile_Brent"", ""paper_domain"": true}}"
2.0,1000.0,1000.0,10,89,mmle_v_paper,mmle_v_paper,1.1951939954983148,705.1724349991412,1091.4773369803145,nan,True,8.999952115118504e-06,success,-0.8048060045016852,-294.82756500085884,91.47733698031448,-0.4024030022508426,-0.2948275650008588,0.09147733698031447,"{""solution_info"": {""status"": ""ok"", ""objective"": 4.437342591868191e-31, ""roots_found"": 1, ""variant"": ""V"", ""grid_size"": 97, ""strategy"": ""CW_profile_Brent"", ""paper_domain"": true}}"
2.0,1000.0,1000.0,10,90,mle_local,mle_local,2.2767183111350358,740.3032942843063,952.4980038254629,0.8552174868670269,True,0.09964689996559173,success,0.27671831113503575,-259.6967057156937,-47.50199617453711,0.13835915556751788,-0.2596967057156937,-0.04750199617453711,"{""solution_info"": {""status"": ""ok"", ""strategy"": ""deterministic_multistart_likelihood"", ""start_count"": 5, ""selected_start"": 4, ""log_likelihood"": -2.0585966218346687, ""location_at_zero_boundary"": false}}"
2.0,1000.0,1000.0,10,90,mmle_i,mmle_i,,,,,False,0.06892010004958138,failure,nan,nan,nan,nan,nan,nan,"{""raw_status"": ""no_root_in_declared_location_domain"", ""solution_info"": {""status"": ""no_root_in_declared_location_domain"", ""location_lower"": 0.0, ""endpoint_constraint_residuals"": [6.780354157350857, 0.17642616049781523], ""grid_size"": 97}}"
2.0,1000.0,1000.0,10,90,mmle_ii,mmle_ii,4.269884783370028,1347.308939609441,380.34798031008387,nan,True,0.13142760004848242,success,2.2698847833700277,347.30893960944104,-619.6520196899162,1.1349423916850139,0.34730893960944104,-0.6196520196899162,"{""solution_info"": {""status"": ""ok"", ""objective"": 2.428212473883427e-30, ""roots_found"": 1, ""variant"": ""II"", ""grid_size"": 97, ""strategy"": ""CW_profile_Brent"", ""paper_domain"": false}}"
2.0,1000.0,1000.0,10,90,mmle_iii,mmle_iii,0.999999999999987,514.3797975411485,1094.9983345608496,nan,True,1.1000025551766157e-05,success,-1.0000000000000129,-485.6202024588515,94.99833456084957,-0.5000000000000064,-0.4856202024588515,0.09499833456084956,"{""solution_info"": {""status"": ""ok"", ""objective"": 8.894517192928658e-28, ""roots_found"": 1, ""variant"": ""III"", ""grid_size"": 97, ""strategy"": ""CW_profile_Brent"", ""paper_domain"": false}}"
2.0,1000.0,1000.0,10,90,mmle_iv,mmle_iv,1.7802633675241832,619.6796943264541,1051.917058369975,nan,True,9.600014891475439e-06,success,-0.21973663247581676,-380.32030567354593,51.91705836997494,-0.10986831623790838,-0.3803203056735459,0.05191705836997494,"{""solution_info"": {""status"": ""ok"", ""objective"": 1.232595164407831e-30, ""roots_found"": 2, ""variant"": ""IV"", ""grid_size"": 97, ""strategy"": ""CW_profile_Brent"", ""paper_domain"": false}}"
2.0,1000.0,1000.0,10,90,mmle_v,mmle_v,,,,,False,8.500006515532732e-06,failure,nan,nan,nan,nan,nan,nan,"{""solution_info"": {""status"": ""no_root_in_declared_location_domain"", ""variant"": ""V"", ""grid_size"": 97}}"
2.0,1000.0,1000.0,10,90,wmle_checked,wmle_checked,2.0820533954860503,744.1823832349376,948.5138825449297,0.9136247363721379,True,0.10591980000026524,success,0.08205339548605028,-255.81761676506244,-51.48611745507026,0.04102669774302514,-0.2558176167650624,-0.05148611745507026,"{""solution_info"": {""status"": ""ok"", ""objective"": 3.924199432838597e-21, ""strategy"": ""deterministic_multistart_equation_minimization"", ""start_count"": 5, ""selected_start"": 0, ""location_at_zero_boundary"": false, ""production_status"": ""ok"", ""recovered"": false}}"
2.0,1000.0,1000.0,10,90,mme_i,mme_i,,,,,False,0.024761600012425333,failure,nan,nan,nan,nan,nan,nan,"{""solution_info"": {""status"": ""no_root_in_declared_shape_domain"", ""variant"": ""I""}}"
2.0,1000.0,1000.0,10,90,mme_ii,mme_ii,4.876789286367153,1490.1727921389352,243.1228364895488,nan,True,1.1699972674250603e-05,success,2.8767892863671527,490.17279213893516,-756.8771635104512,1.4383946431835763,0.49017279213893516,-0.7568771635104512,"{""solution_info"": {""status"": ""ok"", ""variant"": ""II"", ""roots_found"": 1, ""candidate_estimates"": [[4.876789286367153, 1.4901727921389352, 0.2431228364895488]], ""sample_moment_shape_initializer"": 2.4991695072780087, ""criterion_residual"": 4.463096558993129e-14, ""strategy"": ""CW_moment_Brent_valid_support_then_sample_skew_initializer""}}"
2.0,1000.0,1000.0,10,90,mme_iii,mme_iii,,,,,False,9.000010322779417e-06,failure,nan,nan,nan,nan,nan,nan,"{""solution_info"": {""status"": ""no_root_in_declared_shape_domain"", ""variant"": ""III""}}"
2.0,1000.0,1000.0,10,90,mmle_i_paper,mmle_i_paper,8.103215380228791,2586.2922475976166,-839.8644149287006,0.0,True,0.06098609999753535,success,6.103215380228791,1586.2922475976166,-1839.8644149287006,3.0516076901143956,1.5862922475976164,-1.8398644149287007,"{""solution_info"": {""status"": ""ok"", ""objective"": 2.6697976748409015e-25, ""roots_found"": 1, ""grid_size"": 97, ""strategy"": ""cw_i_profile_brent"", ""paper_domain"": true, ""raw_min_gap"": 1935.0643922225413}}"
2.0,1000.0,1000.0,10,90,mmle_ii_paper,mmle_ii_paper,4.26988478337004,1347.308939609445,380.34798031008035,nan,True,0.14360430004308,success,2.26988478337004,347.3089396094449,-619.6520196899196,1.13494239168502,0.3473089396094449,-0.6196520196899196,"{""solution_info"": {""status"": ""ok"", ""objective"": 1.3096323621833204e-30, ""roots_found"": 1, ""variant"": ""II"", ""grid_size"": 97, ""strategy"": ""CW_profile_Brent"", ""paper_domain"": true}}"
2.0,1000.0,1000.0,10,90,mmle_iii_paper,mmle_iii_paper,0.9999999999999981,514.37979754115,1094.9983345608493,nan,True,1.1100026313215494e-05,success,-1.0000000000000018,-485.62020245885003,94.99833456084934,-0.5000000000000009,-0.48562020245885,0.09499833456084934,"{""solution_info"": {""status"": ""ok"", ""objective"": 7.952210962693562e-28, ""roots_found"": 1, ""variant"": ""III"", ""grid_size"": 97, ""strategy"": ""CW_profile_Brent"", ""paper_domain"": true}}"
2.0,1000.0,1000.0,10,90,mmle_iv_paper,mmle_iv_paper,1.7802633675241857,619.6796943264548,1051.9170583699745,nan,True,9.899958968162537e-06,success,-0.21973663247581432,-380.32030567354525,51.917058369974484,-0.10986831623790716,-0.38032030567354524,0.051917058369974484,"{""solution_info"": {""status"": ""ok"", ""objective"": 1.8242408433235898e-30, ""roots_found"": 2, ""variant"": ""IV"", ""grid_size"": 97, ""strategy"": ""CW_profile_Brent"", ""paper_domain"": true}}"
2.0,1000.0,1000.0,10,90,mmle_v_paper,mmle_v_paper,,,,,False,9.100011084228754e-06,failure,nan,nan,nan,nan,nan,nan,"{""solution_info"": {""status"": ""no_root_in_declared_location_domain"", ""variant"": ""V"", ""grid_size"": 97}}"
2.0,1000.0,1000.0,10,91,mle_local,mle_local,,,,,False,0.17981590004637837,failure,nan,nan,nan,nan,nan,nan,"{""solution_info"": {""status"": ""unbounded""}}"
2.0,1000.0,1000.0,10,91,mmle_i,mmle_i,1.8122570752231597,1019.0425402160972,937.696305988067,0.0,True,0.055787599994800985,success,-0.1877429247768403,19.042540216097223,-62.303694011932976,-0.09387146238842015,0.019042540216097224,-0.062303694011932975,"{""solution_info"": {""status"": ""ok"", ""objective"": 7.888609052210118e-31, ""roots_found"": 1, ""grid_size"": 97, ""strategy"": ""cw_i_profile_brent"", ""paper_domain"": false, ""raw_min_gap"": 278.5372730638933}}"
2.0,1000.0,1000.0,10,91,mmle_ii,mmle_ii,1.6353287255277003,926.3914725257957,1013.4407032791968,nan,True,0.13750700000673532,success,-0.36467127447229974,-73.60852747420427,13.440703279196782,-0.18233563723614987,-0.07360852747420427,0.013440703279196782,"{""solution_info"": {""status"": ""ok"", ""objective"": 4.368499686745685e-26, ""roots_found"": 1, ""variant"": ""II"", ""grid_size"": 97, ""strategy"": ""CW_profile_Brent"", ""paper_domain"": false}}"
2.0,1000.0,1000.0,10,91,mmle_iii,mmle_iii,0.9999999999999442,634.6416580499038,1203.812798992308,nan,True,1.1100026313215494e-05,success,-1.000000000000056,-365.35834195009625,203.812798992308,-0.500000000000028,-0.36535834195009625,0.203812798992308,"{""solution_info"": {""status"": ""ok"", ""objective"": 1.0129585876740124e-29, ""roots_found"": 3, ""variant"": ""III"", ""grid_size"": 97, ""strategy"": ""CW_profile_Brent"", ""paper_domain"": false}}"
2.0,1000.0,1000.0,10,91,mmle_iv,mmle_iv,1.222442073464181,724.97784776327,1158.6283796771663,nan,True,1.0300020221620798e-05,success,-0.777557926535819,-275.02215223673,158.62837967716632,-0.3887789632679095,-0.27502215223673,0.1586283796771663,"{""solution_info"": {""status"": ""ok"", ""objective"": 5.758684608113386e-29, ""roots_found"": 2, ""variant"": ""IV"", ""grid_size"": 97, ""strategy"": ""CW_profile_Brent"", ""paper_domain"": false}}"
2.0,1000.0,1000.0,10,91,mmle_v,mmle_v,1.5746293926702701,895.224454163798,1038.0004980847818,nan,True,9.600014891475439e-06,success,-0.42537060732972987,-104.77554583620201,38.00049808478184,-0.21268530366486493,-0.10477554583620201,0.03800049808478184,"{""solution_info"": {""status"": ""ok"", ""objective"": 3.30360469038032e-25, ""roots_found"": 1, ""variant"": ""V"", ""grid_size"": 97, ""strategy"": ""CW_profile_Brent"", ""paper_domain"": false}}"
2.0,1000.0,1000.0,10,91,wmle_checked,wmle_checked,1.1035344931289455,723.0075377639204,1158.4745836451345,0.9696980250924663,True,0.19210669997846708,success,-0.8964655068710545,-276.99246223607963,158.47458364513454,-0.44823275343552726,-0.27699246223607965,0.15847458364513453,"{""solution_info"": {""status"": ""ok"", ""objective"": 9.859485620536023e-20, ""strategy"": ""deterministic_multistart_equation_minimization"", ""start_count"": 5, ""selected_start"": 3, ""location_at_zero_boundary"": false, ""production_status"": ""ok"", ""recovered"": false}}"
2.0,1000.0,1000.0,10,91,mme_i,mme_i,1.4458694820462892,875.9801406898157,1043.871745937747,nan,True,0.038624599983450025,success,-0.5541305179537108,-124.0198593101843,43.87174593774694,-0.2770652589768554,-0.1240198593101843,0.04387174593774694,"{""solution_info"": {""status"": ""ok"", ""variant"": ""I"", ""roots_found"": 1, ""candidate_estimates"": [[1.4458694820462892, 0.8759801406898157, 1.043871745937747]], ""sample_moment_shape_initializer"": 1.990403504218369, ""criterion_residual"": 2.886579864025407e-15, ""strategy"": ""CW_moment_Brent_valid_support_then_sample_skew_initializer""}}"
2.0,1000.0,1000.0,10,91,mme_ii,mme_ii,1.3997843985474845,845.9634996950156,1067.4049284953,nan,True,1.2400036212056875e-05,success,-0.6002156014525155,-154.03650030498443,67.40492849530006,-0.30010780072625776,-0.15403650030498442,0.06740492849530005,"{""solution_info"": {""status"": ""ok"", ""variant"": ""II"", ""roots_found"": 1, ""candidate_estimates"": [[1.3997843985474845, 0.8459634996950156, 1.0674049284953]], ""sample_moment_shape_initializer"": 1.990403504218369, ""criterion_residual"": -9.658940314238862e-14, ""strategy"": ""CW_moment_Brent_valid_support_then_sample_skew_initializer""}}"
2.0,1000.0,1000.0,10,91,mme_iii,mme_iii,1.6773148638319495,1019.5968136339442,927.860671048524,nan,True,1.3499986380338669e-05,success,-0.3226851361680505,19.59681363394418,-72.13932895147605,-0.16134256808402525,0.01959681363394418,-0.07213932895147604,"{""solution_info"": {""status"": ""ok"", ""variant"": ""III"", ""roots_found"": 2, ""candidate_estimates"": [[0.2866761404880454, 0.008161850583829473, 1.7450522573756848], [1.6773148638319495, 1.0195968136339442, 0.927860671048524]], ""sample_moment_shape_initializer"": 1.990403504218369, ""criterion_residual"": -2.831068712794149e-15, ""strategy"": ""CW_moment_Brent_valid_support_then_sample_skew_initializer""}}"
2.0,1000.0,1000.0,10,91,mmle_i_paper,mmle_i_paper,1.812257075223156,1019.0425402160954,937.6963059880685,0.0,True,0.05674859997816384,success,-0.18774292477684407,19.042540216095404,-62.3036940119315,-0.09387146238842203,0.019042540216095402,-0.0623036940119315,"{""solution_info"": {""status"": ""ok"", ""objective"": 8.997944700177166e-31, ""roots_found"": 1, ""grid_size"": 97, ""strategy"": ""cw_i_profile_brent"", ""paper_domain"": true, ""raw_min_gap"": 278.5372730638917}}"
2.0,1000.0,1000.0,10,91,mmle_ii_paper,mmle_ii_paper,1.6353287255276479,926.3914725257684,1013.4407032792183,nan,True,0.1153508999850601,success,-0.36467127447235215,-73.60852747423155,13.440703279218269,-0.18233563723617607,-0.07360852747423155,0.013440703279218268,"{""solution_info"": {""status"": ""ok"", ""objective"": 4.201300617884092e-26, ""roots_found"": 1, ""variant"": ""II"", ""grid_size"": 97, ""strategy"": ""CW_profile_Brent"", ""paper_domain"": true}}"
2.0,1000.0,1000.0,10,91,mmle_iii_paper,mmle_iii_paper,1.0000000000000189,634.6416580499309,1203.8127989922984,nan,True,1.179997343569994e-05,success,-0.9999999999999811,-365.3583419500691,203.81279899229844,-0.49999999999999056,-0.36535834195006905,0.20381279899229843,"{""solution_info"": {""status"": ""ok"", ""objective"": 2.6570681783244113e-30, ""roots_found"": 3, ""variant"": ""III"", ""grid_size"": 97, ""strategy"": ""CW_profile_Brent"", ""paper_domain"": true}}"
2.0,1000.0,1000.0,10,91,mmle_iv_paper,mmle_iv_paper,1.2224420734641912,724.9778477632746,1158.6283796771636,nan,True,9.400013368576765e-06,success,-0.7775579265358088,-275.02215223672545,158.6283796771636,-0.3887789632679044,-0.27502215223672544,0.1586283796771636,"{""solution_info"": {""status"": ""ok"", ""objective"": 3.611503831714945e-30, ""roots_found"": 2, ""variant"": ""IV"", ""grid_size"": 97, ""strategy"": ""CW_profile_Brent"", ""paper_domain"": true}}"
2.0,1000.0,1000.0,10,91,mmle_v_paper,mmle_v_paper,1.5746293926699848,895.2244541636524,1038.0004980848953,nan,True,9.300012607127428e-06,success,-0.4253706073300152,-104.77554583634765,38.0004980848953,-0.2126853036650076,-0.10477554583634764,0.0380004980848953,"{""solution_info"": {""status"": ""ok"", ""objective"": 3.276773983007095e-25, ""roots_found"": 1, ""variant"": ""V"", ""grid_size"": 97, ""strategy"": ""CW_profile_Brent"", ""paper_domain"": true}}"
2.0,1000.0,1000.0,10,92,mle_local,mle_local,,,,,False,4.14009470003657,failure,nan,nan,nan,nan,nan,nan,"{""solution_info"": {""status"": ""unbounded""}}"
2.0,1000.0,1000.0,10,92,mmle_i,mmle_i,2.202544469018019,1070.4678791350102,799.988891329924,0.0,True,0.05863749998388812,success,0.20254446901801915,70.46787913501021,-200.01110867007606,0.10127223450900957,0.07046787913501021,-0.20001110867007604,"{""solution_info"": {""status"": ""ok"", ""objective"": 2.2211364862629114e-28, ""roots_found"": 1, ""grid_size"": 97, ""strategy"": ""cw_i_profile_brent"", ""paper_domain"": false, ""raw_min_gap"": 368.19857876679464}}"
2.0,1000.0,1000.0,10,92,mmle_ii,mmle_ii,1.8340149219833235,910.4888005071291,937.6746670212663,nan,True,0.11634700000286102,success,-0.1659850780166765,-89.5111994928709,-62.32533297873374,-0.08299253900833825,-0.0895111994928709,-0.062325332978733744,"{""solution_info"": {""status"": ""ok"", ""objective"": 2.0006005594470623e-26, ""roots_found"": 1, ""variant"": ""II"", ""grid_size"": 97, ""strategy"": ""CW_profile_Brent"", ""paper_domain"": false}}"
2.0,1000.0,1000.0,10,92,mmle_iii,mmle_iii,0.9999999999999973,581.1954922593434,1161.3914453767193,nan,True,1.0899966582655907e-05,success,-1.0000000000000027,-418.8045077406566,161.39144537671928,-0.5000000000000013,-0.41880450774065664,0.1613914453767193,"{""solution_info"": {""status"": ""ok"", ""objective"": 9.947624677372117e-31, ""roots_found"": 2, ""variant"": ""III"", ""grid_size"": 97, ""strategy"": ""CW_profile_Brent"", ""paper_domain"": false}}"
2.0,1000.0,1000.0,10,92,mmle_iv,mmle_iv,1.317146490256475,693.2782050568395,1103.4097497035857,nan,True,9.500014130026102e-06,success,-0.6828535097435251,-306.7217949431605,103.4097497035857,-0.34142675487176255,-0.3067217949431605,0.1034097497035857,"{""solution_info"": {""status"": ""ok"", ""objective"": 1.223987952374771e-26, ""roots_found"": 1, ""variant"": ""IV"", ""grid_size"": 97, ""strategy"": ""CW_profile_Brent"", ""paper_domain"": false}}"
2.0,1000.0,1000.0,10,92,mmle_v,mmle_v,1.5237146747331132,778.2098695808603,1043.0463425608953,nan,True,9.400013368576765e-06,success,-0.4762853252668868,-221.7901304191397,43.046342560895255,-0.2381426626334434,-0.2217901304191397,0.043046342560895255,"{""solution_info"": {""status"": ""ok"", ""objective"": 2.8345091585408883e-27, ""roots_found"": 1, ""variant"": ""V"", ""grid_size"": 97, ""strategy"": ""CW_profile_Brent"", ""paper_domain"": false}}"
2.0,1000.0,1000.0,10,92,wmle_checked,wmle_checked,1.1314975511584384,667.6634818223532,1118.2726272121438,0.9451286126651338,True,0.13028430001577362,success,-0.8685024488415616,-332.3365181776468,118.27262721214379,-0.4342512244207808,-0.33233651817764676,0.1182726272121438,"{""solution_info"": {""status"": ""ok"", ""objective"": 9.502849409981407e-21, ""strategy"": ""deterministic_multistart_equation_minimization"", ""start_count"": 5, ""selected_start"": 3, ""location_at_zero_boundary"": false, ""production_status"": ""ok"", ""recovered"": false}}"
2.0,1000.0,1000.0,10,92,mme_i,mme_i,1.6461190077512096,877.4990442025675,957.7686906325147,nan,True,0.03628489997936413,success,-0.35388099224879044,-122.50095579743254,-42.23130936748532,-0.17694049612439522,-0.12250095579743255,-0.04223130936748532,"{""solution_info"": {""status"": ""ok"", ""variant"": ""I"", ""roots_found"": 1, ""candidate_estimates"": [[1.6461190077512096, 0.8774990442025674, 0.9577686906325147]], ""sample_moment_shape_initializer"": 2.6358344417926487, ""criterion_residual"": 1.5787371410169726e-13, ""strategy"": ""CW_moment_Brent_valid_support_then_sample_skew_initializer""}}"
2.0,1000.0,1000.0,10,92,mme_ii,mme_ii,1.548728689714954,825.1712447275447,1000.3685993849869,nan,True,1.2299977242946625e-05,success,-0.4512713102850461,-174.82875527245528,0.36859938498685096,-0.22563565514252304,-0.17482875527245528,0.00036859938498685094,"{""solution_info"": {""status"": ""ok"", ""variant"": ""II"", ""roots_found"": 1, ""candidate_estimates"": [[1.548728689714954, 0.8251712447275447, 1.000368599384987]], ""sample_moment_shape_initializer"": 2.6358344417926487, ""criterion_residual"": 4.440892098500626e-16, ""strategy"": ""CW_moment_Brent_valid_support_then_sample_skew_initializer""}}"
2.0,1000.0,1000.0,10,92,mme_iii,mme_iii,1.5850252318198834,844.8631780764678,984.4341552397109,nan,True,1.0000017937272787e-05,success,-0.4149747681801166,-155.13682192353224,-15.56584476028911,-0.2074873840900583,-0.15513682192353223,-0.01556584476028911,"{""solution_info"": {""status"": ""ok"", ""variant"": ""III"", ""roots_found"": 2, ""candidate_estimates"": [[0.30017313791025996, 0.009809027397435418, 1.6519849831189617], [1.5850252318198834, 0.8448631780764677, 0.9844341552397109]], ""sample_moment_shape_initializer"": 2.6358344417926487, ""criterion_residual"": 1.0297318553398327e-14, ""strategy"": ""CW_moment_Brent_valid_support_then_sample_skew_initializer""}}"
2.0,1000.0,1000.0,10,92,mmle_i_paper,mmle_i_paper,2.2025444690180174,1070.4678791350095,799.9888913299244,0.0,True,0.06975409999722615,success,0.20254446901801737,70.46787913500953,-200.0111086700756,0.10127223450900869,0.07046787913500953,-0.2000111086700756,"{""solution_info"": {""status"": ""ok"", ""objective"": 2.3893857262045803e-28, ""roots_found"": 1, ""grid_size"": 97, ""strategy"": ""cw_i_profile_brent"", ""paper_domain"": true, ""raw_min_gap"": 368.198578766794}}"
2.0,1000.0,1000.0,10,92,mmle_ii_paper,mmle_ii_paper,1.8340149219829922,910.4888005069857,937.6746670213855,nan,True,0.15193039999576285,success,-0.1659850780170078,-89.51119949301426,-62.32533297861448,-0.0829925390085039,-0.08951119949301425,-0.062325332978614485,"{""solution_info"": {""status"": ""ok"", ""objective"": 1.232595164407831e-30, ""roots_found"": 1, ""variant"": ""II"", ""grid_size"": 97, ""strategy"": ""CW_profile_Brent"", ""paper_domain"": true}}"
2.0,1000.0,1000.0,10,92,mmle_iii_paper,mmle_iii_paper,0.9999999999999906,581.1954922593416,1161.39144537672,nan,True,1.160003012046218e-05,success,-1.0000000000000093,-418.80450774065844,161.39144537671996,-0.5000000000000047,-0.4188045077406584,0.16139144537671996,"{""solution_info"": {""status"": ""ok"", ""objective"": 8.35932201708878e-31, ""roots_found"": 3, ""variant"": ""III"", ""grid_size"": 97, ""strategy"": ""CW_profile_Brent"", ""paper_domain"": true}}"
2.0,1000.0,1000.0,10,92,mmle_iv_paper,mmle_iv_paper,1.3171464902564016,693.27820505681,1103.4097497036053,nan,True,9.499955922365189e-06,success,-0.6828535097435984,-306.72179494319005,103.40974970360526,-0.3414267548717992,-0.3067217949431901,0.10340974970360525,"{""solution_info"": {""status"": ""ok"", ""objective"": 1.105476392507287e-26, ""roots_found"": 2, ""variant"": ""IV"", ""grid_size"": 97, ""strategy"": ""CW_profile_Brent"", ""paper_domain"": true}}"
2.0,1000.0,1000.0,10,92,mmle_v_paper,mmle_v_paper,1.5237146747333496,778.2098695809595,1043.0463425608204,nan,True,9.90001717582345e-06,success,-0.47628532526665035,-221.79013041904045,43.04634256082045,-0.23814266263332518,-0.22179013041904044,0.04304634256082045,"{""solution_info"": {""status"": ""ok"", ""objective"": 6.568499631129331e-29, ""roots_found"": 1, ""variant"": ""V"", ""grid_size"": 97, ""strategy"": ""CW_profile_Brent"", ""paper_domain"": true}}"
2.0,1000.0,1000.0,10,93,mle_local,mle_local,,,,,False,0.1916446999530308,failure,nan,nan,nan,nan,nan,nan,"{""solution_info"": {""status"": ""unbounded""}}"
2.0,1000.0,1000.0,10,93,mmle_i,mmle_i,2.20547124197224,1344.5885744421562,873.2258302935936,0.0,True,0.06010150001384318,success,0.2054712419722402,344.5885744421562,-126.77416970640638,0.1027356209861201,0.3445885744421562,-0.12677416970640637,"{""solution_info"": {""status"": ""ok"", ""objective"": 3.719026805691733e-26, ""roots_found"": 1, ""grid_size"": 97, ""strategy"": ""cw_i_profile_brent"", ""paper_domain"": false, ""raw_min_gap"": 463.14071423471523}}"
2.0,1000.0,1000.0,10,93,mmle_ii,mmle_ii,1.8349405293015997,1142.6063614240397,1046.9103639750776,nan,True,0.1191666999948211,success,-0.16505947069840032,142.60636142403973,46.910363975077644,-0.08252973534920016,0.14260636142403973,0.04691036397507765,"{""solution_info"": {""status"": ""ok"", ""objective"": 1.0477058897466563e-30, ""roots_found"": 1, ""variant"": ""II"", ""grid_size"": 97, ""strategy"": ""CW_profile_Brent"", ""paper_domain"": false}}"
2.0,1000.0,1000.0,10,93,mmle_iii,mmle_iii,0.999999999999995,738.1399292332678,1320.0934962142971,nan,True,1.0600022505968809e-05,success,-1.0000000000000049,-261.8600707667322,320.09349621429715,-0.5000000000000024,-0.2618600707667322,0.32009349621429717,"{""solution_info"": {""status"": ""ok"", ""objective"": 9.98402083170343e-31, ""roots_found"": 2, ""variant"": ""III"", ""grid_size"": 97, ""strategy"": ""CW_profile_Brent"", ""paper_domain"": false}}"
2.0,1000.0,1000.0,10,93,mmle_iv,mmle_iv,1.3594424445216386,897.5918833414822,1234.3021590765923,nan,True,9.500014130026102e-06,success,-0.6405575554783614,-102.40811665851777,234.30215907659226,-0.3202787777391807,-0.10240811665851778,0.23430215907659227,"{""solution_info"": {""status"": ""ok"", ""objective"": 1.3252672155462515e-25, ""roots_found"": 1, ""variant"": ""IV"", ""grid_size"": 97, ""strategy"": ""CW_profile_Brent"", ""paper_domain"": false}}"
2.0,1000.0,1000.0,10,93,mmle_v,mmle_v,1.6031184118407316,1020.1823964745762,1145.23653416063,nan,True,9.100011084228754e-06,success,-0.39688158815926844,20.182396474576194,145.23653416063007,-0.19844079407963422,0.020182396474576193,0.14523653416063007,"{""solution_info"": {""status"": ""ok"", ""objective"": 1.1110407205403958e-27, ""roots_found"": 1, ""variant"": ""V"", ""grid_size"": 97, ""strategy"": ""CW_profile_Brent"", ""paper_domain"": false}}"
2.0,1000.0,1000.0,10,93,wmle_checked,wmle_checked,1.2209679201755668,893.894774168426,1234.9996912585323,0.9481244499144348,True,0.12006320001091808,success,-0.7790320798244332,-106.10522583157399,234.99969125853227,-0.3895160399122166,-0.10610522583157399,0.23499969125853226,"{""solution_info"": {""status"": ""ok"", ""objective"": 2.0537735023943782e-20, ""strategy"": ""deterministic_multistart_equation_minimization"", ""start_count"": 5, ""selected_start"": 3, ""location_at_zero_boundary"": false, ""production_status"": ""ok"", ""recovered"": false}}"
2.0,1000.0,1000.0,10,93,mme_i,mme_i,1.6724635803207784,1113.933352461603,1063.1759021162006,nan,True,0.0317831999855116,success,-0.32753641967922165,113.93335246160291,63.17590211620063,-0.16376820983961082,0.11393335246160291,0.06317590211620064,"{""solution_info"": {""status"": ""ok"", ""variant"": ""I"", ""roots_found"": 1, ""candidate_estimates"": [[1.6724635803207784, 1.1139333524616029, 1.0631759021162006]], ""sample_moment_shape_initializer"": 2.4875549995406345, ""criterion_residual"": -1.241229341530925e-13, ""strategy"": ""CW_moment_Brent_valid_support_then_sample_skew_initializer""}}"
2.0,1000.0,1000.0,10,93,mme_ii,mme_ii,1.5670070975505788,1043.6156396417018,1120.67111811904,nan,True,1.2999982573091984e-05,success,-0.43299290244942124,43.61563964170182,120.6711181190401,-0.21649645122471062,0.04361563964170182,0.1206711181190401,"{""solution_info"": {""status"": ""ok"", ""variant"": ""II"", ""roots_found"": 1, ""candidate_estimates"": [[1.5670070975505788, 1.0436156396417018, 1.12067111811904]], ""sample_moment_shape_initializer"": 2.4875549995406345, ""criterion_residual"": 2.55351295663786e-14, ""strategy"": ""CW_moment_Brent_valid_support_then_sample_skew_initializer""}}"
2.0,1000.0,1000.0,10,93,mme_iii,mme_iii,1.663005677582876,1107.718442142343,1068.3044535331173,nan,True,1.0000017937272787e-05,success,-0.3369943224171239,107.71844214234306,68.30445353311734,-0.16849716120856195,0.10771844214234307,0.06830445353311734,"{""solution_info"": {""status"": ""ok"", ""variant"": ""III"", ""roots_found"": 2, ""candidate_estimates"": [[0.28868942190700786, 0.009394501741554744, 1.9542816471786326], [1.663005677582876, 1.1077184421423432, 1.0683044535331174]], ""sample_moment_shape_initializer"": 2.4875549995406345, ""criterion_residual"": 5.329070518200751e-15, ""strategy"": ""CW_moment_Brent_valid_support_then_sample_skew_initializer""}}"
2.0,1000.0,1000.0,10,93,mmle_i_paper,mmle_i_paper,2.2054712419722375,1344.5885744421546,873.2258302935948,0.0,True,0.08237100002588704,success,0.20547124197223754,344.5885744421546,-126.77416970640525,0.10273562098611877,0.34458857444215457,-0.12677416970640526,"{""solution_info"": {""status"": ""ok"", ""objective"": 3.7446845066340464e-26, ""roots_found"": 1, ""grid_size"": 97, ""strategy"": ""cw_i_profile_brent"", ""paper_domain"": true, ""raw_min_gap"": 463.14071423471404}}"
2.0,1000.0,1000.0,10,93,mmle_ii_paper,mmle_ii_paper,1.834940529301628,1142.6063614240547,1046.9103639750654,nan,True,0.15925589995458722,success,-0.1650594706983719,142.60636142405474,46.910363975065366,-0.08252973534918595,0.14260636142405475,0.046910363975065365,"{""solution_info"": {""status"": ""ok"", ""objective"": 1.1364527415840201e-28, ""roots_found"": 1, ""variant"": ""II"", ""grid_size"": 97, ""strategy"": ""CW_profile_Brent"", ""paper_domain"": true}}"
2.0,1000.0,1000.0,10,93,mmle_iii_paper,mmle_iii_paper,0.9999999999999983,738.1399292332693,1320.0934962142967,nan,True,1.3299984857439995e-05,success,-1.0000000000000018,-261.8600707667307,320.0934962142967,-0.5000000000000009,-0.2618600707667307,0.32009349621429667,"{""solution_info"": {""status"": ""ok"", ""objective"": 6.039716305598372e-31, ""roots_found"": 3, ""variant"": ""III"", ""grid_size"": 97, ""strategy"": ""CW_profile_Brent"", ""paper_domain"": true}}"
2.0,1000.0,1000.0,10,93,mmle_iv_paper,mmle_iv_paper,1.3594424445216358,897.5918833414808,1234.3021590765932,nan,True,1.0400020983070135e-05,success,-0.6405575554783642,-102.40811665851925,234.30215907659317,-0.3202787777391821,-0.10240811665851925,0.23430215907659316,"{""solution_info"": {""status"": ""ok"", ""objective"": 1.327700728179342e-25, ""roots_found"": 2, ""variant"": ""IV"", ""grid_size"": 97, ""strategy"": ""CW_profile_Brent"", ""paper_domain"": true}}"
2.0,1000.0,1000.0,10,93,mmle_v_paper,mmle_v_paper,1.6031184118405848,1020.1823964745,1145.2365341606887,nan,True,9.300012607127428e-06,success,-0.3968815881594152,20.182396474500024,145.23653416068873,-0.1984407940797076,0.020182396474500024,0.14523653416068874,"{""solution_info"": {""status"": ""ok"", ""objective"": 1.2823920090499073e-28, ""roots_found"": 1, ""variant"": ""V"", ""grid_size"": 97, ""strategy"": ""CW_profile_Brent"", ""paper_domain"": true}}"
2.0,1000.0,1000.0,10,94,mle_local,mle_local,,,,,False,3.683938800008036,failure,nan,nan,nan,nan,nan,nan,"{""solution_info"": {""status"": ""unbounded""}}"
2.0,1000.0,1000.0,10,94,mmle_i,mmle_i,4.332152496868337,1433.0203428113782,880.9389782686329,0.0,True,0.07562819996383041,success,2.3321524968683374,433.0203428113782,-119.06102173136708,1.1660762484341687,0.4330203428113782,-0.11906102173136708,"{""solution_info"": {""status"": ""ok"", ""objective"": 1.5777218104420236e-30, ""roots_found"": 1, ""grid_size"": 97, ""strategy"": ""cw_i_profile_brent"", ""paper_domain"": false, ""raw_min_gap"": 832.9230877652484}}"
2.0,1000.0,1000.0,10,94,mmle_ii,mmle_ii,2.4008560880023286,859.7848657586645,1421.7533275338253,nan,True,0.12528279999969527,success,0.40085608800232864,-140.21513424133548,421.7533275338253,0.20042804400116432,-0.14021513424133547,0.42175332753382533,"{""solution_info"": {""status"": ""ok"", ""objective"": 2.1062709428917456e-27, ""roots_found"": 1, ""variant"": ""II"", ""grid_size"": 97, ""strategy"": ""CW_profile_Brent"", ""paper_domain"": false}}"
2.0,1000.0,1000.0,10,94,mmle_iii,mmle_iii,0.9999999999999987,475.62137136564405,1705.230953218276,nan,True,1.3000040780752897e-05,success,-1.0000000000000013,-524.3786286343559,705.230953218276,-0.5000000000000007,-0.5243786286343559,0.705230953218276,"{""solution_info"": {""status"": ""ok"", ""objective"": 6.389773332290196e-29, ""roots_found"": 2, ""variant"": ""III"", ""grid_size"": 97, ""strategy"": ""CW_profile_Brent"", ""paper_domain"": false}}"
2.0,1000.0,1000.0,10,94,mmle_iv,mmle_iv,1.5514400539837998,617.9801736389815,1623.1553715200557,nan,True,9.999959729611874e-06,success,-0.4485599460162002,-382.01982636101854,623.1553715200557,-0.2242799730081001,-0.38201982636101856,0.6231553715200557,"{""solution_info"": {""status"": ""ok"", ""objective"": 5.83485898927379e-27, ""roots_found"": 1, ""variant"": ""IV"", ""grid_size"": 97, ""strategy"": ""CW_profile_Brent"", ""paper_domain"": false}}"
2.0,1000.0,1000.0,10,94,mmle_v,mmle_v,,,,,False,9.600014891475439e-06,failure,nan,nan,nan,nan,nan,nan,"{""solution_info"": {""status"": ""no_root_in_declared_location_domain"", ""variant"": ""V"", ""grid_size"": 97}}"
2.0,1000.0,1000.0,10,94,wmle_checked,wmle_checked,1.4659298446602853,640.5129396900307,1604.9675311756107,0.9063119757446602,True,0.12215439998544753,success,-0.5340701553397147,-359.48706030996925,604.9675311756107,-0.26703507766985735,-0.35948706030996924,0.6049675311756108,"{""solution_info"": {""status"": ""ok"", ""objective"": 1.5225899213094793e-21, ""strategy"": ""deterministic_multistart_equation_minimization"", ""start_count"": 5, ""selected_start"": 3, ""location_at_zero_boundary"": false, ""production_status"": ""ok"", ""recovered"": false}}"
2.0,1000.0,1000.0,10,94,mme_i,mme_i,2.2071296325599037,863.3406386648808,1416.2479512862603,nan,True,0.02508350001880899,success,0.2071296325599037,-136.65936133511923,416.24795128626033,0.10356481627995184,-0.13665936133511922,0.41624795128626035,"{""solution_info"": {""status"": ""ok"", ""variant"": ""I"", ""roots_found"": 1, ""candidate_estimates"": [[2.2071296325599037, 0.8633406386648808, 1.4162479512862602]], ""sample_moment_shape_initializer"": 3.7079187806428893, ""criterion_residual"": -6.483702463810914e-14, ""strategy"": ""CW_moment_Brent_valid_support_then_sample_skew_initializer""}}"
2.0,1000.0,1000.0,10,94,mme_ii,mme_ii,1.875894869469337,744.0830965231255,1520.294917326166,nan,True,1.179997343569994e-05,success,-0.12410513053066308,-255.9169034768745,520.2949173261659,-0.06205256526533154,-0.2559169034768745,0.5202949173261658,"{""solution_info"": {""status"": ""ok"", ""variant"": ""II"", ""roots_found"": 1, ""candidate_estimates"": [[1.875894869469337, 0.7440830965231255, 1.520294917326166]], ""sample_moment_shape_initializer"": 3.7079187806428893, ""criterion_residual"": 7.993605777301127e-14, ""strategy"": ""CW_moment_Brent_valid_support_then_sample_skew_initializer""}}"
2.0,1000.0,1000.0,10,94,mme_iii,mme_iii,14.211806568573477,4406.2363890150855,-2066.7068051526207,nan,False,1.6899954061955214e-05,failure,nan,nan,nan,nan,nan,nan,"{""solution_info"": {""status"": ""location_outside_effective_support"", ""variant"": ""III"", ""roots_found"": 1, ""candidate_estimates"": [[14.211806568573477, 4.406236389015086, -2.066706805152621]], ""sample_moment_shape_initializer"": 3.7079187806428893, ""criterion_residual"": -4.85722573273506e-15, ""strategy"": ""CW_moment_Brent_valid_support_then_sample_skew_initializer""}}"
2.0,1000.0,1000.0,10,94,mmle_i_paper,mmle_i_paper,4.332152496868323,1433.0203428113737,880.9389782686374,0.0,True,0.05479139997623861,success,2.332152496868323,433.02034281137367,-119.06102173136264,1.1660762484341616,0.4330203428113737,-0.11906102173136264,"{""solution_info"": {""status"": ""ok"", ""objective"": 1.392832535780849e-30, ""roots_found"": 1, ""grid_size"": 97, ""strategy"": ""cw_i_profile_brent"", ""paper_domain"": true, ""raw_min_gap"": 832.923087765244}}"
2.0,1000.0,1000.0,10,94,mmle_ii_paper,mmle_ii_paper,2.400856088002555,859.7848657587302,1421.7533275337664,nan,True,0.11614990001544356,success,0.4008560880025551,-140.21513424126977,421.7533275337664,0.20042804400127756,-0.14021513424126977,0.42175332753376643,"{""solution_info"": {""status"": ""ok"", ""objective"": 3.624039324536972e-27, ""roots_found"": 1, ""variant"": ""II"", ""grid_size"": 97, ""strategy"": ""CW_profile_Brent"", ""paper_domain"": true}}"
2.0,1000.0,1000.0,10,94,mmle_iii_paper,mmle_iii_paper,0.9999999999999982,475.62137136564365,1705.2309532182762,nan,True,1.1300027836114168e-05,success,-1.0000000000000018,-524.3786286343563,705.2309532182762,-0.5000000000000009,-0.5243786286343564,0.7052309532182762,"{""solution_info"": {""status"": ""ok"", ""objective"": 8.035980824512602e-29, ""roots_found"": 2, ""variant"": ""III"", ""grid_size"": 97, ""strategy"": ""CW_profile_Brent"", ""paper_domain"": true}}"
2.0,1000.0,1000.0,10,94,mmle_iv_paper,mmle_iv_paper,1.5514400539839799,617.9801736390308,1623.1553715200196,nan,True,9.400013368576765e-06,success,-0.4485599460160201,-382.0198263609692,623.1553715200196,-0.22427997300801006,-0.3820198263609692,0.6231553715200195,"{""solution_info"": {""status"": ""ok"", ""objective"": 4.942706609275402e-30, ""roots_found"": 1, ""variant"": ""IV"", ""grid_size"": 97, ""strategy"": ""CW_profile_Brent"", ""paper_domain"": true}}"
2.0,1000.0,1000.0,10,94,mmle_v_paper,mmle_v_paper,,,,,False,9.7999582067132e-06,failure,nan,nan,nan,nan,nan,nan,"{""solution_info"": {""status"": ""no_root_in_declared_location_domain"", ""variant"": ""V"", ""grid_size"": 97}}"
2.0,1000.0,1000.0,10,95,mle_local,mle_local,1.883042815256386,986.1707242377333,1129.4141775487394,0.8681174741670162,True,0.0831880999612622,success,-0.11695718474361394,-13.829275762266661,129.41417754873942,-0.05847859237180697,-0.013829275762266661,0.1294141775487394,"{""solution_info"": {""status"": ""ok"", ""strategy"": ""deterministic_multistart_likelihood"", ""start_count"": 5, ""selected_start"": 0, ""log_likelihood"": -6.345688776447856, ""location_at_zero_boundary"": false}}"
2.0,1000.0,1000.0,10,95,mmle_i,mmle_i,,,,,False,0.04964540002401918,failure,nan,nan,nan,nan,nan,nan,"{""raw_status"": ""no_root_in_declared_location_domain"", ""solution_info"": {""status"": ""no_root_in_declared_location_domain"", ""location_lower"": 0.0, ""endpoint_constraint_residuals"": [6.608011086356807, 0.13069988505639873], ""grid_size"": 97}}"
2.0,1000.0,1000.0,10,95,mmle_ii,mmle_ii,3.467912120627514,1708.56327912194,470.9351684894438,nan,True,0.11630299995886162,success,1.4679121206275139,708.56327912194,-529.0648315105561,0.7339560603137569,0.7085632791219401,-0.5290648315105562,"{""solution_info"": {""status"": ""ok"", ""objective"": 1.4671568686366745e-26, ""roots_found"": 1, ""variant"": ""II"", ""grid_size"": 97, ""strategy"": ""CW_profile_Brent"", ""paper_domain"": false}}"
2.0,1000.0,1000.0,10,95,mmle_iii,mmle_iii,0.9999999999999981,745.1990377473601,1261.4006867437477,nan,True,1.1100026313215494e-05,success,-1.0000000000000018,-254.80096225263992,261.40068674374766,-0.5000000000000009,-0.25480096225263993,0.26140068674374767,"{""solution_info"": {""status"": ""ok"", ""objective"": 3.4167815291297066e-25, ""roots_found"": 3, ""variant"": ""III"", ""grid_size"": 97, ""strategy"": ""CW_profile_Brent"", ""paper_domain"": false}}"
2.0,1000.0,1000.0,10,95,mmle_iv,mmle_iv,1.619766685794846,889.3301308418281,1203.4099036787943,nan,True,9.600014891475439e-06,success,-0.38023331420515394,-110.66986915817188,203.4099036787943,-0.19011665710257697,-0.11066986915817188,0.2034099036787943,"{""solution_info"": {""status"": ""ok"", ""objective"": 1.960085156392977e-27, ""roots_found"": 2, ""variant"": ""IV"", ""grid_size"": 97, ""strategy"": ""CW_profile_Brent"", ""paper_domain"": false}}"
2.0,1000.0,1000.0,10,95,mmle_v,mmle_v,3.267412363598073,1612.7321771751854,562.1286158870521,nan,True,1.2599979527294636e-05,success,1.2674123635980732,612.7321771751854,-437.8713841129479,0.6337061817990366,0.6127321771751854,-0.4378713841129479,"{""solution_info"": {""status"": ""ok"", ""objective"": 1.232595164407831e-32, ""roots_found"": 1, ""variant"": ""V"", ""grid_size"": 97, ""strategy"": ""CW_profile_Brent"", ""paper_domain"": false}}"
2.0,1000.0,1000.0,10,95,wmle_checked,wmle_checked,1.805264995447291,1030.1497266944475,1091.8245241586505,0.9511766995452539,True,0.13040030002593994,success,-0.19473500455270898,30.14972669444751,91.82452415865055,-0.09736750227635449,0.030149726694447508,0.09182452415865054,"{""solution_info"": {""status"": ""ok"", ""objective"": 1.7330481225927468e-21, ""strategy"": ""deterministic_multistart_equation_minimization"", ""start_count"": 5, ""selected_start"": 0, ""location_at_zero_boundary"": false, ""production_status"": ""ok"", ""recovered"": false}}"
2.0,1000.0,1000.0,10,95,mme_i,mme_i,,,,,False,0.0314178999979049,failure,nan,nan,nan,nan,nan,nan,"{""solution_info"": {""status"": ""no_root_in_declared_shape_domain"", ""variant"": ""I""}}"
2.0,1000.0,1000.0,10,95,mme_ii,mme_ii,3.028522853503382,1565.4254658147556,608.1197497954804,nan,True,1.1499971151351929e-05,success,1.028522853503382,565.4254658147556,-391.8802502045196,0.514261426751691,0.5654254658147556,-0.3918802502045196,"{""solution_info"": {""status"": ""ok"", ""variant"": ""II"", ""roots_found"": 1, ""candidate_estimates"": [[3.028522853503382, 1.5654254658147557, 0.6081197497954804]], ""sample_moment_shape_initializer"": 2.479853241963415, ""criterion_residual"": -8.215650382226158e-15, ""strategy"": ""CW_moment_Brent_valid_support_then_sample_skew_initializer""}}"
2.0,1000.0,1000.0,10,95,mme_iii,mme_iii,3.327400178200747,1695.7534840687936,484.8481518075736,nan,True,9.700015652924776e-06,success,1.327400178200747,695.7534840687936,-515.1518481924264,0.6637000891003735,0.6957534840687936,-0.5151518481924264,"{""solution_info"": {""status"": ""ok"", ""variant"": ""III"", ""roots_found"": 2, ""candidate_estimates"": [[0.11546868783873292, 1.6862124086959085e-08, 2.00373425261532], [3.327400178200747, 1.6957534840687936, 0.48484815180757357]], ""sample_moment_shape_initializer"": 2.479853241963415, ""criterion_residual"": -7.380381028543326e-15, ""strategy"": ""CW_moment_Brent_valid_support_then_sample_skew_initializer""}}"
2.0,1000.0,1000.0,10,95,mmle_i_paper,mmle_i_paper,5.825484162037865,2855.5140586918506,-645.4630405112498,0.0,True,0.06745349999982864,success,3.8254841620378652,1855.5140586918506,-1645.4630405112498,1.9127420810189326,1.8555140586918506,-1.6454630405112498,"{""solution_info"": {""status"": ""ok"", ""objective"": 3.1677695725281255e-30, ""roots_found"": 1, ""grid_size"": 97, ""strategy"": ""cw_i_profile_brent"", ""paper_domain"": true, ""raw_min_gap"": 1907.4089258389372}}"
2.0,1000.0,1000.0,10,95,mmle_ii_paper,mmle_ii_paper,3.46791212062751,1708.5632791219377,470.93516848944586,nan,True,0.13567270000930876,success,1.4679121206275099,708.5632791219377,-529.0648315105541,0.7339560603137549,0.7085632791219377,-0.5290648315105541,"{""solution_info"": {""status"": ""ok"", ""objective"": 1.4590774384455745e-26, ""roots_found"": 1, ""variant"": ""II"", ""grid_size"": 97, ""strategy"": ""CW_profile_Brent"", ""paper_domain"": true}}"
2.0,1000.0,1000.0,10,95,mmle_iii_paper,mmle_iii_paper,0.9999999999999999,745.1990377473605,1261.4006867437477,nan,True,1.3399985618889332e-05,success,-1.0,-254.80096225263947,261.40068674374766,-0.5,-0.2548009622526395,0.26140068674374767,"{""solution_info"": {""status"": ""ok"", ""objective"": 3.448002671606091e-25, ""roots_found"": 3, ""variant"": ""III"", ""grid_size"": 97, ""strategy"": ""CW_profile_Brent"", ""paper_domain"": true}}"
2.0,1000.0,1000.0,10,95,mmle_iv_paper,mmle_iv_paper,1.6197666857947959,889.3301308418111,1203.4099036788064,nan,True,1.009996049106121e-05,success,-0.3802333142052041,-110.66986915818893,203.40990367880636,-0.19011665710260206,-0.11066986915818892,0.20340990367880635,"{""solution_info"": {""status"": ""ok"", ""objective"": 1.3680450470246075e-27, ""roots_found"": 2, ""variant"": ""IV"", ""grid_size"": 97, ""strategy"": ""CW_profile_Brent"", ""paper_domain"": true}}"
2.0,1000.0,1000.0,10,95,mmle_v_paper,mmle_v_paper,3.2674123635979684,1612.732177175135,562.1286158870998,nan,True,9.199953638017178e-06,success,1.2674123635979684,612.7321771751349,-437.87138411290016,0.6337061817989842,0.6127321771751348,-0.43787138411290016,"{""solution_info"": {""status"": ""ok"", ""objective"": 2.839608314610708e-29, ""roots_found"": 1, ""variant"": ""V"", ""grid_size"": 97, ""strategy"": ""CW_profile_Brent"", ""paper_domain"": true}}"
2.0,1000.0,1000.0,10,96,mle_local,mle_local,2.056947790094049,1102.7442209927924,1084.8997763163952,0.8019901783554828,True,0.0856888999696821,success,0.05694779009404893,102.7442209927924,84.89977631639522,0.028473895047024467,0.1027442209927924,0.08489977631639521,"{""solution_info"": {""status"": ""ok"", ""strategy"": ""deterministic_multistart_likelihood"", ""start_count"": 5, ""selected_start"": 2, ""log_likelihood"": -6.898569992861288, ""location_at_zero_boundary"": false}}"
2.0,1000.0,1000.0,10,96,mmle_i,mmle_i,,,,,False,0.04251559998374432,failure,nan,nan,nan,nan,nan,nan,"{""raw_status"": ""no_root_in_declared_location_domain"", ""solution_info"": {""status"": ""no_root_in_declared_location_domain"", ""location_lower"": 0.0, ""endpoint_constraint_residuals"": [5.688226593389626, 0.10859063101699817], ""grid_size"": 97}}"
2.0,1000.0,1000.0,10,96,mmle_ii,mmle_ii,3.309001500710713,1663.6469003224079,572.9311726407556,nan,True,0.12351980002131313,success,1.3090015007107132,663.6469003224079,-427.06882735924444,0.6545007503553566,0.6636469003224079,-0.42706882735924445,"{""solution_info"": {""status"": ""ok"", ""objective"": 1.3898947992808785e-25, ""roots_found"": 1, ""variant"": ""II"", ""grid_size"": 97, ""strategy"": ""CW_profile_Brent"", ""paper_domain"": false}}"
2.0,1000.0,1000.0,10,96,mmle_iii,mmle_iii,1.0000000000000904,750.0554032613046,1313.2379215649241,nan,True,1.1399970389902592e-05,success,-0.9999999999999096,-249.9445967386954,313.23792156492414,-0.4999999999999548,-0.2499445967386954,0.31323792156492414,"{""solution_info"": {""status"": ""ok"", ""objective"": 4.5712821940100135e-28, ""roots_found"": 3, ""variant"": ""III"", ""grid_size"": 97, ""strategy"": ""CW_profile_Brent"", ""paper_domain"": false}}"
2.0,1000.0,1000.0,10,96,mmle_iv,mmle_iv,1.6757873649442487,954.1466137146655,1204.374430005966,nan,True,9.800016414374113e-06,success,-0.32421263505575126,-45.85338628533452,204.3744300059659,-0.16210631752787563,-0.04585338628533452,0.20437443000596592,"{""solution_info"": {""status"": ""ok"", ""objective"": 2.2803010541544873e-30, ""roots_found"": 1, ""variant"": ""IV"", ""grid_size"": 97, ""strategy"": ""CW_profile_Brent"", ""paper_domain"": false}}"
2.0,1000.0,1000.0,10,96,mmle_v,mmle_v,2.9001142571542355,1473.9936342071348,751.2715877923442,nan,True,9.800016414374113e-06,success,0.9001142571542355,473.99363420713485,-248.72841220765577,0.45005712857711777,0.47399363420713486,-0.24872841220765576,"{""solution_info"": {""status"": ""ok"", ""objective"": 1.7200404825979855e-30, ""roots_found"": 1, ""variant"": ""V"", ""grid_size"": 97, ""strategy"": ""CW_profile_Brent"", ""paper_domain"": false}}"
2.0,1000.0,1000.0,10,96,wmle_checked,wmle_checked,1.938779426829906,1139.7855629453093,1051.8783761046466,0.8859853808577473,True,0.12696179997874424,success,-0.061220573170094106,139.78556294530927,51.87837610464658,-0.030610286585047053,0.13978556294530928,0.05187837610464658,"{""solution_info"": {""status"": ""ok"", ""objective"": 1.2304559302741465e-21, ""strategy"": ""deterministic_multistart_equation_minimization"", ""start_count"": 5, ""selected_start"": 1, ""location_at_zero_boundary"": false, ""production_status"": ""ok"", ""recovered"": false}}"
2.0,1000.0,1000.0,10,96,mme_i,mme_i,,,,,False,0.031037600012496114,failure,nan,nan,nan,nan,nan,nan,"{""solution_info"": {""status"": ""no_root_in_declared_shape_domain"", ""variant"": ""I""}}"
2.0,1000.0,1000.0,10,96,mme_ii,mme_ii,2.634738635112201,1441.0422696970334,782.825693528246,nan,True,1.2699980288743973e-05,success,0.6347386351122011,441.04226969703336,-217.174306471754,0.31736931755610054,0.44104226969703336,-0.21717430647175398,"{""solution_info"": {""status"": ""ok"", ""variant"": ""II"", ""roots_found"": 1, ""candidate_estimates"": [[2.634738635112201, 1.4410422696970333, 0.782825693528246]], ""sample_moment_shape_initializer"": 2.994140722740023, ""criterion_residual"": 1.1324274851176597e-14, ""strategy"": ""CW_moment_Brent_valid_support_then_sample_skew_initializer""}}"
2.0,1000.0,1000.0,10,96,mme_iii,mme_iii,2.9951589530537825,1608.5348996384887,627.0065613165154,nan,True,1.0400020983070135e-05,success,0.9951589530537825,608.5348996384887,-372.99343868348456,0.4975794765268913,0.6085348996384887,-0.37299343868348456,"{""solution_info"": {""status"": ""ok"", ""variant"": ""III"", ""roots_found"": 2, ""candidate_estimates"": [[0.15562555111127319, 8.037858393077555e-06, 2.050273359257351], [2.9951589530537825, 1.6085348996384887, 0.6270065613165154]], ""sample_moment_shape_initializer"": 2.994140722740023, ""criterion_residual"": -4.90059381963448e-14, ""strategy"": ""CW_moment_Brent_valid_support_then_sample_skew_initializer""}}"
2.0,1000.0,1000.0,10,96,mmle_i_paper,mmle_i_paper,5.893656360768476,2901.716350257428,-630.1647814536035,0.0,True,0.05564189999131486,success,3.8936563607684764,1901.716350257428,-1630.1647814536036,1.9468281803842382,1.9017163502574281,-1.6301647814536036,"{""solution_info"": {""status"": ""ok"", ""objective"": 1.333667967889273e-28, ""roots_found"": 1, ""grid_size"": 97, ""strategy"": ""cw_i_profile_brent"", ""paper_domain"": true, ""raw_min_gap"": 1947.3386324978235}}"
2.0,1000.0,1000.0,10,96,mmle_ii_paper,mmle_ii_paper,3.309001500710715,1663.6469003224083,572.9311726407551,nan,True,0.13333559996681288,success,1.309001500710715,663.6469003224083,-427.0688273592449,0.6545007503553575,0.6636469003224084,-0.4270688273592449,"{""solution_info"": {""status"": ""ok"", ""objective"": 1.3857590419108617e-25, ""roots_found"": 1, ""variant"": ""II"", ""grid_size"": 97, ""strategy"": ""CW_profile_Brent"", ""paper_domain"": true}}"
2.0,1000.0,1000.0,10,96,mmle_iii_paper,mmle_iii_paper,0.9999999999999966,750.0554032612818,1313.237921564928,nan,True,1.1500029359012842e-05,success,-1.0000000000000036,-249.94459673871825,313.237921564928,-0.5000000000000018,-0.24994459673871824,0.313237921564928,"{""solution_info"": {""status"": ""ok"", ""objective"": 6.28567606372264e-29, ""roots_found"": 3, ""variant"": ""III"", ""grid_size"": 97, ""strategy"": ""CW_profile_Brent"", ""paper_domain"": true}}"
2.0,1000.0,1000.0,10,96,mmle_iv_paper,mmle_iv_paper,1.6757873649442498,954.1466137146664,1204.3744300059652,nan,True,9.600014891475439e-06,success,-0.32421263505575015,-45.85338628533361,204.37443000596522,-0.16210631752787508,-0.045853386285333614,0.20437443000596522,"{""solution_info"": {""status"": ""ok"", ""objective"": 2.5268200870360534e-30, ""roots_found"": 2, ""variant"": ""IV"", ""grid_size"": 97, ""strategy"": ""CW_profile_Brent"", ""paper_domain"": true}}"
2.0,1000.0,1000.0,10,96,mmle_v_paper,mmle_v_paper,2.9001142571542426,1473.9936342071383,751.2715877923409,nan,True,9.700015652924776e-06,success,0.9001142571542426,473.99363420713826,-248.72841220765906,0.4500571285771213,0.47399363420713825,-0.24872841220765907,"{""solution_info"": {""status"": ""ok"", ""objective"": 1.9542335638354733e-30, ""roots_found"": 1, ""variant"": ""V"", ""grid_size"": 97, ""strategy"": ""CW_profile_Brent"", ""paper_domain"": true}}"
2.0,1000.0,1000.0,10,97,mle_local,mle_local,,,,,False,4.253239499987103,failure,nan,nan,nan,nan,nan,nan,"{""solution_info"": {""status"": ""unbounded""}}"
2.0,1000.0,1000.0,10,97,mmle_i,mmle_i,5.634412783699881,1952.657663545455,100.41223679054134,0.0,True,0.05477470002369955,success,3.634412783699881,952.6576635454551,-899.5877632094587,1.8172063918499406,0.9526576635454551,-0.8995877632094587,"{""solution_info"": {""status"": ""ok"", ""objective"": 9.860761315262648e-31, ""roots_found"": 1, ""grid_size"": 97, ""strategy"": ""cw_i_profile_brent"", ""paper_domain"": false, ""raw_min_gap"": 1286.5982327896454}}"
2.0,1000.0,1000.0,10,97,mmle_ii,mmle_ii,2.3494879269109568,928.6548362691666,1078.1628076496356,nan,True,0.11089329997776076,success,0.34948792691095676,-71.3451637308334,78.16280764963562,0.17474396345547838,-0.07134516373083341,0.07816280764963562,"{""solution_info"": {""status"": ""ok"", ""objective"": 2.257917125968841e-27, ""roots_found"": 1, ""variant"": ""II"", ""grid_size"": 97, ""strategy"": ""CW_profile_Brent"", ""paper_domain"": false}}"
2.0,1000.0,1000.0,10,97,mmle_iii,mmle_iii,0.9999999999999958,522.4340056862942,1375.214219888567,nan,True,1.0100018698722124e-05,success,-1.0000000000000042,-477.5659943137058,375.21421988856696,-0.5000000000000021,-0.4775659943137058,0.37521421988856696,"{""solution_info"": {""status"": ""ok"", ""objective"": 4.930380657631324e-32, ""roots_found"": 2, ""variant"": ""III"", ""grid_size"": 97, ""strategy"": ""CW_profile_Brent"", ""paper_domain"": false}}"
2.0,1000.0,1000.0,10,97,mmle_iv,mmle_iv,1.5655454909520732,688.7184121104606,1277.0095617109596,nan,True,9.700015652924776e-06,success,-0.4344545090479268,-311.2815878895394,277.0095617109596,-0.2172272545239634,-0.3112815878895394,0.2770095617109596,"{""solution_info"": {""status"": ""ok"", ""objective"": 6.58729670738655e-27, ""roots_found"": 1, ""variant"": ""IV"", ""grid_size"": 97, ""strategy"": ""CW_profile_Brent"", ""paper_domain"": false}}"
2.0,1000.0,1000.0,10,97,mmle_v,mmle_v,,,,,False,9.800016414374113e-06,failure,nan,nan,nan,nan,nan,nan,"{""solution_info"": {""status"": ""no_root_in_declared_location_domain"", ""variant"": ""V"", ""grid_size"": 97}}"
2.0,1000.0,1000.0,10,97,wmle_checked,wmle_checked,1.4012854207651477,688.305989509525,1275.7010634468702,0.8677056666075258,True,0.12137399998027831,success,-0.5987145792348523,-311.69401049047497,275.7010634468702,-0.29935728961742614,-0.31169401049047496,0.2757010634468702,"{""solution_info"": {""status"": ""ok"", ""objective"": 2.2446764334127148e-21, ""strategy"": ""deterministic_multistart_equation_minimization"", ""start_count"": 5, ""selected_start"": 3, ""location_at_zero_boundary"": false, ""production_status"": ""ok"", ""recovered"": false}}"
2.0,1000.0,1000.0,10,97,mme_i,mme_i,2.114864004676654,917.4501030683507,1085.102236579006,nan,True,0.026935899979434907,success,0.11486400467665403,-82.5498969316493,85.1022365790061,0.057432002338327015,-0.0825498969316493,0.0851022365790061,"{""solution_info"": {""status"": ""ok"", ""variant"": ""I"", ""roots_found"": 1, ""candidate_estimates"": [[2.114864004676654, 0.9174501030683507, 1.0851022365790062]], ""sample_moment_shape_initializer"": 4.272184934917895, ""criterion_residual"": -4.440892098500626e-15, ""strategy"": ""CW_moment_Brent_valid_support_then_sample_skew_initializer""}}"
2.0,1000.0,1000.0,10,97,mme_ii,mme_ii,1.8305223018401027,802.872853338225,1184.213099709623,nan,True,1.7300015315413475e-05,success,-0.16947769815989733,-197.127146661775,184.21309970962307,-0.08473884907994866,-0.197127146661775,0.18421309970962307,"{""solution_info"": {""status"": ""ok"", ""variant"": ""II"", ""roots_found"": 1, ""candidate_estimates"": [[1.8305223018401027, 0.802872853338225, 1.184213099709623]], ""sample_moment_shape_initializer"": 4.272184934917895, ""criterion_residual"": -2.220446049250313e-16, ""strategy"": ""CW_moment_Brent_valid_support_then_sample_skew_initializer""}}"
2.0,1000.0,1000.0,10,97,mme_iii,mme_iii,,,,,False,9.500014130026102e-06,failure,nan,nan,nan,nan,nan,nan,"{""solution_info"": {""status"": ""no_root_in_declared_shape_domain"", ""variant"": ""III""}}"
2.0,1000.0,1000.0,10,97,mmle_i_paper,mmle_i_paper,5.634412783699998,1952.6576635454926,100.4122367905047,0.0,True,0.06172469997545704,success,3.6344127836999984,952.6576635454926,-899.5877632094953,1.8172063918499992,0.9526576635454926,-0.8995877632094953,"{""solution_info"": {""status"": ""ok"", ""objective"": 1.262177448353619e-29, ""roots_found"": 1, ""grid_size"": 97, ""strategy"": ""cw_i_profile_brent"", ""paper_domain"": true, ""raw_min_gap"": 1286.598232789682}}"
2.0,1000.0,1000.0,10,97,mmle_ii_paper,mmle_ii_paper,2.3494879269105904,928.6548362690536,1078.1628076497361,nan,True,0.10592709999764338,success,0.3494879269105904,-71.34516373094641,78.16280764973612,0.1747439634552952,-0.0713451637309464,0.07816280764973613,"{""solution_info"": {""status"": ""ok"", ""objective"": 6.409494854920721e-31, ""roots_found"": 1, ""variant"": ""II"", ""grid_size"": 97, ""strategy"": ""CW_profile_Brent"", ""paper_domain"": true}}"
2.0,1000.0,1000.0,10,97,mmle_iii_paper,mmle_iii_paper,0.9999999999999991,522.4340056862953,1375.2142198885667,nan,True,1.0700023267418146e-05,success,-1.0000000000000009,-477.56599431370466,375.21421988856673,-0.5000000000000004,-0.47756599431370467,0.37521421988856674,"{""solution_info"": {""status"": ""ok"", ""objective"": 0.0, ""roots_found"": 2, ""variant"": ""III"", ""grid_size"": 97, ""strategy"": ""CW_profile_Brent"", ""paper_domain"": true}}"
2.0,1000.0,1000.0,10,97,mmle_iv_paper,mmle_iv_paper,1.565545490952074,688.7184121104605,1277.0095617109598,nan,True,9.599956683814526e-06,success,-0.43445450904792593,-311.28158788953954,277.0095617109598,-0.21722725452396296,-0.3112815878895395,0.2770095617109598,"{""solution_info"": {""status"": ""ok"", ""objective"": 6.604590017543192e-27, ""roots_found"": 1, ""variant"": ""IV"", ""grid_size"": 97, ""strategy"": ""CW_profile_Brent"", ""paper_domain"": true}}"
2.0,1000.0,1000.0,10,97,mmle_v_paper,mmle_v_paper,,,,,False,8.800008799880743e-06,failure,nan,nan,nan,nan,nan,nan,"{""solution_info"": {""status"": ""no_root_in_declared_location_domain"", ""variant"": ""V"", ""grid_size"": 97}}"
2.0,1000.0,1000.0,10,98,mle_local,mle_local,2.2258259194484573,880.4215793160926,1094.0825967159938,0.8694280352971593,True,0.10369490005541593,success,0.2258259194484573,-119.57842068390744,94.08259671599376,0.11291295972422866,-0.11957842068390744,0.09408259671599375,"{""solution_info"": {""status"": ""ok"", ""strategy"": ""deterministic_multistart_likelihood"", ""start_count"": 5, ""selected_start"": 0, ""log_likelihood"": -4.065177215959747, ""location_at_zero_boundary"": false}}"
2.0,1000.0,1000.0,10,98,mmle_i,mmle_i,,,,,False,0.046800200012512505,failure,nan,nan,nan,nan,nan,nan,"{""raw_status"": ""no_root_in_declared_location_domain"", ""solution_info"": {""status"": ""no_root_in_declared_location_domain"", ""location_lower"": 0.0, ""endpoint_constraint_residuals"": [6.392618764096767, 0.22289840956162532], ""grid_size"": 97}}"
2.0,1000.0,1000.0,10,98,mmle_ii,mmle_ii,4.302652717326454,1575.53256835673,441.71292078583116,nan,True,0.11669360002269968,success,2.3026527173264544,575.53256835673,-558.2870792141689,1.1513263586632272,0.5755325683567301,-0.5582870792141689,"{""solution_info"": {""status"": ""ok"", ""objective"": 5.061343893849656e-31, ""roots_found"": 1, ""variant"": ""II"", ""grid_size"": 97, ""strategy"": ""CW_profile_Brent"", ""paper_domain"": false}}"
2.0,1000.0,1000.0,10,98,mmle_iii,mmle_iii,0.9999999999999962,592.9792326397546,1280.8413411933202,nan,True,1.0600022505968809e-05,success,-1.0000000000000038,-407.0207673602454,280.8413411933202,-0.5000000000000019,-0.4070207673602454,0.2808413411933202,"{""solution_info"": {""status"": ""ok"", ""objective"": 1.874777245064311e-27, ""roots_found"": 2, ""variant"": ""III"", ""grid_size"": 97, ""strategy"": ""CW_profile_Brent"", ""paper_domain"": false}}"
2.0,1000.0,1000.0,10,98,mmle_iv,mmle_iv,1.7071879148234885,729.9906262955429,1217.218676250791,nan,True,9.800016414374113e-06,success,-0.29281208517651147,-270.00937370445706,217.21867625079108,-0.14640604258825574,-0.27000937370445705,0.21721867625079108,"{""solution_info"": {""status"": ""ok"", ""objective"": 1.232595164407831e-30, ""roots_found"": 1, ""variant"": ""IV"", ""grid_size"": 97, ""strategy"": ""CW_profile_Brent"", ""paper_domain"": false}}"
2.0,1000.0,1000.0,10,98,mmle_v,mmle_v,1.5930315884989226,701.3132439733197,1237.5520151442431,nan,True,9.100011084228754e-06,success,-0.40696841150107743,-298.6867560266803,237.55201514424311,-0.20348420575053872,-0.2986867560266803,0.23755201514424312,"{""solution_info"": {""status"": ""ok"", ""objective"": 1.0505429260981415e-28, ""roots_found"": 1, ""variant"": ""V"", ""grid_size"": 97, ""strategy"": ""CW_profile_Brent"", ""paper_domain"": false}}"
2.0,1000.0,1000.0,10,98,wmle_checked,wmle_checked,2.01684990157791,883.2126571609413,1090.5209650153447,0.9328753655351575,True,0.1246592000243254,success,0.01684990157791022,-116.78734283905874,90.5209650153447,0.00842495078895511,-0.11678734283905874,0.0905209650153447,"{""solution_info"": {""status"": ""ok"", ""objective"": 1.4743554213541726e-21, ""strategy"": ""deterministic_multistart_equation_minimization"", ""start_count"": 5, ""selected_start"": 3, ""location_at_zero_boundary"": false, ""production_status"": ""ok"", ""recovered"": false}}"
2.0,1000.0,1000.0,10,98,mme_i,mme_i,,,,,False,0.030457700020633638,failure,nan,nan,nan,nan,nan,nan,"{""solution_info"": {""status"": ""no_root_in_declared_shape_domain"", ""variant"": ""I""}}"
2.0,1000.0,1000.0,10,98,mme_ii,mme_ii,3.329830949799839,1322.3001963420543,687.158183543692,nan,True,1.1499971151351929e-05,success,1.329830949799839,322.3001963420543,-312.84181645630804,0.6649154748999195,0.32230019634205426,-0.31284181645630804,"{""solution_info"": {""status"": ""ok"", ""variant"": ""II"", ""roots_found"": 1, ""candidate_estimates"": [[3.329830949799839, 1.3223001963420542, 0.687158183543692]], ""sample_moment_shape_initializer"": 3.258121748171627, ""criterion_residual"": 5.551115123125783e-15, ""strategy"": ""CW_moment_Brent_valid_support_then_sample_skew_initializer""}}"
2.0,1000.0,1000.0,10,98,mme_iii,mme_iii,1.4671200407868195,626.0277149873532,1307.0888589740741,nan,False,9.700015652924776e-06,failure,nan,nan,nan,nan,nan,nan,"{""solution_info"": {""status"": ""location_outside_effective_support"", ""variant"": ""III"", ""roots_found"": 2, ""candidate_estimates"": [[0.31945297433600867, 0.011688268769032936, 1.7910176113356526], [1.4671200407868195, 0.6260277149873532, 1.3070888589740741]], ""sample_moment_shape_initializer"": 3.258121748171627, ""criterion_residual"": -2.275957200481571e-15, ""strategy"": ""CW_moment_Brent_valid_support_then_sample_skew_initializer""}}"
2.0,1000.0,1000.0,10,98,mmle_i_paper,mmle_i_paper,,,,,False,0.061462300014682114,failure,nan,nan,nan,nan,nan,nan,"{""raw_status"": ""no_root_in_declared_location_domain"", ""solution_info"": {""status"": ""no_root_in_declared_location_domain"", ""location_lower"": -2053.630003853261, ""endpoint_constraint_residuals"": [6.392618764096767, 0.027610771139833012], ""grid_size"": 97}}"
2.0,1000.0,1000.0,10,98,mmle_ii_paper,mmle_ii_paper,4.302652717326443,1575.532568356726,441.71292078583457,nan,True,0.11638080002740026,success,2.302652717326443,575.532568356726,-558.2870792141655,1.1513263586632214,0.575532568356726,-0.5582870792141655,"{""solution_info"": {""status"": ""ok"", ""objective"": 4.629935586306915e-31, ""roots_found"": 1, ""variant"": ""II"", ""grid_size"": 97, ""strategy"": ""CW_profile_Brent"", ""paper_domain"": true}}"
2.0,1000.0,1000.0,10,98,mmle_iii_paper,mmle_iii_paper,1.000000000000001,592.9792326397555,1280.84134119332,nan,True,1.1199968867003918e-05,success,-0.9999999999999989,-407.02076736024446,280.84134119332,-0.49999999999999944,-0.40702076736024445,0.28084134119332,"{""solution_info"": {""status"": ""ok"", ""objective"": 1.9147099831542253e-27, ""roots_found"": 3, ""variant"": ""III"", ""grid_size"": 97, ""strategy"": ""CW_profile_Brent"", ""paper_domain"": true}}"
2.0,1000.0,1000.0,10,98,mmle_iv_paper,mmle_iv_paper,1.7071879148235916,729.9906262955699,1217.218676250771,nan,True,9.200011845678091e-06,success,-0.29281208517640844,-270.0093737044301,217.21867625077107,-0.14640604258820422,-0.2700093737044301,0.21721867625077107,"{""solution_info"": {""status"": ""ok"", ""objective"": 1.995078533110515e-27, ""roots_found"": 2, ""variant"": ""IV"", ""grid_size"": 97, ""strategy"": ""CW_profile_Brent"", ""paper_domain"": true}}"
2.0,1000.0,1000.0,10,98,mmle_v_paper,mmle_v_paper,1.5930315884989605,701.3132439733288,1237.552015144237,nan,True,9.90001717582345e-06,success,-0.40696841150103946,-298.6867560266712,237.55201514423698,-0.20348420575051973,-0.2986867560266712,0.237552015144237,"{""solution_info"": {""status"": ""ok"", ""objective"": 4.930380657631324e-30, ""roots_found"": 1, ""variant"": ""V"", ""grid_size"": 97, ""strategy"": ""CW_profile_Brent"", ""paper_domain"": true}}"
2.0,1000.0,1000.0,10,99,mle_local,mle_local,2.2000557810440897,920.9943856030031,1062.0548513380013,0.8526800922523198,True,0.08746339997742325,success,0.20005578104408972,-79.00561439699686,62.0548513380013,0.10002789052204486,-0.07900561439699687,0.0620548513380013,"{""solution_info"": {""status"": ""ok"", ""strategy"": ""deterministic_multistart_likelihood"", ""start_count"": 5, ""selected_start"": 1, ""log_likelihood"": -4.54364474268502, ""location_at_zero_boundary"": false}}"
2.0,1000.0,1000.0,10,99,mmle_i,mmle_i,,,,,False,0.06570489995647222,failure,nan,nan,nan,nan,nan,nan,"{""raw_status"": ""no_root_in_declared_location_domain"", ""solution_info"": {""status"": ""no_root_in_declared_location_domain"", ""location_lower"": 0.0, ""endpoint_constraint_residuals"": [6.761759366291127, 0.27778429847082986], ""grid_size"": 97}}"
2.0,1000.0,1000.0,10,99,mmle_ii,mmle_ii,4.518436267662046,1776.414612291682,256.21116595445636,nan,True,0.1186963000218384,success,2.5184362676620458,776.414612291682,-743.7888340455436,1.2592181338310229,0.7764146122916821,-0.7437888340455436,"{""solution_info"": {""status"": ""ok"", ""objective"": 4.627046691390334e-32, ""roots_found"": 1, ""variant"": ""II"", ""grid_size"": 97, ""strategy"": ""CW_profile_Brent"", ""paper_domain"": false}}"
2.0,1000.0,1000.0,10,99,mmle_iii,mmle_iii,0.9999999999999977,647.9293165609281,1230.0065985277975,nan,True,1.2499978765845299e-05,success,-1.0000000000000022,-352.0706834390719,230.00659852779745,-0.5000000000000011,-0.3520706834390719,0.23000659852779745,"{""solution_info"": {""status"": ""ok"", ""objective"": 1.2975521774730018e-26, ""roots_found"": 3, ""variant"": ""III"", ""grid_size"": 97, ""strategy"": ""CW_profile_Brent"", ""paper_domain"": false}}"
2.0,1000.0,1000.0,10,99,mmle_iv,mmle_iv,1.7263967791301273,777.0579979300867,1178.5670988250452,nan,True,1.0299962013959885e-05,success,-0.27360322086987265,-222.94200206991331,178.56709882504515,-0.13680161043493633,-0.22294200206991333,0.17856709882504515,"{""solution_info"": {""status"": ""ok"", ""objective"": 1.787262988391355e-30, ""roots_found"": 2, ""variant"": ""IV"", ""grid_size"": 97, ""strategy"": ""CW_profile_Brent"", ""paper_domain"": false}}"
2.0,1000.0,1000.0,10,99,mmle_v,mmle_v,1.880105217520199,819.7513324717368,1146.3427029536083,nan,True,9.899958968162537e-06,success,-0.1198947824798009,-180.24866752826324,146.3427029536083,-0.05994739123990045,-0.18024866752826324,0.1463427029536083,"{""solution_info"": {""status"": ""ok"", ""objective"": 4.437342591868191e-31, ""roots_found"": 1, ""variant"": ""V"", ""grid_size"": 97, ""strategy"": ""CW_profile_Brent"", ""paper_domain"": false}}"
2.0,1000.0,1000.0,10,99,wmle_checked,wmle_checked,2.0131685566336506,928.8783588798897,1054.102182681764,0.915459226946344,True,0.125069200003054,success,0.013168556633650574,-71.12164112011033,54.10218268176391,0.006584278316825287,-0.07112164112011032,0.05410218268176391,"{""solution_info"": {""status"": ""ok"", ""objective"": 2.034592929387714e-21, ""strategy"": ""deterministic_multistart_equation_minimization"", ""start_count"": 5, ""selected_start"": 3, ""location_at_zero_boundary"": false, ""production_status"": ""ok"", ""recovered"": false}}"
2.0,1000.0,1000.0,10,99,mme_i,mme_i,,,,,False,0.04014590004226193,failure,nan,nan,nan,nan,nan,nan,"{""solution_info"": {""status"": ""no_root_in_declared_shape_domain"", ""variant"": ""I""}}"
2.0,1000.0,1000.0,10,99,mme_ii,mme_ii,4.096353243821535,1659.423549148458,371.7859288560956,nan,True,1.1399970389902592e-05,success,2.096353243821535,659.423549148458,-628.2140711439044,1.0481766219107675,0.659423549148458,-0.6282140711439045,"{""solution_info"": {""status"": ""ok"", ""variant"": ""II"", ""roots_found"": 1, ""candidate_estimates"": [[4.096353243821535, 1.6594235491484581, 0.3717859288560956]], ""sample_moment_shape_initializer"": 2.8534235717963483, ""criterion_residual"": -2.3314683517128287e-14, ""strategy"": ""CW_moment_Brent_valid_support_then_sample_skew_initializer""}}"
2.0,1000.0,1000.0,10,99,mme_iii,mme_iii,1.8395213020378434,825.7758764604698,1144.3014491444576,nan,True,9.600014891475439e-06,success,-0.16047869796215664,-174.22412353953018,144.3014491444576,-0.08023934898107832,-0.17422412353953018,0.14430144914445758,"{""solution_info"": {""status"": ""ok"", ""variant"": ""III"", ""roots_found"": 2, ""candidate_estimates"": [[0.2655675987487057, 0.0034127231010574284, 1.8200426414641013], [1.8395213020378434, 0.8257758764604698, 1.1443014491444576]], ""sample_moment_shape_initializer"": 2.8534235717963483, ""criterion_residual"": 1.0241807402167069e-14, ""strategy"": ""CW_moment_Brent_valid_support_then_sample_skew_initializer""}}"
2.0,1000.0,1000.0,10,99,mmle_i_paper,mmle_i_paper,,,,,False,0.07509309996385127,failure,nan,nan,nan,nan,nan,nan,"{""raw_status"": ""no_root_in_declared_location_domain"", ""solution_info"": {""status"": ""no_root_in_declared_location_domain"", ""location_lower"": -2257.4544559401083, ""endpoint_constraint_residuals"": [6.761759366291127, 0.017676065635694016], ""grid_size"": 97}}"
2.0,1000.0,1000.0,10,99,mmle_ii_paper,mmle_ii_paper,4.518436267662061,1776.414612291688,256.2111659544505,nan,True,0.1565654999576509,success,2.518436267662061,776.414612291688,-743.7888340455495,1.2592181338310304,0.776414612291688,-0.7437888340455495,"{""solution_info"": {""status"": ""ok"", ""objective"": 5.658502547231223e-31, ""roots_found"": 1, ""variant"": ""II"", ""grid_size"": 97, ""strategy"": ""CW_profile_Brent"", ""paper_domain"": true}}"
2.0,1000.0,1000.0,10,99,mmle_iii_paper,mmle_iii_paper,0.9999999999999993,647.9293165609284,1230.0065985277975,nan,True,1.0999967344105244e-05,success,-1.0000000000000007,-352.07068343907156,230.00659852779745,-0.5000000000000003,-0.35207068343907155,0.23000659852779745,"{""solution_info"": {""status"": ""ok"", ""objective"": 1.2975521774730018e-26, ""roots_found"": 3, ""variant"": ""III"", ""grid_size"": 97, ""strategy"": ""CW_profile_Brent"", ""paper_domain"": true}}"
2.0,1000.0,1000.0,10,99,mmle_iv_paper,mmle_iv_paper,1.7263967791301242,777.0579979300859,1178.5670988250456,nan,True,9.400013368576765e-06,success,-0.27360322086987576,-222.9420020699141,178.5670988250456,-0.13680161043493788,-0.2229420020699141,0.1785670988250456,"{""solution_info"": {""status"": ""ok"", ""objective"": 5.2385294487332815e-30, ""roots_found"": 2, ""variant"": ""IV"", ""grid_size"": 97, ""strategy"": ""CW_profile_Brent"", ""paper_domain"": true}}"
2.0,1000.0,1000.0,10,99,mmle_v_paper,mmle_v_paper,1.8801052175201927,819.7513324717346,1146.3427029536101,nan,True,9.400013368576765e-06,success,-0.11989478247980734,-180.2486675282654,146.34270295361011,-0.05994739123990367,-0.1802486675282654,0.14634270295361013,"{""solution_info"": {""status"": ""ok"", ""objective"": 2.9281444297060615e-30, ""roots_found"": 1, ""variant"": ""V"", ""grid_size"": 97, ""strategy"": ""CW_profile_Brent"", ""paper_domain"": true}}"
