budget_policy,domain_id,domain_label,train_beta_min,train_beta_max,n_train_per_n,n,beta,n_total,n_valid,failure_rate,J1,beta_bias,beta_sd,beta_rmse,eta_bias,eta_sd,eta_rmse,gamma_bias,gamma_sd,gamma_rmse,x095_bias,x095_sd,x095_rmse
fixed_density,medium_1.5_3.5,"[1.5, 3.5]",1.5,3.5,7500,7,0.75,1500,1500,0.0,1.4300139796889835,1.0791934897100275,0.39643739300946845,1.1496592624502273,0.47391969457084404,0.6583058113632495,0.8109731852220712,-0.20991988160492966,0.14660841680470904,0.2560196383465384,0.05844541762625743,0.5401862779304428,0.543159780877239
fixed_density,medium_1.5_3.5,"[1.5, 3.5]",1.5,3.5,7500,7,1.0,1500,1500,0.0,0.9270925912393054,0.7320004904022696,0.2633795258968019,0.7779121073495469,0.2106299772942329,0.4065864732215871,0.4577852544242401,-0.15011503113191862,0.14921933018925115,0.21162723549092377,0.13419531876979068,0.483725294982249,0.5018391686035667
fixed_density,medium_1.5_3.5,"[1.5, 3.5]",1.5,3.5,7500,7,1.25,1500,1500,0.0,0.6403919861667422,0.4728378164069501,0.2059437295480298,0.5157132392633377,0.11554575936390701,0.309400721608303,0.3301754228200004,-0.09865265087951161,0.15940682479860888,0.1874191584676825,0.1545541573725697,0.46268783243874817,0.4876723262886884
fixed_density,medium_1.5_3.5,"[1.5, 3.5]",1.5,3.5,7500,7,1.5,1500,1500,0.0,0.47567053006064486,0.2983495134434839,0.18338881466168366,0.35017348349556526,0.05412095253469817,0.2647454883364216,0.2701342709012632,-0.0637712930604219,0.16315461616715535,0.17512412829018992,0.12523667144826253,0.3801390293201197,0.40011694336382203
fixed_density,medium_1.5_3.5,"[1.5, 3.5]",1.5,3.5,7500,7,1.75,1500,1500,0.0,0.3666534212135823,0.16074123955105346,0.16455682704765232,0.22999704951915098,0.011309182208627505,0.23385029527110654,0.23404572393775125,-0.03740587749429861,0.15929973489977334,0.16358082897015708,0.0770090425138097,0.2977321578506739,0.30743411351935784
fixed_density,medium_1.5_3.5,"[1.5, 3.5]",1.5,3.5,7500,7,2.0,1500,1500,0.0,0.3206248605633166,0.06468287491771653,0.15272964438570735,0.16581516120555082,-0.024565459463285266,0.2141645198444502,0.21549785551401532,-0.007859115604810863,0.1697756105423202,0.16990087637938783,0.06497733904326286,0.2879876395113005,0.2951332645547765
fixed_density,medium_1.5_3.5,"[1.5, 3.5]",1.5,3.5,7500,7,2.25,1500,1500,0.0,0.3022250753547757,-0.02306225225221906,0.14013459189611543,0.14197351697507488,-0.04484680232716611,0.20521893359941423,0.20999516624479936,0.011179365858315084,0.16425149706048572,0.1645768720226116,0.02920262184763709,0.24245654828723778,0.2441286153067672
fixed_density,medium_1.5_3.5,"[1.5, 3.5]",1.5,3.5,7500,7,2.5,1500,1500,0.0,0.3080958527878647,-0.08796075173759092,0.12932202687233235,0.15636537667544598,-0.07037010133324492,0.19272628677198664,0.20511121493836926,0.030067006806924708,0.165881380848125,0.16852985785531782,0.007358529730591935,0.21436959855514973,0.2144244308094787
fixed_density,medium_1.5_3.5,"[1.5, 3.5]",1.5,3.5,7500,7,2.75,1500,1500,0.0,0.3292954239263981,-0.14567481327644644,0.11600368813895053,0.1861962288765767,-0.07972661915979684,0.19371062727858082,0.2094161527960505,0.049120362025616864,0.1658820367620562,0.17294888123115726,-0.005722269442386074,0.19459680688452188,0.19461607420523297
fixed_density,medium_1.5_3.5,"[1.5, 3.5]",1.5,3.5,7500,7,3.0,1500,1500,0.0,0.35152826594381364,-0.19583354422498583,0.10383871474532515,0.2216440105316643,-0.09095528604660581,0.18339788821300537,0.20465880452729748,0.06674151841298777,0.16770553926716578,0.18044619165380432,-0.015550605234869124,0.1831063498075967,0.18370466707772962
fixed_density,medium_1.5_3.5,"[1.5, 3.5]",1.5,3.5,7500,7,3.25,1500,1500,0.0,0.3783339370776978,-0.2372041234984283,0.09648543842055372,0.25606450308202805,-0.10411129562527079,0.18155160153154618,0.209232339532148,0.07815520490477386,0.16643195800093466,0.18381884098200973,-0.03227145842050712,0.1664933334424279,0.16953759786343603
fixed_density,medium_1.5_3.5,"[1.5, 3.5]",1.5,3.5,7500,7,3.5,1500,1500,0.0,0.4076527378503941,-0.28091189036644204,0.08543851096783818,0.2936092008314427,-0.11052622668435899,0.17918156375212002,0.21047725661429134,0.08731448813247851,0.16753688811795694,0.18887486945638213,-0.04922745840930344,0.15269441976631112,0.16038511391436844
fixed_density,medium_1.5_3.5,"[1.5, 3.5]",1.5,3.5,7500,7,3.75,1500,1500,0.0,0.4345967933982603,-0.31574463422280596,0.07794056905950263,0.32521586142787645,-0.1180819562018183,0.1749997199370867,0.21106357752390206,0.09691942836121435,0.17084280825799278,0.1963700143875999,-0.05902253673936144,0.14130504766902427,0.15309299438216192
fixed_density,medium_1.5_3.5,"[1.5, 3.5]",1.5,3.5,7500,7,4.0,1500,1500,0.0,0.4593326772846491,-0.3475035393202015,0.0704534368092716,0.3545688755006555,-0.12348555443538471,0.17511473397214336,0.21422746967101614,0.10646922150115866,0.167502303686055,0.19842885925700954,-0.07022539966417463,0.13157542041757295,0.14910451576623057
fixed_density,medium_1.5_3.5,"[1.5, 3.5]",1.5,3.5,7500,7,4.25,1500,1500,0.0,0.48451854802167044,-0.3760875669107108,0.062393750963726895,0.3812246618780529,-0.13170388460553561,0.1721652263840223,0.21671875280940958,0.11433288818762324,0.17148340381581723,0.20605572725291096,-0.07758240984303048,0.1255561925768463,0.147556356148365
fixed_density,medium_1.5_3.5,"[1.5, 3.5]",1.5,3.5,7500,7,4.5,1500,1500,0.0,0.5079074548648707,-0.40546217116964756,0.05777818167310085,0.4095554479939635,-0.13674461765345108,0.17273582138115762,0.22026543684704497,0.11803587852184744,0.1667438818048312,0.20424851298444,-0.0933205674707391,0.11105016786349085,0.14502636542728564
fixed_density,medium_1.5_3.5,"[1.5, 3.5]",1.5,3.5,7500,7,4.75,1500,1500,0.0,0.5290971855757798,-0.42833421121145737,0.05135093397231939,0.4313993010754163,-0.14117682271408186,0.17387658597755912,0.22392812919495844,0.12458455113721724,0.16790518799948478,0.20903269545958467,-0.09991456898823255,0.10613197637596979,0.1457374631816886
fixed_density,medium_1.5_3.5,"[1.5, 3.5]",1.5,3.5,7500,7,5.0,1500,1500,0.0,0.5497939862591946,-0.4505758517636411,0.045712022098612276,0.452887175903188,-0.14704491548914048,0.17338196477142487,0.2272960008639309,0.12915245485769866,0.16982942220495434,0.2133146999633973,-0.10860689820587013,0.10050805645724649,0.1479546997263174
fixed_density,medium_1.5_3.5,"[1.5, 3.5]",1.5,3.5,7500,7,5.25,1500,1500,0.0,0.5691294437135929,-0.4736361717044581,0.0410743822670784,0.4754126663109548,-0.14744613923987596,0.1735155303646306,0.22765748723673784,0.1332788185476943,0.1682819796082704,0.21462336526554368,-0.1169997637845571,0.09258751503880956,0.1491833693861682
fixed_density,medium_1.5_3.5,"[1.5, 3.5]",1.5,3.5,7500,7,5.5,1500,1500,0.0,0.5872774262463067,-0.49286848914064824,0.03728678440278658,0.494275960379784,-0.15361390605963024,0.17240073643797107,0.23086669613285954,0.1370173989659882,0.1689138023218694,0.21745486654896107,-0.12544586259646084,0.08511252630388573,0.15157828719282507
fixed_density,medium_1.5_3.5,"[1.5, 3.5]",1.5,3.5,7500,7,5.75,1500,1500,0.0,0.60388047930249,-0.5104185862303537,0.03421257114210131,0.5115631465031438,-0.15932228447308558,0.1720792951668259,0.23446776601262487,0.1403344309309928,0.16829966667802448,0.21908821767374234,-0.13308592271450528,0.08033555473126566,0.15543925387274435
fixed_density,medium_1.5_3.5,"[1.5, 3.5]",1.5,3.5,7500,10,0.75,1500,1500,0.0,1.3421788023617702,0.9474089694046048,0.35832880102758574,1.0128660746948395,0.5509604388048571,0.61927661815998,0.8287371512776751,-0.2572314492100616,0.15029313542331008,0.297894253609746,-0.10723552164436292,0.3997210494397497,0.4137267897086715
fixed_density,medium_1.5_3.5,"[1.5, 3.5]",1.5,3.5,7500,10,1.0,1500,1500,0.0,0.8395771934292177,0.6446188413245636,0.22542646072225364,0.6828738256258782,0.24283606931501006,0.3667740260565192,0.43977592092558465,-0.17326963410688523,0.1231181573090906,0.21253315359165434,0.017101858912027163,0.3459576368474404,0.3462648826360878
fixed_density,medium_1.5_3.5,"[1.5, 3.5]",1.5,3.5,7500,10,1.25,1500,1500,0.0,0.5649226069563962,0.41021108089543307,0.1860828675222402,0.4504185608064743,0.12650595134784573,0.26093541408913923,0.28990628576388294,-0.12242604116226302,0.13129498886386146,0.17948542393750283,0.046199173938545814,0.34953871098075134,0.3524630797776884
fixed_density,medium_1.5_3.5,"[1.5, 3.5]",1.5,3.5,7500,10,1.5,1500,1500,0.0,0.42019472174805916,0.25508729000342145,0.17212612020297358,0.307696563478666,0.06102337731007042,0.22994141547466437,0.23782695058757697,-0.07722174591714075,0.13919227301104597,0.15913758381527082,0.05713139025604731,0.2959554432509588,0.30132246358267695
fixed_density,medium_1.5_3.5,"[1.5, 3.5]",1.5,3.5,7500,10,1.75,1500,1500,0.0,0.33530123205445916,0.13514720171661124,0.1706968466641411,0.21767580171117853,0.014671242442127039,0.2051267863885055,0.20558256861062382,-0.04790023822327267,0.1431754251369788,0.150930345027407,0.03934799708106836,0.2640788823650216,0.26690715467126375
fixed_density,medium_1.5_3.5,"[1.5, 3.5]",1.5,3.5,7500,10,2.0,1500,1500,0.0,0.2975949603822596,0.046786500530646105,0.16359558576527738,0.1701018811477417,-0.01225037863717615,0.19089781638529346,0.19122696835582656,-0.01634207546594533,0.15102483002477646,0.15185636979843137,0.032291320014450446,0.23788923246894864,0.23999226810113006
fixed_density,medium_1.5_3.5,"[1.5, 3.5]",1.5,3.5,7500,10,2.25,1500,1500,0.0,0.2843448831628754,-0.028973940093813464,0.1489969385514755,0.15173917372849674,-0.041965832650372355,0.18328616640926795,0.18796955611972627,0.001130968140092127,0.15002802480138624,0.14998227131649727,0.004724866050848206,0.20939731102957648,0.20938081749857454
fixed_density,medium_1.5_3.5,"[1.5, 3.5]",1.5,3.5,7500,10,2.5,1500,1500,0.0,0.2907227210464289,-0.08508578896884816,0.13760296703924704,0.16174530896267172,-0.06210631762526133,0.1744430146095286,0.1851142164308278,0.026982887214063698,0.15289994057734527,0.15521237848963665,-0.0013762771097959644,0.1922387632083929,0.19217960104337012
fixed_density,medium_1.5_3.5,"[1.5, 3.5]",1.5,3.5,7500,10,2.75,1500,1500,0.0,0.31377828694001475,-0.13760931316413577,0.12896648530218455,0.1885672006592954,-0.078943907346159,0.17218338846247483,0.18936603450282075,0.0509656306547661,0.15639226116425045,0.16443761481851946,-0.006199490478340491,0.18250474332071961,0.18254919801484498
fixed_density,medium_1.5_3.5,"[1.5, 3.5]",1.5,3.5,7500,10,3.0,1500,1500,0.0,0.33220732499427985,-0.18184377784238373,0.11447486605421284,0.21485557513862208,-0.09250619471545646,0.1678763003516913,0.19162739882132032,0.06562609293164912,0.1522708184802611,0.16576407521740544,-0.020014933945496225,0.16175679856279407,0.1629368465209943
fixed_density,medium_1.5_3.5,"[1.5, 3.5]",1.5,3.5,7500,10,3.25,1500,1500,0.0,0.35814280969904344,-0.22482762072012535,0.10360865342269496,0.24753798819715314,-0.11156575776825318,0.16363568744016488,0.19800430656499335,0.07698935823575245,0.14789432598886568,0.16668986507927658,-0.03992010963011186,0.14353158046887093,0.1489335272362949
fixed_density,medium_1.5_3.5,"[1.5, 3.5]",1.5,3.5,7500,10,3.5,1500,1500,0.0,0.3860061203922539,-0.25899186487419484,0.09188962313882074,0.2747996720820108,-0.12109348833348721,0.16168833198339555,0.20196366225605722,0.09883387304100609,0.1514717982844258,0.18082185800400297,-0.03538797367018768,0.13824008729889245,0.14265304133595036
fixed_density,medium_1.5_3.5,"[1.5, 3.5]",1.5,3.5,7500,10,3.75,1500,1500,0.0,0.4126698749961529,-0.294352099636235,0.08022871691442983,0.30508279938400973,-0.12963279900237726,0.1603525120490641,0.2061563696458484,0.10649489005957055,0.15295390643370205,0.1863342762451418,-0.04995192126071047,0.12746774780750134,0.1368663185408749
fixed_density,medium_1.5_3.5,"[1.5, 3.5]",1.5,3.5,7500,10,4.0,1500,1500,0.0,0.4392623213712808,-0.3261311727400866,0.0730488120895221,0.33420669257394603,-0.14165530641461044,0.1581809221515735,0.21229872624531734,0.11528456536125971,0.1513646841828153,0.1902275596486643,-0.06211379421506966,0.12103360805496229,0.13600548379045255
fixed_density,medium_1.5_3.5,"[1.5, 3.5]",1.5,3.5,7500,10,4.25,1500,1500,0.0,0.46623477859311185,-0.3560996321286686,0.06430898564378905,0.36185609921571926,-0.14982838532765896,0.15650862209663594,0.21662678475807337,0.12629090033351248,0.1535388972773126,0.19876586315444336,-0.06760374367687894,0.11408852970067726,0.13258122531735766
fixed_density,medium_1.5_3.5,"[1.5, 3.5]",1.5,3.5,7500,10,4.5,1500,1500,0.0,0.48921702227240366,-0.38073315835643023,0.0566396154453253,0.3849203102104361,-0.15569317786862263,0.1578825089079311,0.22169942338553975,0.13821587845642494,0.1514287733464657,0.2049854027463867,-0.07167359186919443,0.10734847167145513,0.12904695145068557
fixed_density,medium_1.5_3.5,"[1.5, 3.5]",1.5,3.5,7500,10,4.75,1500,1500,0.0,0.5153770323649959,-0.4075695129388467,0.05334566687698194,0.4110435145800369,-0.16639700900168558,0.1560634874988698,0.22809546143430837,0.14495232887138962,0.15373273325608852,0.21125618354053188,-0.08159922269400158,0.10203848438267789,0.1306267361779963
fixed_density,medium_1.5_3.5,"[1.5, 3.5]",1.5,3.5,7500,10,5.0,1500,1500,0.0,0.5362150244673701,-0.42919749990055894,0.044950467750455185,0.4315433830360215,-0.17264645677917306,0.15536597226527427,0.23222681151432872,0.15300024447255917,0.15483693749361563,0.21764091765165952,-0.08565864138041877,0.09451991904348198,0.12753612009568732
fixed_density,medium_1.5_3.5,"[1.5, 3.5]",1.5,3.5,7500,10,5.25,1500,1500,0.0,0.5578682442190793,-0.4514052435795552,0.040406226020859186,0.4532088575814674,-0.17905057244124123,0.15533215106611767,0.23700442878054723,0.15863676449139255,0.15651938928037723,0.22281743660716055,-0.093410015672697,0.0894119520628421,0.12928495092190873
fixed_density,medium_1.5_3.5,"[1.5, 3.5]",1.5,3.5,7500,10,5.5,1500,1500,0.0,0.5773176720391369,-0.47245863145365075,0.03667053743347759,0.47387866618489266,-0.1835108665450871,0.15585208765395908,0.24072789227135422,0.16278560850717094,0.15589045176348718,0.2253548004061744,-0.1015356539389409,0.081675241195276,0.1302915454475027
fixed_density,medium_1.5_3.5,"[1.5, 3.5]",1.5,3.5,7500,10,5.75,1500,1500,0.0,0.5947432663610902,-0.4915687755130778,0.03488561098831191,0.4928042771488682,-0.18702766865492285,0.15571884056517807,0.24333421579778086,0.1672871009183141,0.15389207617072778,0.22727066842802043,-0.10938685428376933,0.0777162657339382,0.134168831344766
fixed_density,medium_1.5_3.5,"[1.5, 3.5]",1.5,3.5,7500,15,0.75,1500,1500,0.0,1.0182151378091857,0.6260592380416133,0.42654645951515274,0.7574765719638291,0.4498069681651049,0.4567019282799538,0.6409086587054732,-0.20332380235114106,0.10437478198111998,0.22853315073760405,-0.2161055776371937,0.3064993720466222,0.3749411391683174
fixed_density,medium_1.5_3.5,"[1.5, 3.5]",1.5,3.5,7500,15,1.0,1500,1500,0.0,0.670717127297888,0.4662314692477492,0.25610593426405653,0.5319006539280965,0.20430712714814733,0.30237080337143896,0.3648404485066465,-0.15549082315154034,0.09830387930211068,0.18394185585413572,-0.08338896416569479,0.2592931503630744,0.27228998367785273
fixed_density,medium_1.5_3.5,"[1.5, 3.5]",1.5,3.5,7500,15,1.25,1500,1500,0.0,0.4885735212329703,0.3113406416542926,0.21147422620399473,0.3763303459223725,0.11942489224524905,0.2405246861473633,0.2684694795521075,-0.11565837910026563,0.10786375978350661,0.1581255669932971,-0.019206408576763173,0.25447095937479325,0.2551101428457294
fixed_density,medium_1.5_3.5,"[1.5, 3.5]",1.5,3.5,7500,15,1.5,1500,1500,0.0,0.3773749594240045,0.19973770790221354,0.19351930321862276,0.27806457198962337,0.057783427978904824,0.20352994101372857,0.21150826259696273,-0.08001448778935856,0.1181659815724679,0.14267518585132774,0.012211988702548107,0.23609270506258667,0.23632972349717565
fixed_density,medium_1.5_3.5,"[1.5, 3.5]",1.5,3.5,7500,15,1.75,1500,1500,0.0,0.32165418311362676,0.1177079120280158,0.1893675752296637,0.2229155095172276,0.02665207801876114,0.18379441065652818,0.18565612942850268,-0.05936770849369727,0.12564987539108166,0.13893124463847734,0.002620370096964635,0.20192916170688496,0.20187884757000155
fixed_density,medium_1.5_3.5,"[1.5, 3.5]",1.5,3.5,7500,15,2.0,1500,1500,0.0,0.28354071414932686,0.04399295134849984,0.1790161886197363,0.1842845924806607,0.0010710454938992295,0.1696281866216308,0.16957501689182217,-0.02988607058448034,0.12960270017364475,0.13296179601932778,-0.00029019210983489074,0.1850972021435175,0.18503572034427446
fixed_density,medium_1.5_3.5,"[1.5, 3.5]",1.5,3.5,7500,15,2.25,1500,1500,0.0,0.2708595728475763,-0.018908168297436755,0.1649732511382275,0.1659986394635615,-0.02212561582674833,0.16699236292579728,0.16839655930294523,-0.0069571064495585,0.13196653930395041,0.13210586177133726,-0.0077728039954292755,0.1701120907980306,0.17023292230158749
fixed_density,medium_1.5_3.5,"[1.5, 3.5]",1.5,3.5,7500,15,2.5,1500,1500,0.0,0.2736868487741102,-0.06349834983346707,0.1551780871604492,0.16761928789330743,-0.05217753149708754,0.15941696124654195,0.16768816241620124,0.018099701562734837,0.13554923670229413,0.13670751882585286,-0.011253457354536943,0.1546723967757234,0.15502980872473404
fixed_density,medium_1.5_3.5,"[1.5, 3.5]",1.5,3.5,7500,15,2.75,1500,1500,0.0,0.28183985283816093,-0.10780605240019824,0.13837707113137498,0.17537842875660423,-0.07243515946411706,0.1503413458604166,0.16683615991404077,0.04175826131344978,0.13824179274284495,0.1443669114438539,-0.010398686728452958,0.15321408000070202,0.15351559299714274
fixed_density,medium_1.5_3.5,"[1.5, 3.5]",1.5,3.5,7500,15,3.0,1500,1500,0.0,0.2992118397395642,-0.15028180239825756,0.12274571167159065,0.19401310658306484,-0.08772934391006436,0.1502665553349157,0.17395810437193437,0.06040352500771555,0.13412167617615728,0.14705515100684563,-0.02080604737910072,0.1357107367623782,0.13725165722404653
fixed_density,medium_1.5_3.5,"[1.5, 3.5]",1.5,3.5,7500,15,3.25,1500,1500,0.0,0.32419650656219257,-0.185225005086518,0.1107271834693306,0.21577914170646503,-0.10421727928210417,0.14841076776242357,0.18130723496725357,0.07824322442159451,0.13986229737499023,0.16021992204491986,-0.021701911642674262,0.13472221871865234,0.1364146221437125
fixed_density,medium_1.5_3.5,"[1.5, 3.5]",1.5,3.5,7500,15,3.5,1500,1500,0.0,0.35310360746928504,-0.2231897928306995,0.09558999889010428,0.24278599605351106,-0.12293336722721282,0.14531488110703458,0.19030225915419816,0.10226621762199872,0.13811772620879584,0.17182016147395462,-0.020783151507851705,0.1236020852734879,0.12529656773789505
fixed_density,medium_1.5_3.5,"[1.5, 3.5]",1.5,3.5,7500,15,3.75,1500,1500,0.0,0.3815730480701486,-0.25776654817411465,0.08757395795141017,0.27222725556074046,-0.13685090838350725,0.14411404201170327,0.19870375518747863,0.11457076786257418,0.13745277254014163,0.17890536609561433,-0.03098901061004468,0.11321227657384304,0.1173405030921141
fixed_density,medium_1.5_3.5,"[1.5, 3.5]",1.5,3.5,7500,15,4.0,1500,1500,0.0,0.41159062862802825,-0.2876886645161618,0.07536423313953382,0.2973898936010518,-0.1490429017042267,0.1475288150605546,0.20967600718109114,0.1297982988910638,0.1420137868414672,0.19235921805560968,-0.03236104041372007,0.10897288030364219,0.11364158064973065
fixed_density,medium_1.5_3.5,"[1.5, 3.5]",1.5,3.5,7500,15,4.25,1500,1500,0.0,0.43840280360152195,-0.31831289349223907,0.06661483565071871,0.3252040530722538,-0.1604551542540833,0.1456552207761211,0.2166729245594598,0.1417574316688929,0.13931961947786614,0.19872640950287399,-0.04070295442342289,0.10003235483330083,0.10796541821781785
fixed_density,medium_1.5_3.5,"[1.5, 3.5]",1.5,3.5,7500,15,4.5,1500,1500,0.0,0.46431580157718016,-0.34689380834713074,0.058371761723068176,0.3517674023098967,-0.16953386159639375,0.1436565556660472,0.22218275827861492,0.15072694618755061,0.14063517833509973,0.20611569612747396,-0.04893564462505095,0.09518174406335073,0.10699636446257657
fixed_density,medium_1.5_3.5,"[1.5, 3.5]",1.5,3.5,7500,15,4.75,1500,1500,0.0,0.49019000221751874,-0.37142102057626775,0.052310117848862546,0.37508412219526427,-0.18057001660163238,0.1441003384377614,0.23099046552119687,0.1631431494252469,0.14013903745260814,0.2150384718819399,-0.05253187334435292,0.087502111666592,0.10203486095521046
fixed_density,medium_1.5_3.5,"[1.5, 3.5]",1.5,3.5,7500,15,5.0,1500,1500,0.0,0.5132831145840248,-0.3947231215802843,0.04543779169699917,0.39732802472152356,-0.18847966517562303,0.14388346077202244,0.23709329985245597,0.17078467042731071,0.14220703883659977,0.22220882892685176,-0.05907522754861631,0.08255155569805468,0.10148940183679792
fixed_density,medium_1.5_3.5,"[1.5, 3.5]",1.5,3.5,7500,15,5.25,1500,1500,0.0,0.5374546521233421,-0.41713213564082235,0.04099024021189062,0.4191399506652962,-0.19537059000075904,0.14635518967724534,0.24408037423837153,0.18117438644845343,0.1442001383677176,0.23152532422387895,-0.062312736456907505,0.0812166496414696,0.10234560994141653
fixed_density,medium_1.5_3.5,"[1.5, 3.5]",1.5,3.5,7500,15,5.5,1500,1500,0.0,0.5576415646119037,-0.43816459763081034,0.03610245918173074,0.43964842004822346,-0.2005330297225331,0.14623331569398135,0.24816007436090126,0.18733683796708894,0.1449443820281365,0.23683318776114276,-0.06810165780399743,0.07562863222481414,0.10175319494332433
fixed_density,medium_1.5_3.5,"[1.5, 3.5]",1.5,3.5,7500,15,5.75,1500,1500,0.0,0.5773787454739568,-0.45897045368909334,0.03351723097358569,0.46019184390338136,-0.20524987274266887,0.14698233977256792,0.2524220987296814,0.1929175796903995,0.14376840271167463,0.24056759258634372,-0.0753721326948891,0.0711423402957207,0.1036282626249853
fixed_density,medium_1.5_3.5,"[1.5, 3.5]",1.5,3.5,7500,20,0.75,1500,1461,0.026000000000000023,1.0145927242052193,0.6345105636410364,0.321280374044,0.7111638933044866,0.5098160394329369,0.4312592646989606,0.6676598295260855,-0.16076652455154128,0.09071139213918135,0.18457735489524413,-0.09533305127803433,0.2412059164394158,0.259285291812594
fixed_density,medium_1.5_3.5,"[1.5, 3.5]",1.5,3.5,7500,20,1.0,1500,1497,0.0020000000000000018,0.6227957977363981,0.4386184669934906,0.20738516976941593,0.48514537858513923,0.2301046358469497,0.27080766876236756,0.35529698524583236,-0.12318563665232427,0.08079611958240654,0.14730360921215213,-0.007243326105669878,0.19587791415572073,0.19594640337475752
fixed_density,medium_1.5_3.5,"[1.5, 3.5]",1.5,3.5,7500,20,1.25,1500,1500,0.0,0.4162831068461099,0.27069996450731626,0.16213609366141218,0.31551395887260836,0.11446678221220338,0.20728027352896894,0.23672581738457962,-0.09422879052815487,0.0939695486415793,0.133054327947596,0.009987068616561899,0.19411788127697022,0.19430998997252863
fixed_density,medium_1.5_3.5,"[1.5, 3.5]",1.5,3.5,7500,20,1.5,1500,1500,0.0,0.3198559847232739,0.14586296070115481,0.16482035476879037,0.22005372560139141,0.061925897646784356,0.18400078695700875,0.1940838363708443,-0.06713424062660525,0.1082426810118615,0.12734077615523676,0.005220829424717351,0.19759781461254347,0.19760091970596186
fixed_density,medium_1.5_3.5,"[1.5, 3.5]",1.5,3.5,7500,20,1.75,1500,1500,0.0,0.2927304551304747,0.07658753196530482,0.1773907059840785,0.19316349115111447,0.037188577293209645,0.1729370840436838,0.17683406674601332,-0.0556868526978854,0.11839348377287758,0.13080022127379867,-0.01195710087294475,0.17169072721236728,0.17204948784615282
fixed_density,medium_1.5_3.5,"[1.5, 3.5]",1.5,3.5,7500,20,2.0,1500,1500,0.0,0.2870350358184789,0.03040944221337091,0.18803781229924002,0.19041896146158793,0.018732389895932244,0.1701662849101707,0.17113784670550186,-0.0370080475662884,0.12442786775098497,0.12977506820730206,-0.0129495276299296,0.15495820175016128,0.15544686077870973
fixed_density,medium_1.5_3.5,"[1.5, 3.5]",1.5,3.5,7500,20,2.25,1500,1500,0.0,0.27445091180502706,-0.010203330938679277,0.17845817420145735,0.17869022456456787,-0.004443622476278345,0.16235401689937817,0.16236070963405222,-0.020022937454088913,0.1290049744549971,0.13050711322683545,-0.01797694223561882,0.15247396491202952,0.15347958025359676
fixed_density,medium_1.5_3.5,"[1.5, 3.5]",1.5,3.5,7500,20,2.5,1500,1500,0.0,0.27091504596762994,-0.0538637162172788,0.1655573322212414,0.17404671027279398,-0.02358024316213631,0.1603302014125656,0.16200204989522818,0.0031339689828544267,0.12984397745759213,0.12983851741530777,-0.01917484045909371,0.14420117646917482,0.14542280133755642
fixed_density,medium_1.5_3.5,"[1.5, 3.5]",1.5,3.5,7500,20,2.75,1500,1500,0.0,0.26982018458721746,-0.09050250141261029,0.14723055031561694,0.17278045747387474,-0.04497908355532991,0.1498104918391829,0.1563692402624799,0.027133659765455554,0.13331961651121393,0.13600921375235397,-0.014893871397917457,0.13541646199476534,0.1361881804915952
fixed_density,medium_1.5_3.5,"[1.5, 3.5]",1.5,3.5,7500,20,3.0,1500,1500,0.0,0.2793984693356686,-0.1279984437733905,0.1334742566624448,0.18489754428297386,-0.05982175149826021,0.14732340332152066,0.15896023924798788,0.044469856952193895,0.12900221442672524,0.13641130863481488,-0.02062627909115047,0.12254027075889194,0.1242237924131423
fixed_density,medium_1.5_3.5,"[1.5, 3.5]",1.5,3.5,7500,20,3.25,1500,1500,0.0,0.3000285373518137,-0.16628710850915412,0.11718870125603136,0.2034095344306059,-0.08503426322642461,0.1423664568613973,0.1657875804245786,0.06593023868689762,0.12969417894369809,0.14545158199606043,-0.024087499323221573,0.1167026356456142,0.11912444383991093
fixed_density,medium_1.5_3.5,"[1.5, 3.5]",1.5,3.5,7500,20,3.5,1500,1500,0.0,0.32356314954482784,-0.19751950688927886,0.10483428930705159,0.2235997696722624,-0.10386440913708213,0.13888408073393474,0.17338899669467037,0.08814668296267625,0.1298996617978521,0.15694747710968612,-0.02092789420088587,0.11014242140388861,0.11207694758394093
fixed_density,medium_1.5_3.5,"[1.5, 3.5]",1.5,3.5,7500,20,3.75,1500,1500,0.0,0.3504765644305085,-0.23342096769942786,0.09200162634541856,0.2508864375484903,-0.11522491355426685,0.1376895193868662,0.17950639408316857,0.10095395169339404,0.13223929046724883,0.16633481942304812,-0.028833812295774378,0.10451121308204966,0.10838219716486168
fixed_density,medium_1.5_3.5,"[1.5, 3.5]",1.5,3.5,7500,20,4.0,1500,1500,0.0,0.37208966137124516,-0.26179522062924565,0.07860051461957501,0.2733325076694046,-0.12743489236586192,0.13391640599409738,0.1848277572520205,0.11208426889362993,0.13048840810352097,0.1719847565911322,-0.03658445291706448,0.09860288268474511,0.10514023484534052
fixed_density,medium_1.5_3.5,"[1.5, 3.5]",1.5,3.5,7500,20,4.25,1500,1500,0.0,0.4076957243375357,-0.29225463675197927,0.07225707817892124,0.30104879559038505,-0.14399067720292918,0.13861899993718194,0.1998392656949918,0.13099046348400292,0.13602767499665527,0.18881126609175872,-0.035049590902010215,0.09157400123962801,0.09802387971117878
fixed_density,medium_1.5_3.5,"[1.5, 3.5]",1.5,3.5,7500,20,4.5,1500,1500,0.0,0.43181070324660303,-0.3175530074899395,0.060902642019379914,0.3233366227576296,-0.1538865868544674,0.1373458412182009,0.20623381340989205,0.14230953229179133,0.1383556452421388,0.1984477916945161,-0.03825917820950217,0.08888263798514705,0.09673996745696692
fixed_density,medium_1.5_3.5,"[1.5, 3.5]",1.5,3.5,7500,20,4.75,1500,1500,0.0,0.4591762775405895,-0.3462009424603311,0.055888653132963685,0.35068012739304966,-0.16624646048883135,0.13661001719472804,0.21514585957394072,0.15130206542436506,0.13674323391726934,0.20390821762699293,-0.04868717863602247,0.08170065593730996,0.09508411300528745
fixed_density,medium_1.5_3.5,"[1.5, 3.5]",1.5,3.5,7500,20,5.0,1500,1500,0.0,0.4873649541795716,-0.3692230381071319,0.05134402523429988,0.37277352819601184,-0.17870801244516943,0.1399343214828158,0.22694738075467252,0.1650706775943497,0.14079868318044017,0.21693174412092575,-0.049705561672301175,0.07897104681966942,0.093289396393496
fixed_density,medium_1.5_3.5,"[1.5, 3.5]",1.5,3.5,7500,20,5.25,1500,1500,0.0,0.5091665640845104,-0.39200837315336995,0.046208640803579684,0.39472063489883924,-0.18616760418166284,0.1395592961516556,0.23264176206704068,0.17286805876500852,0.1394762497727727,0.2220901188910158,-0.05608441907544857,0.0722812892776709,0.09146892251553596
fixed_density,medium_1.5_3.5,"[1.5, 3.5]",1.5,3.5,7500,20,5.5,1500,1500,0.0,0.5311529889107525,-0.4135340080123727,0.04079928518699766,0.4155404285186131,-0.19277172082943594,0.14042253086970985,0.23846651309833708,0.17906422839902245,0.1432936245704542,0.2293106452524912,-0.061875806040928315,0.0714509974618882,0.0945010947810719
fixed_density,medium_1.5_3.5,"[1.5, 3.5]",1.5,3.5,7500,20,5.75,1500,1500,0.0,0.5545036345722211,-0.4344677885961458,0.039076408373683535,0.4362203652305615,-0.20269168901783843,0.14208423017564387,0.2475043244925896,0.1872620628415304,0.14448016900556895,0.23649034455847406,-0.06764610563309242,0.06883331201879793,0.09649280681777116
fixed_density,narrow_2.0_3.0,"[2.0, 3.0]",2.0,3.0,4500,7,0.75,1500,1500,0.0,2.0909165626921586,1.5693959163342142,0.3267795689989566,1.603033761028499,0.8756054553100556,0.9366194992590359,1.2819345390346766,-0.33131894720492305,0.22162845510207105,0.3985707851475929,0.3608105538470159,0.872531669984925,0.9439217286851638
fixed_density,narrow_2.0_3.0,"[2.0, 3.0]",2.0,3.0,4500,7,1.0,1500,1500,0.0,1.3199750237886747,1.0701529279283135,0.19587731618732526,1.0879198654013817,0.4361699468812922,0.5310209314869014,0.6870512815065998,-0.23268231685343774,0.18057032699237885,0.29449102952567413,0.27828878793082357,0.5989849594190207,0.660294209003688
fixed_density,narrow_2.0_3.0,"[2.0, 3.0]",2.0,3.0,4500,7,1.25,1500,1500,0.0,0.8918246105640534,0.7213448199726178,0.13445363369685628,0.7337602313171113,0.26266100483671817,0.36847803863409806,0.4524117052429449,-0.15403853533346132,0.16900259994805944,0.22862788085523533,0.24887962712517292,0.5012344797047216,0.5594725925134595
fixed_density,narrow_2.0_3.0,"[2.0, 3.0]",2.0,3.0,4500,7,1.5,1500,1500,0.0,0.6217050941338516,0.4798948963032555,0.1044065872054548,0.4911136118993594,0.15033370717855823,0.29199172494464914,0.3283329887556879,-0.09863695985159741,0.16676745440194077,0.19370620220814794,0.200208837628328,0.4059275385993975,0.4524940815231244
fixed_density,narrow_2.0_3.0,"[2.0, 3.0]",2.0,3.0,4500,7,1.75,1500,1500,0.0,0.43230302181235486,0.29585294249835936,0.08463128571135778,0.3077119483159766,0.07565139950419579,0.24115613795589153,0.2526670660483776,-0.05634206777243503,0.1587481821067306,0.16840015815367843,0.14382509717356806,0.3159528652185336,0.3470523315122576
fixed_density,narrow_2.0_3.0,"[2.0, 3.0]",2.0,3.0,4500,7,2.0,1500,1500,0.0,0.3230864395207815,0.1595518277225482,0.07106966714614643,0.17465484835185913,0.013418350275878396,0.2132562016879251,0.21360697759541528,-0.013729469956879067,0.16757927676971685,0.1680850691523683,0.12177000321643798,0.29744105564636536,0.32131002860108937
fixed_density,narrow_2.0_3.0,"[2.0, 3.0]",2.0,3.0,4500,7,2.25,1500,1500,0.0,0.2692304216477124,0.044723893437365256,0.06068542653496397,0.07536904199071498,-0.020043704565625955,0.200493034510175,0.2014259384369871,0.011548859857316103,0.16160492993625475,0.16196332540049285,0.07706529531921341,0.24811086381857014,0.25972489513638225
fixed_density,narrow_2.0_3.0,"[2.0, 3.0]",2.0,3.0,4500,7,2.5,1500,1500,0.0,0.2629967933543148,-0.04556023692276057,0.053684016763417074,0.07039735455642031,-0.05707739993261947,0.18451750390796745,0.193085061631731,0.03657697056607608,0.16002775563436214,0.16410266530675385,0.0458634982181302,0.21651724342217787,0.22125081700069937
fixed_density,narrow_2.0_3.0,"[2.0, 3.0]",2.0,3.0,4500,7,2.75,1500,1500,0.0,0.29282907578667905,-0.12185565469825903,0.045507756448272395,0.13007065711232482,-0.07493187700816985,0.18408467233424494,0.19869414016518339,0.061057554097365595,0.1601255726051145,0.1713217162197108,0.027097834467572336,0.1944911888969371,0.19630562220596312
fixed_density,narrow_2.0_3.0,"[2.0, 3.0]",2.0,3.0,4500,7,3.0,1500,1500,0.0,0.32963094720423075,-0.18691040770645187,0.03893476327626669,0.19091989338422385,-0.09237993139508067,0.17593933150784924,0.19866570832365876,0.08174532700926329,0.16147190353250146,0.18093670716903718,0.01078690969145658,0.18233177015966598,0.1825898917811239
fixed_density,narrow_2.0_3.0,"[2.0, 3.0]",2.0,3.0,4500,7,3.25,1500,1500,0.0,0.3692230167751825,-0.24187453390799554,0.035289374271660734,0.24443363079386424,-0.10847284693699186,0.17333637258870216,0.204430492473075,0.0957151647778041,0.1601302960302657,0.18651008015845033,-0.01171192308769696,0.16396574597576313,0.16432897437325233
fixed_density,narrow_2.0_3.0,"[2.0, 3.0]",2.0,3.0,4500,7,3.5,1500,1500,0.0,0.4089547736694408,-0.2922945219602425,0.03056814932707808,0.29388752334878115,-0.1179006630355448,0.1723318463495135,0.20875591672319757,0.10684748377966033,0.16092226991498765,0.19311938732297315,-0.03194403527994714,0.1495718134783646,0.15289615525659364
fixed_density,narrow_2.0_3.0,"[2.0, 3.0]",2.0,3.0,4500,7,3.75,1500,1500,0.0,0.44446653490965116,-0.3344437557468346,0.027248641605209664,0.3355512170072769,-0.1274617005746571,0.16743384619253457,0.21038509588127907,0.11834353227657686,0.16342155801057512,0.2017275213017613,-0.04522296027867424,0.13892497897504974,0.1460561506854895
fixed_density,narrow_2.0_3.0,"[2.0, 3.0]",2.0,3.0,4500,7,4.0,1500,1500,0.0,0.47816862564644735,-0.37242117425230953,0.02434065500701586,0.3732152241526537,-0.1340996527441957,0.16968148967301858,0.21622980891899127,0.12921989775981646,0.1609962690153216,0.20639840296899906,-0.05978169571197416,0.1280919172555529,0.1413168498406743
fixed_density,narrow_2.0_3.0,"[2.0, 3.0]",2.0,3.0,4500,7,4.25,1500,1500,0.0,0.5102351278362894,-0.4057876929379953,0.02073986461922302,0.4063170030444721,-0.1444658563442591,0.16712989007243237,0.22087137026966555,0.13874901231357653,0.16501236563610094,0.2155509603557205,-0.06984032551757709,0.12255213308957216,0.14102015355847358
fixed_density,narrow_2.0_3.0,"[2.0, 3.0]",2.0,3.0,4500,7,4.5,1500,1500,0.0,0.5368214842283376,-0.43715791158805206,0.019336190466477134,0.4375850530661918,-0.14993122548144588,0.16759921117774199,0.22483358652874336,0.1432368818023878,0.16014611820180905,0.2148173308436626,-0.08703749794593459,0.10830321563140871,0.13891469627238118
fixed_density,narrow_2.0_3.0,"[2.0, 3.0]",2.0,3.0,4500,7,4.75,1500,1500,0.0,0.5628913659468664,-0.4639253678747109,0.016720577658357452,0.46422638689519813,-0.1553725557163579,0.1689082631680531,0.2294593916913624,0.15108234197901943,0.1608736107019119,0.22065570269627935,-0.09608515769389434,0.10240442074589326,0.14039954347184896
fixed_density,narrow_2.0_3.0,"[2.0, 3.0]",2.0,3.0,4500,7,5.0,1500,1500,0.0,0.586981835108895,-0.4887626161147687,0.014994382247179302,0.48899240947346134,-0.16142892041643372,0.16879638980306863,0.2335219962727803,0.15637348497841155,0.16268544202332408,0.22561377502697014,-0.10678957380320392,0.09731412304872564,0.14445670029037289
fixed_density,narrow_2.0_3.0,"[2.0, 3.0]",2.0,3.0,4500,7,5.25,1500,1500,0.0,0.6076592479059889,-0.5119530357202741,0.01301901188663242,0.5121184359669758,-0.16288986161246882,0.1691689484820642,0.23480238795897324,0.1610703515807998,0.16101532074460548,0.2277110179968776,-0.11617607677227297,0.08946482932946724,0.14661343912032687
fixed_density,narrow_2.0_3.0,"[2.0, 3.0]",2.0,3.0,4500,7,5.5,1500,1500,0.0,0.6275974218994526,-0.5326950521863235,0.011661857069573029,0.5328226035634757,-0.16858496046701948,0.16821158839353667,0.23811166275488593,0.16532056654856464,0.16114544779921042,0.2308277131688961,-0.12585953216758286,0.0821766187911306,0.15029676149405768
fixed_density,narrow_2.0_3.0,"[2.0, 3.0]",2.0,3.0,4500,7,5.75,1500,1500,0.0,0.6462881348399819,-0.551579471046276,0.010674362609707527,0.5516826795681267,-0.17471037233365957,0.1682451987915862,0.2425103918449174,0.16946006970666264,0.16069780576669607,0.23350221443639227,-0.13461612990318256,0.07767249063377726,0.15540429923535118
fixed_density,narrow_2.0_3.0,"[2.0, 3.0]",2.0,3.0,4500,10,0.75,1500,1500,0.0,2.0818490451042533,1.4435011155983435,0.35294276957348564,1.4859949608243865,1.033346048752629,0.9274081681586225,1.3882782776637725,-0.376136596275528,0.23907574641426826,0.44564318324521696,0.2920119013113424,0.8838568410759442,0.9305659912550717
fixed_density,narrow_2.0_3.0,"[2.0, 3.0]",2.0,3.0,4500,10,1.0,1500,1500,0.0,1.2738386600435174,1.0063346806449989,0.19787571493382752,1.0255916267357124,0.49211741919044494,0.4766093841320889,0.6849705261129159,-0.26674666855462603,0.17466733891081238,0.3188136216469658,0.20164503275042042,0.5070361655144769,0.5455043555497816
fixed_density,narrow_2.0_3.0,"[2.0, 3.0]",2.0,3.0,4500,10,1.25,1500,1500,0.0,0.8517781441497712,0.6819727332509372,0.13984153153543716,0.696153306202953,0.2863222664809507,0.3157133218978981,0.4261324817145232,-0.18893114095496963,0.15371553411899214,0.2435317004862967,0.1631750079385656,0.4069917127601193,0.4383581974842751
fixed_density,narrow_2.0_3.0,"[2.0, 3.0]",2.0,3.0,4500,10,1.5,1500,1500,0.0,0.5928943411896505,0.45891946977721954,0.10390197757890578,0.4705268362216781,0.16528725757766244,0.25609825473429937,0.30473343988604196,-0.1195834680404224,0.1515943322080724,0.19304332888019654,0.14683184974984387,0.32244742557971834,0.3542070291074229
fixed_density,narrow_2.0_3.0,"[2.0, 3.0]",2.0,3.0,4500,10,1.75,1500,1500,0.0,0.4119171365512163,0.28546556272994505,0.08944496145031948,0.2991415301037634,0.08491145450924617,0.2153935281917953,0.23145927830281698,-0.07305160796329423,0.14592578125770883,0.16314617629375117,0.11171743031859604,0.28123222831737915,0.30252210294542
fixed_density,narrow_2.0_3.0,"[2.0, 3.0]",2.0,3.0,4500,10,2.0,1500,1500,0.0,0.3007695476176217,0.15338969130936436,0.07894558256728874,0.17250115208368735,0.03560300610572086,0.19200736098506646,0.19521737328364325,-0.02823376888963871,0.14769308355861238,0.15031916202581788,0.0908760330953549,0.24166102021045013,0.2581076688409526
fixed_density,narrow_2.0_3.0,"[2.0, 3.0]",2.0,3.0,4500,10,2.25,1500,1500,0.0,0.24285388977378622,0.04424110591562092,0.06723672953211308,0.08046762950992321,-0.011880441797569452,0.17826028354743262,0.17859644201921523,0.0011704055933272647,0.1435919886377262,0.14354888810920532,0.0566246775720095,0.2099521035101678,0.21738641468124456
fixed_density,narrow_2.0_3.0,"[2.0, 3.0]",2.0,3.0,4500,10,2.5,1500,1500,0.0,0.23874315808702554,-0.04132330236799786,0.06003928661411558,0.07286925354201736,-0.045396875583714545,0.16588872741181965,0.17193487182211772,0.035208002469610686,0.144572120066334,0.1487506883113743,0.041076127158397736,0.19228592999579736,0.19656163879073316
fixed_density,narrow_2.0_3.0,"[2.0, 3.0]",2.0,3.0,4500,10,2.75,1500,1500,0.0,0.2709892103005628,-0.11570083710820638,0.05470015494436159,0.12797185597040303,-0.06984804188987136,0.162438153358308,0.1767690919057838,0.06502659173094728,0.14695912589309718,0.160658159847602,0.029776765531467513,0.1819319609014098,0.18429277794861215
fixed_density,narrow_2.0_3.0,"[2.0, 3.0]",2.0,3.0,4500,10,3.0,1500,1500,0.0,0.3081935216797552,-0.17758106466112486,0.0478374749806885,0.18390740312096807,-0.08928108898434904,0.15955008223371947,0.18278503979225807,0.08344570586692793,0.14422768469751723,0.16658614321369636,0.008701090345632484,0.16183823171737685,0.16201808893797412
fixed_density,narrow_2.0_3.0,"[2.0, 3.0]",2.0,3.0,4500,10,3.25,1500,1500,0.0,0.35019264801777283,-0.2325877458620618,0.04352320730763739,0.23662220152207972,-0.111725638877385,0.15702230158383262,0.19267118165875458,0.09700642331385821,0.141865468927896,0.171821535992329,-0.015699589221044585,0.14229860301217362,0.14311488482793436
fixed_density,narrow_2.0_3.0,"[2.0, 3.0]",2.0,3.0,4500,10,3.5,1500,1500,0.0,0.39455398993590834,-0.278723522830934,0.038144191888389696,0.2813197674672979,-0.12423932627326313,0.15824176933552248,0.20114465967779527,0.12102145224215424,0.14642734500440002,0.1899285794439432,-0.01634535841357902,0.13672827764973916,0.13765656384444516
fixed_density,narrow_2.0_3.0,"[2.0, 3.0]",2.0,3.0,4500,10,3.75,1500,1500,0.0,0.431779107085865,-0.3207856826592112,0.03364688837799212,0.32254427999050334,-0.13467762951355802,0.1584974542297843,0.20794893426043057,0.12929624677651286,0.1498435009843861,0.1978778044683784,-0.03469796519204953,0.12612843493818837,0.13077356499063125
fixed_density,narrow_2.0_3.0,"[2.0, 3.0]",2.0,3.0,4500,10,4.0,1500,1500,0.0,0.46667754895298397,-0.3583578061028861,0.0308740501169703,0.35968442931851413,-0.14704164109708986,0.15868439426440867,0.21629885353741238,0.13881247039864608,0.1495856519444653,0.20403394806007308,-0.05031358163188431,0.11781551380047905,0.1280730187243633
fixed_density,narrow_2.0_3.0,"[2.0, 3.0]",2.0,3.0,4500,10,4.25,1500,1500,0.0,0.49933785573198264,-0.39220196914653827,0.027441655707231654,0.3931601798767661,-0.15529883436159714,0.15778318277228698,0.22135190014540163,0.14998430361931786,0.15260057903105093,0.21393153911544538,-0.058631558505969766,0.11206632809245218,0.1264442524212522
fixed_density,narrow_2.0_3.0,"[2.0, 3.0]",2.0,3.0,4500,10,4.5,1500,1500,0.0,0.527366946254049,-0.42112811296788466,0.02427390593269394,0.4218266435706907,-0.16146973383435465,0.15952894865767753,0.2269471173659656,0.1609842816123173,0.15090535903840152,0.2206200006674034,-0.06702582451512075,0.10435612806675269,0.1239975906326659
fixed_density,narrow_2.0_3.0,"[2.0, 3.0]",2.0,3.0,4500,10,4.75,1500,1500,0.0,0.5545052280983624,-0.4491805398100915,0.022647507602473704,0.44975073652519526,-0.17070330518250493,0.15814413016270196,0.232663944910277,0.1663000421414906,0.15306118446593198,0.22598188361514485,-0.07989862026907935,0.09863862951516288,0.12691289283353765
fixed_density,narrow_2.0_3.0,"[2.0, 3.0]",2.0,3.0,4500,10,5.0,1500,1500,0.0,0.5795657267449738,-0.4736313015933024,0.019819126945678816,0.4740455102378457,-0.17749995155623882,0.15838398022468117,0.23785498594203314,0.1746851016386867,0.15525294120435226,0.2336713322238851,-0.0862214832261695,0.09219055111259732,0.12620449999513522
fixed_density,narrow_2.0_3.0,"[2.0, 3.0]",2.0,3.0,4500,10,5.25,1500,1500,0.0,0.6015669306208042,-0.49656971526786825,0.017728839845908107,0.49688588664030164,-0.1827684338606516,0.158258569213132,0.2417299691021164,0.17924613645710172,0.15633594029565775,0.23781044912304977,-0.09635915198876786,0.08738138749609592,0.13005961215849
fixed_density,narrow_2.0_3.0,"[2.0, 3.0]",2.0,3.0,4500,10,5.5,1500,1500,0.0,0.6219534884578163,-0.5178920917343373,0.016287691006048072,0.5181479814686374,-0.18775825930732193,0.1585291200581099,0.24569878209556356,0.18362649026451494,0.1558153306521127,0.24079227475477777,-0.10554694792010942,0.07964867890843348,0.13221134971101303
fixed_density,narrow_2.0_3.0,"[2.0, 3.0]",2.0,3.0,4500,10,5.75,1500,1500,0.0,0.6395778926494273,-0.5373694987681611,0.01548378523955739,0.5375923790195993,-0.19037494243421896,0.15860126729831647,0.24775029994089842,0.18698341026116835,0.1540361192586096,0.24222738008970998,-0.11531022457993015,0.07477686195392814,0.13742015593413376
fixed_density,narrow_2.0_3.0,"[2.0, 3.0]",2.0,3.0,4500,15,0.75,1500,1500,0.0,1.6637986747973135,1.0185161082482577,0.5007761977126415,1.1348941265260135,0.920083556267803,0.6474824716177855,1.1249479154754893,-0.39904286589180266,0.23565940263785154,0.46339350373241583,-0.19474181633326945,0.49508055030149983,0.5318512227569776
fixed_density,narrow_2.0_3.0,"[2.0, 3.0]",2.0,3.0,4500,15,1.0,1500,1500,0.0,1.1046601552957103,0.806666694368436,0.28763689657384145,0.8563824983135456,0.4736722822651754,0.3860160675208347,0.61096194352373,-0.2961692610900268,0.1609646567161916,0.3370587172079953,-0.06508522318186455,0.31688975190817387,0.32340107461862394
fixed_density,narrow_2.0_3.0,"[2.0, 3.0]",2.0,3.0,4500,15,1.25,1500,1500,0.0,0.7820052346808694,0.5866349494515823,0.1864679917941133,0.6155385411765978,0.29839516297597196,0.2822692550963395,0.4106853885541228,-0.2167710737060463,0.1303980076044206,0.2529466406628413,0.0029408184023745937,0.27402855291962275,0.27395297977856486
fixed_density,narrow_2.0_3.0,"[2.0, 3.0]",2.0,3.0,4500,15,1.5,1500,1500,0.0,0.549132835057915,0.40773045028033267,0.13222068789967864,0.4286196163510578,0.17676160607077004,0.22240605558335796,0.2840354601779369,-0.14740127888693808,0.12425420757685338,0.19275879326070436,0.04168654370622198,0.24808373192873,0.25148016942724977
fixed_density,narrow_2.0_3.0,"[2.0, 3.0]",2.0,3.0,4500,15,1.75,1500,1500,0.0,0.38210363364657746,0.25965451352680174,0.1063317702546376,0.28056973131483987,0.10177937970591455,0.18100910774964776,0.2076089987378167,-0.0983380006300713,0.12050574708723155,0.1555066440989506,0.03543229133614632,0.21054318509318637,0.21343459834335002
fixed_density,narrow_2.0_3.0,"[2.0, 3.0]",2.0,3.0,4500,15,2.0,1500,1500,0.0,0.2700520200708907,0.13930056301258212,0.08908763261576391,0.16533590677722415,0.0511602335634289,0.16071102442363733,0.16860659589899013,-0.05020940894305489,0.12104846564422904,0.13101124873031503,0.03483752487419252,0.18967922723804778,0.19278972200859812
fixed_density,narrow_2.0_3.0,"[2.0, 3.0]",2.0,3.0,4500,15,2.25,1500,1500,0.0,0.21168009221088502,0.04102644451622142,0.07631772055909435,0.08662378825317586,0.010513130266022751,0.15013359656350236,0.15045130771738563,-0.015006808350639838,0.12022319327179393,0.12111640992535368,0.021281661468006766,0.16970075981597005,0.1709738520896348
fixed_density,narrow_2.0_3.0,"[2.0, 3.0]",2.0,3.0,4500,15,2.5,1500,1500,0.0,0.21073534353560264,-0.03836378720514847,0.0713844059531239,0.08101923491612008,-0.032972011575994935,0.14478051410074153,0.1484404814927531,0.02090121187900964,0.12403260637090088,0.12574057436990918,0.011652491849675322,0.15502850540477783,0.15541427056747595
fixed_density,narrow_2.0_3.0,"[2.0, 3.0]",2.0,3.0,4500,15,2.75,1500,1500,0.0,0.24113855429365164,-0.10652547267315017,0.06278008223834294,0.12363813123361497,-0.06213747747273632,0.14004418150557396,0.15316776411849387,0.05129598319844135,0.12954134599200132,0.1392876552564269,0.0074096672649285105,0.1544074226578852,0.15453368857969618
fixed_density,narrow_2.0_3.0,"[2.0, 3.0]",2.0,3.0,4500,15,3.0,1500,1500,0.0,0.2831624189604908,-0.1666394511798505,0.056854230136728315,0.1760652016677502,-0.0845183525903823,0.14290682152378603,0.16598824252397537,0.07545528978665263,0.12628156720760753,0.1470710835516382,-0.007553887017451298,0.1381638739564916,0.13832422457771673
fixed_density,narrow_2.0_3.0,"[2.0, 3.0]",2.0,3.0,4500,15,3.25,1500,1500,0.0,0.3281719410410816,-0.21682437311533304,0.05152527867450402,0.22285846005132373,-0.1053359458454776,0.14161695230285457,0.17645864225343005,0.0962782166822635,0.13279886770209337,0.16399169870545177,-0.014298488638447033,0.13863537308421595,0.13932480134478362
fixed_density,narrow_2.0_3.0,"[2.0, 3.0]",2.0,3.0,4500,15,3.5,1500,1500,0.0,0.3726508167133928,-0.26265143389295964,0.04473527000264362,0.26643139069057853,-0.12488116287283689,0.14121895159626638,0.18848024282550327,0.12182799160599586,0.13239248074130283,0.1798836938587883,-0.01635070413679029,0.1271363849967878,0.1281414458410195
fixed_density,narrow_2.0_3.0,"[2.0, 3.0]",2.0,3.0,4500,15,3.75,1500,1500,0.0,0.4111084915635549,-0.3035065045590628,0.04040591147457552,0.3061825396175135,-0.1397903929165254,0.14104018011631902,0.198545775084896,0.13476972178444457,0.13300727616232352,0.18931988660721596,-0.0293826412291839,0.11705337155020686,0.12064699361779747
fixed_density,narrow_2.0_3.0,"[2.0, 3.0]",2.0,3.0,4500,15,4.0,1500,1500,0.0,0.4507828257753402,-0.33941436261959734,0.03527640820596407,0.3412414173451557,-0.1544068841104005,0.1446213463948532,0.21152511940158328,0.15158823025846252,0.13802276479113973,0.20497945010272584,-0.03377358316501455,0.1136916356656527,0.11856570224193046
fixed_density,narrow_2.0_3.0,"[2.0, 3.0]",2.0,3.0,4500,15,4.25,1500,1500,0.0,0.48333505369202534,-0.37286969156961186,0.03148463347604631,0.37419570839545313,-0.1660789855943997,0.14385528451443794,0.21968790615372125,0.1633097030630744,0.13663805238432608,0.21290272388039513,-0.04435383878869554,0.10343409562598482,0.11251107832194565
fixed_density,narrow_2.0_3.0,"[2.0, 3.0]",2.0,3.0,4500,15,4.5,1500,1500,0.0,0.5134979361205878,-0.40332377048626494,0.027379488414052,0.4042514075021657,-0.176178848597402,0.14210108647152062,0.22631447955660125,0.17270314376932258,0.1386691379785848,0.2214558336907067,-0.05420444819429012,0.09879659448053475,0.11266047269093427
fixed_density,narrow_2.0_3.0,"[2.0, 3.0]",2.0,3.0,4500,15,4.75,1500,1500,0.0,0.5422384565597187,-0.43031437117903404,0.024802931378945035,0.43102811198875746,-0.18677815357466424,0.1423144462156156,0.2347892203374843,0.18424357374942243,0.13848618562430562,0.2304589604701655,-0.060383502547295034,0.09075190309031585,0.10897974439829138
fixed_density,narrow_2.0_3.0,"[2.0, 3.0]",2.0,3.0,4500,15,5.0,1500,1500,0.0,0.5676773609376657,-0.45483781476763235,0.02125619024050352,0.4553339018226659,-0.19541004634186163,0.14238778018107423,0.24175576512172878,0.1912851042129781,0.1410888146209494,0.23766104855972314,-0.06933515576707937,0.08555135381945635,0.1100977684128675
fixed_density,narrow_2.0_3.0,"[2.0, 3.0]",2.0,3.0,4500,15,5.25,1500,1500,0.0,0.5929685322598754,-0.47792169574358423,0.019179294206077842,0.4783061230618409,-0.20229974776237888,0.1445863198571004,0.2486291516132986,0.20134073571763875,0.14315742628256015,0.24701918520639946,-0.07403322032193661,0.0825356985124447,0.11085358727838993
fixed_density,narrow_2.0_3.0,"[2.0, 3.0]",2.0,3.0,4500,15,5.5,1500,1500,0.0,0.6140261848924038,-0.4990193405294981,0.016531840692747973,0.4992929218184597,-0.2081036669366713,0.14402151904832874,0.2530523779961594,0.20734641884012672,0.14394618511667032,0.2523870597831729,-0.0811578857905088,0.07800422472091516,0.11254867862802044
fixed_density,narrow_2.0_3.0,"[2.0, 3.0]",2.0,3.0,4500,15,5.75,1500,1500,0.0,0.6334918024922859,-0.5190917761724784,0.015226247830618224,0.5193148911342864,-0.21271324873048036,0.14442853258845997,0.2570848513826657,0.21222445798758535,0.14319824294916117,0.25599079448422013,-0.08947497027310385,0.072879041524619,0.11538450544068267
fixed_density,narrow_2.0_3.0,"[2.0, 3.0]",2.0,3.0,4500,20,0.75,1500,1500,0.0,1.6285738291274434,1.063549562329847,0.42616253482202276,1.1457011395999175,0.9323756093290432,0.5753149590487354,1.0954866136907149,-0.3250356864490232,0.18413337773980143,0.37353807685793455,-0.041854666926266174,0.43115658119124367,0.43304027524357036
fixed_density,narrow_2.0_3.0,"[2.0, 3.0]",2.0,3.0,4500,20,1.0,1500,1500,0.0,1.076633289741559,0.8298596611130036,0.2391207652469414,0.8636015738490894,0.4783765638179204,0.331422706749673,0.5819037033901352,-0.23950680344753816,0.13178661458136473,0.2733489385491609,0.08431135325619274,0.32534901794057663,0.3359908031089615
fixed_density,narrow_2.0_3.0,"[2.0, 3.0]",2.0,3.0,4500,20,1.25,1500,1500,0.0,0.7527945735217677,0.5950741306227632,0.1478085104452394,0.613144364560776,0.28631099113513464,0.24851414662043708,0.37906739751819896,-0.1781925167335469,0.12377078029229176,0.21693677943115602,0.1099867632864048,0.2729924880619203,0.294231717139341
fixed_density,narrow_2.0_3.0,"[2.0, 3.0]",2.0,3.0,4500,20,1.5,1500,1500,0.0,0.5239154537881361,0.39581784248487306,0.10690635687199128,0.40999160266554435,0.18407439547080767,0.20549628166562176,0.2758331966336798,-0.126135070196914,0.12004118774071552,0.17409863898552644,0.10047018532367362,0.24103350894562262,0.2610606809511084
fixed_density,narrow_2.0_3.0,"[2.0, 3.0]",2.0,3.0,4500,20,1.75,1500,1498,0.0013333333333332975,0.3629052875904496,0.2462627748518292,0.0891972034811576,0.2619087325977155,0.10592957535825316,0.16968144809193786,0.19998412088479506,-0.08251343190912493,0.11367091564421239,0.1404311858409794,0.07561234089940574,0.19564628549324678,0.20968820362878005
fixed_density,narrow_2.0_3.0,"[2.0, 3.0]",2.0,3.0,4500,20,2.0,1500,1500,0.0,0.25654314659917477,0.13147208800024898,0.08544149767652975,0.156781033978402,0.05385168111899173,0.15372993402369653,0.1628408453445522,-0.04320292041547559,0.11339767588143705,0.12131344747858949,0.05779111280069557,0.17007671158281926,0.1795734292233115
fixed_density,narrow_2.0_3.0,"[2.0, 3.0]",2.0,3.0,4500,20,2.25,1500,1500,0.0,0.19832330705560397,0.03954567591654964,0.07979986086746343,0.08903725587060163,0.003942482361854483,0.1361063068041009,0.13611803689393143,-0.011327779586181226,0.11294497336446262,0.1134741434012469,0.033658064355426946,0.1499745026182189,0.1536561805811245
fixed_density,narrow_2.0_3.0,"[2.0, 3.0]",2.0,3.0,4500,20,2.5,1500,1500,0.0,0.1969004530335528,-0.03868488381510617,0.07475703528984562,0.0841511070529196,-0.029798628147823122,0.13254729727938827,0.1358124873918155,0.02029953114239674,0.11331300358573583,0.11507974563334057,0.018528594616876753,0.1370837010706804,0.13828493033219272
fixed_density,narrow_2.0_3.0,"[2.0, 3.0]",2.0,3.0,4500,20,2.75,1500,1500,0.0,0.2296843357897374,-0.10303938624018884,0.06837782319118706,0.12365081804548299,-0.0632698715987833,0.12887280786775848,0.14352771553295288,0.04930641628704846,0.12018182310321326,0.12986594695203008,0.009027822224025147,0.12998379294151954,0.13025369147918275
fixed_density,narrow_2.0_3.0,"[2.0, 3.0]",2.0,3.0,4500,20,3.0,1500,1500,0.0,0.27039120707105796,-0.16062582051048555,0.06380338440500881,0.17282595916593574,-0.08604051558373586,0.12938741846512675,0.15534771849932935,0.07094324579035252,0.11868498508217784,0.1382377627740379,-0.005478054785925158,0.11722166781016266,0.1173105616536618
fixed_density,narrow_2.0_3.0,"[2.0, 3.0]",2.0,3.0,4500,20,3.25,1500,1500,0.0,0.31835945086943435,-0.21098330088589137,0.05785069271716339,0.2187656846159005,-0.11413647771342018,0.1293341191880855,0.17246245500995241,0.09236382524883018,0.12341026693820226,0.15411364898789554,-0.01770607114437982,0.11115434526693646,0.11251913867476061
fixed_density,narrow_2.0_3.0,"[2.0, 3.0]",2.0,3.0,4500,20,3.5,1500,1500,0.0,0.3643374100811327,-0.2537681752235296,0.0527308878292072,0.2591852225530016,-0.1367863786885633,0.1310165958410994,0.18937903319779226,0.11568409392584472,0.12778273204993076,0.17233789652844198,-0.02069930888418244,0.10760749986281153,0.10954504019956035
fixed_density,narrow_2.0_3.0,"[2.0, 3.0]",2.0,3.0,4500,20,3.75,1500,1500,0.0,0.4031409868944321,-0.2946703710588906,0.047039879733938535,0.2983988986214774,-0.14968672284174933,0.13245270280540813,0.19984528431574297,0.12877051322401944,0.13027695344747195,0.18314643035687528,-0.03315937113787936,0.10100759952044644,0.10627924239961095
fixed_density,narrow_2.0_3.0,"[2.0, 3.0]",2.0,3.0,4500,20,4.0,1500,1500,0.0,0.43679864323815054,-0.32933716871077867,0.041407315344478085,0.3319282955920243,-0.16333226193000558,0.13132441110987988,0.2095519776568408,0.139963317041742,0.1308675567426131,0.1915845243754561,-0.04550934550990012,0.09542901861989869,0.1056963906279046
fixed_density,narrow_2.0_3.0,"[2.0, 3.0]",2.0,3.0,4500,20,4.25,1500,1500,0.0,0.476450397601962,-0.36229204056121495,0.03875212635497719,0.36435730924397525,-0.1801506238534772,0.1357806299465268,0.22556226595737788,0.15782579850040412,0.1359180999697014,0.20825560437052107,-0.04781169687205436,0.08970531222066652,0.101624980703723
fixed_density,narrow_2.0_3.0,"[2.0, 3.0]",2.0,3.0,4500,20,4.5,1500,1500,0.0,0.5053396205613154,-0.3903292474300847,0.032914729587817146,0.39171364358447636,-0.18962608325889763,0.13538882405349079,0.23297202630697617,0.16826325866495087,0.13911493901880936,0.21829472851456982,-0.05469442493155407,0.08772073025303985,0.10335026213662563
fixed_density,narrow_2.0_3.0,"[2.0, 3.0]",2.0,3.0,4500,20,4.75,1500,1500,0.0,0.5343272911401766,-0.41886362448302966,0.030401169788513482,0.4199647019518278,-0.20167510738757527,0.1351612572039582,0.24275344558854756,0.1766833595094261,0.13784674866123448,0.2240671056326646,-0.06649550959941812,0.0788842017647283,0.10315144985288686
fixed_density,narrow_2.0_3.0,"[2.0, 3.0]",2.0,3.0,4500,20,5.0,1500,1500,0.0,0.5620600903930151,-0.4427933891352497,0.02821699971002194,0.4436909439408632,-0.21203275426799775,0.13752845133678512,0.2527040847043887,0.1880792599614185,0.14081885168380473,0.23492666313381122,-0.07101219691408239,0.07658148958101224,0.10442004999350844
fixed_density,narrow_2.0_3.0,"[2.0, 3.0]",2.0,3.0,4500,20,5.25,1500,1500,0.0,0.5850738388548985,-0.4656122815760465,0.0254814086107262,0.46630855243187985,-0.2197901041247307,0.1372433020080887,0.25909623051666736,0.19540921279813225,0.13987550595108056,0.2402849853264795,-0.07894256788259084,0.07013798998848784,0.1055840286458907
fixed_density,narrow_2.0_3.0,"[2.0, 3.0]",2.0,3.0,4500,20,5.5,1500,1500,0.0,0.6058434166658441,-0.4863608518618183,0.022209036644453808,0.4868673235131818,-0.22498343478226424,0.1375046814517166,0.2636521919548859,0.2002994676052911,0.1427854739154141,0.2459552326945664,-0.08655011904881442,0.06929898002049843,0.11086058891008473
fixed_density,narrow_2.0_3.0,"[2.0, 3.0]",2.0,3.0,4500,20,5.75,1500,1500,0.0,0.6280794842225256,-0.5063489986933288,0.02156165817002377,0.5068075607605339,-0.2341348408914417,0.1390014128435135,0.27226390793353167,0.20710504233380267,0.14360901701162362,0.251996625560647,-0.09389080729266527,0.06584502172370367,0.11466542723044097
fixed_density,wide_1.5_5.0,"[1.5, 5.0]",1.5,5.0,12000,7,0.75,1500,1500,0.0,1.3831170940534194,1.0479161352923911,0.4207259419317128,1.1291680733804237,0.4422989512998518,0.630057248770761,0.7696335822704053,-0.16418064499823992,0.13679802107395006,0.21367383312595967,0.17223146469954914,0.5500492102932013,0.5762083897522641
fixed_density,wide_1.5_5.0,"[1.5, 5.0]",1.5,5.0,12000,7,1.0,1500,1500,0.0,0.9241771994899436,0.7181855594726162,0.3137594048346421,0.7836898825307764,0.20331840624160202,0.3997429689270034,0.4483595497987405,-0.12871450274757318,0.14951541125077877,0.19724953277572937,0.18958319460833029,0.5016260221439648,0.5360995255788017
fixed_density,wide_1.5_5.0,"[1.5, 5.0]",1.5,5.0,12000,7,1.25,1500,1500,0.0,0.6665702190257,0.4751932181064138,0.27800592707657656,0.5504946549789351,0.11748164642449165,0.30686656409322444,0.32849086341360856,-0.08850268428841902,0.15984227317572125,0.18266155694446165,0.1828655791072515,0.46901308781664836,0.5032558471736903
fixed_density,wide_1.5_5.0,"[1.5, 5.0]",1.5,5.0,12000,7,1.5,1500,1500,0.0,0.5335609386357234,0.3211599857037355,0.2695347736890603,0.4192186756121656,0.06611504838616164,0.26998668843766777,0.2778766207306529,-0.06355259799575866,0.1664544970700653,0.17812232007002657,0.1424258643207049,0.3792147891114238,0.4049606324950623
fixed_density,wide_1.5_5.0,"[1.5, 5.0]",1.5,5.0,12000,7,1.75,1500,1500,0.0,0.4419013963056368,0.2005004510030401,0.25532046641035744,0.3245697342534877,0.03231618380244006,0.2439047778876292,0.24595572105194577,-0.045052194576556265,0.16560706056249783,0.17157247723719932,0.09174385889742016,0.3013810802711005,0.3149395775177651
fixed_density,wide_1.5_5.0,"[1.5, 5.0]",1.5,5.0,12000,7,2.0,1500,1500,0.0,0.40050776840941626,0.1227553954091367,0.24900889099551787,0.2775481542813932,0.0033885597603450037,0.22732975141229975,0.22727922401862716,-0.021637584988115823,0.17683413338627726,0.17809449441454756,0.08011515718662501,0.2914268711311726,0.3021447333329914
fixed_density,wide_1.5_5.0,"[1.5, 5.0]",1.5,5.0,12000,7,2.25,1500,1500,0.0,0.36939505769733333,0.047812178335166065,0.23705541793451126,0.2417515502642016,-0.012409520889036685,0.2196233409441872,0.2199005498437657,-0.006767621445904581,0.17212377853704913,0.1721994331421592,0.04628792678994664,0.24810777318788974,0.2523073541761198
fixed_density,wide_1.5_5.0,"[1.5, 5.0]",1.5,5.0,12000,7,2.5,1500,1500,0.0,0.35443228589860964,-0.0035857880303924406,0.2244890856373273,0.22444288927557643,-0.03373730657655482,0.20816280720558292,0.210810512836876,0.007572406753261485,0.17541303894099564,0.17551798317664893,0.026382057152667,0.22012803994718774,0.2216304642295743
fixed_density,wide_1.5_5.0,"[1.5, 5.0]",1.5,5.0,12000,7,2.75,1500,1500,0.0,0.3503866577454604,-0.05137513675085121,0.20923572626831782,0.21538293207780973,-0.040356369564189795,0.20926086778793956,0.21304824323277444,0.024078352461723417,0.1744476124038577,0.17604388245840472,0.01622745111095826,0.1998706432671572,0.20046189669583692
fixed_density,wide_1.5_5.0,"[1.5, 5.0]",1.5,5.0,12000,7,3.0,1500,1500,0.0,0.34568065260095665,-0.09310565995210306,0.1931001036864628,0.21431625119313014,-0.049237291621564,0.1968909648077935,0.20289041099689448,0.03952329564048329,0.17566337134149515,0.17999760882483326,0.009715274142265742,0.1886793143188601,0.18886645267947055
fixed_density,wide_1.5_5.0,"[1.5, 5.0]",1.5,5.0,12000,7,3.25,1500,1500,0.0,0.34997126725807776,-0.12269571750813153,0.18444835059614276,0.2214785595412064,-0.06265961237115955,0.1926440354948435,0.20251718515877773,0.050590902255678166,0.17284213075002025,0.18003867719227037,-0.00227793876123755,0.17411247464108576,0.1740693331063581
fixed_density,wide_1.5_5.0,"[1.5, 5.0]",1.5,5.0,12000,7,3.5,1500,1500,0.0,0.3593422093557707,-0.16554099521037416,0.16679264030431182,0.2349575694283648,-0.06816916671139372,0.1894232250841819,0.20125673335141916,0.0590035857635553,0.17307812927494848,0.182804516557216,-0.017536596998831356,0.15797035505477017,0.15888841647010904
fixed_density,wide_1.5_5.0,"[1.5, 5.0]",1.5,5.0,12000,7,3.75,1500,1500,0.0,0.3704850681882758,-0.19393744100202653,0.15681119145797892,0.2493693798812807,-0.07726244878574016,0.18299419353197163,0.19858005004416113,0.06992174543866193,0.17541814534946182,0.188785756487494,-0.02262416048987573,0.1470594288057333,0.14874108574344802
fixed_density,wide_1.5_5.0,"[1.5, 5.0]",1.5,5.0,12000,7,4.0,1500,1500,0.0,0.3809225601785689,-0.22133200270312084,0.14409964251080837,0.2640808952846379,-0.0833069379073005,0.18139106967018112,0.19955157456861267,0.07985832577958249,0.17083486428936825,0.1885270449719269,-0.030102741964576896,0.13929497578270092,0.14246518858503737
fixed_density,wide_1.5_5.0,"[1.5, 5.0]",1.5,5.0,12000,7,4.25,1500,1500,0.0,0.39487782299934937,-0.2470410845732638,0.13195869897253212,0.28005497133509605,-0.09295014929320766,0.17650523011855462,0.19943183576181456,0.08865114075780166,0.17287437622211838,0.19422834760115895,-0.03461582878185055,0.13413594638585008,0.13848722954484582
fixed_density,wide_1.5_5.0,"[1.5, 5.0]",1.5,5.0,12000,7,4.5,1500,1500,0.0,0.41169225383615693,-0.2772436855584954,0.12339524694611587,0.303447354950253,-0.09917654521970458,0.17557592335953762,0.20159945613855537,0.09326696092990054,0.16759437095174778,0.1917495082836681,-0.04866355658261208,0.12038438222477706,0.12981093799543453
fixed_density,wide_1.5_5.0,"[1.5, 5.0]",1.5,5.0,12000,7,4.75,1500,1500,0.0,0.4256756289516973,-0.2961122991949998,0.11226493672452781,0.31666623987246595,-0.10565773455383283,0.17658415284682602,0.2057297546110471,0.10175085411721921,0.16811635088287655,0.19646246887417276,-0.05068526387347555,0.11609880945584834,0.12664495084796915
fixed_density,wide_1.5_5.0,"[1.5, 5.0]",1.5,5.0,12000,7,5.0,1500,1500,0.0,0.4420101431168733,-0.318343125930817,0.1023890505050788,0.3343932931130049,-0.11288746512417737,0.17529291260299412,0.20844831474699924,0.10751301394523559,0.16900705993633888,0.20025831373097794,-0.05726121287925016,0.11026221709523862,0.1242115044919263
fixed_density,wide_1.5_5.0,"[1.5, 5.0]",1.5,5.0,12000,7,5.25,1500,1500,0.0,0.4590659289058487,-0.34353479253572367,0.0931568823232006,0.3559333827234041,-0.11397723373699128,0.17468359705562223,0.20853015605560318,0.11207745017334264,0.167408055246175,0.20141531262714432,-0.06437425707442511,0.10283964909191445,0.1212971052290561
fixed_density,wide_1.5_5.0,"[1.5, 5.0]",1.5,5.0,12000,7,5.5,1500,1500,0.0,0.4742013786451999,-0.36210870149691654,0.08555932918475118,0.37207288297382535,-0.12177846677773732,0.17283217219822702,0.2113789032621978,0.1176649945030562,0.16709649831355808,0.20432248168085843,-0.07009624722470138,0.09380318997321346,0.11707542995225115
fixed_density,wide_1.5_5.0,"[1.5, 5.0]",1.5,5.0,12000,7,5.75,1500,1500,0.0,0.4897730837068833,-0.37993825133558007,0.07996863233426758,0.3882573806947055,-0.12932570224325593,0.17247131192225829,0.21552647121549923,0.12273586831465459,0.1662424466303751,0.20659675715081036,-0.0756954748048751,0.0898453679792874,0.11745898685571411
fixed_density,wide_1.5_5.0,"[1.5, 5.0]",1.5,5.0,12000,10,0.75,1500,1500,0.0,1.1234177258285887,0.5948653394040702,0.559217714474433,0.8163214692988338,0.47418451491453956,0.5639903597204707,0.7366980543559155,-0.1961896311795045,0.1203407885844516,0.2301360949001256,-0.19597822997114614,0.43362388817922365,0.4757223874327248
fixed_density,wide_1.5_5.0,"[1.5, 5.0]",1.5,5.0,12000,10,1.0,1500,1500,0.0,0.7659481106319629,0.49749653745844813,0.3547678159362985,0.6109657119717988,0.2246643931895707,0.3558782216422933,0.420759985424105,-0.14422744571642693,0.12476884113953134,0.19067889668595636,-0.008818763988571628,0.36773293089975834,0.3677160961857673
fixed_density,wide_1.5_5.0,"[1.5, 5.0]",1.5,5.0,12000,10,1.25,1500,1500,0.0,0.5671347473704604,0.3479440805225281,0.28621566212628946,0.4504773862029335,0.12891662689255748,0.26576658946180404,0.2953037230436903,-0.10861463784142099,0.1404409730424645,0.17750396432548923,0.044336310174232674,0.36445503662849893,0.3670212943067433
fixed_density,wide_1.5_5.0,"[1.5, 5.0]",1.5,5.0,12000,10,1.5,1500,1500,0.0,0.46468100768725246,0.24569959575095918,0.2553578338151442,0.35430557841231775,0.07628927709436645,0.2392567986239153,0.2510492121946491,-0.07649284649378389,0.14674293564706734,0.16543968407730775,0.0603086925210706,0.3063922490531952,0.3121710501204262
fixed_density,wide_1.5_5.0,"[1.5, 5.0]",1.5,5.0,12000,10,1.75,1500,1500,0.0,0.4075951534157311,0.15712564568604842,0.256469044001707,0.30070082831565276,0.03864519796686624,0.21720942989358866,0.2205491656516515,-0.05685992026402768,0.15444655524966602,0.1645323265155941,0.04575853966185601,0.2710450516270322,0.2747913517867908
fixed_density,wide_1.5_5.0,"[1.5, 5.0]",1.5,5.0,12000,10,2.0,1500,1500,0.0,0.3757210891146107,0.09192899084960494,0.24950634020894671,0.26582485001823997,0.01890761931142567,0.20618431176636076,0.2069809826360414,-0.03406603140467028,0.16284822364879498,0.16632004913800447,0.04132637511151974,0.24241774039917105,0.24583541763991434
fixed_density,wide_1.5_5.0,"[1.5, 5.0]",1.5,5.0,12000,10,2.25,1500,1500,0.0,0.34811620365717355,0.02961432062735571,0.23115772199031928,0.232970551415874,-0.004130573983756382,0.1988504540833691,0.19882706990884802,-0.023695305955369263,0.16381035190041054,0.16546120298465258,0.013279967855049316,0.21337978676949293,0.21372163435746092
fixed_density,wide_1.5_5.0,"[1.5, 5.0]",1.5,5.0,12000,10,2.5,1500,1500,0.0,0.3412001176757506,-0.00754725759046633,0.22583458864096173,0.2258854171539592,-0.019851989912760996,0.1923557302675437,0.19331363459142042,-0.004869175167329947,0.16738610208582685,0.1674011269382099,0.00900988849248425,0.1930851171947868,0.19323091367010473
fixed_density,wide_1.5_5.0,"[1.5, 5.0]",1.5,5.0,12000,10,2.75,1500,1500,0.0,0.34169486572468116,-0.04461937089912986,0.21876920486882487,0.22320158291338205,-0.031939170381749475,0.19028806161535236,0.1928873176245836,0.012428538903250711,0.17203540203766618,0.1724265563860786,0.005179008859643479,0.18319658064822755,0.1832087205962915
fixed_density,wide_1.5_5.0,"[1.5, 5.0]",1.5,5.0,12000,10,3.0,1500,1500,0.0,0.3332208970993399,-0.07577676645386003,0.2019843895433052,0.21566783137726336,-0.042120138068854215,0.1847263993244825,0.18940749565400677,0.022041173394158144,0.16787295073933095,0.16925824459326808,-0.006285219925403761,0.16191611636794742,0.1619841191085192
fixed_density,wide_1.5_5.0,"[1.5, 5.0]",1.5,5.0,12000,10,3.25,1500,1500,0.0,0.33522801193150775,-0.1101871076788836,0.19172815031290943,0.22108002140695393,-0.06031508000387124,0.1795684263264949,0.1893706209071468,0.030653551461214675,0.1634575911188318,0.16625345727380716,-0.024682777315224398,0.14385469478073593,0.14590961788373655
fixed_density,wide_1.5_5.0,"[1.5, 5.0]",1.5,5.0,12000,10,3.5,1500,1500,0.0,0.3378107027699378,-0.1319532624653722,0.17655073134244403,0.22036570537551636,-0.0683932987017795,0.17590686738418645,0.18868025991846626,0.048765138938449124,0.1661178626895791,0.1730745108829443,-0.017052536130954497,0.13839052568452137,0.13939138649621138
fixed_density,wide_1.5_5.0,"[1.5, 5.0]",1.5,5.0,12000,10,3.75,1500,1500,0.0,0.3440714973239791,-0.16246588865764452,0.1608989424608331,0.2286184062636747,-0.07729756730238868,0.17211639321824865,0.18862454070661944,0.05500749120522118,0.16592809556555532,0.17475583604400513,-0.029597916711295247,0.12784377356473117,0.13118373028933955
fixed_density,wide_1.5_5.0,"[1.5, 5.0]",1.5,5.0,12000,10,4.0,1500,1500,0.0,0.3536612252057957,-0.18953293879848948,0.14946300377692812,0.2413442180675048,-0.08897829747291923,0.1685889642805105,0.19057919125419517,0.0627523712718118,0.16306032061443831,0.17466769157559203,-0.039310484018240534,0.12348136651822127,0.12954843469672198
fixed_density,wide_1.5_5.0,"[1.5, 5.0]",1.5,5.0,12000,10,4.25,1500,1500,0.0,0.36719468226799123,-0.21627353989432443,0.13692248012816466,0.2559482586627486,-0.09701723536918003,0.16584304876840397,0.19208832561852432,0.07284323297144289,0.16473145757104188,0.18006803918094283,-0.04263038602955292,0.11590084582278747,0.12345606723888176
fixed_density,wide_1.5_5.0,"[1.5, 5.0]",1.5,5.0,12000,10,4.5,1500,1500,0.0,0.377840560760455,-0.23511886803028745,0.1258641484892714,0.2666685298071806,-0.10415998507727897,0.16598701093197601,0.19591483480728428,0.08437596792129583,0.16176187037690978,0.18239726442215762,-0.04355184508918956,0.10910510615318583,0.1174425453143433
fixed_density,wide_1.5_5.0,"[1.5, 5.0]",1.5,5.0,12000,10,4.75,1500,1500,0.0,0.39726528820435536,-0.2617786255367227,0.11846538047450458,0.28731992469710627,-0.11593162632506247,0.16350111038185297,0.20038695899785675,0.09148880367774524,0.16358384801960188,0.1873820609015974,-0.05188341032234657,0.10552576475176503,0.1175591404433142
fixed_density,wide_1.5_5.0,"[1.5, 5.0]",1.5,5.0,12000,10,5.0,1500,1500,0.0,0.4095208663106839,-0.2814403579277326,0.10480561071742406,0.30030912123618647,-0.12193732307505228,0.16178504906821695,0.20254792830170765,0.09895435152604894,0.1634685270641057,0.19103954665693904,-0.05406280503367529,0.09706936645607814,0.11108090362895018
fixed_density,wide_1.5_5.0,"[1.5, 5.0]",1.5,5.0,12000,10,5.25,1500,1500,0.0,0.42657985059892956,-0.3031387755678747,0.09550115004316591,0.3178167814940728,-0.12984915713105416,0.16126362502328434,0.20700102187861752,0.10540357361804933,0.16438229925302653,0.1952266356800782,-0.05955078326373122,0.09274726299962602,0.11019353827720453
fixed_density,wide_1.5_5.0,"[1.5, 5.0]",1.5,5.0,12000,10,5.5,1500,1500,0.0,0.44347551753862485,-0.3254372414867684,0.08870162493793916,0.33730124680217777,-0.13465470121812603,0.16119144638265637,0.20999345027599697,0.10980778943320689,0.16358864450983196,0.19698008631085012,-0.0663839264817566,0.08497854870726065,0.10781171179283171
fixed_density,wide_1.5_5.0,"[1.5, 5.0]",1.5,5.0,12000,10,5.75,1500,1500,0.0,0.4586669975506659,-0.34473814014402615,0.08351654324178531,0.3547037471698824,-0.13955953073200494,0.16096999465954565,0.21300452477051074,0.11524878976859686,0.16101160960906516,0.19796398362600112,-0.07225787545562998,0.08113809437718737,0.1086287346774167
fixed_density,wide_1.5_5.0,"[1.5, 5.0]",1.5,5.0,12000,15,0.75,1500,1464,0.02400000000000002,1.040558759778054,0.5889240829562679,0.41619756267267394,0.7210642597630028,0.5066088188898857,0.47680303115112627,0.6955848893085956,-0.17432644936183755,0.09780726886830488,0.1998735561767036,-0.18375770034364947,0.2855429087439719,0.33947894195729045
fixed_density,wide_1.5_5.0,"[1.5, 5.0]",1.5,5.0,12000,15,1.0,1500,1499,0.0006666666666667043,0.672146878349493,0.43038745301952464,0.27891495712923203,0.5128108969787823,0.243434087545914,0.31317382218487555,0.396576057060134,-0.14425908102936508,0.09617297278202004,0.17336018250794963,-0.0857623105124822,0.2578208847265468,0.2716292299021573
fixed_density,wide_1.5_5.0,"[1.5, 5.0]",1.5,5.0,12000,15,1.25,1500,1500,0.0,0.5042697478805952,0.2961892894798,0.2467138451999062,0.3854286420790881,0.14897513693502124,0.24352524232599818,0.2854095280685478,-0.11329873578649612,0.10698209365001678,0.1558016103264599,-0.028362278266105045,0.2690738165248491,0.2704752676713085
fixed_density,wide_1.5_5.0,"[1.5, 5.0]",1.5,5.0,12000,15,1.5,1500,1500,0.0,0.41194899290254144,0.20240519591942527,0.23697922047453318,0.3115920006000483,0.08620205006873805,0.20837037733064082,0.22543305460572455,-0.08280020696248917,0.12225557581336437,0.14762227408697517,0.011741550911594728,0.25025153758571766,0.2504434976738587
fixed_density,wide_1.5_5.0,"[1.5, 5.0]",1.5,5.0,12000,15,1.75,1500,1500,0.0,0.37715474216040845,0.13739747259216523,0.24444738321658455,0.28034398921213965,0.057942866247255406,0.19408145974547425,0.20248426364503042,-0.06717671088817612,0.13473107057395056,0.15050936921945351,0.00952221379489315,0.2177554298451037,0.21789100065039443
fixed_density,wide_1.5_5.0,"[1.5, 5.0]",1.5,5.0,12000,15,2.0,1500,1500,0.0,0.3536766644494836,0.08081125913442846,0.2447754329878161,0.2576927023715166,0.038562802529603465,0.1862882294086278,0.19017691400078315,-0.04541903577160662,0.14305645782246368,0.15004797733297287,0.010017776738653289,0.1943080361637304,0.19450140966064797
fixed_density,wide_1.5_5.0,"[1.5, 5.0]",1.5,5.0,12000,15,2.25,1500,1500,0.0,0.34169923007672537,0.03303083318789312,0.2355216763208426,0.23774884994756162,0.022458938796561037,0.190394519265114,0.19165153321262718,-0.030190207589036382,0.15035677838779662,0.15330863641976597,0.005201949846084965,0.1745749572102291,0.17459426782313864
fixed_density,wide_1.5_5.0,"[1.5, 5.0]",1.5,5.0,12000,15,2.5,1500,1500,0.0,0.34172142981491793,0.00817191280173524,0.23865351264232332,0.23871386411900694,0.0002860822381401249,0.1869543453309781,0.18689223578403721,-0.014593025515852275,0.15704777983837642,0.15767218802239039,0.0021078302448304382,0.1564787315937152,0.1564407640628177
fixed_density,wide_1.5_5.0,"[1.5, 5.0]",1.5,5.0,12000,15,2.75,1500,1500,0.0,0.32793850544465547,-0.019544138515640866,0.22476551165087316,0.22553897421032484,-0.012952161129192272,0.17657119307384134,0.17698689154083502,0.0009383535507475169,0.15927179866920194,0.15922146428211698,0.003049510495835027,0.1538042687765894,0.15378323090019588
fixed_density,wide_1.5_5.0,"[1.5, 5.0]",1.5,5.0,12000,15,3.0,1500,1500,0.0,0.322006258564877,-0.04910955464364484,0.20979498943580205,0.21539810427346814,-0.02374003892402005,0.17861199939399525,0.18012375637715367,0.013819246268567951,0.15707512995102635,0.15762969142560163,-0.00530725002425667,0.13518339879717461,0.1352425050750282
fixed_density,wide_1.5_5.0,"[1.5, 5.0]",1.5,5.0,12000,15,3.25,1500,1500,0.0,0.3173188069325645,-0.06614303071497994,0.19904329932042727,0.20968243455247848,-0.03664259650533577,0.17199387298201163,0.17579775584586668,0.02653100227633731,0.15853236842649637,0.16068494301834504,-0.003981800523639426,0.13291752436381182,0.1329328588908422
fixed_density,wide_1.5_5.0,"[1.5, 5.0]",1.5,5.0,12000,15,3.5,1500,1500,0.0,0.3132982663439998,-0.09641145236673143,0.1798468222718012,0.20400608906535084,-0.05270505997771165,0.1658462372986925,0.17396683914979594,0.04710607081942796,0.15514484490909763,0.16208904403026447,-0.0019382855038326964,0.12291506204271267,0.12288937038114255
fixed_density,wide_1.5_5.0,"[1.5, 5.0]",1.5,5.0,12000,15,3.75,1500,1500,0.0,0.3157915390015605,-0.12085733517142642,0.16941491498511732,0.2080595458241224,-0.06653152813772628,0.16041025182515153,0.17361088337915104,0.05794093776302494,0.1515022519792669,0.16215666088306338,-0.009234224951247729,0.1136458382997972,0.11398261807079178
fixed_density,wide_1.5_5.0,"[1.5, 5.0]",1.5,5.0,12000,15,4.0,1500,1500,0.0,0.32339330776786396,-0.14304081786344564,0.15268485328461776,0.2091836471173284,-0.07838673658470968,0.16116878662210665,0.17917182070605295,0.07119964181932219,0.15384824496582455,0.1694782934555674,-0.008629850196638533,0.11014930562410721,0.11045023885987337
fixed_density,wide_1.5_5.0,"[1.5, 5.0]",1.5,5.0,12000,15,4.25,1500,1500,0.0,0.3309465276583064,-0.1690752202528314,0.14045770496355056,0.21977635164544473,-0.09169052375465317,0.1550378928099518,0.18007741628129856,0.08461202328615369,0.14714388639328016,0.16969408820568818,-0.013460005777560326,0.10077791690575277,0.10163950756982998
fixed_density,wide_1.5_5.0,"[1.5, 5.0]",1.5,5.0,12000,15,4.5,1500,1500,0.0,0.34285518259673103,-0.19496240467603695,0.1279674631476773,0.23318467734201287,-0.10224253409285555,0.1498053961790554,0.1813290693672958,0.09418172677490265,0.1464187342097277,0.17405272502529107,-0.01937695495552361,0.09727730931297879,0.09915660697729572
fixed_density,wide_1.5_5.0,"[1.5, 5.0]",1.5,5.0,12000,15,4.75,1500,1500,0.0,0.3569248199092776,-0.21490213120839963,0.11713110804133776,0.2447314364861812,-0.11508098088136655,0.14811790861113433,0.1875311202673294,0.10775924954604049,0.14399895114151004,0.17981637854756424,-0.019568323352182015,0.09015826195264003,0.0922280460001414
fixed_density,wide_1.5_5.0,"[1.5, 5.0]",1.5,5.0,12000,15,5.0,1500,1500,0.0,0.37101871869277103,-0.23466342630413217,0.10382005194392756,0.2565898304589985,-0.12565730751538023,0.14633511885506204,0.19284566358705885,0.1165990121265972,0.14507170456430604,0.1860835795042509,-0.02304441322500716,0.08594050147919674,0.08894881072195984
fixed_density,wide_1.5_5.0,"[1.5, 5.0]",1.5,5.0,12000,15,5.25,1500,1500,0.0,0.39213937798712417,-0.25685355916662594,0.09544228190341845,0.2740016554914314,-0.13504961582128927,0.14872224448933616,0.20085307864726995,0.12916523288456527,0.14725903973745083,0.19584285882818694,-0.02331386475131672,0.08610230390128389,0.08917511212362074
fixed_density,wide_1.5_5.0,"[1.5, 5.0]",1.5,5.0,12000,15,5.5,1500,1500,0.0,0.40727813871984064,-0.27669123580146787,0.08551529958141262,0.2895963245407889,-0.14281342073893197,0.14650338436058472,0.20455954131867737,0.1370971447638045,0.14623089172195394,0.2004116891477545,-0.026406963139454526,0.07910486802951971,0.08337107488883017
fixed_density,wide_1.5_5.0,"[1.5, 5.0]",1.5,5.0,12000,15,5.75,1500,1500,0.0,0.42612488227477036,-0.2991773863747052,0.07960579460560309,0.3095803067559357,-0.14957841501732172,0.14680481354733765,0.20954948759400233,0.1441420052157293,0.1451502300041151,0.20452740943863415,-0.03205174712296355,0.07606099290267261,0.08251504278138574
fixed_density,wide_1.5_5.0,"[1.5, 5.0]",1.5,5.0,12000,20,0.75,1500,1470,0.020000000000000018,1.0448030583541692,0.6200671702322754,0.3782449830762481,0.7262611353983421,0.5539824889411387,0.4393683143877321,0.7069722702776596,-0.1597785949282536,0.08125809380110348,0.1792416956286256,-0.15108574370572528,0.27377747632299737,0.31261800860599476
fixed_density,wide_1.5_5.0,"[1.5, 5.0]",1.5,5.0,12000,20,1.0,1500,1499,0.0006666666666667043,0.6581032665823803,0.46419655882170996,0.23621718502721217,0.5208068546680168,0.2560752571672483,0.27309211588645854,0.3743048067929481,-0.12285012734635863,0.07193600520945466,0.14234988750905442,-0.02004269112905776,0.22367065107715886,0.2244925277103687
fixed_density,wide_1.5_5.0,"[1.5, 5.0]",1.5,5.0,12000,20,1.25,1500,1500,0.0,0.44600082312165734,0.305879422355911,0.17349048403562015,0.35162636861636565,0.1302945976825359,0.20518139067308347,0.24299798146296475,-0.09097121200339062,0.08920288941925011,0.12738764509868414,0.02888372655370166,0.21899539294136272,0.22081956239069456
fixed_density,wide_1.5_5.0,"[1.5, 5.0]",1.5,5.0,12000,20,1.5,1500,1499,0.0006666666666667043,0.34948245083316754,0.18163851989087032,0.17899181886783525,0.25496911610423023,0.07228363966754155,0.18451991239387677,0.19811564575357749,-0.06294478516258008,0.11056688771970813,0.12719641181170013,0.03932439760388948,0.2184454816446676,0.22188511259187033
fixed_density,wide_1.5_5.0,"[1.5, 5.0]",1.5,5.0,12000,20,1.75,1500,1500,0.0,0.32762540331480716,0.11534767884455824,0.20370475225362203,0.23403642740994343,0.045824545059193755,0.17865128200493938,0.1843770375386148,-0.05261686107717182,0.12574764868053245,0.13627348814374923,0.02347797334789134,0.18489966005444494,0.18632312684665522
fixed_density,wide_1.5_5.0,"[1.5, 5.0]",1.5,5.0,12000,20,2.0,1500,1500,0.0,0.34026733404529885,0.07792321646293981,0.23353511326246482,0.24611850334955473,0.03238046491809149,0.18263815558679342,0.18542640746993602,-0.039970634168574146,0.13870747367413505,0.1443072705724264,0.020875101358548736,0.16214978869604715,0.16343437662127974
fixed_density,wide_1.5_5.0,"[1.5, 5.0]",1.5,5.0,12000,20,2.25,1500,1500,0.0,0.34019878999709197,0.05073013034848113,0.2362340618437901,0.2415426954924106,0.01926667297980283,0.18251866844707312,0.18347223307587662,-0.0347207406814804,0.15013253926444675,0.1540463652927172,0.009389198832993486,0.15585331117922385,0.15608400993433988
fixed_density,wide_1.5_5.0,"[1.5, 5.0]",1.5,5.0,12000,20,2.5,1500,1500,0.0,0.3398039447383025,0.022274490019339302,0.23713963248132447,0.23810474178843444,0.009536634128153205,0.18562480102268453,0.18580781227037343,-0.02161065262111352,0.15426326250796482,0.15571868769313454,0.0051613761889592906,0.1439892305073227,0.14403373345824283
fixed_density,wide_1.5_5.0,"[1.5, 5.0]",1.5,5.0,12000,20,2.75,1500,1500,0.0,0.3263109966259668,0.0018013710989252256,0.2249523589803907,0.22488457714897078,-0.003787522581407141,0.17598250136911237,0.17596459744763684,-0.006971355842621298,0.1578298481371918,0.15793116831281745,0.006876214279291624,0.13464106584024577,0.13477170866198787
fixed_density,wide_1.5_5.0,"[1.5, 5.0]",1.5,5.0,12000,20,3.0,1500,1500,0.0,0.3174500610270147,-0.020324134892758906,0.2166936703108395,0.2175727765923087,-0.013669089854625829,0.17263436682942648,0.17311730188413796,0.004477583685033807,0.1531751315062046,0.15318951635253938,0.0018239133860131033,0.12088073036071288,0.12085419396362444
fixed_density,wide_1.5_5.0,"[1.5, 5.0]",1.5,5.0,12000,20,3.25,1500,1500,0.0,0.3053744689084372,-0.04869923461738087,0.1984636267936487,0.20428697479681368,-0.034581199470290994,0.16516784793879324,0.1686952589855681,0.020445830168911557,0.15053033604122687,0.1518627926296241,-0.00301682430306717,0.11428571006941432,0.11428743269754156
fixed_density,wide_1.5_5.0,"[1.5, 5.0]",1.5,5.0,12000,20,3.5,1500,1500,0.0,0.29713235676147765,-0.06393285871502312,0.1862797668475381,0.19688684193183256,-0.049686866511361394,0.15605619444941893,0.16372563891828917,0.03859194122756216,0.1457461747014975,0.15072200924064685,0.002490071210460209,0.10727809280468815,0.10727123219972463
fixed_density,wide_1.5_5.0,"[1.5, 5.0]",1.5,5.0,12000,20,3.75,1500,1500,0.0,0.29527540196943425,-0.09256648816943099,0.16994942833086693,0.19347379077422838,-0.05971433100303949,0.1513053195837036,0.16261561690577064,0.04979325388420556,0.14438194391309883,0.15268142136493473,-0.003468158769757178,0.10138935243690304,0.10141486928602596
fixed_density,wide_1.5_5.0,"[1.5, 5.0]",1.5,5.0,12000,20,4.0,1500,1500,0.0,0.28892804388745635,-0.11192058567341084,0.1507199335059403,0.1876900943610957,-0.07110267280783537,0.14341153069871182,0.16002732883169496,0.059850085108945184,0.13810785718516175,0.1504762341712056,-0.008294578384092154,0.09562048801498654,0.0959478099818258
fixed_density,wide_1.5_5.0,"[1.5, 5.0]",1.5,5.0,12000,20,4.25,1500,1500,0.0,0.30511882416219666,-0.13777435650943332,0.13935781039844217,0.19593219634461276,-0.08790222781068865,0.14460129225085508,0.16918154652784187,0.07862162590617955,0.14112970610036962,0.16151060524976463,-0.005434313898986812,0.08797919114103182,0.08811758970830047
fixed_density,wide_1.5_5.0,"[1.5, 5.0]",1.5,5.0,12000,20,4.5,1500,1500,0.0,0.3105902215438267,-0.15726034974834915,0.12336490437985805,0.19984887115652214,-0.09803317335353127,0.13949858674630072,0.17046227015044285,0.08981893306199591,0.13933711406431948,0.16573873678553433,-0.0060678896835239665,0.08475271030437652,0.08494146518561882
fixed_density,wide_1.5_5.0,"[1.5, 5.0]",1.5,5.0,12000,20,4.75,1500,1500,0.0,0.327937106030017,-0.18616964719887527,0.11321912253728142,0.21787418739521872,-0.11122373931386081,0.13792916147729672,0.17715103952201536,0.09990448571109647,0.13683080314173418,0.16938445375678693,-0.014750663016907741,0.07889111525523743,0.08023241813803227
fixed_density,wide_1.5_5.0,"[1.5, 5.0]",1.5,5.0,12000,20,5.0,1500,1500,0.0,0.35072091852345477,-0.2075264964997048,0.10643410406625249,0.23321216330233635,-0.1264554681023223,0.14022432447190172,0.1887875472918246,0.11601973900870767,0.13974602329351954,0.18159435994908352,-0.013845324199103743,0.0769320571650468,0.07814274584082997
fixed_density,wide_1.5_5.0,"[1.5, 5.0]",1.5,5.0,12000,20,5.25,1500,1500,0.0,0.36564025188335997,-0.2287420022205052,0.09555025238193242,0.2478843838222632,-0.1365723357208408,0.1378084287607935,0.19398583748925177,0.12636075436835253,0.13660534888625178,0.18605273689999152,-0.016999374139271238,0.0705081328597643,0.07250559465285548
fixed_density,wide_1.5_5.0,"[1.5, 5.0]",1.5,5.0,12000,20,5.5,1500,1500,0.0,0.3849658885729741,-0.25148107008626275,0.08571215918877681,0.2656772574541878,-0.1446601472393247,0.13833664973963353,0.2001270317607836,0.13390404641742829,0.14016527845695165,0.19381305785477657,-0.021230712060546875,0.06963948238538842,0.07278164285379982
fixed_density,wide_1.5_5.0,"[1.5, 5.0]",1.5,5.0,12000,20,5.75,1500,1500,0.0,0.4090319313844099,-0.27446858688135306,0.08214193470887397,0.28648875095555143,-0.15723730808743475,0.14010834543585388,0.21057263026419548,0.144196868999561,0.14181380136821253,0.20221395563018657,-0.02605058095154073,0.06943769324395278,0.07414183444897153
fixed_total,medium_1.5_3.5,"[1.5, 3.5]",1.5,3.5,12000,7,0.75,1500,1500,0.0,1.3908193509362823,1.056212251044102,0.3590046484379908,1.1155190424031325,0.4582586637654315,0.6457740128683078,0.7916735833420565,-0.2027018811835203,0.1489140738102002,0.2514928834244988,0.0801398115832488,0.5205021048838228,0.5264638787498117
fixed_total,medium_1.5_3.5,"[1.5, 3.5]",1.5,3.5,12000,7,1.0,1500,1500,0.0,0.9007301919347799,0.7004092595753485,0.26472326686856285,0.748735480648387,0.20554773706699417,0.40387039922897,0.4530479342414893,-0.1486173831906909,0.15292511926506067,0.2132079453505744,0.13337832337023492,0.4761734044679816,0.4943477799352745
fixed_total,medium_1.5_3.5,"[1.5, 3.5]",1.5,3.5,12000,7,1.25,1500,1500,0.0,0.6244899591396086,0.4476932059706097,0.21511523697304397,0.4966617784167541,0.11319955627329807,0.307557916592575,0.3276323402095674,-0.09947469303295045,0.1615364294297776,0.18966242794739105,0.14471134363577146,0.4527650137269062,0.47518508659983477
fixed_total,medium_1.5_3.5,"[1.5, 3.5]",1.5,3.5,12000,7,1.5,1500,1500,0.0,0.4676670466943509,0.280000930738588,0.1899331496073355,0.33830618203045726,0.05416953152417498,0.26485789380264024,0.2702540944848869,-0.06636321783507196,0.1638228721886985,0.17670347528542016,0.1131009020359824,0.3702812240057782,0.38705115092969644
fixed_total,medium_1.5_3.5,"[1.5, 3.5]",1.5,3.5,12000,7,1.75,1500,1500,0.0,0.36379941873505683,0.14819561313886706,0.16739940855877145,0.22353035595068665,0.013818029660373687,0.2345237476883363,0.234852418725727,-0.04088767164118394,0.15991806013581286,0.16501072225525326,0.06723333351070697,0.2936274482960494,0.3011310702593627
fixed_total,medium_1.5_3.5,"[1.5, 3.5]",1.5,3.5,12000,7,2.0,1500,1500,0.0,0.3177720382879586,0.054781883693081616,0.15011827953636586,0.15975458981414847,-0.02045025289160437,0.21464358321306037,0.21554434828899952,-0.011712419173838716,0.16994189008629146,0.17028850011573732,0.05625230980795821,0.2855705557438035,0.29096477044197305
fixed_total,medium_1.5_3.5,"[1.5, 3.5]",1.5,3.5,12000,7,2.25,1500,1500,0.0,0.3010915714022975,-0.0314835820159898,0.13407982160063084,0.1376830765368094,-0.03884305815500113,0.20744036702962576,0.2109777271885267,0.006798135881446399,0.16480229159199883,0.16488754784769982,0.02213030086582382,0.2404686753594331,0.24140502050077492
fixed_total,medium_1.5_3.5,"[1.5, 3.5]",1.5,3.5,12000,7,2.5,1500,1500,0.0,0.3068017984894736,-0.09670480619069098,0.12141973672251469,0.15519260132010176,-0.06460009345162225,0.19411791822141575,0.20452339003430592,0.026521663525473825,0.16591484613712154,0.16796661269654364,0.001629164842265998,0.2132161268338039,0.21315126907651918
fixed_total,medium_1.5_3.5,"[1.5, 3.5]",1.5,3.5,12000,7,2.75,1500,1500,0.0,0.3302194136358225,-0.15557105577978428,0.10743950761245905,0.1890447187675808,-0.07260820459062285,0.1960176550717359,0.2089719052718871,0.045230360082809395,0.16616353288752625,0.17215602880849154,-0.011845840339182033,0.19340190315859457,0.1936999842056719
fixed_total,medium_1.5_3.5,"[1.5, 3.5]",1.5,3.5,12000,7,3.0,1500,1500,0.0,0.3533822381800027,-0.20548140755453187,0.09445346308732863,0.22613738722729637,-0.08286244408559462,0.18655019362282033,0.20406851479521015,0.06274817202874142,0.16786417760657238,0.17915615989520722,-0.020920972686177354,0.1803235831777589,0.18147342510250697
fixed_total,medium_1.5_3.5,"[1.5, 3.5]",1.5,3.5,12000,7,3.25,1500,1500,0.0,0.3812792253681177,-0.24786878002880575,0.08738017864564573,0.2628100788326684,-0.09586191038744304,0.18400729737437516,0.207426176971858,0.0741118225076409,0.16674851046773823,0.182425577340783,-0.03819388386935348,0.16407547305798045,0.1684089856578906
fixed_total,medium_1.5_3.5,"[1.5, 3.5]",1.5,3.5,12000,7,3.5,1500,1500,0.0,0.4119553291464952,-0.2918308905354347,0.07703946003457654,0.3018217857514415,-0.10180573813466555,0.1819670933610935,0.2084570859946594,0.0834543007422098,0.1679602123506459,0.18750052308359927,-0.05494605543772785,0.1498478433041875,0.15955712320979878
fixed_total,medium_1.5_3.5,"[1.5, 3.5]",1.5,3.5,12000,7,3.75,1500,1500,0.0,0.43899648674714087,-0.32666561496286445,0.0698290355800529,0.3340408170862258,-0.10918021210130446,0.17712179307718995,0.20801810869323248,0.09314475280557069,0.17089950400988918,0.19458446585580716,-0.06466204339684542,0.13839342616983882,0.15271264443286112
fixed_total,medium_1.5_3.5,"[1.5, 3.5]",1.5,3.5,12000,7,4.0,1500,1500,0.0,0.464788715925361,-0.35881716315338824,0.063078336426097,0.3643157703358149,-0.11370895888546037,0.17807392005103248,0.2112318823453393,0.10233133918010229,0.16802017544982925,0.1966816255195498,-0.07628072057614749,0.12874353198529057,0.14960813957907437
fixed_total,medium_1.5_3.5,"[1.5, 3.5]",1.5,3.5,12000,7,4.25,1500,1500,0.0,0.4906975843485211,-0.387605976683749,0.05610318975034427,0.391642518992162,-0.12228191683044848,0.17518655997509125,0.21359479806190124,0.11036293646640669,0.17209673429690436,0.20439549614373517,-0.08384972584946224,0.12309674383627234,0.14890763242995336
fixed_total,medium_1.5_3.5,"[1.5, 3.5]",1.5,3.5,12000,7,4.5,1500,1500,0.0,0.5142157794150161,-0.4168942587013166,0.05194914513760119,0.4201163380257832,-0.12691139238952084,0.17569460212866952,0.21668990671753416,0.11377163660083103,0.16745244967964978,0.2023996409333394,-0.09992086846686447,0.10880066947672591,0.14769520611709258
fixed_total,medium_1.5_3.5,"[1.5, 3.5]",1.5,3.5,12000,7,4.75,1500,1500,0.0,0.5357811740408823,-0.4396886583780873,0.04629348128420312,0.4421173758081221,-0.13153566381948023,0.17685951198834718,0.22036348376988524,0.12061042749529235,0.16883647740571417,0.207445480755705,-0.10631063366237169,0.10396958224705602,0.1486755474614681
fixed_total,medium_1.5_3.5,"[1.5, 3.5]",1.5,3.5,12000,7,5.0,1500,1500,0.0,0.5568861900556225,-0.46243373165015145,0.041557773820363485,0.46429608373006853,-0.13689831824263768,0.17631900003937626,0.22317888278097642,0.1250077312526891,0.17068992964827834,0.21152437587243506,-0.11545524755439733,0.09835164199671989,0.1516460054676982
fixed_total,medium_1.5_3.5,"[1.5, 3.5]",1.5,3.5,12000,7,5.25,1500,1500,0.0,0.5762176846032762,-0.48497497661029654,0.037073364657674066,0.4863889863222855,-0.1373933851715964,0.17688903008636106,0.22393260467045495,0.12903593530919813,0.16933873469973154,0.21285385267700893,-0.12386974491076407,0.0909303036061159,0.15364413950668246
fixed_total,medium_1.5_3.5,"[1.5, 3.5]",1.5,3.5,12000,7,5.5,1500,1500,0.0,0.5937683797433182,-0.5039106710336352,0.033712476541549324,0.5050363727185894,-0.14257052288625083,0.17560712750220311,0.22614963774047395,0.13238942259688652,0.16984629814010863,0.21530325674292003,-0.1322454581761742,0.08342631144944612,0.15634631650279296
fixed_total,medium_1.5_3.5,"[1.5, 3.5]",1.5,3.5,12000,7,5.75,1500,1500,0.0,0.6108328536230588,-0.5216631839896669,0.03106067006246128,0.5225864517743927,-0.14835301981136137,0.17567321515448062,0.22988937112775384,0.1356441854510544,0.16967881841061816,0.2171889788401461,-0.14018778522915748,0.07866213074347041,0.16073649488116823
fixed_total,medium_1.5_3.5,"[1.5, 3.5]",1.5,3.5,12000,10,0.75,1500,1500,0.0,1.2458165363589433,0.7992640852123808,0.39905334107995455,0.8932863396235873,0.5553389119412078,0.6232869996647272,0.8346430374384418,-0.20409077155977895,0.12580487260410136,0.23972767416971164,-0.09225154297422918,0.4260380837696935,0.4357726360967727
fixed_total,medium_1.5_3.5,"[1.5, 3.5]",1.5,3.5,12000,10,1.0,1500,1500,0.0,0.7777294312432368,0.5597921928016197,0.2540428353218136,0.6147048365884283,0.24329961025608768,0.3671317843589408,0.4403300923995764,-0.13630465151738555,0.12058680656455917,0.1819627484517166,0.06019013541162617,0.3686365165059973,0.3733967574154136
fixed_total,medium_1.5_3.5,"[1.5, 3.5]",1.5,3.5,12000,10,1.25,1500,1500,0.0,0.529520852177111,0.35456285950482275,0.2084013789355843,0.41123837611859804,0.1260244614959198,0.26139175774528584,0.29010733441003406,-0.09567478747224502,0.13405738093174627,0.16466045493444095,0.0822657248259379,0.35766774365783566,0.36689041986836973
fixed_total,medium_1.5_3.5,"[1.5, 3.5]",1.5,3.5,12000,10,1.5,1500,1500,0.0,0.40282805178044845,0.2184241837121978,0.1873183875429605,0.28770455370598536,0.06011656215446112,0.22979549316790385,0.23745476568481658,-0.05869403617406785,0.14028504331594385,0.15202553513025455,0.07749550068083713,0.29766320431269944,0.3074896208091307
fixed_total,medium_1.5_3.5,"[1.5, 3.5]",1.5,3.5,12000,10,1.75,1500,1500,0.0,0.32846849473135814,0.1099268886681457,0.179649476030388,0.21056196032069324,0.014702211945289898,0.2039106446091485,0.20437217599356836,-0.03392578812876799,0.1437011975104276,0.14760496799445819,0.05318054842905811,0.26379186995101817,0.26901288187811523
fixed_total,medium_1.5_3.5,"[1.5, 3.5]",1.5,3.5,12000,10,2.0,1500,1500,0.0,0.297247494189864,0.027488256616487173,0.16793830436923543,0.17011783017518042,-0.010989538218054729,0.19105790075697507,0.19131010422247377,-0.006300416553613028,0.15096999721462842,0.1510511194299068,0.04053833574234791,0.23709739358585236,0.24046008801309854
fixed_total,medium_1.5_3.5,"[1.5, 3.5]",1.5,3.5,12000,10,2.25,1500,1500,0.0,0.28776548359942944,-0.044656404374596816,0.15058823753570494,0.15702195342558947,-0.04009315010118575,0.1839409725129532,0.18819985618078422,0.01006926547866385,0.15049120280365907,0.1507776303937612,0.012003703564118288,0.20896612178172652,0.2092410517203757
fixed_total,medium_1.5_3.5,"[1.5, 3.5]",1.5,3.5,12000,10,2.5,1500,1500,0.0,0.295606688447338,-0.09818264503572732,0.13913198997951806,0.17024875118910143,-0.05957972732368738,0.17490236312219243,0.18471650343867052,0.03341652217130494,0.1522408548823744,0.15581556511062888,0.0026454474433071245,0.19025475111100154,0.1902097196927755
fixed_total,medium_1.5_3.5,"[1.5, 3.5]",1.5,3.5,12000,10,2.75,1500,1500,0.0,0.3199343848306212,-0.14818861545111142,0.13054898267092577,0.19746275750416023,-0.07641570906192661,0.17299346492256135,0.18906651828941015,0.05627229164829421,0.15642910287578105,0.16619362700693838,-0.0025998414206364656,0.18252299852446086,0.18248066857189524
fixed_total,medium_1.5_3.5,"[1.5, 3.5]",1.5,3.5,12000,10,3.0,1500,1500,0.0,0.3383941853792462,-0.1908720900704409,0.11567756819307287,0.22316929377582276,-0.08949234178025106,0.16889863248798406,0.19109319574905548,0.06988672160535749,0.15271173807444013,0.167897235094856,-0.017289056509448054,0.16161817103387982,0.16248671041406565
fixed_total,medium_1.5_3.5,"[1.5, 3.5]",1.5,3.5,12000,10,3.25,1500,1500,0.0,0.36501589076630847,-0.23289523341990845,0.10580711255046563,0.2557887241180431,-0.1082380756499472,0.1656038047087001,0.19779236101101488,0.08018634872488012,0.14923775818747997,0.1693721082459376,-0.03792779868678802,0.14280946994174337,0.14771413695083666
fixed_total,medium_1.5_3.5,"[1.5, 3.5]",1.5,3.5,12000,10,3.5,1500,1500,0.0,0.39142159551764755,-0.26521212149221907,0.0940079164368,0.28136998077316294,-0.11715277619689476,0.16394409751693004,0.2014560042206237,0.10096855051138622,0.1525717807915663,0.18291330657103883,-0.03383118207384536,0.13699856449560585,0.141069639362696
fixed_total,medium_1.5_3.5,"[1.5, 3.5]",1.5,3.5,12000,10,3.75,1500,1500,0.0,0.4174667241228433,-0.29982404390714346,0.08254679073480245,0.31097248643088593,-0.12547342269337575,0.16250802634003753,0.20526770939817812,0.10796531603262764,0.15426957740783806,0.18825447115879004,-0.04872972863101684,0.1265344209640916,0.13555394560116893
fixed_total,medium_1.5_3.5,"[1.5, 3.5]",1.5,3.5,12000,10,4.0,1500,1500,0.0,0.44352745447612146,-0.33092812019224327,0.07526192313983507,0.3393729535048844,-0.136930448806532,0.16104812817350248,0.21135078991766673,0.11639176469092333,0.15278076883441305,0.19202459453053888,-0.06098890748008046,0.1202169692114133,0.13476695357369373
fixed_total,medium_1.5_3.5,"[1.5, 3.5]",1.5,3.5,12000,10,4.25,1500,1500,0.0,0.46969029527085115,-0.3601912673483291,0.06685555864942709,0.3663392348891588,-0.14411529382479435,0.15961373609561794,0.21500878656799455,0.12690565251663283,0.15519914097454754,0.20043891875332914,-0.06645861883682734,0.11309736082786759,0.13114584896942064
fixed_total,medium_1.5_3.5,"[1.5, 3.5]",1.5,3.5,12000,10,4.5,1500,1500,0.0,0.4917784875946616,-0.38408864957430006,0.059459623820033024,0.38866075262631394,-0.14948076032898236,0.16132817573898148,0.21989526327081302,0.138059448685051,0.15293840422101293,0.20599750828565797,-0.07090789680620799,0.10635351856730635,0.12779460093128003
fixed_total,medium_1.5_3.5,"[1.5, 3.5]",1.5,3.5,12000,10,4.75,1500,1500,0.0,0.5167149967916542,-0.41015576309103197,0.05588708101310069,0.41394327338062736,-0.15948864064374954,0.1593644506910229,0.2254256491314742,0.14418567684443187,0.15509725468611957,0.21172772857135141,-0.08095755761464767,0.10108618485232544,0.1294825495002403
fixed_total,medium_1.5_3.5,"[1.5, 3.5]",1.5,3.5,12000,10,5.0,1500,1500,0.0,0.5378165309266756,-0.4320472298045506,0.047789447359601916,0.4346804774849411,-0.16522221708966311,0.15940184323939255,0.22954387238547863,0.15227035839809033,0.15633024274996335,0.21819512845557873,-0.08507010800582698,0.09335856881956353,0.12628117476453973
fixed_total,medium_1.5_3.5,"[1.5, 3.5]",1.5,3.5,12000,10,5.25,1500,1500,0.0,0.5580104365436824,-0.45314093719572446,0.04315881642494001,0.4551902356255726,-0.17125899447830095,0.1589991000774898,0.2336525266414925,0.1575540650923228,0.1574078403443491,0.22267463590820888,-0.09262025988137187,0.08861480267575461,0.12816341419552468
fixed_total,medium_1.5_3.5,"[1.5, 3.5]",1.5,3.5,12000,10,5.5,1500,1500,0.0,0.5771523223472539,-0.47396439373473537,0.03912700682935101,0.47557559712063685,-0.17539086731199077,0.1595423905998058,0.23706277976903323,0.16177957275947016,0.15677259964287815,0.2252418545971352,-0.10051562936540054,0.08067758466261182,0.12887173920325126
fixed_total,medium_1.5_3.5,"[1.5, 3.5]",1.5,3.5,12000,10,5.75,1500,1500,0.0,0.5943050325565683,-0.49293238805986794,0.03708902153394535,0.49432480987005983,-0.17828603418327338,0.15963025936132835,0.2392712724268456,0.16624119636514526,0.15482427866076068,0.22713588941475343,-0.10810468794783733,0.07657170439026566,0.1324610910881155
fixed_total,medium_1.5_3.5,"[1.5, 3.5]",1.5,3.5,12000,15,0.75,1500,1488,0.008000000000000007,1.2085390692477913,0.881578619947393,0.3085487515363055,0.9339803076944849,0.5426693328539132,0.4982834880162442,0.7366203771867994,-0.16073244181549445,0.10026332464898909,0.18942253364326803,0.094079477987021,0.39262201738713925,0.4036079780042075
fixed_total,medium_1.5_3.5,"[1.5, 3.5]",1.5,3.5,12000,15,1.0,1500,1500,0.0,0.7334538953451544,0.5698322099666281,0.18514747775304471,0.5991372822440223,0.2412601224531794,0.31321528345082983,0.3952782032072879,-0.11560522230391743,0.09688119310729243,0.15081205419808255,0.12007205961405804,0.3022058831764465,0.3250920019459111
fixed_total,medium_1.5_3.5,"[1.5, 3.5]",1.5,3.5,12000,15,1.25,1500,1499,0.0006666666666667043,0.49904284413154987,0.3516018033154292,0.17063778477447442,0.39079618375231323,0.13535115240627196,0.24054801526209255,0.27594325649477386,-0.08257821320687479,0.10840093771993935,0.1362427448591583,0.10489401801944635,0.2754813753792073,0.2946898642984608
fixed_total,medium_1.5_3.5,"[1.5, 3.5]",1.5,3.5,12000,15,1.5,1500,1500,0.0,0.3703100146442235,0.21224883861090113,0.17130663438708246,0.27271957850763584,0.0674923335027493,0.20233812231061074,0.21323376142472503,-0.05398528279802204,0.11991696040412798,0.13147205571179718,0.08770881080586067,0.24835800972986616,0.2633123911933515
fixed_total,medium_1.5_3.5,"[1.5, 3.5]",1.5,3.5,12000,15,1.75,1500,1500,0.0,0.3112773245574024,0.11687207253856803,0.1744883217719745,0.20996418343288273,0.033955591570137125,0.18288456856748925,0.18595012711848635,-0.039639881212660356,0.12911606589947575,0.13502283023102432,0.04993022182704554,0.2060473606187756,0.21194395059335006
fixed_total,medium_1.5_3.5,"[1.5, 3.5]",1.5,3.5,12000,15,2.0,1500,1500,0.0,0.28009704554103776,0.03829474675229818,0.1716172049579031,0.175782017537898,0.007968758803815717,0.17165443719998272,0.17178213943861928,-0.01507145445235877,0.133531540006434,0.1343351547474267,0.031298610355707156,0.18362705024790388,0.1862149761178088
fixed_total,medium_1.5_3.5,"[1.5, 3.5]",1.5,3.5,12000,15,2.25,1500,1500,0.0,0.2723696314771236,-0.026971324480507586,0.15933223996547943,0.16154655839165483,-0.014190446376217646,0.1710655721397725,0.17159629887194444,0.003256300204011083,0.13654472522419842,0.1365380380562359,0.012405099572592048,0.16673434637171636,0.16713974749862087
fixed_total,medium_1.5_3.5,"[1.5, 3.5]",1.5,3.5,12000,15,2.5,1500,1500,0.0,0.2774216997057276,-0.07021521361272004,0.15292704918288313,0.16822980554254552,-0.04261468674350432,0.16373292594941327,0.16913488774400273,0.02339189886276251,0.13971669423007832,0.1416154007958028,0.0014455874309721656,0.15053020754221566,0.15048696580369114
fixed_total,medium_1.5_3.5,"[1.5, 3.5]",1.5,3.5,12000,15,2.75,1500,1500,0.0,0.28611083072091126,-0.115000085484967,0.1380796266533954,0.17966160497657704,-0.06174678574356617,0.1544769315153422,0.16631259474799456,0.043694812338824815,0.14151095218736204,0.14805821821580747,-0.003907076592405718,0.14863812840730845,0.1486399327293381
fixed_total,medium_1.5_3.5,"[1.5, 3.5]",1.5,3.5,12000,15,3.0,1500,1500,0.0,0.30403178878875253,-0.15660920468971656,0.12428197130793373,0.19990536272647486,-0.07724149793525902,0.15484051357304093,0.1729908954938091,0.06087294491991338,0.13731124785016638,0.15015766588334806,-0.016571819104548986,0.1316475878194745,0.13264297383905294
fixed_total,medium_1.5_3.5,"[1.5, 3.5]",1.5,3.5,12000,15,3.25,1500,1500,0.0,0.3265615417730455,-0.1904009199612518,0.11352435270609333,0.22165671008789758,-0.09294134966708766,0.15135550074398826,0.17757057683730426,0.07589590612441156,0.14224181383295198,0.1611813688980998,-0.021102558536199693,0.1317157522611748,0.13335213288222436
fixed_total,medium_1.5_3.5,"[1.5, 3.5]",1.5,3.5,12000,15,3.5,1500,1500,0.0,0.3537436605138899,-0.22665541138326467,0.09977393325968402,0.2476305245904055,-0.11129769692466186,0.1484932530337468,0.18553361790561626,0.09826590725925766,0.14052741385548642,0.17143796916581686,-0.021628093054806955,0.12137943454862364,0.12325144852067028
fixed_total,medium_1.5_3.5,"[1.5, 3.5]",1.5,3.5,12000,15,3.75,1500,1500,0.0,0.3791976720508091,-0.2593977972869072,0.09175912412256203,0.2751387666962485,-0.12446472042540034,0.1459802395805793,0.19180065213221878,0.10857417211320129,0.1397380060975095,0.17692383500047676,-0.03325166014492104,0.11165620385839393,0.11646660189608227
fixed_total,medium_1.5_3.5,"[1.5, 3.5]",1.5,3.5,12000,15,4.0,1500,1500,0.0,0.4086426965506306,-0.28893880899880103,0.08046226662794066,0.29992581679305996,-0.13704705554860463,0.1492427491051783,0.20258441367219376,0.12293712459975034,0.1445451675696471,0.189717983339166,-0.0356238171595284,0.10857652840560562,0.11423685757210053
fixed_total,medium_1.5_3.5,"[1.5, 3.5]",1.5,3.5,12000,15,4.25,1500,1500,0.0,0.4339462452698656,-0.31821756373807,0.07226385996260842,0.32631426869065505,-0.14901624397616797,0.14653333704971963,0.20895823782863154,0.13470475170619509,0.14153720970770878,0.19535812416239662,-0.04360480180152789,0.09907616400761922,0.10821700863126314
fixed_total,medium_1.5_3.5,"[1.5, 3.5]",1.5,3.5,12000,15,4.5,1500,1500,0.0,0.4588732418505319,-0.346192746249008,0.06428818465831301,0.35210741674707774,-0.158328237610307,0.14376696372130962,0.21382935109379106,0.14292694172778936,0.14299492577173303,0.20214358206216862,-0.05236143956107863,0.09514941950348116,0.10857760716066964
fixed_total,medium_1.5_3.5,"[1.5, 3.5]",1.5,3.5,12000,15,4.75,1500,1500,0.0,0.4839739309747264,-0.3698137934137785,0.05860664073532826,0.37442581416324633,-0.16962058119573845,0.14449674158925746,0.22279257248886494,0.1544105519340622,0.14342468548615578,0.2107119958500541,-0.05622327477813481,0.08780604162372163,0.10423923272185301
fixed_total,medium_1.5_3.5,"[1.5, 3.5]",1.5,3.5,12000,15,5.0,1500,1500,0.0,0.5062024322807115,-0.39231972562190154,0.05167467567692559,0.3957060260306321,-0.1781162313697258,0.14382478265535945,0.22890428044158073,0.16157780352939966,0.14548951397910145,0.21739474189932742,-0.06289642589096651,0.08300947255008617,0.10412463305039459
fixed_total,medium_1.5_3.5,"[1.5, 3.5]",1.5,3.5,12000,15,5.25,1500,1500,0.0,0.5296553072179713,-0.41382001813712926,0.04682472091305247,0.4164590018196352,-0.18547852388158087,0.14649656609768924,0.23632439400913707,0.17155888077165896,0.14774819292009578,0.22637894129925318,-0.06598307973214365,0.08168838930423883,0.10498719491487789
fixed_total,medium_1.5_3.5,"[1.5, 3.5]",1.5,3.5,12000,15,5.5,1500,1500,0.0,0.5494071913677959,-0.4344017080716787,0.04184925671783167,0.4364115450923609,-0.1913402111916154,0.14588272387582762,0.2405798364331461,0.1775256454313607,0.1483707810807549,0.23133215846169944,-0.0718294068045308,0.07582463789308973,0.10442703900986504
fixed_total,medium_1.5_3.5,"[1.5, 3.5]",1.5,3.5,12000,15,5.75,1500,1500,0.0,0.5689239425761972,-0.45479038428878965,0.038741579760052595,0.45643641729947576,-0.19651734439830087,0.146522962738212,0.24509943412121024,0.18277500876046338,0.14789995231890765,0.2350883170060251,-0.0790452019923576,0.07177621302198733,0.10675455102220763
fixed_total,medium_1.5_3.5,"[1.5, 3.5]",1.5,3.5,12000,20,0.75,1500,1425,0.050000000000000044,1.0040782556993197,0.6414693425239983,0.2972209493039915,0.7069379158847496,0.4778307986418592,0.41782743970191005,0.6346491388001055,-0.11129478853119883,0.07591129344011974,0.13470341699130706,0.006009323031500298,0.25532201310188585,0.2553031442015318
fixed_total,medium_1.5_3.5,"[1.5, 3.5]",1.5,3.5,12000,20,1.0,1500,1491,0.006000000000000005,0.6086627101053029,0.43754010451467223,0.20290550423792864,0.48227002180972983,0.20510546996784587,0.2620620971910879,0.3327141954721931,-0.08503233351432044,0.07795951338342198,0.11534343163742825,0.0767822422026536,0.22518829428003276,0.23784715685297744
fixed_total,medium_1.5_3.5,"[1.5, 3.5]",1.5,3.5,12000,20,1.25,1500,1497,0.0020000000000000018,0.4105822856889723,0.2756417945185583,0.1608472050330788,0.3191127383938559,0.0953924989886556,0.20172586157423064,0.2230826502498953,-0.06217186153550182,0.09002966101272754,0.10938585758758226,0.07577373813491034,0.2095912028753847,0.22280212605987335
fixed_total,medium_1.5_3.5,"[1.5, 3.5]",1.5,3.5,12000,20,1.5,1500,1500,0.0,0.3102992105020885,0.1519375736455531,0.1619900692015037,0.22205475664842794,0.045218431410383925,0.18010869183389436,0.18564003156489775,-0.03919095086286013,0.10481630333129568,0.11187074581234636,0.05791722148892857,0.20880346853082482,0.216620006208692
fixed_total,medium_1.5_3.5,"[1.5, 3.5]",1.5,3.5,12000,20,1.75,1500,1500,0.0,0.2804995922890424,0.08174061171068596,0.17227514330663155,0.19063175702775767,0.02114648826931195,0.16848995738586484,0.16975604200004615,-0.027094109458802137,0.11312330077424684,0.11628602964805171,0.03436719050847559,0.17951253735292166,0.1827139066490343
fixed_total,medium_1.5_3.5,"[1.5, 3.5]",1.5,3.5,12000,20,2.0,1500,1500,0.0,0.2783412474216635,0.03444083634366683,0.18543314824682278,0.18854362901408325,0.003765002546827418,0.1661687393898362,0.16615600248346327,-0.009161139705397024,0.11934362823458342,0.11965505761631139,0.027836369957734104,0.16017992552981636,0.16252804977233784
fixed_total,medium_1.5_3.5,"[1.5, 3.5]",1.5,3.5,12000,20,2.25,1500,1500,0.0,0.26813316836458073,-0.007187385438353175,0.17486031182675724,0.1749497158495038,-0.018221435665638153,0.1594028655468654,0.1603881377988181,0.006707137854205484,0.12461542892725196,0.12475431116732526,0.018611977272360386,0.15488144272091894,0.1559444607002782
fixed_total,medium_1.5_3.5,"[1.5, 3.5]",1.5,3.5,12000,20,2.5,1500,1500,0.0,0.27020464265212907,-0.05174799278789151,0.1644342620535052,0.1723323984154801,-0.036400691855147306,0.15842936946189332,0.1625058221486882,0.029713366292556966,0.12661656619507952,0.13001519578461562,0.014479848463705317,0.1449232067479625,0.1455967034027275
fixed_total,medium_1.5_3.5,"[1.5, 3.5]",1.5,3.5,12000,20,2.75,1500,1500,0.0,0.2729236146163044,-0.087833526530588,0.14735207834837988,0.17150186088317196,-0.05676285547686372,0.14878352851636037,0.15919736941114138,0.05239964533723725,0.1303695389309299,0.14046568513843793,0.01614459825660604,0.1361810533232309,0.13708961965651903
fixed_total,medium_1.5_3.5,"[1.5, 3.5]",1.5,3.5,12000,20,3.0,1500,1500,0.0,0.28677138716359035,-0.12665515304781913,0.13573998680498983,0.18561947163136402,-0.07074731180902563,0.14794658903653604,0.16394750137450756,0.06900208545573844,0.12709814528621072,0.1445837371217073,0.007506325062506363,0.12227575041342659,0.122465246018416
fixed_total,medium_1.5_3.5,"[1.5, 3.5]",1.5,3.5,12000,20,3.25,1500,1500,0.0,0.308581643429592,-0.16424252970715755,0.12038684279004551,0.2036146814130807,-0.09405139998573236,0.14353225785593163,0.17156176889136573,0.08868072123744514,0.12836263457252375,0.15598157464785103,0.0016899723030290399,0.11562786070463985,0.1156016651094143
fixed_total,medium_1.5_3.5,"[1.5, 3.5]",1.5,3.5,12000,20,3.5,1500,1500,0.0,0.33229711536299344,-0.19397021565486844,0.10792005848884569,0.22195364176500734,-0.11142371400426582,0.14140642530797046,0.17999358500458879,0.10950274963591906,0.12953994762443027,0.16958851123532281,0.0037316422388150652,0.10986741425701449,0.10989416106802
fixed_total,medium_1.5_3.5,"[1.5, 3.5]",1.5,3.5,12000,20,3.75,1500,1500,0.0,0.3590896921662213,-0.22976322138888555,0.09591773719590654,0.24896830468336426,-0.12229031233477128,0.14075860926729566,0.18642611919044647,0.12207955225245386,0.13158122092591007,0.1794588876782438,-0.005137161996723095,0.10305625142378942,0.10314989576791725
fixed_total,medium_1.5_3.5,"[1.5, 3.5]",1.5,3.5,12000,20,4.0,1500,1500,0.0,0.3794876123605972,-0.25731109284694564,0.0826396604950875,0.27024758854275643,-0.13316449911161887,0.1371732891147365,0.1911458886018017,0.13235607361180363,0.13012877033376863,0.18558108225947895,-0.013754377391868047,0.09730188069185602,0.09823709641959429
fixed_total,medium_1.5_3.5,"[1.5, 3.5]",1.5,3.5,12000,20,4.25,1500,1500,0.0,0.4127575686938062,-0.28695285293852246,0.07541104200004846,0.29669002991043253,-0.148597139261455,0.1408232783272845,0.2046926591707338,0.1496110394085087,0.13443711439296005,0.20110880624026045,-0.01412505243284589,0.09038576514702389,0.09145303306296695
fixed_total,medium_1.5_3.5,"[1.5, 3.5]",1.5,3.5,12000,20,4.5,1500,1500,0.0,0.4373714054612966,-0.312068537055333,0.06522894086394238,0.31880832800122494,-0.15818339586296581,0.14068537120845892,0.21166285806210844,0.16107982453276154,0.13754902440149702,0.21178723009009062,-0.01745509643033946,0.087690456297504,0.08938215765076644
fixed_total,medium_1.5_3.5,"[1.5, 3.5]",1.5,3.5,12000,20,4.75,1500,1500,0.0,0.4632538853659363,-0.34014120713298435,0.059609068268120104,0.3453214632517514,-0.1693359722409256,0.14004313466655124,0.21971271320135716,0.16914692687661212,0.13596033828262413,0.216987494989927,-0.02858626627933329,0.08061197074645685,0.08550515922564055
fixed_total,medium_1.5_3.5,"[1.5, 3.5]",1.5,3.5,12000,20,5.0,1500,1500,0.0,0.48977987847258025,-0.3626585329102167,0.05529919185624655,0.3668476161098294,-0.18035620659844934,0.14291137354311834,0.23008347653139122,0.18166891955979528,0.13920514401092426,0.22884219396426758,-0.03073984424265556,0.07790884936784107,0.08372980537425403
fixed_total,medium_1.5_3.5,"[1.5, 3.5]",1.5,3.5,12000,20,5.25,1500,1500,0.0,0.511030067599741,-0.3851720374607383,0.05010360512503276,0.3884149792520244,-0.1872953416961468,0.1429036125614649,0.23555757939239594,0.18914043290993432,0.137973723870654,0.23409006957673437,-0.037442128766581095,0.07102251231056028,0.08026672700009009
fixed_total,medium_1.5_3.5,"[1.5, 3.5]",1.5,3.5,12000,20,5.5,1500,1500,0.0,0.5323705379327452,-0.4065643667098155,0.04447339296125899,0.40898795626666745,-0.1935564927927068,0.1436821244195021,0.24102884836604652,0.194990330456467,0.1415784925443513,0.2409405228328194,-0.04367395096099684,0.0704775182329764,0.0828926002835731
fixed_total,medium_1.5_3.5,"[1.5, 3.5]",1.5,3.5,12000,20,5.75,1500,1500,0.0,0.5541997403799745,-0.427093716074869,0.04254789682589596,0.4292064293001659,-0.20208870697003034,0.14506670238660352,0.24873713848300708,0.20204179079631795,0.14227311208147977,0.24708101753052217,-0.050216241032482525,0.0678042937755553,0.0843565538038663
fixed_total,narrow_2.0_3.0,"[2.0, 3.0]",2.0,3.0,12000,7,0.75,1500,1500,0.0,2.1088370285037312,1.5678227724681437,0.33560894657077345,1.6033173491165214,0.9058167456783865,0.9475586835381723,1.310638339586533,-0.327230099826233,0.22748449364125284,0.3984899416751596,0.38974334427333346,0.8923806527765805,0.9735051147112778
fixed_total,narrow_2.0_3.0,"[2.0, 3.0]",2.0,3.0,12000,7,1.0,1500,1500,0.0,1.3305551166023806,1.0711808471763098,0.199027159283239,1.0895016335996432,0.4567637611658887,0.5354086207085271,0.7036365655526038,-0.23088559529816788,0.18701296773672746,0.2970836453220201,0.3157311808113567,0.635364261765453,0.7092988076275567
fixed_total,narrow_2.0_3.0,"[2.0, 3.0]",2.0,3.0,12000,7,1.25,1500,1500,0.0,0.903293877868573,0.722586018372629,0.13492553745284352,0.7350668799531851,0.2831157698055756,0.3739335997415742,0.46892180432379665,-0.15693353319338313,0.1764127745504098,0.2360695940193259,0.2759957191629961,0.5240214064356401,0.5921055697898396
fixed_total,narrow_2.0_3.0,"[2.0, 3.0]",2.0,3.0,12000,7,1.5,1500,1500,0.0,0.6329198087727104,0.4812611107965507,0.10393108467861636,0.49234817559733945,0.16999204407766572,0.29866883792103105,0.34357080940950935,-0.10440675933110659,0.17105142962935282,0.20034933801874721,0.21609169668277917,0.41327379507721057,0.4662370508510638
fixed_total,narrow_2.0_3.0,"[2.0, 3.0]",2.0,3.0,12000,7,1.75,1500,1500,0.0,0.44070823936362663,0.29729708691168755,0.08398956731566001,0.3089257232287971,0.09246815428129813,0.24491182163222586,0.26171009163669706,-0.06564742724680711,0.16125826848477834,0.17405883403626454,0.14644217418035438,0.31398455485600224,0.34636091994671164
fixed_total,narrow_2.0_3.0,"[2.0, 3.0]",2.0,3.0,12000,7,2.0,1500,1500,0.0,0.3260551121981621,0.16026885902710422,0.07020385743339032,0.1749611472622191,0.028904856467324505,0.2142528186876229,0.21612301634974226,-0.02528102301640056,0.16843740357867953,0.17026853773710862,0.11637266147705369,0.2907800869165268,0.3131122587515076
fixed_total,narrow_2.0_3.0,"[2.0, 3.0]",2.0,3.0,12000,7,2.25,1500,1500,0.0,0.2700120675571062,0.045834167226341926,0.06003676635865837,0.07551676143695875,-0.0050102571481858245,0.20184908080033814,0.20184397950484537,-0.001576306784524784,0.16272034446694436,0.16267373268657834,0.06822993258110129,0.24186833597582003,0.2512302041019391
fixed_total,narrow_2.0_3.0,"[2.0, 3.0]",2.0,3.0,12000,7,2.5,1500,1500,0.0,0.2600943329163086,-0.04505033619138051,0.05288151006460383,0.06945590396022067,-0.04467756727517381,0.18510758996156818,0.19036297346324155,0.024180980012132976,0.16130562388314856,0.16305483051563177,0.03661741759441326,0.21053064467136468,0.2136221871641463
fixed_total,narrow_2.0_3.0,"[2.0, 3.0]",2.0,3.0,12000,7,2.75,1500,1500,0.0,0.2890993980735888,-0.12144530874158742,0.04537482378825584,0.12963975110306847,-0.062495470133358995,0.1860267467535076,0.19618502404926688,0.047442249859838,0.16140022570009568,0.16817679161892235,0.01571155068553933,0.18957384245540979,0.1901608154705483
fixed_total,narrow_2.0_3.0,"[2.0, 3.0]",2.0,3.0,12000,7,3.0,1500,1500,0.0,0.32423354376462454,-0.18613508506125181,0.03911265828145521,0.19019739762128568,-0.08070798734724637,0.17712197086719814,0.19458945755225607,0.06816457547177111,0.16266073130763783,0.1763158638630568,-0.0005111774242901059,0.1776268131567462,0.17756833012884338
fixed_total,narrow_2.0_3.0,"[2.0, 3.0]",2.0,3.0,12000,7,3.25,1500,1500,0.0,0.364030079961147,-0.2409259097049334,0.03578388260962763,0.24356708842589195,-0.09645709600286742,0.17596133714744597,0.2006133643236239,0.0818721221584823,0.16205466370835922,0.18151377525413812,-0.02266796594758631,0.1604418514045052,0.16198229318000015
fixed_total,narrow_2.0_3.0,"[2.0, 3.0]",2.0,3.0,12000,7,3.5,1500,1500,0.0,0.4034586731257583,-0.2911250132021213,0.03116809195329155,0.29278759474171745,-0.10631862882946125,0.174687811142053,0.2044483756604682,0.09305281637862682,0.1631382943239945,0.18776364657609684,-0.04255257008286086,0.14598446640620705,0.15201308499470423
fixed_total,narrow_2.0_3.0,"[2.0, 3.0]",2.0,3.0,12000,7,3.75,1500,1500,0.0,0.4390951708448137,-0.3333413602993364,0.028075145796852274,0.33452077786267953,-0.11504329187892644,0.17106659294709914,0.20610489815314925,0.1042678918921352,0.16603546136690644,0.19601323729448458,-0.05566024049653599,0.13631468325480803,0.14719839485450795
fixed_total,narrow_2.0_3.0,"[2.0, 3.0]",2.0,3.0,12000,7,4.0,1500,1500,0.0,0.4721340358999237,-0.37106187362522935,0.025129121935303606,0.3719112338255714,-0.12098013312177452,0.17343143771063854,0.21141098336530154,0.11496920122277947,0.16339479632222279,0.1997447824650442,-0.06973083789794671,0.12527659533036453,0.14333929075667257
fixed_total,narrow_2.0_3.0,"[2.0, 3.0]",2.0,3.0,12000,7,4.25,1500,1500,0.0,0.5044537091335005,-0.4045622268060549,0.0219803492962763,0.4051584986433787,-0.13113210978057713,0.17195563968154917,0.21620513347077872,0.12419661853351917,0.1678375866077007,0.2087473973405953,-0.07998683271386117,0.12081406386299122,0.14485924458821423
fixed_total,narrow_2.0_3.0,"[2.0, 3.0]",2.0,3.0,12000,7,4.5,1500,1500,0.0,0.5305161303487312,-0.43577186946861285,0.02036555208554265,0.4362471792781139,-0.13564298888543466,0.17294529743353776,0.2197479380734802,0.1281647576082222,0.16259774630407045,0.20699421935052945,-0.09717467596192918,0.10621610150695894,0.14393490413202878
fixed_total,narrow_2.0_3.0,"[2.0, 3.0]",2.0,3.0,12000,7,4.75,1500,1500,0.0,0.556747340970211,-0.46250354260922116,0.018056546586026113,0.4628556453598068,-0.14077615185005174,0.17472409908001338,0.22433475742402978,0.1358892137762807,0.16418971832139215,0.21308723529920517,-0.1058465396128168,0.10121132968340653,0.1464253873096691
fixed_total,narrow_2.0_3.0,"[2.0, 3.0]",2.0,3.0,12000,7,5.0,1500,1500,0.0,0.5806610594982441,-0.48719797641576007,0.01614983149003066,0.4874653950822866,-0.1460729629731228,0.17518927884732735,0.22805291727837765,0.14116651613980746,0.1662138811677886,0.2180289465546147,-0.11596199107322712,0.09577690530288381,0.15038046244777006
fixed_total,narrow_2.0_3.0,"[2.0, 3.0]",2.0,3.0,12000,7,5.25,1500,1500,0.0,0.6011652142210431,-0.510332783454759,0.014071178100659406,0.5105266064791534,-0.14677257264950097,0.17603731038387047,0.22915205280826542,0.1454768937516769,0.1646392409609862,0.219662321666849,-0.12533073700942313,0.08878760273526223,0.15357661458221306
fixed_total,narrow_2.0_3.0,"[2.0, 3.0]",2.0,3.0,12000,7,5.5,1500,1500,0.0,0.6208004698729465,-0.5309904371057643,0.012837352930246819,0.5311454904853655,-0.15173794086210096,0.17516257365373672,0.23170212620503045,0.14942023108295008,0.16517747925535425,0.2226922002307215,-0.1347200064011424,0.08184112231772608,0.15761657309458516
fixed_total,narrow_2.0_3.0,"[2.0, 3.0]",2.0,3.0,12000,7,5.75,1500,1500,0.0,0.6392773031972295,-0.5498928253183626,0.0118016749621455,0.5500193687639573,-0.1570365859240776,0.175705580138684,0.23561060794589406,0.15313964028827814,0.16494906838214285,0.2250373431032873,-0.14342496898327775,0.07693602825751973,0.16274497863303403
fixed_total,narrow_2.0_3.0,"[2.0, 3.0]",2.0,3.0,12000,10,0.75,1500,1500,0.0,2.035748134406927,1.395732381810362,0.3985523180148453,1.451484390498994,1.0191339860344972,0.8874187755953561,1.3511554894660363,-0.38917147698033605,0.24582152296036713,0.46026337478105245,0.17999975364802728,0.7493861765403865,0.7704577642385358
fixed_total,narrow_2.0_3.0,"[2.0, 3.0]",2.0,3.0,12000,10,1.0,1500,1500,0.0,1.2803651825123192,1.0050088313686836,0.217819757924029,1.028327072372,0.5004324006628633,0.47055604789707756,0.6868099930229891,-0.2799974686397073,0.17830613910327237,0.3319193671667836,0.16102074907604533,0.4813289277609615,0.5073960648658941
fixed_total,narrow_2.0_3.0,"[2.0, 3.0]",2.0,3.0,12000,10,1.25,1500,1500,0.0,0.8673657312361747,0.6916251067927712,0.1469352779755863,0.7070508262795533,0.29942578893089483,0.316106753021719,0.4353305258420918,-0.20027421404961318,0.1509808267423986,0.2507783364852566,0.13963934452082344,0.39488837673322313,0.4187266635055449
fixed_total,narrow_2.0_3.0,"[2.0, 3.0]",2.0,3.0,12000,10,1.5,1500,1500,0.0,0.604514233120968,0.46816560933359946,0.10053184330473611,0.4788308172134178,0.1766994687803129,0.2573716235178156,0.31211968018327985,-0.12976620336023928,0.14803767879568366,0.19682431703133,0.13178942204330416,0.3184394098311551,0.3445352043806749
fixed_total,narrow_2.0_3.0,"[2.0, 3.0]",2.0,3.0,12000,10,1.75,1500,1500,0.0,0.4177825393452999,0.2921990955058541,0.08203212176577043,0.30348821103380463,0.09487941599348208,0.2152337283063024,0.23515266886577113,-0.08213246093135013,0.1428574206230039,0.16474337094588332,0.10194160873413534,0.2811277804939961,0.29895188911284765
fixed_total,narrow_2.0_3.0,"[2.0, 3.0]",2.0,3.0,12000,10,2.0,1500,1500,0.0,0.3010732895976183,0.1562088133747114,0.06925047859961216,0.17086142067872792,0.043605658230160625,0.1908626272305254,0.19571844626412158,-0.03813747841431182,0.147328862393163,0.1521374063954565,0.08157860952171017,0.24253055525062198,0.2558064223487177
fixed_total,narrow_2.0_3.0,"[2.0, 3.0]",2.0,3.0,12000,10,2.25,1500,1500,0.0,0.24113754790412587,0.045162836794233704,0.05786366023223578,0.0733870074830954,-0.00459797373283746,0.17774773603315247,0.17774795691910453,-0.009504711820075442,0.14522757694596408,0.14548995825477054,0.04736680357290455,0.21233336461888344,0.21748336681058988
fixed_total,narrow_2.0_3.0,"[2.0, 3.0]",2.0,3.0,12000,10,2.5,1500,1500,0.0,0.23426455257116607,-0.04287125221091663,0.05144648673769617,0.06695461724022876,-0.04002760243428218,0.16431269078232077,0.16906469235728108,0.024665313641931662,0.1456703761751035,0.14769593636834097,0.030973928722142195,0.1897854115367936,0.19223390532816959
fixed_total,narrow_2.0_3.0,"[2.0, 3.0]",2.0,3.0,12000,10,2.75,1500,1500,0.0,0.26778292245940294,-0.11848478091943264,0.04711325031814728,0.12750224269725347,-0.06504176539490028,0.16164403772706232,0.17418899787808467,0.05265599228385794,0.1495035519229959,0.15845840049141574,0.016902024481238693,0.17985784268882535,0.18059057592389716
fixed_total,narrow_2.0_3.0,"[2.0, 3.0]",2.0,3.0,12000,10,3.0,1500,1500,0.0,0.30589044368598833,-0.18146932875516333,0.041623591447702724,0.1861786390225209,-0.08609016980615743,0.15797435266276882,0.17986321517310794,0.07200196224031882,0.1462384227513224,0.16295920267884514,-0.0040236421227453295,0.15822663631761696,0.1582250539285496
fixed_total,narrow_2.0_3.0,"[2.0, 3.0]",2.0,3.0,12000,10,3.25,1500,1500,0.0,0.3490907795234192,-0.23719499454361717,0.0381106891124794,0.24023513851660325,-0.10918776075727563,0.15601168100208154,0.1903822084086218,0.08522065643023428,0.1437263946772394,0.16705108587385184,-0.029779191819621437,0.1393339338695867,0.14243525814530306
fixed_total,narrow_2.0_3.0,"[2.0, 3.0]",2.0,3.0,12000,10,3.5,1500,1500,0.0,0.39314244895862777,-0.28365937059683954,0.03356509551722922,0.28563701281063786,-0.12257706926781825,0.1560866663571654,0.1984236460031186,0.10901834170769012,0.14741108048029983,0.18330449746973443,-0.03136216637530013,0.13346902053011336,0.1370608949873218
fixed_total,narrow_2.0_3.0,"[2.0, 3.0]",2.0,3.0,12000,10,3.75,1500,1500,0.0,0.4318006559985491,-0.326308660347101,0.029679597583626427,0.3276547467654084,-0.1339935850200737,0.15692584804857246,0.20630944104533408,0.11843607290510956,0.15006164381529075,0.19112976737922133,-0.04931529152463562,0.12319509595969205,0.13266088958530764
fixed_total,narrow_2.0_3.0,"[2.0, 3.0]",2.0,3.0,12000,10,4.0,1500,1500,0.0,0.46647914390048956,-0.36371765681428897,0.02677618900473452,0.36470127529239016,-0.14616400422997475,0.15674193100295328,0.21427918792652642,0.12783694203500506,0.14950859255047058,0.19667282759900073,-0.06472328753725769,0.11522250743280829,0.13212297056626715
fixed_total,narrow_2.0_3.0,"[2.0, 3.0]",2.0,3.0,12000,10,4.25,1500,1500,0.0,0.4997276535289121,-0.39766796942975285,0.023938886133644584,0.39838737697479354,-0.1553390334165427,0.15607628568031187,0.22016762337647858,0.13953156339749312,0.15194662830468686,0.20625577127782194,-0.07300288934068946,0.10944806322163132,0.13153065983270407
fixed_total,narrow_2.0_3.0,"[2.0, 3.0]",2.0,3.0,12000,10,4.5,1500,1500,0.0,0.5283875334827074,-0.4268629887549308,0.02098798646365441,0.42737830207074573,-0.16180206994920068,0.15770486015912563,0.22590739741992413,0.15152494348004153,0.15020736751425584,0.213323745162188,-0.0805489621510788,0.10236074655122601,0.13022623618092696
fixed_total,narrow_2.0_3.0,"[2.0, 3.0]",2.0,3.0,12000,10,4.75,1500,1500,0.0,0.5560941554637552,-0.4549346726037857,0.019749981780494075,0.4553628861427517,-0.17164596538689683,0.1561553635359964,0.23201417771970662,0.15805107268198257,0.15195402191341958,0.21921398906488357,-0.09221923305688995,0.09656931365367853,0.13350581334502692
fixed_total,narrow_2.0_3.0,"[2.0, 3.0]",2.0,3.0,12000,10,5.0,1500,1500,0.0,0.5811656527882295,-0.47926749458968043,0.016829585053941977,0.47956269400368134,-0.1787396341780272,0.15617396741345277,0.23732236455579733,0.16675897949449062,0.15381303208612757,0.22682864409581455,-0.09835742820812583,0.09062281125523566,0.13372061399639237
fixed_total,narrow_2.0_3.0,"[2.0, 3.0]",2.0,3.0,12000,10,5.25,1500,1500,0.0,0.6038542314095299,-0.5022529345736088,0.015090517751929326,0.5024794346020597,-0.18468885069469065,0.1563559363697303,0.24195216942560263,0.17236793036815895,0.15465684825177067,0.2315458881160124,-0.10763744210486914,0.08562127541971874,0.13752066903624122
fixed_total,narrow_2.0_3.0,"[2.0, 3.0]",2.0,3.0,12000,10,5.5,1500,1500,0.0,0.6238593149777963,-0.5232556344238243,0.013657835527456539,0.5234337313069597,-0.1892410993668389,0.1564748042967942,0.24552033553191346,0.1769072892030979,0.1538080653359526,0.23438715548198366,-0.1164014537041217,0.07811824191915764,0.14017021737335097
fixed_total,narrow_2.0_3.0,"[2.0, 3.0]",2.0,3.0,12000,10,5.75,1500,1500,0.0,0.6418564629945707,-0.5426211716828084,0.013012136605403292,0.5427770617669181,-0.19214311034646964,0.1567664145903244,0.24794817964907925,0.18122277604154197,0.1518820750996243,0.2364201355982179,-0.12524104294873237,0.07351813523247627,0.1452123678254537
fixed_total,narrow_2.0_3.0,"[2.0, 3.0]",2.0,3.0,12000,15,0.75,1500,1500,0.0,1.8514051931436177,1.2056931205449075,0.44054880079541664,1.283608101400505,1.0298259441328206,0.6991074873665044,1.2445749956973402,-0.4139041420674209,0.244556219123716,0.48071250379318536,0.0014394426621359836,0.6396627180978042,0.639451081780954
fixed_total,narrow_2.0_3.0,"[2.0, 3.0]",2.0,3.0,12000,15,1.0,1500,1500,0.0,1.2039823154969613,0.9043249462950697,0.2393647691204893,0.9354469007872948,0.5340253868092649,0.40357200283223055,0.6692868555304391,-0.3122928385406611,0.17047044698752692,0.3557634282090369,0.02995416596991505,0.3760395558388344,0.3771057267081087
fixed_total,narrow_2.0_3.0,"[2.0, 3.0]",2.0,3.0,12000,15,1.25,1500,1500,0.0,0.8377041076160996,0.63889851535119,0.15238712811505956,0.6568087000859284,0.33943540425511914,0.2901834816419808,0.4465049933028215,-0.22917574103244098,0.1359212657381128,0.2664278408199223,0.051882448121761626,0.28912193521456797,0.29364528632866327
fixed_total,narrow_2.0_3.0,"[2.0, 3.0]",2.0,3.0,12000,15,1.5,1500,1500,0.0,0.5795624853396105,0.434694160666063,0.10612523273464203,0.44745286898563175,0.20567194569161695,0.22874697877976718,0.30755689895028004,-0.15669916189849303,0.12862254931158615,0.2027001686176916,0.06899135798542216,0.258765897159413,0.2677217905768974
fixed_total,narrow_2.0_3.0,"[2.0, 3.0]",2.0,3.0,12000,15,1.75,1500,1500,0.0,0.3936898409197821,0.2726909402616397,0.08645975014307511,0.2860605770985992,0.12008660972974089,0.18289523123816925,0.21874450622200028,-0.10173668775144476,0.12235810328762368,0.1590970712211667,0.056710094708368006,0.2174046417566583,0.2246092234237086
fixed_total,narrow_2.0_3.0,"[2.0, 3.0]",2.0,3.0,12000,15,2.0,1500,1500,0.0,0.2695477514587437,0.14358783160331415,0.0724915809240802,0.16083840131182683,0.062484294115111576,0.15995881182074043,0.17168008215626165,-0.05199075263125316,0.12091177134261305,0.1315786774927446,0.050419796252577954,0.19063638132271335,0.1971297988248214
fixed_total,narrow_2.0_3.0,"[2.0, 3.0]",2.0,3.0,12000,15,2.25,1500,1500,0.0,0.20562881971599822,0.03949833149210769,0.06337910833811793,0.07466158063876957,0.016906718010858465,0.1483164273128227,0.1492277941593476,-0.015666561493172783,0.11918034014865746,0.12016624036995759,0.031132993195468354,0.16669373953323957,0.1695215075725935
fixed_total,narrow_2.0_3.0,"[2.0, 3.0]",2.0,3.0,12000,15,2.5,1500,1500,0.0,0.20325946718491356,-0.043366449752537395,0.060455329252101564,0.07438453625964676,-0.03147798642424247,0.14006271974162784,0.14351080347406706,0.01997813772396636,0.12164184953411769,0.12323149375042068,0.01625730057129172,0.14757127308306223,0.1484151686119992
fixed_total,narrow_2.0_3.0,"[2.0, 3.0]",2.0,3.0,12000,15,2.75,1500,1500,0.0,0.24079610487090705,-0.1140020753243413,0.05532917819065013,0.12671128702238801,-0.06296296227968042,0.13723033107107438,0.15094351131819223,0.04957417968844617,0.1292153320210216,0.13835848457201916,0.007729087003726245,0.14674061700794722,0.14689517439316255
fixed_total,narrow_2.0_3.0,"[2.0, 3.0]",2.0,3.0,12000,15,3.0,1500,1500,0.0,0.2853772040711201,-0.17471126675294193,0.051261637585545854,0.18207149799289704,-0.08785692523660525,0.13903774203904126,0.16443067037773462,0.07378703950222416,0.12577237954735088,0.14578296492114914,-0.00872004705249437,0.12899055624778,0.1292420614427646
fixed_total,narrow_2.0_3.0,"[2.0, 3.0]",2.0,3.0,12000,15,3.25,1500,1500,0.0,0.33259221005367073,-0.22502778034607934,0.048228599690157185,0.23013463253134686,-0.10993114151308926,0.13841121861323288,0.17671940905121977,0.09400668433752662,0.13266633496654276,0.1625603874338231,-0.017866407087848608,0.1293657101818337,0.1305509037952822
fixed_total,narrow_2.0_3.0,"[2.0, 3.0]",2.0,3.0,12000,15,3.5,1500,1500,0.0,0.3789835261573524,-0.27110494672427654,0.04267854726189989,0.2744414987372745,-0.13132077714706888,0.13827726126696974,0.1906646281476499,0.11822322995789881,0.13413664463559327,0.17876626203738108,-0.0223543800676331,0.11958475907683226,0.12161701869092952
fixed_total,narrow_2.0_3.0,"[2.0, 3.0]",2.0,3.0,12000,15,3.75,1500,1500,0.0,0.41737672915434176,-0.3114083945509102,0.039993445424062225,0.3139643252927709,-0.1464859098543174,0.13826930689443015,0.20140451190103445,0.1299855981660672,0.13483999612398953,0.18725906939034487,-0.0374085992895679,0.10994439542746287,0.11609959032368364
fixed_total,narrow_2.0_3.0,"[2.0, 3.0]",2.0,3.0,12000,15,4.0,1500,1500,0.0,0.45700640453566654,-0.3470526885619003,0.03595938912637722,0.34890942127235264,-0.16137227517666655,0.14223735567869722,0.21507902943475227,0.14576674991894517,0.14008289472455776,0.20213381862373803,-0.04347252696234853,0.10767683232574903,0.1160880324870733
fixed_total,narrow_2.0_3.0,"[2.0, 3.0]",2.0,3.0,12000,15,4.25,1500,1500,0.0,0.4892646819522869,-0.3797138208984516,0.03286422245903115,0.3811324216870818,-0.17357361294680657,0.14157476784924494,0.2239594867970121,0.15718181057950345,0.13880517795216368,0.20966676994324074,-0.05437692172076919,0.09709461449743155,0.11125614082282635
fixed_total,narrow_2.0_3.0,"[2.0, 3.0]",2.0,3.0,12000,15,4.5,1500,1500,0.0,0.5187944424047746,-0.40948380270042695,0.029567802286981387,0.41054921357793733,-0.18377450588681138,0.13964339333070833,0.23078203164455702,0.16578310409749775,0.1409463617279635,0.21756992110728174,-0.06491129997617077,0.09291653048921072,0.11331903127155393
fixed_total,narrow_2.0_3.0,"[2.0, 3.0]",2.0,3.0,12000,15,4.75,1500,1500,0.0,0.5469410013214514,-0.4357264870257496,0.027031318980180016,0.43656359968906217,-0.19460288864855893,0.1400500152282143,0.2397315478431577,0.1764809537221811,0.1412559466242438,0.22602094443162568,-0.07191403123582106,0.08580092759553296,0.11193086794411554
fixed_total,narrow_2.0_3.0,"[2.0, 3.0]",2.0,3.0,12000,15,5.0,1500,1500,0.0,0.5717879750304028,-0.45956481427234325,0.02378329874555345,0.46017940710067357,-0.2033415788994649,0.1399557927177908,0.24682455957349342,0.18340793771269562,0.1436291047280623,0.2329249631559315,-0.08067448838090664,0.08058761506892717,0.11401055741560495
fixed_total,narrow_2.0_3.0,"[2.0, 3.0]",2.0,3.0,12000,15,5.25,1500,1500,0.0,0.5961612350494737,-0.48195319615620247,0.021656320409019183,0.4824391845970791,-0.21016707196434004,0.14226534714404152,0.25376393396898106,0.19254393269842826,0.1456210428843168,0.2413804407105219,-0.08603021017764297,0.07837770204173895,0.11636221837192176
fixed_total,narrow_2.0_3.0,"[2.0, 3.0]",2.0,3.0,12000,15,5.5,1500,1500,0.0,0.6169416888489243,-0.5025689062943002,0.019069365366915104,0.5029303170840028,-0.21641497243025484,0.1416613394069231,0.2586310050074489,0.19818323250370587,0.14671708763229271,0.24655252350439297,-0.09335307826254101,0.07395269829336058,0.11908044677823622
fixed_total,narrow_2.0_3.0,"[2.0, 3.0]",2.0,3.0,12000,15,5.75,1500,1500,0.0,0.6359057324443653,-0.5221771545155282,0.01771927850378789,0.5224775059401199,-0.22094634133547236,0.14195003227502218,0.262590297240084,0.2028072819217666,0.14602436079765513,0.2498793551647697,-0.10167251019341586,0.06949164320854051,0.12313881765120263
fixed_total,narrow_2.0_3.0,"[2.0, 3.0]",2.0,3.0,12000,20,0.75,1500,1500,0.0,1.6966065235993615,0.9639163000833102,0.4554605852764649,1.0660397188082866,1.0526717785319508,0.6295578236845669,1.2264569694766412,-0.4206551947307934,0.24683221110339357,0.48768464796960054,-0.22389366482683326,0.4421331538524625,0.49545915849303385
fixed_total,narrow_2.0_3.0,"[2.0, 3.0]",2.0,3.0,12000,20,1.0,1500,1500,0.0,1.0937039153695485,0.7779853538887825,0.25687821109310904,0.8192701845278477,0.5293823270105782,0.3477361180487544,0.6333130681910447,-0.31226164570753173,0.16250983913412476,0.35199314893450917,-0.06998943124229329,0.31084947712795563,0.31853021779948804
fixed_total,narrow_2.0_3.0,"[2.0, 3.0]",2.0,3.0,12000,20,1.25,1500,1500,0.0,0.7539475911568314,0.5658442554244337,0.15698671488641144,0.5872036445407095,0.3085012029903264,0.2487028629867997,0.3962131634548978,-0.22792892823624097,0.12125256402908222,0.25815495183001835,-0.017213648470241927,0.22189017301138936,0.22248311188364092
fixed_total,narrow_2.0_3.0,"[2.0, 3.0]",2.0,3.0,12000,20,1.5,1500,1500,0.0,0.5218843014253848,0.3787455395581439,0.11052394014129806,0.39453210437848685,0.19383450067904168,0.2023897662138671,0.28018944194351514,-0.16017847680334793,0.11203902613317442,0.1954520895573292,0.011304923758095617,0.20558232801695162,0.20582448550075524
fixed_total,narrow_2.0_3.0,"[2.0, 3.0]",2.0,3.0,12000,20,1.75,1500,1500,0.0,0.3556039095750173,0.2363750114031659,0.09069993967285206,0.25316820644214927,0.11214605931588342,0.16575448276227409,0.2000824100468774,-0.10572378627513294,0.10562645465349771,0.14942231741522288,0.015131976156478306,0.17736299408330566,0.17794840999050301
fixed_total,narrow_2.0_3.0,"[2.0, 3.0]",2.0,3.0,12000,20,2.0,1500,1500,0.0,0.2557072866893353,0.12609971526156077,0.08744835673950563,0.1534381150239044,0.05992830379179115,0.1515597501637679,0.16293080093448206,-0.060162232338335515,0.10809630476995623,0.12367908243022009,0.017083599359974166,0.15783469733903527,0.15870423179636464
fixed_total,narrow_2.0_3.0,"[2.0, 3.0]",2.0,3.0,12000,20,2.25,1500,1500,0.0,0.19707516247906892,0.03507894893788626,0.08077971968183242,0.08804286188208373,0.009519471536779553,0.13613634678828868,0.13642349450121427,-0.022532093111934912,0.1094348804596147,0.11169469229037217,0.0069549854061865,0.14718320132988416,0.14729842037808033
fixed_total,narrow_2.0_3.0,"[2.0, 3.0]",2.0,3.0,12000,20,2.5,1500,1500,0.0,0.19871765396036306,-0.04101452761253046,0.07709867595235426,0.08730655476535586,-0.02367672474975525,0.13537023106048235,0.13738074835752087,0.012854184528336579,0.11329664086182753,0.11398597050182127,0.0024881200210330762,0.1412677157272136,0.14124253562466954
fixed_total,narrow_2.0_3.0,"[2.0, 3.0]",2.0,3.0,12000,20,2.75,1500,1500,0.0,0.2286793655346716,-0.10432102926672074,0.0709275632063397,0.1261358099702158,-0.055686375120429565,0.1313428699866871,0.142619848679612,0.04429857128773244,0.11870391212931604,0.1266632876057706,-0.001063909492890159,0.13263847099803225,0.13259851903187217
fixed_total,narrow_2.0_3.0,"[2.0, 3.0]",2.0,3.0,12000,20,3.0,1500,1500,0.0,0.269659679348814,-0.16051742307706415,0.06691493402189784,0.1738978620748188,-0.07701683530432885,0.13421542164926434,0.15470411482087862,0.06744941611236459,0.11833183977881424,0.1361708966328742,-0.011115844524602635,0.12117723440493887,0.12164577615395976
fixed_total,narrow_2.0_3.0,"[2.0, 3.0]",2.0,3.0,12000,20,3.25,1500,1500,0.0,0.316023308995161,-0.20974099032420007,0.06081453879866854,0.21837404961682474,-0.10369512773712426,0.13483156858364354,0.17005914177687265,0.09057294685941421,0.12275985717056105,0.15252342305466765,-0.01913037452763495,0.11535035128036723,0.11688799896073465
fixed_total,narrow_2.0_3.0,"[2.0, 3.0]",2.0,3.0,12000,20,3.5,1500,1500,0.0,0.3599605684766049,-0.25154037613331026,0.056135311866188024,0.257723947822942,-0.12414301897256,0.13659442661231824,0.1845456253872784,0.1147332254670561,0.12625293357539433,0.1705663792398031,-0.019629834132705686,0.11100997854184878,0.11269574192066303
fixed_total,narrow_2.0_3.0,"[2.0, 3.0]",2.0,3.0,12000,20,3.75,1500,1500,0.0,0.39806307021434056,-0.2918253629402353,0.05037841606331317,0.29613904718962397,-0.13601855645264757,0.13834082992024746,0.19397544724097487,0.12844532813879686,0.12900500380116944,0.18201483034564095,-0.030229075879752373,0.10434600035997073,0.10860306669000079
fixed_total,narrow_2.0_3.0,"[2.0, 3.0]",2.0,3.0,12000,20,4.0,1500,1500,0.0,0.42991167245853873,-0.3256467955938689,0.04471623502357688,0.3287005386783777,-0.14754984989773937,0.13744693663054028,0.20161851143609252,0.13999368091480083,0.12861872202741456,0.1900788726685226,-0.04126443826078411,0.09809616459773263,0.10639171083982213
fixed_total,narrow_2.0_3.0,"[2.0, 3.0]",2.0,3.0,12000,20,4.25,1500,1500,0.0,0.4672144197305423,-0.3575208173141864,0.04077749602433551,0.35983722772789534,-0.1614981857787854,0.14208733812507887,0.21507444398984105,0.15702504704074247,0.1338078400104504,0.2062752217007919,-0.04271782204926292,0.09217021685502079,0.10156031523098635
fixed_total,narrow_2.0_3.0,"[2.0, 3.0]",2.0,3.0,12000,20,4.5,1500,1500,0.0,0.49587154965498387,-0.3852737774117342,0.03518867617537671,0.38687633811955313,-0.17029550450007283,0.14215586289715518,0.22180030661851008,0.1686532748810827,0.1363392161883066,0.21684076356712842,-0.0477889420472861,0.08924510187687286,0.10120850457779199
fixed_total,narrow_2.0_3.0,"[2.0, 3.0]",2.0,3.0,12000,20,4.75,1500,1500,0.0,0.5235066165393417,-0.41335392841055396,0.0318977076517688,0.4145820251490725,-0.1805413391786377,0.1423833050353809,0.22990142532872437,0.17672828139814192,0.1345564619925502,0.2220951521658772,-0.059239464012721704,0.0809220692398873,0.10026629443164316
fixed_total,narrow_2.0_3.0,"[2.0, 3.0]",2.0,3.0,12000,20,5.0,1500,1500,0.0,0.5515752125564352,-0.4372482153250074,0.02950888841504463,0.43824216568475616,-0.19034067447808278,0.14467658432662223,0.2390542453164583,0.18980943853480065,0.1379026550024746,0.2345891879835684,-0.06141310553471933,0.07874197969906215,0.09983854649099617
fixed_total,narrow_2.0_3.0,"[2.0, 3.0]",2.0,3.0,12000,20,5.25,1500,1500,0.0,0.5737023815395508,-0.45978603058393097,0.02650748345101674,0.46054898997600036,-0.1967139002672404,0.1446498841288499,0.24414339736622107,0.1973278377858745,0.13600407265466363,0.23963107465167713,-0.06873873736943927,0.07131617720320352,0.09903343112944007
fixed_total,narrow_2.0_3.0,"[2.0, 3.0]",2.0,3.0,12000,20,5.5,1500,1500,0.0,0.5947897029517103,-0.4807464249399319,0.022932812463826707,0.48129272628076175,-0.2016633973803055,0.14490397358365115,0.24829677665163435,0.20289217113827407,0.13902685210260018,0.24592847145262364,-0.07550667525624757,0.07080886344274213,0.10349787704848812
fixed_total,narrow_2.0_3.0,"[2.0, 3.0]",2.0,3.0,12000,20,5.75,1500,1500,0.0,0.6167100122357022,-0.5007012929612253,0.02208935174300321,0.501187987625896,-0.2096418605892824,0.14645336259537203,0.2557029488851285,0.21024813515287985,0.13988069292419325,0.25250315281737395,-0.08181046067725718,0.06722612551521162,0.10587393695669789
fixed_total,wide_1.5_5.0,"[1.5, 5.0]",1.5,5.0,12000,7,0.75,1500,1500,0.0,1.3831170940534194,1.0479161352923911,0.4207259419317128,1.1291680733804237,0.4422989512998518,0.630057248770761,0.7696335822704053,-0.16418064499823992,0.13679802107395006,0.21367383312595967,0.17223146469954914,0.5500492102932013,0.5762083897522641
fixed_total,wide_1.5_5.0,"[1.5, 5.0]",1.5,5.0,12000,7,1.0,1500,1500,0.0,0.9241771994899436,0.7181855594726162,0.3137594048346421,0.7836898825307764,0.20331840624160202,0.3997429689270034,0.4483595497987405,-0.12871450274757318,0.14951541125077877,0.19724953277572937,0.18958319460833029,0.5016260221439648,0.5360995255788017
fixed_total,wide_1.5_5.0,"[1.5, 5.0]",1.5,5.0,12000,7,1.25,1500,1500,0.0,0.6665702190257,0.4751932181064138,0.27800592707657656,0.5504946549789351,0.11748164642449165,0.30686656409322444,0.32849086341360856,-0.08850268428841902,0.15984227317572125,0.18266155694446165,0.1828655791072515,0.46901308781664836,0.5032558471736903
fixed_total,wide_1.5_5.0,"[1.5, 5.0]",1.5,5.0,12000,7,1.5,1500,1500,0.0,0.5335609386357234,0.3211599857037355,0.2695347736890603,0.4192186756121656,0.06611504838616164,0.26998668843766777,0.2778766207306529,-0.06355259799575866,0.1664544970700653,0.17812232007002657,0.1424258643207049,0.3792147891114238,0.4049606324950623
fixed_total,wide_1.5_5.0,"[1.5, 5.0]",1.5,5.0,12000,7,1.75,1500,1500,0.0,0.4419013963056368,0.2005004510030401,0.25532046641035744,0.3245697342534877,0.03231618380244006,0.2439047778876292,0.24595572105194577,-0.045052194576556265,0.16560706056249783,0.17157247723719932,0.09174385889742016,0.3013810802711005,0.3149395775177651
fixed_total,wide_1.5_5.0,"[1.5, 5.0]",1.5,5.0,12000,7,2.0,1500,1500,0.0,0.40050776840941626,0.1227553954091367,0.24900889099551787,0.2775481542813932,0.0033885597603450037,0.22732975141229975,0.22727922401862716,-0.021637584988115823,0.17683413338627726,0.17809449441454756,0.08011515718662501,0.2914268711311726,0.3021447333329914
fixed_total,wide_1.5_5.0,"[1.5, 5.0]",1.5,5.0,12000,7,2.25,1500,1500,0.0,0.36939505769733333,0.047812178335166065,0.23705541793451126,0.2417515502642016,-0.012409520889036685,0.2196233409441872,0.2199005498437657,-0.006767621445904581,0.17212377853704913,0.1721994331421592,0.04628792678994664,0.24810777318788974,0.2523073541761198
fixed_total,wide_1.5_5.0,"[1.5, 5.0]",1.5,5.0,12000,7,2.5,1500,1500,0.0,0.35443228589860964,-0.0035857880303924406,0.2244890856373273,0.22444288927557643,-0.03373730657655482,0.20816280720558292,0.210810512836876,0.007572406753261485,0.17541303894099564,0.17551798317664893,0.026382057152667,0.22012803994718774,0.2216304642295743
fixed_total,wide_1.5_5.0,"[1.5, 5.0]",1.5,5.0,12000,7,2.75,1500,1500,0.0,0.3503866577454604,-0.05137513675085121,0.20923572626831782,0.21538293207780973,-0.040356369564189795,0.20926086778793956,0.21304824323277444,0.024078352461723417,0.1744476124038577,0.17604388245840472,0.01622745111095826,0.1998706432671572,0.20046189669583692
fixed_total,wide_1.5_5.0,"[1.5, 5.0]",1.5,5.0,12000,7,3.0,1500,1500,0.0,0.34568065260095665,-0.09310565995210306,0.1931001036864628,0.21431625119313014,-0.049237291621564,0.1968909648077935,0.20289041099689448,0.03952329564048329,0.17566337134149515,0.17999760882483326,0.009715274142265742,0.1886793143188601,0.18886645267947055
fixed_total,wide_1.5_5.0,"[1.5, 5.0]",1.5,5.0,12000,7,3.25,1500,1500,0.0,0.34997126725807776,-0.12269571750813153,0.18444835059614276,0.2214785595412064,-0.06265961237115955,0.1926440354948435,0.20251718515877773,0.050590902255678166,0.17284213075002025,0.18003867719227037,-0.00227793876123755,0.17411247464108576,0.1740693331063581
fixed_total,wide_1.5_5.0,"[1.5, 5.0]",1.5,5.0,12000,7,3.5,1500,1500,0.0,0.3593422093557707,-0.16554099521037416,0.16679264030431182,0.2349575694283648,-0.06816916671139372,0.1894232250841819,0.20125673335141916,0.0590035857635553,0.17307812927494848,0.182804516557216,-0.017536596998831356,0.15797035505477017,0.15888841647010904
fixed_total,wide_1.5_5.0,"[1.5, 5.0]",1.5,5.0,12000,7,3.75,1500,1500,0.0,0.3704850681882758,-0.19393744100202653,0.15681119145797892,0.2493693798812807,-0.07726244878574016,0.18299419353197163,0.19858005004416113,0.06992174543866193,0.17541814534946182,0.188785756487494,-0.02262416048987573,0.1470594288057333,0.14874108574344802
fixed_total,wide_1.5_5.0,"[1.5, 5.0]",1.5,5.0,12000,7,4.0,1500,1500,0.0,0.3809225601785689,-0.22133200270312084,0.14409964251080837,0.2640808952846379,-0.0833069379073005,0.18139106967018112,0.19955157456861267,0.07985832577958249,0.17083486428936825,0.1885270449719269,-0.030102741964576896,0.13929497578270092,0.14246518858503737
fixed_total,wide_1.5_5.0,"[1.5, 5.0]",1.5,5.0,12000,7,4.25,1500,1500,0.0,0.39487782299934937,-0.2470410845732638,0.13195869897253212,0.28005497133509605,-0.09295014929320766,0.17650523011855462,0.19943183576181456,0.08865114075780166,0.17287437622211838,0.19422834760115895,-0.03461582878185055,0.13413594638585008,0.13848722954484582
fixed_total,wide_1.5_5.0,"[1.5, 5.0]",1.5,5.0,12000,7,4.5,1500,1500,0.0,0.41169225383615693,-0.2772436855584954,0.12339524694611587,0.303447354950253,-0.09917654521970458,0.17557592335953762,0.20159945613855537,0.09326696092990054,0.16759437095174778,0.1917495082836681,-0.04866355658261208,0.12038438222477706,0.12981093799543453
fixed_total,wide_1.5_5.0,"[1.5, 5.0]",1.5,5.0,12000,7,4.75,1500,1500,0.0,0.4256756289516973,-0.2961122991949998,0.11226493672452781,0.31666623987246595,-0.10565773455383283,0.17658415284682602,0.2057297546110471,0.10175085411721921,0.16811635088287655,0.19646246887417276,-0.05068526387347555,0.11609880945584834,0.12664495084796915
fixed_total,wide_1.5_5.0,"[1.5, 5.0]",1.5,5.0,12000,7,5.0,1500,1500,0.0,0.4420101431168733,-0.318343125930817,0.1023890505050788,0.3343932931130049,-0.11288746512417737,0.17529291260299412,0.20844831474699924,0.10751301394523559,0.16900705993633888,0.20025831373097794,-0.05726121287925016,0.11026221709523862,0.1242115044919263
fixed_total,wide_1.5_5.0,"[1.5, 5.0]",1.5,5.0,12000,7,5.25,1500,1500,0.0,0.4590659289058487,-0.34353479253572367,0.0931568823232006,0.3559333827234041,-0.11397723373699128,0.17468359705562223,0.20853015605560318,0.11207745017334264,0.167408055246175,0.20141531262714432,-0.06437425707442511,0.10283964909191445,0.1212971052290561
fixed_total,wide_1.5_5.0,"[1.5, 5.0]",1.5,5.0,12000,7,5.5,1500,1500,0.0,0.4742013786451999,-0.36210870149691654,0.08555932918475118,0.37207288297382535,-0.12177846677773732,0.17283217219822702,0.2113789032621978,0.1176649945030562,0.16709649831355808,0.20432248168085843,-0.07009624722470138,0.09380318997321346,0.11707542995225115
fixed_total,wide_1.5_5.0,"[1.5, 5.0]",1.5,5.0,12000,7,5.75,1500,1500,0.0,0.4897730837068833,-0.37993825133558007,0.07996863233426758,0.3882573806947055,-0.12932570224325593,0.17247131192225829,0.21552647121549923,0.12273586831465459,0.1662424466303751,0.20659675715081036,-0.0756954748048751,0.0898453679792874,0.11745898685571411
fixed_total,wide_1.5_5.0,"[1.5, 5.0]",1.5,5.0,12000,10,0.75,1500,1500,0.0,1.1234177258285887,0.5948653394040702,0.559217714474433,0.8163214692988338,0.47418451491453956,0.5639903597204707,0.7366980543559155,-0.1961896311795045,0.1203407885844516,0.2301360949001256,-0.19597822997114614,0.43362388817922365,0.4757223874327248
fixed_total,wide_1.5_5.0,"[1.5, 5.0]",1.5,5.0,12000,10,1.0,1500,1500,0.0,0.7659481106319629,0.49749653745844813,0.3547678159362985,0.6109657119717988,0.2246643931895707,0.3558782216422933,0.420759985424105,-0.14422744571642693,0.12476884113953134,0.19067889668595636,-0.008818763988571628,0.36773293089975834,0.3677160961857673
fixed_total,wide_1.5_5.0,"[1.5, 5.0]",1.5,5.0,12000,10,1.25,1500,1500,0.0,0.5671347473704604,0.3479440805225281,0.28621566212628946,0.4504773862029335,0.12891662689255748,0.26576658946180404,0.2953037230436903,-0.10861463784142099,0.1404409730424645,0.17750396432548923,0.044336310174232674,0.36445503662849893,0.3670212943067433
fixed_total,wide_1.5_5.0,"[1.5, 5.0]",1.5,5.0,12000,10,1.5,1500,1500,0.0,0.46468100768725246,0.24569959575095918,0.2553578338151442,0.35430557841231775,0.07628927709436645,0.2392567986239153,0.2510492121946491,-0.07649284649378389,0.14674293564706734,0.16543968407730775,0.0603086925210706,0.3063922490531952,0.3121710501204262
fixed_total,wide_1.5_5.0,"[1.5, 5.0]",1.5,5.0,12000,10,1.75,1500,1500,0.0,0.4075951534157311,0.15712564568604842,0.256469044001707,0.30070082831565276,0.03864519796686624,0.21720942989358866,0.2205491656516515,-0.05685992026402768,0.15444655524966602,0.1645323265155941,0.04575853966185601,0.2710450516270322,0.2747913517867908
fixed_total,wide_1.5_5.0,"[1.5, 5.0]",1.5,5.0,12000,10,2.0,1500,1500,0.0,0.3757210891146107,0.09192899084960494,0.24950634020894671,0.26582485001823997,0.01890761931142567,0.20618431176636076,0.2069809826360414,-0.03406603140467028,0.16284822364879498,0.16632004913800447,0.04132637511151974,0.24241774039917105,0.24583541763991434
fixed_total,wide_1.5_5.0,"[1.5, 5.0]",1.5,5.0,12000,10,2.25,1500,1500,0.0,0.34811620365717355,0.02961432062735571,0.23115772199031928,0.232970551415874,-0.004130573983756382,0.1988504540833691,0.19882706990884802,-0.023695305955369263,0.16381035190041054,0.16546120298465258,0.013279967855049316,0.21337978676949293,0.21372163435746092
fixed_total,wide_1.5_5.0,"[1.5, 5.0]",1.5,5.0,12000,10,2.5,1500,1500,0.0,0.3412001176757506,-0.00754725759046633,0.22583458864096173,0.2258854171539592,-0.019851989912760996,0.1923557302675437,0.19331363459142042,-0.004869175167329947,0.16738610208582685,0.1674011269382099,0.00900988849248425,0.1930851171947868,0.19323091367010473
fixed_total,wide_1.5_5.0,"[1.5, 5.0]",1.5,5.0,12000,10,2.75,1500,1500,0.0,0.34169486572468116,-0.04461937089912986,0.21876920486882487,0.22320158291338205,-0.031939170381749475,0.19028806161535236,0.1928873176245836,0.012428538903250711,0.17203540203766618,0.1724265563860786,0.005179008859643479,0.18319658064822755,0.1832087205962915
fixed_total,wide_1.5_5.0,"[1.5, 5.0]",1.5,5.0,12000,10,3.0,1500,1500,0.0,0.3332208970993399,-0.07577676645386003,0.2019843895433052,0.21566783137726336,-0.042120138068854215,0.1847263993244825,0.18940749565400677,0.022041173394158144,0.16787295073933095,0.16925824459326808,-0.006285219925403761,0.16191611636794742,0.1619841191085192
fixed_total,wide_1.5_5.0,"[1.5, 5.0]",1.5,5.0,12000,10,3.25,1500,1500,0.0,0.33522801193150775,-0.1101871076788836,0.19172815031290943,0.22108002140695393,-0.06031508000387124,0.1795684263264949,0.1893706209071468,0.030653551461214675,0.1634575911188318,0.16625345727380716,-0.024682777315224398,0.14385469478073593,0.14590961788373655
fixed_total,wide_1.5_5.0,"[1.5, 5.0]",1.5,5.0,12000,10,3.5,1500,1500,0.0,0.3378107027699378,-0.1319532624653722,0.17655073134244403,0.22036570537551636,-0.0683932987017795,0.17590686738418645,0.18868025991846626,0.048765138938449124,0.1661178626895791,0.1730745108829443,-0.017052536130954497,0.13839052568452137,0.13939138649621138
fixed_total,wide_1.5_5.0,"[1.5, 5.0]",1.5,5.0,12000,10,3.75,1500,1500,0.0,0.3440714973239791,-0.16246588865764452,0.1608989424608331,0.2286184062636747,-0.07729756730238868,0.17211639321824865,0.18862454070661944,0.05500749120522118,0.16592809556555532,0.17475583604400513,-0.029597916711295247,0.12784377356473117,0.13118373028933955
fixed_total,wide_1.5_5.0,"[1.5, 5.0]",1.5,5.0,12000,10,4.0,1500,1500,0.0,0.3536612252057957,-0.18953293879848948,0.14946300377692812,0.2413442180675048,-0.08897829747291923,0.1685889642805105,0.19057919125419517,0.0627523712718118,0.16306032061443831,0.17466769157559203,-0.039310484018240534,0.12348136651822127,0.12954843469672198
fixed_total,wide_1.5_5.0,"[1.5, 5.0]",1.5,5.0,12000,10,4.25,1500,1500,0.0,0.36719468226799123,-0.21627353989432443,0.13692248012816466,0.2559482586627486,-0.09701723536918003,0.16584304876840397,0.19208832561852432,0.07284323297144289,0.16473145757104188,0.18006803918094283,-0.04263038602955292,0.11590084582278747,0.12345606723888176
fixed_total,wide_1.5_5.0,"[1.5, 5.0]",1.5,5.0,12000,10,4.5,1500,1500,0.0,0.377840560760455,-0.23511886803028745,0.1258641484892714,0.2666685298071806,-0.10415998507727897,0.16598701093197601,0.19591483480728428,0.08437596792129583,0.16176187037690978,0.18239726442215762,-0.04355184508918956,0.10910510615318583,0.1174425453143433
fixed_total,wide_1.5_5.0,"[1.5, 5.0]",1.5,5.0,12000,10,4.75,1500,1500,0.0,0.39726528820435536,-0.2617786255367227,0.11846538047450458,0.28731992469710627,-0.11593162632506247,0.16350111038185297,0.20038695899785675,0.09148880367774524,0.16358384801960188,0.1873820609015974,-0.05188341032234657,0.10552576475176503,0.1175591404433142
fixed_total,wide_1.5_5.0,"[1.5, 5.0]",1.5,5.0,12000,10,5.0,1500,1500,0.0,0.4095208663106839,-0.2814403579277326,0.10480561071742406,0.30030912123618647,-0.12193732307505228,0.16178504906821695,0.20254792830170765,0.09895435152604894,0.1634685270641057,0.19103954665693904,-0.05406280503367529,0.09706936645607814,0.11108090362895018
fixed_total,wide_1.5_5.0,"[1.5, 5.0]",1.5,5.0,12000,10,5.25,1500,1500,0.0,0.42657985059892956,-0.3031387755678747,0.09550115004316591,0.3178167814940728,-0.12984915713105416,0.16126362502328434,0.20700102187861752,0.10540357361804933,0.16438229925302653,0.1952266356800782,-0.05955078326373122,0.09274726299962602,0.11019353827720453
fixed_total,wide_1.5_5.0,"[1.5, 5.0]",1.5,5.0,12000,10,5.5,1500,1500,0.0,0.44347551753862485,-0.3254372414867684,0.08870162493793916,0.33730124680217777,-0.13465470121812603,0.16119144638265637,0.20999345027599697,0.10980778943320689,0.16358864450983196,0.19698008631085012,-0.0663839264817566,0.08497854870726065,0.10781171179283171
fixed_total,wide_1.5_5.0,"[1.5, 5.0]",1.5,5.0,12000,10,5.75,1500,1500,0.0,0.4586669975506659,-0.34473814014402615,0.08351654324178531,0.3547037471698824,-0.13955953073200494,0.16096999465954565,0.21300452477051074,0.11524878976859686,0.16101160960906516,0.19796398362600112,-0.07225787545562998,0.08113809437718737,0.1086287346774167
fixed_total,wide_1.5_5.0,"[1.5, 5.0]",1.5,5.0,12000,15,0.75,1500,1464,0.02400000000000002,1.040558759778054,0.5889240829562679,0.41619756267267394,0.7210642597630028,0.5066088188898857,0.47680303115112627,0.6955848893085956,-0.17432644936183755,0.09780726886830488,0.1998735561767036,-0.18375770034364947,0.2855429087439719,0.33947894195729045
fixed_total,wide_1.5_5.0,"[1.5, 5.0]",1.5,5.0,12000,15,1.0,1500,1499,0.0006666666666667043,0.672146878349493,0.43038745301952464,0.27891495712923203,0.5128108969787823,0.243434087545914,0.31317382218487555,0.396576057060134,-0.14425908102936508,0.09617297278202004,0.17336018250794963,-0.0857623105124822,0.2578208847265468,0.2716292299021573
fixed_total,wide_1.5_5.0,"[1.5, 5.0]",1.5,5.0,12000,15,1.25,1500,1500,0.0,0.5042697478805952,0.2961892894798,0.2467138451999062,0.3854286420790881,0.14897513693502124,0.24352524232599818,0.2854095280685478,-0.11329873578649612,0.10698209365001678,0.1558016103264599,-0.028362278266105045,0.2690738165248491,0.2704752676713085
fixed_total,wide_1.5_5.0,"[1.5, 5.0]",1.5,5.0,12000,15,1.5,1500,1500,0.0,0.41194899290254144,0.20240519591942527,0.23697922047453318,0.3115920006000483,0.08620205006873805,0.20837037733064082,0.22543305460572455,-0.08280020696248917,0.12225557581336437,0.14762227408697517,0.011741550911594728,0.25025153758571766,0.2504434976738587
fixed_total,wide_1.5_5.0,"[1.5, 5.0]",1.5,5.0,12000,15,1.75,1500,1500,0.0,0.37715474216040845,0.13739747259216523,0.24444738321658455,0.28034398921213965,0.057942866247255406,0.19408145974547425,0.20248426364503042,-0.06717671088817612,0.13473107057395056,0.15050936921945351,0.00952221379489315,0.2177554298451037,0.21789100065039443
fixed_total,wide_1.5_5.0,"[1.5, 5.0]",1.5,5.0,12000,15,2.0,1500,1500,0.0,0.3536766644494836,0.08081125913442846,0.2447754329878161,0.2576927023715166,0.038562802529603465,0.1862882294086278,0.19017691400078315,-0.04541903577160662,0.14305645782246368,0.15004797733297287,0.010017776738653289,0.1943080361637304,0.19450140966064797
fixed_total,wide_1.5_5.0,"[1.5, 5.0]",1.5,5.0,12000,15,2.25,1500,1500,0.0,0.34169923007672537,0.03303083318789312,0.2355216763208426,0.23774884994756162,0.022458938796561037,0.190394519265114,0.19165153321262718,-0.030190207589036382,0.15035677838779662,0.15330863641976597,0.005201949846084965,0.1745749572102291,0.17459426782313864
fixed_total,wide_1.5_5.0,"[1.5, 5.0]",1.5,5.0,12000,15,2.5,1500,1500,0.0,0.34172142981491793,0.00817191280173524,0.23865351264232332,0.23871386411900694,0.0002860822381401249,0.1869543453309781,0.18689223578403721,-0.014593025515852275,0.15704777983837642,0.15767218802239039,0.0021078302448304382,0.1564787315937152,0.1564407640628177
fixed_total,wide_1.5_5.0,"[1.5, 5.0]",1.5,5.0,12000,15,2.75,1500,1500,0.0,0.32793850544465547,-0.019544138515640866,0.22476551165087316,0.22553897421032484,-0.012952161129192272,0.17657119307384134,0.17698689154083502,0.0009383535507475169,0.15927179866920194,0.15922146428211698,0.003049510495835027,0.1538042687765894,0.15378323090019588
fixed_total,wide_1.5_5.0,"[1.5, 5.0]",1.5,5.0,12000,15,3.0,1500,1500,0.0,0.322006258564877,-0.04910955464364484,0.20979498943580205,0.21539810427346814,-0.02374003892402005,0.17861199939399525,0.18012375637715367,0.013819246268567951,0.15707512995102635,0.15762969142560163,-0.00530725002425667,0.13518339879717461,0.1352425050750282
fixed_total,wide_1.5_5.0,"[1.5, 5.0]",1.5,5.0,12000,15,3.25,1500,1500,0.0,0.3173188069325645,-0.06614303071497994,0.19904329932042727,0.20968243455247848,-0.03664259650533577,0.17199387298201163,0.17579775584586668,0.02653100227633731,0.15853236842649637,0.16068494301834504,-0.003981800523639426,0.13291752436381182,0.1329328588908422
fixed_total,wide_1.5_5.0,"[1.5, 5.0]",1.5,5.0,12000,15,3.5,1500,1500,0.0,0.3132982663439998,-0.09641145236673143,0.1798468222718012,0.20400608906535084,-0.05270505997771165,0.1658462372986925,0.17396683914979594,0.04710607081942796,0.15514484490909763,0.16208904403026447,-0.0019382855038326964,0.12291506204271267,0.12288937038114255
fixed_total,wide_1.5_5.0,"[1.5, 5.0]",1.5,5.0,12000,15,3.75,1500,1500,0.0,0.3157915390015605,-0.12085733517142642,0.16941491498511732,0.2080595458241224,-0.06653152813772628,0.16041025182515153,0.17361088337915104,0.05794093776302494,0.1515022519792669,0.16215666088306338,-0.009234224951247729,0.1136458382997972,0.11398261807079178
fixed_total,wide_1.5_5.0,"[1.5, 5.0]",1.5,5.0,12000,15,4.0,1500,1500,0.0,0.32339330776786396,-0.14304081786344564,0.15268485328461776,0.2091836471173284,-0.07838673658470968,0.16116878662210665,0.17917182070605295,0.07119964181932219,0.15384824496582455,0.1694782934555674,-0.008629850196638533,0.11014930562410721,0.11045023885987337
fixed_total,wide_1.5_5.0,"[1.5, 5.0]",1.5,5.0,12000,15,4.25,1500,1500,0.0,0.3309465276583064,-0.1690752202528314,0.14045770496355056,0.21977635164544473,-0.09169052375465317,0.1550378928099518,0.18007741628129856,0.08461202328615369,0.14714388639328016,0.16969408820568818,-0.013460005777560326,0.10077791690575277,0.10163950756982998
fixed_total,wide_1.5_5.0,"[1.5, 5.0]",1.5,5.0,12000,15,4.5,1500,1500,0.0,0.34285518259673103,-0.19496240467603695,0.1279674631476773,0.23318467734201287,-0.10224253409285555,0.1498053961790554,0.1813290693672958,0.09418172677490265,0.1464187342097277,0.17405272502529107,-0.01937695495552361,0.09727730931297879,0.09915660697729572
fixed_total,wide_1.5_5.0,"[1.5, 5.0]",1.5,5.0,12000,15,4.75,1500,1500,0.0,0.3569248199092776,-0.21490213120839963,0.11713110804133776,0.2447314364861812,-0.11508098088136655,0.14811790861113433,0.1875311202673294,0.10775924954604049,0.14399895114151004,0.17981637854756424,-0.019568323352182015,0.09015826195264003,0.0922280460001414
fixed_total,wide_1.5_5.0,"[1.5, 5.0]",1.5,5.0,12000,15,5.0,1500,1500,0.0,0.37101871869277103,-0.23466342630413217,0.10382005194392756,0.2565898304589985,-0.12565730751538023,0.14633511885506204,0.19284566358705885,0.1165990121265972,0.14507170456430604,0.1860835795042509,-0.02304441322500716,0.08594050147919674,0.08894881072195984
fixed_total,wide_1.5_5.0,"[1.5, 5.0]",1.5,5.0,12000,15,5.25,1500,1500,0.0,0.39213937798712417,-0.25685355916662594,0.09544228190341845,0.2740016554914314,-0.13504961582128927,0.14872224448933616,0.20085307864726995,0.12916523288456527,0.14725903973745083,0.19584285882818694,-0.02331386475131672,0.08610230390128389,0.08917511212362074
fixed_total,wide_1.5_5.0,"[1.5, 5.0]",1.5,5.0,12000,15,5.5,1500,1500,0.0,0.40727813871984064,-0.27669123580146787,0.08551529958141262,0.2895963245407889,-0.14281342073893197,0.14650338436058472,0.20455954131867737,0.1370971447638045,0.14623089172195394,0.2004116891477545,-0.026406963139454526,0.07910486802951971,0.08337107488883017
fixed_total,wide_1.5_5.0,"[1.5, 5.0]",1.5,5.0,12000,15,5.75,1500,1500,0.0,0.42612488227477036,-0.2991773863747052,0.07960579460560309,0.3095803067559357,-0.14957841501732172,0.14680481354733765,0.20954948759400233,0.1441420052157293,0.1451502300041151,0.20452740943863415,-0.03205174712296355,0.07606099290267261,0.08251504278138574
fixed_total,wide_1.5_5.0,"[1.5, 5.0]",1.5,5.0,12000,20,0.75,1500,1470,0.020000000000000018,1.0448030583541692,0.6200671702322754,0.3782449830762481,0.7262611353983421,0.5539824889411387,0.4393683143877321,0.7069722702776596,-0.1597785949282536,0.08125809380110348,0.1792416956286256,-0.15108574370572528,0.27377747632299737,0.31261800860599476
fixed_total,wide_1.5_5.0,"[1.5, 5.0]",1.5,5.0,12000,20,1.0,1500,1499,0.0006666666666667043,0.6581032665823803,0.46419655882170996,0.23621718502721217,0.5208068546680168,0.2560752571672483,0.27309211588645854,0.3743048067929481,-0.12285012734635863,0.07193600520945466,0.14234988750905442,-0.02004269112905776,0.22367065107715886,0.2244925277103687
fixed_total,wide_1.5_5.0,"[1.5, 5.0]",1.5,5.0,12000,20,1.25,1500,1500,0.0,0.44600082312165734,0.305879422355911,0.17349048403562015,0.35162636861636565,0.1302945976825359,0.20518139067308347,0.24299798146296475,-0.09097121200339062,0.08920288941925011,0.12738764509868414,0.02888372655370166,0.21899539294136272,0.22081956239069456
fixed_total,wide_1.5_5.0,"[1.5, 5.0]",1.5,5.0,12000,20,1.5,1500,1499,0.0006666666666667043,0.34948245083316754,0.18163851989087032,0.17899181886783525,0.25496911610423023,0.07228363966754155,0.18451991239387677,0.19811564575357749,-0.06294478516258008,0.11056688771970813,0.12719641181170013,0.03932439760388948,0.2184454816446676,0.22188511259187033
fixed_total,wide_1.5_5.0,"[1.5, 5.0]",1.5,5.0,12000,20,1.75,1500,1500,0.0,0.32762540331480716,0.11534767884455824,0.20370475225362203,0.23403642740994343,0.045824545059193755,0.17865128200493938,0.1843770375386148,-0.05261686107717182,0.12574764868053245,0.13627348814374923,0.02347797334789134,0.18489966005444494,0.18632312684665522
fixed_total,wide_1.5_5.0,"[1.5, 5.0]",1.5,5.0,12000,20,2.0,1500,1500,0.0,0.34026733404529885,0.07792321646293981,0.23353511326246482,0.24611850334955473,0.03238046491809149,0.18263815558679342,0.18542640746993602,-0.039970634168574146,0.13870747367413505,0.1443072705724264,0.020875101358548736,0.16214978869604715,0.16343437662127974
fixed_total,wide_1.5_5.0,"[1.5, 5.0]",1.5,5.0,12000,20,2.25,1500,1500,0.0,0.34019878999709197,0.05073013034848113,0.2362340618437901,0.2415426954924106,0.01926667297980283,0.18251866844707312,0.18347223307587662,-0.0347207406814804,0.15013253926444675,0.1540463652927172,0.009389198832993486,0.15585331117922385,0.15608400993433988
fixed_total,wide_1.5_5.0,"[1.5, 5.0]",1.5,5.0,12000,20,2.5,1500,1500,0.0,0.3398039447383025,0.022274490019339302,0.23713963248132447,0.23810474178843444,0.009536634128153205,0.18562480102268453,0.18580781227037343,-0.02161065262111352,0.15426326250796482,0.15571868769313454,0.0051613761889592906,0.1439892305073227,0.14403373345824283
fixed_total,wide_1.5_5.0,"[1.5, 5.0]",1.5,5.0,12000,20,2.75,1500,1500,0.0,0.3263109966259668,0.0018013710989252256,0.2249523589803907,0.22488457714897078,-0.003787522581407141,0.17598250136911237,0.17596459744763684,-0.006971355842621298,0.1578298481371918,0.15793116831281745,0.006876214279291624,0.13464106584024577,0.13477170866198787
fixed_total,wide_1.5_5.0,"[1.5, 5.0]",1.5,5.0,12000,20,3.0,1500,1500,0.0,0.3174500610270147,-0.020324134892758906,0.2166936703108395,0.2175727765923087,-0.013669089854625829,0.17263436682942648,0.17311730188413796,0.004477583685033807,0.1531751315062046,0.15318951635253938,0.0018239133860131033,0.12088073036071288,0.12085419396362444
fixed_total,wide_1.5_5.0,"[1.5, 5.0]",1.5,5.0,12000,20,3.25,1500,1500,0.0,0.3053744689084372,-0.04869923461738087,0.1984636267936487,0.20428697479681368,-0.034581199470290994,0.16516784793879324,0.1686952589855681,0.020445830168911557,0.15053033604122687,0.1518627926296241,-0.00301682430306717,0.11428571006941432,0.11428743269754156
fixed_total,wide_1.5_5.0,"[1.5, 5.0]",1.5,5.0,12000,20,3.5,1500,1500,0.0,0.29713235676147765,-0.06393285871502312,0.1862797668475381,0.19688684193183256,-0.049686866511361394,0.15605619444941893,0.16372563891828917,0.03859194122756216,0.1457461747014975,0.15072200924064685,0.002490071210460209,0.10727809280468815,0.10727123219972463
fixed_total,wide_1.5_5.0,"[1.5, 5.0]",1.5,5.0,12000,20,3.75,1500,1500,0.0,0.29527540196943425,-0.09256648816943099,0.16994942833086693,0.19347379077422838,-0.05971433100303949,0.1513053195837036,0.16261561690577064,0.04979325388420556,0.14438194391309883,0.15268142136493473,-0.003468158769757178,0.10138935243690304,0.10141486928602596
fixed_total,wide_1.5_5.0,"[1.5, 5.0]",1.5,5.0,12000,20,4.0,1500,1500,0.0,0.28892804388745635,-0.11192058567341084,0.1507199335059403,0.1876900943610957,-0.07110267280783537,0.14341153069871182,0.16002732883169496,0.059850085108945184,0.13810785718516175,0.1504762341712056,-0.008294578384092154,0.09562048801498654,0.0959478099818258
fixed_total,wide_1.5_5.0,"[1.5, 5.0]",1.5,5.0,12000,20,4.25,1500,1500,0.0,0.30511882416219666,-0.13777435650943332,0.13935781039844217,0.19593219634461276,-0.08790222781068865,0.14460129225085508,0.16918154652784187,0.07862162590617955,0.14112970610036962,0.16151060524976463,-0.005434313898986812,0.08797919114103182,0.08811758970830047
fixed_total,wide_1.5_5.0,"[1.5, 5.0]",1.5,5.0,12000,20,4.5,1500,1500,0.0,0.3105902215438267,-0.15726034974834915,0.12336490437985805,0.19984887115652214,-0.09803317335353127,0.13949858674630072,0.17046227015044285,0.08981893306199591,0.13933711406431948,0.16573873678553433,-0.0060678896835239665,0.08475271030437652,0.08494146518561882
fixed_total,wide_1.5_5.0,"[1.5, 5.0]",1.5,5.0,12000,20,4.75,1500,1500,0.0,0.327937106030017,-0.18616964719887527,0.11321912253728142,0.21787418739521872,-0.11122373931386081,0.13792916147729672,0.17715103952201536,0.09990448571109647,0.13683080314173418,0.16938445375678693,-0.014750663016907741,0.07889111525523743,0.08023241813803227
fixed_total,wide_1.5_5.0,"[1.5, 5.0]",1.5,5.0,12000,20,5.0,1500,1500,0.0,0.35072091852345477,-0.2075264964997048,0.10643410406625249,0.23321216330233635,-0.1264554681023223,0.14022432447190172,0.1887875472918246,0.11601973900870767,0.13974602329351954,0.18159435994908352,-0.013845324199103743,0.0769320571650468,0.07814274584082997
fixed_total,wide_1.5_5.0,"[1.5, 5.0]",1.5,5.0,12000,20,5.25,1500,1500,0.0,0.36564025188335997,-0.2287420022205052,0.09555025238193242,0.2478843838222632,-0.1365723357208408,0.1378084287607935,0.19398583748925177,0.12636075436835253,0.13660534888625178,0.18605273689999152,-0.016999374139271238,0.0705081328597643,0.07250559465285548
fixed_total,wide_1.5_5.0,"[1.5, 5.0]",1.5,5.0,12000,20,5.5,1500,1500,0.0,0.3849658885729741,-0.25148107008626275,0.08571215918877681,0.2656772574541878,-0.1446601472393247,0.13833664973963353,0.2001270317607836,0.13390404641742829,0.14016527845695165,0.19381305785477657,-0.021230712060546875,0.06963948238538842,0.07278164285379982
fixed_total,wide_1.5_5.0,"[1.5, 5.0]",1.5,5.0,12000,20,5.75,1500,1500,0.0,0.4090319313844099,-0.27446858688135306,0.08214193470887397,0.28648875095555143,-0.15723730808743475,0.14010834543585388,0.21057263026419548,0.144196868999561,0.14181380136821253,0.20221395563018657,-0.02605058095154073,0.06943769324395278,0.07414183444897153
